case,vin,v(c1),v(tail),v(vn),v(c2),v(in),v(vp),i(vp),i(vin),ic(q2),ib(q2),i(rt),i(rc2),i(vn),ic(q1),ib(q1),i(rc1)
1,-0.2,11.99547248895875,-0.6725062741032068,-12.0,2.558920801616438,-0.2,12.0,-0.002009703555196769,-5.712134396585556e-09,0.002008740254975216,1.305746943612763e-05,0.002022766736767284,0.002008740254975226,0.002022766736767285,9.63300221542651e-07,5.712134396585579e-09,9.633002215421136e-07
1,-0.198,11.99510882219399,-0.6725051900116207,-12.0,2.559283147876954,-0.198,12.0,-0.002009703836155107,-6.172037497137561e-09,0.002008663160026174,1.305692216246028e-05,0.002022766930355068,0.00200866316002618,0.002022766930355073,1.040676128939679e-06,6.172037497137546e-09,1.040676128939173e-06
1,-0.196,11.99471596313501,-0.6725040188552226,-12.0,2.559674580472233,-0.196,12.0,-0.002009704139658035,-6.668869876904092e-09,0.002008579876495265,1.30563309622537e-05,0.002022767139490139,0.00200857987649527,0.002022767139490161,1.124263162765891e-06,6.668869876904087e-09,1.124263162764353e-06
1,-0.194,11.99429157165635,-0.6725027536474316,-12.0,2.560097431037406,-0.194,12.0,-0.002009704467511981,-7.2055931501733e-09,0.002008489908289926,1.305569231499991e-05,0.002022767365420101,0.002008489908289914,0.002022767365420127,1.214559222055342e-06,7.205593150173301e-09,1.214559222052562e-06
1,-0.192,11.99383312057703,-0.6725013868422443,-12.0,2.560554217584297,-0.192,12.0,-0.002009704821667813,-7.785405815933658e-09,0.002008392719662914,1.305500241885737e-05,0.002022767609492456,0.002008392719662916,0.002022767609492486,1.31210200489085e-06,7.785405815933656e-09,1.312102004887306e-06
1,-0.19,11.99333788079772,-0.6724999102892715,-12.0,2.561047659311129,-0.19,12.0,-0.002009705204232182,-8.411762100301027e-09,0.002008287732061475,1.305425716838406e-05,0.00202276787316263,0.002008287732061462,0.002022767873162665,1.417472170702084e-06,8.411762100301029e-09,1.417472170698343e-06
1,-0.188,11.99280290527195,-0.6724983151856129,-12.0,2.561580692572676,-0.188,12.0,-0.002009705617479908,-9.088392280170597e-09,0.002008174320729252,1.305345213043884e-05,0.002022768158002569,0.002008174320729218,0.00202276815800261,1.531296750653921e-06,9.0883922801706e-09,1.531296750648741e-06
1,-0.186,11.99222501172227,-0.6724965920238398,-12.0,2.562156488101721,-0.186,12.0,-0.002009706063867273,-9.819324601573887e-09,0.00200805181104221,1.305258251820728e-05,0.002022768465710029,0.002008051811042187,0.002022768465710076,1.654252825056282e-06,9.819324601573838e-09,1.65425282504956e-06
1,-0.184,11.99160076400606,-0.6724947305358674,-12.0,2.562778469575647,-0.184,12.0,-0.002009706546046448,-1.060890891460213e-08,0.002007919474558364,1.30516431632769e-05,0.002022768798118595,0.002007919474558373,0.00202276879811865,1.787071488081219e-06,1.060890891460214e-08,1.787071488073047e-06
1,-0.182,11.99092645202895,-0.6724927196324019,-12.0,2.563450333630243,-0.182,12.0,-0.002009707066881032,-1.146184215508851e-08,0.002007776524759529,1.305062848536902e-05,0.002022769157208499,0.002007776524759523,0.002022769157208564,1.93054212150961e-06,1.146184215508851e-08,1.930542121499381e-06
1,-0.18,11.99019807009654,-0.6724905473376132,-12.0,2.564176071429557,-0.18,12.0,-0.002009707629462576,-1.23831958130211e-08,0.002007622112461836,1.304953245997168e-05,0.002022769545118283,0.002007622112461797,0.002022769545118358,2.08551700074877e-06,1.238319581302109e-08,2.085517000735879e-06
1,-0.178,11.98941129358763,-0.6724882007186758,-12.0,2.564959991907529,-0.178,12.0,-0.002009708237128725,-1.337844553672546e-08,0.002007455320870751,1.304834858320428e-05,0.00202276996415738,0.002007455320870738,0.002022769964157467,2.252916257968141e-06,1.337844553672539e-08,2.252916257951956e-06
1,-0.176,11.98856145382431,-0.6724856658097709,-12.0,2.565806746807993,-0.176,12.0,-0.002009708893482539,-1.445350303292036e-08,0.002007275160253645,1.304706983422144e-05,0.002022770416819684,0.002007275160253618,0.002022770416819785,2.433733228890433e-06,1.445350303292033e-08,2.433733228869755e-06
1,-0.174,11.98764351100583,-0.6724829275301406,-12.0,2.566721357651744,-0.174,12.0,-0.002009709602413326,-1.561475043304999e-08,0.002007080562201777,1.304568863454402e-05,0.002022770905798189,0.002007080562201757,0.002022770905798308,2.629040211551543e-06,1.561475043304993e-08,2.629040211524793e-06
1,-0.172,11.98665202506429,-0.6724799695957295,-12.0,2.567709244775642,-0.172,12.0,-0.002009710368119251,-1.686907730803646e-08,0.002006870373452042,1.304419680435334e-05,0.002022771434000763,0.002006870373451991,0.002022771434000901,2.839994667205785e-06,1.686907730803651e-08,2.839994667173178e-06
1,-0.17,11.98558112429138,-0.6724767744239378,-12.0,2.568776258591726,-0.17,12.0,-0.002009711195131303,-1.82239205253611e-08,0.002006643349235809,1.304258551548489e-05,0.002022772004567154,0.002006643349235803,0.002022772004567316,3.067845895493761e-06,1.822392052536111e-08,3.067845895452078e-06
1,-0.168,11.98442447157558,-0.672473323030954,-12.0,2.569928713228791,-0.168,12.0,-0.002009712088339567,-1.968730715512487e-08,0.002006398146121561,1.304084524078001e-05,0.00202277262088733,0.002006398146121534,0.002022772620887518,3.313942218015088e-06,1.968730715512488e-08,3.313942217962624e-06
1,-0.166,11.98317522807958,-0.6724695949211293,-12.0,2.571173422721841,-0.166,12.0,-0.0020097130530211,-2.126790064443119e-08,0.00200613331431456,1.303896569970292e-05,0.002022773286621227,0.002006133314314502,0.002022773286621447,3.579738706538035e-06,2.126790064443117e-08,3.5797387064721e-06
1,-0.164,11.98182601417748,-0.6724655679677825,-12.0,2.572517739934142,-0.164,12.0,-0.002009714094869971,-2.297505049315621e-08,0.002005847289375732,1.303693579984079e-05,0.002022774005720039,0.002005847289375715,0.002022774005720296,3.86680549423764e-06,2.297505049315619e-08,3.866805494154243e-06
1,-0.162,11.98036886746086,-0.6724612182848079,-12.0,2.573969598399685,-0.162,12.0,-0.002009715220029813,-2.481884567797068e-08,0.002005538383319236,1.303474357396063e-05,0.002022774782449142,0.002005538383319216,0.00202277478244944,4.176836710560569e-06,2.481884567797065e-08,4.176836710455899e-06
1,-0.16,11.97879519761258,-0.6724565200884177,-12.0,2.575537557284377,-0.16,12.0,-0.002009716435128443,-2.681017208543829e-08,0.002005204775045877,1.303237611259507e-05,0.002022775621412782,0.002005204775045877,0.002022775621413132,4.511660082560196e-06,2.681017208543826e-08,4.51166008242895e-06
1,-0.158,11.97709573793608,-0.6724514455482866,-12.0,2.577230849682195,-0.158,12.0,-0.00200971774731542,-2.896077422996275e-08,0.002004844500067594,1.30298194914162e-05,0.002022776527580663,0.002004844500067618,0.00202277652758107,4.873247247808499e-06,2.896077422996263e-08,4.873247247642444e-06
1,-0.156,11.97526049331762,-0.6724459646273392,-12.0,2.579059434464142,-0.156,12.0,-0.002009719164301942,-3.128332154634072e-08,0.002004455439475696,1.302705869352989e-05,0.002022777506316546,0.002004455439475715,0.002022777506317021,5.263724826246525e-06,3.128332154634067e-08,5.26372482603752e-06
1,-0.154,11.97327868438862,-0.6724400449093679,-12.0,2.581034051913548,-0.154,12.0,-0.002009720694404027,-3.379147956151779e-08,0.00200403530810347,1.302407752600346e-05,0.002022778563409041,0.002004035308103501,0.002022778563409595,5.685386300557086e-06,3.379147956151784e-08,5.685386300293788e-06
1,-0.152,11.97113868764464,-0.6724336514136141,-12.0,2.583166283390113,-0.152,12.0,-0.002009722346588639,-3.649998626440332e-08,0.002003581641831839,1.302085853047006e-05,0.002022779705104712,0.002003581641831891,0.002022779705105357,6.140704756790303e-06,3.649998626440339e-08,6.140704756459632e-06
1,-0.15,11.96882797126864,-0.6724267463954006,-12.0,2.585468615274465,-0.15,12.0,-0.002009724130523076,-3.94247340063737e-08,0.002003091783984068,1.301738288734904e-05,0.002022780938143679,0.002003091783984156,0.002022780938144431,6.632346539004768e-06,3.942473400637354e-08,6.632346538588023e-06
1,-0.148,11.96633302639677,-0.6724192891318534,-12.0,2.587954507452622,-0.148,12.0,-0.002009726056628156,-4.258285727797213e-08,0.002002562870754597,1.301363031333183e-05,0.002022782269797883,0.002002562870754761,0.00202278226979876,7.16318587355194e-06,4.258285727797227e-08,7.163185873028087e-06
1,-0.146,11.96363929355789,-0.672411235691687,-12.0,2.590638466611267,-0.146,12.0,-0.002009728136134659,-4.5992826719854e-08,0.002001991815614405,1.300957895183913e-05,0.002022783707912199,0.002001991815614624,0.002022783707913221,7.736320520257908e-06,4.599282671985411e-08,7.736320519598694e-06
1,-0.144,11.9607310840112,-0.6724025386879912,-12.0,2.593536124613649,-0.144,12.0,-0.002009730381144163,-4.967454973577674e-08,0.002001375292635067,1.300520525585779e-05,0.002022785260948573,0.002001375292635394,0.002022785260949764,8.355088509084338e-06,4.96745497357769e-08,8.355088508255933e-06
1,-0.142,11.95759149570257,-0.6723931470128867,-12.0,2.59666432223986,-0.142,12.0,-0.002009732804693719,-5.364947808461361e-08,0.002000709718671938,1.300048386300911e-05,0.002022786938033413,0.00200070971867237,0.002022786938034801,9.02308602177247e-06,5.364947808461342e-08,9.023086020730268e-06
1,-0.14,11.95420232355768,-0.6723830055528826,-12.0,2.600041198568078,-0.14,12.0,-0.002009735420824969,-5.794072283407629e-08,0.001999991234346579,1.29953874622111e-05,0.002022788749008414,0.001999991234347217,0.002022788749010032,9.744186478398036e-06,5.794072283407633e-08,9.744186477088847e-06
1,-0.138,11.95054396383145,-0.6723720548837018,-12.0,2.603686286279157,-0.138,12.0,-0.002009738244658122,-6.257317706155884e-08,0.001999215683769548,1.298988665175205e-05,0.002022790704485053,0.001999215683770392,0.002022790704486938,1.052256088857018e-05,6.25731770615588e-08,1.05225608869248e-05
1,-0.136,11.94659531223738,-0.6723602309433097,-12.0,2.607620613157593,-0.136,12.0,-0.002009741292470116,-6.75736466864655e-08,0.001998378592944081,1.29839497883698e-05,0.00202279281590298,0.001998378592945193,0.002022792815905176,1.136269952602944e-05,6.757364668646526e-08,1.136269952396222e-05
1,-0.134,11.94233365558969,-0.6723474646818253,-12.0,2.611866810056796,-0.134,12.0,-0.002009744581778496,-7.297098981214621e-08,0.001997475146794973,1.297754282679378e-05,0.002022795095592531,0.001997475146796426,0.002022795095595089,1.226943498351423e-05,7.297098981214629e-08,1.226943498091802e-05
1,-0.132,11.93773455670519,-0.67233368168696,-12.0,2.616449225580141,-0.132,12.0,-0.002009748131429965,-7.879626494342996e-08,0.001996500164768237,1.297062914968803e-05,0.002022797556841614,0.001996500164770183,0.002022797556844593,1.324796666172876e-05,7.879626494342973e-08,1.324796665847035e-05
1,-0.13,11.93277173233233,-0.6723188017836037,-12.0,2.621394047709941,-0.13,12.0,-0.002009751961694676,-8.508288842675926e-08,0.00199544807495279,1.296316938758588e-05,0.002022800213967214,0.001995448074955332,0.002022800213970682,1.430388674189026e-05,8.508288842675935e-08,1.430388673780125e-05
1,-0.128,11.92741692390289,-0.6723027386061526,-12.0,2.626729432586018,-0.128,12.0,-0.002009756094365828,-9.186680143183684e-08,0.001994312886680467,1.295512122852693e-05,0.002022803082391758,0.001994312886683826,0.002022803082395796,1.544320768536529e-05,9.186680143183696e-08,1.544320768023707e-05
1,-0.126,11.92163976093863,-0.6722853991421546,-12.0,2.632485640604699,-0.126,12.0,-0.002009760552865216,-9.918664675532886e-08,0.001993088161569124,1.294643921734371e-05,0.002022806178724615,0.001993088161573468,0.002022806178729315,1.667239129608315e-05,9.918664675532923e-08,1.667239128965239e-05
1,-0.124,11.91540761699249,-0.67226668324587,-12.0,2.63869517995397,-0.124,12.0,-0.00200976536235427,-1.070839556783206e-07,0.001991766982982911,1.293707454447289e-05,0.002022809520848952,0.001991766982988517,0.002022809520854421,1.79983793713595e-05,1.070839556783206e-07,1.799837936330055e-05
1,-0.122,11.90868545806273,-0.6722464831203462,-12.0,2.645392957649818,-0.122,12.0,-0.002009770549851275,-1.156033450433168e-07,0.001990341923897076,1.292697482428202e-05,0.002022813128014224,0.001990341923904294,0.002022813128020586,1.942862595419455e-05,1.156033450433172e-07,1.942862594410016e-05
1,-0.12,11.90143568349211,-0.6722246827666599,-12.0,2.652616438058772,-0.12,12.0,-0.002009776144354214,-1.247927246389144e-07,0.001988805013169679,1.291608386307823e-05,0.002022817020934525,0.001988805013178985,0.002022817020941925,2.09711311845303e-05,1.247927246389143e-07,2.097113117189182e-05
1,-0.118,11.89361795945271,-0.6722011573990392,-12.0,2.660405808808036,-0.118,12.0,-0.002009782176969699,-1.347035148772578e-07,0.001987147700241699,1.290434141705435e-05,0.002022821221893029,0.001987147700253609,0.002022821221901634,2.263447672800272e-05,1.34703514877258e-07,2.263447671218973e-05
1,-0.116,11.88518904522506,-0.672175772824673,-12.0,2.668804153873907,-0.116,12.0,-0.00200978868104732,-1.453908746329587e-07,0.001985360818309471,1.289168294077968e-05,0.002022825754852737,0.001985360818324701,0.002022825754862739,2.442786273784646e-05,1.453908746329586e-07,2.44278627180724e-05
1,-0.114,11.87610261260805,-0.6721483847871411,-12.0,2.677857633514634,-0.114,12.0,-0.002009795692319632,-1.569139389622112e-07,0.001983434546041314,1.287803932676192e-05,0.002022830645573725,0.001983434546060716,0.002022830645585348,2.636114627831548e-05,1.569139389622113e-07,2.636114625360544e-05
1,-0.112,11.86630905894839,-0.6721188382725697,-12.0,2.687615670558841,-0.112,12.0,-0.002009803249047247,-1.693360662502066e-07,0.001981358367941569,1.28633366370584e-05,0.002022835921737041,0.001981358367966204,0.002022835921750543,2.844488110566683e-05,1.693360662502063e-07,2.844488107481056e-05
1,-0.11,11.85575531445634,-0.6720869667778216,-12.0,2.698131142385108,-0.11,12.0,-0.002009811392168669,-1.827250941251249e-07,0.001979121033503845,1.284749582827668e-05,0.002022841613075389,0.001979121033535083,0.002022841613091067,3.069035866481408e-05,1.827250941251247e-07,3.06903586263117e-05
1,-0.108,11.84438464468253,-0.6720525915402994,-12.0,2.709460577722524,-0.108,12.0,-0.002009820165454218,-1.971536032419889e-07,0.00197671051533866,1.283043247139444e-05,0.00202284775151066,0.001976710515378186,0.002022847751528859,3.310965011555048e-05,1.971536032419888e-07,3.310965006754732e-05
1,-0.106,11.83213644927088,-0.6720155207292562,-12.0,2.721664357158176,-0.106,12.0,-0.002009829615663285,-2.126991877513931e-07,0.001974113966512185,1.281205646841405e-05,0.002022854371298347,0.00197411396656209,0.002022854371319461,3.571564915109617e-05,2.12699187751393e-07,3.571564909130132e-05
1,-0.104,11.81894605837874,-0.6719755485989013,-12.0,2.734806915966942,-0.104,12.0,-0.002009839792704013,-2.294447309454026e-07,0.001971317677391027,1.279227176831924e-05,0.002022861509178768,0.001971317677453842,0.002022861509203253,3.852211531297672e-05,2.294447309454041e-07,3.85221152385651e-05
1,-0.102,11.80474452847026,-0.6719324546040477,-12.0,2.748956947561283,-0.102,12.0,-0.00200985074979407,-2.474786842046579e-07,0.001968307032354819,1.277097608509535e-05,0.002022869204534991,0.00196830703243377,0.002022869204563373,4.154371743925822e-05,2.474786842046575e-07,4.154371734675227e-05
1,-0.1,11.78945843954562,-0.6718860024795891,-12.0,2.764187605506606,-0.1,12.0,-0.002009862543621741,-2.668953469353318e-07,0.00196506646681444,1.274806062141726e-05,0.002022877499557216,0.001965066466913488,0.002022877499590095,4.479607680729412e-05,2.668953469353325e-07,4.479607669242144e-05
1,-0.098,11.7730096962692,-0.671835939285731,-12.0,2.780576701646197,-0.098,12.0,-0.002009875234504572,-2.877951447159309e-07,0.001961579425057673,1.272340980204269e-05,0.002022886439413262,0.00196157942518166,0.002022886439451329,4.829580944690362e-05,2.877951447159311e-07,4.829580930442655e-05
1,-0.096,11.75531533590658,-0.6717819944216353,-12.0,2.79820689743471,-0.096,12.0,-0.002009888886544745,-3.102849023207725e-07,0.001957828319539869,1.269690102169636e-05,0.002022896072424708,0.001957828319694742,0.002022896072468754,5.206056700487628e-05,3.10284902320773e-07,5.206056682838717e-05
1,-0.09400000000000001,11.73628734647391,-0.6717238786109698,-12.0,2.817165885087206,-0.09400000000000001,12.0,-0.002009903567778186,-3.344781076960069e-07,0.001953794492341541,1.266840441310253e-05,0.002022906450248041,0.001953794492534637,0.002022906450298971,5.610907543663621e-05,3.344781076960072e-07,5.610907521831704e-05
1,-0.09200000000000001,11.71583249904411,-0.6716612828638073,-12.0,2.837546554613283,-0.09200000000000001,12.0,-0.002009919350315138,-3.604951622964223e-07,0.001949458179629329,1.263778264144381e-05,0.002022917628060034,0.001949458179869514,0.002022917628118882,6.046117068581249e-05,3.604951622964228e-07,6.046117041614722e-05
1,-0.09000000000000001,11.69385219717764,-0.6715938770399099,-12.0,2.859447143617103,-0.09000000000000001,12.0,-0.00200993631046921,-3.884636124581876e-07,0.001944798480081481,1.260489073263244e-05,0.002022929664814302,0.001944798480081467,0.002022929664814302,6.513783038773696e-05,3.884636124581892e-07,6.51378303877367e-05
1,-0.08800000000000001,11.67024235765416,-0.671521310244535,-12.0,2.88297135665033,-0.08800000000000001,12.0,-0.002009954528871377,-4.185183557084854e-07,0.001939793328372266,1.256957594352961e-05,0.002022942623170619,0.00193979332837227,0.002022942623170619,7.016120049911446e-05,4.185183557084864e-07,7.016120049911516e-05
1,-0.08600000000000001,11.64489330661094,-0.6714432076412623,-12.0,2.908228467731078,-0.08600000000000001,12.0,-0.002009974090565527,-4.508018150521785e-07,0.001934419474950831,1.253167768348505e-05,0.00202295657006406,0.001934419474950834,0.00202295657006406,7.555461561469278e-05,4.508018150521784e-07,7.555461561469345e-05
1,-0.084,11.61768972555346,-0.6713591707494353,-12.0,2.935333374564891,-0.084,12.0,-0.002009995085081207,-4.854640734119885e-07,0.001928652473496838,1.249102749727513e-05,0.002022971576651887,0.001928652473496832,0.002022971576651887,8.134261158437077e-05,4.854640734119903e-07,8.134261158437033e-05
1,-0.082,11.58851063420054,-0.6712687760665469,-12.0,2.964406615346547,-0.082,12.0,-0.002010017606479356,-5.226629594371763e-07,0.001922466677585859,1.244744912074825e-05,0.002022987718559545,0.001922466677585841,0.002022987718559545,8.755092889350334e-05,5.226629594371775e-07,8.755092889350317e-05
1,-0.08000000000000002,11.5572294259428,-0.671171574049814,-12.0,2.995574333236732,-0.08000000000000002,12.0,-0.002010041753366076,-5.625640749840484e-07,0.001915835248247516,1.240075862147437e-05,0.002023005076062533,0.001915835248247504,0.002023005076062533,9.420650511855365e-05,5.625640749840476e-07,9.420650511855308e-05
1,-0.07800000000000001,11.52371396326675,-0.6710670881417543,-12.0,3.028968181046906,-0.07800000000000001,12.0,-0.002010067628869429,-6.053407536065156e-07,0.001908730174245334,1.235076463736135e-05,0.002023023734260401,0.001908730174245339,0.002023023734260401,0.0001013374546240967,6.053407536065195e-07,0.0001013374546240967
1,-0.07600000000000001,11.48782674240442,-0.6709548138559136,-12.0,3.064725156896742,-0.07600000000000001,12.0,-0.002010095340574204,-6.511739384857535e-07,0.001901122307043228,1.229726872732927e-05,0.002023043783240015,0.001901122307043246,0.002023043783240016,0.0001089730335309747,6.511739384857504e-07,0.0001089730335309755
1,-0.07400000000000001,11.44942513703118,-0.6708342179406938,-12.0,3.10298736104707,-0.07400000000000001,12.0,-0.002010125000408884,-7.002519673816155e-07,0.001892981412543176,1.224006584860245e-05,0.002023065318224876,0.001892981412543176,0.002023065318224876,0.0001171435878657067,7.00251967381611e-07,0.000117143587865707
1,-0.07200000000000001,11.40836173128187,-0.6707047376410418,-12.0,3.143901663663257,-0.07200000000000001,12.0,-0.002010156724479785,-7.527702514345884e-07,0.001884276241773794,1.217894497574539e-05,0.002023088439706957,0.001884276241773775,0.002023088439706957,0.0001258804827059865,7.527702514345834e-07,0.0001258804827059848
1,-0.07,11.36448475264646,-0.6705657800794653,-12.0,3.187619272973279,-0.07,12.0,-0.002010190632846856,-8.089308340528583e-07,0.001874974622771637,1.211368987632079e-05,0.002023113253557238,0.001874974622771643,0.002023113253557239,0.0001352160100752202,8.089308340528589e-07,0.0001352160100752213
1,-0.068,11.31763861539165,-0.6704167217794622,-12.0,3.23429519319518,-0.068,12.0,-0.002010226849236837,-8.689418157431845e-07,0.001865043575915911,1.204408005823018e-05,0.00202313987111081,0.001865043575915919,0.00202313987111081,0.0001451832733209218,8.689418157431842e-07,0.0001451832733209249
1,-0.066,11.26766458498258,-0.670256908355831,-12.0,3.284087561781604,-0.066,12.0,-0.002010265500688471,-9.330166306121749e-07,0.001854449454940079,1.196989190309356e-05,0.002023168409222173,0.001854449454940084,0.002023168409222173,0.0001558160457483869,9.330166306121733e-07,0.0001558160457483881
1,-0.064,11.21440157349173,-0.6700856543974621,-12.0,3.337156856009557,-0.064,12.0,-0.002010306717127373,-1.001373160500562e-06,0.001843158115742639,1.189089999829705e-05,0.002023198990286167,0.001843158115742648,0.002023198990286168,0.0001671486013847386,1.001373160500563e-06,0.0001671486013847377
1,-0.062,11.15768707512337,-0.6699022435689593,-12.0,3.393664959799565,-0.062,12.0,-0.002010350630867453,-1.074232673345218e-06,0.00183113511493625,1.180687867904083e-05,0.002023231742219829,0.001831135114936263,0.002023231742219829,0.0001792155159311983,1.074232673345221e-06,0.0001792155159311979
1,-0.06,11.0973582496924,-0.6697059289577516,-12.0,3.453774082928533,-0.06,12.0,-0.002010397376038113,-1.151818573477906e-06,0.001818345939802442,1.171760378882277e-05,0.002023266798400401,0.00181834593980244,0.002023266798400401,0.0001920514362356609,1.151818573477901e-06,0.0001920514362356592
1,-0.058,11.03325316012471,-0.669495933693099,-12.0,3.517645526566668,-0.058,12.0,-0.002010447087938006,-1.234354953253649e-06,0.001804756270943266,1.162285466354732e-05,0.002023304297554804,0.001804756270943262,0.002023304297554804,0.0002056908169947433,1.234354953253644e-06,0.0002056908169947421
1,-0.05599999999999999,10.96521216774511,-0.6692714518625104,-12.0,3.585438291360049,-0.05599999999999999,12.0,-0.002010499902318043,-1.322064937706641e-06,0.001790332278434033,1.152241634022453e-05,0.00202334438359598,0.001790332278434032,0.00202334438359598,0.0002201676238840163,1.322064937706639e-06,0.0002201676238840189
1,-0.05400000000000002,10.89307948625472,-0.6690316497494874,-12.0,3.657307527131394,-0.05400000000000002,12.0,-0.002010555954598685,-1.415168816923048e-06,0.001775040951674163,1.141608198625919e-05,0.002023387205401878,0.001775040951674171,0.002023387205401878,0.0002355150029245259,1.415168816923046e-06,0.0002355150029245269
1,-0.05200000000000002,10.81670489185763,-0.6687756674140956,-12.0,3.733402826705117,-0.05200000000000002,12.0,-0.002010615379029194,-1.513881964507196e-06,0.001758850462403155,1.130365553948749e-05,0.002023432916533197,0.001758850462403167,0.002023432916533197,0.0002517649166260356,1.513881964507195e-06,0.0002517649166260363
1,-0.05000000000000002,10.73594558298118,-0.6685026206346132,-12.0,3.813866370361609,-0.05000000000000002,12.0,-0.002010678307799408,-1.618412545040807e-06,0.001741730559497534,1.11849545422268e-05,0.002023481674886676,0.00174173055949753,0.002023481674886676,0.0002689477483018761,1.61841254504081e-06,0.0002689477483018772
1,-0.04800000000000001,10.65066817847902,-0.6682116032243929,-12.0,3.898830931970195,-0.04800000000000001,12.0,-0.002010744870117208,-1.728959018540893e-06,0.001723652993197838,1.105981314561037e-05,0.002023533642281358,0.001723652993197831,0.002023533642281358,0.0002870918769193612,1.728959018540885e-06,0.0002870918769193568
1,-0.04600000000000001,10.56075083817799,-0.6679016897330821,-12.0,3.988417762862014,-0.04600000000000001,12.0,-0.002010815191268089,-1.84570745591706e-06,0.001704591965348517,1.092808525223767e-05,0.002023588983976235,0.001704591965348508,0.002023588983976236,0.000306223225919575,1.845707455917057e-06,0.0003062232259195759
1,-0.04400000000000001,10.46608548422933,-0.6675719385355402,-12.0,4.082734374894159,-0.04400000000000001,12.0,-0.002010889391675864,-1.968828685824752e-06,0.001684524601086346,1.078964775697017e-05,0.002023647868118654,0.001684524601086349,0.002023647868118654,0.0003263647905895076,1.968828685824746e-06,0.000326364790589505
1,-0.04200000000000001,10.36658009609032,-0.667221395305264,-12.0,4.181872249776376,-0.04200000000000001,12.0,-0.002010967585985808,-2.098475300440738e-06,0.001663431436217789,1.064440383781169e-05,0.00202371046512406,0.001663431436217792,0.00202371046512406,0.0003475361497680153,2.098475300440728e-06,0.0003475361497680165
1,-0.04000000000000001,10.26216104627372,-0.6668490968619808,-12.0,4.285904507413647,-0.04000000000000001,12.0,-0.002011049882194174,-2.234778554841766e-06,0.001641296913316245,1.049228623991184e-05,0.002023776946988932,0.001641296913316245,0.002023776946988932,0.000369752968877935,2.234778554841764e-06,0.0003697529688779312
1,-0.03800000000000001,10.15277543846714,-0.6664540753755055,-12.0,4.394883571545734,-0.03800000000000001,12.0,-0.002011136380848328,-2.377845202292357e-06,0.001618109878394524,1.033326048947793e-05,0.002023847486540088,0.001618109878394525,0.002023847486540089,0.0003930265024537979,2.377845202292358e-06,0.0003930265024537993
1,-0.036,10.03839340448887,-0.6660353629001675,-12.0,4.508838876096604,-0.036,12.0,-0.00201122717434352,-2.527754314755591e-06,0.001593864068915618,1.016732796670376e-05,0.00202392225662497,0.001593864068915616,0.00202392225662497,0.0004173631054278988,2.527754314755574e-06,0.0004173631054278992
1,-0.034,9.919010312069119,-0.6655919962063424,-12.0,4.62777466012983,-0.034,12.0,-0.002011322346340631,-2.684554145041411e-06,0.00156855858295109,9.994528763183398e-06,0.002024001429248867,0.0015685585829511,0.002024001429248868,0.0004427637633895435,2.684554145041408e-06,0.0004427637633895491
1,-0.032,9.7946488318998,-0.665123021868135,-12.0,4.751667902856752,-0.032,12.0,-0.002011421971328396,-2.848259092800445e-06,0.001542198318541111,9.814944245209797e-06,0.002024085174666404,0.001542198318541116,0.002024085174666405,0.0004692236527872777,2.848259092800448e-06,0.0004692236527872768
1,-0.03,9.665360810047071,-0.6646275015593416,-12.0,4.880466452508415,-0.03,12.0,-0.002011526114349897,-3.018846841731333e-06,0.001514794371806717,9.62869924420019e-06,0.002024173660435832,0.00151479437180672,0.002024173660435833,0.0004967317425431741,3.018846841731332e-06,0.0004967317425431764
1,-0.028,9.531228890915061,-0.6641045175036802,-12.0,5.014087403806542,-0.028,12.0,-0.002011634830910295,-3.196255738680583e-06,0.001486364382168814,9.435963796803698e-06,0.002024267050445771,0.001486364382168821,0.002024267050445772,0.0005252704487414762,3.196255738680586e-06,0.0005252704487414763
1,-0.026,9.39236783669197,-0.6635531780202198,-12.0,5.15241577805304,-0.026,12.0,-0.002011748167075531,-3.380382487330965e-06,0.001456932813180206,9.23695436209489e-06,0.002024365503924961,0.001456932813180204,0.002024365503924961,0.0005548153538953259,3.380382487330963e-06,0.0005548153538953256
1,-0.02400000000000002,9.248925491756685,-0.6629726231011,-12.0,5.295303557337121,-0.02400000000000002,12.0,-0.002011866159767266,-3.571080228707734e-06,0.001426531158013374,9.031934450254428e-06,0.002024469174446232,0.001426531158013378,0.002024469174446233,0.0005853350017538962,3.571080228707734e-06,0.0005853350017538968
1,-0.02200000000000002,9.101083344956846,-0.662362029956166,-12.0,5.442569119966805,-0.02200000000000002,12.0,-0.002011988837250298,-3.768157078475222e-06,0.001395198059581532,8.821214607631907e-06,0.002024578208936399,0.001395198059581531,0.0020245782089364,0.0006167907776687586,3.768157078475208e-06,0.0006167907776687561
1,-0.02000000000000002,8.949056648991448,-0.6617206184581589,-12.0,5.593997117937988,-0.02000000000000002,12.0,-0.002012116219802269,-3.971375186056291e-06,0.001362979336608942,8.60515171558564e-06,0.0020246927467039,0.001362979336608939,0.002024692746703901,0.0006491368831933152,3.971375186056302e-06,0.000649136883193309
1,-0.01800000000000002,8.79309406426274,-0.661047656422527,-12.0,5.749338829168636,-0.01800000000000002,12.0,-0.00201224832054651,-4.180450373509117e-06,0.001329927908687516,8.384147575959516e-06,0.002024812918495977,0.001329927908687524,0.002024812918495978,0.0006823204118589889,4.18045037350912e-06,0.0006823204118589913
1,-0.01600000000000001,8.633476804323791,-0.6603424646577749,-12.0,5.90831300749457,-0.01600000000000001,12.0,-0.002012385146421642,-4.395052402350793e-06,0.001296103615426693,8.15864677283616e-06,0.002024938845596826,0.001296103615426687,0.002024938845596827,0.0007162815309949417,4.395052402350797e-06,0.0007162815309949379
1,-0.01400000000000001,8.470517271185255,-0.6596044217253688,-12.0,6.070607242320705,-0.01400000000000001,12.0,-0.00201252669925406,-4.614805904988975e-06,0.001261572927165809,7.929133818564111e-06,0.002025070638977612,0.001261572927165808,0.002025070638977614,0.0007509537720882477,4.614805904988977e-06,0.0007509537720882437
1,-0.01200000000000001,8.304557180920416,-0.6588329683523861,-12.0,6.235879827676712,-0.01200000000000001,12.0,-0.00201267297689422,-4.839292003337689e-06,0.001226408547302826,7.696129610941787e-06,0.002025208398508503,0.001226408547302827,0.002025208398508504,0.0007862644295914032,4.839292003337687e-06,0.0007862644295914009
1,-0.01000000000000001,8.135965192818283,-0.6580276114451599,-12.0,6.403762127631097,-0.01000000000000001,12.0,-0.002012823974372477,-5.068050622108355e-06,0.001190688909014666,7.460187247351806e-06,0.002025352212241936,0.00119068890901466,0.002025352212241937,0.0008221350653578168,5.068050622108352e-06,0.0008221350653578121
1,-0.008000000000000007,7.965134068340808,-0.6571879276578615,-12.0,6.573861412025792,-0.008000000000000007,12.0,-0.002012979685028402,-5.300583487606089e-06,0.001154497571909424,7.221887259380297e-06,0.002025502155775382,0.001154497571909406,0.002025502155775384,0.000858482113118985,5.300583487606098e-06,0.0008584821131189771
1,-0.006000000000000005,7.792477398868601,-0.6563135664760775,-12.0,6.745764123765952,-0.006000000000000005,12.0,-0.002013140101567121,-5.536357785573447e-06,0.001117922526858308,6.981832347997905e-06,0.002025658291700701,0.001117922526858308,0.002025658291700702,0.0008952175747088101,5.536357785573462e-06,0.0008952175747088082
1,-0.004000000000000004,7.618425953199178,-0.6554042527817695,-12.0,6.919039526910026,-0.004000000000000004,12.0,-0.002013305216998039,-5.774810434535331e-06,0.001081055419806385,6.740641713542472e-06,0.002025820669146112,0.001081055419806377,0.002025820669146115,0.0009322497971916605,5.77481043453532e-06,0.0009322497971916644
1,-0.002000000000000002,7.443423706541964,-0.6544597888724051,-12.0,7.093243674005095,-0.002000000000000002,12.0,-0.002013475025415515,-6.015352913914043e-06,0.001043990707658486,6.498945086217664e-06,0.002025989323415642,0.00104399070765849,0.002025989323415644,0.0009694843177570278,6.015352913914024e-06,0.000969484317757029
1,0.0,7.26792362191828,-0.653480055913385,-12.0,7.267923621918285,0.0,12.0,-0.002013649522587976,-6.257376570889778e-06,0.001006824761293987,6.257376570889778e-06,0.002026164275729753,0.001006824761293982,0.002026164275729755,0.001006824761293987,6.257376570889778e-06,0.001006824761293983
1,0.002000000000000002,7.092383262078507,-0.6524650148091066,-12.0,7.442621818174089,0.002000000000000002,12.0,-0.002013828706329231,-6.500258315547311e-06,0.0009696549323033809,6.016568425029693e-06,0.002026345533069802,0.0009696549323033852,0.002026345533069805,0.001044173774025848,6.500258315547279e-06,0.00104417377402585
1,0.004000000000000004,6.917260315003112,-0.6514147064841073,-12.0,7.616880574807325,0.004000000000000004,12.0,-0.002014012576636079,-6.743366602281424e-06,0.0009325786011048246,5.777144889471917e-06,0.002026533088127838,0.0009325786011048243,0.00202653308812784,0.001081433975531253,6.743366602281436e-06,0.001081433975531253
1,0.006000000000000005,6.743008118577208,-0.6503292515717198,-12.0,7.790246544167857,0.006000000000000005,12.0,-0.002014201135586165,-6.986067586413816e-06,0.0008956922246451471,5.539716189623112e-06,0.002026726919362193,0.0008956922246451367,0.002026726919362195,0.001118508910941022,6.986067586413846e-06,0.001118508910941019
1,0.008000000000000007,6.570071270020139,-0.6492088495136091,-12.0,7.962275111075456,0.008000000000000007,12.0,-0.00201439438700096,-7.2277313388061e-06,0.0008590904018988503,5.304872818523323e-06,0.002026926991158284,0.000859090401898839,0.002026926991158286,0.001155303985102108,7.227731338806088e-06,0.001155303985102098
1,0.009999999999999981,6.39888140310923,-0.6480537770795366,-12.0,8.132534618209604,0.009999999999999981,12.0,-0.002014592335889599,-7.467737999019084e-06,0.0008228649748490207,5.073180204307352e-06,0.00202713325409294,0.0008228649748490204,0.002027133254092942,0.001191727361040581,7.467737999019089e-06,0.001191727361040589
1,0.01199999999999998,6.229853211272932,-0.6468643863227119,-12.0,8.300610346546875,0.01199999999999998,12.0,-0.002014794987697916,-7.705483748522988e-06,0.000787104181585774,4.845173853059524e-06,0.002027345645299516,0.0007871041815857712,0.002027345645299518,0.001227690806112145,7.705483748523005e-06,0.001227690806112142
1,0.01399999999999998,6.063380787418469,-0.6456411019922509,-12.0,8.466108179818974,0.01399999999999998,12.0,-0.002015002347396292,-7.94038649010674e-06,0.000751891876634258,4.621355043548146e-06,0.002027564088929955,0.0007518918766342608,0.002027564088929957,0.001263110470762026,7.940386490106773e-06,0.001263110470762028
1,0.01599999999999999,5.89983434220668,-0.6443844184304679,-12.0,8.628657891097703,0.01599999999999999,12.0,-0.002015214418445872,-8.171891127781623e-06,0.000717306831681342,4.402187135189753e-06,0.002027788496708845,0.0007173068316813398,0.002027788496708847,0.001297907586764537,8.171891127781633e-06,0.001297907586764536
1,0.01799999999999999,5.739557351721435,-0.6430948959890177,-12.0,8.787916000348005,0.01799999999999999,12.0,-0.002015431201687354,-8.399474352821314e-06,0.0006834221275855273,4.188092533215459e-06,0.00202801876857339,0.0006834221275855308,0.002028018768573391,0.001332009074101823,8.399474352821344e-06,0.001332009074101822
1,0.01999999999999999,5.582864173534521,-0.6417731570040841,-12.0,8.943568163734284,0.01999999999999999,12.0,-0.002015652694198129,-8.622648855708781e-06,0.0006503046460139844,3.97945033828512e-06,0.002028254793392128,0.0006503046460139821,0.002028254793392129,0.00136534804818414,8.622648855708813e-06,0.001365348048184145
1,0.02199999999999999,5.430038157476714,-0.6404198813768013,-12.0,9.095331068149974,0.02199999999999999,12.0,-0.002015878888164548,-8.840966899665903e-06,0.0006180146663510701,3.776594689925341e-06,0.002028496449754143,0.0006180146663510692,0.002028496449754144,0.001397864221813482,8.840966899665887e-06,0.001397864221813465
1,0.02399999999999999,5.281330264468021,-0.6390358018106337,-12.0,9.242953817412968,0.02399999999999999,12.0,-0.002016109769812559,-9.054023209762588e-06,0.0005866055707632019,3.579813797205365e-06,0.00202874360681953,0.0005866055707631984,0.002028743606819531,0.001429504199049357,9.054023209762574e-06,0.001429504199049357
1,0.026,5.136958194000236,-0.6376216987623687,-12.0,9.386218809346644,0.026,12.0,-0.002016345318436846,-9.261457149894665e-06,0.0005561236575858276,3.389349634273035e-06,0.002028996125221006,0.0005561236575858204,0.002028996125221007,0.001460221660851022,9.261457149894672e-06,0.001460221660851013
1,0.028,4.997106008739801,-0.6361783951674381,-12.0,9.524942115118762,0.028,12.0,-0.00201658550556201,-9.462954179009788e-06,0.00052660806061303,3.205398264798819e-06,0.002029253858005815,0.0005266080606130294,0.002029253858005816,0.001489977444948973,9.462954179009797e-06,0.001489977444948978
1,0.03,4.861924233632329,-0.6347067510032718,-12.0,9.658973383330533,0.03,12.0,-0.00201683029426322,-9.65824659584515e-06,0.0004980907695041434,3.028110747490306e-06,0.002029516651606559,0.0004980907695041419,0.002029516651606559,0.001518739524759082,9.658246595845179e-06,0.001518739524759079
1,0.032,4.731530397166128,-0.6332076577561594,-12.0,9.788195301107152,0.032,12.0,-0.002017079638665247,-9.84711359879236e-06,0.000470596744445285,2.857594565212267e-06,0.002029784346829257,0.0004705967444452869,0.002029784346829258,0.001546482894219956,9.847113598792349e-06,0.001546482894219973
1,0.034,4.60600997435396,-0.631682032857468,-12.0,9.912522652577636,0.034,12.0,-0.002017333483631555,-1.002938070231775e-05,0.0004441441164728414,2.693915512996735e-06,0.002030056779846881,0.0004441441164728435,0.002030056779846881,0.001573189367158714,1.002938070231776e-05,0.001573189367158732
1,0.036,4.485417684686382,-0.6301308141540397,-12.0,10.03190102147291,0.036,12.0,-0.002017591764646962,-1.020491856436127e-05,0.0004187444635164008,2.537099975454367e-06,0.002030333783186779,0.0004187444635164017,0.002030333783186779,0.00159884730113056,1.020491856436128e-05,0.001598847301130557
1,0.03800000000000001,4.369779093882941,-0.6285549544751148,-12.0,10.14630518903339,0.03800000000000001,12.0,-0.002017854407890133,-1.037364128938464e-05,0.0003944031512694915,2.387137521351616e-06,0.002030615186700872,0.0003944031512694912,0.002030615186700873,0.001623451256620649,1.037364128938465e-05,0.001623451256620651
1,0.03999999999999998,4.259092465713059,-0.6269554163543105,-12.0,10.25573728100269,0.03999999999999998,12.0,-0.002018121330486017,-1.053550427898642e-05,0.0003711197274462378,2.243983743157591e-06,0.002030900818508159,0.0003711197274462367,0.002030900818508159,0.001647001603039784,1.053550427898645e-05,0.001647001603039775
1,0.04199999999999998,4.153330809390845,-0.6253331669601373,-12.0,10.36022471827404,0.04199999999999998,12.0,-0.002018392440922365,-1.069050170681728e-05,0.0003488883578140373,2.107563270799258e-06,0.002031190505899976,0.000348888357814034,0.002031190505899976,0.001669504083108332,1.069050170681731e-05,0.001669504083108331
1,0.04399999999999998,4.052444068926106,-0.6236891732824626,-12.0,10.45981802490279,0.04399999999999998,12.0,-0.002018667639610886,-1.083866369623226e-05,0.000327698292573875,1.977772892443153e-06,0.00203148407619956,0.0003276982925738735,0.002031484076199561,0.001690969347037011,1.08386636962323e-05,0.001690969347036999
1,0.04599999999999999,3.956361403114333,-0.6220243976154655,-12.0,10.55458854490518,0.04599999999999999,12.0,-0.002018946819570309,-1.098005327832353e-05,0.0003075343521478373,1.854484720026249e-06,0.002031781357568667,0.0003075343521478342,0.002031781357568667,0.001711412467422475,1.09800532783236e-05,0.001711412467422482
1,0.04799999999999999,3.864993508354272,-0.6203397933701924,-12.0,10.64462611577402,0.04799999999999999,12.0,-0.002019229867206761,-1.111476320538496e-05,0.0002883774221757411,1.737549343177956e-06,0.002032082179755323,0.0002883774221757411,0.002032082179755323,0.001730852445031021,1.111476320538496e-05,0.001730852445031006
1,0.04999999999999999,3.778234940897523,-0.6186363012421451,-12.0,10.73003674221978,0.04999999999999999,12.0,-0.002019516663166527,-1.124291268971765e-05,0.0002702049484638746,1.626798921940588e-06,0.002032386374778188,0.0002702049484638757,0.002032386374778189,0.001749311714702643,1.12429126897176e-05,0.001749311714702655
1,0.05199999999999999,3.695966400227499,-0.6169148457515965,-12.0,10.81094030855986,0.05199999999999999,12.0,-0.002019807083236733,-1.136464413159807e-05,0.0002529914237106685,1.522050176018644e-06,0.002032693777544358,0.0002529914237106679,0.002032693777544358,0.001766815659526061,1.136464413159803e-05,0.001766815659526064
1,0.05399999999999999,3.618056940739111,-0.6151763321668412,-12.0,10.88746836269033,0.05399999999999999,12.0,-0.002020100999270338,-1.148011989296995e-05,0.0002367088590020565,1.423107235485692e-06,0.002033004226398778,0.0002367088590020572,0.002033004226398779,0.001783392140268284,1.148011989296997e-05,0.001783392140268274
1,0.05599999999999999,3.544366084540025,-0.613421643813496,-12.0,10.95976199892408,0.05599999999999999,12.0,-0.002020398280114029,-1.158951916533772e-05,0.0002213272342714731,1.329764325361354e-06,0.002033317563604733,0.0002213272342714716,0.002033317563604733,0.001799071045842553,1.158951916533773e-05,0.001799071045842548
1,0.058,3.474745813778051,-0.6116516397665062,-12.0,11.02796986137592,0.058,12.0,-0.002020698792520444,-1.169303497226193e-05,0.0002068149231115074,1.241808263277214e-06,0.002033633635755981,0.0002068149231115074,0.002033633635755981,0.001813883869408931,1.169303497226191e-05,0.001813883869408926
1,0.06,3.409042426270526,-0.6098671529157295,-12.0,11.09224628419962,0.06,12.0,-0.00202100240202765,-1.179087133847502e-05,0.0001931390884681681,1.159020756064809e-06,0.002033952294122191,0.0001931390884681649,0.002033952294122191,0.001827863313559471,1.179087133847497e-05,0.001827863313559463
1,0.062,3.347098243203761,-0.608068988391052,-12.0,11.15274957996824,0.062,12.0,-0.002021308973793209,-1.188324065005618e-05,0.0001802660468152684,1.081180486912452e-06,0.002034273394930169,0.0001802660468152687,0.002034273394930169,0.00184104292697793,1.188324065005611e-05,0.001841042926977923
1,0.064,3.288753162208807,-0.6062579223288751,-12.0,11.2096404829441,0.064,12.0,-0.002021618373371709,-1.197036122244078e-05,0.0001681615993735941,1.008064989970434e-06,0.002034596799584129,0.0001681615993735952,0.002034596799584129,0.001853456773998105,1.197036122244083e-05,0.001853456773998126
1,0.066,3.233846053115455,-0.6044347009586031,-12.0,11.26308074997121,0.066,12.0,-0.002021930467428375,-1.205245508670009e-05,0.0001567913297933601,9.39452313756991e-07,0.002034922374828821,0.0001567913297933598,0.002034922374828821,0.001865139137635009,1.205245508670012e-05,0.00186513913763501
1,0.068,3.182215997122356,-0.6026000399853543,-12.0,11.31323191827748,0.068,12.0,-0.002022245124383016,-1.212974599832983e-05,0.0001461208684516014,8.751224784148351e-07,0.002035249992859758,0.0001461208684516002,0.002035249992859758,0.001876124255931409,1.212974599832983e-05,0.001876124255931414
1,0.07,3.133703372981584,-0.600754624243526,-12.0,11.36025421660248,0.07,12.0,-0.002022562214982099,-1.2202457668072e-05,0.0001361161241271301,8.148587349046363e-07,0.002035579531385084,0.0001361161241271309,0.002035579531385085,0.001886446090854965,1.220245766807201e-05,0.001886446090854982
1,0.07200000000000001,3.088150796098457,-0.598899107594949,-12.0,11.40430562375411,0.07200000000000001,12.0,-0.002022881612797301,-1.22708122099136e-05,0.0001267434843076349,7.584486365426619e-07,0.002035910873643759,0.0001267434843076361,0.002035910873643759,0.001896138128489658,1.227081220991357e-05,0.00189613812848969
1,0.07400000000000001,3.045403918225128,-0.5970341130451268,-12.0,11.44554106691096,0.07400000000000001,12.0,-0.002023203194651897,-1.233502879793658e-05,0.0001179699857636257,7.056849349582116e-07,0.002036243908384799,0.000117969985763625,0.002036243908384799,0.001905233208888269,1.233502879793657e-05,0.00190523320888827
1,0.07600000000000001,3.005312096725228,-0.5951602330513378,-12.0,11.48411175068304,0.07600000000000001,12.0,-0.002023526840976984,-1.239532252153292e-05,0.0001097634573014835,6.5636631374461e-07,0.002036578529812261,0.0001097634573014817,0.002036578529812261,0.001913763383675496,1.239532252153287e-05,0.001913763383675484
1,0.07800000000000001,2.967728943258325,-0.5932780299971356,-12.0,11.52016460706715,0.07800000000000001,12.0,-0.002023852436100989,-1.245190342584401e-05,0.000102092636794224,6.10297973689872e-07,0.002036914637500511,0.0001020926367942227,0.002036914637500511,0.001921759799306765,1.245190342584408e-05,0.001921759799306739
1,0.08000000000000002,2.932512762230889,-0.5913880368088844,-12.0,11.55384185592989,0.08000000000000002,12.0,-0.00202417986847641,-1.250497572399175e-05,9.492726469576847e-05,5.672920837293138e-07,0.002037252136284127,9.492726469576905e-05,0.002037252136284128,0.001929252603780636,1.250497572399177e-05,0.001929252603780662
1,0.08200000000000002,2.899526889548073,-0.5894907576913618,-12.0,11.58528066546159,0.08200000000000002,12.0,-0.002024509030848984,-1.25547371658461e-05,8.823815628476641e-05,5.27168111695358e-07,0.002037590936126543,8.823815628476755e-05,0.002037590936126543,0.001936270874564226,1.255473716584618e-05,0.00193627087456424
1,0.08400000000000002,2.868639942127918,-0.5875866689610426,-12.0,11.61461290211485,0.08400000000000002,12.0,-0.002024839820373881,-1.260137854883291e-05,8.199725486918119e-05,4.897530485259752e-07,0.002037930951971242,8.199725486918168e-05,0.002037930951971243,0.00194284256550469,1.260137854883296e-05,0.001942842565504698
1,0.08600000000000002,2.839725988366942,-0.5856762199573842,-12.0,11.6419649598166,0.08600000000000002,12.0,-0.002025172138684342,-1.264508335562943e-05,7.617766812412592e-05,4.54881539064525e-07,0.002038272103579038,7.617766812412781e-05,0.002038272103579039,0.001948994470560205,1.26450833556294e-05,0.001948994470560225
1,0.08800000000000002,2.812664649305574,-0.5837598340142292,-12.0,11.6674576586775,0.08800000000000002,12.0,-0.002025505891918494,-1.268602750428659e-05,7.075368964308494e-05,4.223959318160232e-07,0.002038614315354602,7.075368964308533e-05,0.002038614315354602,0.001954752202275421,1.26860275042867e-05,0.00195475220227541
1,0.08999999999999997,2.787341139695333,-0.5818379094752356,-12.0,11.69120620397234,0.08999999999999997,12.0,-0.002025840990709012,-1.272437919691568e-05,6.570080766545952e-05,3.921462592119617e-07,0.002038957516165137,6.57008076654587e-05,0.002038957516165137,0.001960140183043547,1.272437919691566e-05,0.001960140183043546
1,0.09199999999999997,2.76364625754348,-0.5799108207390086,-12.0,11.71332019679533,0.09199999999999997,12.0,-0.002026177350140678,-1.27602988540486e-05,6.0995702809505e-05,3.639901590167948e-07,0.002039301639153748,6.099570280950506e-05,0.002039301639153748,0.001965181647331171,1.276029885404856e-05,0.001965181647331174
1,0.09399999999999997,2.741476330027869,-0.5779789193213472,-12.0,11.73390368847119,0.09399999999999997,12.0,-0.00202651488968104,-1.279393912212959e-05,5.661623649549122e-05,3.377927465938405e-07,0.002039646621549759,5.661623649549054e-05,0.00203964662154976,0.001969898653185553,1.27939391221296e-05,0.00196989865318556
1,0.09599999999999997,2.720733122004861,-0.5760425352527707,-12.0,11.75305527261632,0.09599999999999997,12.0,-0.002026853533087956,-1.28254449431873e-05,5.254143159497999e-05,3.134264467836476e-07,0.002039992404419148,5.254143135823083e-05,0.002039992404477922,0.001974312101492968,1.282544494318727e-05,0.001974312101701093
1,0.09799999999999998,2.701323719667715,-0.5741019767829787,-12.0,11.77086820144464,0.09799999999999998,12.0,-0.002027193208298477,-1.285495367647102e-05,4.875144669280396e-05,2.907707932645369e-07,0.002040338932717325,4.875144650114029e-05,0.002040338932768219,0.001978441761605672,1.28549536764711e-05,0.001978441761772826
1,0.09999999999999998,2.683160379497594,-0.5721575335474688,-12.0,11.78743053827823,0.09999999999999998,12.0,-0.002027533847302739,-1.288259526259896e-05,4.522754520208792e-05,2.697122023430595e-07,0.002040686154723666,4.522754504718519e-05,0.00204068615476768,0.001982306302100651,1.288259526259901e-05,0.001982306302234555
1,0.102,2.666160369299758,-0.5702094761427933,-12.0,11.80282531655693,0.102,12.0,-0.002027875386005893,-1.290849242218094e-05,4.195206043207278e-05,2.501437273174623e-07,0.002041034022117358,4.19520603070361e-05,0.002041034022155404,0.001985923325573828,1.290849242218094e-05,0.001985923325680903
1,0.104,2.650245789020224,-0.5682580575181034,-12.0,11.81713071986908,0.104,12.0,-0.002028217764081468,-1.29327608815596e-05,3.890835757546828e-05,2.319647987421669e-07,0.00204138248972891,3.890835747466373e-05,0.002041382489761776,0.001989309406505993,1.293276088155964e-05,0.001989309406591441
1,0.106,2.635343382286395,-0.5663035139599325,-12.0,11.83042027112986,0.106,12.0,-0.00202856092481821,-1.295550961923341e-05,3.60807934577995e-05,2.150809552238152e-07,0.002041731515364298,3.608079337662477e-05,0.002041731515392673,0.001992480131360409,1.295550961923341e-05,0.001992480131428426
1,0.108,2.621384340867924,-0.5643460660451647,-12.0,11.84276302885738,0.108,12.0,-0.002028904814963323,-1.297684112725854e-05,3.345467477649329e-05,1.994035686952544e-07,0.002042081059634792,3.34546747111957e-05,0.002042081059659276,0.001995450140186823,1.297684112725855e-05,0.001995450140240867
1,0.11,2.608304104977808,-0.5623859195599734,-12.0,11.85422378761932,0.11,12.0,-0.002029249384563434,-1.299685168302144e-05,3.101621545261701e-05,1.848495675270038e-07,0.002042431085792862,3.101621540014389e-05,0.002042431085813978,0.00199823316911081,1.299685168302151e-05,0.001998233169153658
1,0.112,2.596042161884811,-0.5604232663827423,-12.0,11.86486328016866,0.112,12.0,-0.002029594586805373,-1.301563162704346e-05,2.875249362326539e-05,1.713411602881663e-07,0.00204278155957451,2.875249358113702e-05,0.002042781559592713,0.002000842093182114,1.301563162704343e-05,0.002000842093215998
1,0.114,2.584541844913222,-0.5584582853296741,-12.0,11.87473837918713,0.114,12.0,-0.002029940377858059,-1.3033265643415e-05,2.665140871738441e-05,1.588055624867514e-07,0.002043132449048273,2.665140868358966e-05,0.002043132449063957,0.002003288969140686,1.303326564341495e-05,0.0020032889691674
1,0.116,2.573750134548763,-0.5564911429623258,-12.0,11.88390229691231,0.116,12.0,-0.002030286716716427,-1.304983303989087e-05,2.470163898191362e-05,1.471747282022713e-07,0.002043483724471013,2.470163895482675e-05,0.002043483724484523,0.002005585077734518,1.304983303989087e-05,0.002005585077755582
1,0.118,2.563617463055441,-0.5545219943567808,-12.0,11.89240478123907,0.118,12.0,-0.002030633565048895,-1.306540802516587e-05,2.289259975806183e-05,1.363850881353163e-07,0.002043835358150575,2.289259973636717e-05,0.002043835358162206,0.002007740965290838,1.306540802516594e-05,0.002007740965307353
1,0.12,2.5540975237299,-0.5525509838345535,-12.0,11.9002923071631,0.12,12.0,-0.002030980887048475,-1.308005998151166e-05,2.121440274861867e-05,1.263772952863108e-07,0.002044187324315259,2.121440273125481e-05,0.00204418732432527,0.002009766484299861,1.308005998151168e-05,0.002009766484312787
1,0.122,2.545147085685819,-0.5505782456556325,-12.0,11.90760826267544,0.122,12.0,-0.002031328649288622,-1.309385373087289e-05,1.965781646592177e-05,1.17095979183569e-07,0.002044539598990066,1.965781645203323e-05,0.002044539598998679,0.002011670832822701,1.309385373087288e-05,0.002011670832832805
1,0.124,2.536725814844173,-0.5486039046743514,-12.0,11.91439312842543,0.124,12.0,-0.00203167682058419,-1.310684979346708e-05,1.821422800569231e-05,1.084895093424485e-07,0.00204489215987958,1.821422799458958e-05,0.002044892159886989,0.002013462592578486,1.310684979346707e-05,0.002013462592586346
1,0.126,2.528796101633842,-0.5466280769589696,-12.0,11.92068465064882,0.126,12.0,-0.002032025371857512,-1.31191046377582e-05,1.687560625380191e-05,1.005097684280714e-07,0.002045244986257327,1.687560624493196e-05,0.002045244986263698,0.00201514976560371,1.311910463775822e-05,0.002015149765609821
1,0.128,2.521322895751253,-0.544650870376024,-12.0,11.9265180070108,0.128,12.0,-0.002032374276010468,-1.313067092102541e-05,1.563446660053126e-05,9.311193542068865e-08,0.002045598058861424,1.563446659344745e-05,0.002045598058866902,0.002016739809409925,1.313067092102542e-05,0.002016739809414627
1,0.13,2.514273548198692,-0.5426723851406328,-12.0,11.93192596514263,0.13,12.0,-0.00203272350780174,-1.314159772034068e-05,1.448383720935055e-05,8.625427893336707e-08,0.002045951359796315,1.44838372036968e-05,0.002045951359801023,0.002018239670592399,1.314159772034066e-05,0.002018239670596023
1,0.132,2.50761766071521,-0.5406927143340341,-12.0,11.93693903375948,0.132,12.0,-0.002033073043730542,-1.315193075314922e-05,1.341722686419539e-05,7.989796071140633e-08,0.002046304872440351,1.341722685968486e-05,0.002046304872444397,0.00201965581686634,1.315193075314923e-05,0.002019655816869104
1,0.134,2.501326942620598,-0.5387119443897006,-12.0,11.94158560633678,0.134,12.0,-0.002033422861925467,-1.316171258774861e-05,1.24285944000276e-05,7.400684924003243e-08,0.002046658581358982,1.242859439642983e-05,0.002046658581362458,0.002020994267525436,1.316171258774866e-05,0.002020994267527533
1,0.136,2.495375075023027,-0.5367301555494194,-12.0,11.94589209739654,0.136,12.0,-0.002033772942039651,-1.317098284334945e-05,1.151231970573168e-05,6.854734330777404e-08,0.002047012472223318,1.151231970286395e-05,0.002047012472226304,0.002022260622333917,1.317098284334947e-05,0.002022260622335526
1,0.138,2.489737582279316,-0.5347474222907379,-12.0,11.94988307151537,0.138,12.0,-0.002034123265151156,-1.317977837989335e-05,1.066317627560981e-05,6.34882053059843e-08,0.002047366531733797,1.066317627332452e-05,0.002047366531736361,0.002023460088875544,1.317977837989341e-05,0.002023460088876741
1,0.14,2.484391710545884,-0.5327638137271986,-12.0,11.95358136521356,0.14,12.0,-0.002034473813669146,-1.318813347776873e-05,9.876305275531482e-06,5.880040399418465e-08,0.002047720747548715,9.876305273711285e-06,0.002047720747550916,0.002024597508393614,1.318813347776874e-05,0.002024597508394493
1,0.142,2.479316313228909,-0.5307793939827493,-12.0,11.95700820192239,0.142,12.0,-0.002034824571245188,-1.319608000763947e-05,9.147191081792601e-06,5.445696642262246e-08,0.002048075108217366,9.147191080342174e-06,0.002048075108219257,0.002025677380163398,1.31960800076395e-05,0.002025677380164062
1,0.144,2.474491743104564,-0.5287942225417191,-12.0,11.96018330025567,0.144,12.0,-0.002035175522689973,-1.320364759051652e-05,8.471638244628026e-06,5.043283867266495e-08,0.00204842960311755,8.471638243473735e-06,0.002048429603119173,0.002026703884445349,1.320364759051646e-05,0.002026703884445838
1,0.146,2.469899750864859,-0.526808354575707,-12.0,11.96312497583242,0.146,12.0,-0.002035526653894768,-1.321086374875016e-05,7.845749823808418e-06,4.670475505878536e-08,0.002048784222397195,7.845749822889771e-06,0.002048784222398588,0.002027680904070953,1.321086374875014e-05,0.002027680904071307
1,0.148,2.465523389827973,-0.5248218412486929,-12.0,11.9658502369126,0.148,12.0,-0.002035877951757832,-1.321775404781219e-05,7.265907040604358e-06,4.325111541895074e-08,0.002049138956919876,7.265907039873221e-06,0.002049138956921072,0.002028612044717225,1.321775404781219e-05,0.002028612044717452
1,0.15,2.461346926543048,-0.5228347300016448,-12.0,11.96837487411739,0.15,12.0,-0.002036229404115227,-1.322434222967808e-05,6.728750188372517e-06,4.005187011684708e-08,0.002049493798213992,6.728750187790334e-06,0.002049493798215018,0.002029500653926857,1.322434222967808e-05,0.002029500653927011
1,0.152,2.45735575701354,-0.5208470648178382,-12.0,11.97071354451033,0.152,12.0,-0.002036580999676142,-1.323065033774871e-05,6.231160742945772e-06,3.708841237559329e-08,0.002049848738425386,6.231160742483336e-06,0.002049848738426267,0.002030349838933185,1.323065033774864e-05,0.002030349838933289
1,0.154,2.453536328261806,-0.5188588864700686,-12.0,11.97287985031731,0.154,12.0,-0.002036932727962205,-1.323669883418657e-05,5.770244613705492e-06,3.434347756454099e-08,0.002050203770273202,5.770244613337789e-06,0.002050203770273957,0.002031162483348505,1.323669883418661e-05,0.002031162483348552
1,0.156,2.449876064960625,-0.5168702327508743,-12.0,11.97488641256161,0.156,12.0,-0.002037284579250853,-1.324250670949659e-05,5.343316476545757e-06,3.180104906779106e-08,0.002050558887008772,5.343316476252928e-06,0.00205055888700942,0.002031941262774303,1.324250670949653e-05,0.002031941262774335
1,0.158,2.446363300860196,-0.5148811386868337,-12.0,11.97674493988641,0.158,12.0,-0.002037636544522232,-1.324809158530445e-05,4.947885130782959e-06,2.94462703694599e-08,0.002050914082377351,4.947885130550572e-06,0.002050914082377907,0.002032688659391448,1.324809158530449e-05,0.002032688659391448
1,0.16,2.442987214743589,-0.5128916367379651,-12.0,11.97846629283131,0.16,12.0,-0.00203798861540979,-1.32534698101957e-05,4.58163982331038e-06,2.726536300169244e-08,0.002051269350582506,4.581639823125454e-06,0.002051269350582983,0.002033406975586477,1.32534698101957e-05,0.00203340697558647
1,0.162,2.439737770655252,-0.510901756983181,-12.0,11.98006054382185,0.162,12.0,-0.002038340784153978,-1.325865654942336e-05,4.242437484860697e-06,2.524555001228679e-08,0.002051624686253003,4.242437484713585e-06,0.002051624686253413,0.002034098346669117,1.325865654942338e-05,0.002034098346669095
1,0.164,2.436605662149249,-0.5089115272927169,-12.0,11.98153703312286,0.164,12.0,-0.002038693043559274,-1.326366586846454e-05,3.928290825040622e-06,2.33749846224716e-08,0.002051980084412015,3.928290824923711e-06,0.002051980084412366,0.00203476475273424,1.326366586846455e-05,0.002034764752734202
1,0.166,2.433582260320154,-0.5069209734883924,-12.0,11.98290442099698,0.166,12.0,-0.002039045386953903,-1.326851081113322e-05,3.637357234778574e-06,2.164268375780212e-08,0.002052335540448501,3.637357234686063e-06,0.002052335540448803,0.002035408029719129,1.326851081113317e-05,0.002035408029719116
1,0.168,2.430659565383941,-0.5049301194925183,-12.0,11.98417073629979,0.168,12.0,-0.002039397808152501,-1.327320347223348e-05,3.367928446927579e-06,2.003846614990403e-08,0.002052691050090621,3.367928446853991e-06,0.00205269105009088,0.002036029879705584,1.327320347223348e-05,0.002036029879705544
1,0.17,2.427830161587934,-0.5029389874662162,-12.0,11.98534342173296,0.17,12.0,-0.002039750301421174,-1.327775506535901e-05,3.118420907938982e-06,1.855289472048795e-08,0.002053046609381033,3.118420907880858e-06,0.002053046609381254,0.002036631880513231,1.327775506535894e-05,0.002036631880513205
1,0.172,2.425087175241871,-0.5009475979378657,-12.0,11.98642937596623,0.172,12.0,-0.002040102861445163,-1.328217598601012e-05,2.887366815742841e-06,1.717722297398935e-08,0.002053402214653952,2.887366815696516e-06,0.002053402214654143,0.002037215494629425,1.32821759860102e-05,0.002037215494629389
1,0.174,2.422424235668655,-0.4989559699223585,-12.0,11.98743499282855,0.174,12.0,-0.002040455483298546,-1.328647587034102e-05,2.673405781196351e-06,1.590334513852201e-08,0.002053757862513865,2.673405781159866e-06,0.002053757862514027,0.00203778207751736,1.328647587034107e-05,0.002037782077517307
1,0.176,2.419835438885239,-0.4969641210317926,-12.0,11.98836619775855,0.176,12.0,-0.002040808162416268,-1.329066364981062e-05,2.475277072677568e-06,1.472374980988516e-08,0.002054113549815751,2.475277072648168e-06,0.002054113549815891,0.002038332885343593,1.329066364981067e-05,0.002038332885343566
1,0.178,2.41731531383696,-0.4949720675781935,-12.0,11.98922848169388,0.178,12.0,-0.002041160894567941,-1.3294747602059e-05,2.291812405581441e-06,1.363147686612206e-08,0.002054469273646751,2.291812405558179e-06,0.002054469273646871,0.002038869082162358,1.329474760205905e-05,0.002038869082162349
1,0.18,2.414858791012647,-0.4929798246688288,-12.0,11.99002693256923,0.18,12.0,-0.002041513675833715,-1.329873539809874e-05,2.121929240608458e-06,1.262007743412837e-08,0.002054825031309138,2.1219292405899e-06,0.00205482503130924,0.002039391746593094,1.329873539809877e-05,0.002039391746593054
1,0.182,2.412461173283948,-0.4909874062946257,-12.0,11.99076626458307,0.182,12.0,-0.002041866502581504,-1.330263414640714e-05,1.964624556808065e-06,1.168357670236772e-08,0.002055180820304531,1.964624556793442e-06,0.00205518082030462,0.00203990187802469,1.330263414640713e-05,0.002039901878024692
1,0.184,2.410118108818635,-0.4889948254121784,-12.0,11.99145084538354,0.184,12.0,-0.002042219371446372,-1.330645043356159e-05,1.818969067342283e-06,1.081643938590788e-08,0.002055536638319254,1.818969067330875e-06,0.002055536638319329,0.002040400402379024,1.330645043356158e-05,0.002040400402379014
1,0.186,2.407825565924237,-0.4870020940198055,-12.0,11.99208472131509,0.186,12.0,-0.002042572279310814,-1.331019036233537e-05,1.68410184786151e-06,1.001353766265059e-08,0.002055892483210749,1.684101847852138e-06,0.002055892483210814,0.002040888177462964,1.331019036233537e-05,0.002040888177462928
1,0.188,2.405579809693607,-0.4850092232280679,-12.0,11.99267164085864,0.188,12.0,-0.002042925223286772,-1.33138595868644e-05,1.559225349232314e-06,9.270121409836328e-09,0.002056248352994988,1.559225349225056e-06,0.002056248352995043,0.002041365997937537,1.33138595868644e-05,0.002041365997937531
1,0.19,2.40337738032528,-0.4830162233251522,-12.0,11.99321507638986,0.19,12.0,-0.002043278200698938,-1.331746334532191e-05,1.443600768120927e-06,8.581790581756756e-09,0.002056604245834794,1.443600768115093e-06,0.002056604245834842,0.002041834599930813,1.331746334532185e-05,0.002041834599930791
1,0.192,2.401215073002926,-0.4810231038374818,-12.0,11.99371824437213,0.192,12.0,-0.002043631209069168,-1.33210064903144e-05,1.336543750615824e-06,7.944469579246884e-09,0.002056960160029021,1.33654375061159e-06,0.002056960160029062,0.002042294665318555,1.332100649031442e-05,0.002042294665318526
1,0.194,2.399089919227289,-0.4790298735858963,-12.0,11.99418412409337,0.194,12.0,-0.002043984246102009,-1.332449351707232e-05,1.237420405668748e-06,7.354383471351032e-09,0.002057316094002518,1.237420405665395e-06,0.002057316094002554,0.002042746825696335,1.332449351707231e-05,0.002042746825696322
1,0.196,2.396999169495913,-0.4770365407377206,-12.0,11.99461547504878,0.196,12.0,-0.002044337309671339,-1.332792858956847e-05,1.145643606645091e-06,6.808035938895561e-09,0.002057672046296836,1.145643606642103e-06,0.002057672046296866,0.002043191666064695,1.332792858956851e-05,0.002043191666064699
1,0.198,2.394940277237706,-0.4750431128550199,-12.0,11.9950148530647,0.198,12.0,-0.002044690397807981,-1.333131556481788e-05,1.06066956070368e-06,6.302188818224238e-09,0.002058028015561604,1.060669560701927e-06,0.00205802801556163,0.002043629728247287,1.333131556481787e-05,0.002043629728247297
1,0.2,2.392910883913031,-0.4730495969393149,-12.0,11.99538462525276,0.2,12.0,-0.002045043508688148,-1.333465801528805e-05,9.819946270750003e-07,5.833843131567984e-09,0.002058384000546551,9.819946270732258e-07,0.002058384000546573,0.002044061514061071,1.333465801528803e-05,0.002044061514061057
2,-0.2,11.9975589212223,-0.656527896405028,-12.0,6.704111299655807,-0.2,12.0,-0.001127304208323806,-3.074271217319092e-09,0.001126784829860469,7.039927764467707e-06,0.001134347210359497,0.001126784829860467,0.001134347210359497,5.193784633396703e-07,3.074271217319083e-09,5.193784633396817e-07
2,-0.198,11.99736283440816,-0.6565268941869541,-12.0,6.704306798820568,-0.198,12.0,-0.001127304333355588,-3.322240305388979e-09,0.001126743234293497,7.039654985412991e-06,0.001134347310581305,0.001126743234293496,0.001134347310581307,5.610990620926927e-07,3.32224030538898e-09,5.610990620930068e-07
2,-0.196,11.9971510052413,-0.6565258114687282,-12.0,6.70451799317226,-0.196,12.0,-0.00112730446842266,-3.590122419124989e-09,0.001126698299325064,7.039360308057477e-06,0.001134347418853127,0.001126698299325051,0.001134347418853139,6.061690975969827e-07,3.590122419124992e-09,6.061690975962258e-07
2,-0.194,11.99692217143362,-0.6565246417887659,-12.0,6.704746141217186,-0.194,12.0,-0.001127304614329618,-3.879514816007251e-09,0.001126649757187838,7.039041976692763e-06,0.001134347535821124,0.001126649757187833,0.001134347535821137,6.548571417850556e-07,3.879514816007258e-09,6.548571417839597e-07
2,-0.192,11.99667496974011,-0.6565233781677989,-12.0,6.704992602116391,-0.192,12.0,-0.00112730477194545,-4.192142559273533e-09,0.001126597318698655,7.038698095226492e-06,0.00113434766218322,0.00112659731869864,0.001134347662183236,7.074532467861199e-07,4.192142559273529e-09,7.074532467849067e-07
2,-0.19,11.9964079279276,-0.6565220130672175,-12.0,6.705258843692036,-0.19,12.0,-0.001127304942208596,-4.529868692101107e-09,0.001126540671554893,7.038326616004488e-06,0.001134347798693278,0.001126540671554886,0.001134347798693296,7.642706537038855e-07,4.529868692101118e-09,7.642706537030439e-07
2,-0.188,11.99611945611178,-0.6565205383444717,-12.0,6.705546451065089,-0.188,12.0,-0.001127305126132588,-4.894705212962954e-09,0.001126479478496795,7.03792532777715e-06,0.001134347946165553,0.00112647947849679,0.001134347946165574,8.256476357928178e-07,4.894705212962936e-09,8.256476357911848e-07
2,-0.186,11.99580783741418,-0.6565189452048582,-12.0,6.705857135969978,-0.186,12.0,-0.001127305324811895,-5.288824913825959e-09,0.001126413375325547,7.03749184272835e-06,0.001134348105479514,0.001126413375325536,0.001134348105479539,8.919494863459588e-07,5.288824913825967e-09,8.919494863439492e-07
2,-0.184,11.99547121788694,-0.6565172241494889,-12.0,6.706192746799388,-0.184,12.0,-0.001127305539428461,-5.714574147248044e-09,0.001126341968766105,7.037023582464886e-06,0.001134348277585051,0.001126341968766088,0.00113434827758508,9.63570662355291e-07,5.714574147248034e-09,9.63570662353419e-07
2,-0.182,11.99510759564975,-0.656515364919137,-12.0,6.706555279435008,-0.182,12.0,-0.001127305771258607,-6.174486593357887e-09,0.001126264834162808,7.036517762920488e-06,0.001134348463508086,0.001126264834162764,0.00113434846350812,1.040937095800212e-06,6.174486593357884e-09,1.04093709579732e-06
2,-0.18,11.99471480917928,-0.6565133564336492,-12.0,6.70694688892263,-0.18,12.0,-0.001127306021680472,-6.671298102553297e-09,0.001126181512995211,7.035971378096845e-06,0.001134348664356635,0.001126181512995185,0.001134348664356674,1.124508685262674e-06,6.671298102553313e-09,1.124508685259548e-06
2,-0.178,11.99429052468716,-0.6565111867265685,-12.0,6.707369902056698,-0.178,12.0,-0.00112730629218219,-7.20796269545587e-09,0.001126091510200727,7.035381182507938e-06,0.001134348881327343,0.001126091510200703,0.001134348881327389,1.214781981460374e-06,7.207962695455861e-09,1.214781981455543e-06
2,-0.176,11.99383222251823,-0.6565088428746112,-12.0,6.707826830940675,-0.176,12.0,-0.001127306584370486,-7.787669806936605e-09,0.001125994291289253,7.034743672301041e-06,0.001134349115712539,0.001125994291289218,0.001134349115712592,1.312293081232533e-06,7.787669806936585e-09,1.312293081227116e-06
2,-0.174,11.99333718249615,-0.6565063109215873,-12.0,6.708320387597468,-0.174,12.0,-0.001127306899980125,-8.41386286748796e-09,0.001125889279234615,7.034055064917145e-06,0.001134349368907841,0.001125889279234581,0.001134349368907903,1.417620745507944e-06,8.413862867487933e-09,1.417620745500733e-06
2,-0.172,11.99280246813824,-0.6565035757963454,-12.0,6.708853499707374,-0.172,12.0,-0.001127307240883961,-9.090259321161177e-09,0.00112577585112613,7.033311277153479e-06,0.001134349642420366,0.001125775851126091,0.001134349642420438,1.531389757831158e-06,9.090259321161142e-09,1.531389757821956e-06
2,-0.17,11.99222490965679,-0.6565006212242857,-12.0,6.709429327555085,-0.17,12.0,-0.001127307609103928,-9.820872186138216e-09,0.001125653334562802,7.032507901554144e-06,0.001134349937877571,0.001125653334562748,0.001134349937877656,1.654274541120422e-06,9.820872186138195e-09,1.654274541109432e-06
2,-0.168,11.99160108565812,-0.6564974296319419,-12.0,6.710051282276069,-0.168,12.0,-0.001127308006822597,-1.061003327100857e-08,0.001125521003771111,7.031640181043438e-06,0.001134350257036806,0.001125521003771049,0.001134350257036904,1.787003051478337e-06,1.061003327100856e-08,1.78700305146461e-06
2,-0.166,11.99092730344544,-0.6564939820441176,-12.0,6.710723045493822,-0.166,12.0,-0.001127308436395991,-1.146241816692562e-08,0.001125378075426918,7.030702981548534e-06,0.001134350601795588,0.001125378075426846,0.001134350601795703,1.930360969072125e-06,1.146241816692561e-08,1.930360969054469e-06
2,-0.164,11.99019957782561,-0.6564902579730048,-12.0,6.71144859044945,-0.164,12.0,-0.001127308900367112,-1.2383073143587e-08,0.001125223704159768,7.029690762577024e-06,0.0011343509742027,0.001125223704159692,0.001134350974202833,2.085196207339273e-06,1.2383073143587e-08,2.085196207317383e-06
2,-0.162,11.98941360831377,-0.6564862352986869,-12.0,6.712232204728252,-0.162,12.0,-0.001127309401480527,-1.337744408459391e-08,0.001125056977717468,7.028597545672002e-06,0.001134351376470131,0.001125056977717393,0.001134351376470287,2.252423763055596e-06,1.337744408459389e-08,2.252423763027681e-06
2,-0.16,11.98856475462392,-0.656481890140383,-12.0,6.713078514694999,-0.16,12.0,-0.001127309942698237,-1.445140760603848e-08,0.001124876911767122,7.027416880305042e-06,0.001134351810985962,0.001124876911767021,0.001134351810986144,2.433030931115316e-06,1.445140760603846e-08,2.43303093108028e-06
2,-0.158,11.98764801032691,-0.6564771967177433,-12.0,6.713992511756345,-0.158,12.0,-0.001127310527216487,-1.561130451026774e-08,0.001124682444307269,7.026141807446519e-06,0.001134352280328226,0.001124682444307161,0.001134352280328438,2.628082909211685e-06,1.561130451026772e-08,2.62808290916788e-06
2,-0.156,11.98665797455114,-0.656472127201464,-12.0,6.714979580574436,-0.156,12.0,-0.001127311158484106,-1.686397573523079e-08,0.001124472429665143,7.024764820262223e-06,0.001134352787279854,0.001124472429665013,0.001134352787280101,2.838728818962122e-06,1.686397573523082e-08,2.838728818906876e-06
2,-0.154,11.98558882159487,-0.65646665155244,-12.0,6.716045529362475,-0.154,12.0,-0.001127311840222048,-1.821680096823514e-08,0.001124245632050671,7.023277822029424e-06,0.001134353334844756,0.001124245632050537,0.001134353334845045,3.066208171374729e-06,1.821680096823516e-08,3.066208171304954e-06
2,-0.152,11.9844342683127,-0.6564607373486219,-12.0,6.717196622399698,-0.152,12.0,-0.001127312576444418,-1.967774010141713e-08,0.001124000718638518,7.021672080955626e-06,0.001134353926265138,0.001124000718638362,0.001134353926265474,3.311857805895677e-06,1.967774010141709e-08,3.311857805807688e-06
2,-0.15,11.98318753913269,-0.656454349598697,-12.0,6.718439614907524,-0.15,12.0,-0.001127313371481079,-2.12553777144313e-08,0.001123736252147504,7.019938181718465e-06,0.00113435456504013,0.001123736252147335,0.001134354565040523,3.577119333581285e-06,2.125537771443129e-08,3.577119333470668e-06
2,-0.148,11.98184132855459,-0.6564474505416495,-12.0,6.71978179043758,-0.148,12.0,-0.001127314230001989,-2.29589707779904e-08,0.001123450682885807,7.0180659735269e-06,0.001134355254945835,0.001123450682885621,0.001134355254946293,3.863547116182838e-06,2.295897077799035e-08,3.863547116043748e-06
2,-0.146,11.98038776097461,-0.6564399994312136,-12.0,6.721231000924632,-0.146,12.0,-0.001127315157043086,-2.479849977918548e-08,0.001123142340229005,7.016044514538826e-06,0.001134356000056879,0.001123142340228802,0.001134356000057412,4.172816814087536e-06,2.479849977918536e-08,4.172816813912033e-06
2,-0.144,11.97881834767672,-0.6564319523041606,-12.0,6.722795709563982,-0.144,12.0,-0.001127316158034346,-2.678472347692843e-08,0.001122809423497254,7.01386201238432e-06,0.001134356804769584,0.001122809423497025,0.001134356804770206,4.506734537088001e-06,2.678472347692842e-08,4.506734536867744e-06
2,-0.142,11.9771239408271,-0.6564232617313154,-12.0,6.724485036676342,-0.142,12.0,-0.001127317238829569,-2.892923750124144e-08,0.001122449992196759,7.011505760518553e-06,0.001134357673826869,0.001122449992196523,0.001134357673827593,4.867246632809657e-06,2.892923750124151e-08,4.867246632532205e-06
2,-0.14,11.97529468430477,-0.6564138765501306,-12.0,6.72630880872704,-0.14,12.0,-0.001127318405738514,-3.124453701533254e-08,0.001122061955590237,7.008962070306258e-06,0.001134358612344987,0.001122061955589991,0.001134358612345832,5.256450148268447e-06,3.124453701533257e-08,5.256450147920317e-06
2,-0.138,11.97331996120025,-0.6564037415775934,-12.0,6.728277610666098,-0.138,12.0,-0.001127319665561071,-3.374408366280184e-08,0.001121643061560683,7.006216198494187e-06,0.001134359625842241,0.001121643061560405,0.001134359625843225,5.676604000385901e-06,3.374408366280182e-08,5.676603999947542e-06
2,-0.136,11.97118833781347,-0.6563927973021806,-12.0,6.730402841757709,-0.136,12.0,-0.001127321025623976,-3.644237702356197e-08,0.001121190884732675,7.003252269926683e-06,0.001134360720269782,0.001121190884732402,0.001134360720270929,6.130140891301308e-06,3.644237702356199e-08,6.130140890750822e-06
2,-0.134,11.96888750398496,-0.656380979553512,-12.0,6.732696775065946,-0.134,12.0,-0.001127322493819922,-3.93550308011205e-08,0.001120702813816027,7.000053195265664e-06,0.001134361902044649,0.001120702813815756,0.001134361902045985,6.619680003893361e-06,3.935503080112061e-08,6.619680003200936e-06
2,-0.132,11.96640420959782,-0.6563682191483218,-12.0,6.73517262075562,-0.132,12.0,-0.001127324078649325,-4.249885395974912e-08,0.001120176038137358,6.996600583439913e-06,0.001134363178085168,0.001120176038137102,0.001134363178086724,7.148040511971737e-06,4.249885395974919e-08,7.148040511102357e-06
2,-0.13,11.9637241970965,-0.6563544415112865,-12.0,6.737844593364528,-0.13,12.0,-0.001127325789264901,-4.589193702327583e-08,0.001119607533326899,6.992874648751826e-06,0.001134364555848871,0.001119607533326696,0.001134364555850684,7.718255938005997e-06,4.589193702327586e-08,7.71825593691413e-06
2,-0.128,11.96083212987862,-0.6563395662692321,-12.0,6.740727983189004,-0.128,12.0,-0.001127327635519052,-4.955374373492652e-08,0.001118994046130153,6.988854112406027e-06,0.001134366043373077,0.001118994046129999,0.001134366043375188,8.333589388898351e-06,4.955374373492659e-08,8.33358938752733e-06
2,-0.126,11.95771151643202,-0.6563235068171888,-12.0,6.743839231909135,-0.126,12.0,-0.00112732962801431,-5.350520826050968e-08,0.001118332078317273,6.984516098174667e-06,0.001134367649318281,0.001118332078317205,0.001134367649320739,8.997549697034741e-06,5.350520826050947e-08,8.997549695315552e-06
2,-0.124,11.95434463010953,-0.6563061698547384,-12.0,6.74719601256254,-0.124,12.0,-0.001127331778156943,-5.776883809561707e-08,0.001117617869667451,6.979836022349739e-06,0.001134369383014526,0.001117617869667545,0.001134369383017388,9.713908489491452e-06,5.776883809561704e-08,9.713908487334852e-06
2,-0.122,11.95071242446025,-0.6562874548910852,-12.0,6.7508173139463,-0.122,12.0,-0.001127334098213772,-6.236882280528024e-08,0.00111684738001112,6.974787477645542e-06,0.001134371254510891,0.001116847380011426,0.001134371254514222,1.048671820265108e-05,6.236882280528016e-08,1.048671819994769e-05
2,-0.12,11.94679444406977,-0.6562672537172818,-12.0,6.754723529493447,-0.12,12.0,-0.001127336601372331,-6.733114868789624e-08,0.001116016270319954,6.969342111134432e-06,0.001134373274628272,0.001116016270320543,0.001134373274632147,1.132033105237183e-05,6.73311486878963e-08,1.132033104898473e-05
2,-0.118,11.94256873090316,-0.6562454498440491,-12.0,6.758936550631361,-0.118,12.0,-0.001127339301804428,-7.268371940605432e-08,0.001115119882843408,6.963469496270604e-06,0.001134375455015595,0.001115119882844391,0.001134375455020103,1.221941896101625e-05,7.268371940605434e-08,1.22194189567745e-05
2,-0.116,11.93801172619539,-0.6562219179036769,-12.0,6.76347986457607,-0.116,12.0,-0.001127342214733272,-7.845648256672658e-08,0.001114153220301444,6.957136999036337e-06,0.001134377808209632,0.001114153220302964,0.001134377808214874,1.318899443182288e-05,7.845648256672674e-08,1.318899442651287e-05
2,-0.114,11.93309816799571,-0.6561965230145503,-12.0,6.768378656456051,-0.114,12.0,-0.00112734535650404,-8.468156216097205e-08,0.001113110924156062,6.950309638434582e-06,0.001134380347698545,0.001113110924158287,0.00113438034770464,1.423443234798146e-05,8.468156216097188e-08,1.423443234133849e-05
2,-0.112,11.92780098454623,-0.6561691201069433,-12.0,6.773659915585156,-0.112,12.0,-0.00112734874465804,-9.139339668589504e-08,0.001111987251999997,6.942949941664327e-06,0.001134383087989306,0.001111987252003158,0.001134383087996389,1.536149265804214e-05,9.139339668589452e-08,1.536149264973739e-05
2,-0.11,11.922091183763,-0.6561395532088491,-12.0,6.77935254561686,-0.11,12.0,-0.001127352398010277,-9.862888266452256e-08,0.001110776054119686,6.935017794406994e-06,0.001134386044679115,0.001110776054124072,0.001134386044687345,1.657634389058877e-05,9.862888266452291e-08,1.657634388021288e-05
2,-0.108,11.91593773919136,-0.6561076546907927,-12.0,6.785487478207685,-0.108,12.0,-0.001127356336730577,-1.064275231583864e-07,0.001109470749311535,6.92647028674334e-06,0.001134389234530921,0.001109470749317514,0.001134389234540479,1.788558741904706e-05,1.064275231583866e-07,1.788558740609321e-05
2,-0.106,11.90930747292897,-0.6560732444687888,-12.0,6.792097789698005,-0.106,12.0,-0.001127360582427912,-1.148315807166673e-07,0.001108064300056212,6.917261555594811e-06,0.001134392675553121,0.001108064300064254,0.001134392675564219,1.9296282371698e-05,1.148315807166669e-07,1.929628235553852e-05
2,-0.104,11.90216493615041,-0.6560361291648859,-12.0,6.799218820176122,-0.104,12.0,-0.001127365158237828,-1.238862340410181e-07,0.001106549187185862,6.907342624521399e-06,0.001134396387083511,0.00110654918719657,0.001134396387096391,2.081597105196828e-05,1.238862340410184e-07,2.081597103182774e-05
2,-0.102,11.89447228803034,-0.6559961012250807,-12.0,6.806888294131113,-0.102,12.0,-0.001127370088912793,-1.336397374415718e-07,0.001104917384213315,6.896661242195164e-06,0.001134400389877492,0.001104917384227423,0.001134400389892432,2.245270469947521e-05,1.336397374415717e-07,2.245270467439471e-05
2,-0.1,11.88618917404823,-0.6559529379948013,-12.0,6.815146441711491,-0.1,12.0,-0.001127375400914929,-1.441435819373132e-07,0.00110316033153229,6.885161720969799e-06,0.00113440470620052,0.001103160331550747,0.001134404706217841,2.421506938264219e-05,1.441435819373131e-07,2.421506935144119e-05
2,-0.098,11.8772726048699,-0.6559064007526441,-12.0,6.824036119398428,-0.098,12.0,-0.001127381122510928,-1.554526565916527e-07,0.001101268910742343,6.872784777298537e-06,0.001134409359924736,0.001101268910766292,0.001134409359944808,2.611221176858258e-05,1.554526565916532e-07,2.611221172980823e-05
2,-0.096,11.86767683724089,-0.6558562337036559,-12.0,6.833602928658976,-0.096,12.0,-0.001127387283868284,-1.676254083787588e-07,0.001099233419403326,6.859467376216921e-06,0.001134414376629634,0.00109923341943426,0.001134414376652882,2.815386446496215e-05,1.676254083787594e-07,2.815386441683242e-05
2,-0.09400000000000001,11.85735325859496,-0.6558021629341165,-12.0,6.843895330881182,-0.09400000000000001,12.0,-0.00112739391715271,-1.807239985509866e-07,0.001097043546581336,6.845142582231185e-06,0.001134419783706588,0.001097043546621025,0.001134419783733497,3.035037057138197e-05,1.807239985509863e-07,3.035037051171169e-05
2,-0.09200000000000001,11.84625027738044,-0.6557438953306021,-12.0,6.854964756590277,-0.09200000000000001,12.0,-0.001127401056625141,-1.948144530949533e-07,0.001094688349610937,6.829739419825687e-06,0.00113442561046694,0.001094688349661643,0.001134425610498066,3.271270701421004e-05,1.948144530949533e-07,3.271270694033156e-05
2,-0.09000000000000001,11.83431322143667,-0.6556811174670039,-12.0,6.866865706620032,-0.09000000000000001,12.0,-0.001127408738738235,-2.099668044661589e-07,0.001092156232569583,6.813182746586354e-06,0.0011344318882533,0.001092156232634036,0.001134431888289278,3.52525061686462e-05,2.099668044661595e-07,3.525250607730431e-05
2,-0.08800000000000001,11.82148424711282,-0.655613494464259,-12.0,6.879655842549909,-0.08800000000000001,12.0,-0.001127417002230576,-2.26255221334506e-07,0.001089434927035437,6.795393143215362e-06,0.001134438650553574,0.001089434927117041,0.001134438650595132,3.798207519513873e-05,2.262552213345051e-07,3.798207508237932e-05
2,-0.08600000000000001,11.80770226221144,-0.6555406688287032,-12.0,6.893396063334379,-0.08600000000000001,12.0,-0.001127425888217842,-2.43758122579161e-07,0.001086511475783425,6.776286824668865e-06,0.00113444593311713,0.001086511475886302,0.001134445933165093,4.091441243441091e-05,2.437581225791618e-07,4.091441229543848e-05
2,-0.084,11.79290286625462,-0.6554622592763198,-12.0,6.908150564630859,-0.084,12.0,-0.00112743544027893,-2.625582712519634e-07,0.001083372220162131,6.755775577487838e-06,0.001134453774072368,0.001083372220291307,0.001134453774127676,4.406322011680323e-05,2.625582712519641e-07,4.406321994582595e-05
2,-0.082,11.77701831200941,-0.6553778595516178,-12.0,6.923986876898951,-0.082,12.0,-0.001127445704535962,-2.827428436592139e-07,0.001080002791987584,6.733766728932248e-06,0.001134462214044838,0.001080002792149159,0.001134462214108557,4.744291254837902e-05,2.827428436592148e-07,4.744291233842372e-05
2,-0.08000000000000002,11.75997749266338,-0.6552870372515139,-12.0,6.940975877887993,-0.08000000000000002,12.0,-0.001127456729725849,-3.044034681343039e-07,0.001076388110886298,6.7101631541923e-06,0.001134471296274849,0.001076388111087661,0.001134471296348184,5.106861883955638e-05,3.044034681343041e-07,5.106861858226043e-05
2,-0.07800000000000001,11.74170595802399,-0.6551893318232104,-12.0,6.959191775846051,-0.07800000000000001,12.0,-0.001127468567261688,-3.276362274575006e-07,0.001072512388117855,6.684863328527773e-06,0.001134481066817679,0.001072512388117861,0.001134481066817679,5.495617914383215e-05,3.276362274574997e-07,5.49561791438322e-05
2,-0.07600000000000001,11.72212597359845,-0.6550842566838849,-12.0,6.978712051377826,-0.07600000000000001,12.0,-0.001127481271281639,-3.525416182907899e-07,0.001068359138004714,6.657761431684388e-06,0.001134491574331612,0.001068359138004718,0.001134491574331612,5.912213327692441e-05,3.525416182907885e-07,5.912213327692553e-05
2,-0.07400000000000001,11.7011566076806,-0.6549712934394795,-12.0,6.999617368509888,-0.07400000000000001,12.0,-0.001127494898682877,-3.792244603810082e-07,0.001063911198189387,6.628747512794371e-06,0.001134502870656052,0.001063911198189386,0.001134502870656052,6.358370049349007e-05,3.792244603810063e-07,6.35837004934897e-05
2,-0.07200000000000001,11.67871387916661,-0.6548498938992983,-12.0,7.021991427883819,-0.07200000000000001,12.0,-0.001127509509138206,-4.077937477524376e-07,0.001059150760024717,6.5977077241125e-06,0.00113451501061007,0.001059150760024719,0.00113451501061007,6.835874911348733e-05,4.077937477524363e-07,6.835874911348726e-05
2,-0.07,11.65471095329585,-0.6547194784135566,-12.0,7.045920770769484,-0.07,12.0,-0.001127525165092476,-4.383624335855598e-07,0.001054059410474574,6.564524632576423e-06,0.001134528052158644,0.001054059410474578,0.001134528052158644,7.346575461790464e-05,4.38362433585561e-07,7.346575461790521e-05
2,-0.068,11.62905839953518,-0.6545794350528145,-12.0,7.071494521304075,-0.068,12.0,-0.001127541931736329,-4.710471400959988e-07,0.001048618186956579,6.529077618300531e-06,0.001134542056494719,0.00104861818695658,0.001134542056494719,7.892374477974947e-05,4.710471400959999e-07,7.892374477974957e-05
2,-0.066,11.6016645172741,-0.6544291189207486,-12.0,7.098804061041264,-0.066,12.0,-0.001127559876954165,-5.059677844444546e-07,0.001042807646586958,6.491243369309937e-06,0.001134557088107925,0.001042807646586965,0.001134557088107925,8.47522303672127e-05,5.059677844444576e-07,8.47522303672123e-05
2,-0.064,11.57243573619069,-0.6542678516271689,-12.0,7.12794262896162,-0.064,12.0,-0.001127579071244192,-5.432471116036373e-07,0.001036607951284758,6.450896481491927e-06,0.001134573214837283,0.001036607951284762,0.001134573214837283,9.097111995942704e-05,5.432471116036385e-07,9.097111995942742e-05
2,-0.062,11.54127709794271,-0.6540949209501035,-12.0,7.159004840302657,-0.062,12.0,-0.001127599587607355,-5.830101252244749e-07,0.001029998970148364,6.407910172407787e-06,0.00113459050790499,0.001029998970148371,0.00113459050790499,9.760061745899665e-05,5.830101252244751e-07,9.76006174589977e-05
2,-0.06,11.50809282540133,-0.6539095807174325,-12.0,7.192086118002209,-0.06,12.0,-0.001127621501403506,-6.253834079388864e-07,0.001022960400425065,6.362157116815507e-06,0.001134609041928257,0.001022960400425062,0.001134609041928257,0.0001046611009784397,6.253834079388865e-07,0.0001046611009784399
2,-0.058,11.47278698493572,-0.6537110509398606,-12.0,7.227282031254433,-0.058,12.0,-0.001127644890172314,-6.704943232249396e-07,0.001015471908243741,6.313510410480678e-06,0.001134628894906014,0.001015471908243738,0.001134628894906014,0.0001121729819285695,6.704943232249385e-07,0.0001121729819285699
2,-0.05599999999999999,11.43526424623397,-0.6534985182278148,-12.0,7.264687536701715,-0.05599999999999999,12.0,-0.001127669833417947,-7.184700920586135e-07,0.00100751329006347,6.261844667218791e-06,0.001134650148177219,0.001007513290063465,0.001134650148177219,0.0001201565433544736,7.184700920586116e-07,0.0001201565433544741
2,-0.05400000000000002,11.39543074277043,-0.6532711365251092,-12.0,7.304396119154532,-0.05400000000000002,12.0,-0.001127696412356373,-7.694367391060153e-07,0.0009990646554990231,6.207037252000682e-06,0.001134672886347489,0.0009990646554990357,0.001134672886347489,0.000128631756857355,7.694367391060165e-07,0.0001286317568573562
2,-0.05200000000000002,11.35319503427031,-0.6530280281917132,-12.0,7.346498830490148,-0.05200000000000002,12.0,-0.001127724709625426,-8.235179051539846e-07,0.0009901066318106027,6.148969650239126e-06,0.001134697197180829,0.0009901066318106068,0.001134697197180829,0.0001376180778148255,8.235179051539828e-07,0.0001376180778148279
2,-0.05000000000000002,11.30846917035544,-0.6527682854666544,-12.0,7.391083227540847,-0.05000000000000002,12.0,-0.001127754808958231,-8.808335250529819e-07,0.0009806205898849176,6.087528970056828e-06,0.001134723171453335,0.0009806205898849263,0.001134723171453335,0.0001471342190733098,8.808335250529799e-07,0.0001471342190733109
2,-0.04800000000000001,11.26116985197094,-0.6524909723398082,-12.0,7.43823221236525,-0.04800000000000001,12.0,-0.001127786794822082,-9.414983734147051e-07,0.0009705888909861096,6.02260957052221e-06,0.001134750902766019,0.000970588890986117,0.001134750902766019,0.0001571979038359679,9.414983734147041e-07,0.0001571979038359693
2,-0.04600000000000001,11.21121968419998,-0.6521951268580349,-12.0,7.488022781279682,-0.04600000000000001,12.0,-0.001127820752025604,-1.005620483958701e-06,0.0009599951529192213,5.954114804627086e-06,0.001134780487314197,0.0009599951529192166,0.001134780487314197,0.0001678255991063879,1.005620483958699e-06,0.0001678255991063865
2,-0.04400000000000001,11.15854851070085,-0.6518797638866807,-12.0,7.540524692397668,-0.04400000000000001,12.0,-0.001127856765298191,-1.07329945245919e-06,0.0009488245335324138,5.881958860681319e-06,0.001134812023611332,0.0009488245335324111,0.001134812023611332,0.0001790322317657768,1.073299452459186e-06,0.0001790322317657769
2,-0.04200000000000001,11.10309481630401,-0.6515438783418832,-12.0,7.595799065114349,-0.04200000000000001,12.0,-0.001127894918847148,-1.144624637838968e-06,0.0009370640286990631,5.806068680821357e-06,0.001134845612165812,0.0009370640286990746,0.001134845612165812,0.0001908308901480822,1.144624637838969e-06,0.0001908308901480834
2,-0.04000000000000001,11.04480718036881,-0.6511864489023629,-12.0,7.653896928905695,-0.04000000000000001,12.0,-0.001127935295899034,-1.219673280929823e-06,0.0009247027810838955,5.726385929792958e-06,0.001134881355109764,0.0009247027810838946,0.001134881355109764,0.0002032325148151452,1.219673280929821e-06,0.0002032325148151464
2,-0.03800000000000001,10.98364575943574,-0.6508064422015092,-12.0,7.714857742871104,-0.03800000000000001,12.0,-0.001127977978232598,-1.29850856561554e-06,0.0009117323951338243,5.642868981634356e-06,0.001134919355779849,0.0009117323951338078,0.001134919355779849,0.0002162455830987803,1.298508565615537e-06,0.0002162455830987794
2,-0.036,10.9195837736645,-0.6504028174916595,-12.0,7.77870791149023,-0.036,12.0,-0.001128023045711764,-1.381177652416688e-06,0.0008981472528744222,5.555494886654548e-06,0.001134959718250834,0.0008981472528744192,0.001134959718250834,0.000229875792837338,1.381177652416689e-06,0.0002298757928373406
2,-0.034,10.85260896769513,-0.6499745317626955,-12.0,7.845459325913907,-0.034,12.0,-0.001128070575827863,-1.467709719818684e-06,0.0008839448242736426,5.464261276053365e-06,0.001135002546823731,0.0008839448242736368,0.001135002546823731,0.0002441257515542264,1.467709719818679e-06,0.0002441257515542267
2,-0.032,10.78272501310633,-0.6495205452866297,-12.0,7.915107963570108,-0.032,12.0,-0.001128120643260332,-1.558114053483544e-06,0.0008691259651978537,5.369188157520972e-06,0.001135047945471337,0.0008691259651978494,0.001135047945471337,0.0002589946780624819,1.55811405348355e-06,0.0002589946780624819
2,-0.03,10.70995281678744,-0.6490398275489989,-12.0,7.987632581725236,-0.03,12.0,-0.001128173319465385,-1.652378227850517e-06,0.0008536951953776043,5.270319551870732e-06,0.0011350960172451,0.0008536951953776093,0.001135096017245101,0.0002744781240877761,1.652378227850519e-06,0.0002744781240877786
2,-0.028,10.63433169750968,-0.6485313635169223,-12.0,8.06299354267378,-0.028,12.0,-0.001128228672301382,-1.75046642797734e-06,0.0008376609483672695,5.167724918943626e-06,0.001135146863648308,0.0008376609483672808,0.001135146863648308,0.0002905677239341087,1.750466427977345e-06,0.000290567723934111
2,-0.026,10.55592039199287,-0.6479941601829908,-12.0,8.141131809221136,-0.026,12.0,-0.001128286765699146,-1.852317961769719e-06,0.000821035785272099,5.061500320785667e-06,0.001135200583981701,0.0008210357852720987,0.001135200583981701,0.000307250980427051,1.852317961769715e-06,0.0003072509804270484
2,-0.02400000000000002,10.47479785201431,-0.6474272533140375,-12.0,8.221968148883917,-0.02400000000000002,12.0,-0.001128347659383342,-1.957846013543161e-06,0.0008038365640672441,4.951769271702641e-06,0.001135257274668596,0.0008038365640672516,0.001135257274668597,0.0003245110953161009,1.957846013543158e-06,0.0003245110953161042
2,-0.02200000000000002,10.3910637957512,-0.6468297143247514,-12.0,8.30540258359298,-0.02200000000000002,12.0,-0.001128411408650167,-2.06693668898485e-06,0.0007860845566823398,4.838683228368423e-06,0.001135317028567525,0.0007860845566823448,0.001135317028567526,0.0003423268519678276,2.06693668898485e-06,0.0003423268519678292
2,-0.02000000000000002,10.3048389796993,-0.646200657188326,-12.0,8.391314118544955,-0.02000000000000002,12.0,-0.00112847806420335,-2.179448398895251e-06,0.0007678055066925618,4.722421678925433e-06,0.001135379934281168,0.0007678055066925628,0.001135379934281168,0.0003606725575107884,2.179448398895251e-06,0.0003606725575107877
2,-0.01800000000000002,10.21626516220597,-0.6455392452902325,-12.0,8.479560779163563,-0.01800000000000002,12.0,-0.001128547672049032,-2.295211624333542e-06,0.0007490296214545583,4.603191797610261e-06,0.001135446075470977,0.000749029621454561,0.001135446075470978,0.0003795180505944761,2.295211624333547e-06,0.000379518050594475
2,-0.01600000000000001,10.12550473586156,-0.6448446981270793,-12.0,8.569979978939074,-0.01600000000000001,12.0,-0.001128620273446681,-2.414029099130382e-06,0.0007297914938427534,4.481227641482826e-06,0.001135515530187292,0.0007297914938427503,0.001135515530187293,0.0003988287796039283,2.41402909913038e-06,0.0003988287796039235
2,-0.01400000000000001,10.03274001358696,-0.6441162977505208,-12.0,8.662389233330927,-0.01400000000000001,12.0,-0.001128695904911083,-2.535676437016638e-06,0.0007101299503551211,4.356788876848947e-06,0.001135588370224948,0.0007101299503551218,0.001135588370224949,0.000418565954555965,2.535676437016645e-06,0.000418565954555966
2,-0.01200000000000001,9.938172162033,-0.643353394856501,-12.0,8.756587226153854,-0.01200000000000001,12.0,-0.001128774598258107,-2.659903220282265e-06,0.0006900878242225793,4.230159035958168e-06,0.00113566466051435,0.0006900878242225842,0.001135664660514351,0.0004386867740355297,2.659903220282275e-06,0.0004386867740355319
2,-0.01000000000000001,9.84201978557555,-0.6425554144227965,-12.0,8.85235522520685,-0.01000000000000001,12.0,-0.001128856380684594,-2.786434554918649e-06,0.000669711654211302,4.101643318209339e-06,0.00113574445855772,0.0006697116542113085,0.001135744458557721,0.0004591447264732875,2.786434554918657e-06,0.0004591447264732872
2,-0.008000000000000007,9.7445171743948,-0.64172186080282,-12.0,8.949458833708107,-0.008000000000000007,12.0,-0.001128941274871724,-2.91497308437604e-06,0.0006490513119769997,3.971565963611703e-06,0.001135827813919718,0.0006490513119769985,0.001135827813919719,0.0004798899628947279,2.914973084376036e-06,0.0004798899628947236
2,-0.006000000000000005,9.645912240445547,-0.6408523221909086,-12.0,9.04765005378384,-0.006000000000000005,12.0,-0.001129029299100124,-3.045201440433071e-06,0.0006281595630247146,3.840267240352627e-06,0.001135914767780909,0.0006281595630247148,0.00113591476778091,0.0005008697360754118,3.045201440433069e-06,0.0005008697360754155
2,-0.004000000000000004,9.546464175115847,-0.6399464743836106,-12.0,9.146669628269052,-0.004000000000000004,12.0,-0.001129120467364921,-3.176785096214508e-06,0.0006070915684533955,3.708100100509247e-06,0.001136005352561639,0.0006070915684533932,0.00113600535256164,0.0005220288989115248,3.176785096214505e-06,0.0005220288989115218
2,-0.002000000000000002,9.446440871572335,-0.6390040837726487,-12.0,9.24624961787238,-0.002000000000000002,12.0,-0.001129214789479857,-3.309375573386623e-06,0.0005859043366229013,3.575426569500377e-06,0.001136099591622735,0.0005859043366228979,0.001136099591622736,0.000543310452856953,3.309375573386605e-06,0.0005433104528569499
2,0.0,9.346116162771882,-0.6380250095179125,-12.0,9.346116162771892,0.0,12.0,-0.001129312271160907,-3.442613943653256e-06,0.000564656135580454,3.442613943653252e-06,0.001136197499048209,0.0005646561355804484,0.00113619749904821,0.0005646561355804522,3.442613943653252e-06,0.0005646561355804507
2,0.002000000000000002,9.245766932484974,-0.6370092048627911,-12.0,9.445992371329432,0.002000000000000002,12.0,-0.001129412914082049,-3.576134554668177e-06,0.0005434058784405538,3.310030877003476e-06,0.001136299079513721,0.0005434058784405465,0.001136299079513722,0.0005860070356414997,3.576134554668169e-06,0.0005860070356414948
2,0.004000000000000004,9.145670161117668,-0.6359567175689722,-12.0,9.545601274160198,0.004000000000000004,12.0,-0.001129516715898327,-3.709568902546243e-06,0.0005222124948595319,3.178043442225527e-06,0.001136404328243103,0.0005222124948595323,0.001136404328243104,0.0006073042210387953,3.709568902546235e-06,0.0006073042210387941
2,0.006000000000000005,9.04609997040529,-0.6348676894632208,-12.0,9.644668779491838,0.006000000000000005,12.0,-0.001129623670234668,-3.842549567805564e-06,0.0005011343022357874,3.047011251212947e-06,0.001136513231053678,0.0005011343022357792,0.001136513231053679,0.0006284893679988802,3.842549567805565e-06,0.0006284893679988744
2,0.008000000000000007,8.94732473107172,-0.6337423551041904,-12.0,9.742926565712807,0.008000000000000007,12.0,-0.00112973376664159,-3.974714129339704e-06,0.0004802283902738724,2.917283718650054e-06,0.001136625764489581,0.0004802283902738709,0.001136625764489582,0.0006495053763677205,3.974714129339715e-06,0.000649505376367719
2,0.009999999999999981,8.84960429529989,-0.6325810395926651,-12.0,9.840114849243939,0.009999999999999981,12.0,-0.001129846990522599,-4.105708971489206e-06,0.0004595500320757576,2.789196546653427e-06,0.001136741896040734,0.0004595500320757577,0.001136741896040735,0.0006702969584468336,4.105708971489211e-06,0.0006702969584468318
2,0.01199999999999998,8.753187411459084,-0.6313841555634195,-12.0,9.935984970254331,0.01199999999999998,12.0,-0.001129963323039701,-4.235192903166045e-06,0.0004391521339884435,2.663068500792845e-06,0.001136861584443658,0.0004391521339884401,0.001136861584443659,0.0006908111890512594,4.235192903166059e-06,0.0006908111890512586
2,0.01399999999999998,8.65830937220431,-0.6301521994107498,-12.0,10.03030174506301,0.01399999999999998,12.0,-0.001130082741006963,-4.362840514276077e-06,0.0004190847350929768,2.539198537689893e-06,0.001136984780058925,0.0004190847350929758,0.001136984780058926,0.0007109980059139827,4.362840514276082e-06,0.0007109980059139768
2,0.01599999999999999,8.565189939118717,-0.628885746812336,-12.0,10.12284554200388,0.01599999999999999,12.0,-0.001130205216782424,-4.48834520371067e-06,0.0003993945655310888,2.417863332636325e-06,0.001137111425318766,0.0003993945655310894,0.001137111425318768,0.0007308106512513348,4.488345203710684e-06,0.0007308106512513367
2,0.01799999999999999,8.474031577902613,-0.6275854476271423,-12.0,10.21341404669755,0.01799999999999999,12.0,-0.001130330718170167,-4.611421824440393e-06,0.0003801246709154124,2.299315242674453e-06,0.001137241455237286,0.0003801246709154147,0.001137241455237287,0.0007502060472547595,4.611421824440395e-06,0.0007502060472547632
2,0.01999999999999999,8.38501802814945,-0.6262520202522692,-12.0,10.3018236926336,0.01999999999999999,12.0,-0.001130459208344032,-4.731808903596747e-06,0.0003613141079503003,2.183780727144402e-06,0.001137374797974773,0.0003613141079502969,0.001137374797974774,0.0007691451003937357,4.73180890359674e-06,0.0007691451003937342
2,0.02199999999999999,8.298313221455373,-0.6248862455308085,-12.0,10.3879107432665,0.02199999999999999,12.0,-0.00113059064580385,-4.849270409027196e-06,0.0003429977141986152,2.071459234043358e-06,0.001137511375446919,0.0003429977141986165,0.00113751137544692,0.0007875929316052323,4.849270409027208e-06,0.0007875929316052397
2,0.02399999999999999,8.214060551423948,-0.6234889603076621,-12.0,10.47153202201984,0.02399999999999999,12.0,-0.001130724984373673,-4.963597047799828e-06,0.0003252059527617365,1.962522547767717e-06,0.001137651103969234,0.0003252059527617354,0.001137651103969235,0.0008055190316119339,4.963597047799844e-06,0.000805519031611926
2,0.026,8.132382489466393,-0.6220610507328803,-12.0,10.55256529626113,0.026,12.0,-0.001130862173249468,-5.074607095530598e-06,0.0003079648305827402,1.857114581715968e-06,0.001137793894926712,0.0003079648305827385,0.001137793894926713,0.0008228973426667258,5.074607095530625e-06,0.000822897342666725
2,0.028,8.053380531527992,-0.6206034454123028,-12.0,10.6309093300945,0.028,12.0,-0.001131002157101592,-5.182146768168217e-06,0.0002912958872139343,1.755351589005793e-06,0.00113793965545877,0.0002912958872139354,0.00113793965545877,0.0008397062698876554,5.182146768168208e-06,0.0008397062698876612
2,0.03,7.977135453268081,-0.6191171085032557,-12.0,10.70648362842915,0.03,12.0,-0.001131144876234641,-5.286090159360482e-06,0.0002752162492703968,1.657322755673121e-06,0.001138088289149674,0.0002752162492703942,0.001138088289149675,0.0008559286269642433,5.286090159360463e-06,0.000855928626964238
2,0.032,7.903707845006062,-0.6176030328488674,-12.0,10.77922790101141,0.032,12.0,-0.00113129026680479,-5.386338776241544e-06,0.0002597387444656578,1.563091134079055e-06,0.001138239696715113,0.0002597387444656567,0.001138239696715114,0.0008715515223391369,5.386338776241562e-06,0.0008715515223391356
2,0.034,7.833138893028136,-0.6160622332384478,-12.0,10.84910127983681,0.034,12.0,-0.001131438261092564,-5.482820714171389e-06,0.000244872068119831,1.472694869419771e-06,0.001138393776676155,0.0002448720681198287,0.001138393776676156,0.0008865661929727381,5.482820714171387e-06,0.0008865661929727371
2,0.036,7.765451370673346,-0.6144957398736122,-12.0,10.91608132654391,0.036,12.0,-0.001131588787826107,-5.575489517034015e-06,0.0002306209943523582,1.386148669493264e-06,0.001138550426012639,0.0002306209943523603,0.001138550426012639,0.0009009677934737523,5.575489517034018e-06,0.0009009677934737562
2,0.03800000000000001,7.7006508009389,-0.6129045921107349,-12.0,10.98016286808009,0.03800000000000001,12.0,-0.001131741772549141,-5.664322772895763e-06,0.0002169866238127456,1.303445466885101e-06,0.001138709540788927,0.0002169866238127469,0.001138709540788927,0.0009147551487364,5.664322772895737e-06,0.0009147551487364043
2,0.03999999999999998,7.638726752061213,-0.6112898325402397,-12.0,11.04135669921946,0.03999999999999998,12.0,-0.001131897138025383,-5.749320496993303e-06,0.0002039666597405381,1.22455822360421e-06,0.001138871016745976,0.0002039666597405397,0.001138871016745976,0.0009279304782848412,5.749320496993327e-06,0.0009279304782848483
2,0.04199999999999998,7.579654228478061,-0.6096525014525699,-12.0,11.0996881895679,0.04199999999999998,12.0,-0.001132054804671074,-5.830503353411989e-06,0.0001915557043472547,1.149441830257062e-06,0.001139034749854743,0.0001915557043472562,0.001139034749854743,0.00094049910032382,5.830503353412001e-06,0.0009404991003238168
2,0.04399999999999998,7.523395121571114,-0.6079936317297667,-12.0,11.15519583069934,0.04399999999999998,12.0,-0.001132214691006292,-5.907910765421132e-06,0.0001797455679363098,1.078035055311392e-06,0.001139200636827024,0.0001797455679363104,0.001139200636827024,0.0009524691230699744,5.907910765421125e-06,0.0009524691230699757
2,0.04599999999999999,7.469899687407852,-0.6063142441907695,-12.0,11.20792975624834,0.04599999999999999,12.0,-0.001132376714115707,-5.981598961016249e-06,0.0001685255837769476,1.01026250420252e-06,0.001139368575580923,0.0001685255837769481,0.001139368575580923,0.0009638511303387569,5.981598961016211e-06,0.0009638511303387548
2,0.04799999999999999,7.419108022128682,-0.6046153434081564,-12.0,11.25795026435437,0.04799999999999999,12.0,-0.001132540790109986,-6.05163899628956e-06,0.0001578829224777928,9.46036552907586e-07,0.001139538465659184,0.0001578829224777928,0.001139538465659185,0.0009746578676321911,6.051638996289557e-06,0.0009746578676321952
2,0.04999999999999999,7.37095150944725,-0.6028979140043049,-12.0,11.30532636802978,0.04999999999999999,12.0,-0.00113270683457935,-6.118114794446783e-06,0.0001478029004191948,8.852592257714459e-07,0.001139710208599569,0.0001478029004191954,0.00113971020859957,0.0009849039341601514,6.11811479444676e-06,0.0009849039341601597
2,0.05199999999999999,7.325354218748484,-0.6011629174260914,-12.0,11.3501343950018,0.05199999999999999,12.0,-0.00113287476303185,-6.181121232807525e-06,0.00013826927765919,8.278239927279796e-07,0.001139883708257391,0.0001382692776591913,0.001139883708257391,0.0009946054853726594,6.181121232807526e-06,0.000994605485372663
2,0.05399999999999999,7.282234236309985,-0.5994112891894156,-12.0,11.39245665453299,0.05399999999999999,12.0,-0.001133044491310006,-6.240762304839162e-06,0.0001292645415887266,7.736174662133296e-07,0.001140058871081058,0.0001292645415887254,0.001140058871081059,0.001003779949721278,6.240762304839174e-06,0.00100377994972128
2,0.05599999999999999,7.241504916091706,-0.5976439365781102,-12.0,11.43238018480037,0.05599999999999999,12.0,-0.001133215935980396,-6.297149378740826e-06,0.0001207701734467298,7.22520983043423e-07,0.001140235606342189,0.0001207701734467308,0.001140235606342189,0.001012445762533667,6.297149378740847e-06,0.001012445762533679
2,0.058,7.203076040222704,-0.5958617367762392,-12.0,11.46999559072415,0.058,12.0,-0.001133389014692147,-6.350399569105916e-06,0.0001127668955906052,6.744120611125845e-07,0.001140413826322376,0.0001127668955906065,0.001140413826322376,0.001020622119101548,6.35039956910593e-06,0.001020622119101553
2,0.06,7.166854882675912,-0.5940655354083871,-12.0,11.50539597876788,0.06,12.0,-0.001133563646501327,-6.400634232996039e-06,0.0001052348981344926,6.291657248410567e-07,0.001140593446459161,0.0001052348981344926,0.001140593446459161,0.001028328748366832,6.40063423299603e-06,0.001028328748366827
2,0.062,7.132747172613,-0.5922561454592417,-12.0,11.53867599223825,0.062,12.0,-0.001133739752159309,-6.447977597834112e-06,9.815404420462806e-05,5.866556969279136e-07,0.001140774385454076,9.815404420462799e-05,0.001140774385454076,0.001035585707954684,6.44797759783412e-06,0.001035585707954681
2,0.064,7.100657956462325,-0.5904343465415259,-12.0,11.56993094802475,0.064,12.0,-0.001133917254364452,-6.492555524394092e-06,9.150405361175453e-05,5.467554570009496e-07,0.001140956565345847,9.15040536117554e-05,0.001140956565345847,0.0010424132007527,6.492555524394123e-06,0.001042413200752697
2,0.066,7.070492359963,-0.5886008844800185,-12.0,11.59925607354611,0.066,12.0,-0.001134096077976793,-6.534494404930095e-06,8.526466520295521e-05,5.09339170271734e-07,0.001141139911551998,8.526466520295454e-05,0.001141139911551998,0.001048831412773842,6.534494404930098e-06,0.00104883141277383
2,0.068,7.042156253173423,-0.5867564711789219,-12.0,11.62674584090179,0.068,12.0,-0.001134276150196774,-6.573920194025415e-06,7.941577853153397e-05,4.742824913143754e-07,0.001141324352882108,7.941577853153393e-05,0.001141324352882108,0.001054860371665237,6.573920194025395e-06,0.001054860371665229
2,0.07,7.015556822824159,-0.5849017847400626,-12.0,11.65249339384246,0.07,12.0,-0.001134457400709234,-6.610957567136321e-06,7.393757577820023e-05,4.414632496245275e-07,0.001141509821525994,7.393757577820024e-05,0.001141509821525994,0.001060519824931037,6.610957567136335e-06,0.00106051982493103
2,0.07200000000000001,6.990603057426053,-0.58303746980023,-12.0,11.67659006213894,0.07200000000000001,12.0,-0.001134639761794685,-6.645729200590156e-06,6.88106250768217e-05,4.107620247024239e-07,0.001141696253019977,6.881062507682198e-05,0.001141696253019977,0.00106582913671786,6.645729200590184e-06,0.001065829136717861
2,0.07400000000000001,6.967206151263934,-0.5811641380572478,-12.0,11.69912495720932,0.07400000000000001,12.0,-0.00113482316840994,-6.678355165186585e-06,6.401596655120851e-05,3.820626191426922e-07,0.001141883586194275,6.40159665512083e-05,0.001141883586194275,0.00107080720185873,6.678355165186601e-06,0.001070807201858737
2,0.07600000000000001,6.945279833852472,-0.5792823689560246,-12.0,11.72018464241596,0.07600000000000001,12.0,-0.001135007558240764,-6.708952425035633e-06,5.953518246469004e-05,3.552524385966215e-07,0.001142071763104398,5.953518246468971e-05,0.001142071763104398,0.001075472375776072,6.708952425035639e-06,0.00107547237577607
2,0.07800000000000001,6.924740631646372,-0.5773927105077468,-12.0,11.73985287122743,0.07800000000000001,12.0,-0.001135192871728971,-6.737634432627394e-06,5.535045293033308e-05,3.302227876236759e-07,0.001142260728949225,5.535045293033316e-05,0.001142260728949225,0.00107984241879864,6.737634432627405e-06,0.001079842418798644
2,0.08000000000000002,6.905508068823564,-0.5754956802174559,-12.0,11.7582103864146,0.08000000000000002,12.0,-0.001135379052076983,-6.764510810924567e-06,5.14445986351921e-05,3.068690903410348e-07,0.001142450431978255,5.14445986351915e-05,0.001142450431978255,0.00108393445344179,6.764510810924543e-06,0.001083934453441795
2,0.08200000000000002,6.887504813832371,-0.5735917660974434,-12.0,11.77533477357627,0.08200000000000002,12.0,-0.001135566045232212,-6.78968711352424e-06,4.780111200504825e-05,2.850910445246888e-07,0.001142640823390256,4.780111200504844e-05,0.001142640823390256,0.001087764933227164,6.789687113524273e-06,0.001087764933227155
2,0.08400000000000002,6.870656778150605,-0.5716814277460935,-12.0,11.79130036253525,0.08400000000000002,12.0,-0.001135753799854074,-6.813264653890714e-06,4.44041781839886e-05,2.647927174234387e-07,0.001142831857225391,4.440417818398871e-05,0.001142831857225391,0.001091349621670085,6.813264653890698e-06,0.001091349621670084
2,0.08600000000000002,6.854893172730135,-0.5697650981105185,-12.0,11.80617817134374,0.08600000000000002,12.0,-0.001135942267266236,-6.835340395304185e-06,4.12386871324379e-05,2.458825910585525e-07,0.001143023490188948,4.123868694814039e-05,0.0011430234902526,0.001094703580133796,6.835340395304186e-06,0.001094703580270184
2,0.08800000000000002,6.84014653182577,-0.5678431820141285,-12.0,11.82003588180673,0.08800000000000002,12.0,-0.001136131401396232,-6.85600689341294e-06,3.829023806351287e-05,2.282735642283629e-07,0.001143215681798587,3.829023791346139e-05,0.001143215681853871,0.001097841163332722,6.856006893412968e-06,0.001097841163441326
2,0.08999999999999997,6.826352699207007,-0.5659160614115174,-12.0,11.83293785504853,0.08999999999999997,12.0,-0.00113632115870482,-6.875352284105187e-06,3.554513734561596e-05,2.118829178574788e-07,0.001143408393858848,3.554513722371682e-05,0.001143408393906783,0.001100776021359201,6.875352284105199e-06,0.001100776021445318
2,0.09199999999999997,6.813450795820771,-0.563984093749861,-12.0,11.84494516322102,0.09199999999999997,12.0,-0.001136511498107102,-6.893460309716665e-06,3.299039090291183e-05,1.966322497239857e-07,0.001143601590625014,3.299039080403833e-05,0.001143601590666552,0.001103521107204196,6.893460309716698e-06,0.001103521107272176
2,0.09399999999999997,6.80138316220456,-0.5620476138736547,-12.0,11.85611564775091,0.09399999999999997,12.0,-0.00113670238088719,-6.91041037740656e-06,3.061369204796132e-05,1.824473840033853e-07,0.001143795238612635,3.061369196789154e-05,0.0011437952386486,0.001106088688839227,6.910410377406563e-06,0.001106088688892647
2,0.09599999999999997,6.790095284194603,-0.5601069351858515,-12.0,11.86650399405584,0.09599999999999997,12.0,-0.001136893770607996,-6.926277644053971e-06,2.840340558478119e-05,1.692582604828943e-07,0.001143989306481415,2.840340552003477e-05,0.001143989306512533,0.001108490365023213,6.926277644053996e-06,0.001108490365064978
2,0.09799999999999998,6.779535704624668,-0.5581623507866785,-12.0,11.87616182028483,0.09799999999999998,12.0,-0.001137085633017781,-6.941133122717164e-06,2.634854892785089e-05,1.569988077426848e-07,0.001144183764921332,2.634854887556732e-05,0.001144183764948237,0.001110737084089926,6.941133122717168e-06,0.001110737084122411
2,0.09999999999999998,6.769655924099293,-0.5562141345853931,-12.0,11.88513777699428,0.09999999999999998,12.0,-0.001137277935954592,-6.955043806037669e-06,2.443877089444715e-05,1.456068040739541e-07,0.001144378586541461,2.443877085228069e-05,0.001144378586564707,0.001112839165060145,6.955043806037658e-06,0.001112839165085257
2,0.102,6.76041029353779,-0.5542625423800974,-12.0,11.8934776550576,0.102,12.0,-0.001137470649249715,-6.968072802930586e-06,2.266432874511472e-05,1.350237294176626e-07,0.00114457374576199,2.266432871114893e-05,0.001144573745782064,0.001114806320504597,6.968072802930586e-06,0.001114806320523874
2,0.104,6.751755900826636,-0.5523078129019178,-12.0,11.90122449946647,0.104,12.0,-0.001137663744631125,-6.980279484851911e-06,2.101606397063575e-05,1.251946111534914e-07,0.001144769218709808,2.10160639433052e-05,0.001144769218727133,0.001116647680660489,6.980279484851865e-06,0.001116647680675184
2,0.106,6.743652453590462,-0.5503501688207816,-12.0,11.90841872701026,0.106,12.0,-0.001137857195627759,-6.991719638948426e-06,1.948537725382844e-05,1.160678661593241e-07,0.001144964983117922,1.948537723186011e-05,0.001144964983132866,0.00111837181837393,6.991719638948423e-06,0.001118371818385008
2,0.108,6.736062159791437,-0.5483898177108186,-12.0,11.91509824611935,0.108,12.0,-0.001138050977475136,-7.002445625465212e-06,1.806420297097121e-05,1.075951411953852e-07,0.001145161018228918,1.806420295332956e-05,0.001145161018241802,0.00111998677450417,7.002445625465224e-06,0.00111998677451246
2,0.11,6.728949607602668,-0.5464269529741037,-12.0,11.92129857742622,0.11,12.0,-0.001138245067023181,-7.012506537186454e-06,1.674498354049162e-05,9.973115332765384e-08,0.00114535730470259,1.674498352633676e-05,0.001145357304713693,0.001121500083482687,7.01250653718647e-06,0.001121500083488794
2,0.112,6.722281645756992,-0.544461754722046,-12.0,11.92705297383828,0.112,12.0,-0.001138439442646225,-7.021948359319223e-06,1.552064387554262e-05,9.243353181820094e-08,0.001145553824527795,1.55206438641948e-05,0.00114555382453736,0.001122918798770677,7.021948359319202e-06,0.001122918798775108
2,0.114,6.716027265365734,-0.5424943906142203,-12.0,11.93239253912871,0.114,12.0,-0.001138634084156054,-7.030814128109231e-06,1.438456615191824e-05,8.566266264403701e-08,0.001145750560938578,1.438456614282808e-05,0.001145750560946814,0.001124249518004135,7.030814128109239e-06,0.001124249518007291
2,0.116,6.710157484011939,-0.5405250166548538,-12.0,11.93734634423802,0.116,12.0,-0.001138828972717873,-7.039144087139717e-06,1.33305650630172e-05,7.938153658165813e-08,0.001145947498334515,1.333056505574097e-05,0.001145947498341604,0.001125498407654854,7.039144087139733e-06,0.001125498407657034
2,0.118,6.704645232760948,-0.5385537779475225,-12.0,11.94194154064271,0.118,12.0,-0.001139024090769573,-7.04697584018008e-06,1.235286369886285e-05,7.355560159473848e-08,0.001146144622205248,1.235286369304135e-05,0.001146144622211348,0.001126671227070705,7.046975840180092e-06,0.001126671227072139
2,0.12,6.699465246591126,-0.5365808094088876,-12.0,11.94620347028826,0.12,12.0,-0.001139219421944336,-7.054344499936498e-06,1.144607015608887e-05,6.815262009089035e-08,0.001146341919059111,1.144607015143432e-05,0.001146341919064359,0.001127773351788241,7.054344499936489e-06,0.001127773351789122
2,0.122,6.694593958624178,-0.534606236442523,-12.0,11.95015577170608,0.122,12.0,-0.001139414950996795,-7.061282831996236e-06,1.060515495987229e-05,6.314253146773656e-08,0.001146539376355748,1.060515495615338e-05,0.001146539376360261,0.001128809796036924,7.06128283199626e-06,0.001128809796037409
2,0.124,6.690009398431743,-0.5326301755740561,-12.0,11.95382048203785,0.124,12.0,-0.001139610663732648,-7.067821393584734e-06,9.825429356618006e-06,5.849732024128069e-08,0.001146736982442594,9.825429353648565e-06,0.001146736982446474,0.001129785234376028,7.067821393584746e-06,0.001129785234376225
2,0.126,6.685691094605624,-0.5306527350489827,-12.0,11.95721813477948,0.126,12.0,-0.001139806546941714,-7.073988666775686e-06,9.102524517374382e-06,5.419088994592249e-08,0.001146934726495102,9.102524515004035e-06,0.001146934726498437,0.001130704022424343,7.073988666775663e-06,0.001130704022424335
2,0.128,6.681619981706016,-0.5286740153945982,-12.0,11.9603678531312,0.128,12.0,-0.00114000258833455,-7.079811185951705e-06,8.43237167610365e-06,5.019894290465865e-08,0.00114713259846054,8.432371674212556e-06,0.001147132598463406,0.001131570216658448,7.079811185951721e-06,0.001131570216658294
2,0.13,6.677778311638321,-0.5266941099475637,-12.0,11.96328743890272,0.13,12.0,-0.001140198776482386,-7.085313659422915e-06,7.811183213696332e-06,4.649886589624642e-08,0.001147330589005244,7.81118321218767e-06,0.001147330589007706,0.001132387593268684,7.085313659422915e-06,0.001132387593268442
2,0.132,6.674149569459489,-0.5247131053486549,-12.0,11.96599345697359,0.132,12.0,-0.001140395100760421,-7.090519085144999e-06,7.235434687672551e-06,4.306962168410211e-08,0.001147528689465135,7.23543468647008e-06,0.00114752868946725,0.001133159666072746,7.090519085145e-06,0.001133159666072449
2,0.134,6.670718393571255,-0.522731082006265,-12.0,11.96850131535122,0.134,12.0,-0.001140591551294391,-7.095448860484899e-06,6.701847798570956e-06,3.989164632328803e-08,0.001147726891799373,6.701847797612276e-06,0.00114772689180119,0.001133889703495816,7.095448860484899e-06,0.001133889703495478
2,0.136,6.667470500225214,-0.5207481145302262,-12.0,11.97082534090257,0.136,12.0,-0.001140788118910092,-7.100122886327511e-06,6.207374276812578e-06,3.694675212311486e-08,0.001147925188546977,6.207374276048606e-06,0.001147925188548537,0.001134580744633278,7.100122886327534e-06,0.001134580744632933
2,0.138,6.664392612236798,-0.5187642721375016,-12.0,11.97297885086277,0.138,12.0,-0.001140984795086157,-7.104559665317314e-06,5.749180668103042e-06,3.421803611029472e-08,0.00114812357278625,5.749180667495384e-06,0.001148123572787589,0.001135235614418054,7.104559665317337e-06,0.001135235614417703
2,0.14,6.661472391784695,-0.5167796190312758,-12.0,11.97497422024462,0.14,12.0,-0.001141181571909484,-7.108776394722148e-06,5.324633990989756e-06,3.168979381742468e-08,0.001148322038096872,5.324633990505936e-06,0.001148322038098022,0.001135856937918493,7.108776394722141e-06,0.00113585693791815
2,0.142,6.658698377157187,-0.51479421475492,-12.0,11.97682294528868,0.142,12.0,-0.001141378442033505,-7.112789053791074e-06,4.931288236835776e-06,2.934743819995494e-08,0.001148520578524508,4.931288236450386e-06,0.001148520578525495,0.001136447153796664,7.112789053791065e-06,0.001136447153796343
2,0.144,6.65605992329378,-0.5128081145222885,-12.0,11.9785357031053,0.144,12.0,-0.001141575398639101,-7.116612486038959e-06,4.566871680030894e-06,2.717742347601248e-08,0.001148719188547771,4.566871679723564e-06,0.001148719188548618,0.001137008526959069,7.116612486038955e-06,0.00113700852695877
2,0.146,6.653547145964364,-0.5108213695257304,-12.0,11.98012240766755,0.146,12.0,-0.00114177243539798,-7.120260476496091e-06,4.229274964596273e-06,2.516717367380674e-08,0.001148917863047427,4.229274964351988e-06,0.001148917863048154,0.001137543160433387,7.120260476496085e-06,0.001137543160433114
2,0.148,6.651150869422466,-0.5088340272231594,-12.0,11.981592262319,0.148,12.0,-0.001141969546438423,-7.123745824211687e-06,3.916539932320746e-06,2.330501566741314e-08,0.001149116597277684,3.916539932126647e-06,0.001149116597278308,0.001138053006506096,7.123745824211681e-06,0.001138053006505858
2,0.15,6.648862577367115,-0.5068461316054662,-12.0,11.98295380896244,0.15,12.0,-0.001142166726313233,-7.127080410273258e-06,3.626849157081839e-06,2.158011648043794e-08,0.001149315386839453,3.626849156927211e-06,0.001149315386839989,0.001138539877156147,7.127080410273249e-06,0.001138539877155933
2,0.152,6.64667436704725,-0.5048577234454976,-12.0,11.98421497409578,0.152,12.0,-0.001142363969969889,-7.130275261386623e-06,3.358516149957767e-06,1.998242463810169e-08,0.00114951422765545,3.358516149834854e-06,0.001149514227655909,0.001139005453819929,7.130275261386622e-06,0.001139005453819734
2,0.154,6.64457890634497,-0.5028688405297705,-12.0,11.98538311186024,0.154,12.0,-0.001142561272722572,-7.133340609494342e-06,3.109976200047117e-06,1.850261535138714e-08,0.001149713115947023,3.109976199949911e-06,0.001149713115947417,0.001139451296522521,7.133340609494318e-06,0.001139451296522347
2,0.156,6.642569393675185,-0.5008795178740316,-12.0,11.98646504426279,0.156,12.0,-0.001142758630226197,-7.136285947416139e-06,2.879777816506056e-06,1.713203932114956e-08,0.001149912048212597,2.879777816428457e-06,0.001149912048212935,0.00113987885240969,7.136285947416144e-06,0.001139878852409535
2,0.158,6.64063952054517,-0.4988897879237066,-12.0,11.98746709873107,0.158,12.0,-0.001142956038452074,-7.139120080891264e-06,2.666574738132298e-06,1.586267495627611e-08,0.001150111021207629,2.666574738070574e-06,0.001150111021207919,0.001140289463713938,7.139120080891276e-06,0.001140289463713794
2,0.16,6.638783436619215,-0.4968996807402423,-12.0,11.98839514315449,0.16,12.0,-0.001143153493665346,-7.141851177071728e-06,2.469118477816712e-06,1.468708380626116e-08,0.001150310031925976,2.469118477767764e-06,0.001150310031926225,0.001140684375187527,7.141851177071702e-06,0.001140684375187401
2,0.162,6.63699571714254,-0.4949092241742689,-12.0,11.98925461855975,0.162,12.0,-0.001143350992403916,-7.144486809850409e-06,2.286251370305021e-06,1.359836901634686e-08,0.001150509077582573,2.286251370265591e-06,0.001150509077582786,0.001141064741033615,7.144486809850431e-06,0.001141064741033502
2,0.164,6.635271332580629,-0.4929184440264736,-12.0,11.99005056956338,0.164,12.0,-0.001143548531458864,-7.147034002053544e-06,2.116900092927587e-06,1.259013662053207e-08,0.001150708155597353,2.116900092896809e-06,0.001150708155597536,0.001141431631365937,7.147034002053551e-06,0.001141431631365824
2,0.166,6.633605620338745,-0.4909273641970126,-12.0,11.99078767273802,0.166,12.0,-0.001143746107856125,-7.149499264836409e-06,1.960069630233678e-06,1.165645949668771e-08,0.001150907263580299,1.960069630209069e-06,0.001150907263580456,0.00114178603822589,7.149499264836419e-06,0.001141786038225799
2,0.168,6.631994258431443,-0.4889360068242452,-12.0,11.99147026302261,0.168,12.0,-0.001143943718839656,-7.151888634242239e-06,1.814837654783721e-06,1.079184381572324e-08,0.001151106399317576,1.814837654764305e-06,0.00115110639931771,0.001142128881184863,7.1518886342422e-06,0.001142128881184799
2,0.17,6.630433240978336,-0.4869443924135191,-12.0,11.99210235830094,0.17,12.0,-0.001144141361855549,-7.154207705386895e-06,1.680349297687335e-06,9.9911978250724e-09,0.001151305560758648,1.680349297671948e-06,0.001151305560758764,0.001142461012557863,7.1542077053869e-06,0.001142461012557801
2,0.172,6.628918855408092,-0.4849525399567011,-12.0,11.99268768226615,0.172,12.0,-0.001144339034537459,-7.156461664155491e-06,1.555812283809997e-06,9.249802815453021e-09,0.00115150474600433,1.555812283797611e-06,0.001151504746004429,0.001142783222253649,7.156461664155496e-06,0.001142783222253598
2,0.174,6.627447661260726,-0.4829604670430865,-12.0,11.99322968568294,0.174,12.0,-0.001144536734692891,-7.158655316752531e-06,1.440492407894011e-06,8.56328612760832e-09,0.001151703953295691,1.440492407884891e-06,0.001151703953295776,0.001143096242285002,7.158655316752524e-06,0.001143096242284952
2,0.176,6.626016470481044,-0.4809681899623003,-12.0,11.99373156615309,0.176,12.0,-0.001144734460290659,-7.160793117121677e-06,1.33370932913778e-06,7.927596063817322e-09,0.00115190318100377,1.333709329130331e-06,0.001151903181003843,0.001143400750961518,7.160793117121653e-06,0.00114340075096148
2,0.178,6.624622329106132,-0.4789757237997421,-12.0,11.99419628648372,0.178,12.0,-0.001144932209449019,-7.162879192498725e-06,1.234832663044893e-06,7.338978576917221e-09,0.001152102427620026,1.2348326630385e-06,0.001152102427620088,0.00114369737678597,7.162879192498708e-06,0.001143697376785929
2,0.18,6.623262500251181,-0.4769830825251092,-12.0,11.99462659175228,0.18,12.0,-0.001145129980424819,-7.164917367100821e-06,1.143278350582613e-06,6.793955616707838e-09,0.001152301691747489,1.143278350577715e-06,0.001152301691747543,0.001143986702074237,7.164917367100809e-06,0.001143986702074217
2,0.182,6.621934448307614,-0.4749902790744825,-12.0,11.99502502515641,0.182,12.0,-0.001145327771603429,-7.166911184142369e-06,1.058505285874921e-06,6.289305021171091e-09,0.001152500972092552,1.058505285870897e-06,0.001152500972092598,0.001144269266317559,7.166911184142372e-06,0.001144269266317529
2,0.184,6.620635824269359,-0.4729973254264358,-12.0,11.99539394273148,0.184,12.0,-0.001145525581489213,-7.168863926341261e-06,9.800121847937748e-07,5.822041846630713e-09,0.001152700267457357,9.800121847906467e-07,0.001152700267457396,0.001144545569304415,7.168863926341297e-06,0.001144545569304392
2,0.186,6.619364452110876,-0.4710042326725929,-12.0,11.99573552701387,0.186,12.0,-0.001145723408696883,-7.170778634848141e-06,9.073346779025529e-07,5.389401037658246e-09,0.001152899576732741,9.073346779002544e-07,0.001152899576732775,0.001144816074018984,7.170778634848167e-06,0.001144816074018963
2,0.188,6.61811831614341,-0.4690110110830311,-12.0,11.99605179972246,0.188,12.0,-0.001145921251943454,-7.172658126925638e-06,8.400426122447815e-07,4.988821343839411e-09,0.001153098898891697,8.400426122424949e-07,0.001153098898891726,0.001145081209331207,7.172658126925602e-06,0.001145081209331189
2,0.19,6.616895549282195,-0.4670176701669017,-12.0,11.99634463352694,0.19,12.0,-0.001146119110040632,-7.174505012305027e-06,7.77737547460546e-07,4.617930396422199e-09,0.00115329823298331,7.777375474592145e-07,0.001153298232983335,0.001145341372493171,7.174505012305042e-06,0.00114534137249315
2,0.192,6.615694422160229,-0.4650242187286087,-12.0,11.99661576296655,0.192,12.0,-0.001146316981887933,-7.176321708365643e-06,7.200504326515694e-07,4.274530863598853e-09,0.001153497578127139,7.200504326499352e-07,0.001153497578127161,0.00114559693145528,7.176321708365663e-06,0.00114559693145527
2,0.194,6.614513333030025,-0.4630306649198705,-12.0,11.99686679457888,0.194,12.0,-0.001146514866466198,-7.178110454218889e-06,6.666394513036239e-07,3.956587608473659e-09,0.001153696933508013,6.66639451302919e-07,0.001153696933508031,0.001145848227014895,7.178110454218896e-06,0.001145848227014888
2,0.196,6.613350798396645,-0.4610370162879598,-12.0,11.99709921629465,0.196,12.0,-0.001146712762831646,-7.179873323791565e-06,6.171880224149039e-07,3.662215778862977e-09,0.001153896298371204,6.171880224141062e-07,0.00115389629837122,0.001146095574809232,7.179873323791573e-06,0.001146095574809224
2,0.198,6.612205444331631,-0.4590432798203974,-12.0,11.99731440615018,0.198,12.0,-0.001146910670110254,-7.181612237949607e-06,5.714029467697377e-07,3.389669762747143e-09,0.00115409567201796,5.714029467695586e-07,0.001154095672017974,0.001146339267163481,7.181612237949585e-06,0.001146339267163483
2,0.2,6.611075998418206,-0.4570494619863614,-12.0,11.9975136403662,0.2,12.0,-0.001147108587492687,-7.183328975738864e-06,5.290126880428157e-07,3.137332947810403e-09,0.001154295053801364,5.290126880424245e-07,0.001154295053801376,0.001146579574804644,7.183328975738891e-06,0.001146579574804637
3,-0.2,11.99891737913682,-0.6354971848064532,-12.0,9.587891712214102,-0.2,12.0,-0.0005134448741806502,-1.356823530937436e-09,0.0005132145293161446,3.122078777343306e-06,0.0005165683097815248,0.0005132145293161485,0.0005165683097815248,2.303448645052887e-07,1.356823530937437e-09,2.303448645055811e-07
3,-0.198,11.99883041353884,-0.6354962342061619,-12.0,9.58797845232344,-0.198,12.0,-0.0005134449221569633,-1.466798668493024e-09,0.0005131960739737375,3.121964034995888e-06,0.0005165683529906289,0.000513196073973736,0.00051656835299063,2.488481832262404e-07,1.466798668493024e-09,2.488481832258271e-07
3,-0.196,11.99873646553906,-0.6354952072453603,-12.0,9.588072156732494,-0.196,12.0,-0.0005134449739847714,-1.585605615058717e-09,0.0005131761368654254,3.121840080280323e-06,0.0005165683996706654,0.0005131761368654268,0.0005165683996706703,2.688371193493828e-07,1.585605615058719e-09,2.688371193499205e-07
3,-0.194,11.99863497516228,-0.6354940977936744,-12.0,9.588173383964545,-0.194,12.0,-0.0005134450299730149,-1.713952867276186e-09,0.0005131545991564775,3.121706174408553e-06,0.0005165684501002875,0.0005131545991564798,0.0005165684501002932,2.904308165365575e-07,1.713952867276184e-09,2.90430816536394e-07
3,-0.192,11.99852533763069,-0.6354928992294036,-12.0,9.588282737229115,-0.192,12.0,-0.0005134450904553658,-1.852605626406949e-09,0.000513131332504448,3.121561519496048e-06,0.0005165685045804817,0.0005131313325044437,0.0005165685045804882,3.137579509180992e-07,1.85260562640695e-09,3.137579509176917e-07
3,-0.19,11.99840689979706,-0.6354916043999536,-12.0,9.588400867979608,-0.19,12.0,-0.0005134451557922042,-2.002390314703325e-09,0.0005131061983022127,3.121405253858004e-06,0.0005165685634363657,0.000513106198302211,0.0005165685634363734,3.389574899880622e-07,2.002390314703331e-09,3.389574899877799e-07
3,-0.188,11.99827895629696,-0.6354902055794714,-12.0,9.588528479751105,-0.188,12.0,-0.000513445226372759,-2.164199447778694e-09,0.000513079046861474,3.12123644691802e-06,0.0005165686270191149,0.000513079046861467,0.0005165686270191239,3.661795112842296e-07,2.164199447778693e-09,3.661795112841954e-07
3,-0.186,11.99814074539835,-0.635488694423042,-12.0,9.58866633229988,-0.186,12.0,-0.0005134453026174085,-2.338996890495149e-09,0.0005130497165319525,3.12105409375599e-06,0.0005165686957080435,0.0005130497165319405,0.000516568695708054,3.955860854566231e-07,2.338996890495158e-09,3.955860854566049e-07
3,-0.184,11.99799144452528,-0.6354870619172476,-12.0,9.58881524606803,-0.184,12.0,-0.0005134453849801584,-2.527823525771574e-09,0.000513018032751491,3.120857109181004e-06,0.0005165687699128523,0.0005130180327514829,0.0005165687699128646,4.273522286650379e-07,2.527823525771569e-09,4.27352228664682e-07
3,-0.182,11.99783016543086,-0.6354852983268051,-12.0,9.588976106998018,-0.182,12.0,-0.0005134454739513109,-2.731803367962743e-09,0.0005129838070217082,3.120644321386363e-06,0.0005165688500760543,0.0005129838070216982,0.0005165688500760687,4.616669296041319e-07,2.73180336796274e-09,4.616669296033801e-07
3,-0.18,11.99765594899288,-0.6354833931369789,-12.0,9.589149871723414,-0.18,12.0,-0.0005134455700603778,-2.952150154649524e-09,0.0005129468358035429,3.120414465076257e-06,0.0005165689366755918,0.0005129468358035288,0.0005165689366756086,4.9873425683536e-07,2.952150154649522e-09,4.987342568346535e-07
3,-0.178,11.99746775960321,-0.6354813349914333,-12.0,9.589337573164826,-0.178,12.0,-0.0005134456738791616,-3.19017445317271e-09,0.0005129068993266531,3.120166174067911e-06,0.0005165690302276621,0.0005129068993266327,0.0005165690302276816,5.387745525085267e-07,3.190174453172699e-09,5.387745525079456e-07
3,-0.176,11.99726447912078,-0.6354791116251761,-12.0,9.589540326561163,-0.176,12.0,-0.0005134457860251338,-3.447291320737468e-09,0.0005128637603061506,3.119897973333531e-06,0.0005165691312897647,0.0005128637603061354,0.0005165691312897876,5.820257189833661e-07,3.44729132073747e-09,5.82025718982251e-07
3,-0.174,11.99704490035503,-0.6354767097922085,-12.0,9.589759335969184,-0.174,12.0,-0.0005134459071650869,-3.72502855969109e-09,0.0005128171625597724,3.119608270370997e-06,0.0005165692404639906,0.000512817162559748,0.0005165692404640171,6.28744605313198e-07,3.725028559691086e-09,6.287446053119356e-07
3,-0.172,11.99680772004517,-0.6354741151874743,-12.0,9.589995901265716,-0.172,12.0,-0.0005134460380189923,-4.02503561234176e-09,0.0005127668295179632,3.119295345998196e-06,0.0005165693584005693,0.0005127668295179326,0.0005165693584006005,6.792085010288884e-07,4.025035612341749e-09,6.792085010275324e-07
3,-0.17,11.99655153129775,-0.6354713123626686,-12.0,9.590251425690425,-0.17,12.0,-0.0005134461793642434,-4.349093142774886e-09,0.000512712462619081,3.11895734434401e-06,0.0005165694858016969,0.0005127124626190584,0.0005165694858017332,7.337167451625696e-07,4.349093142774895e-09,7.337167451605233e-07
3,-0.168,11.99627481544283,-0.6354682846354317,-12.0,9.59052742396836,-0.168,12.0,-0.0005134463320402177,-4.6991233562733e-09,0.0005126537395812394,3.118592262135026e-06,0.0005165696234256621,0.0005126537395811998,0.0005165696234257045,7.925924589756194e-07,4.699123356273298e-09,7.925924589732315e-07
3,-0.166,11.99597593326641,-0.6354650139914302,-12.0,9.590825531054143,-0.166,12.0,-0.0005134464969531183,-5.077201110170201e-09,0.0005125903125417135,3.118197937123323e-06,0.0005165697720912986,0.0005125903125416716,0.000516569772091348,8.561844114047298e-07,5.077201110170188e-09,8.561844114014694e-07
3,-0.164,11.995653115574,-0.63546148097877,-12.0,9.591147511544136,-0.164,12.0,-0.0005134466750812963,-5.485565873485772e-09,0.0005125218060544849,3.117772035670274e-06,0.0005165699326827831,0.0005125218060544391,0.0005165699326828409,9.248690268118757e-07,5.48556587348577e-09,9.248690268079337e-07
3,-0.162,11.99530445303751,-0.6354576645941746,-12.0,9.591495269802373,-0.162,12.0,-0.0005134468674809363,-5.926634596282026e-09,0.0005124478149357215,3.117312039343479e-06,0.0005165701061548103,0.0005124478149356654,0.0005165701061548776,9.990525452171905e-07,5.926634596282018e-09,9.9905254521127e-07
3,-0.16,11.99492788527474,-0.6354535421602979,-12.0,9.591870860852453,-0.16,12.0,-0.0005134470752921538,-6.403015553250991e-09,0.0005123679019463476,3.116815230539327e-06,0.0005165702935381683,0.0005123679019462867,0.0005165702935382468,1.079173345805477e-06,6.403015553250974e-09,1.07917334579937e-06
3,-0.158,11.99452118910795,-0.6354490891935046,-12.0,9.592276502088168,-0.158,12.0,-0.000513447299745591,-6.917523230012323e-09,0.0005122815953004643,3.116278677021538e-06,0.0005165704959457497,0.0005122815953003897,0.0005165704959458414,1.165704445125672e-06,6.917523230012326e-09,1.165704445117125e-06
3,-0.156,11.99408196594445,-0.6354442792614178,-12.0,9.592714585859184,-0.156,12.0,-0.0005134475421695352,-7.473194324346216e-09,0.0005121883859874922,3.115699215274669e-06,0.0005165707145790264,0.0005121883859874076,0.0005165707145791333,1.25915618204195e-06,7.473194324346193e-09,1.259156182031684e-06
3,-0.154,11.99360762822,-0.6354390838294619,-12.0,9.59318769299206,-0.154,12.0,-0.0005134478039975463,-8.073304938549853e-09,0.0005120877248954034,3.115073432665222e-06,0.0005165709507350244,0.0005120877248953063,0.0005165709507351491,1.360079102141814e-06,8.073304938549868e-09,1.360079102128525e-06
3,-0.152,11.99309538484179,-0.6354334720956007,-12.0,9.593698607308383,-0.152,12.0,-0.000513448086776688,-8.721389043071917e-09,0.0005119790197217333,3.114397648252336e-06,0.0005165712058138363,0.0005119790197216207,0.0005165712058139817,1.469067054953713e-06,8.721389043071914e-09,1.469067054937389e-06
3,-0.15,11.99254222556566,-0.6354274108124024,-12.0,9.594250331206233,-0.15,12.0,-0.0005134483921763371,-9.421258295519199e-09,0.0005118616316583727,3.113667892242972e-06,0.0005165714813267089,0.0005118616316582483,0.0005165714813268786,1.586760517965318e-06,9.42125829551918e-09,1.586760517944925e-06
3,-0.148,11.99194490423846,-0.6354208640955171,-12.0,9.59484610237292,-0.148,12.0,-0.0005134487219977495,-1.017702330275971e-08,0.0005117348718356948,3.112879883892261e-06,0.0005165717789047493,0.0005117348718355491,0.000516571778904947,1.713850162055688e-06,1.01770233027597e-08,1.71385016202973e-06
3,-0.146,11.99129992083449,-0.6354137932175897,-12.0,9.595489411700669,-0.146,12.0,-0.0005134490781842174,-1.099311641786349e-08,0.0005115979975106722,3.112029007889576e-06,0.0005165721003082914,0.000511597997510496,0.000516572100308522,1.851080673545795e-06,1.09931164178635e-08,1.851080673513302e-06
3,-0.144,11.99060350221168,-0.6354061563865745,-12.0,9.596184022478695,-0.144,12.0,-0.0005134494628320752,-1.1874316166626e-08,0.000511450207983455,3.111110289000756e-06,0.0005165724474369738,0.0005114502079832563,0.0005165724474372427,1.999254848619464e-06,1.187431616662604e-08,1.999254848578268e-06
3,-0.142,11.98985158151138,-0.6353979085073541,-12.0,9.596933990938204,-0.142,12.0,-0.0005134498782024925,-1.282577340185094e-08,0.0005112906402261354,3.110118364997629e-06,0.0005165728223405748,0.000511290640225914,0.0005165728223408883,2.159237976353105e-06,1.282577340185094e-08,2.159237976301141e-06
3,-0.14,11.98903977612343,-0.6353890009255073,-12.0,9.59774368822778,-0.14,12.0,-0.0005134503267341067,-1.385303928593199e-08,0.0005111183642071148,3.109047457628512e-06,0.0005165732272306588,0.0005111183642068553,0.0005165732272310241,2.331962526994374e-06,1.385303928593201e-08,2.331962526928943e-06
3,-0.138,11.98816336413698,-0.6353793811520032,-12.0,9.598617823898614,-0.138,12.0,-0.0005134508110566311,-1.496209520453157e-08,0.0005109323778942032,3.107891341681165e-06,0.0005165736644930907,0.0005109323778939119,0.0005165736644935166,2.51843316242715e-06,1.496209520453162e-08,2.518433162345006e-06
3,-0.136,11.98721725919667,-0.6353689925675317,-12.0,9.599561470980248,-0.136,12.0,-0.0005134513340053475,-1.615938471489168e-08,0.0005107316019194303,3.106643311906736e-06,0.0005165741367014758,0.0005107316019190961,0.0005165741367019721,2.719732085917804e-06,1.615938471489173e-08,2.719732085814392e-06
3,-0.134,11.98619598368394,-0.6353577741051306,-12.0,9.600580092725657,-0.134,12.0,-0.0005134518986367629,-1.745184763333577e-08,0.0005105148738885359,3.105296147766864e-06,0.0005165746466315849,0.000510514873888158,0.0005165746466321634,2.937024748226763e-06,1.745184763333576e-08,2.937024748097491e-06
3,-0.132,11.98509364014412,-0.6353456599096856,-12.0,9.601679571106054,-0.132,12.0,-0.0005134525082452403,-1.884695636481927e-08,0.0005102809423182952,3.103842075901888e-06,0.0005165751972768325,0.0005102809423178609,0.0005165751972775063,3.171565926945597e-06,1.884695636481927e-08,3.171565926782238e-06
3,-0.13,11.9839038808824,-0.6353325789728412,-12.0,9.602866237130634,-0.13,12.0,-0.0005134531663808896,-2.035275457526378e-08,0.0005100284601854555,3.102272730186808e-06,0.0005165757918648708,0.0005100284601849716,0.0005165757918656559,3.424706195439032e-06,2.035275457526373e-08,3.424706195234492e-06
3,-0.128,11.98261987565541,-0.6353184547417852,-12.0,9.604146903065583,-0.128,12.0,-0.0005134538768686732,-2.197789830327357e-08,0.0005097559780716963,3.100579109307621e-06,0.0005165764338753734,0.0005097559780711525,0.0005165764338762878,3.697898796978777e-06,2.197789830327357e-08,3.697898796721824e-06
3,-0.126,11.98123427739063,-0.6353032047003301,-12.0,9.605528896618608,-0.126,12.0,-0.0005134546438287603,-2.373169960110105e-08,0.0005094619368902729,3.098751531781241e-06,0.0005165771270590759,0.0005094619368896578,0.0005165771270601408,3.992706938487178e-06,2.373169960110104e-08,3.992706938164547e-06
3,-0.124,11.97973918587343,-0.635286739920659,-12.0,9.607020097149835,-0.124,12.0,-0.0005134554716982745,-2.562417278604695e-08,0.0005091446601815811,3.096779588329735e-06,0.0005165778754581519,0.0005091446601808861,0.0005165778754593918,4.310811516696543e-06,2.562417278604693e-08,4.310811516291323e-06
3,-0.122,11.97812610935167,-0.6352689645840743,-12.0,9.608628973957998,-0.122,12.0,-0.0005134563652545343,-2.766608337141801e-08,0.0005088023459671457,3.094652091535183e-06,0.0005165786834279966,0.0005088023459663834,0.0005165786834294401,4.65401928738745e-06,2.766608337141798e-08,4.654019286879008e-06
3,-0.12,11.97638592402065,-0.6352497754690535,-12.0,9.610364626679747,-0.12,12.0,-0.0005134573296396924,-2.986899972974049e-08,0.000508433058154085,3.092357022756807e-06,0.0005165795556604975,0.0005084330581532453,0.0005165795556621775,5.024271485606187e-06,2.986899972974049e-08,5.024271484969066e-06
3,-0.118,11.97450883136778,-0.6352290614049105,-12.0,9.612236827821356,-0.118,12.0,-0.0005134583703870093,-3.224534752271042e-08,0.0005080347174857397,3.089881476289229e-06,0.0005165804972088677,0.000508034717484818,0.0005165804972108225,5.423652901271067e-06,3.224534752271054e-08,5.423652900472318e-06
3,-0.116,11.97248431337655,-0.6352067026893615,-12.0,9.61425606742386,-0.116,12.0,-0.0005134594934487233,-3.480846690533025e-08,0.0005076050920384813,3.087211600769085e-06,0.0005165815135141199,0.0005076050920374767,0.000516581513516394,5.854401410244494e-06,3.480846690533039e-08,5.854401409244456e-06
3,-0.114,11.97030108561441,-0.6351825704683167,-12.0,9.616433599836256,-0.114,12.0,-0.0005134607052255866,-3.757267248305943e-08,0.0005071417872699574,3.084332537829439e-06,0.0005165826104332583,0.0005071417872688817,0.0005165826104359031,6.318917955631808e-06,3.757267248305944e-08,6.318917954379935e-06
3,-0.112,11.96794704825948,-0.6351565260762797,-12.0,9.618781492541714,-0.112,12.0,-0.0005134620125981943,-4.055331596259508e-08,0.0005066422356305626,3.081228358178321e-06,0.00051658379426926,0.0005066422356294225,0.0005165837942723351,6.819776967635153e-06,4.055331596259517e-08,6.819776966067974e-06
3,-0.11,11.96540923515717,-0.6351284203358001,-12.0,9.621312676945735,-0.11,12.0,-0.0005134634229599778,-4.376685139262122e-08,0.0005061036857574167,3.077881995121223e-06,0.0005165850718029182,0.0005061036857562267,0.0005165850718064925,7.359737202561603e-06,4.37668513926212e-08,7.359737200602239e-06
3,-0.108,11.9626737610412,-0.6350980928145605,-12.0,9.624041000991106,-0.108,12.0,-0.0005134649442521027,-4.723090283748572e-08,0.0005055231912796964,3.074275175821018e-06,0.0005165864503266108,0.0005055231912784881,0.000516586450330764,7.94175297240554e-06,4.723090283748596e-08,7.941752969956608e-06
3,-0.106,11.95972576710416,-0.6350653710388142,-12.0,9.626981283415269,-0.106,12.0,-0.0005134665850001306,-5.096433426416105e-08,0.0005048975992745495,3.070388350485609e-06,0.0005165879376800538,0.000504897599273347,0.0005165879376848779,8.56898572557717e-06,5.096433426416101e-08,8.568985722519073e-06
3,-0.104,11.95654936516263,-0.6350300696621207,-12.0,9.630149369403917,-0.104,12.0,-0.0005134683543524892,-5.498732134822966e-08,0.0005042235384258311,3.066200619848317e-06,0.0005165895422880854,0.0005042235384246985,0.0005165895422936864,9.244815926659658e-06,5.498732134822961e-08,9.244815922844726e-06
3,-0.102,11.95312758073133,-0.6349919895885621,-12.0,9.63356218732789,-0.102,12.0,-0.0005134702621208071,-5.93214248192258e-08,0.0005034974069525043,3.061689661391882e-06,0.0005165912732005199,0.0005034974069515128,0.0005165912732070204,9.97285516830247e-06,5.932142481922592e-08,9.972855163546437e-06
3,-0.1,11.94944229540073,-0.6349509170499802,-12.0,9.63723780616747,-0.1,12.0,-0.0005134723188219485,-6.398966486634276e-08,0.0005027153603906464,3.056831654819561e-06,0.0005165931401340917,0.0005027153603899001,0.000516593140141633,1.075695843130115e-05,6.398966486634268e-08,1.075695842537716e-05
3,-0.098,11.94547418900477,-0.6349066226371485,-12.0,9.6411954931394,-0.098,12.0,-0.0005134745357217411,-6.901659600885632e-08,0.0005018732993324072,3.051601207485185e-06,0.0005165951535164933,0.0005018732993320427,0.0005165951535252375,1.160123638933457e-05,6.901659600885632e-08,1.160123638196383e-05
3,-0.096,11.9412026821702,-0.6348588602853054,-12.0,9.64545577093427,-0.096,12.0,-0.0005134769248803703,-7.442838170836875e-08,0.000500966857247845,3.045971280540922e-06,0.0005165973245324861,0.0005009668572480278,0.00051659732454262,1.251006763252422e-05,7.44283817083688e-08,1.251006762336171e-05
3,-0.09400000000000001,11.93660587995746,-0.6348073662150405,-12.0,9.650040473855597,-0.09400000000000001,12.0,-0.0005134794991991164,-8.025286784747003e-08,0.0004999913885403898,3.039913116815635e-06,0.0005165996651720436,0.0004999913885413623,0.0005165996651837815,1.34881106587261e-05,8.025286784747035e-08,1.348811064734971e-05
3,-0.09200000000000001,11.93166051743669,-0.6347518578302217,-12.0,9.654972802018108,-0.09200000000000001,12.0,-0.0005134822724684883,-8.651965403630493e-08,0.0004989419570153796,3.033396171507285e-06,0.0005166021882804444,0.0004989419570174239,0.0005166021882940321,1.454031545310989e-05,8.651965403630497e-08,1.45403154390014e-05
3,-0.09000000000000001,11.92634190819084,-0.6346920325754652,-12.0,9.6602773726135,-0.09000000000000001,12.0,-0.0005134852594173046,-9.326016151968839e-08,0.0004978133249723493,3.026388047101729e-06,0.0005166049076102061,0.0004978133249758511,0.0005166049076259249,1.567193444495307e-05,9.326016151968841e-08,1.567193442747997e-05
3,-0.08800000000000001,11.92062389690204,-0.6346275667565751,-12.0,9.665980267089772,-0.08800000000000001,12.0,-0.0005134884757625985,-1.005076962501914e-07,0.0004965999431669535,3.018854434025083e-06,0.0005166078378747011,0.000496599943172389,0.0005166078378928726,1.688853259564271e-05,1.005076962501916e-07,1.688853257403335e-05
3,-0.08600000000000001,11.91447881735757,-0.6345581143284765,-12.0,9.672109072908597,-0.08600000000000001,12.0,-0.0005134919382599481,-1.082975054697854e-07,0.0004952959419263601,3.010759058823405e-06,0.0005166109948032511,0.000495295941934341,0.0005166109948242424,1.819599633358651e-05,1.082975054697861e-07,1.819599630690057e-05
3,-0.084,11.90787745740641,-0.6344833056563888,-12.0,9.67869291835229,-0.084,12.0,-0.0005134956647538159,-1.166668258893319e-07,0.0004938951237435538,3.002063641967153e-06,0.0005166143951974368,0.0004938951237548318,0.0005166143952216665,1.96005410102607e-05,1.16666825889332e-07,1.960054097736059e-05
3,-0.082,11.90078903260665,-0.6344027462573842,-12.0,9.685762498642084,-0.082,12.0,-0.0005134996742273672,-1.256549212963735e-07,0.0004923909577202049,2.992727867580621e-06,0.0005166180569883006,0.0004923909577357267,0.000516618057016244,2.110871650716075e-05,1.256549212963736e-07,2.110871646666995e-05
3,-0.08000000000000002,11.89318117052443,-0.634316015531059,-12.0,9.69335009140952,-0.08000000000000002,12.0,-0.0005135039868513825,-1.353031071368571e-07,0.0004907765762749228,2.982709367719465e-06,0.0005166219992940427,0.0004907765762958467,0.0005166219993262394,2.272741057645721e-05,1.353031071368565e-07,2.272741052671808e-05
3,-0.07800000000000001,11.88501990787494,-0.6342226654897645,-12.0,9.701489559333744,-0.07800000000000001,12.0,-0.000513508624031378,-1.456547593220653e-07,0.0004890447745820925,2.971963724095978e-06,0.0005166262424777379,0.0004890447746098417,0.0005166262425147987,2.446384944928692e-05,1.456547593220648e-07,2.446384938831e-05
3,-0.07600000000000001,11.87626970293032,-0.6341222195007928,-12.0,9.710216337523413,-0.07600000000000001,12.0,-0.0005135136084523685,-1.56755304214272e-07,0.0004871880132565691,2.960444490541337e-06,0.0005166308082045094,0.0004871880132928909,0.000516630808247124,2.632559519579993e-05,1.567553042142714e-07,2.632559512120758e-05
3,-0.07400000000000001,11.86689346585176,-0.6340141710549922,-12.0,9.719567402989448,-0.07400000000000001,12.0,-0.0005135189641203835,-1.686521864347333e-07,0.0004851984248488702,2.948103239628041e-06,0.0005166357194975003,0.0004851984248958622,0.0005166357195464456,2.832053927151362e-05,1.68652186434733e-07,2.83205391804766e-05
3,-0.07200000000000001,11.85685260982793,-0.633897982578562,-12.0,9.729581223330875,-0.07200000000000001,12.0,-0.0005135247163998154,-1.813948108556121e-07,0.0004830678247630141,2.934889637364328e-06,0.0005166410007918836,0.000483067824823218,0.0005166410008480318,3.045689163680124e-05,1.813948108556114e-07,3.045689152597227e-05
3,-0.07,11.84610712610793,-0.6337730843071672,-12.0,9.740297681550949,-0.07,12.0,-0.0005135308920455888,-1.950344548478936e-07,0.0004807877272531363,2.920751549933146e-06,0.0005166466779860378,0.0004807877273295853,0.0005166466780503657,3.274316479245104e-05,1.950344548478932e-07,3.274316465788623e-05
3,-0.068,11.83461568619368,-0.6336388732440721,-12.0,9.751757973742997,-0.068,12.0,-0.0005135375192290422,-2.096241466307813e-07,0.0004783493671924429,2.90563518682672e-06,0.0005166527784889058,0.000478349367288724,0.0005166527785625026,3.518815203660146e-05,2.09624146630781e-07,3.518815187368416e-05
3,-0.066,11.82233577459058,-0.6334947122265787,-12.0,9.764004476253184,-0.066,12.0,-0.0005135446275563427,-2.252185053703702e-07,0.0004757437283364218,2.889485284788624e-06,0.0005166593312624282,0.0004757437284567693,0.0005166593313465049,3.780089921992215e-05,2.252185053703691e-07,3.780089902328106e-05
3,-0.064,11.80922385558965,-0.6333399291277193,-12.0,9.77708057885313,-0.064,12.0,-0.0005135522480781292,-2.418735385536969e-07,0.0004729615788180801,2.872245337045298e-06,0.0005166663668578308,0.000472961578967419,0.0005166663669537279,4.059066926004777e-05,2.418735385536967e-07,4.059066902347796e-05
3,-0.062,11.79523557755159,-0.633173816222773,-12.0,9.791030480457536,-0.062,12.0,-0.0005135604132891279,-2.59646392145583e-07,0.0004699935146122387,2.853857872343117e-06,0.0005166739174444194,0.0004699935147962689,0.000516673917553614,4.356689867688817e-05,2.596463921455835e-07,4.356689839327862e-05
3,-0.06,11.7803260164702,-0.6329956270221885,-12.0,9.805898945082923,-0.06,12.0,-0.0005135691571163557,-2.785950491181221e-07,0.0004668300116844832,2.834264788061235e-06,0.0005166820169535369,0.0004668300116844844,0.0005166820169535369,4.673914543187263e-05,2.785950491181216e-07,4.673914543187311e-05
3,-0.058,11.76444997121493,-0.6328045866210994,-12.0,9.821731008780617,-0.058,12.0,-0.0005135785148945621,-2.987779721877968e-07,0.0004634614874934837,2.813407741382299e-06,0.0005166907006081318,0.0004634614874934858,0.0005166907006081317,5.011702740107811e-05,2.987779721877962e-07,5.01170274010784e-05
3,-0.05599999999999999,11.74756229081952,-0.6325998764378512,-12.0,9.838571649541123,-0.05599999999999999,12.0,-0.0005135885233275217,-3.202536870058056e-07,0.0004598783724380578,2.791228601929386e-06,0.0005167000056164613,0.0004598783724380589,0.0005167000056164612,5.371015088946456e-05,3.202536870058059e-07,5.371015088946424e-05
3,-0.05400000000000002,11.72961826508168,-0.6323806444836229,-12.0,9.856465398878512,-0.05400000000000002,12.0,-0.0005135992204340022,-3.430803026675137e-07,0.000456071191727975,2.767669968618868e-06,0.0005167099707052898,0.0004560711917279761,0.0005167099707052898,5.752802870602619e-05,3.430803026675145e-07,5.752802870602638e-05
3,-0.05200000000000002,11.71057405888082,-0.6321460036725246,-12.0,9.875455907376747,-0.05200000000000002,12.0,-0.00051361064547711,-3.673149672572404e-07,0.000452030658004944,2.742675752335946e-06,0.0005167206361967034,0.0004520306580049475,0.0005167206361967033,6.157998747216548e-05,3.673149672572401e-07,6.157998747216529e-05
3,-0.05000000000000002,11.69038719904902,-0.6318950329175115,-12.0,9.895585458233171,-0.05000000000000002,12.0,-0.0005136228388761179,-3.930132572733404e-07,0.0004477477748440007,2.716191824899192e-06,0.0005167320439582949,0.0004477477748440061,0.0005167320439582949,6.587506403212117e-05,3.930132572733388e-07,6.587506403212298e-05
3,-0.04800000000000001,11.66901711193376,-0.6316267786482314,-12.0,9.916894430196699,-0.04800000000000001,12.0,-0.0005136358420998939,-4.202285011463955e-07,0.0004432139510219718,2.68816673312649e-06,0.0005167442373341713,0.000443213951021979,0.0005167442373341713,7.042189107792264e-05,4.202285011463941e-07,7.042189107792298e-05
3,-0.04600000000000001,11.64642570975031,-0.6313402567874641,-12.0,9.939420711805461,-0.04600000000000001,12.0,-0.0005136496975413295,-4.490110387855084e-07,0.0004384211251477766,2.658552475002e-06,0.0005167572610551152,0.0004384211251477743,0.0005167572610551152,7.522857239355061e-05,4.490110387855086e-07,7.52285723935509e-05
3,-0.04400000000000001,11.62257802222141,-0.6310344552198361,-12.0,9.963199070427393,-0.04400000000000001,12.0,-0.0005136644483725995,-4.794074210381771e-07,0.0004333618999090688,2.627305332733476e-06,0.000516771161126371,0.0004333618999090653,0.000516771161126371,8.030254846353093e-05,4.794074210381755e-07,8.030254846353066e-05
3,-0.04200000000000001,11.59744286818889,-0.630708336782159,-12.0,9.9882604814186,-0.04200000000000001,12.0,-0.0005136801383813822,-5.114595552401221e-07,0.0004280296848045492,2.594386755097907e-06,0.00051678598469172,0.0004280296848045533,0.0005167859846917201,8.565045357683199e-05,5.11459555240122e-07,8.565045357683292e-05
3,-0.04000000000000001,11.5709935598856,-0.630360842798926,-12.0,10.01463142470894,-0.04000000000000001,12.0,-0.0005136968117883944,-5.452038055187047e-07,0.0004224188458066077,2.559764278863674e-06,0.0005168017798727761,0.000422418845806609,0.0005168017798727761,9.127796598178683e-05,5.452038055187031e-07,9.127796598178786e-05
3,-0.03800000000000001,11.54320863042034,-0.629990897179133,-12.0,10.04233315825714,-0.03800000000000001,12.0,-0.0005137145130473465,-5.806700592548992e-07,0.0004165248599452895,2.523412476168058e-06,0.0005168185955827666,0.0004165248599452901,0.0005168185955827666,9.71896531020558e-05,5.806700592548986e-07,9.718965310205498e-05
3,-0.036,11.51407257281873,-0.6295974110816233,-12.0,10.07138098002679,-0.036,12.0,-0.0005137332866286112,-6.178807739071683e-07,0.0004103444723347241,2.485313911952822e-06,0.0005168364813144717,0.0004103444723347259,0.0005168364813144717,0.0001033888142938862,6.178807739071681e-07,0.0001033888142938865
3,-0.034,11.48357657676002,-0.6291792881456575,-12.0,10.10178349233402,-0.034,12.0,-0.0005137531767885018,-6.568500212913505e-07,0.0004038758526948892,2.445460092678347e-06,0.00051685548690247,0.000403875852694889,0.0005168554869024701,0.000109877324093613,6.568500212913508e-07,0.000109877324093613
3,-0.032,11.45171924705501,-0.6287354302714535,-12.0,10.13354188451112,-0.032,12.0,-0.0005137742273263564,-6.975825491442371e-07,0.0003971187479763591,2.403852384885728e-06,0.0005168756622603884,0.0003971187479763579,0.0005168756622603885,0.0001166554793499985,6.975825491442353e-07,0.0001166554793499983
3,-0.03,11.41850728604001,-0.6282647439222369,-12.0,10.16664925169856,-0.03,12.0,-0.0005137964813322206,-7.400728823290854e-07,0.0003900746272981805,2.360502879893771e-06,0.0005168970570944438,0.000390074627298179,0.0005168970570944439,0.0001237218540340397,7.400728823290846e-07,0.0001237218540340398
3,-0.028,11.38395612054328,-0.6277661469051494,-12.0,10.20108996909495,-0.028,12.0,-0.0005138199809280376,-7.843044881403178e-07,0.0003827468150861818,2.315435179041607e-06,0.0005169197205952204,0.0003827468150861805,0.0005169197205952206,0.000131073165841855,7.843044881403165e-07,0.000131073165841855
3,-0.026,11.34809045304799,-0.6272385755735714,-12.0,10.23683914202539,-0.026,12.0,-0.0005138447670056602,-8.30249031715829e-07,0.000375140608079702,2.268685072915984e-06,0.0005169437011102922,0.0003751406080797046,0.0005169437011102924,0.0001387041589259586,8.302490317158256e-07,0.0001387041589259589
3,-0.02400000000000002,11.31094471626032,-0.6266809923784317,-12.0,10.27386215260348,-0.02400000000000002,12.0,-0.0005138708789651498,-8.778657483344993e-07,0.0003672633717864943,2.220301087495142e-06,0.0005169690458009803,0.0003672633717864941,0.0005169690458009806,0.0001466075071786561,8.778657483344979e-07,0.000146607507178655
3,-0.02200000000000002,11.27256341061142,-0.626092393681452,-12.0,10.31211432344162,-0.02200000000000002,12.0,-0.0005138983544567999,-9.271009592802062e-07,0.0003591246120336986,2.17034487112689e-06,0.0005169958002872067,0.000359124612033698,0.000516995800287207,0.0001547737424231012,9.271009592802016e-07,0.0001547737424231013
3,-0.02000000000000002,11.2330013053758,-0.6254718177295533,-12.0,10.35154071771145,-0.02000000000000002,12.0,-0.0005139272291303687,-9.778877567952172e-07,0.0003507360175082008,2.118891397855027e-06,0.0005170240082850203,0.0003507360175082019,0.0005170240082850206,0.0001631912116221685,9.778877567952179e-07,0.0001631912116221693
3,-0.01800000000000002,11.1923234861374,-0.6248183526774509,-12.0,10.39207609280705,-0.01800000000000002,12.0,-0.0005139575363947986,-1.030145881329913e-06,0.0003421114696155204,2.066028965803968e-06,0.000517053711241934,0.0003421114696155208,0.0005170537112419343,0.0001718460667792772,1.030145881329913e-06,0.0001718460667792776
3,-0.01600000000000001,11.15060523430071,-0.6241311445353688,-12.0,10.43364502189979,-0.01600000000000001,12.0,-0.0005139893071913781,-1.083781810875223e-06,0.0003332670166170616,2.011858973409354e-06,0.000517084947975665,0.0003332670166170654,0.0005170849479756654,0.0001807222905743169,1.083781810875221e-06,0.0001807222905743168
3,-0.01400000000000001,11.10793172819437,-0.6234094049113945,-12.0,10.47616219382515,-0.01400000000000001,12.0,-0.0005140225697830843,-1.138689077479931e-06,0.0003242208098244386,1.956495461646374e-06,0.0005171177543222093,0.0003242208098244354,0.0005171177543222097,0.0001898017599586453,1.138689077479933e-06,0.0001898017599586444
3,-0.01200000000000001,11.06439755996028,-0.6226524184137667,-12.0,10.51953289709719,-0.01200000000000001,12.0,-0.0005140573495622386,-1.194748820379279e-06,0.0003149930006176199,1.900064416755559e-06,0.0005171521627993742,0.0003149930006176201,0.0005171521627993747,0.0001990643489446205,1.194748820379282e-06,0.0001990643489446204
3,-0.01000000000000001,11.02010606771803,-0.62185954957775,-12.0,10.56365368855324,-0.01000000000000001,12.0,-0.0005140936688784541,-1.251830578551435e-06,0.0003056055981801625,1.842702834914251e-06,0.0005171882022919204,0.0003056055981801621,0.0005171882022919209,0.0002084880706982931,1.251830578551434e-06,0.0002084880706982925
3,-0.008000000000000007,10.9751684882377,-0.6210302491849782,-12.0,10.60841324138842,-0.008000000000000007,12.0,-0.0005141315468880536,-1.309793318252185e-06,0.0002960822890662907,1.784557558014564e-06,0.0005172258977643191,0.0002960822890662938,0.0005172258977643197,0.0002180492578217649,1.309793318252186e-06,0.000218049257821765
3,-0.006000000000000005,10.92970294130018,-0.620164059850363,-12.0,10.65369336139732,-0.006000000000000005,12.0,-0.000514170999426064,-1.368486683411338e-06,0.0002864482209792924,1.725783897325992e-06,0.0005172652700068016,0.0002864482209792929,0.0005172652700068022,0.0002277227784467702,1.368486683411343e-06,0.0002277227784467706
3,-0.004000000000000004,10.88383326278839,-0.6192606207628324,-12.0,10.69937015437519,-0.004000000000000004,12.0,-0.0005142120389013678,-1.427752449167927e-06,0.0002767297543882601,1.66654406933341e-06,0.0005173063354198713,0.0002767297543882578,0.0005173063354198718,0.0002374822845131079,1.427752449167927e-06,0.0002374822845131083
3,-0.002000000000000002,10.83768770904414,-0.6183196714810286,-12.0,10.74531532214388,-0.002000000000000002,12.0,-0.0005142546742153177,-1.487426151487986e-06,0.0002669541867778996,1.607005474965425e-06,0.0005173491058417714,0.0002669541867778984,0.0005173491058417719,0.0002473004874374184,1.487426151487987e-06,0.0002473004874374163
3,0.0,10.79139755984565,-0.6173410547033268,-12.0,10.79139755984566,0.0,12.0,-0.0005142989107039778,-1.547338859299844e-06,0.0002571494553519892,1.54733885930071e-06,0.0005173935884225761,0.0002571494553519881,0.0005173935884225766,0.0002571494553519892,1.547338859299843e-06,0.00025714945535199
3,0.002000000000000002,10.74509565124937,-0.6163247179525003,-12.0,10.83748402326173,0.002000000000000002,12.0,-0.0005143447501040196,-1.607319050142722e-06,0.0002473438248379274,1.487716393451446e-06,0.0005174397855476136,0.0002473438248379297,0.0005174397855476142,0.0002670009252660915,1.607319050142723e-06,0.0002670009252660911
3,0.004000000000000004,10.69891487227058,-0.6152707141384326,-12.0,10.88344183218092,0.004000000000000004,12.0,-0.0005143921905422385,-1.667194546261291e-06,0.0002375655676210828,1.428309723391513e-06,0.0005174876948118894,0.0002375655676210806,0.00051748769481189,0.0002768266229211545,1.667194546261299e-06,0.0002768266229211537
3,0.006000000000000005,10.65298666079551,-0.6141792009866279,-12.0,10.92913957442607,0.006000000000000005,12.0,-0.0005144412265485976,-1.726794465756332e-06,0.0002278426437391324,1.369288031707941e-06,0.0005175373090460623,0.000227842643739134,0.0005175373090460629,0.0002865985828094661,1.726794465756328e-06,0.0002865985828094653
3,0.008000000000000007,10.60743953413792,-0.613050439345059,-12.0,10.97444877512565,0.008000000000000007,12.0,-0.00051449184909286,-1.785951142753884e-06,0.00021820238827114,1.310816157794918e-06,0.0005175886163934064,0.0002182023882711388,0.0005175886163934069,0.0002962894608217196,1.785951142753883e-06,0.0002962894608217186
3,0.009999999999999981,10.56239768827571,-0.611884790406237,-12.0,11.01924529719455,0.009999999999999981,12.0,-0.000514544045644624,-1.844501971813617e-06,0.0002086712133628613,1.253052819641981e-06,0.0005176416004360801,0.0002086712133628622,0.0005176416004360806,0.000305872832281762,1.844501971813614e-06,0.0003058728322817629
3,0.01199999999999998,10.51797969710956,-0.610682711904413,-12.0,11.06341064168331,0.01199999999999998,12.0,-0.0005145978002568359,-1.902291134741208e-06,0.0001992743315567413,1.196148976406745e-06,0.0005176962403679812,0.0001992743315567429,0.0005176962403679817,0.0003153234687000934,1.90229113474121e-06,0.0003153234687000933
3,0.01399999999999998,10.47429733923186,-0.6094447533687756,-12.0,11.10683312050786,0.01399999999999998,12.0,-0.0005146530936723996,-1.959171172545579e-06,0.000190035506274923,1.140246365567527e-06,0.0005177525112105101,0.0001900355062749239,0.0005177525112105107,0.0003246175873974763,1.959171172545579e-06,0.0003246175873974765
3,0.01599999999999999,10.43145457490117,-0.6081715505316596,-12.0,11.14940887886666,0.01599999999999999,12.0,-0.0005147099034536582,-2.015004371134478e-06,0.00018097683428369,1.085476241951119e-06,0.0005178103840667427,0.0001809768342836904,0.0005178103840667432,0.0003337330691699669,2.015004371134477e-06,0.0003337330691699644
3,0.01799999999999999,10.38954669044987,-0.6068638190056134,-12.0,11.19104275012031,0.01799999999999999,12.0,-0.0005147682041340049,-2.069663936171346e-06,0.0001721185638041922,1.031958338658993e-06,0.0005178698264088357,0.0001721185638041893,0.0005178698264088361,0.0003426496403298162,2.069663936171344e-06,0.000342649640329814
3,0.01999999999999999,10.34865962150349,-0.6055223473542704,-12.0,11.23164893176033,0.01999999999999999,12.0,-0.0005148279673906739,-2.123034940037169e-06,0.0001634789506892908,9.798000622770576e-07,0.0005179308023929877,0.0001634789506892917,0.0005179308023929881,0.0003513490167013831,2.123034940037171e-06,0.0003513490167013855
3,0.02199999999999999,10.30886946045221,-0.6041479896891363,-12.0,11.2711514770323,0.02199999999999999,12.0,-0.0005148891622373435,-2.17501503147115e-06,0.0001550741538229166,9.290959271323577e-07,0.0005179932731959483,0.0001550741538229154,0.0005179932731959486,0.0003598150084144272,2.17501503147115e-06,0.0003598150084144228
3,0.02399999999999999,10.27024214787311,-0.6027416579275807,-12.0,11.30948460252367,0.02399999999999999,12.0,-0.0005149517552347255,-2.225514906131345e-06,0.0001469181696758157,8.799272260709781e-07,0.0005180571973669281,0.0001469181696758154,0.0005180571973669284,0.0003680335855589099,2.22551490613135e-06,0.000368033585558913
3,0.026,10.23283334229962,-0.6013043138466256,-12.0,11.34659281733036,0.026,12.0,-0.0005150157107170232,-2.274458543181882e-06,0.0001390228048233273,8.323619285868065e-07,0.0005181225311887897,0.0001390228048233267,0.00051812253118879,0.0003759929058936989,2.274458543181885e-06,0.0003759929058936977
3,0.028,10.19668845807626,-0.5998369610628831,-12.0,11.38243088407586,0.028,12.0,-0.0005150809910314668,-2.321783219686128e-06,0.0001313976842391806,7.86454791445835e-07,0.0005181892290425963,0.0001313976842391793,0.0005181892290425964,0.0003836833067922885,2.321783219686129e-06,0.0003836833067922852
3,0.03,10.16184285716998,-0.5983406370615345,-12.0,11.41696362592574,0.03,12.0,-0.0005151475567881417,-2.36743931953803e-06,0.0001240502923562243,7.422476622510019e-07,0.0005182572437699302,0.0001240502923562254,0.0005182572437699304,0.0003910972644319181,2.367439319538037e-06,0.00039109726443192
3,0.032,10.12832217782213,-0.5968164053871519,-12.0,11.45016559672883,0.032,12.0,-0.000515215367116816,-2.411389958145875e-06,0.0001169860432491851,6.997699528962378e-07,0.0005183265270278567,0.0001169860432491843,0.0005183265270278568,0.0003982293238676319,2.411389958145888e-06,0.0003982293238676313
3,0.034,10.09614278085132,-0.5952653480969441,-12.0,11.48202063349029,0.034,12.0,-0.000515284379927314,-2.453610447099667e-06,0.0001102083758531293,6.590392575428477e-07,0.000518397029631957,0.0001102083758531298,0.0005183970296319571,0.000405076004074185,2.453610447099667e-06,0.0004050760040741865
3,0.036,10.06531229323829,-0.5936885585632987,-12.0,11.51252131156216,0.036,12.0,-0.0005153545521701221,-2.494087624824428e-06,0.0001037188698803937,6.20062088539648e-07,0.0005184687018834863,0.0001037188698803925,0.0005184687018834865,0.0004116356822897277,2.494087624824423e-06,0.0004116356822897261
3,0.03800000000000001,10.0358302282763,-0.5920871346978764,-12.0,11.54166832328313,0.03800000000000001,12.0,-0.000515425840093744,-2.532819080067816e-06,9.751737802486707e-05,5.828347035568369e-07,0.0005185414938773692,9.751737802486641e-05,0.0005185414938773693,0.0004179084620688759,2.532819080067818e-06,0.0004179084620688731
3,0.03999999999999998,10.00768866196096,-0.5904621726545468,-12.0,11.56946980040974,0.03999999999999998,12.0,-0.0005154981994955911,-2.569812294865344e-06,9.160217012558637e-05,5.473439979718958e-07,0.0005186153557884297,9.160217012558684e-05,0.0005186153557884297,0.0004238960293700071,2.569812294865345e-06,0.0004238960293700088
3,0.04199999999999998,9.980872946299991,-0.5888147610536849,-12.0,11.59594059967157,0.04199999999999998,12.0,-0.0005155715859634998,-2.605083732375132e-06,8.597008517626169e-05,5.135684380478427e-07,0.0005186902381339234,8.597008517626135e-05,0.0005186902381339234,0.0004296015007872395,2.605083732375132e-06,0.0004296015007872359
3,0.04399999999999998,9.955362441720037,-0.5871459757561799,-12.0,11.62110156928602,0.04399999999999998,12.0,-0.0005156459551050978,-2.638657893487122e-06,8.061668738595354e-05,4.8147901249638e-07,0.0005187660920110827,8.061668738595385e-05,0.0005187660920110827,0.0004350292677191435,2.638657893487109e-06,0.0004350292677191409
3,0.04599999999999999,9.931131252598687,-0.5854568752023187,-12.0,11.64497881241556,0.04599999999999999,12.0,-0.000515721262762928,-2.670566363489997e-06,7.553642289030748e-05,4.510401825666632e-07,0.0005188428693089855,7.5536422890307e-05,0.0005188428693089855,0.0004401848398726207,2.670566363490001e-06,0.0004401848398726197
3,0.04799999999999999,9.908148952027213,-0.5837484963187934,-12.0,11.66760296146995,0.04799999999999999,12.0,-0.0005157974652133736,-2.700846867733397e-06,7.072277415533075e-05,4.22210813490588e-07,0.0005189205228946002,7.072277415532991e-05,0.0005189205228946002,0.0004450746910580452,2.700846867733394e-06,0.0004450746910580397
3,0.04999999999999999,9.886381284099345,-0.5820218509865838,-12.0,11.68900847496459,0.04999999999999999,12.0,-0.0005158745193481057,-2.729542352256937e-06,6.61684095820026e-05,3.94945072975324e-07,0.0005189990067733371,6.616840958200294e-05,0.000518999006773337,0.0004497061097661013,2.72954235225693e-06,0.0004497061097660968
3,0.05199999999999999,9.865790834222153,-0.5802779230535299,-12.0,11.7092329664439,0.05199999999999999,12.0,-0.000515952382837013,-2.756700102549047e-06,6.186532628853146e-05,3.691932852768585e-07,0.0005190782762248395,6.186532628853133e-05,0.0005190782762248395,0.0004540870565484823,2.756700102549039e-06,0.000454087056548478
3,0.05399999999999999,9.846337660071988,-0.5785176658680651,-12.0,11.72831657284839,0.05399999999999999,12.0,-0.0005160310142722606,-2.782370910760677e-06,5.780498450034302e-05,3.449027320651843e-07,0.000519158287915088,5.780498450034283e-05,0.0005191582879150879,0.000458226029771917,2.782370910760671e-06,0.0004582260297719174
3,0.05599999999999999,9.827979877812252,-0.5767420003047671,-12.0,11.74630136770968,0.05599999999999999,12.0,-0.0005161103732932064,-2.806608299115922e-06,5.397843240219541e-05,3.220183938230176e-07,0.0005192389999861469,5.397843240219566e-05,0.0005192389999861468,0.0004621319408910106,2.806608299115926e-06,0.0004621319408910101
3,0.058,9.810674200000093,-0.5749518132480693,-12.0,11.76323082274508,0.058,12.0,-0.0005161904206925113,-2.829467804799449e-06,5.03764206925364e-05,3.00483627775883e-07,0.0005193203721250877,5.037642069253671e-05,0.0005193203721250877,0.0004658139999999748,2.829467804799438e-06,0.0004658139999999801
3,0.06,9.794376423210487,-0.5731479564975043,-12.0,11.77914931982079,0.06,12.0,-0.0005162711185039874,-2.851006329412198e-06,4.698950642110857e-05,2.802407803485613e-07,0.0005194023656137498,4.6989506421108e-05,0.0005194023656137498,0.000469281612082879,2.851006329412204e-06,0.0004692816120828752
3,0.062,9.779041864780957,-0.5713312460561218,-12.0,11.79410171387612,0.062,12.0,-0.000516352430072958,-2.871281554306064e-06,4.380814598380383e-05,2.612317338195916e-07,0.0005194849433610853,4.380814598380342e-05,0.0005194849433610853,0.0004725442840891533,2.87128155430604e-06,0.000472544284089158
3,0.064,9.764625749230836,-0.5695024617630172,-12.0,11.80813294625131,0.064,12.0,-0.0005164343201101819,-2.890351421412612e-06,4.082277739333906e-05,2.433983882674538e-07,0.0005195680699198629,4.082277739333852e-05,0.0005195680699198627,0.0004756115427168428,2.890351421412608e-06,0.0004756115427168434
3,0.066,9.751083545122244,-0.5676623496305191,-12.0,11.82128770811067,0.066,12.0,-0.0005165167547304217,-2.908273678061388e-06,3.802389214198561e-05,2.266830810099626e-07,0.0005196517113804309,3.802389189134748e-05,0.0005196517114894929,0.0004784928625884377,2.908273678061394e-06,0.0004784928627399481
3,0.068,9.738371258978418,-0.5658116121619007,-12.0,11.83361014448812,0.068,12.0,-0.0005165997014770331,-2.92510548305404e-06,3.540209712633375e-05,2.11028946609275e-07,0.0005197358358108227,3.540209691742215e-05,0.0005197358359066998,0.0004811976043506972,2.92510548305403e-06,0.000481197604472677
3,0.07,9.72644567759731,-0.5639509240833211,-12.0,11.845143614891,0.07,12.0,-0.0005166831293338088,-2.940903070740909e-06,3.294816721787956e-05,1.963802211364126e-07,0.0005198204125416671,3.29481670444691e-05,0.0005198204126256881,0.0004837349621159273,2.940903070740904e-06,0.0004837349622133383
3,0.07200000000000001,9.715264577594093,-0.5620809224520747,-12.0,11.85593048170823,0.07200000000000001,12.0,-0.0005167670087254605,-2.955721469086987e-06,3.065308914177105e-05,1.826824948183022e-07,0.0005199054126158148,3.065308899824864e-05,0.0005199054126893675,0.0004861139195836889,2.955721469086975e-06,0.0004861139196608313
3,0.07400000000000001,9.704786893285954,-0.5602022101664724,-12.0,11.86601194289811,0.07400000000000001,12.0,-0.0005168513115081019,-2.969614267554857e-06,2.850809737415521e-05,1.698829174311131e-07,0.0005199908086287966,2.850809725572163e-05,0.0005199908086930902,0.0004883432141339476,2.969614267554863e-06,0.0004883432141944778
3,0.07600000000000001,9.694972851427652,-0.5583153569052877,-12.0,11.87542789733978,0.07600000000000001,12.0,-0.0005169360109509849,-2.98263343035299e-06,2.650470279112273e-05,1.579303609046467e-07,0.0005200765746861233,2.650470269366393e-05,0.0005200765747422451,0.0004904313081598615,2.982633430352976e-06,0.0004904313082068826
3,0.07800000000000001,9.685784075367874,-0.5564209001678553,-12.0,11.88421684079749,0.07800000000000001,12.0,-0.0005170210817108372,-2.994829150510017e-06,2.463471480393136e-05,1.467755435843959e-07,0.0005201626863560065,2.463471472393854e-05,0.0005201626864049319,0.000492386366906907,2.994829150510003e-06,0.0004923863669430056
3,0.08000000000000002,9.677183662003355,-0.5545193463992206,-12.0,11.89241578911664,0.08000000000000002,12.0,-0.0005171064997998511,-3.006249740484937e-06,2.289025770025515e-05,1.363711204788806e-07,0.0005202491206182172,2.289025763475778e-05,0.0005202491206608171,0.0004942162420995956,3.006249740484943e-06,0.0004942162421269458
3,0.08200000000000002,9.669136234778996,-0.5526111721775938,-12.0,11.90006022539837,0.08200000000000002,12.0,-0.0005171922425485816,-3.016941554936866e-06,2.126378188364289e-05,1.266717436420079e-07,0.0005203358558101093,2.126378183013441e-05,0.0005203358558471597,0.0004959284606649355,3.016941554936868e-06,0.0004959284606853199
3,0.08400000000000002,9.661607975808684,-0.5506968254449711,-12.0,11.90718406807275,0.08400000000000002,12.0,-0.0005172782885645918,-3.026948941682501e-06,1.974807066644263e-05,1.17634096596323e-07,0.0005204228715706831,1.974807062281951e-05,0.0005204228716028727,0.0004975302178981474,3.026948941682483e-06,0.000497530217913046
3,0.08600000000000002,9.654566639989339,-0.5487767267641928,-12.0,11.9138196569942,0.08600000000000002,12.0,-0.0005173646176879747,-3.03631421696807e-06,1.833624322821748e-05,1.092169064414552e-07,0.0005205101487834458,1.83362431927231e-05,0.0005205101488113847,0.0004990283744597589,3.036314216968067e-06,0.0004990283744703535
3,0.08800000000000002,9.647981553758596,-0.5468512705879685,-12.0,11.91999775490445,0.08800000000000002,12.0,-0.000517451210944321,-3.045077661646651e-06,1.702175430447657e-05,1.013809369915032e-07,0.0005205976695187287,1.702175427564884e-05,0.000520597669542956,0.0005004294566398449,3.045077661646654e-06,0.0005004294566471072
3,0.08999999999999997,9.641823600916839,-0.5449208265274955,-12.0,11.92574756183914,0.08999999999999997,12.0,-0.0005175380504961031,-3.053277534914395e-06,1.579839112142967e-05,9.408896599404861e-08,0.0005206854169760229,1.579839109805608e-05,0.0005206854169970137,0.0005017396593746739,3.053277534914388e-06,0.0005017396593793961
3,0.09199999999999997,9.636065197701773,-0.5429857406102132,-12.0,11.93109674028677,0.09199999999999997,12.0,-0.0005176251195930302,-3.060950102768457e-06,1.466026804301401e-05,8.730574917982466e-08,0.0005207733754268084,1.466026802409247e-05,0.0005207733754449806,0.0005029648515500177,3.060950102768447e-06,0.0005029648515528141
3,0.09399999999999997,9.63068025907597,-0.5410463365179837,-12.0,11.93607144913689,0.09399999999999997,12.0,-0.0005177124025218392,-3.068129678556825e-06,1.360181934787126e-05,8.099797359922107e-08,0.0005208615301582735,1.360181933257593e-05,0.0005208615301739937,0.0005041105831739691,3.068129678556838e-06,0.0005041105831753256
3,0.09599999999999997,9.62564415796845,-0.5391029167985542,-12.0,11.94069638467417,0.09599999999999997,12.0,-0.0005177998845561573,-3.074848673252795e-06,1.261779050720502e-05,7.513420242560346e-08,0.0005209498674182475,1.261779049485729e-05,0.0005209498674318373,0.0005051820940489536,3.074848673252786e-06,0.000505182094049266
3,0.09799999999999998,9.620933679003853,-0.5371557640445481,-12.0,11.94499482708303,0.09799999999999998,12.0,-0.0005178875519067996,-3.081137653416019e-06,1.170322829016221e-05,6.968481313611503e-08,0.0005210383743616114,1.170322828020734e-05,0.000521038374373352,0.0005061843236166394,3.081137653416003e-06,0.0005061843236162015
3,0.09999999999999998,9.616526968057993,-0.535205142035476,-12.0,11.94898869112221,0.09999999999999998,12.0,-0.0005179753916727432,-3.087025405041406e-06,1.085346998201434e-05,6.462193073934871e-08,0.0005211270389983874,1.085346997399786e-05,0.0005211270390085243,0.0005071219216907283,3.087025405041399e-06,0.0005071219216897886
3,0.102,9.612403478800262,-0.5332512968393237,-12.0,11.95269857980787,0.102,12.0,-0.0005180633917932246,-3.092539001699307e-06,1.006413196222116e-05,5.99193574891779e-08,0.0005212158501436671,1.006413195577253e-05,0.0005212158501524145,0.0005079992598310026,3.092539001699302e-06,0.0005079992598297315
3,0.104,9.608543917218416,-0.5312944578712285,-12.0,11.95614384010797,0.104,12.0,-0.0005181515410010431,-3.097703875669431e-06,9.331097854551008e-06,5.555250031997284e-08,0.0005213047973694897,9.331097849368879e-06,0.0005213047973770341,0.0005088204431464912,3.097703875669421e-06,0.0005088204431450179
3,0.106,9.604930184974199,-0.5293348389075463,-12.0,11.9593426197993,0.106,12.0,-0.0005182398287773278,-3.102543890873826e-06,8.650506429840389e-06,5.149829705028064e-08,0.0005213938709587478,8.65050642568061e-06,0.0005213938709652517,0.0005095893223474873,3.102543890873825e-06,0.0005095893223459151
3,0.108,9.601545322304304,-0.5273726390543152,-12.0,11.96231192477175,0.108,12.0,-0.000518328245307904,-3.107081416632599e-06,8.01873941360231e-06,4.773514223662266e-08,0.0005214830618611674,8.01873941026511e-06,0.0005214830618667717,0.0005103095058943001,3.1070814166326e-06,0.0005103095058927013
3,0.11,9.598373451062756,-0.5254080436696966,-12.0,11.96506767618307,0.11,12.0,-0.0005184167814413112,-3.111337401485684e-06,7.432409325425527e-06,4.42428134090353e-08,0.0005215723616513775,7.432409322751089e-06,0.0005215723616562045,0.0005109843721158873,3.111337401485688e-06,0.0005109843721143073
3,0.112,9.595399718396061,-0.5234412252404639,-12.0,11.96762476697266,0.112,12.0,-0.0005185054286486047,-3.115331446329766e-06,6.888347454766651e-06,4.100239828963754e-08,0.0005216617624890698,6.88834745262471e-06,0.000521661762493226,0.0005116170811938375,3.115331446329773e-06,0.0005116170811923274
3,0.114,9.592610241450595,-0.521472344213009,-12.0,11.96999711733495,0.114,12.0,-0.0005185941789849369,-3.119081876383638e-06,6.383592058108452e-06,3.799622348087538e-08,0.0005217512570812268,6.383592056394e-06,0.0005217512570848041,0.0005122105869268313,3.119081876383638e-06,0.0005122105869254053
3,0.116,9.589992053430649,-0.519501549779672,-12.0,11.97219772883328,0.116,12.0,-0.0005186830250529335,-3.122605811513345e-06,5.915376845353963e-06,3.520778500961284e-08,0.0005218408386463784,5.915376843983089e-06,0.0005218408386494564,0.0005127676482075775,3.122605811513342e-06,0.0005127676482062449
3,0.118,9.587533051256571,-0.5175289806214542,-12.0,11.97423873690522,0.118,12.0,-0.0005187719599679015,-3.125919234562257e-06,5.481119808497078e-06,3.262168102664087e-08,0.000521930500880843,5.48111980740092e-06,0.0005219305008834904,0.0005132908401594052,3.125919234562243e-06,0.0005132908401581763
3,0.12,9.58522194501299,-0.5155547656083823,-12.0,11.97613146156969,0.12,12.0,-0.0005188609773248321,-3.129037057446803e-06,5.078412432857301e-06,3.022354688784333e-08,0.0005220202379268917,5.078412431981678e-06,0.0005220202379291682,0.0005137825648919743,3.129037057446796e-06,0.0005137825648908533
3,0.122,9.583048209324351,-0.513579024458957,-12.0,11.97788645619804,0.122,12.0,-0.0005189500711671687,-3.131973184786623e-06,4.70500932026566e-06,2.799999277821052e-08,0.0005221100443427747,4.705009319566137e-06,0.0005221100443447318,0.0005142450618469025,3.13197318478663e-06,0.0005142450618458827
3,0.124,9.58100203675357,-0.5116018683602227,-12.0,11.9795135542542,0.124,12.0,-0.00051903923595727,-3.134740574958886e-06,4.358818244344616e-06,2.593854398834048e-08,0.0005221999150745352,4.358818243786347e-06,0.0005221999150762174,0.0005146804177129253,3.134740574958889e-06,0.0005146804177120063
3,0.126,9.579074293281632,-0.5096234005500866,-12.0,11.98102191394594,0.126,12.0,-0.000519128466548586,-3.137351298493831e-06,4.037890650243982e-06,2.402758390624913e-08,0.0005222898454295415,4.037890649798969e-06,0.0005222898454309869,0.0005150905758983426,3.137351298493829e-06,0.000515090575897525
3,0.128,9.577256475896162,-0.5076437168635557,-12.0,11.98242006075958,0.128,12.0,-0.0005192177581594417,-3.139816593705176e-06,3.740412604700462e-06,2.225629975062451e-08,0.0005223798310516565,3.740412604345462e-06,0.0005223798310528983,0.0005154773455547415,3.13981659370517e-06,0.0005154773455540081
3,0.13,9.575540672291424,-0.5056629062445968,-12.0,11.98371592787579,0.13,12.0,-0.0005193071063483417,-3.14214691965765e-06,3.464696196923068e-06,2.061463104117775e-08,0.0005224698678979728,3.464696196639932e-06,0.0005224698678990394,0.0005158424101514195,3.142146919657651e-06,0.0005158424101507608
3,0.132,9.573919522661969,-0.5036810512253167,-12.0,11.98491689448488,0.132,12.0,-0.000519396506990834,-3.144352006335305e-06,3.209171386421062e-06,1.909322077538394e-08,0.0005225599522170309,3.209171386195919e-06,0.0005225599522179471,0.000516187335604411,3.144352006335304e-06,0.0005161873356038364
3,0.134,9.572386183555524,-0.5016982283741538,-12.0,11.98602982203619,0.134,12.0,-0.0005194859562577688,-3.14644090220237e-06,2.972378290352169e-06,1.768336926194195e-08,0.0005226500805284475,2.972378290172991e-06,0.000522650080529234,0.0005165135779674179,3.146440902202362e-06,0.0005165135779669097
3,0.136,9.570934293736823,-0.4997145087147494,-12.0,11.98706108846992,0.136,12.0,-0.0005195754505949004,-3.14842201910447e-06,2.752959900160889e-06,1.637699054445418e-08,0.000522740249603875,2.752959900017772e-06,0.0005227402496045503,0.0005168224906947384,3.148422019104468e-06,0.000516822490694293
3,0.138,9.569557942004751,-0.4977299581171233,-12.0,11.98801662048959,0.138,12.0,-0.0005196649867038419,-3.150303174622968e-06,2.549655215094459e-06,1.516657133695373e-08,0.0005228304564492217,2.549655214980392e-06,0.0005228304564498013,0.0005171153314887439,3.150303174622961e-06,0.0005171153314883508
3,0.14,9.568251636897037,-0.4957446376627317,-12.0,11.98890192394134,0.14,12.0,-0.000519754561524179,-3.152091631992179e-06,2.361292778528278e-06,1.404513238344998e-08,0.0005229206982880577,2.361292778437986e-06,0.0005229206982885552,0.0005173932687456491,3.152091631992168e-06,0.0005173932687453114
3,0.142,9.567010278210942,-0.4937586039849399,-12.0,11.98972211237173,0.142,12.0,-0.0005198441722168282,-3.153794137590242e-06,2.186784601832985e-06,1.30061921470281e-08,0.0005230109725461391,2.186784601760302e-06,0.000523010972546566,0.0005176573876149918,3.153794137590243e-06,0.0005176573876146932
3,0.144,9.565829130264207,-0.4917719095863818,-12.0,11.99048193383975,0.144,12.0,-0.0005199338161484082,-3.15541695620615e-06,2.025120459685956e-06,1.204373272976571e-08,0.0005231012768369827,2.025120459628527e-06,0.000523101276837349,0.0005179086956887237,3.155416956206154e-06,0.0005179086956884666
3,0.146,9.564703796819423,-0.4897846031346123,-12.0,11.99118579606117,0.146,12.0,-0.0005200234908767404,-3.15696590407709e-06,1.875362540221225e-06,1.115216792176043e-08,0.0005231916089484266,1.875362540176107e-06,0.000523191608948741,0.00051814812833652,3.15696590407708e-06,0.000518148128336293
3,0.148,9.5636301975918,-0.4877967297374078,-12.0,11.99183778996432,0.148,12.0,-0.0005201131941372297,-3.158446379880043e-06,1.73664043315972e-06,1.032631327678742e-08,0.0005232819668301178,1.736640433123396e-06,0.0005232819668303876,0.0005183765537040697,3.158446379880053e-06,0.0005183765537038722
3,0.15,9.562604546262076,-0.485808331198995,-12.0,11.99244171173672,0.15,12.0,-0.000520202923830251,-3.159863393732528e-06,1.608146439025201e-06,9.561358111887722e-09,0.0005233723485818638,1.608146438996378e-06,0.0005233723485820952,0.0005185947773912263,3.159863393732514e-06,0.0005185947773910476
3,0.152,9.561623329915442,-0.4838194462584305,-12.0,11.99300108344147,0.152,12.0,-0.0005202926780093356,-3.16122159433026e-06,1.489131182687677e-06,8.85283932935029e-09,0.0005234627524427986,1.489131182665159e-06,0.000523462752442997,0.0005188035468266497,3.161221594330266e-06,0.0005188035468265018
3,0.154,9.560683289829873,-0.4818301108112885,-12.0,11.99351917228076,0.154,12.0,-0.0005203824548702311,-3.162525294282821e-06,1.378899514750248e-06,8.196616961715134e-09,0.000523553176781305,1.378899514732404e-06,0.0005235531767814753,0.0005190035553554808,3.162525294282825e-06,0.0005190035553553461
3,0.156,9.559781403537578,-0.4798403581157548,-12.0,11.99399900858207,0.156,12.0,-0.0005204722527406254,-3.163778493821835e-06,1.27680668468096e-06,7.588851342332195e-09,0.0005236436200856475,1.276806684666945e-06,0.0005236436200857935,0.0005191954460559459,3.16377849382184e-06,0.0005191954460558345
3,0.158,9.55891486808743,-0.4778502189841559,-12.0,11.99444340258077,0.158,12.0,-0.0005205620700706984,-3.164984902883135e-06,1.182254770059532e-06,7.025981807520141e-09,0.0005237340809552656,1.182254770047987e-06,0.0005237340809553909,0.0005193798153006385,3.164984902883126e-06,0.000519379815300547
3,0.16,9.558081084436655,-0.4758597219609024,-12.0,11.99485496006989,0.16,12.0,-0.0005206519054242321,-3.166147961720171e-06,1.094689346840849e-06,6.504706839445752e-09,0.0005238245580926863,1.094689346831834e-06,0.0005238245580927936,0.0005195572160773904,3.166147961720177e-06,0.0005195572160773075
3,0.162,9.557277642904124,-0.4738688934877637,-12.0,11.99523609698528,0.162,12.0,-0.0005207417574704166,-3.167270860123881e-06,1.013596386116606e-06,6.021965562394862e-09,0.0005239150502960108,1.01359638610978e-06,0.0005239150502961028,0.0005197281610843014,3.167270860123886e-06,0.000519728161084229
3,0.164,9.556502309620527,-0.4718777580573327,-12.0,11.99558905299174,0.164,12.0,-0.0005208316249761809,-3.168356555327949e-06,9.384993634643197e-07,5.574920508979408e-09,0.0005240055564519393,9.384993634588781e-07,0.0005240055564520184,0.0005198931256127178,3.168356555327941e-06,0.000519893125612654
3,0.166,9.555753013912158,-0.4698863383554955,-12.0,11.99591590413229,0.166,12.0,-0.0005209215067991141,-3.169407788674317e-06,8.689565676025511e-07,5.160941576556957e-09,0.0005240960755292956,8.689565675976768e-07,0.0005240960755293634,0.0005200525502315138,3.169407788674325e-06,0.0005200525502314558
3,0.168,9.555027836560031,-0.467894655393661,-12.0,11.99621857460019,0.168,12.0,-0.0005210114018808572,-3.170427101118197e-06,8.04558595707564e-07,4.777591098063456e-09,0.0005241866065730154,8.045585957037996e-07,0.0005241866065730735,0.0005202068432851514,3.17042710111821e-06,0.0005202068432850998
3,0.17,9.554324998877519,-0.4659027286314618,-12.0,11.99649884769011,0.17,12.0,-0.0005211013092409761,-3.171416847686995e-06,7.449260233849703e-07,4.422609955315797e-09,0.0005242771486985698,7.44926023381798e-07,0.0005242771486986197,0.0005203563832175922,3.171416847686998e-06,0.0005203563832175492
3,0.172,9.553642852553365,-0.4639105760905925,-12.0,11.99675837598178,0.172,12.0,-0.0005211912279712823,-3.17237921088144e-06,6.897072379222437e-07,4.093904666725619e-09,0.0005243677010867912,6.897072379201485e-07,0.000524367701086834,0.000520501520733361,3.172379210881435e-06,0.0005205015207333266
3,0.174,9.552979870209725,-0.4619182144604077,-12.0,11.99699869080688,0.174,12.0,-0.000521281157230546,-3.173316213181103e-06,6.385764240689299e-07,3.789535384981388e-09,0.0005244582629790723,6.385764240673823e-07,0.000524458262979109,0.0005206425808064747,3.173316213181106e-06,0.0005206425808064414
3,0.176,9.552334636627466,-0.4599256591958581,-12.0,11.99722121104668,0.176,12.0,-0.0005213710962395711,-3.174229728632318e-06,5.912316921976483e-07,3.507704744118119e-09,0.0005245488336729154,5.912316921960658e-07,0.0005245488336729469,0.0005207798645473737,3.174229728632324e-06,0.0005207798645473477
3,0.178,9.551705840594252,-0.4579329246083082,-12.0,11.99742725130536,0.178,12.0,-0.0005214610442767077,-3.175121493624755e-06,5.473933392870221e-07,3.246747498704602e-09,0.0005246394125178041,5.473933392857378e-07,0.000524639412517831,0.0005209136509374186,3.175121493624754e-06,0.0005209136509373932
3,0.18,9.551092267332875,-0.455940023949744,-12.0,11.99761802950145,0.18,12.0,-0.0005215510006735713,-3.175993116924526e-06,5.068022337344171e-07,3.00512090148643e-09,0.0005247299989113753,5.068022337337924e-07,0.0005247299989113983,0.0005210441984398345,3.175993116924522e-06,0.0005210441984398139
3,0.182,9.550492791470639,-0.4539469694908368,-12.0,11.99779467391691,0.182,12.0,-0.0005216409648111761,-3.176846088944913e-06,4.692183155522621e-07,2.781395768991527e-09,0.000524820592295871,4.692183155516988e-07,0.0005248205922958908,0.0005211717464956229,3.176846088944903e-06,0.0005211717464956088
3,0.184,9.549906370512458,-0.4519537725933063,-12.0,11.9979582297411,0.184,12.0,-0.0005217309361162815,-3.177681790398207e-06,4.344192040227989e-07,2.574248187756784e-09,0.0005249111921548497,4.344192040221175e-07,0.0005249111921548666,0.0005212965169122581,3.177681790398213e-06,0.0005212965169122429
3,0.186,9.549332038782651,-0.4499604437769925,-12.0,11.9981096651447,0.186,12.0,-0.0005218209140580251,-3.178501500309344e-06,4.02198905384341e-07,2.382451816823831e-09,0.0005250017980101367,4.021989053838036e-07,0.0005250017980101512,0.0005214187151526407,3.178501500309341e-06,0.0005214187151526274
3,0.188,9.54876890180328,-0.4479669927820134,-12.0,11.9982498769161,0.188,12.0,-0.0005219108981448228,-3.179306403442525e-06,3.723666135955664e-07,2.204870745011287e-09,0.0005250924094189994,3.723666135953411e-07,0.0005250924094190118,0.0005215385315312277,3.179306403442526e-06,0.000521538531531217
3,0.19,9.548216131078233,-0.4459734286263687,-12.0,11.99837969569094,0.19,12.0,-0.000522000887921465,-3.180097597212446e-06,3.447455976736359e-07,2.040452864137304e-09,0.0005251830259715287,3.44745597673218e-07,0.0005251830259715394,0.0005216561423237908,3.18009759721245e-06,0.0005216561423237803
3,0.192,9.547672959254639,-0.4439797596593116,-12.0,11.99849989080322,0.192,12.0,-0.000522090882966419,-3.18087609807915e-06,3.191721695275234e-07,1.888223721907293e-09,0.0005252736472882131,3.191721695275905e-07,0.0005252736472882222,0.0005217717107968925,3.180876098079154e-06,0.0005217717107968854
3,0.194,9.547138675634963,-0.4419859936108028,-12.0,11.99861117478493,0.194,12.0,-0.0005221808828893919,-3.18164284748492e-06,2.954947266097195e-07,1.747280820629265e-09,0.0005253642730176908,2.954947266098824e-07,0.0005253642730176986,0.0005218853881627812,3.181642847484916e-06,0.0005218853881627738
3,0.196,9.546612622015118,-0.439992137637325,-12.0,11.99871420753878,0.196,12.0,-0.0005222708873289647,-3.182398717380484e-06,2.735728640885559e-07,1.616788330123335e-09,0.000525454902834667,2.735728640885026e-07,0.0005254549028346737,0.0005219973144648767,3.18239871738048e-06,0.0005219973144648685
3,0.198,9.546094188825155,-0.4379981983643282,-12.0,11.99880960020748,0.198,12.0,-0.000522360895950503,-3.183144515298808e-06,2.532765516004113e-07,1.495972185378818e-09,0.000525545536437985,2.532765516000478e-07,0.0005255455364379908,0.0005221076193989022,3.183144515298803e-06,0.0005221076193989032
3,0.2,9.545582811551249,-0.4360041819255445,-12.0,11.99889791876111,0.2,12.0,-0.0005224509084441878,-3.183880989117254e-06,2.344853699764515e-07,1.3841155415106e-09,0.0005256361735488389,2.344853699767366e-07,0.0005256361735488438,0.0005222164230742118,3.18388098911727e-06,0.0005222164230742023
