Rsource,VDD,V(source),V(drain),V(gate),Id(J1),Ig(J1),I(RD),I(RS)
470,0.0,0.0,0.0,0.0,0.0,0.0,0.0,0.0
470,0.05,0.0143459940292692,0.01947660841358611,3.477731239366496e-08,3.052339076528149e-05,-3.477731207959881e-14,3.052339158641389e-05,3.05233915516366e-05
470,0.1,0.02866666604866183,0.0390070934443633,6.912217884765639e-08,6.099290316330542e-05,-6.912217820872964e-14,6.099290655563671e-05,6.099290648651454e-05
470,0.15,0.04296139136677028,0.05859278422276051,1.032602218700156e-07,9.140721221552426e-05,-1.032602215377397e-13,9.140721577723952e-05,9.140721567397933e-05
470,0.2,0.05722952383102493,0.0782350555413641,1.373063214931856e-07,0.0001217649407173466,-1.373063213190147e-13,0.0001217649444586359,0.0001217649443213296
470,0.25,0.07147039439193516,0.09793533090966938,1.713196166444538e-07,0.0001520646651584347,-1.713196165523263e-13,0.0001520646690903306,0.000152064668919011
470,0.3,0.08568331016008832,0.1176950845604387,2.053310033945249e-07,0.0001823049113052674,-2.053310033452977e-13,0.0001823049154395614,0.0001823049152342305
470,0.35,0.099867553284896,0.1375158438353324,2.393569646741818e-07,0.0002124841518153231,-2.393569646475843e-13,0.0002124841561646676,0.0002124841559253106
470,0.4,0.1140223797669563,0.1573991917117926,2.734065737653813e-07,0.0002426008037102228,-2.734065737508392e-13,0.0002426008082882074,0.0002426008080148007
470,0.45,0.1281470181992445,0.1773467694813565,3.074850683338469e-07,0.0002726532256974105,-3.074850683257971e-13,0.0002726532305186435,0.0002726532302111584
470,0.5,0.1422406684319311,0.1973602795904658,3.415956899240919e-07,0.0003026397153293363,-3.415956899195792e-13,0.0003026397204095342,0.0003026397200679384
470,0.55,0.1563025001551834,0.2174414886557842,3.757406395803095e-07,0.0003325585059881296,-3.75740639577748e-13,0.0003325585113442159,0.0003325585109684754
470,0.6000000000000001,0.1703316513938078,0.237592230667083,4.099215793754219e-07,0.0003624077636827033,-4.0992157937395e-13,0.0003624077693329171,0.0003624077689229955
470,0.65,0.1843272269070516,0.2578144103919208,4.441398986087844e-07,0.000392185583644065,-4.441398986079288e-13,0.0003921855896080792,0.0003921855891639395
470,0.7000000000000001,0.1982882964862752,0.2781100069976136,4.783968569363741e-07,0.0004218899867033308,-4.783968569358714e-13,0.0004218899930023864,0.0004218899925239897
470,0.75,0.2122138931425475,0.2984810779074177,5.126936625555094e-07,0.0004515189154355319,-5.12693662555211e-13,0.0004515189220925823,0.0004515189215798884
470,0.8,0.2261030111754756,0.3189297629094032,5.470315158178467e-07,0.0004810702300507249,-5.470315158176682e-13,0.0004810702370905968,0.0004810702365435651
470,0.8500000000000001,0.2399546041137666,0.3394582885382337,5.81411634298778e-07,0.0005105417040121917,-5.8141163429867e-13,0.0005105417114617663,0.0005105417108803544
470,0.9,0.2537675825171209,0.3600689727519927,6.158352678664047e-07,0.000539931019359597,-6.158352678663391e-13,0.0005399310272480073,0.0005399310266321723
470,0.9500000000000001,0.267540811628043,0.380764229928328,6.503037083508128e-07,0.0005692357617128189,-6.503037083507728e-13,0.0005692357700716722,0.0005692357694213681
470,1.0,0.2812731088610473,0.4015465762065705,6.84818296317991e-07,0.0005984534149298072,-6.848182963179664e-13,0.0005984534237934295,0.0005984534231086114
470,1.05,0.2949632411154849,0.42241863520512,7.193804263276019e-07,0.0006275813553891688,-7.193804263275867e-13,0.0006275813647948801,0.0006275813640754998
470,1.1,0.3086099218968358,0.443383144146358,7.539915514447251e-07,0.0006566168458652197,-7.539915514447156e-13,0.000656616855853642,0.0006566168550996508
470,1.15,0.3222118082297512,0.4644429604246417,7.886531874434209e-07,0.0006855570289599607,-7.886531874434148e-13,0.0006855570395753586,0.0006855570387867047
470,1.2,0.3357674973443998,0.4856010686566328,8.233669169577177e-07,0.0007143989200527017,-8.233669169577137e-13,0.0007143989313433674,0.0007143989305199996
470,1.25,0.3492755231157169,0.5068605882573608,8.581343937354218e-07,0.0007431393997239556,-8.581343937354191e-13,0.0007431394117426392,0.0007431394108845041
470,1.3,0.3627343522329727,0.5282247815900789,8.929573470953036e-07,0.0007717752056055274,-8.929573470953021e-13,0.0007717752184099212,0.0007717752175169631
470,1.35,0.3761423800746071,0.5496970627432105,9.278375866587014e-07,0.0008003029236035059,-9.278375866587002e-13,0.0008003029372567896,0.0008003029363289512
470,1.4,0.3894979262605054,0.5712810069935937,9.627770074114156e-07,0.0008287189784349505,-9.62777007411415e-13,0.0008287189930064064,0.0008287189920436287
470,1.45,0.4027992298507473,0.5929803610219087,9.977775951449002e-07,0.0008570196234123862,-9.977775951449e-13,0.0008570196389780916,0.0008570196379803134
470,1.5,0.4160444441563139,0.6147990539537241,1.032841432323784e-06,0.00088520092940266,-1.032841432323784e-12,0.0008852009460462759,0.0008852009450134339
470,1.55,0.4292316311232108,0.6367412093081759,1.067970704427892e-06,0.0009132587728781627,-1.067970704427891e-12,0.0009132587906918242,0.0009132587896238528
470,1.6,0.4423587552468804,0.6588111579460221,1.103167706820117e-06,0.0009411888229686486,-1.103167706820117e-12,0.000941188842053978,0.0009411888409508093
470,1.65,0.4554236769685723,0.6810134521199214,1.13843485219624e-06,0.000968986527410817,-1.13843485219624e-12,0.0009689865478800788,0.0009689865467416433
470,1.7,0.4684241454993777,0.7033528807424425,1.173774678678822e-06,0.000996647097280137,-1.173774678678822e-12,0.0009966471192575576,0.0009966471180837824
470,1.75,0.481357791010829,0.7258344860018114,1.209189858624651e-06,0.001024165490374916,-1.20918985862465e-12,0.001024165513998188,0.001024165512788998
470,1.8,0.4942221161231459,0.7484635814720267,1.244683208223725e-06,0.001051536393105956,-1.244683208223725e-12,0.001051536418527973,0.001051536417283289
470,1.85,0.5070144866132236,0.7712457718830963,1.280257697977856e-06,0.001078754200726068,-1.280257697977856e-12,0.001078754228116904,0.001078754226836646
470,1.9,0.5197321212540965,0.7941869747391969,1.315916464158489e-06,0.001105812995711597,-1.315916464158489e-12,0.001105813025260803,0.001105813023944886
470,1.95,0.5323720806856324,0.8172934439980548,1.351662821356894e-06,0.00113270652408269,-1.351662821356894e-12,0.001132706556001945,0.001132706554650282
470,2.0,0.5449312552023114,0.8405717960543911,1.387500276255442e-06,0.001159428169419437,-1.387500276255442e-12,0.001159428203945609,0.001159428202558109
470,2.05,0.5574063513278,0.8640290383046516,1.423432542766929e-06,0.001185970924296635,-1.423432542766929e-12,0.001185970961695349,0.001185970960271915
470,2.1,0.5697938770271895,0.8876726006103456,1.459463558710147e-06,0.00121232735881986,-1.459463558710147e-12,0.001212327399389654,0.001212327397930191
470,2.15,0.582090125385697,0.9115103700241949,1.495597504214715e-06,0.001238489585898621,-1.495597504214715e-12,0.001238489629975805,0.001238489628480206
470,2.2,0.5942911565567787,0.9355507291984198,1.53183882207745e-06,0.001264449222837229,-1.531838822077449e-12,0.001264449270801581,0.001264449269269742
470,2.25,0.6063927777520636,0.9598025989593326,1.56819224032685e-06,0.001290197348759194,-1.56819224032685e-12,0.001290197401040667,0.001290197399472476
470,2.3,0.6183905210094938,0.9842754856091808,1.604662797293039e-06,0.001315724457304175,-1.604662797293039e-12,0.00131572451439082,0.001315724512786157
470,2.35,0.6302796184332219,1.00897953360721,1.641255869528666e-06,0.001341020403945439,-1.641255869528667e-12,0.00134102046639279,0.001341020464751536
470,2.4,0.6420549745478299,1.03392558439047,1.677977202983877e-06,0.001366074347167273,-1.677977202983877e-12,0.001366074415609531,0.001366074413931553
470,2.45,0.6537111353484003,1.059125242224741,1.714832947907235e-06,0.00139087468261189,-1.714832947907235e-12,0.001390874757775259,0.001390874756060426
470,2.5,0.6652422535545999,1.084590948131999,1.751829698027196e-06,0.001415408969149276,-1.751829698027196e-12,0.001415409051868001,0.00141540905011617
470,2.55,0.676642049488401,1.110336063129322,1.788974534668649e-06,0.00143966384563501,-1.788974534668649e-12,0.001439663936870679,0.001439663935081704
470,2.6,0.6879037668875869,1.13637496224269,1.826275076580121e-06,0.001463624936892375,-1.82627507658012e-12,0.001463625037757311,0.001463625035931036
470,2.65,0.6990201228362054,1.162723141037951,1.863739536395082e-06,0.001487276747176317,-1.863739536395082e-12,0.001487276858962049,0.001487276857098309
470,2.7,0.7099832508324857,1.189397336752908,1.901376784831823e-06,0.001510602539035,-1.901376784831823e-12,0.001510602663247092,0.001510602661345714
470,2.75,0.7207846358167339,1.216415666535838,1.939196423959723e-06,0.001533584195063257,-1.939196423959723e-12,0.001533584333464162,0.001533584331524966
470,2.8,0.7314150397361083,1.243797785818305,1.97720887113667e-06,0.001556202059519592,-1.977208871136671e-12,0.001556202214181695,0.001556202212204486
470,2.85,0.7418644159166368,1.271565070502368,2.015425455568094e-06,0.001578434756125961,-2.015425455568094e-12,0.001578434929497632,0.001578434927482206
470,2.9,0.7521218101276164,1.299740827461851,2.053858529872408e-06,0.001600258977549754,-2.053858529872407e-12,0.001600259172538149,0.00160025917048429
470,2.95,0.7621752457360329,1.328350538894642,2.092521599587476e-06,0.001621649241029738,-2.092521599587476e-12,0.001621649461105358,0.001621649459012836
470,3.0,0.7720115897269039,1.357422147385797,2.131429474253752e-06,0.001642577603284519,-2.131429474253752e-12,0.001642577852614204,0.001642577850482774
470,3.05,0.7816163955661062,1.386986390241941,2.170598444611159e-06,0.001663013326140573,-2.170598444611158e-12,0.001663013609758059,0.00166301360758746
470,3.1,0.790973717845555,1.417077193863241,2.210046491615813e-06,0.001682922482110216,-2.210046491615813e-12,0.001682922806136759,0.001682922803926713
470,3.15,0.8000658922934513,1.447732141806694,2.249793534513076e-06,0.001702267486260885,-2.249793534513076e-12,0.001702267858193307,0.001702267855943513
470,3.2,0.8088732729377917,1.478993034012709,2.289861727227046e-06,0.001721006536896741,-2.289861727227046e-12,0.001721006965987291,0.001721006963697429
470,3.25,0.8173739158125681,1.510906559770643,2.33027581503158e-06,0.001739092942466612,-2.330275815031581e-12,0.001739093440229357,0.001739093437899081
470,3.3,0.8255431953519634,1.543525113901355,2.371063567126185e-06,0.001756474305204788,-2.371063567126184e-12,0.001756474886098645,0.001756474883727582
470,3.35,0.8333533351742788,1.576907795089278,2.412256305750944e-06,0.001773091522548852,-2.412256305750945e-12,0.001773092204910722,0.001773092202498465
470,3.4,0.8407728287861088,1.611121638426732,2.453889559433721e-06,0.001788877554235798,-2.453889559433722e-12,0.001788878361573269,0.001788878359119381
470,3.45,0.8477657170360258,1.646243152746495,2.496003877774766e-06,0.001803755884443715,-2.496003877774766e-12,0.001803756847253505,0.001803756844757502
470,3.5,0.854290676673109,1.682360259858994,2.538645859240384e-06,0.001817638581771588,-2.538645859240385e-12,0.001817639740141006,0.00181763973760236
470,3.55,0.8602998561525061,1.719574771561734,2.581869463975312e-06,0.001830423821039585,-2.581869463975312e-12,0.001830425228438266,0.001830425225856396
470,3.6,0.8657373676914488,1.758005598030754,2.625737714246775e-06,0.001841992673046639,-2.625737714246774e-12,0.001841994401969246,0.001841994399343508
470,3.65,0.8705373032132392,1.797792969216401,2.670324931779776e-06,0.001852204880222314,-2.670324931779777e-12,0.001852207030783599,0.001852207028113275
470,3.7,0.8746210771394969,1.83910408847684,2.715719734176869e-06,0.00186089319814744,-2.715719734176868e-12,0.00186089591152316,0.00186089590880744
470,3.75,0.8778937949100852,1.882140859131406,2.762029129983232e-06,0.001867855660784583,-2.762029129983231e-12,0.001867859140868594,0.001867859138106564
470,3.8,0.8802391730217012,1.927150692889124,2.809384247142331e-06,0.001872844757591228,-2.809384247142331e-12,0.001872849307110876,0.001872849304301492
470,3.85,0.8815122374102646,1.974442045205319,2.85794856671845e-06,0.00187555187160153,-2.85794856671845e-12,0.001875557954794682,0.001875557951936733
470,3.9,0.881689574550041,2.024064732092164,2.907748491145223e-06,0.001875937068839203,-2.907748491145223e-12,0.001875935267907836,0.001875935265000087
470,3.95,0.8816899250571877,2.074063986282278,2.957747995843474e-06,0.00187593606070423,-2.957747995843474e-12,0.001875936013717722,0.001875936010759974
470,4.0,0.8816899642234384,2.12406390289983,3.007747851627566e-06,0.001875936097100316,-3.007747851627565e-12,0.00187593609710017,0.001875936094092422
470,4.05,0.8816899948196317,2.174063837751546,3.057747717075744e-06,0.001875936162248454,-3.057747717075743e-12,0.001875936162248454,0.001875936159190706
470,4.100000000000001,0.8816900254157989,2.224063772603318,3.107747582523952e-06,0.001875936227396683,-3.107747582523952e-12,0.001875936227396683,0.001875936224288934
470,4.15,0.8816900560119664,2.27406370745509,3.15774744797216e-06,0.001875936292544911,-3.15774744797216e-12,0.001875936292544911,0.001875936289387163
470,4.2,0.8816900866081344,2.324063642306861,3.207747313420369e-06,0.001875936357693139,-3.207747313420369e-12,0.001875936357693139,0.001875936354485392
470,4.25,0.881690117204302,2.374063577158632,3.257747178868576e-06,0.001875936422841369,-3.257747178868576e-12,0.001875936422841368,0.001875936419583621
470,4.3,0.8816901478004701,2.424063512010401,3.307747044316783e-06,0.001875936487989599,-3.307747044316783e-12,0.001875936487989598,0.001875936484681851
470,4.350000000000001,0.8816901783966383,2.474063446862172,3.357746909764991e-06,0.001875936553137828,-3.357746909764991e-12,0.001875936553137829,0.001875936549780082
470,4.4,0.8816902089928067,2.524063381713941,3.407746775213197e-06,0.001875936618286059,-3.407746775213197e-12,0.001875936618286059,0.001875936614878312
470,4.45,0.8816902395889755,2.574063316565709,3.457746640661403e-06,0.00187593668343429,-3.457746640661403e-12,0.001875936683434291,0.001875936679976544
470,4.5,0.8816902701851447,2.624063251417479,3.507746506109611e-06,0.001875936748582521,-3.507746506109612e-12,0.001875936748582521,0.001875936745074776
470,4.55,0.8816903007813135,2.674063186269247,3.557746371557817e-06,0.001875936813730753,-3.557746371557817e-12,0.001875936813730753,0.001875936810173007
470,4.600000000000001,0.8816903313774829,2.724063121121014,3.607746237006023e-06,0.001875936878878986,-3.607746237006023e-12,0.001875936878878986,0.00187593687527124
470,4.65,0.8816903619736521,2.774063055972781,3.657746102454229e-06,0.001875936944027219,-3.657746102454229e-12,0.001875936944027219,0.001875936940369473
470,4.7,0.8816903925698221,2.824062990824547,3.707745967902434e-06,0.001875937009175451,-3.707745967902434e-12,0.001875937009175453,0.001875937005467707
470,4.75,0.8816904231659919,2.874062925676314,3.75774583335064e-06,0.001875937074323686,-3.75774583335064e-12,0.001875937074323686,0.00187593707056594
470,4.800000000000001,0.8816904537621622,2.924062860528079,3.807745698798843e-06,0.001875937139471919,-3.807745698798844e-12,0.001875937139471921,0.001875937135664175
470,4.850000000000001,0.8816904843583322,2.974062795379846,3.85774556424705e-06,0.001875937204620155,-3.85774556424705e-12,0.001875937204620155,0.001875937200762409
470,4.9,0.8816905149545027,3.024062730231611,3.907745429695254e-06,0.00187593726976839,-3.907745429695254e-12,0.001875937269768389,0.001875937265860644
470,4.95,0.8816905455506736,3.074062665083375,3.957745295143458e-06,0.001875937334916625,-3.957745295143459e-12,0.001875937334916626,0.00187593733095888
470,5.0,0.8816905761468444,3.124062599935139,4.007745160591663e-06,0.001875937400064862,-4.007745160591662e-12,0.001875937400064861,0.001875937396057116
470,5.050000000000001,0.8816906067430157,3.174062534786903,4.057745026039866e-06,0.001875937465213097,-4.057745026039867e-12,0.001875937465213097,0.001875937461155353
470,5.100000000000001,0.8816906373391867,3.224062469638667,4.107744891488071e-06,0.001875937530361335,-4.10774489148807e-12,0.001875937530361334,0.001875937526253589
470,5.15,0.8816906679353584,3.274062404490429,4.157744756936273e-06,0.001875937595509572,-4.157744756936273e-12,0.001875937595509572,0.001875937591351826
470,5.2,0.8816906985315301,3.324062339342191,4.207744622384477e-06,0.00187593766065781,-4.207744622384476e-12,0.001875937660657809,0.001875937656450064
470,5.25,0.881690729127702,3.374062274193953,4.257744487832679e-06,0.001875937725806049,-4.257744487832679e-12,0.001875937725806047,0.001875937721548302
470,5.300000000000001,0.8816907597238746,3.424062209045715,4.307744353280883e-06,0.001875937790954285,-4.307744353280883e-12,0.001875937790954286,0.001875937786646542
470,5.350000000000001,0.8816907903200466,3.474062143897476,4.357744218729085e-06,0.001875937856102526,-4.357744218729085e-12,0.001875937856102524,0.00187593785174478
470,5.4,0.8816908209162193,3.524062078749236,4.407744084177287e-06,0.001875937921250764,-4.407744084177287e-12,0.001875937921250765,0.00187593791684302
470,5.45,0.8816908515123921,3.574062013600996,4.457743949625489e-06,0.001875937986399004,-4.457743949625489e-12,0.001875937986399004,0.00187593798194126
470,5.5,0.8816908821085653,3.624061948452755,4.50774381507369e-06,0.001875938051547244,-4.50774381507369e-12,0.001875938051547245,0.001875938047039501
470,5.550000000000001,0.8816909127047384,3.674061883304516,4.557743680521892e-06,0.001875938116695484,-4.557743680521892e-12,0.001875938116695485,0.001875938112137741
470,5.600000000000001,0.8816909433009117,3.724061818156274,4.607743545970093e-06,0.001875938181843727,-4.607743545970094e-12,0.001875938181843726,0.001875938177235982
470,5.65,0.8816909738970853,3.774061753008032,4.657743411418294e-06,0.001875938246991968,-4.657743411418295e-12,0.001875938246991968,0.001875938242334224
470,5.7,0.8816910044932591,3.824061687859791,4.707743276866497e-06,0.001875938312140211,-4.707743276866496e-12,0.001875938312140209,0.001875938307432466
470,5.75,0.8816910350894335,3.874061622711548,4.757743142314697e-06,0.001875938377288452,-4.757743142314697e-12,0.001875938377288452,0.00187593837253071
470,5.800000000000001,0.8816910656856075,3.924061557563304,4.807743007762894e-06,0.001875938442436695,-4.807743007762895e-12,0.001875938442436697,0.001875938437628952
470,5.850000000000001,0.8816910962817819,3.974061492415062,4.857742873211098e-06,0.001875938507584938,-4.857742873211097e-12,0.001875938507584938,0.001875938502727196
470,5.9,0.8816911268779565,4.024061427266818,4.907742738659297e-06,0.001875938572733183,-4.907742738659297e-12,0.001875938572733182,0.001875938567825439
470,5.95,0.8816911574741314,4.074061362118575,4.957742604107498e-06,0.001875938637881427,-4.957742604107498e-12,0.001875938637881426,0.001875938632923684
470,6.0,0.8816911880703063,4.124061296970329,5.007742469555695e-06,0.001875938703029671,-5.007742469555695e-12,0.001875938703029672,0.001875938698021928
470,6.050000000000001,0.8816912186664817,4.174061231822084,5.057742335003894e-06,0.001875938768177917,-5.057742335003896e-12,0.001875938768177917,0.001875938763120174
470,6.100000000000001,0.8816912492626574,4.224061166673838,5.107742200452095e-06,0.001875938833326162,-5.107742200452094e-12,0.001875938833326162,0.00187593882821842
470,6.15,0.8816912798588329,4.274061101525592,5.157742065900292e-06,0.001875938898474407,-5.157742065900292e-12,0.001875938898474408,0.001875938893316666
470,6.2,0.8816913104550088,4.324061036377347,5.207741931348492e-06,0.001875938963622654,-5.207741931348493e-12,0.001875938963622653,0.001875938958414912
470,6.25,0.8816913410511847,4.374060971229099,5.257741796796689e-06,0.001875939028770901,-5.25774179679669e-12,0.001875939028770901,0.001875939023513159
470,6.300000000000001,0.8816913716473612,4.424060906080853,5.30774166224489e-06,0.001875939093919148,-5.307741662244889e-12,0.001875939093919148,0.001875939088611407
470,6.350000000000001,0.8816914022435377,4.474060840932603,5.357741527693085e-06,0.001875939159067396,-5.357741527693085e-12,0.001875939159067397,0.001875939153709655
470,6.4,0.8816914328397145,4.524060775784355,5.407741393141284e-06,0.001875939224215644,-5.407741393141283e-12,0.001875939224215645,0.001875939218807903
470,6.45,0.8816914634358912,4.574060710636107,5.45774125858948e-06,0.001875939289363893,-5.45774125858948e-12,0.001875939289363894,0.001875939283906151
470,6.5,0.8816914940320684,4.624060645487859,5.507741124037679e-06,0.001875939354512142,-5.507741124037679e-12,0.001875939354512141,0.001875939349004401
470,6.550000000000001,0.8816915246282455,4.674060580339609,5.557740989485875e-06,0.001875939419660392,-5.557740989485875e-12,0.001875939419660392,0.00187593941410265
470,6.600000000000001,0.8816915552244233,4.724060515191359,5.607740854934073e-06,0.001875939484808641,-5.607740854934073e-12,0.001875939484808641,0.001875939479200901
470,6.65,0.8816915858206008,4.774060450043109,5.657740720382268e-06,0.001875939549956892,-5.657740720382269e-12,0.001875939549956892,0.001875939544299151
470,6.7,0.8816916164167787,4.824060384894858,5.707740585830464e-06,0.001875939615105143,-5.707740585830465e-12,0.001875939615105142,0.001875939609397402
470,6.75,0.8816916470129569,4.874060319746606,5.75774045127866e-06,0.001875939680253395,-5.75774045127866e-12,0.001875939680253394,0.001875939674495653
470,6.800000000000001,0.8816916776091354,4.924060254598355,5.807740316726856e-06,0.001875939745401646,-5.807740316726855e-12,0.001875939745401646,0.001875939739593905
470,6.850000000000001,0.8816917082053141,4.974060189450104,5.857740182175053e-06,0.001875939810549897,-5.857740182175054e-12,0.001875939810549896,0.001875939804692158
470,6.9,0.8816917388014929,5.024060124301851,5.907740047623247e-06,0.00187593987569815,-5.907740047623248e-12,0.001875939875698149,0.00187593986979041
470,6.95,0.8816917693976716,5.074060059153596,5.95773991307144e-06,0.001875939940846404,-5.957739913071441e-12,0.001875939940846404,0.001875939934888663
470,7.0,0.8816917999938509,5.124059994005343,6.007739778519636e-06,0.001875940005994657,-6.007739778519636e-12,0.001875940005994657,0.001875939999986917
470,7.050000000000001,0.8816918305900302,5.174059928857089,6.05773964396783e-06,0.001875940071142911,-6.05773964396783e-12,0.001875940071142912,0.001875940065085171
470,7.100000000000001,0.8816918611862096,5.224059863708836,6.107739509416025e-06,0.001875940136291165,-6.107739509416026e-12,0.001875940136291165,0.001875940130183425
470,7.15,0.8816918917823896,5.274059798560579,6.157739374864219e-06,0.001875940201439419,-6.157739374864217e-12,0.001875940201439422,0.00187594019528168
470,7.2,0.8816919223785695,5.324059733412326,6.207739240312414e-06,0.001875940266587676,-6.207739240312414e-12,0.001875940266587675,0.001875940260379935
470,7.25,0.8816919529747498,5.374059668264069,6.257739105760606e-06,0.001875940331735931,-6.257739105760607e-12,0.001875940331735931,0.001875940325478191
470,7.300000000000001,0.8816919835709301,5.424059603115814,6.307738971208801e-06,0.001875940396884187,-6.307738971208802e-12,0.001875940396884187,0.001875940390576447
470,7.350000000000001,0.881692014167111,5.474059537967559,6.357738836656995e-06,0.001875940462032442,-6.357738836656996e-12,0.001875940462032442,0.001875940455674704
470,7.4,0.8816920447632919,5.5240594728193,6.407738702105188e-06,0.001875940527180699,-6.407738702105188e-12,0.0018759405271807,0.001875940520772961
470,7.45,0.8816920753594729,5.574059407671045,6.457738567553382e-06,0.001875940592328957,-6.457738567553382e-12,0.001875940592328956,0.001875940585871219
470,7.5,0.8816921059556541,5.624059342522784,6.507738433001572e-06,0.001875940657477215,-6.507738433001572e-12,0.001875940657477216,0.001875940650969477
470,7.550000000000001,0.8816921365518352,5.674059277374528,6.557738298449764e-06,0.001875940722625474,-6.557738298449765e-12,0.001875940722625473,0.001875940716067735
470,7.600000000000001,0.8816921671480173,5.724059212226268,6.607738163897958e-06,0.001875940787773731,-6.607738163897957e-12,0.001875940787773733,0.001875940781165994
470,7.65,0.8816921977441989,5.77405914707801,6.657738029346149e-06,0.001875940852921991,-6.65773802934615e-12,0.001875940852921991,0.001875940846264253
470,7.7,0.8816922283403811,5.82405908192975,6.707737894794341e-06,0.001875940918070251,-6.707737894794341e-12,0.00187594091807025,0.001875940911362513
470,7.75,0.8816922589365633,5.874059016781489,6.757737760242531e-06,0.001875940983218511,-6.757737760242531e-12,0.001875940983218511,0.001875940976460773
470,7.800000000000001,0.8816922895327458,5.92405895163323,6.807737625690724e-06,0.001875941048366771,-6.807737625690724e-12,0.001875941048366771,0.001875941041559034
470,7.850000000000001,0.8816923201289283,5.974058886484969,6.857737491138915e-06,0.001875941113515033,-6.857737491138915e-12,0.001875941113515031,0.001875941106657294
470,7.9,0.8816923507251113,6.024058821336707,6.907737356587104e-06,0.001875941178663293,-6.907737356587105e-12,0.001875941178663293,0.001875941171755556
470,7.95,0.8816923813212945,6.074058756188445,6.957737222035295e-06,0.001875941243811555,-6.957737222035295e-12,0.001875941243811555,0.001875941236853818
470,8.0,0.8816924119174776,6.124058691040183,7.007737087483484e-06,0.001875941308959818,-7.007737087483485e-12,0.001875941308959817,0.00187594130195208
470,8.05,0.8816924425136611,6.174058625891921,7.057736952931677e-06,0.001875941374108081,-7.057736952931676e-12,0.00187594137410808,0.001875941367050343
470,8.1,0.881692473109845,6.224058560743656,7.107736818379863e-06,0.001875941439256343,-7.107736818379864e-12,0.001875941439256343,0.001875941432148607
470,8.15,0.8816925037060287,6.274058495595394,7.157736683828055e-06,0.001875941504404608,-7.157736683828054e-12,0.001875941504404606,0.00187594149724687
470,8.200000000000001,0.8816925343022131,6.324058430447129,7.207736549276244e-06,0.00187594156955287,-7.207736549276243e-12,0.001875941569552872,0.001875941562345134
470,8.25,0.8816925648983973,6.374058365298866,7.257736414724434e-06,0.001875941634701135,-7.257736414724433e-12,0.001875941634701134,0.001875941627443399
470,8.3,0.8816925954945819,6.4240583001506,7.30773628017262e-06,0.0018759416998494,-7.307736280172622e-12,0.001875941699849401,0.001875941692541664
470,8.35,0.8816926260907665,6.474058235002334,7.357736145620809e-06,0.001875941764997666,-7.357736145620808e-12,0.001875941764997665,0.001875941757639929
470,8.4,0.8816926566869516,6.524058169854071,7.407736011069e-06,0.00187594183014593,-7.407736011069e-12,0.001875941830145929,0.001875941822738195
470,8.450000000000001,0.8816926872831365,6.574058104705804,7.457735876517185e-06,0.001875941895294198,-7.457735876517187e-12,0.001875941895294197,0.001875941887836461
470,8.5,0.8816927178793221,6.624058039557537,7.507735741965375e-06,0.001875941960442463,-7.507735741965375e-12,0.001875941960442464,0.001875941952934728
470,8.55,0.8816927484755075,6.674057974409268,7.557735607413559e-06,0.001875942025590732,-7.557735607413562e-12,0.001875942025590732,0.001875942018032995
470,8.6,0.8816927790716935,6.724057909261002,7.607735472861749e-06,0.001875942090738997,-7.607735472861748e-12,0.001875942090738998,0.001875942083131263
470,8.65,0.8816928096678794,6.774057844112732,7.657735338309933e-06,0.001875942155887265,-7.657735338309934e-12,0.001875942155887269,0.001875942148229531
470,8.700000000000001,0.8816928402640656,6.824057778964466,7.707735203758124e-06,0.001875942221035535,-7.707735203758124e-12,0.001875942221035535,0.001875942213327799
470,8.75,0.8816928708602518,6.874057713816197,7.75773506920631e-06,0.001875942286183804,-7.757735069206309e-12,0.001875942286183803,0.001875942278426068
470,8.8,0.8816929014564384,6.924057648667928,7.807734934654497e-06,0.001875942351332073,-7.807734934654495e-12,0.001875942351332073,0.001875942343524337
470,8.85,0.8816929320526252,6.974057583519659,7.857734800102683e-06,0.001875942416480342,-7.857734800102684e-12,0.001875942416480341,0.001875942408622607
470,8.9,0.8816929626488125,7.024057518371387,7.907734665550867e-06,0.001875942481628611,-7.907734665550869e-12,0.001875942481628614,0.001875942473720878
470,8.950000000000001,0.8816929932449995,7.074057453223118,7.957734530999056e-06,0.001875942546776883,-7.957734530999056e-12,0.001875942546776883,0.001875942538819148
470,9.0,0.8816930238411869,7.124057388074847,8.007734396447241e-06,0.001875942611925154,-8.00773439644724e-12,0.001875942611925152,0.001875942603917419
470,9.05,0.8816930544373744,7.174057322926576,8.057734261895425e-06,0.001875942677073426,-8.057734261895426e-12,0.001875942677073425,0.00187594266901569
470,9.1,0.8816930850335625,7.224057257778304,8.107734127343611e-06,0.001875942742221697,-8.107734127343611e-12,0.001875942742221696,0.001875942734113963
470,9.15,0.8816931156297506,7.27405719263003,8.157733992791795e-06,0.001875942807369969,-8.157733992791794e-12,0.00187594280736997,0.001875942799212235
470,9.200000000000001,0.8816931462259386,7.32405712748176,8.207733858239982e-06,0.001875942872518242,-8.207733858239983e-12,0.001875942872518241,0.001875942864310508
470,9.25,0.881693176822127,7.374057062333485,8.257733723688164e-06,0.001875942937666515,-8.257733723688165e-12,0.001875942937666515,0.001875942929408781
470,9.3,0.8816932074183157,7.424056997185212,8.307733589136348e-06,0.001875943002814788,-8.30773358913635e-12,0.001875943002814789,0.001875942994507055
470,9.35,0.8816932380145045,7.474056932036937,8.357733454584532e-06,0.001875943067963063,-8.357733454584532e-12,0.001875943067963063,0.001875943059605329
470,9.4,0.881693268610694,7.524056866888663,8.407733320032716e-06,0.001875943133111336,-8.407733320032717e-12,0.001875943133111337,0.001875943124703604
470,9.450000000000001,0.881693299206883,7.57405680174039,8.457733185480904e-06,0.001875943198259612,-8.457733185480902e-12,0.001875943198259611,0.001875943189801879
470,9.5,0.8816933298030725,7.624056736592111,8.507733050929081e-06,0.001875943263407887,-8.507733050929084e-12,0.001875943263407889,0.001875943254900154
470,9.55,0.8816933603992622,7.674056671443839,8.557732916377268e-06,0.001875943328556163,-8.557732916377269e-12,0.001875943328556162,0.00187594331999843
470,9.600000000000001,0.881693390995452,7.72405660629556,8.60773278182545e-06,0.001875943393704439,-8.60773278182545e-12,0.001875943393704441,0.001875943385096706
470,9.65,0.8816934215916421,7.774056541147285,8.657732647273631e-06,0.001875943458852716,-8.657732647273633e-12,0.001875943458852715,0.001875943450194983
470,9.700000000000001,0.8816934521878323,7.824056475999007,8.707732512721815e-06,0.001875943524000994,-8.707732512721814e-12,0.001875943524000994,0.00187594351529326
470,9.75,0.881693482784023,7.874056410850729,8.757732378169996e-06,0.00187594358914927,-8.757732378169996e-12,0.001875943589149271,0.001875943580391538
470,9.8,0.8816935133802135,7.924056345702454,8.80773224361818e-06,0.00187594365429755,-8.80773224361818e-12,0.001875943654297547,0.001875943645489816
470,9.850000000000001,0.8816935439764045,7.974056280554174,8.85773210906636e-06,0.001875943719445827,-8.85773210906636e-12,0.001875943719445828,0.001875943710588095
470,9.9,0.8816935745725958,8.024056215405894,8.907731974514542e-06,0.001875943784594106,-8.907731974514542e-12,0.001875943784594107,0.001875943775686374
470,9.950000000000001,0.8816936051687871,8.074056150257615,8.957731839962721e-06,0.001875943849742385,-8.957731839962722e-12,0.001875943849742386,0.001875943840784654
470,10.0,0.8816936357649785,8.124056085109336,9.007731705410904e-06,0.001875943914890665,-9.007731705410904e-12,0.001875943914890664,0.001875943905882933
470,10.05,0.8816936663611703,8.174056019961055,9.057731570859082e-06,0.001875943980038945,-9.057731570859083e-12,0.001875943980038946,0.001875943970981214
470,10.1,0.8816936969573622,8.224055954812776,9.107731436307266e-06,0.001875944045187226,-9.107731436307266e-12,0.001875944045187225,0.001875944036079494
470,10.15,0.8816937275535546,8.274055889664494,9.157731301755444e-06,0.001875944110335506,-9.157731301755445e-12,0.001875944110335507,0.001875944101177776
470,10.2,0.8816937581497469,8.324055824516211,9.207731167203623e-06,0.001875944175483788,-9.207731167203623e-12,0.00187594417548379,0.001875944166276057
470,10.25,0.8816937887459393,8.37405575936793,9.257731032651803e-06,0.001875944240632071,-9.257731032651805e-12,0.001875944240632069,0.001875944231374339
470,10.3,0.8816938193421322,8.424055694219646,9.307730898099982e-06,0.001875944305780352,-9.307730898099982e-12,0.001875944305780354,0.001875944296472622
470,10.35,0.8816938499383252,8.474055629071366,9.357730763548164e-06,0.001875944370928635,-9.357730763548164e-12,0.001875944370928636,0.001875944361570905
470,10.4,0.8816938805345184,8.524055563923083,9.407730628996343e-06,0.001875944436076919,-9.407730628996345e-12,0.001875944436076917,0.001875944426669188
470,10.45,0.8816939111307118,8.574055498774797,9.457730494444522e-06,0.001875944501225202,-9.457730494444522e-12,0.001875944501225204,0.001875944491767472
470,10.5,0.8816939417269054,8.624055433626514,9.5077303598927e-06,0.001875944566373486,-9.507730359892702e-12,0.001875944566373485,0.001875944556865756
470,10.55,0.881693972323099,8.674055368478228,9.557730225340876e-06,0.001875944631521771,-9.557730225340877e-12,0.001875944631521772,0.00187594462196404
470,10.6,0.881694002919293,8.724055303329946,9.607730090789057e-06,0.001875944696670056,-9.607730090789057e-12,0.001875944696670055,0.001875944687062325
470,10.65,0.8816940335154875,8.77405523818166,9.657729956237236e-06,0.001875944761818341,-9.657729956237236e-12,0.00187594476181834,0.001875944752160612
470,10.7,0.8816940641116818,8.824055173033372,9.70772982168541e-06,0.001875944826966627,-9.70772982168541e-12,0.001875944826966629,0.001875944817258898
470,10.75,0.8816940947078764,8.874055107885088,9.757729687133592e-06,0.001875944892114914,-9.75772968713359e-12,0.001875944892114912,0.001875944882357184
470,10.8,0.8816941253040712,8.9240550427368,9.807729552581766e-06,0.001875944957263201,-9.807729552581766e-12,0.001875944957263201,0.001875944947455471
470,10.85,0.8816941559002663,8.974054977588516,9.857729418029946e-06,0.001875945022411487,-9.857729418029946e-12,0.001875945022411486,0.001875945012553758
470,10.9,0.8816941864964614,9.024054912440223,9.907729283478118e-06,0.001875945087559776,-9.907729283478116e-12,0.001875945087559778,0.001875945077652046
470,10.95,0.8816942170926572,9.074054847291938,9.957729148926297e-06,0.001875945152708062,-9.957729148926297e-12,0.001875945152708063,0.001875945142750335
470,11.0,0.8816942476888525,9.124054782143647,1.000772901437447e-05,0.001875945217856352,-1.000772901437447e-11,0.001875945217856353,0.001875945207848622
470,11.05,0.8816942782850484,9.174054716995359,1.005772887982265e-05,0.001875945283004641,-1.005772887982265e-11,0.001875945283004642,0.001875945272946912
470,11.1,0.8816943088812447,9.22405465184707,1.010772874527082e-05,0.00187594534815293,-1.010772874527082e-11,0.001875945348152932,0.001875945338045201
470,11.15,0.8816943394774408,9.27405458669878,1.0157728610719e-05,0.00187594541330122,-1.0157728610719e-11,0.001875945413301221,0.001875945403143491
470,11.2,0.8816943700736373,9.324054521550492,1.020772847616718e-05,0.00187594547844951,-1.020772847616718e-11,0.001875945478449509,0.001875945468241781
470,11.25,0.881694400669834,9.374054456402199,1.025772834161535e-05,0.001875945543597801,-1.025772834161535e-11,0.001875945543597801,0.001875945533340072
470,11.3,0.8816944312660311,9.42405439125391,1.030772820706353e-05,0.001875945608746092,-1.030772820706353e-11,0.001875945608746091,0.001875945598438364
470,11.35,0.881694461862228,9.47405432610562,1.03577280725117e-05,0.001875945673894384,-1.03577280725117e-11,0.001875945673894382,0.001875945663536655
470,11.4,0.8816944924584253,9.524054260957326,1.040772793795988e-05,0.001875945739042676,-1.040772793795988e-11,0.001875945739042674,0.001875945728634948
470,11.45,0.8816945230546227,9.574054195809033,1.045772780340805e-05,0.001875945804190968,-1.045772780340805e-11,0.001875945804190968,0.00187594579373324
470,11.5,0.8816945536508206,9.62405413066074,1.050772766885622e-05,0.00187594586933926,-1.050772766885622e-11,0.00187594586933926,0.001875945858831533
470,11.55,0.8816945842470185,9.674054065512447,1.05577275343044e-05,0.001875945934487554,-1.05577275343044e-11,0.001875945934487554,0.001875945923929827
470,11.6,0.8816946148432165,9.724054000364154,1.060772739975257e-05,0.001875945999635848,-1.060772739975257e-11,0.001875945999635848,0.00187594598902812
470,11.65,0.8816946454394151,9.774053935215857,1.065772726520074e-05,0.001875946064784141,-1.065772726520074e-11,0.001875946064784143,0.001875946054126415
470,11.7,0.8816946760356135,9.824053870067564,1.070772713064892e-05,0.001875946129932437,-1.070772713064892e-11,0.001875946129932437,0.00187594611922471
470,11.75,0.8816947066318123,9.874053804919269,1.075772699609709e-05,0.001875946195080732,-1.075772699609709e-11,0.001875946195080731,0.001875946184323005
470,11.8,0.8816947372280112,9.924053739770974,1.080772686154526e-05,0.001875946260229028,-1.080772686154526e-11,0.001875946260229027,0.0018759462494213
470,11.85,0.8816947678242105,9.974053674622677,1.085772672699343e-05,0.001875946325377323,-1.085772672699343e-11,0.001875946325377324,0.001875946314519597
470,11.9,0.8816947984204097,10.02405360947438,1.09077265924416e-05,0.00187594639052562,-1.090772659244161e-11,0.00187594639052562,0.001875946379617893
470,11.95,0.8816948290166094,10.07405354432608,1.095772645788978e-05,0.001875946455673916,-1.095772645788978e-11,0.001875946455673919,0.00187594644471619
470,12.0,0.881694859612809,10.12405347917779,1.100772632333795e-05,0.001875946520822214,-1.100772632333795e-11,0.001875946520822211,0.001875946509814487
1000,0.0,0.0,0.0,0.0,0.0,0.0,0.0,0.0
1000,0.05,0.02305447472928143,0.02694552521948161,5.123696354393562e-08,2.305447478042459e-05,-5.123696325660579e-14,2.305447478051839e-05,2.305447472928143e-05
1000,0.1,0.04606299226472921,0.0539370076335638,1.017070441021026e-07,4.606299236622471e-05,-1.017070436400672e-13,4.60629923664362e-05,4.606299226472922e-05
1000,0.15,0.0690239047411826,0.08097609510693082,1.518866621646967e-07,6.902390489298623e-05,-1.518866619732973e-13,6.90239048930692e-05,6.90239047411826e-05
1000,0.2,0.09193548455910586,0.1080645152389385,2.019556696109347e-07,9.193548476102877e-05,-2.019556695310665e-13,9.193548476106149e-05,9.193548455910586e-05
1000,0.25,0.1147959195022065,0.1352040802458113,2.519823114566183e-07,0.0001147959197541758,-2.519823114230391e-13,0.0001147959197541887,0.0001147959195022065
1000,0.3,0.137603307492466,0.1623966922055415,3.01992627274017e-07,0.0001376033077944531,-3.019926272597907e-13,0.0001376033077944585,0.000137603307492466
1000,0.35,0.1603556509502509,0.1896443486977524,3.519966114397293e-07,0.0001603556513022455,-3.519966114336552e-13,0.0001603556513022476,0.0001603556509502509
1000,0.4,0.1830508507243016,0.2169491488737003,4.019981237994483e-07,0.0001830508511262988,-4.019981237968347e-13,0.0001830508511262998,0.0001830508507243016
1000,0.45,0.2056866995528006,0.244313299995201,4.519986646771769e-07,0.0002056867000047988,-4.519986646760437e-13,0.0002056867000047991,0.0002056866995528006
1000,0.5,0.2282608750127021,0.2717391244852989,5.01998821131473e-07,0.0002282608755147007,-5.01998821130978e-13,0.0002282608755147011,0.0002282608750127021
1000,0.55,0.2507709319099788,0.2992290675380222,5.51998824427063e-07,0.0002507709324619778,-5.519988244268452e-13,0.0002507709324619778,0.0002507709319099789
1000,0.6000000000000001,0.2732142940583693,0.3267857053396316,6.019987662892137e-07,0.0002732142946603682,-6.019987662891168e-13,0.0002732142946603685,0.0002732142940583693
1000,0.65,0.2955882453885247,0.3544117539594765,6.519986833457523e-07,0.0002955882460405237,-6.51998683345709e-13,0.0002955882460405235,0.0002955882453885247
1000,0.7000000000000001,0.3178899203230479,0.3821100789749532,7.019985903211797e-07,0.000317889921025047,-7.019985903211603e-13,0.0003178899210250468,0.0003178899203230479
1000,0.75,0.3401162933457261,0.4098837059022752,7.519984931737595e-07,0.0003401162940977248,-7.519984931737504e-13,0.0003401162940977248,0.0003401162933457261
1000,0.8,0.3622641676851317,0.4377358315128698,8.019983943299509e-07,0.0003622641684871299,-8.019983943299468e-13,0.0003622641684871302,0.0003622641676851317
1000,0.8500000000000001,0.3843301630236093,0.4656698361243921,8.519982947840459e-07,0.0003843301638756079,-8.51998294784044e-13,0.000384330163875608,0.0003843301630236094
1000,0.9,0.4063107021322935,0.4936892969657077,9.019981949459155e-07,0.0004063107030342919,-9.019981949459147e-13,0.0004063107030342923,0.0004063107021322936
1000,0.9500000000000001,0.4282019963210562,0.5217980027269454,9.519980949854933e-07,0.0004282019972730542,-9.51998094985493e-13,0.0004282019972730546,0.0004282019963210562
1000,1.0,0.4500000295789525,0.549999969419049,1.001997994973624e-06,0.0004500000305809505,-1.001997994973624e-12,0.000450000030580951,0.0004500000295789526
1000,1.05,0.4717005412655766,0.5782994576824255,1.051997894940001e-06,0.0004717005423175747,-1.051997894940001e-12,0.0004717005423175746,0.0004717005412655767
1000,1.1,0.4932990071964611,0.6067009917015405,1.101997794897133e-06,0.000493299008298459,-1.101997794897133e-12,0.0004932990082984597,0.0004932990071964611
1000,1.15,0.5147906189459587,0.635209379902043,1.151997694850319e-06,0.000514790620097957,-1.151997694850319e-12,0.0005147906200979571,0.0005147906189459587
1000,1.2,0.5361702611684851,0.6638297376295169,1.201997594801812e-06,0.0005361702623704829,-1.201997594801811e-12,0.0005361702623704833,0.0005361702611684852
1000,1.25,0.5574324867131891,0.6925675120348128,1.251997494752573e-06,0.0005574324879651868,-1.251997494752573e-12,0.0005574324879651872,0.0005574324867131891
1000,1.3,0.5785714892774444,0.7214285094205585,1.30199739470302e-06,0.0005785714905794425,-1.30199739470302e-12,0.0005785714905794416,0.0005785714892774445
1000,1.35,0.5995810733104167,0.7504189253375851,1.351997294653327e-06,0.0005995810746624147,-1.351997294653327e-12,0.000599581074662415,0.0005995810733104166
1000,1.4,0.6204546208386033,0.7795453777593995,1.401997194603575e-06,0.000620454622240601,-1.401997194603575e-12,0.0006204546222406007,0.0006204546208386033
1000,1.45,0.6411850548396945,0.8088149437083081,1.451997094553796e-06,0.0006411850562916926,-1.451997094553796e-12,0.0006411850562916921,0.0006411850548396945
1000,1.5,0.661764798738396,0.8382351997596058,1.501996994504005e-06,0.0006617648002403938,-1.501996994504005e-12,0.0006617648002403943,0.000661764798738396
1000,1.55,0.6821857315365386,0.8678142669114637,1.55199689445421e-06,0.0006821857330885362,-1.55199689445421e-12,0.0006821857330885364,0.0006821857315365387
1000,1.6,0.70243913801846,0.8975608603795433,1.601996794404413e-06,0.0007024391396204568,-1.601996794404413e-12,0.0007024391396204568,0.0007024391380184601
1000,1.65,0.7225156533893053,0.927484344958697,1.651996694354613e-06,0.0007225156550413028,-1.651996694354613e-12,0.0007225156550413032,0.0007225156533893054
1000,1.7,0.7424052016063243,0.9575947966916795,1.701996594304815e-06,0.0007424052033083203,-1.701996594304815e-12,0.0007424052033083207,0.0007424052016063243
1000,1.75,0.7620969265486529,0.9879030716993512,1.751996494255015e-06,0.0007620969283006492,-1.751996494255016e-12,0.0007620969283006488,0.0007620969265486529
1000,1.8,0.7815791150361914,1.018420883161813,1.801996394205215e-06,0.000781579116838188,-1.801996394205215e-12,0.0007815791168381874,0.0007815791150361914
1000,1.85,0.8008391105487711,1.049160887599233,1.851996294155416e-06,0.0008008391124007672,-1.851996294155416e-12,0.0008008391124007672,0.0008008391105487711
1000,1.9,0.8198632163080004,1.080136781790004,1.901996194105616e-06,0.0008198632182099967,-1.901996194105616e-12,0.0008198632182099965,0.0008198632163080005
1000,1.95,0.8386365861596667,1.111363411888338,1.951996094055816e-06,0.0008386365881116623,-1.951996094055816e-12,0.0008386365881116627,0.0008386365861596667
1000,2.0,0.8571431014267841,1.14285689657122,2.001995994006016e-06,0.0008571431034287796,-2.001995994006016e-12,0.0008571431034287797,0.0008571431014267841
1000,2.05,0.8753652315828128,1.174634766365191,2.051995893956216e-06,0.0008753652336348097,-2.051995893956216e-12,0.000875365233634809,0.0008753652315828127
1000,2.1,0.8932838762094126,1.206716121688592,2.101995793906417e-06,0.0008932838783114089,-2.101995793906416e-12,0.0008932838783114086,0.0008932838762094127
1000,2.15,0.9108781852385527,1.239121812609451,2.151995693856616e-06,0.0009108781873905486,-2.151995693856616e-12,0.0009108781873905492,0.0009108781852385527
1000,2.2,0.9281253539162744,1.27187464388173,2.201995593806817e-06,0.0009281253561182698,-2.201995593806817e-12,0.0009281253561182701,0.0009281253539162743
1000,2.25,0.945000388241354,1.304999609506651,2.251995493757018e-06,0.0009450003904933483,-2.251995493757017e-12,0.0009450003904933491,0.0009450003882413541
1000,2.3,0.9614758357967071,1.338524161901298,2.301995393707218e-06,0.0009614758380987025,-2.301995393707217e-12,0.0009614758380987028,0.0009614758357967072
1000,2.35,0.977521475866393,1.372478521781612,2.351995293657417e-06,0.0009775214782183877,-2.351995293657418e-12,0.0009775214782183884,0.000977521475866393
1000,2.4,0.9931039614675383,1.406896036130466,2.401995193607617e-06,0.0009931039638695338,-2.401995193607617e-12,0.0009931039638695343,0.0009931039614675384
1000,2.45,1.008186404361066,1.441813593186939,2.451995093557818e-06,0.001008186406813061,-2.451995093557818e-12,0.001008186406813061,0.001008186404361066
1000,2.5,1.022727892155404,1.477272105342601,2.501994993508018e-06,0.001022727894657399,-2.501994993508018e-12,0.0010227278946574,0.001022727892155404
1000,2.55,1.036682924175706,1.513317073272299,2.551994893458218e-06,0.001036682926727701,-2.551994893458218e-12,0.001036682926727701,0.001036682924175706
1000,2.6,1.050000749695532,1.549999247702472,2.601994793408418e-06,0.001050000752297528,-2.601994793408418e-12,0.001050000752297528,0.001050000749695532
1000,2.65,1.062624588230242,1.587375409117764,2.651994693358618e-06,0.001062624590882236,-2.651994693358619e-12,0.001062624590882237,0.001062624588230242
1000,2.7,1.074490706619714,1.625509290678291,2.701994593308818e-06,0.001074490709321709,-2.701994593308819e-12,0.00107449070932171,0.001074490706619715
1000,2.75,1.085527321243506,1.6644726760045,2.751994493259019e-06,0.0010855273239955,-2.751994493259019e-12,0.0010855273239955,0.001085527321243506
1000,2.8,1.095653285453217,1.704346711744789,2.80199439320922e-06,0.001095653288255211,-2.801994393209219e-12,0.001095653288255211,0.001095653285453217
1000,2.85,1.104776511543305,1.745223485604701,2.85199429315942e-06,0.001104776514395299,-2.851994293159419e-12,0.001104776514395299,0.001104776511543305
1000,2.9,1.112792062438717,1.787207934659289,2.90199419310962e-06,0.001112792065340711,-2.90199419310962e-12,0.001112792065340711,0.001112792062438717
1000,2.95,1.119579829534232,1.830420167513773,2.95199409305982e-06,0.001119579832486227,-2.951994093059819e-12,0.001119579832486227,0.001119579829534232
1000,3.0,1.125001688051072,1.874998308946933,3.00199399301002e-06,0.001125001691053067,-3.00199399301002e-12,0.001125001691053067,0.001125001688051073
1000,3.05,1.128897987416423,1.921102009531583,3.051993892960221e-06,0.001128897990468417,-3.05199389296022e-12,0.001128897990468417,0.001128897987416423
1000,3.1,1.131083187957496,1.96891680894051,3.10199379291042e-06,0.00113108319105949,-3.101993792910421e-12,0.00113108319105949,0.001131083187957496
1000,3.15,1.131483860806181,2.018516136041826,3.151993692860621e-06,0.001131488640766801,-3.151993692860621e-12,0.001131483863958174,0.001131483860806181
1000,3.2,1.131485155428065,2.06851484136994,3.20199359281082e-06,0.001131485397884511,-3.20199359281082e-12,0.00113148515863006,0.001131485155428065
1000,3.25,1.131485257917102,2.118514738830904,3.251993492761021e-06,0.001131485261171227,-3.251993492761021e-12,0.001131485261169096,0.001131485257917102
1000,3.3,1.131485294050125,2.168514702647882,3.301993392711222e-06,0.001131485297352125,-3.301993392711222e-12,0.001131485297352119,0.001131485294050125
1000,3.35,1.13148533018256,2.218514666465446,3.35199329266142e-06,0.001131485333534554,-3.35199329266142e-12,0.001131485333534554,0.00113148533018256
1000,3.4,1.131485366314994,2.268514630283013,3.401993192611621e-06,0.001131485369716987,-3.401993192611622e-12,0.001131485369716987,0.001131485366314994
1000,3.45,1.131485402447428,2.318514594100579,3.451993092561822e-06,0.00113148540589942,-3.451993092561822e-12,0.001131485405899421,0.001131485402447428
1000,3.5,1.131485438579861,2.368514557918145,3.501992992512022e-06,0.001131485442081854,-3.501992992512022e-12,0.001131485442081855,0.001131485438579861
1000,3.55,1.131485474712295,2.418514521735711,3.551992892462221e-06,0.001131485478264289,-3.551992892462222e-12,0.001131485478264289,0.001131485474712295
1000,3.6,1.13148551084473,2.468514485553277,3.601992792412422e-06,0.001131485514446722,-3.601992792412423e-12,0.001131485514446723,0.00113148551084473
1000,3.65,1.131485546977164,2.518514449370843,3.651992692362623e-06,0.001131485550629156,-3.651992692362623e-12,0.001131485550629157,0.001131485546977164
1000,3.7,1.131485583109599,2.568514413188409,3.701992592312823e-06,0.001131485586811591,-3.701992592312823e-12,0.001131485586811592,0.001131485583109599
1000,3.75,1.131485619242033,2.618514377005974,3.751992492263022e-06,0.001131485622994027,-3.751992492263023e-12,0.001131485622994026,0.001131485619242033
1000,3.8,1.131485655374468,2.668514340823539,3.801992392213222e-06,0.001131485659176461,-3.801992392213223e-12,0.001131485659176461,0.001131485655374468
1000,3.85,1.131485691506903,2.718514304641104,3.851992292163422e-06,0.001131485695358896,-3.851992292163423e-12,0.001131485695358896,0.001131485691506903
1000,3.9,1.131485727639339,2.768514268458669,3.901992192113624e-06,0.00113148573154133,-3.901992192113623e-12,0.001131485731541331,0.001131485727639339
1000,3.95,1.131485763771774,2.818514232276234,3.951992092063824e-06,0.001131485767723766,-3.951992092063824e-12,0.001131485767723766,0.001131485763771774
1000,4.0,1.13148579990421,2.868514196093798,4.001991992014024e-06,0.001131485803906201,-4.001991992014024e-12,0.001131485803906202,0.00113148579990421
1000,4.05,1.131485836036645,2.918514159911362,4.051991891964224e-06,0.001131485840088638,-4.051991891964223e-12,0.001131485840088638,0.001131485836036645
1000,4.100000000000001,1.131485872169081,2.968514123728928,4.101991791914425e-06,0.001131485876271073,-4.101991791914425e-12,0.001131485876271073,0.001131485872169081
1000,4.15,1.131485908301517,3.018514087546491,4.151991691864624e-06,0.001131485912453509,-4.151991691864625e-12,0.001131485912453509,0.001131485908301517
1000,4.2,1.131485944433953,3.068514051364056,4.201991591814826e-06,0.001131485948635945,-4.201991591814825e-12,0.001131485948635945,0.001131485944433953
1000,4.25,1.131485980566389,3.118514015181619,4.251991491765025e-06,0.001131485984818381,-4.251991491765025e-12,0.001131485984818381,0.00113148598056639
1000,4.3,1.131486016698826,3.168513978999183,4.301991391715226e-06,0.001131486021000818,-4.301991391715225e-12,0.001131486021000817,0.001131486016698826
1000,4.350000000000001,1.131486052831263,3.218513942816747,4.351991291665426e-06,0.001131486057183254,-4.351991291665426e-12,0.001131486057183254,0.001131486052831263
1000,4.4,1.131486088963699,3.268513906634309,4.401991191615626e-06,0.001131486093365691,-4.401991191615626e-12,0.001131486093365691,0.001131486088963699
1000,4.45,1.131486125096136,3.318513870451872,4.451991091565826e-06,0.001131486129548128,-4.451991091565825e-12,0.001131486129548128,0.001131486125096136
1000,4.5,1.131486161228573,3.368513834269436,4.501990991516026e-06,0.001131486165730565,-4.501990991516027e-12,0.001131486165730564,0.001131486161228573
1000,4.55,1.131486197361011,3.418513798086998,4.551990891466226e-06,0.001131486201913002,-4.551990891466227e-12,0.001131486201913002,0.001131486197361011
1000,4.600000000000001,1.131486233493449,3.468513761904562,4.601990791416428e-06,0.001131486238095438,-4.601990791416428e-12,0.001131486238095439,0.001131486233493449
1000,4.65,1.131486269625886,3.518513725722122,4.651990691366625e-06,0.001131486274277877,-4.651990691366626e-12,0.001131486274277878,0.001131486269625886
1000,4.7,1.131486305758324,3.568513689539686,4.701990591316827e-06,0.001131486310460315,-4.701990591316828e-12,0.001131486310460314,0.001131486305758324
1000,4.75,1.131486341890762,3.618513653357248,4.751990491267027e-06,0.001131486346642752,-4.751990491267027e-12,0.001131486346642752,0.001131486341890762
1000,4.800000000000001,1.1314863780232,3.66851361717481,4.801990391217228e-06,0.00113148638282519,-4.801990391217228e-12,0.001131486382825191,0.0011314863780232
1000,4.850000000000001,1.131486414155638,3.718513580992372,4.851990291167428e-06,0.001131486419007629,-4.851990291167427e-12,0.001131486419007628,0.001131486414155638
1000,4.9,1.131486450288077,3.768513544809934,4.901990191117627e-06,0.001131486455190066,-4.901990191117628e-12,0.001131486455190067,0.001131486450288077
1000,4.95,1.131486486420515,3.818513508627496,4.951990091067828e-06,0.001131486491372506,-4.951990091067827e-12,0.001131486491372505,0.001131486486420515
1000,5.0,1.131486522552954,3.868513472445056,5.001989991018027e-06,0.001131486527554943,-5.001989991018027e-12,0.001131486527554944,0.001131486522552954
1000,5.050000000000001,1.131486558685393,3.918513436262618,5.051989890968228e-06,0.001131486563737382,-5.051989890968229e-12,0.001131486563737382,0.001131486558685393
1000,5.100000000000001,1.131486594817832,3.968513400080179,5.101989790918428e-06,0.001131486599919821,-5.101989790918428e-12,0.001131486599919822,0.001131486594817832
1000,5.15,1.131486630950271,4.018513363897739,5.151989690868628e-06,0.001131486636102261,-5.151989690868628e-12,0.001131486636102261,0.001131486630950271
1000,5.2,1.13148666708271,4.0685133277153,5.20198959081883e-06,0.0011314866722847,-5.201989590818828e-12,0.0011314866722847,0.00113148666708271
1000,5.25,1.13148670321515,4.11851329153286,5.251989490769028e-06,0.001131486708467139,-5.251989490769029e-12,0.00113148670846714,0.00113148670321515
1000,5.300000000000001,1.131486739347589,4.168513255350421,5.301989390719228e-06,0.001131486744649579,-5.301989390719228e-12,0.00113148674464958,0.001131486739347589
1000,5.350000000000001,1.131486775480029,4.218513219167983,5.351989290669432e-06,0.001131486780832018,-5.351989290669431e-12,0.001131486780832017,0.001131486775480029
1000,5.4,1.131486811612469,4.268513182985541,5.401989190619628e-06,0.001131486817014459,-5.401989190619629e-12,0.001131486817014459,0.001131486811612469
1000,5.45,1.13148684774491,4.318513146803101,5.451989090569828e-06,0.001131486853196898,-5.451989090569829e-12,0.0011314868531969,0.00113148684774491
1000,5.5,1.13148688387735,4.36851311062066,5.501988990520028e-06,0.00113148688937934,-5.501988990520029e-12,0.00113148688937934,0.001131486883877349
1000,5.550000000000001,1.13148692000979,4.418513074438222,5.551988890470231e-06,0.001131486925561779,-5.551988890470231e-12,0.001131486925561779,0.00113148692000979
1000,5.600000000000001,1.131486956142231,4.468513038255781,5.60198879042043e-06,0.00113148696174422,-5.601988790420432e-12,0.001131486961744219,0.001131486956142231
1000,5.65,1.131486992274672,4.51851300207334,5.651988690370631e-06,0.00113148699792666,-5.651988690370631e-12,0.00113148699792666,0.001131486992274672
1000,5.7,1.131487028407113,4.568512965890898,5.70198859032083e-06,0.001131487034109101,-5.70198859032083e-12,0.001131487034109102,0.001131487028407113
1000,5.75,1.131487064539554,4.618512929708457,5.751988490271032e-06,0.001131487070291541,-5.75198849027103e-12,0.001131487070291543,0.001131487064539554
1000,5.800000000000001,1.131487100671995,4.668512893526017,5.80198839022123e-06,0.001131487106473984,-5.80198839022123e-12,0.001131487106473984,0.001131487100671995
1000,5.850000000000001,1.131487136804437,4.718512857343577,5.851988290171432e-06,0.001131487142656425,-5.851988290171432e-12,0.001131487142656424,0.001131487136804437
1000,5.9,1.131487172936878,4.768512821161134,5.901988190121632e-06,0.001131487178838866,-5.901988190121632e-12,0.001131487178838866,0.001131487172936878
1000,5.95,1.13148720906932,4.818512784978693,5.951988090071832e-06,0.001131487215021309,-5.951988090071832e-12,0.001131487215021307,0.00113148720906932
1000,6.0,1.131487245201762,4.868512748796249,6.001987990022029e-06,0.00113148725120375,-6.00198799002203e-12,0.001131487251203751,0.001131487245201762
1000,6.050000000000001,1.131487281334204,4.918512712613809,6.051987889972231e-06,0.001131487287386192,-6.051987889972232e-12,0.001131487287386192,0.001131487281334204
1000,6.100000000000001,1.131487317466646,4.968512676431366,6.101987789922431e-06,0.001131487323568634,-6.101987789922431e-12,0.001131487323568635,0.001131487317466646
1000,6.15,1.131487353599089,5.018512640248924,6.151987689872632e-06,0.001131487359751076,-6.151987689872632e-12,0.001131487359751077,0.001131487353599089
1000,6.2,1.131487389731531,5.068512604066481,6.201987589822833e-06,0.001131487395933518,-6.201987589822832e-12,0.001131487395933519,0.001131487389731531
1000,6.25,1.131487425863974,5.118512567884038,6.251987489773032e-06,0.001131487432115961,-6.251987489773033e-12,0.001131487432115962,0.001131487425863974
1000,6.300000000000001,1.131487461996417,5.168512531701596,6.301987389723234e-06,0.001131487468298404,-6.301987389723233e-12,0.001131487468298404,0.001131487461996417
1000,6.350000000000001,1.13148749812886,5.218512495519154,6.351987289673435e-06,0.001131487504480848,-6.351987289673434e-12,0.001131487504480846,0.00113148749812886
1000,6.4,1.131487534261303,5.268512459336709,6.401987189623632e-06,0.00113148754066329,-6.401987189623633e-12,0.001131487540663291,0.001131487534261303
1000,6.45,1.131487570393746,5.318512423154266,6.451987089573832e-06,0.001131487576845733,-6.451987089573833e-12,0.001131487576845734,0.001131487570393746
1000,6.5,1.13148760652619,5.368512386971823,6.501986989524034e-06,0.001131487613028176,-6.501986989524034e-12,0.001131487613028177,0.00113148760652619
1000,6.550000000000001,1.131487642658634,5.418512350789379,6.551986889474234e-06,0.001131487649210621,-6.551986889474233e-12,0.001131487649210622,0.001131487642658634
1000,6.600000000000001,1.131487678791077,5.468512314606937,6.601986789424435e-06,0.001131487685393064,-6.601986789424434e-12,0.001131487685393064,0.001131487678791077
1000,6.65,1.131487714923521,5.518512278424493,6.651986689374635e-06,0.001131487721575509,-6.651986689374635e-12,0.001131487721575508,0.001131487714923521
1000,6.7,1.131487751055966,5.568512242242048,6.701986589324836e-06,0.001131487757757952,-6.701986589324833e-12,0.001131487757757952,0.001131487751055965
1000,6.75,1.13148778718841,5.618512206059602,6.751986489275033e-06,0.001131487793940397,-6.751986489275034e-12,0.001131487793940398,0.00113148778718841
1000,6.800000000000001,1.131487823320855,5.668512169877159,6.801986389225234e-06,0.001131487830122841,-6.801986389225236e-12,0.001131487830122842,0.001131487823320854
1000,6.850000000000001,1.131487859453299,5.718512133694715,6.851986289175436e-06,0.001131487866305286,-6.851986289175435e-12,0.001131487866305285,0.001131487859453299
1000,6.9,1.131487895585744,5.76851209751227,6.901986189125634e-06,0.00113148790248773,-6.901986189125636e-12,0.001131487902487731,0.001131487895585744
1000,6.95,1.131487931718189,5.818512061329825,6.951986089075834e-06,0.001131487938670175,-6.951986089075836e-12,0.001131487938670175,0.001131487931718189
1000,7.0,1.131487967850634,5.86851202514738,7.001985989026036e-06,0.001131487974852621,-7.001985989026036e-12,0.00113148797485262,0.001131487967850634
1000,7.050000000000001,1.131488003983079,5.918511988964935,7.051985888976238e-06,0.001131488011035065,-7.051985888976237e-12,0.001131488011035065,0.001131488003983079
1000,7.100000000000001,1.131488040115525,5.968511952782489,7.101985788926436e-06,0.001131488047217511,-7.101985788926436e-12,0.001131488047217512,0.001131488040115525
1000,7.15,1.13148807624797,6.018511916600043,7.151985688876634e-06,0.001131488083399956,-7.151985688876636e-12,0.001131488083399957,0.001131488076247971
1000,7.2,1.131488112380416,6.068511880417599,7.201985588826836e-06,0.001131488119582402,-7.201985588826837e-12,0.001131488119582401,0.001131488112380416
1000,7.25,1.131488148512862,6.118511844235152,7.251985488777037e-06,0.001131488155764848,-7.251985488777036e-12,0.001131488155764848,0.001131488148512862
1000,7.300000000000001,1.131488184645308,6.168511808052708,7.301985388727237e-06,0.001131488191947294,-7.301985388727238e-12,0.001131488191947293,0.001131488184645308
1000,7.350000000000001,1.131488220777755,6.21851177187026,7.351985288677435e-06,0.001131488228129739,-7.351985288677435e-12,0.001131488228129741,0.001131488220777755
1000,7.4,1.131488256910201,6.268511735687815,7.401985188627638e-06,0.001131488264312185,-7.401985188627639e-12,0.001131488264312186,0.001131488256910201
1000,7.45,1.131488293042648,6.318511699505367,7.451985088577839e-06,0.001131488300494632,-7.451985088577837e-12,0.001131488300494633,0.001131488293042648
1000,7.5,1.131488329175094,6.36851166332292,7.501984988528037e-06,0.001131488336677079,-7.501984988528036e-12,0.00113148833667708,0.001131488329175094
1000,7.550000000000001,1.131488365307541,6.418511627140475,7.551984888478238e-06,0.001131488372859526,-7.55198488847824e-12,0.001131488372859526,0.001131488365307541
1000,7.600000000000001,1.131488401439988,6.468511590958028,7.601984788428437e-06,0.001131488409041973,-7.601984788428438e-12,0.001131488409041973,0.001131488401439988
1000,7.65,1.131488437572435,6.51851155477558,7.65198468837864e-06,0.00113148844522442,-7.651984688378638e-12,0.00113148844522442,0.001131488437572435
1000,7.7,1.131488473704883,6.568511518593133,7.701984588328839e-06,0.001131488481406867,-7.701984588328839e-12,0.001131488481406867,0.001131488473704883
1000,7.75,1.13148850983733,6.618511482410685,7.751984488279036e-06,0.001131488517589315,-7.751984488279037e-12,0.001131488517589316,0.00113148850983733
1000,7.800000000000001,1.131488545969778,6.668511446228239,7.801984388229239e-06,0.001131488553771762,-7.80198438822924e-12,0.001131488553771762,0.001131488545969778
1000,7.850000000000001,1.131488582102226,6.718511410045791,7.85198428817944e-06,0.00113148858995421,-7.85198428817944e-12,0.001131488589954209,0.001131488582102226
1000,7.9,1.131488618234674,6.768511373863341,7.901984188129637e-06,0.001131488626136659,-7.901984188129638e-12,0.001131488626136659,0.001131488618234673
1000,7.95,1.131488654367122,6.818511337680894,7.95198408807984e-06,0.001131488662319105,-7.95198408807984e-12,0.001131488662319106,0.001131488654367122
1000,8.0,1.13148869049957,6.868511301498445,8.001983988030039e-06,0.001131488698501554,-8.001983988030039e-12,0.001131488698501555,0.00113148869049957
1000,8.05,1.131488726632019,6.918511265315999,8.051983887980241e-06,0.001131488734684003,-8.05198388798024e-12,0.001131488734684002,0.001131488726632019
1000,8.1,1.131488762764467,6.968511229133549,8.101983787930439e-06,0.001131488770866451,-8.10198378793044e-12,0.001131488770866451,0.001131488762764467
1000,8.15,1.131488798896916,7.018511192951101,8.15198368788064e-06,0.001131488807048899,-8.151983687880641e-12,0.0011314888070489,0.001131488798896916
1000,8.200000000000001,1.131488835029365,7.06851115676865,8.20198358783084e-06,0.001131488843231349,-8.20198358783084e-12,0.001131488843231351,0.001131488835029365
1000,8.25,1.131488871161814,7.118511120586203,8.25198348778104e-06,0.001131488879413798,-8.251983487781042e-12,0.001131488879413797,0.001131488871161814
1000,8.3,1.131488907294264,7.168511084403753,8.301983387731239e-06,0.001131488915596247,-8.30198338773124e-12,0.001131488915596248,0.001131488907294264
1000,8.35,1.131488943426713,7.218511048221304,8.35198328768144e-06,0.001131488951778696,-8.35198328768144e-12,0.001131488951778696,0.001131488943426713
1000,8.4,1.131488979559163,7.268511012038855,8.401983187631644e-06,0.001131488987961145,-8.40198318763164e-12,0.001131488987961146,0.001131488979559163
1000,8.450000000000001,1.131489015691612,7.318510975856406,8.451983087581843e-06,0.001131489024143595,-8.451983087581843e-12,0.001131489024143595,0.001131489015691612
1000,8.5,1.131489051824062,7.368510939673955,8.501982987532042e-06,0.001131489060326046,-8.501982987532043e-12,0.001131489060326045,0.001131489051824062
1000,8.55,1.131489087956512,7.418510903491504,8.551982887482241e-06,0.001131489096508495,-8.551982887482243e-12,0.001131489096508497,0.001131489087956512
1000,8.6,1.131489124088962,7.468510867309054,8.601982787432442e-06,0.001131489132690946,-8.601982787432442e-12,0.001131489132690946,0.001131489124088962
1000,8.65,1.131489160221413,7.518510831126605,8.651982687382641e-06,0.001131489168873396,-8.651982687382644e-12,0.001131489168873396,0.001131489160221413
1000,8.700000000000001,1.131489196353864,7.568510794944155,8.701982587332842e-06,0.001131489205055846,-8.701982587332844e-12,0.001131489205055846,0.001131489196353864
1000,8.75,1.131489232486314,7.618510758761704,8.751982487283044e-06,0.001131489241238297,-8.751982487283044e-12,0.001131489241238296,0.001131489232486314
1000,8.8,1.131489268618765,7.668510722579252,8.801982387233245e-06,0.001131489277420747,-8.801982387233243e-12,0.001131489277420749,0.001131489268618765
1000,8.85,1.131489304751216,7.718510686396801,8.851982287183444e-06,0.001131489313603198,-8.851982287183443e-12,0.001131489313603199,0.001131489304751217
1000,8.9,1.131489340883667,7.768510650214352,8.901982187133645e-06,0.00113148934978565,-8.901982187133647e-12,0.001131489349785649,0.001131489340883667
1000,8.950000000000001,1.131489377016119,7.818510614031899,8.951982087083846e-06,0.001131489385968101,-8.951982087083844e-12,0.001131489385968102,0.001131489377016119
1000,9.0,1.13148941314857,7.868510577849448,9.001981987034045e-06,0.001131489422150552,-9.001981987034044e-12,0.001131489422150552,0.00113148941314857
1000,9.05,1.131489449281022,7.918510541666997,9.051981886984244e-06,0.001131489458333004,-9.051981886984246e-12,0.001131489458333004,0.001131489449281022
1000,9.1,1.131489485413474,7.968510505484544,9.101981786934443e-06,0.001131489494515455,-9.101981786934445e-12,0.001131489494515456,0.001131489485413474
1000,9.15,1.131489521545926,8.018510469302091,9.151981686884644e-06,0.001131489530697907,-9.151981686884645e-12,0.001131489530697909,0.001131489521545926
1000,9.200000000000001,1.131489557678378,8.068510433119641,9.20198158683485e-06,0.00113148956688036,-9.201981586834847e-12,0.00113148956688036,0.001131489557678378
1000,9.25,1.13148959381083,8.11851039693719,9.251981486785048e-06,0.001131489603062812,-9.251981486785047e-12,0.00113148960306281,0.00113148959381083
1000,9.3,1.131489629943283,8.168510360754738,9.301981386735247e-06,0.001131489639245264,-9.301981386735247e-12,0.001131489639245263,0.001131489629943283
1000,9.35,1.131489666075735,8.218510324572284,9.351981286685448e-06,0.001131489675427717,-9.351981286685446e-12,0.001131489675427716,0.001131489666075735
1000,9.4,1.131489702208188,8.268510288389828,9.401981186635645e-06,0.00113148971161017,-9.401981186635644e-12,0.001131489711610172,0.001131489702208188
1000,9.450000000000001,1.131489738340641,8.318510252207378,9.451981086585846e-06,0.001131489747792622,-9.451981086585848e-12,0.001131489747792623,0.001131489738340642
1000,9.5,1.131489774473095,8.368510216024925,9.501980986536045e-06,0.001131489783975075,-9.501980986536047e-12,0.001131489783975075,0.001131489774473094
1000,9.55,1.131489810605548,8.418510179842471,9.551980886486246e-06,0.001131489820157529,-9.551980886486245e-12,0.00113148982015753,0.001131489810605548
1000,9.600000000000001,1.131489846738001,8.46851014366002,9.601980786436447e-06,0.001131489856339982,-9.601980786436449e-12,0.001131489856339982,0.001131489846738001
1000,9.65,1.131489882870455,8.518510107477564,9.651980686386646e-06,0.001131489892522436,-9.651980686386646e-12,0.001131489892522437,0.001131489882870455
1000,9.700000000000001,1.131489919002908,8.568510071295112,9.701980586336852e-06,0.001131489928704889,-9.70198058633685e-12,0.001131489928704889,0.001131489919002908
1000,9.75,1.131489955135362,8.618510035112656,9.751980486287047e-06,0.001131489964887343,-9.751980486287045e-12,0.001131489964887343,0.001131489955135362
1000,9.8,1.131489991267816,8.668509998930203,9.801980386237246e-06,0.001131490001069797,-9.801980386237247e-12,0.001131490001069798,0.001131489991267817
1000,9.850000000000001,1.131490027400271,8.718509962747751,9.851980286187449e-06,0.001131490037252252,-9.85198028618745e-12,0.001131490037252251,0.001131490027400271
1000,9.9,1.131490063532725,8.768509926565295,9.90198018613765e-06,0.001131490073434706,-9.901980186137647e-12,0.001131490073434705,0.001131490063532725
1000,9.950000000000001,1.13149009966518,8.81850989038284,9.951980086087847e-06,0.001131490109617159,-9.951980086087847e-12,0.001131490109617161,0.00113149009966518
1000,10.0,1.131490135797635,8.868509854200385,1.000197998603805e-05,0.001131490145799614,-1.000197998603805e-11,0.001131490145799615,0.001131490135797635
1000,10.05,1.131490171930089,8.918509818017931,1.005197988598825e-05,0.001131490181982069,-1.005197988598825e-11,0.00113149018198207,0.001131490171930089
1000,10.1,1.131490208062544,8.968509781835477,1.010197978593845e-05,0.001131490218164524,-1.010197978593845e-11,0.001131490218164524,0.001131490208062544
1000,10.15,1.131490244195,9.018509745653022,1.015197968588865e-05,0.001131490254346979,-1.015197968588865e-11,0.001131490254346979,0.001131490244195
1000,10.2,1.131490280327455,9.068509709470566,1.020197958583885e-05,0.001131490290529435,-1.020197958583885e-11,0.001131490290529435,0.001131490280327455
1000,10.25,1.131490316459911,9.118509673288111,1.025197948578905e-05,0.00113149032671189,-1.025197948578905e-11,0.001131490326711889,0.001131490316459911
1000,10.3,1.131490352592366,9.168509637105656,1.030197938573925e-05,0.001131490362894346,-1.030197938573925e-11,0.001131490362894345,0.001131490352592366
1000,10.35,1.131490388724822,9.2185096009232,1.035197928568945e-05,0.001131490399076801,-1.035197928568945e-11,0.001131490399076801,0.001131490388724822
1000,10.4,1.131490424857278,9.268509564740745,1.040197918563965e-05,0.001131490435259257,-1.040197918563965e-11,0.001131490435259256,0.001131490424857278
1000,10.45,1.131490460989734,9.318509528558288,1.045197908558985e-05,0.001131490471441713,-1.045197908558985e-11,0.001131490471441714,0.001131490460989734
1000,10.5,1.131490497122191,9.36850949237583,1.050197898554005e-05,0.001131490507624169,-1.050197898554005e-11,0.00113149050762417,0.001131490497122191
1000,10.55,1.131490533254647,9.418509456193375,1.055197888549025e-05,0.001131490543806627,-1.055197888549025e-11,0.001131490543806626,0.001131490533254647
1000,10.6,1.131490569387104,9.468509420010918,1.060197878544045e-05,0.001131490579989082,-1.060197878544045e-11,0.001131490579989084,0.001131490569387104
1000,10.65,1.131490605519561,9.51850938382846,1.065197868539065e-05,0.001131490616171539,-1.065197868539065e-11,0.00113149061617154,0.001131490605519561
1000,10.7,1.131490641652018,9.568509347646007,1.070197858534086e-05,0.001131490652353995,-1.070197858534085e-11,0.001131490652353994,0.001131490641652018
1000,10.75,1.131490677784475,9.618509311463546,1.075197848529105e-05,0.001131490688536453,-1.075197848529105e-11,0.001131490688536454,0.001131490677784475
1000,10.8,1.131490713916932,9.66850927528109,1.080197838524125e-05,0.00113149072471891,-1.080197838524125e-11,0.00113149072471891,0.001131490713916932
1000,10.85,1.131490750049389,9.718509239098635,1.085197828519146e-05,0.001131490760901367,-1.085197828519146e-11,0.001131490760901366,0.001131490750049389
1000,10.9,1.131490786181847,9.768509202916176,1.090197818514165e-05,0.001131490797083824,-1.090197818514165e-11,0.001131490797083824,0.001131490786181847
1000,10.95,1.131490822314305,9.818509166733719,1.095197808509185e-05,0.001131490833266284,-1.095197808509185e-11,0.001131490833266282,0.001131490822314305
1000,11.0,1.131490858446763,9.86850913055126,1.100197798504205e-05,0.001131490869448741,-1.100197798504205e-11,0.00113149086944874,0.001131490858446763
1000,11.05,1.131490894579221,9.9185090943688,1.105197788499225e-05,0.0011314909056312,-1.105197788499225e-11,0.001131490905631202,0.001131490894579221
1000,11.1,1.131490930711679,9.968509058186342,1.110197778494245e-05,0.001131490941813657,-1.110197778494245e-11,0.001131490941813659,0.001131490930711679
1000,11.15,1.131490966844138,10.01850902200388,1.115197768489265e-05,0.001131490977996115,-1.115197768489265e-11,0.001131490977996115,0.001131490966844137
1000,11.2,1.131491002976596,10.06850898582143,1.120197758484286e-05,0.001131491014178574,-1.120197758484285e-11,0.001131491014178574,0.001131491002976596
1000,11.25,1.131491039109055,10.11850894963897,1.125197748479305e-05,0.001131491050361032,-1.125197748479305e-11,0.001131491050361035,0.001131491039109055
1000,11.3,1.131491075241514,10.16850891345651,1.130197738474325e-05,0.001131491086543491,-1.130197738474325e-11,0.001131491086543491,0.001131491075241514
1000,11.35,1.131491111373973,10.21850887727405,1.135197728469345e-05,0.00113149112272595,-1.135197728469345e-11,0.001131491122725949,0.001131491111373973
1000,11.4,1.131491147506432,10.26850884109159,1.140197718464365e-05,0.00113149115890841,-1.140197718464366e-11,0.001131491158908409,0.001131491147506432
1000,11.45,1.131491183638891,10.31850880490913,1.145197708459386e-05,0.001131491195090868,-1.145197708459386e-11,0.001131491195090868,0.001131491183638892
1000,11.5,1.131491219771351,10.36850876872667,1.150197698454405e-05,0.001131491231273328,-1.150197698454405e-11,0.00113149123127333,0.001131491219771351
1000,11.55,1.13149125590381,10.41850873254422,1.155197688449426e-05,0.001131491267455787,-1.155197688449426e-11,0.001131491267455784,0.00113149125590381
1000,11.6,1.13149129203627,10.46850869636175,1.160197678444446e-05,0.001131491303638247,-1.160197678444445e-11,0.001131491303638249,0.00113149129203627
1000,11.65,1.13149132816873,10.51850866017929,1.165197668439465e-05,0.001131491339820707,-1.165197668439465e-11,0.001131491339820707,0.00113149132816873
1000,11.7,1.131491364301191,10.56850862399683,1.170197658434485e-05,0.001131491376003167,-1.170197658434486e-11,0.001131491376003169,0.001131491364301191
1000,11.75,1.131491400433651,10.61850858781437,1.175197648429505e-05,0.001131491412185628,-1.175197648429506e-11,0.001131491412185628,0.001131491400433651
1000,11.8,1.131491436566111,10.66850855163191,1.180197638424526e-05,0.001131491448368088,-1.180197638424526e-11,0.001131491448368088,0.001131491436566111
1000,11.85,1.131491472698572,10.71850851544945,1.185197628419545e-05,0.001131491484550549,-1.185197628419546e-11,0.00113149148455055,0.001131491472698572
1000,11.9,1.131491508831033,10.76850847926699,1.190197618414566e-05,0.001131491520733009,-1.190197618414566e-11,0.001131491520733009,0.001131491508831033
1000,11.95,1.131491544963494,10.81850844308453,1.195197608409586e-05,0.00113149155691547,-1.195197608409586e-11,0.001131491556915469,0.001131491544963494
1000,12.0,1.131491581095955,10.86850840690207,1.200197598404606e-05,0.001131491593097931,-1.200197598404606e-11,0.00113149159309793,0.001131491581095955
2200,0.0,0.0,0.0,0.0,0.0,0.0,0.0,0.0
2200,0.05,0.03264539911860189,0.03516118214955076,6.926658490437898e-08,1.4838818774565e-05,-6.926658470940278e-14,1.483881785044924e-05,1.483881778118268e-05
2200,0.1,0.06523323310253426,0.07034853027050365,1.374353094618702e-07,2.965147367285062e-05,-1.374353092295732e-13,2.965146972949635e-05,2.965146959206103e-05
2200,0.15,0.0977606241751796,0.1055633524423617,2.052838502322193e-07,4.443665190533701e-05,-2.052838501604456e-13,4.44366475576383e-05,4.443664735235437e-05
2200,0.2,0.1302245017351451,0.140807044392823,2.730201699507201e-07,5.919296040789928e-05,-2.730201699284375e-13,5.919295560717703e-05,5.919295533415685e-05
2200,0.25,0.1626215874731335,0.1760810962624222,3.406990373722341e-07,7.391890904669518e-05,-3.40699037365282e-13,7.391890373757785e-05,7.391890339687886e-05
2200,0.3,0.1949483774842105,0.2113871007352068,4.083338463855818e-07,8.861290514556027e-05,-4.083338463834015e-13,8.861289926479324e-05,8.861289885645931e-05
2200,0.35,0.2272011228943504,0.2467267618448231,4.759267077520105e-07,0.0001032732446799138,-4.759267077513229e-13,0.000103273238155177,0.0001032732376792502
2200,0.4,0.2593758084980828,0.2821019046846678,5.434765637511459e-07,0.0001178981025668881,-5.43476563750928e-13,0.0001178980953153322,0.0001178980947718558
2200,0.45,0.2914681291706736,0.3175144861296216,6.109813759097524e-07,0.0001324855219438615,-6.109813759096829e-13,0.0001324855138703784,0.0001324855132593971
2200,0.5,0.3234734637864487,0.3529666066913571,6.784387087127251e-07,0.0001470334023134733,-6.784387087127026e-13,0.0001470333933086429,0.000147033392630204
2200,0.55,0.3553868463383514,0.3884605236458123,7.458458769138371e-07,0.000161539486416533,-7.458458769138299e-13,0.0001615394763541877,0.0001615394756083416
2200,0.6000000000000001,0.3872029339118155,0.4239986655905198,8.13199972711237e-07,0.0001760013456751522,-8.131999727112345e-13,0.0001760013344094803,0.0001760013335962798
2200,0.65,0.4189159711176688,0.4595836486114701,8.804978586217434e-07,0.0001904163640264418,-8.804978586217427e-13,0.0001904163513885299,0.0001904163505080313
2200,0.7000000000000001,0.4505197505330004,0.4952182942645357,9.477361492931447e-07,0.0002047817199417673,-9.477361492931446e-13,0.0002047817057354643,0.0002047817047877275
2200,0.75,0.4820075686345441,0.5309056496057499,1.014911188408633e-06,0.0002190943663972902,-1.014911188408632e-12,0.0002190943503942501,0.0002190943493793382
2200,0.8,0.5133721766347303,0.5666490095385572,1.082019022132538e-06,0.0002333510085277285,-1.082019022132538e-12,0.0002333509904614428,0.0002333509893794229
2200,0.8500000000000001,0.54460572554449,0.6024519417852666,1.149055369218224e-06,0.0002475480786561295,-1.149055369218225e-12,0.0002475480582147335,0.0002475480570656773
2200,0.9,0.5756997046872474,0.6383183148352348,1.216015587491073e-06,0.0002616817083471945,-1.216015587491072e-12,0.0002616816851647652,0.0002616816839487488
2200,0.9500000000000001,0.6066448727731004,0.6742523292747863,1.282894636258544e-06,0.0002757476970792207,-1.282894636258544e-12,0.0002757476707252138,0.0002757476694423184
2200,1.0,0.6374311805083623,0.7102585529646931,1.349687034098966e-06,0.0002897414770688997,-1.349687034098966e-12,0.0002897414470353069,0.0002897414456856193
2200,1.05,0.6680476835604771,0.7463419606015775,1.416386811388425e-06,0.0003036580737127565,-1.416386811388425e-12,0.0003036580393984225,0.0003036580379820351
2200,1.1,0.6984824445184317,0.7825079782813616,1.482987456824877e-06,0.0003174920610272143,-1.482987456824878e-12,0.0003174920217186384,0.0003174920202356508
2200,1.15,0.7287224222802935,0.8187625337776575,1.549481857094236e-06,0.0003312375113745756,-1.549481857094236e-12,0.0003312374662223426,0.0003312374646728607
2200,1.2,0.7587533470580913,0.8551121133577326,1.615862228691366e-06,0.000344887938652524,-1.615862228691366e-12,0.0003448878866422676,0.0003448878850264051
2200,1.25,0.7885595789111233,0.8915638260855506,1.682120040756592e-06,0.0003584362339979247,-1.682120040756592e-12,0.0003584361739144494,0.0003584361722323288
2200,1.3,0.8181239473967605,0.9281254767077717,1.748245927612677e-06,0.000371874592909411,-1.748245927612677e-12,0.0003718745232922284,0.0003718745215439821
2200,1.35,0.8474275695574691,0.9648056483869211,1.814229589485212e-06,0.0003851944325250248,-1.814229589485211e-12,0.000385194351613079,0.0003851943497988496
2200,1.4,0.8764496430387716,1.001613796738681,1.880059679658093e-06,0.0003983862975985753,-1.880059679658093e-12,0.0003983862032613193,0.0003983862013812598
2200,1.45,0.9051672106503129,1.038560356849588,1.94572367605255e-06,0.0004114397534992056,-1.945723676052549e-12,0.0004114396431504117,0.0004114396412046877
2200,1.5,0.9335548921375727,1.075656865198986,2.01120773492109e-06,0.0004243432643113259,-2.011207734921089e-12,0.0004243431348010136,0.0004243431327898058
2200,1.55,0.9615845783240491,1.1129160986853,2.076496524016301e-06,0.0004370840538361431,-2.076496524016301e-12,0.0004370839013147003,0.0004370838992382041
2200,1.6,0.9892250821163363,1.150352233260093,2.141573032230365e-06,0.0004496479469929581,-2.141573032230365e-12,0.0004496477667399073,0.0004496477645983347
2200,1.65,1.01644174014806,1.187981024999009,2.206418352310365e-06,0.0004620191887932324,-2.206418352310365e-12,0.0004620189750009911,0.0004620189727945727
2200,1.7,1.043195958095243,1.225820016776605,2.271011432848983e-06,0.0004741802377230492,-2.271011432848983e-12,0.0004741799832233948,0.0004741799809523833
2200,1.75,1.069444691965077,1.263888774044182,2.335328795351669e-06,0.0004861115300381682,-2.335328795351668e-12,0.0004861112259558178,0.0004861112236204896
2200,1.8,1.095139857008435,1.302209153505913,2.399344211825924e-06,0.0004977912111804329,-2.399344211825925e-12,0.0004977908464940868,0.0004977908440947431
2200,1.85,1.120227655438995,1.340805608701065,2.463028338083384e-06,0.0005091948303126446,-2.463028338083384e-12,0.000509194391298935,0.0005091943888359066
2200,1.9,1.144647814020139,1.379705536555407,2.52634829787895e-06,0.0005202949939145024,-2.52634829787895e-12,0.000520294463444593,0.0005202944609182449
2200,1.95,1.168332723046613,1.418939668753181,2.589267213265369e-06,0.0005310609745945787,-2.589267213265368e-12,0.0005310603312468188,0.0005310603286575516
2200,2.0,1.191206469654166,1.458542511141817,2.651743677308629e-06,0.000541458271912514,-2.651743677308629e-12,0.0005414574888581832,0.0005414574862064393
2200,2.05,1.213183761240137,1.498552833086207,2.71373116686401e-06,0.0005514481232999067,-2.71373116686401e-12,0.0005514471669137933,0.0005514471642000621
2200,2.1,1.234168739770392,1.539014206420099,2.775177395835699e-06,0.0005609869654343236,-2.775177395835699e-12,0.0005609857935799014,0.0005609857908047236
2200,2.15,1.254053695825093,1.579975589970751,2.836023613748617e-06,0.0005700258500852128,-2.836023613748618e-12,0.0005700244100292484,0.0005700244071932243
2200,2.2,1.272717703618067,1.621491950004675,2.896203861215019e-06,0.0005785098240654185,-2.89620386121502e-12,0.000578508049995325,0.0005785080470991213
2200,2.25,1.290025216409096,1.663624898676585,2.955644203797273e-06,0.0005863772911647479,-2.955644203797273e-12,0.0005863751013234154,0.0005863750983677708
2200,2.3,1.305824687402104,1.706443320893873,3.014261979772018e-06,0.0005935593855748393,-3.014261979772018e-12,0.0005935566791061273,0.0005935566760918655
2200,2.35,1.319947316013698,1.750023944194535,3.071965116278001e-06,0.000599979402073592,-3.071965116278002e-12,0.0005999760558054647,0.0005999760527334992
2200,2.4,1.332206064355563,1.794451785800638,3.128651592853015e-06,0.0006055523485972972,-3.128651592853015e-12,0.0006055482141993623,0.0006055482110707103
2200,2.45,1.342395143438958,1.839820386161719,3.184209161182356e-06,0.0006101847115837927,-3.184209161182356e-12,0.0006101796138382812,0.0006101796106540721
2200,2.5,1.350292677028289,1.88623059811226,3.238516798106954e-06,0.0006137694018948675,-3.238516798106954e-12,0.0006137694018877396,0.0006137693986492223
2200,2.55,1.355652817849967,1.93379417041312,3.291440405382276e-06,0.0006162058295983153,-3.291440405382277e-12,0.0006162058295868802,0.0006162058262954396
2200,2.6,1.358221318104087,1.982626670246209,3.342841302667691e-06,0.0006173733297716075,-3.342841302667691e-12,0.0006173733297537907,0.0006173733264109487
2200,2.65,1.358411693976926,2.032540135708452,3.392945043795291e-06,0.0006174598643107303,-3.392945043795291e-12,0.0006174598642915478,0.0006174598608986028
2200,2.7,1.358411711588434,2.082540127653221,3.442944953351749e-06,0.0006174599267011209,-3.442944953351749e-12,0.000617459872346779,0.0006174598689038336
2200,2.75,1.358411774880859,2.132540098833937,3.49294488782502e-06,0.0006174599011660657,-3.49294488782502e-12,0.0006174599011660629,0.0006174598976731176
2200,2.8,1.358411815328796,2.182540080398512,3.542944809837687e-06,0.000617459919601489,-3.542944809837688e-12,0.0006174599196014885,0.0006174599160585435
2200,2.85,1.358411855776732,2.232540061963086,3.592944731850355e-06,0.0006174599380369141,-3.592944731850355e-12,0.0006174599380369141,0.0006174599344439691
2200,2.9,1.358411896224668,2.282540043527661,3.642944653863021e-06,0.0006174599564723398,-3.642944653863021e-12,0.0006174599564723398,0.0006174599528293947
2200,2.95,1.358411936672605,2.332540025092235,3.692944575875688e-06,0.0006174599749077649,-3.692944575875689e-12,0.000617459974907765,0.0006174599712148204
2200,3.0,1.358411977120541,2.382540006656809,3.742944497888354e-06,0.0006174599933431907,-3.742944497888355e-12,0.0006174599933431906,0.000617459989600246
2200,3.05,1.358412017568478,2.432539988221384,3.792944419901021e-06,0.0006174600117786164,-3.792944419901022e-12,0.0006174600117786162,0.0006174600079856717
2200,3.1,1.358412058016415,2.482539969785958,3.842944341913688e-06,0.0006174600302140415,-3.84294434191369e-12,0.0006174600302140419,0.0006174600263710976
2200,3.15,1.358412098464351,2.532539951350532,3.892944263926356e-06,0.0006174600486494676,-3.892944263926356e-12,0.0006174600486494679,0.0006174600447565233
2200,3.2,1.358412138912288,2.582539932915107,3.942944185939024e-06,0.0006174600670848936,-3.942944185939023e-12,0.0006174600670848935,0.0006174600631419493
2200,3.25,1.358412179360226,2.632539914479681,3.992944107951691e-06,0.0006174600855203191,-3.992944107951691e-12,0.0006174600855203191,0.0006174600815273753
2200,3.3,1.358412219808163,2.682539896044255,4.042944029964358e-06,0.0006174601039557449,-4.042944029964358e-12,0.0006174601039557453,0.0006174600999128012
2200,3.35,1.3584122602561,2.732539877608829,4.092943951977026e-06,0.0006174601223911713,-4.092943951977025e-12,0.0006174601223911709,0.0006174601182982271
2200,3.4,1.358412300704037,2.782539859173403,4.142943873989692e-06,0.000617460140826597,-4.142943873989691e-12,0.0006174601408265979,0.0006174601366836532
2200,3.45,1.358412341151975,2.832539840737977,4.19294379600236e-06,0.0006174601592620232,-4.19294379600236e-12,0.0006174601592620231,0.0006174601550690793
2200,3.5,1.358412381599913,2.882539822302551,4.242943718015027e-06,0.0006174601776974488,-4.242943718015027e-12,0.0006174601776974491,0.0006174601734545057
2200,3.55,1.35841242204785,2.932539803867125,4.292943640027695e-06,0.0006174601961328759,-4.292943640027695e-12,0.0006174601961328756,0.0006174601918399318
2200,3.6,1.358412462495788,2.982539785431699,4.342943562040362e-06,0.000617460214568302,-4.342943562040363e-12,0.0006174602145683013,0.0006174602102253581
2200,3.65,1.358412502943726,3.032539766996272,4.39294348405303e-06,0.000617460233003728,-4.39294348405303e-12,0.0006174602330037282,0.0006174602286107845
2200,3.7,1.358412543391664,3.082539748560846,4.442943406065698e-06,0.0006174602514391547,-4.442943406065698e-12,0.0006174602514391543,0.0006174602469962108
2200,3.75,1.358412583839602,3.132539730125419,4.492943328078364e-06,0.0006174602698745811,-4.492943328078365e-12,0.0006174602698745812,0.0006174602653816373
2200,3.8,1.358412624287541,3.182539711689993,4.542943250091032e-06,0.000617460288310007,-4.542943250091033e-12,0.0006174602883100078,0.0006174602837670639
2200,3.85,1.358412664735479,3.232539693254567,4.592943172103701e-06,0.0006174603067454332,-4.592943172103702e-12,0.0006174603067454334,0.0006174603021524904
2200,3.9,1.358412705183417,3.28253967481914,4.64294309411637e-06,0.0006174603251808606,-4.64294309411637e-12,0.0006174603251808599,0.000617460320537917
2200,3.95,1.358412745631356,3.332539656383713,4.692943016129038e-06,0.0006174603436162869,-4.692943016129038e-12,0.0006174603436162869,0.0006174603389233437
2200,4.0,1.358412786079295,3.382539637948287,4.742942938141707e-06,0.0006174603620517131,-4.742942938141706e-12,0.000617460362051713,0.0006174603573087705
2200,4.05,1.358412826527234,3.43253961951286,4.792942860154374e-06,0.0006174603804871399,-4.792942860154373e-12,0.00061746038048714,0.0006174603756941972
2200,4.100000000000001,1.358412866975173,3.482539601077433,4.842942782167042e-06,0.0006174603989225667,-4.842942782167042e-12,0.0006174603989225673,0.0006174603940796241
2200,4.15,1.358412907423112,3.532539582642007,4.892942704179709e-06,0.0006174604173579936,-4.89294270417971e-12,0.0006174604173579939,0.0006174604124650508
2200,4.2,1.358412947871051,3.58253956420658,4.942942626192378e-06,0.0006174604357934204,-4.942942626192379e-12,0.0006174604357934204,0.0006174604308504778
2200,4.25,1.358412988318991,3.632539545771153,4.992942548205047e-06,0.0006174604542288475,-4.992942548205047e-12,0.0006174604542288469,0.0006174604492359048
2200,4.3,1.35841302876693,3.682539527335725,5.042942470217713e-06,0.0006174604726642748,-5.042942470217714e-12,0.0006174604726642747,0.0006174604676213318
2200,4.350000000000001,1.35841306921487,3.732539508900299,5.092942392230383e-06,0.0006174604910997012,-5.092942392230384e-12,0.0006174604910997017,0.0006174604860067589
2200,4.4,1.358413109662809,3.782539490464872,5.142942314243052e-06,0.0006174605095351287,-5.142942314243052e-12,0.0006174605095351286,0.000617460504392186
2200,4.45,1.358413150110749,3.832539472029445,5.192942236255722e-06,0.0006174605279705552,-5.192942236255722e-12,0.0006174605279705552,0.0006174605227776133
2200,4.5,1.358413190558689,3.882539453594017,5.242942158268389e-06,0.0006174605464059828,-5.242942158268389e-12,0.0006174605464059825,0.0006174605411630404
2200,4.55,1.358413231006629,3.932539435158591,5.292942080281058e-06,0.0006174605648414099,-5.292942080281059e-12,0.0006174605648414091,0.0006174605595484677
2200,4.600000000000001,1.35841327145457,3.982539416723164,5.342942002293728e-06,0.0006174605832768367,-5.342942002293729e-12,0.0006174605832768366,0.0006174605779338953
2200,4.65,1.35841331190251,4.032539398287735,5.392941924306395e-06,0.0006174606017122643,-5.392941924306396e-12,0.0006174606017122652,0.0006174605963193226
2200,4.7,1.35841335235045,4.082539379852309,5.442941846319066e-06,0.0006174606201476922,-5.442941846319065e-12,0.0006174606201476909,0.0006174606147047499
2200,4.75,1.358413392798391,4.132539361416881,5.492941768331736e-06,0.000617460638583119,-5.492941768331734e-12,0.0006174606385831192,0.0006174606330901775
2200,4.800000000000001,1.358413433246331,4.182539342981453,5.542941690344404e-06,0.0006174606570185466,-5.542941690344403e-12,0.0006174606570185474,0.000617460651475605
2200,4.850000000000001,1.358413473694272,4.232539324546027,5.592941612357074e-06,0.0006174606754539739,-5.592941612357074e-12,0.000617460675453974,0.0006174606698610327
2200,4.9,1.358413514142213,4.282539306110599,5.642941534369742e-06,0.0006174606938894017,-5.642941534369742e-12,0.0006174606938894014,0.0006174606882464603
2200,4.95,1.358413554590154,4.33253928767517,5.692941456382411e-06,0.0006174607123248291,-5.692941456382411e-12,0.0006174607123248297,0.0006174607066318881
2200,5.0,1.358413595038095,4.382539269239743,5.742941378395081e-06,0.0006174607307602573,-5.742941378395081e-12,0.0006174607307602571,0.0006174607250173157
2200,5.050000000000001,1.358413635486036,4.432539250804316,5.792941300407751e-06,0.000617460749195685,-5.792941300407752e-12,0.0006174607491956846,0.0006174607434027436
2200,5.100000000000001,1.358413675933977,4.482539232368886,5.842941222420418e-06,0.0006174607676311132,-5.842941222420418e-12,0.0006174607676311146,0.0006174607617881713
2200,5.15,1.358413716381919,4.532539213933459,5.892941144433089e-06,0.0006174607860665405,-5.892941144433088e-12,0.0006174607860665411,0.0006174607801735993
2200,5.2,1.35841375682986,4.582539195498032,5.942941066445759e-06,0.0006174608045019678,-5.942941066445759e-12,0.0006174608045019685,0.0006174607985590275
2200,5.25,1.358413797277802,4.632539177062605,5.992940988458428e-06,0.0006174608229373964,-5.992940988458429e-12,0.000617460822937395,0.0006174608169444552
2200,5.300000000000001,1.358413837725744,4.682539158627177,6.042940910471098e-06,0.0006174608413728246,-6.042940910471099e-12,0.0006174608413728242,0.0006174608353298834
2200,5.350000000000001,1.358413878173685,4.732539140191748,6.092940832483768e-06,0.0006174608598082526,-6.092940832483768e-12,0.0006174608598082525,0.0006174608537153116
2200,5.4,1.358413918621627,4.78253912175632,6.142940754496437e-06,0.0006174608782436808,-6.142940754496438e-12,0.0006174608782436808,0.0006174608721007397
2200,5.45,1.358413959069569,4.83253910332089,6.192940676509105e-06,0.0006174608966791093,-6.192940676509106e-12,0.00061746089667911,0.0006174608904861678
2200,5.5,1.358413999517512,4.882539084885462,6.242940598521777e-06,0.0006174609151145369,-6.242940598521777e-12,0.0006174609151145383,0.0006174609088715963
2200,5.550000000000001,1.358414039965454,4.932539066450037,6.292940520534449e-06,0.0006174609335499651,-6.29294052053445e-12,0.0006174609335499639,0.0006174609272570245
2200,5.600000000000001,1.358414080413396,4.982539048014607,6.342940442547118e-06,0.0006174609519853936,-6.342940442547119e-12,0.0006174609519853931,0.0006174609456424529
2200,5.65,1.358414120861339,5.032539029579178,6.392940364559788e-06,0.000617460970420822,-6.392940364559788e-12,0.0006174609704208223,0.0006174609640278814
2200,5.7,1.358414161309282,5.08253901114375,6.442940286572457e-06,0.0006174609888562506,-6.442940286572458e-12,0.0006174609888562506,0.0006174609824133099
2200,5.75,1.358414201757225,5.13253899270832,6.492940208585126e-06,0.0006174610072916787,-6.492940208585128e-12,0.0006174610072916798,0.0006174610007987385
2200,5.800000000000001,1.358414242205167,5.182538974272893,6.542940130597799e-06,0.0006174610257271074,-6.542940130597798e-12,0.0006174610257271081,0.0006174610191841671
2200,5.850000000000001,1.358414282653111,5.232538955837465,6.59294005261047e-06,0.0006174610441625356,-6.59294005261047e-12,0.0006174610441625354,0.0006174610375695958
2200,5.9,1.358414323101054,5.282538937402036,6.642939974623139e-06,0.0006174610625979645,-6.642939974623139e-12,0.0006174610625979646,0.0006174610559550244
2200,5.95,1.358414363548997,5.332538918966607,6.692939896635811e-06,0.0006174610810333931,-6.69293989663581e-12,0.0006174610810333929,0.0006174610743404532
2200,6.0,1.35841440399694,5.382538900531178,6.74293981864848e-06,0.0006174610994688221,-6.74293981864848e-12,0.0006174610994688221,0.000617461092725882
2200,6.050000000000001,1.358414444444884,5.432538882095749,6.792939740661149e-06,0.0006174611179042514,-6.79293974066115e-12,0.0006174611179042521,0.0006174611111113107
2200,6.100000000000001,1.358414484892827,5.482538863660322,6.842939662673823e-06,0.0006174611363396797,-6.842939662673824e-12,0.0006174611363396787,0.0006174611294967398
2200,6.15,1.358414525340771,5.532538845224892,6.892939584686494e-06,0.0006174611547751082,-6.892939584686495e-12,0.0006174611547751079,0.0006174611478821688
2200,6.2,1.358414565788715,5.582538826789463,6.942939506699165e-06,0.0006174611732105374,-6.942939506699164e-12,0.0006174611732105371,0.0006174611662675977
2200,6.25,1.358414606236659,5.632538808354035,6.992939428711835e-06,0.0006174611916459665,-6.992939428711836e-12,0.0006174611916459654,0.0006174611846530267
2200,6.300000000000001,1.358414646684603,5.682538789918605,7.042939350724508e-06,0.0006174612100813958,-7.042939350724506e-12,0.0006174612100813955,0.0006174612030384559
2200,6.350000000000001,1.358414687132547,5.732538771483176,7.092939272737177e-06,0.0006174612285168246,-7.092939272737177e-12,0.0006174612285168246,0.0006174612214238851
2200,6.4,1.358414727580491,5.782538753047747,7.14293919474985e-06,0.000617461246952254,-7.142939194749849e-12,0.000617461246952253,0.0006174612398093143
2200,6.45,1.358414768028436,5.832538734612317,7.19293911676252e-06,0.0006174612653876826,-7.19293911676252e-12,0.000617461265387683,0.0006174612581947437
2200,6.5,1.358414808476381,5.882538716176889,7.242939038775193e-06,0.0006174612838231116,-7.242939038775192e-12,0.0006174612838231113,0.0006174612765801731
2200,6.550000000000001,1.358414848924325,5.932538697741459,7.292938960787864e-06,0.0006174613022585411,-7.292938960787863e-12,0.0006174613022585414,0.0006174612949656024
2200,6.600000000000001,1.35841488937227,5.982538679306028,7.342938882800532e-06,0.0006174613206939709,-7.342938882800533e-12,0.0006174613206939723,0.0006174613133510318
2200,6.65,1.358414929820215,6.0325386608706,7.392938804813207e-06,0.0006174613391293999,-7.392938804813206e-12,0.0006174613391294006,0.0006174613317364614
2200,6.7,1.35841497026816,6.082538642435171,7.442938726825877e-06,0.0006174613575648294,-7.442938726825878e-12,0.0006174613575648289,0.0006174613501218909
2200,6.75,1.358415010716105,6.13253862399974,7.492938648838546e-06,0.0006174613760002595,-7.492938648838546e-12,0.0006174613760002598,0.0006174613685073204
2200,6.800000000000001,1.35841505116405,6.182538605564313,7.54293857085122e-06,0.0006174613944356885,-7.542938570851222e-12,0.0006174613944356881,0.0006174613868927501
2200,6.850000000000001,1.358415091611995,6.232538587128882,7.59293849286389e-06,0.0006174614128711182,-7.592938492863892e-12,0.0006174614128711182,0.0006174614052781798
2200,6.9,1.358415132059941,6.282538568693452,7.642938414876561e-06,0.0006174614313065479,-7.642938414876563e-12,0.0006174614313065483,0.0006174614236636095
2200,6.95,1.358415172507886,6.332538550258023,7.692938336889234e-06,0.0006174614497419777,-7.692938336889235e-12,0.0006174614497419775,0.0006174614420490392
2200,7.0,1.358415212955832,6.382538531822592,7.742938258901908e-06,0.0006174614681774076,-7.742938258901906e-12,0.0006174614681774076,0.0006174614604344692
2200,7.050000000000001,1.358415253403778,6.432538513387163,7.792938180914579e-06,0.0006174614866128372,-7.792938180914579e-12,0.0006174614866128376,0.0006174614788198991
2200,7.100000000000001,1.358415293851724,6.482538494951733,7.842938102927249e-06,0.0006174615050482675,-7.84293810292725e-12,0.0006174615050482677,0.000617461497205329
2200,7.15,1.35841533429967,6.532538476516303,7.892938024939922e-06,0.0006174615234836972,-7.892938024939923e-12,0.0006174615234836978,0.000617461515590759
2200,7.2,1.358415374747616,6.582538458080873,7.942937946952594e-06,0.0006174615419191271,-7.942937946952594e-12,0.000617461541919127,0.000617461533976189
2200,7.25,1.358415415195562,6.632538439645445,7.992937868965267e-06,0.0006174615603545571,-7.992937868965268e-12,0.0006174615603545552,0.0006174615523616193
2200,7.300000000000001,1.358415455643509,6.682538421210014,8.042937790977938e-06,0.0006174615787899871,-8.04293779097794e-12,0.0006174615787899871,0.0006174615707470494
2200,7.350000000000001,1.358415496091455,6.732538402774583,8.092937712990611e-06,0.0006174615972254176,-8.092937712990612e-12,0.0006174615972254172,0.0006174615891324796
2200,7.4,1.358415536539402,6.782538384339153,8.142937635003285e-06,0.0006174616156608477,-8.142937635003285e-12,0.0006174616156608472,0.0006174616075179099
2200,7.45,1.358415576987348,6.832538365903721,8.192937557015954e-06,0.0006174616340962779,-8.192937557015956e-12,0.0006174616340962791,0.0006174616259033403
2200,7.5,1.358415617435295,6.882538347468292,8.242937479028628e-06,0.0006174616525317078,-8.242937479028629e-12,0.0006174616525317083,0.0006174616442887707
2200,7.550000000000001,1.358415657883242,6.932538329032862,8.2929374010413e-06,0.0006174616709671384,-8.292937401041301e-12,0.0006174616709671383,0.000617461662674201
2200,7.600000000000001,1.358415698331189,6.982538310597431,8.342937323053972e-06,0.0006174616894025689,-8.342937323053974e-12,0.0006174616894025693,0.0006174616810596315
2200,7.65,1.358415738779137,7.032538292162002,8.392937245066647e-06,0.0006174617078379989,-8.392937245066648e-12,0.0006174617078379985,0.0006174616994450621
2200,7.7,1.358415779227084,7.082538273726571,8.44293716707932e-06,0.0006174617262734299,-8.44293716707932e-12,0.0006174617262734294,0.0006174617178304927
2200,7.75,1.358415819675031,7.13253825529114,8.492937089091992e-06,0.0006174617447088607,-8.492937089091992e-12,0.0006174617447088604,0.0006174617362159232
2200,7.800000000000001,1.358415860122978,7.182538236855708,8.542937011104665e-06,0.0006174617631442918,-8.542937011104663e-12,0.0006174617631442923,0.0006174617546013538
2200,7.850000000000001,1.358415900570926,7.232538218420279,8.59293693311734e-06,0.0006174617815797221,-8.592936933117338e-12,0.0006174617815797214,0.0006174617729867846
2200,7.9,1.358415941018874,7.282538199984849,8.642936855130013e-06,0.0006174618000151525,-8.642936855130014e-12,0.0006174618000151515,0.0006174617913722155
2200,7.95,1.358415981466822,7.332538181549417,8.692936777142686e-06,0.0006174618184505827,-8.692936777142685e-12,0.0006174618184505834,0.0006174618097576465
2200,8.0,1.35841602191477,7.382538163113986,8.74293669915536e-06,0.0006174618368860141,-8.742936699155357e-12,0.0006174618368860143,0.0006174618281430773
2200,8.05,1.358416062362718,7.432538144678556,8.792936621168034e-06,0.0006174618553214453,-8.792936621168032e-12,0.0006174618553214443,0.0006174618465285081
2200,8.1,1.358416102810666,7.482538126243123,8.842936543180706e-06,0.0006174618737568759,-8.842936543180703e-12,0.0006174618737568762,0.0006174618649139392
2200,8.15,1.358416143258615,7.532538107807695,8.89293646519338e-06,0.0006174618921923069,-8.892936465193379e-12,0.0006174618921923054,0.0006174618832993703
2200,8.200000000000001,1.358416183706563,7.582538089372263,8.94293638720605e-06,0.0006174619106277376,-8.942936387206053e-12,0.0006174619106277382,0.0006174619016848014
2200,8.25,1.358416224154511,7.632538070936831,8.992936309218724e-06,0.0006174619290631691,-8.992936309218724e-12,0.0006174619290631691,0.0006174619200702325
2200,8.3,1.35841626460246,7.682538052501399,9.042936231231395e-06,0.0006174619474986001,-9.042936231231398e-12,0.0006174619474986019,0.0006174619384556638
2200,8.35,1.358416305050409,7.73253803406597,9.092936153244072e-06,0.0006174619659340311,-9.092936153244073e-12,0.0006174619659340302,0.000617461956841095
2200,8.4,1.358416345498358,7.782538015630539,9.142936075256748e-06,0.0006174619843694631,-9.142936075256749e-12,0.0006174619843694611,0.0006174619752265263
2200,8.450000000000001,1.358416385946307,7.832537997195105,9.192935997269418e-06,0.000617462002804894,-9.192935997269418e-12,0.0006174620028048956,0.0006174619936119577
2200,8.5,1.358416426394256,7.882537978759676,9.242935919282095e-06,0.000617462021240325,-9.242935919282094e-12,0.0006174620212403239,0.0006174620119973891
2200,8.55,1.358416466842205,7.932537960324244,9.292935841294766e-06,0.0006174620396757563,-9.292935841294767e-12,0.0006174620396757566,0.0006174620303828207
2200,8.6,1.358416507290155,7.982537941888811,9.342935763307438e-06,0.000617462058111188,-9.342935763307438e-12,0.0006174620581111885,0.0006174620487682521
2200,8.65,1.358416547738104,8.032537923453381,9.392935685320114e-06,0.0006174620765466196,-9.392935685320114e-12,0.0006174620765466195,0.0006174620671536837
2200,8.700000000000001,1.358416588186054,8.082537905017949,9.442935607332787e-06,0.0006174620949820509,-9.442935607332788e-12,0.0006174620949820522,0.0006174620855391153
2200,8.75,1.358416628634004,8.132537886582517,9.492935529345462e-06,0.0006174621134174826,-9.492935529345462e-12,0.0006174621134174831,0.0006174621039245471
2200,8.8,1.358416669081953,8.182537868147087,9.542935451358137e-06,0.0006174621318529145,-9.542935451358137e-12,0.0006174621318529142,0.0006174621223099787
2200,8.85,1.358416709529903,8.232537849711653,9.59293537337081e-06,0.0006174621502883458,-9.59293537337081e-12,0.0006174621502883468,0.0006174621406954107
2200,8.9,1.358416749977853,8.282537831276223,9.642935295383487e-06,0.0006174621687237778,-9.642935295383487e-12,0.0006174621687237778,0.0006174621590808424
2200,8.950000000000001,1.358416790425804,8.332537812840792,9.69293521739616e-06,0.0006174621871592093,-9.692935217396163e-12,0.0006174621871592087,0.0006174621774662744
2200,9.0,1.358416830873754,8.38253779440536,9.742935139408833e-06,0.0006174622055946411,-9.742935139408837e-12,0.0006174622055946398,0.0006174621958517063
2200,9.05,1.358416871321704,8.432537775969926,9.792935061421506e-06,0.0006174622240300735,-9.792935061421507e-12,0.0006174622240300743,0.0006174622142371382
2200,9.1,1.358416911769655,8.482537757534494,9.842934983434181e-06,0.0006174622424655054,-9.842934983434183e-12,0.0006174622424655052,0.0006174622326225703
2200,9.15,1.358416952217606,8.532537739099064,9.892934905446858e-06,0.0006174622609009371,-9.89293490544686e-12,0.0006174622609009362,0.0006174622510080025
2200,9.200000000000001,1.358416992665556,8.582537720663632,9.942934827459534e-06,0.0006174622793363695,-9.942934827459535e-12,0.0006174622793363689,0.0006174622693934346
2200,9.25,1.358417033113507,8.632537702228198,9.992934749472206e-06,0.0006174622977718017,-9.992934749472207e-12,0.0006174622977718016,0.0006174622877788668
2200,9.3,1.358417073561458,8.682537683792766,1.004293467148488e-05,0.0006174623162072338,-1.004293467148488e-11,0.0006174623162072344,0.000617462306164299
2200,9.35,1.358417114009409,8.732537665357334,1.009293459349756e-05,0.0006174623346426658,-1.009293459349756e-11,0.0006174623346426653,0.0006174623245497313
2200,9.4,1.35841715445736,8.782537646921904,1.014293451551024e-05,0.0006174623530780984,-1.014293451551023e-11,0.0006174623530780963,0.0006174623429351636
2200,9.450000000000001,1.358417194905311,8.83253762848647,1.019293443752291e-05,0.0006174623715135309,-1.019293443752291e-11,0.0006174623715135308,0.0006174623613205961
2200,9.5,1.358417235353263,8.882537610051038,1.024293435953558e-05,0.0006174623899489632,-1.024293435953558e-11,0.0006174623899489617,0.0006174623797060286
2200,9.55,1.358417275801215,8.932537591615606,1.029293428154826e-05,0.0006174624083843955,-1.029293428154826e-11,0.0006174624083843945,0.0006174623980914611
2200,9.600000000000001,1.358417316249166,8.98253757318017,1.034293420356093e-05,0.0006174624268198279,-1.034293420356093e-11,0.0006174624268198308,0.0006174624164768937
2200,9.65,1.358417356697118,9.03253755474474,1.039293412557361e-05,0.0006174624452552611,-1.039293412557361e-11,0.00061746244525526,0.0006174624348623262
2200,9.700000000000001,1.35841739714507,9.082537536309307,1.044293404758628e-05,0.0006174624636906928,-1.044293404758628e-11,0.0006174624636906945,0.000617462453247759
2200,9.75,1.358417437593022,9.132537517873873,1.049293396959895e-05,0.0006174624821261261,-1.049293396959896e-11,0.0006174624821261273,0.0006174624716331917
2200,9.8,1.358417478040974,9.182537499438443,1.054293389161163e-05,0.0006174625005615592,-1.054293389161163e-11,0.0006174625005615582,0.0006174624900186244
2200,9.850000000000001,1.358417518488926,9.232537481003009,1.059293381362431e-05,0.0006174625189969917,-1.059293381362431e-11,0.0006174625189969927,0.0006174625084040573
2200,9.9,1.358417558936879,9.282537462567575,1.064293373563698e-05,0.0006174625374324241,-1.064293373563698e-11,0.0006174625374324254,0.0006174625267894902
2200,9.950000000000001,1.358417599384831,9.332537444132143,1.069293365764966e-05,0.0006174625558678567,-1.069293365764966e-11,0.0006174625558678582,0.0006174625451749233
2200,10.0,1.358417639832783,9.38253742569671,1.074293357966233e-05,0.0006174625743032901,-1.074293357966234e-11,0.0006174625743032908,0.0006174625635603561
2200,10.05,1.358417680280736,9.432537407261279,1.079293350167501e-05,0.0006174625927387228,-1.079293350167501e-11,0.0006174625927387219,0.0006174625819457891
2200,10.1,1.358417720728689,9.482537388825845,1.084293342368769e-05,0.0006174626111741559,-1.084293342368769e-11,0.0006174626111741564,0.0006174626003312224
2200,10.15,1.358417761176642,9.532537370390411,1.089293334570036e-05,0.0006174626296095888,-1.089293334570036e-11,0.0006174626296095891,0.0006174626187166555
2200,10.2,1.358417801624595,9.58253735195498,1.094293326771304e-05,0.0006174626480450219,-1.094293326771304e-11,0.0006174626480450219,0.0006174626371020887
2200,10.25,1.358417842072548,9.632537333519545,1.099293318972571e-05,0.000617462666480455,-1.099293318972571e-11,0.0006174626664804545,0.0006174626554875219
2200,10.3,1.358417882520502,9.682537315084112,1.104293311173839e-05,0.0006174626849158883,-1.104293311173839e-11,0.0006174626849158891,0.0006174626738729552
2200,10.35,1.358417922968455,9.73253729664868,1.109293303375107e-05,0.0006174627033513213,-1.109293303375107e-11,0.0006174627033513218,0.0006174626922583887
2200,10.4,1.358417963416408,9.782537278213246,1.114293295576374e-05,0.0006174627217867552,-1.114293295576374e-11,0.0006174627217867545,0.0006174627106438219
2200,10.45,1.358418003864362,9.83253725977781,1.119293287777641e-05,0.0006174627402221885,-1.119293287777642e-11,0.0006174627402221909,0.0006174627290292555
2200,10.5,1.358418044312316,9.88253724134238,1.124293279978909e-05,0.000617462758657622,-1.12429327997891e-11,0.0006174627586576201,0.000617462747414689
2200,10.55,1.35841808476027,9.932537222906944,1.129293272180177e-05,0.0006174627770930553,-1.129293272180177e-11,0.0006174627770930563,0.0006174627658001226
2200,10.6,1.358418125208224,9.982537204471512,1.134293264381445e-05,0.0006174627955284886,-1.134293264381445e-11,0.000617462795528489,0.0006174627841855563
2200,10.65,1.358418165656178,10.03253718603608,1.139293256582712e-05,0.000617462813963922,-1.139293256582713e-11,0.0006174628139639218,0.0006174628025709899
2200,10.7,1.358418206104132,10.08253716760064,1.14429324878398e-05,0.0006174628323993559,-1.14429324878398e-11,0.0006174628323993563,0.0006174628209564235
2200,10.75,1.358418246552086,10.13253714916521,1.149293240985248e-05,0.0006174628508347899,-1.149293240985248e-11,0.0006174628508347891,0.0006174628393418572
2200,10.8,1.35841828700004,10.18253713072978,1.154293233186515e-05,0.0006174628692702242,-1.154293233186515e-11,0.0006174628692702253,0.000617462857727291
2200,10.85,1.358418327447995,10.23253711229434,1.159293225387783e-05,0.0006174628877056576,-1.159293225387783e-11,0.000617462887705658,0.0006174628761127251
2200,10.9,1.35841836789595,10.28253709385891,1.164293217589051e-05,0.0006174629061410911,-1.164293217589051e-11,0.0006174629061410908,0.000617462894498159
2200,10.95,1.358418408343904,10.33253707542348,1.169293209790319e-05,0.0006174629245765254,-1.169293209790318e-11,0.0006174629245765253,0.0006174629128835929
2200,11.0,1.358418448791859,10.38253705698804,1.174293201991586e-05,0.0006174629430119591,-1.174293201991586e-11,0.0006174629430119598,0.000617462931269027
2200,11.05,1.358418489239814,10.43253703855261,1.179293194192854e-05,0.0006174629614473935,-1.179293194192854e-11,0.0006174629614473908,0.000617462949654461
2200,11.1,1.358418529687769,10.48253702011717,1.184293186394122e-05,0.0006174629798828274,-1.184293186394122e-11,0.000617462979882827,0.0006174629680398951
2200,11.15,1.358418570135725,10.53253700168174,1.189293178595389e-05,0.0006174629983182615,-1.189293178595389e-11,0.0006174629983182634,0.0006174629864253295
2200,11.2,1.35841861058368,10.58253698324631,1.194293170796657e-05,0.0006174630167536958,-1.194293170796657e-11,0.0006174630167536943,0.0006174630048107636
2200,11.25,1.358418651031635,10.63253696481087,1.199293162997925e-05,0.0006174630351891301,-1.199293162997925e-11,0.0006174630351891288,0.000617463023196198
2200,11.3,1.358418691479591,10.68253694637544,1.204293155199192e-05,0.0006174630536245637,-1.204293155199192e-11,0.0006174630536245633,0.0006174630415816324
2200,11.35,1.358418731927547,10.73253692794001,1.20929314740046e-05,0.000617463072059998,-1.20929314740046e-11,0.000617463072059996,0.0006174630599670667
2200,11.4,1.358418772375502,10.78253690950457,1.214293139601728e-05,0.0006174630904954331,-1.214293139601728e-11,0.0006174630904954324,0.0006174630783525011
2200,11.45,1.358418812823459,10.83253689106913,1.219293131802996e-05,0.0006174631089308668,-1.219293131802995e-11,0.0006174631089308686,0.0006174630967379358
2200,11.5,1.358418853271415,10.8825368726337,1.224293124004264e-05,0.0006174631273663018,-1.224293124004264e-11,0.0006174631273662996,0.0006174631151233702
2200,11.55,1.35841889371937,10.93253685419826,1.229293116205531e-05,0.0006174631458017368,-1.229293116205531e-11,0.0006174631458017359,0.0006174631335088048
2200,11.6,1.358418934167327,10.98253683576283,1.234293108406799e-05,0.0006174631642371705,-1.234293108406799e-11,0.0006174631642371704,0.0006174631518942397
2200,11.65,1.358418974615283,11.0325368173274,1.239293100608067e-05,0.0006174631826726056,-1.239293100608067e-11,0.000617463182672605,0.0006174631702796742
2200,11.7,1.35841901506324,11.08253679889196,1.244293092809334e-05,0.0006174632011080397,-1.244293092809335e-11,0.0006174632011080395,0.0006174631886651091
2200,11.75,1.358419055511196,11.13253678045653,1.249293085010602e-05,0.000617463219543475,-1.249293085010602e-11,0.000617463219543474,0.0006174632070505438
2200,11.8,1.358419095959153,11.18253676202109,1.25429307721187e-05,0.0006174632379789092,-1.25429307721187e-11,0.0006174632379789103,0.0006174632254359788
2200,11.85,1.35841913640711,11.23253674358566,1.259293069413138e-05,0.000617463256414345,-1.259293069413138e-11,0.0006174632564143429,0.0006174632438214135
2200,11.9,1.358419176855067,11.28253672515022,1.264293061614406e-05,0.0006174632748497792,-1.264293061614406e-11,0.0006174632748497774,0.0006174632622068486
2200,11.95,1.358419217303024,11.33253670671479,1.269293053815673e-05,0.0006174632932852143,-1.269293053815674e-11,0.0006174632932852138,0.0006174632805922836
2200,12.0,1.358419257750981,11.38253668827935,1.274293046016941e-05,0.0006174633117206492,-1.274293046016941e-11,0.0006174633117206501,0.0006174632989777187
