case,frequency_real,frequency_imag,v(low)_real,v(low)_imag,v(high)_real,v(high)_imag,v(in)_real,v(in)_imag,i(vin)_real,i(vin)_imag,i(clp)_real,i(clp)_imag,i(rhp)_real,i(rhp)_imag,i(rlp)_real,i(rlp)_imag,i(chp)_real,i(chp)_imag
1,1.0,0.0,0.9999999960521582,-6.283185282374563e-05,3.947841744850288e-09,6.283185282374565e-05,1.0,0.0,-7.895683581274448e-12,-1.256637056474913e-07,3.947841744850287e-12,6.283185282374564e-08,3.947841744850288e-12,6.283185282374565e-08,3.947841831219989e-12,6.283185282374564e-08,3.947841744850288e-12,6.283185282374565e-08
1,1.039122303835169,0.0,0.9999999957372184,-6.528997963988044e-05,4.262781459547308e-09,6.528997963988044e-05,1.0,0.0,-8.525562993556361e-12,-1.305799592797609e-07,4.262781459547309e-12,6.528997963988044e-08,4.262781459547309e-12,6.528997963988044e-08,4.262781572172969e-12,6.528997963988044e-08,4.262781459547309e-12,6.528997963988044e-08
1,1.07977516232771,0.0,0.9999999953971543,-6.784427403767246e-05,4.602845540884985e-09,6.784427403767246e-05,1.0,0.0,-9.205691206262372e-12,-1.356885480753449e-07,4.602845540884985e-12,6.784427403767246e-08,4.602845540884985e-12,6.784427403767246e-08,4.602845660173216e-12,6.784427403767246e-08,4.602845540884985e-12,6.784427403767246e-08
1,1.122018454301963,0.0,0.9999999950299617,-7.049849831416423e-05,4.970038289253497e-09,7.049849831416423e-05,1.0,0.0,-9.940076559078279e-12,-1.409969966283284e-07,4.970038289253496e-12,7.049849831416422e-08,4.970038289253497e-12,7.049849831416422e-08,4.970038269824784e-12,7.049849831416422e-08,4.970038289253496e-12,7.049849831416422e-08
1,1.165914401179831,0.0,0.9999999946334762,-7.325656195608894e-05,5.366523898425876e-09,7.325656195608894e-05,1.0,0.0,-1.073304774699427e-11,-1.465131239121779e-07,5.366523898425876e-12,7.325656195608894e-08,5.366523898425876e-12,7.325656195608894e-08,5.366523780914179e-12,7.325656195608894e-08,5.366523898425876e-12,7.325656195608893e-08
1,1.211527658628588,0.0,0.9999999942053608,-7.612252739826573e-05,5.794639211077559e-09,7.612252739826573e-05,1.0,0.0,-1.158927850204835e-11,-1.522450547965315e-07,5.79463921107756e-12,7.612252739826572e-08,5.794639211077559e-12,7.612252739826572e-08,5.794639212908237e-12,7.612252739826572e-08,5.79463921107756e-12,7.612252739826572e-08
1,1.258925411794167,0.0,0.9999999937430925,-7.910061600727595e-05,6.25690749187941e-09,7.910061600727594e-05,1.0,0.0,-1.251381502736677e-11,-1.582012320145519e-07,6.256907491879412e-12,7.910061600727594e-08,6.256907491879411e-12,7.910061600727593e-08,6.25690754763042e-12,7.910061600727594e-08,6.25690749187941e-12,7.910061600727594e-08
1,1.308177474260194,0.0,0.9999999932439466,-8.219521429923425e-05,6.7560532993413e-09,8.219521429923425e-05,1.0,0.0,-1.351210669835927e-11,-1.643904285984685e-07,6.7560532993413e-12,8.219521429923425e-08,6.7560532993413e-12,8.219521429923425e-08,6.756053383405458e-12,8.219521429923425e-08,6.7560532993413e-12,8.219521429923427e-08
1,1.359356390878525,0.0,0.9999999927049815,-8.541088040081223e-05,7.295018544059145e-09,8.541088040081223e-05,1.0,0.0,-1.459003708295617e-11,-1.708217608016245e-07,7.295018544059145e-12,8.541088040081223e-08,7.295018544059145e-12,8.541088040081223e-08,7.295018478181703e-12,8.541088040081223e-08,7.295018544059145e-12,8.541088040081222e-08
1,1.412537544622754,0.0,0.9999999921230203,-8.875235076303169e-05,7.876979828011022e-09,8.875235076303169e-05,1.0,0.0,-1.575395949550092e-11,-1.775047015260634e-07,7.876979828011023e-12,8.87523507630317e-08,7.876979828011023e-12,8.87523507630317e-08,7.876979735144118e-12,8.87523507630317e-08,7.876979828011023e-12,8.875235076303168e-08
1,1.467799267622069,0.0,0.9999999914946328,-9.222454713771575e-05,8.505367167098025e-09,9.222454713771575e-05,1.0,0.0,-1.701073436756837e-11,-1.844490942754315e-07,8.505367167098025e-12,9.222454713771574e-08,8.505367167098025e-12,9.222454713771576e-08,8.505367188327284e-12,9.222454713771576e-08,8.505367167098025e-12,9.222454713771574e-08
1,1.525222956539018,0.0,0.9999999908161158,-9.583258382687431e-05,9.18388420727862e-09,9.58325838268743e-05,1.0,0.0,-1.836776832921689e-11,-1.916651676537486e-07,9.18388420727862e-12,9.58325838268743e-08,9.18388420727862e-12,9.58325838268743e-08,9.183884208674442e-12,9.583258382687431e-08,9.183884207278618e-12,9.58325838268743e-08
1,1.584893192461112,0.0,0.9999999900834701,-9.958177521570042e-05,9.916530053447855e-09,9.958177521570042e-05,1.0,0.0,-1.983305989031538e-11,-1.991635504314008e-07,9.916530053447855e-12,9.958177521570044e-08,9.916530053447855e-12,9.958177521570042e-08,9.916529930542595e-12,9.958177521570042e-08,9.916530053447855e-12,9.958177521570042e-08
1,1.646897865482867,0.0,0.9999999892923771,-0.0001034776436002741,1.070762283971854e-08,0.0001034776436002741,1.0,0.0,-2.141524577907011e-11,-2.069552872005483e-07,1.070762283971854e-11,1.034776436002741e-07,1.070762283971854e-11,1.034776436002741e-07,1.070762289945293e-11,1.034776436002741e-07,1.070762283971854e-11,1.034776436002741e-07
1,1.71132830416178,0.0,0.9999999884381748,-0.0001075259273215025,1.156182518002485e-08,0.0001075259273215025,1.0,0.0,-2.312365024507606e-11,-2.15051854643005e-07,1.156182518002485e-11,1.075259273215025e-07,1.156182518002485e-11,1.075259273215025e-07,1.156182516393045e-11,1.075259273215025e-07,1.156182518002485e-11,1.075259273215025e-07
1,1.778279410038921,0.0,0.9999999875158283,-0.0001117325892172765,1.248417164905119e-08,0.0001117325892172765,1.0,0.0,-2.496834333158754e-11,-2.23465178434553e-07,1.248417164905119e-11,1.117325892172765e-07,1.248417164905119e-11,1.117325892172765e-07,1.248417169641414e-11,1.117325892172765e-07,1.248417164905119e-11,1.117325892172765e-07
1,1.847849797422289,0.0,0.9999999865199016,-0.000116103825405294,1.348009845545605e-08,0.000116103825405294,1.0,0.0,-2.696019678643457e-11,-2.32207650810588e-07,1.348009845545605e-11,1.16103825405294e-07,1.348009845545605e-11,1.16103825405294e-07,1.348009837087716e-11,1.16103825405294e-07,1.348009845545605e-11,1.16103825405294e-07
1,1.9201419386388,0.0,0.9999999854445245,-0.0001206460744094853,1.455547548228094e-08,0.0001206460744094853,1.0,0.0,-2.91109510137418e-11,-2.412921488189706e-07,1.455547548228094e-11,1.206460744094853e-07,1.455547548228094e-11,1.206460744094853e-07,1.455547549156222e-11,1.206460744094853e-07,1.455547548228094e-11,1.206460744094853e-07
1,1.995262314968878,0.0,0.9999999842833591,-0.000125366026643483,1.571664088338728e-08,0.000125366026643483,1.0,0.0,-3.143328176274969e-11,-2.507320532869659e-07,1.571664088338728e-11,1.25366026643483e-07,1.571664088338728e-11,1.25366026643483e-07,1.57166408776277e-11,1.25366026643483e-07,1.571664088338728e-11,1.25366026643483e-07
1,2.073321573485953,0.0,0.9999999830295616,-0.0001302706342651042,1.697043843982832e-08,0.0001302706342651042,1.0,0.0,-3.394087673230511e-11,-2.605412685302083e-07,1.697043843982832e-11,1.302706342651042e-07,1.697043843982832e-11,1.302706342651042e-07,1.697043838788659e-11,1.302706342651042e-07,1.697043843982832e-11,1.302706342651042e-07
1,2.154434690031882,0.0,0.9999999816757422,-0.0001353671214163612,1.832425789633029e-08,0.0001353671214163612,1.0,0.0,-3.664851558914194e-11,-2.707342428327223e-07,1.832425789633029e-11,1.353671214163611e-07,1.832425789633029e-11,1.353671214163611e-07,1.83242577778131e-11,1.353671214163612e-07,1.832425789633029e-11,1.353671214163611e-07
1,2.238721138568337,0.0,0.9999999802139217,-0.0001406629948640802,1.978607851562116e-08,0.0001406629948640802,1.0,0.0,-3.957215689029676e-11,-2.813259897281604e-07,1.978607851562116e-11,1.406629948640802e-07,1.978607851562116e-11,1.406629948640802e-07,1.978607833130752e-11,1.406629948640802e-07,1.978607851562115e-11,1.406629948640802e-07
1,2.326305067153623,0.0,0.999999978635484,-0.0001461660550568036,2.136451610731107e-08,0.0001461660550568036,1.0,0.0,-4.272903216636361e-11,-2.923321101136071e-07,2.136451610731108e-11,1.461660550568036e-07,2.136451610731108e-11,1.461660550568036e-07,2.136451604517475e-11,1.461660550568036e-07,2.136451610731108e-11,1.461660550568035e-07
1,2.417315480804101,0.0,0.9999999769311262,-0.0001518844076142586,2.306887380850718e-08,0.0001518844076142586,1.0,0.0,-4.613774765961086e-11,-3.037688152285171e-07,2.306887380850718e-11,1.518844076142586e-07,2.306887380850718e-11,1.518844076142586e-07,2.306887381120504e-11,1.518844076142586e-07,2.306887380850718e-11,1.518844076142586e-07
1,2.511886431509577,0.0,0.9999999750908031,-0.0001578264752663165,2.490919691545731e-08,0.0001578264752663165,1.0,0.0,-4.981839379941441e-11,-3.156529505326331e-07,2.490919691545731e-11,1.578264752663165e-07,2.490919691545731e-11,1.578264752663165e-07,2.490919692732518e-11,1.578264752663165e-07,2.490919691545731e-11,1.578264752663165e-07
1,2.610157215682533,0.0,0.999999973103668,-0.0001640010102590269,2.689633208939414e-08,0.000164001010259027,1.0,0.0,-5.379266403922135e-11,-3.280020205180539e-07,2.689633208939414e-11,1.64001010259027e-07,2.689633208939414e-11,1.64001010259027e-07,2.689633205044117e-11,1.640010102590269e-07,2.689633208939414e-11,1.64001010259027e-07
1,2.712272579332025,0.0,0.9999999709580087,-0.0001704171072459983,2.904199128553133e-08,0.0001704171072459983,1.0,0.0,-5.808398253663385e-11,-3.408342144919965e-07,2.904199128553133e-11,1.704171072459983e-07,2.904199128553133e-11,1.704171072459983e-07,2.904199125630669e-11,1.704171072459983e-07,2.904199128553133e-11,1.704171072459983e-07
1,2.81838293126445,0.0,0.9999999686411792,-0.0001770842166841129,3.135882078200148e-08,0.0001770842166841129,1.0,0.0,-6.271764148708393e-11,-3.541684333682257e-07,3.135882078200148e-11,1.770842166841129e-07,3.135882078200148e-11,1.770842166841129e-07,3.135882076232832e-11,1.770842166841129e-07,3.135882078200148e-11,1.770842166841129e-07
1,2.928644564625232,0.0,0.9999999661395242,-0.0001840121587533067,3.386047571558397e-08,0.0001840121587533067,1.0,0.0,-6.772095155371342e-11,-3.680243175066134e-07,3.386047571558397e-11,1.840121587533067e-07,3.386047571558397e-11,1.840121587533067e-07,3.386047575659746e-11,1.840121587533067e-07,3.386047571558397e-11,1.840121587533067e-07
1,3.043219887107717,0.0,0.9999999634382994,-0.0001912111378209146,3.656170056352676e-08,0.0001912111378209146,1.0,0.0,-7.312340106227351e-11,-3.824222756418293e-07,3.656170056352676e-11,1.912111378209147e-07,3.656170056352676e-11,1.912111378209147e-07,3.656170055599262e-11,1.912111378209147e-07,3.656170056352676e-11,1.912111378209147e-07
1,3.162277660168374,0.0,0.9999999605215841,-0.0001986917574718855,3.94784160458119e-08,0.0001986917574718855,1.0,0.0,-7.895683180796829e-11,-3.97383514943771e-07,3.94784160458119e-11,1.986917574718855e-07,3.94784160458119e-11,1.986917574718855e-07,3.947841586970924e-11,1.986917574718855e-07,3.94784160458119e-11,1.986917574718855e-07
1,3.285993247600649,0.0,0.999999957372187,-0.000206465036127004,4.262781296005551e-08,0.000206465036127004,1.0,0.0,-8.525562591490125e-11,-4.129300722540081e-07,4.262781296005552e-11,2.06465036127004e-07,4.262781296005551e-11,2.06465036127004e-07,4.262781294617213e-11,2.06465036127004e-07,4.262781296005552e-11,2.06465036127004e-07
1,3.414548873833596,0.0,0.9999999539715466,-0.0002145424232721221,4.602845350209293e-08,0.0002145424232721221,1.0,0.0,-9.205690690326027e-11,-4.290848465442442e-07,4.602845350209293e-11,2.145424232721221e-07,4.602845350209293e-11,2.145424232721221e-07,4.602845338208539e-11,2.145424232721221e-07,4.602845350209293e-11,2.145424232721221e-07
1,3.548133892335748,0.0,0.9999999502996193,-0.0002229358163223034,4.970038066941965e-08,0.0002229358163223034,1.0,0.0,-9.940076141610357e-11,-4.458716326446069e-07,4.970038066941965e-11,2.229358163223034e-07,4.970038066941965e-11,2.229358163223034e-07,4.970038069984639e-11,2.229358163223034e-07,4.970038066941965e-11,2.229358163223034e-07
1,3.686945064519569,0.0,0.9999999463347635,-0.0002316575781457171,5.366523639229663e-08,0.0002316575781457171,1.0,0.0,-1.073304729264167e-10,-4.633151562914342e-07,5.366523639229663e-11,2.316575781457171e-07,5.366523639229663e-11,2.316575781457171e-07,5.366523647687416e-11,2.316575781457171e-07,5.366523639229663e-11,2.316575781457171e-07
1,3.831186849557281,0.0,0.9999999420536109,-0.0002407205552730918,5.794638908876964e-08,0.0002407205552730918,1.0,0.0,-1.158927783121902e-10,-4.814411105461836e-07,5.794638908876964e-11,2.407205552730918e-07,5.794638908876964e-11,2.407205552730918e-07,5.79463891314802e-11,2.407205552730918e-07,5.794638908876964e-11,2.407205552730918e-07
1,3.981071705534965,0.0,0.9999999374309285,-0.0002501380968195472,6.256907139539388e-08,0.0002501380968195472,1.0,0.0,-1.251381428471396e-10,-5.002761936390944e-07,6.25690713953939e-11,2.501380968195472e-07,6.256907139539388e-11,2.501380968195472e-07,6.256907147950131e-11,2.501380968195472e-07,6.25690713953939e-11,2.501380968195473e-07
1,4.136820402388499,0.0,0.9999999324394709,-0.0002599240741466724,6.756052888542996e-08,0.0002599240741466724,1.0,0.0,-1.351210578882797e-10,-5.198481482933449e-07,6.756052888542995e-11,2.599240741466725e-07,6.756052888542995e-11,2.599240741466725e-07,6.756052906009558e-11,2.599240741466725e-07,6.756052888542995e-11,2.599240741466725e-07
1,4.298662347082268,0.0,0.9999999270498192,-0.0002700929012938068,7.29501806510349e-08,0.0002700929012938068,1.0,0.0,-1.45900361486356e-10,-5.401858025876135e-07,7.295018065103491e-11,2.700929012938068e-07,7.295018065103491e-11,2.700929012938068e-07,7.295018078501414e-11,2.700929012938068e-07,7.295018065103491e-11,2.700929012938068e-07
1,4.466835921509622,0.0,0.9999999212302073,-0.0002806595562086157,7.876979269589733e-08,0.0002806595562086157,1.0,0.0,-1.575395854676685e-10,-5.613191124172314e-07,7.876979269589734e-11,2.806595562086156e-07,7.876979269589733e-11,2.806595562086157e-07,7.876979268850448e-11,2.806595562086157e-07,7.876979269589734e-11,2.806595562086156e-07
1,4.641588833612769,0.0,0.9999999149463348,-0.0002916396028082266,8.505366516026613e-08,0.0002916396028082266,1.0,0.0,-1.701073304429161e-10,-5.832792056164532e-07,8.505366516026614e-11,2.916396028082266e-07,8.505366516026614e-11,2.916396028082266e-07,8.50536652219347e-11,2.916396028082266e-07,8.505366516026612e-11,2.916396028082266e-07
1,4.823178482239296,0.0,0.9999999081611655,-0.0003030492139034177,9.183883448185094e-08,0.0003030492139034177,1.0,0.0,-1.836776689791801e-10,-6.060984278068354e-07,9.183883448185095e-11,3.030492139034177e-07,9.183883448185095e-11,3.030492139034177e-07,9.183883453722786e-11,3.030492139034177e-07,9.183883448185093e-11,3.030492139034177e-07
1,5.011872336272711,0.0,0.9999999008347082,-0.0003149051950196165,9.916529168409783e-08,0.0003149051950196166,1.0,0.0,-1.983305835475601e-10,-6.298103900392332e-07,9.916529168409783e-11,3.149051950196166e-07,9.916529168409784e-11,3.149051950196166e-07,9.916529175590938e-11,3.149051950196165e-07,9.916529168409784e-11,3.149051950196166e-07
1,5.207948328595451,0.0,0.9999998929237819,-0.0003272250091497941,1.070762180783993e-07,0.0003272250091497941,1.0,0.0,-2.141524361962124e-10,-6.544500182995882e-07,1.070762180783993e-10,3.272250091497941e-07,1.070762180783993e-10,3.272250091497941e-07,1.070762181143437e-10,3.272250091497941e-07,1.070762180783993e-10,3.272250091497941e-07
1,5.411695265464624,0.0,0.9999998843817604,-0.0003400268024757017,1.156182397694272e-07,0.0003400268024757017,1.0,0.0,-2.312364793610772e-10,-6.800536049514033e-07,1.156182397694272e-10,3.400268024757017e-07,1.156182397694272e-10,3.400268024757017e-07,1.156182396488958e-10,3.400268024757017e-07,1.156182397694272e-10,3.400268024757016e-07
1,5.623413251903477,0.0,0.9999998751582975,-0.0003533294310953357,1.248417024636043e-07,0.0003533294310953357,1.0,0.0,-2.496834049774991e-10,-7.066588621906715e-07,1.248417024636043e-10,3.533294310953357e-07,1.248417024636043e-10,3.533294310953357e-07,1.248417025312421e-10,3.533294310953357e-07,1.248417024636043e-10,3.533294310953358e-07
1,5.843414133735162,0.0,0.9999998651990318,-0.0003671524887959853,1.348009682003872e-07,0.0003671524887959854,1.0,0.0,-2.696019363313419e-10,-7.343049775919707e-07,1.348009682003872e-10,3.671524887959854e-07,1.348009682003872e-10,3.671524887959854e-07,1.348009681656492e-10,3.671524887959853e-07,1.348009682003872e-10,3.671524887959854e-07
1,6.07202195690987,0.0,0.9999998544452641,-0.0003815163359137617,1.455547357552434e-07,0.0003815163359137617,1.0,0.0,-2.911094717710533e-10,-7.630326718275236e-07,1.455547357552434e-10,3.815163359137617e-07,1.455547357552434e-10,3.815163359137617e-07,1.455547359308085e-10,3.815163359137618e-07,1.455547357552434e-10,3.815163359137618e-07
1,6.309573444801917,0.0,0.9999998428336132,-0.0003964421293221121,1.571663866027233e-07,0.000396442129322112,1.0,0.0,-3.143327734954637e-10,-7.928842586442242e-07,1.571663866027233e-10,3.96442129322112e-07,1.571663866027233e-10,3.96442129322112e-07,1.571663867938611e-10,3.964421293221121e-07,1.571663866027233e-10,3.964421293221121e-07
1,6.556418494179772,0.0,0.9999998302956415,-0.0004119518535934717,1.697043584786664e-07,0.0004119518535934717,1.0,0.0,-3.394087169004653e-10,-8.239037071869434e-07,1.697043584786664e-10,4.119518535934717e-07,1.697043584786664e-10,4.119518535934717e-07,1.697043584547586e-10,4.119518535934717e-07,1.697043584786664e-10,4.119518535934717e-07
1,6.812920690579594,0.0,0.9999998167574512,-0.0004280683533799445,1.832425487432487e-07,0.0004280683533799445,1.0,0.0,-3.664850974821088e-10,-8.561367067598891e-07,1.832425487432487e-10,4.280683533799445e-07,1.832425487432487e-10,4.280683533799446e-07,1.832425488013101e-10,4.280683533799446e-07,1.832425487432487e-10,4.280683533799446e-07
1,7.07945784384136,0.0,0.99999980213925,-0.0004448153670606935,1.978607499222158e-07,0.0004448153670606934,1.0,0.0,-3.957214998418641e-10,-8.896307341213869e-07,1.978607499222158e-10,4.448153670606935e-07,1.978607499222158e-10,4.448153670606934e-07,1.978607500063845e-10,4.448153670606935e-07,1.978607499222158e-10,4.448153670606935e-07
1,7.356422544596393,0.0,0.9999997863548801,-0.0004622175617055797,2.136451199932886e-07,0.0004622175617055797,1.0,0.0,-4.272902398178123e-10,-9.244351234111594e-07,2.136451199932887e-10,4.622175617055797e-07,2.136451199932886e-10,4.622175617055797e-07,2.136451199286071e-10,4.622175617055797e-07,2.136451199932887e-10,4.622175617055796e-07
1,7.644222742525981,0.0,0.9999997693113097,-0.000480300569406538,2.306886901895164e-07,0.000480300569406538,1.0,0.0,-4.613773803451363e-10,-9.60601138813076e-07,2.306886901895164e-10,4.80300569406538e-07,2.306886901895164e-10,4.80300569406538e-07,2.30688690261438e-10,4.80300569406538e-07,2.306886901895164e-10,4.80300569406538e-07
1,7.943282347242792,0.0,0.9999997509080867,-0.0004990910250301795,2.490919133124566e-07,0.0004990910250301795,1.0,0.0,-4.981838266408763e-10,-9.981820500603593e-07,2.490919133124566e-10,4.990910250301795e-07,2.490919133124565e-10,4.990910250301795e-07,2.490919133180114e-10,4.990910250301795e-07,2.490919133124566e-10,4.990910250301795e-07
1,8.25404185268016,0.0,0.9999997310367442,-0.0005186166054472055,2.689632557868153e-07,0.0005186166054472053,1.0,0.0,-5.379265115339996e-10,-1.037233210894411e-06,2.689632557868153e-10,5.186166054472054e-07,2.689632557868153e-10,5.186166054472053e-07,2.689632557784094e-10,5.186166054472054e-07,2.689632557868153e-10,5.186166054472054e-07
1,8.576958985908915,0.0,0.9999997095801632,-0.0005389060702963896,2.904198369459789e-07,0.0005389060702963896,1.0,0.0,-5.808396737796924e-10,-1.077812140592779e-06,2.904198369459789e-10,5.389060702963897e-07,2.904198369459789e-10,5.389060702963896e-07,2.904198368458566e-10,5.389060702963896e-07,2.904198369459789e-10,5.389060702963897e-07
1,8.912509381337427,0.0,0.9999996864118806,-0.0005599893043431476,3.135881193162309e-07,0.0005599893043431475,1.0,0.0,-6.271762387635198e-10,-1.119978608686295e-06,3.135881193162309e-10,5.599893043431475e-07,3.135881193162309e-10,5.599893043431474e-07,3.135881193605528e-10,5.599893043431475e-07,3.135881193162308e-10,5.599893043431475e-07
1,9.261187281287906,0.0,0.999999661395346,-0.0005818973614950449,3.386046539680066e-07,0.0005818973614950449,1.0,0.0,-6.772093080490521e-10,-1.16379472299009e-06,3.386046539680066e-10,5.818973614950449e-07,3.386046539680066e-10,5.818973614950449e-07,3.386046539821664e-10,5.818973614950449e-07,3.386046539680066e-10,5.818973614950449e-07
1,9.623506263980856,0.0,0.9999996343831146,-0.0006046625105390476,3.656168853270908e-07,0.0006046625105390477,1.0,0.0,-7.312337708354789e-10,-1.209325021078095e-06,3.656168853270908e-10,6.046625105390477e-07,3.656168853270908e-10,6.046625105390477e-07,3.656168854337949e-10,6.046625105390476e-07,3.656168853270908e-10,6.046625105390478e-07
1,9.999999999999968,0.0,0.9999996052159797,-0.0006283182826678411,3.947840201890877e-07,0.0006283182826678411,1.0,0.0,-7.89568040333816e-10,-1.256636565335682e-06,3.947840201890877e-10,6.28318282667841e-07,3.947840201890877e-10,6.28318282667841e-07,3.947840202522812e-10,6.28318282667841e-07,3.947840201890877e-10,6.283182826678411e-07
1,10.39122303835166,0.0,0.999999573722034,-0.0006528995208651732,4.262779660588771e-07,0.0006528995208651731,1.0,0.0,-8.525559321096469e-10,-1.305799041730346e-06,4.262779660588771e-10,6.528995208651732e-07,4.262779660588771e-10,6.528995208651731e-07,4.262779660368921e-10,6.528995208651732e-07,4.26277966058877e-10,6.528995208651732e-07
1,10.79775162327706,0.0,0.9999995397156557,-0.0006784424312229161,4.60284344345339e-07,0.0006784424312229161,1.0,0.0,-9.205686886216321e-10,-1.356884862445832e-06,4.602843443453389e-10,6.784424312229161e-07,4.60284344345339e-10,6.784424312229161e-07,4.602843443057836e-10,6.784424312229161e-07,4.602843443453389e-10,6.784424312229161e-07
1,11.2201845430196,0.0,0.9999995029964157,-0.0007049846362653772,4.97003584382789e-07,0.0007049846362653772,1.0,0.0,-9.94007168720821e-10,-1.409969272530754e-06,4.970035843827889e-10,7.049846362653771e-07,4.970035843827889e-10,7.049846362653772e-07,4.970035842877252e-10,7.049846362653772e-07,4.970035843827889e-10,7.049846362653771e-07
1,11.65914401179828,0.0,0.9999994633478954,-0.0007325652303593343,5.36652104726906e-07,0.0007325652303593343,1.0,0.0,-1.073304209425904e-09,-1.465130460718669e-06,5.36652104726906e-10,7.325652303593343e-07,5.36652104726906e-10,7.325652303593343e-07,5.366521046434869e-10,7.325652303593343e-07,5.36652104726906e-10,7.325652303593342e-07
1,12.11527658628584,0.0,0.9999994205364112,-0.0007612248372913488,5.794635886872912e-07,0.0007612248372913489,1.0,0.0,-1.158927177561729e-09,-1.522449674582698e-06,5.794635886872912e-10,7.61224837291349e-07,5.794635886872912e-10,7.61224837291349e-07,5.794635887790278e-10,7.612248372913488e-07,5.794635886872913e-10,7.61224837291349e-07
1,12.58925411794163,0.0,0.9999993743096384,-0.0007910056700970758,6.256903616141525e-07,0.0007910056700970758,1.0,0.0,-1.251380723332223e-09,-1.582011340194152e-06,6.256903616141526e-10,7.910056700970759e-07,6.256903616141526e-10,7.910056700970759e-07,6.25690361633069e-10,7.910056700970759e-07,6.256903616141526e-10,7.910056700970759e-07
1,13.08177474260189,0.0,0.999999324395122,-0.0008219515932306112,6.756048780562914e-07,0.0008219515932306112,1.0,0.0,-1.351209756087963e-09,-1.643903186461223e-06,6.756048780562915e-10,8.219515932306113e-07,6.756048780562915e-10,8.219515932306113e-07,6.756048780420798e-10,8.219515932306113e-07,6.756048780562915e-10,8.219515932306113e-07
1,13.59356390878521,0.0,0.9999992704986724,-0.0008541081871653483,7.295013275550645e-07,0.0008541081871653483,1.0,0.0,-1.459002655173033e-09,-1.708216374330697e-06,7.295013275550646e-10,8.541081871653483e-07,7.295013275550646e-10,8.541081871653484e-07,7.29501327567661e-10,8.541081871653484e-07,7.295013275550646e-10,8.541081871653483e-07
1,14.12537544622749,0.0,0.9999992123026313,-0.0008875228155213815,7.876973685381446e-07,0.0008875228155213814,1.0,0.0,-1.575394737241216e-09,-1.775045631042763e-06,7.876973685381446e-10,8.875228155213814e-07,7.876973685381445e-10,8.875228155213814e-07,7.87697368664908e-10,8.875228155213815e-07,7.876973685381445e-10,8.875228155213815e-07
1,14.67799267622064,0.0,0.9999991494639994,-0.0009222446948182097,8.50536000531821e-07,0.0009222446948182097,1.0,0.0,-1.701072001102294e-09,-1.84448938963642e-06,8.50536000531821e-10,9.222446948182096e-07,8.50536000531821e-10,9.222446948182098e-07,8.505360006294538e-10,9.222446948182098e-07,8.50536000531821e-10,9.222446948182098e-07
1,15.25222956539013,0.0,0.9999990816124144,-0.0009583249669553326,9.18387585725697e-07,0.0009583249669553326,1.0,0.0,-1.836775171323788e-09,-1.916649933910665e-06,9.18387585725697e-10,9.583249669553326e-07,9.18387585725697e-10,9.583249669553326e-07,9.183875856466628e-10,9.583249669553326e-07,9.18387585725697e-10,9.583249669553326e-07
1,15.84893192461107,0.0,0.9999990083479683,-0.0009958167745273507,9.916520318038086e-07,0.0009958167745273507,1.0,0.0,-1.983304063561054e-09,-1.991633549054702e-06,9.916520318038087e-10,9.958167745273508e-07,9.916520318038085e-10,9.958167745273508e-07,9.916520317121424e-10,9.958167745273508e-07,9.916520318038087e-10,9.958167745273508e-07
1,16.46897865482862,0.0,0.999998929238851,-0.001034775339084317,1.070761148906501e-06,0.001034775339084317,1.0,0.0,-2.141522297924164e-09,-2.069550678168633e-06,1.070761148906501e-09,1.034775339084317e-06,1.070761148906501e-09,1.034775339084317e-06,1.07076114896909e-09,1.034775339084317e-06,1.070761148906501e-09,1.034775339084317e-06
1,17.11328304161774,0.0,0.9999988438188053,-0.001075258042452416,1.156181194613557e-06,0.001075258042452416,1.0,0.0,-2.31236238923405e-09,-2.150516084904833e-06,1.156181194613557e-09,1.075258042452416e-06,1.156181194613557e-09,1.075258042452416e-06,1.156181194672534e-09,1.075258042452416e-06,1.156181194613557e-09,1.075258042452417e-06
1,17.78279410038916,0.0,0.9999987515843782,-0.001117324511234534,1.248415621947055e-06,0.001117324511234534,1.0,0.0,-2.496831243694711e-09,-2.234649022469067e-06,1.248415621947055e-09,1.117324511234534e-06,1.248415621947055e-09,1.117324511234534e-06,1.248415621768473e-09,1.117324511234534e-06,1.248415621947055e-09,1.117324511234534e-06
1,18.47849797422283,0.0,0.9999986519919535,-0.001161036704614917,1.348008046588759e-06,0.001161036704614917,1.0,0.0,-2.696016093138271e-09,-2.322073409229833e-06,1.348008046588759e-09,1.161036704614917e-06,1.348008046588759e-09,1.161036704614917e-06,1.348008046520022e-09,1.161036704614917e-06,1.348008046588759e-09,1.161036704614917e-06
1,19.20141938638794,0.0,0.9999985444545493,-0.001206459005596986,1.455545450798629e-06,0.001206459005596986,1.0,0.0,-2.911090901459862e-09,-2.412918011193973e-06,1.455545450798629e-09,1.206459005596987e-06,1.455545450798629e-09,1.206459005596986e-06,1.455545450723683e-09,1.206459005596986e-06,1.455545450798629e-09,1.206459005596986e-06
1,19.95262314968871,0.0,0.9999984283383571,-0.001253658315808369,1.571661642915796e-06,0.001253658315808369,1.0,0.0,-3.143323285759298e-09,-2.507316631616738e-06,1.571661642915796e-09,1.253658315808369e-06,1.571661642915796e-09,1.253658315808369e-06,1.571661642940647e-09,1.253658315808369e-06,1.571661642915796e-09,1.253658315808369e-06
1,20.73321573485946,0.0,0.9999983029590072,-0.001302704154012433,1.697040992829381e-06,0.001302704154012433,1.0,0.0,-3.394081985587337e-09,-2.605408308024866e-06,1.697040992829381e-09,1.302704154012433e-06,1.697040992829381e-09,1.302704154012433e-06,1.697040992842958e-09,1.302704154012433e-06,1.69704099282938e-09,1.302704154012433e-06
1,21.54434690031875,0.0,0.9999981675775345,-0.001353668758471039,1.832422465432616e-06,0.001353668758471039,1.0,0.0,-3.664844930932921e-09,-2.707337516942078e-06,1.832422465432616e-09,1.353668758471039e-06,1.832422465432616e-09,1.353668758471039e-06,1.832422465541939e-09,1.353668758471039e-06,1.832422465432616e-09,1.353668758471039e-06
1,22.3872113856833,0.0,0.999998021396024,-0.001406627193308824,1.978603975829553e-06,0.001406627193308824,1.0,0.0,-3.957207951802656e-09,-2.813254386617648e-06,1.978603975829553e-09,1.406627193308824e-06,1.978603975829553e-09,1.406627193308824e-06,1.97860397599392e-09,1.406627193308824e-06,1.978603975829553e-09,1.406627193308824e-06
1,23.26305067153616,0.0,0.999997863552908,-0.001461657459035203,2.136447091959422e-06,0.001461657459035203,1.0,0.0,-4.272894183897352e-09,-2.923314918070406e-06,2.136447091959422e-09,1.461657459035203e-06,2.136447091959422e-09,1.461657459035203e-06,2.136447092015992e-09,1.461657459035203e-06,2.136447091959422e-09,1.461657459035203e-06
1,24.17315480804093,0.0,0.9999976931178877,-0.001518840607386292,2.306882112350641e-06,0.001518840607386292,1.0,0.0,-4.613764224769003e-09,-3.037681214772584e-06,2.30688211235064e-09,1.518840607386292e-06,2.30688211235064e-09,1.518840607386292e-06,2.306882112335096e-09,1.518840607386292e-06,2.30688211235064e-09,1.518840607386292e-06
1,25.11886431509569,0.0,0.999997509086451,-0.001578260860655315,2.490913548926763e-06,0.001578260860655315,1.0,0.0,-4.98182709791925e-09,-3.156521721310629e-06,2.490913548926762e-09,1.578260860655315e-06,2.490913548926763e-09,1.578260860655315e-06,2.490913548980345e-09,1.578260860655315e-06,2.490913548926762e-09,1.578260860655315e-06
1,26.10157215682525,0.0,0.9999973103739528,-0.001640005735686514,2.689626047172936e-06,0.001640005735686514,1.0,0.0,-5.379252094444416e-09,-3.280011471373027e-06,2.689626047172936e-09,1.640005735686514e-06,2.689626047172936e-09,1.640005735686514e-06,2.689626047214233e-09,1.640005735686514e-06,2.689626047172936e-09,1.640005735686514e-06
1,27.12272579332016,0.0,0.9999970958092214,-0.001704166172714442,2.904190778548269e-06,0.001704166172714442,1.0,0.0,-5.808381557253356e-09,-3.408332345428885e-06,2.904190778548268e-09,1.704166172714442e-06,2.904190778548268e-09,1.704166172714442e-06,2.904190778640903e-09,1.704166172714442e-06,2.904190778548269e-09,1.704166172714442e-06
1,28.18382931264441,0.0,0.9999968641276572,-0.001770836669237498,3.135872342811506e-06,0.001770836669237498,1.0,0.0,-6.271744685641019e-09,-3.541673338474996e-06,3.135872342811506e-09,1.770836669237498e-06,3.135872342811506e-09,1.770836669237498e-06,3.135872342796553e-09,1.770836669237498e-06,3.135872342811506e-09,1.770836669237498e-06
1,29.28644564625223,0.0,0.999996613963779,-0.001840115419121898,3.386036220931449e-06,0.001840115419121898,1.0,0.0,-6.772072441871946e-09,-3.680230838243797e-06,3.386036220931449e-09,1.840115419121899e-06,3.386036220931449e-09,1.840115419121899e-06,3.386036220964783e-09,1.840115419121898e-06,3.386036220931449e-09,1.840115419121899e-06
1,30.43219887107707,0.0,0.9999963438431776,-0.00191210445713987,3.656156822496869e-06,0.00191210445713987,1.0,0.0,-7.312313644888199e-09,-3.82420891427974e-06,3.656156822496869e-09,1.91210445713987e-06,3.656156822496869e-09,1.91210445713987e-06,3.656156822406942e-09,1.91210445713987e-06,3.656156822496869e-09,1.91210445713987e-06
1,31.62277660168364,0.0,0.9999960521738249,-0.001986909809153692,3.947826175042669e-06,0.001986909809153692,1.0,0.0,-7.895652350166446e-09,-3.973819618307385e-06,3.947826175042669e-09,1.986909809153692e-06,3.947826175042669e-09,1.986909809153692e-06,3.947826175076941e-09,1.986909809153692e-06,3.947826175042669e-09,1.986909809153692e-06
1,32.85993247600639,0.0,0.9999957372366935,-0.002064641648165391,4.262763306490107e-06,0.002064641648165391,1.0,0.0,-8.525526612892236e-09,-4.129283296330782e-06,4.262763306490108e-09,2.064641648165391e-06,4.262763306490108e-09,2.064641648165391e-06,4.262763306450701e-09,2.064641648165391e-06,4.262763306490108e-09,2.064641648165391e-06
1,34.14548873833585,0.0,0.9999953971756239,-0.002145414456460368,4.602824375981373e-06,0.002145414456460368,1.0,0.0,-9.205648751964901e-09,-4.290828912920735e-06,4.602824375981373e-09,2.145414456460368e-06,4.602824375981373e-09,2.145414456460368e-06,4.602824376087611e-09,2.145414456460368e-06,4.602824375981373e-09,2.145414456460368e-06
1,35.48133892335737,0.0,0.9999950299863871,-0.002229347194082012,4.970013612796652e-06,0.002229347194082012,1.0,0.0,-9.940027225695628e-09,-4.458694388164024e-06,4.970013612796652e-09,2.229347194082012e-06,4.970013612796652e-09,2.229347194082012e-06,4.97001361288163e-09,2.229347194082012e-06,4.970013612796651e-09,2.229347194082012e-06
1,36.86945064519557,0.0,0.9999946335048722,-0.002316563473883446,5.366495127800895e-06,0.002316563473883446,1.0,0.0,-1.07329902556369e-08,-4.633126947766892e-06,5.366495127800895e-09,2.316563473883446e-06,5.366495127800895e-09,2.316563473883446e-06,5.36649512783427e-09,2.316563473883446e-06,5.366495127800895e-09,2.316563473883446e-06
1,38.31186849557268,0.0,0.9999942053943331,-0.002407191743412042,5.794605667005941e-06,0.002407191743412042,1.0,0.0,-1.15892113338316e-08,-4.814383486824083e-06,5.794605667005942e-09,2.407191743412042e-06,5.794605667005941e-09,2.407191743412042e-06,5.794605666853415e-09,2.407191743412042e-06,5.794605667005942e-09,2.407191743412042e-06
1,39.81071705534952,0.0,0.9999937431316178,-0.002501365473892088,6.256868382381341e-06,0.002501365473892088,1.0,0.0,-1.251373676450932e-08,-5.002730947784176e-06,6.256868382381341e-09,2.501365473892088e-06,6.256868382381341e-09,2.501365473892088e-06,6.256868382181757e-09,2.501365473892088e-06,6.256868382381341e-09,2.501365473892087e-06
1,41.36820402388486,0.0,0.9999932439922988,-0.002599223356581155,6.756007701037062e-06,0.002599223356581155,1.0,0.0,-1.35120154022345e-08,-5.19844671316231e-06,6.756007701037062e-09,2.599223356581155e-06,6.756007701037062e-09,2.599223356581155e-06,6.756007701169687e-09,2.599223356581155e-06,6.756007701037062e-09,2.599223356581155e-06
1,42.98662347082254,0.0,0.9999927050346197,-0.002700909506786253,7.294965380368259e-06,0.002700909506786253,1.0,0.0,-1.458993076061593e-08,-5.401819013572504e-06,7.294965380368259e-09,2.700909506786253e-06,7.294965380368259e-09,2.700909506786253e-06,7.294965380322261e-09,2.700909506786253e-06,7.294965380368259e-09,2.700909506786253e-06
1,44.66835921509607,0.0,0.9999921230821563,-0.002806573675836711,7.876917843734302e-06,0.002806573675836711,1.0,0.0,-1.575383568741424e-08,-5.613147351673422e-06,7.876917843734302e-09,2.806573675836711e-06,7.876917843734302e-09,2.80657367583671e-06,7.876917843652187e-09,2.80657367583671e-06,7.876917843734302e-09,2.80657367583671e-06
1,46.41588833612754,0.0,0.9999914947051011,-0.002916371471322078,8.505294898782618e-06,0.002916371471322078,1.0,0.0,-1.701058979771321e-08,-5.832742942644156e-06,8.505294898782619e-09,2.916371471322078e-06,8.505294898782619e-09,2.916371471322078e-06,8.505294898930593e-09,2.916371471322078e-06,8.505294898782619e-09,2.916371471322078e-06
1,48.2317848223928,0.0,0.9999908162000513,-0.003030464585914952,9.183799948666176e-06,0.003030464585914951,1.0,0.0,-1.836759989748458e-08,-6.060929171829904e-06,9.183799948666178e-09,3.030464585914952e-06,9.183799948666176e-09,3.030464585914951e-06,9.183799948742078e-09,3.030464585914952e-06,9.183799948666176e-09,3.030464585914952e-06
1,50.11872336272695,0.0,0.999990083568185,-0.0031490210351108,9.916431815190238e-06,0.0031490210351108,1.0,0.0,-1.983286363020671e-08,-6.2980420702216e-06,9.916431815190238e-09,3.1490210351108e-06,9.916431815190238e-09,3.1490210351108e-06,9.916431815026884e-09,3.1490210351108e-06,9.916431815190238e-09,3.1490210351108e-06
1,52.07948328595435,0.0,0.9999892924916977,-0.003272215404229358,1.070750830240995e-05,0.003272215404229359,1.0,0.0,-2.141501660472901e-08,-6.544430808458716e-06,1.070750830240995e-08,3.272215404229358e-06,1.070750830240995e-08,3.272215404229358e-06,1.070750830234335e-08,3.272215404229358e-06,1.070750830240995e-08,3.272215404229358e-06
1,54.11695265464607,0.0,0.9999884383083605,-0.003400229105035116,1.156169163944147e-05,0.003400229105035116,1.0,0.0,-2.312338327888705e-08,-6.800458210070232e-06,1.156169163944147e-08,3.400229105035116e-06,1.156169163944147e-08,3.400229105035116e-06,1.15616916395167e-08,3.400229105035116e-06,1.156169163944147e-08,3.400229105035116e-06
1,56.2341325190346,0.0,0.9999875159840478,-0.00353325064234783,1.248401595230565e-05,0.003533250642347831,1.0,0.0,-2.49680319045956e-08,-7.066501284695661e-06,1.248401595230565e-08,3.533250642347831e-06,1.248401595230565e-08,3.533250642347831e-06,1.248401595221882e-08,3.53325064234783e-06,1.248401595230566e-08,3.53325064234783e-06
1,58.43414133735143,0.0,0.9999865200830734,-0.003671475891027863,1.347991692655918e-05,0.003671475891027863,1.0,0.0,-2.695983385316701e-08,-7.342951782055725e-06,1.347991692655919e-08,3.671475891027863e-06,1.347991692655919e-08,3.671475891027863e-06,1.347991692657313e-08,3.671475891027863e-06,1.347991692655919e-08,3.671475891027863e-06
1,60.7202195690985,0.0,0.9999854447361647,-0.003815108383735432,1.455526383535369e-05,0.003815108383735431,1.0,0.0,-2.911052767070252e-08,-7.630216767470862e-06,1.455526383535369e-08,3.815108383735431e-06,1.455526383535369e-08,3.815108383735431e-06,1.455526383531414e-08,3.815108383735432e-06,1.455526383535369e-08,3.815108383735431e-06
1,63.09573444801896,0.0,0.9999842836058784,-0.003964359609877675,1.571639412147366e-05,0.003964359609877675,1.0,0.0,-3.143278824314367e-08,-7.92871921975535e-06,1.571639412147366e-08,3.964359609877675e-06,1.571639412147366e-08,3.964359609877675e-06,1.571639412156767e-08,3.964359609877675e-06,1.571639412147366e-08,3.964359609877675e-06
1,65.5641849417975,0.0,0.999983029849263,-0.004119449326172689,1.697015073692066e-05,0.004119449326172689,1.0,0.0,-3.394030147382783e-08,-8.238898652345378e-06,1.697015073692066e-08,4.119449326172689e-06,1.697015073692066e-08,4.119449326172689e-06,1.697015073698349e-08,4.119449326172689e-06,1.697015073692066e-08,4.11944932617269e-06
1,68.12920690579573,0.0,0.9999816760775402,-0.004280605879275415,1.832392245982157e-05,0.004280605879275415,1.0,0.0,-3.664784491970673e-08,-8.56121175855083e-06,1.832392245982156e-08,4.280605879275415e-06,1.832392245982157e-08,4.280605879275415e-06,1.832392245981751e-08,4.280605879275415e-06,1.832392245982156e-08,4.280605879275415e-06
1,70.79457843841337,0.0,0.9999802143125742,-0.004448066540926553,1.978568742593723e-05,0.004448066540926553,1.0,0.0,-3.957137485162091e-08,-8.896133081853106e-06,1.978568742593723e-08,4.448066540926553e-06,1.978568742593723e-08,4.448066540926553e-06,1.978568742577736e-08,4.448066540926553e-06,1.978568742593723e-08,4.448066540926553e-06
1,73.56422544596369,0.0,0.9999786359398689,-0.004622077856102341,2.136406013093689e-05,0.004622077856102341,1.0,0.0,-4.272812026194238e-08,-9.244155712204683e-06,2.136406013093689e-08,4.622077856102341e-06,2.136406013093689e-08,4.622077856102341e-06,2.136406013109049e-08,4.622077856102341e-06,2.136406013093689e-08,4.622077856102341e-06
1,76.44222742525956,0.0,0.99997693165782,-0.00480289600466031,2.30683421799929e-05,0.00480289600466031,1.0,0.0,-4.613668436003524e-08,-9.605792009320619e-06,2.30683421799929e-08,4.80289600466031e-06,2.30683421799929e-08,4.802896004660309e-06,2.306834218002152e-08,4.802896004660309e-06,2.30683421799929e-08,4.80289600466031e-06
1,79.43282347242767,0.0,0.9999750914229166,-0.004990787176993822,2.490857708325827e-05,0.004990787176993822,1.0,0.0,-4.981715416656359e-08,-9.981574353987644e-06,2.490857708325827e-08,4.990787176993821e-06,2.490857708325828e-08,4.990787176993822e-06,2.490857708337124e-08,4.990787176993822e-06,2.490857708325827e-08,4.990787176993822e-06
1,82.54041852680133,0.0,0.9999731043905804,-0.005186027964226415,2.689560941954443e-05,0.005186027964226415,1.0,0.0,-5.379121883904614e-08,-1.037205592845283e-05,2.689560941954443e-08,5.186027964226415e-06,2.689560941954443e-08,5.186027964226415e-06,2.689560941959712e-08,5.186027964226415e-06,2.689560941954443e-08,5.186027964226415e-06
1,85.76958985908888,0.0,0.999970958851284,-0.005388905763495698,2.90411487161559e-05,0.005388905763495698,1.0,0.0,-5.80822974322323e-08,-1.07778115269914e-05,2.90411487161559e-08,5.388905763495698e-06,2.90411487161559e-08,5.388905763495698e-06,2.90411487160469e-08,5.388905763495698e-06,2.90411487161559e-08,5.388905763495697e-06
1,89.125093813374,0.0,0.9999686421615794,-0.005599719198895643,3.135783842051087e-05,0.005599719198895643,1.0,0.0,-6.271567684102713e-08,-1.119943839779129e-05,3.135783842051087e-08,5.599719198895644e-06,3.135783842051087e-08,5.599719198895644e-06,3.135783842056483e-08,5.599719198895644e-06,3.135783842051087e-08,5.599719198895644e-06
1,92.61187281287877,0.0,0.9999661406696311,-0.005818778558665892,3.385933036904296e-05,0.005818778558665892,1.0,0.0,-6.77186607380362e-08,-1.163755711733178e-05,3.385933036904296e-08,5.818778558665893e-06,3.385933036904296e-08,5.818778558665893e-06,3.385933036892386e-08,5.818778558665893e-06,3.385933036904296e-08,5.818778558665892e-06
1,96.23506263980825,0.0,0.999963439634809,-0.006046406249236651,3.656036519111093e-05,0.006046406249236651,1.0,0.0,-7.312073038212524e-08,-1.20928124984733e-05,3.656036519111093e-08,6.046406249236651e-06,3.656036519111093e-08,6.046406249236651e-06,3.656036519095185e-08,6.046406249236651e-06,3.656036519111093e-08,6.046406249236651e-06
1,99.99999999999936,0.0,0.9999605231408795,-0.006282937266758346,3.947685912042685e-05,0.006282937266758346,1.0,0.0,-7.895371824104881e-08,-1.256587453351669e-05,3.947685912042686e-08,6.282937266758346e-06,3.947685912042685e-08,6.282937266758346e-06,3.947685912053523e-08,6.282937266758346e-06,3.947685912042686e-08,6.282937266758347e-06
1,103.9122303835162,0.0,0.999957374002276,-0.006528719686766156,4.262599772404994e-05,0.006528719686766155,1.0,0.0,-8.525199544798738e-08,-1.305743937353231e-05,4.262599772404993e-08,6.528719686766155e-06,4.262599772404994e-08,6.528719686766155e-06,4.262599772397735e-08,6.528719686766156e-06,4.262599772404993e-08,6.528719686766155e-06
1,107.9775162327703,0.0,0.9999539736629005,-0.006784115172650725,4.602633709949657e-05,0.006784115172650725,1.0,0.0,-9.205267419895538e-08,-1.356823034530145e-05,4.602633709949657e-08,6.784115172650725e-06,4.602633709949657e-08,6.784115172650725e-06,4.602633709949178e-08,6.784115172650725e-06,4.602633709949657e-08,6.784115172650725e-06
1,112.2018454301956,0.0,0.9999503020868659,-0.007049499503628128,4.969791313422312e-05,0.007049499503628128,1.0,0.0,-9.939582626842117e-08,-1.409899900725626e-05,4.969791313422312e-08,7.049499503628129e-06,4.969791313422312e-08,7.049499503628128e-06,4.969791313413907e-08,7.049499503628128e-06,4.969791313422312e-08,7.049499503628128e-06
1,116.5914401179824,0.0,0.9999463376405312,-0.007325263122923933,5.366235946889304e-05,0.007325263122923933,1.0,0.0,-1.073247189376736e-07,-1.465052624584786e-05,5.366235946889305e-08,7.325263122923932e-06,5.366235946889304e-08,7.325263122923932e-06,5.366235946879794e-08,7.325263122923932e-06,5.366235946889305e-08,7.325263122923932e-06
1,121.152765862858,0.0,0.9999420569651433,-0.007611811706908382,5.79430348567159e-05,0.007611811706908382,1.0,0.0,-1.158860697134389e-07,-1.522362341381676e-05,5.794303485671591e-08,7.611811706908381e-06,5.79430348567159e-08,7.611811706908382e-06,5.794303485673336e-08,7.611811706908382e-06,5.794303485671591e-08,7.611811706908381e-06
1,125.8925411794159,0.0,0.9999374348393341,-0.007909566755942045,6.256516066603273e-05,0.007909566755942045,1.0,0.0,-1.251303213320207e-07,-1.581913351188409e-05,6.256516066603273e-08,7.909566755942045e-06,6.256516066603273e-08,7.909566755942045e-06,6.256516066593942e-08,7.909566755942045e-06,6.256516066603273e-08,7.909566755942045e-06
1,130.8177474260185,0.0,0.9999324440306675,-0.008218966207713497,6.755596933252883e-05,0.008218966207713497,1.0,0.0,-1.351119386650289e-07,-1.6437932415427e-05,6.755596933252884e-08,8.218966207713498e-06,6.755596933252884e-08,8.218966207713498e-06,6.755596933250008e-08,8.218966207713498e-06,6.755596933252884e-08,8.218966207713498e-06
1,135.9356390878516,0.0,0.9999270551353687,-0.00854046507387313,7.294486463132286e-05,0.008540465073873132,1.0,0.0,-1.458897292625698e-07,-1.708093014774626e-05,7.294486463132287e-08,8.540465073873131e-06,7.294486463132287e-08,8.540465073873133e-06,7.29448646312747e-08,8.540465073873131e-06,7.294486463132288e-08,8.540465073873131e-06
1,141.2537544622745,0.0,0.999921236405292,-0.008874536100789162,7.876359470806146e-05,0.008874536100789164,1.0,0.0,-1.575271894160691e-07,-1.774907220157833e-05,7.876359470806146e-08,8.874536100789163e-06,7.876359470806147e-08,8.874536100789165e-06,7.876359470804229e-08,8.874536100789163e-06,7.876359470806147e-08,8.874536100789163e-06
1,146.7799267622059,0.0,0.9999149535611176,-0.009221670455274049,8.504643888244087e-05,0.00922167045527405,1.0,0.0,-1.700928777648401e-07,-1.84433409105481e-05,8.504643888244088e-08,9.22167045527405e-06,8.504643888244088e-08,9.221670455274051e-06,8.504643888240792e-08,9.22167045527405e-06,8.504643888244089e-08,9.22167045527405e-06
1,152.5222956539008,0.0,0.9999081695906824,-0.009582378436150946,9.183040931768608e-05,0.009582378436150946,1.0,0.0,-1.836608186351907e-07,-1.916475687230189e-05,9.18304093176861e-08,9.582378436150946e-06,9.183040931768608e-08,9.582378436150946e-06,9.183040931759479e-08,9.582378436150946e-06,9.18304093176861e-08,9.582378436150944e-06
1,158.4893192461102,0.0,0.999900844531264,-0.00995719021255085,9.915546873589864e-05,0.009957190212550848,1.0,0.0,-1.983109374718064e-07,-1.99143804251017e-05,9.915546873589866e-08,9.957190212550847e-06,9.915546873589864e-08,9.957190212550847e-06,9.915546873595638e-08,9.957190212550849e-06,9.915546873589863e-08,9.957190212550849e-06
1,164.6897865482857,0.0,0.9998929352345477,-0.01034665658985128,0.0001070647654523143,0.01034665658985128,1.0,0.0,-2.141295309047055e-07,-2.069331317970256e-05,1.070647654523143e-07,1.034665658985128e-05,1.070647654523143e-07,1.034665658985128e-05,1.070647654523027e-07,1.034665658985128e-05,1.070647654523143e-07,1.034665658985128e-05
1,171.1328304161769,0.0,0.9998843951128981,-0.01075134980418656,0.0001156048871019042,0.01075134980418656,1.0,0.0,-2.312097742038673e-07,-2.150269960837312e-05,1.156048871019042e-07,1.075134980418656e-05,1.156048871019042e-07,1.075134980418656e-05,1.156048871019388e-07,1.075134980418656e-05,1.156048871019042e-07,1.075134980418656e-05
1,177.827941003891,0.0,0.9998751738654601,-0.01117186434647764,0.0001248261345399624,0.01117186434647764,1.0,0.0,-2.49652269079864e-07,-2.234372869295528e-05,1.248261345399624e-07,1.117186434647764e-05,1.248261345399624e-07,1.117186434647764e-05,1.248261345399015e-07,1.117186434647764e-05,1.248261345399624e-07,1.117186434647764e-05
1,184.7849797422278,0.0,0.9998652171824849,-0.01160881781694609,0.0001347828175149424,0.01160881781694609,1.0,0.0,-2.695656350301211e-07,-2.321763563389219e-05,1.347828175149424e-07,1.160881781694609e-05,1.347828175149424e-07,1.160881781694609e-05,1.347828175151111e-07,1.160881781694609e-05,1.347828175149424e-07,1.16088178169461e-05
1,192.0141938638787,0.0,0.9998544664261626,-0.01206285181109117,0.0001455335738374595,0.01206285181109117,1.0,0.0,-2.910671476749229e-07,-2.412570362218235e-05,1.455335738374595e-07,1.206285181109117e-05,1.455335738374595e-07,1.206285181109117e-05,1.455335738373975e-07,1.206285181109117e-05,1.455335738374595e-07,1.206285181109117e-05
1,199.5262314968865,0.0,0.9998428582860952,-0.01253463283812132,0.0001571417139047582,0.01253463283812132,1.0,0.0,-3.142834278094536e-07,-2.506926567624264e-05,1.571417139047583e-07,1.253463283812132e-05,1.571417139047583e-07,1.253463283812132e-05,1.571417139047959e-07,1.253463283812132e-05,1.571417139047583e-07,1.253463283812132e-05
1,207.332157348594,0.0,0.9998303244074143,-0.01302485327284126,0.000169675592585763,0.01302485327284126,1.0,0.0,-3.393511851714946e-07,-2.604970654568252e-05,1.69675592585763e-07,1.302485327284126e-05,1.69675592585763e-07,1.302485327284126e-05,1.696755925857385e-07,1.302485327284126e-05,1.69675592585763e-07,1.302485327284126e-05
1,215.4434690031867,0.0,0.999816790989371,-0.01353423234200215,0.0001832090106288727,0.01353423234200216,1.0,0.0,-3.664180212577267e-07,-2.706846468400431e-05,1.832090106288727e-07,1.353423234200216e-05,1.832090106288727e-07,1.353423234200216e-05,1.832090106289597e-07,1.353423234200215e-05,1.832090106288728e-07,1.353423234200216e-05
1,223.8721138568323,0.0,0.9998021783520763,-0.01406351714612519,0.0001978216479237445,0.01406351714612519,1.0,0.0,-3.956432958474461e-07,-2.812703429225038e-05,1.978216479237445e-07,1.406351714612519e-05,1.978216479237445e-07,1.406351714612519e-05,1.978216479237016e-07,1.406351714612519e-05,1.978216479237445e-07,1.406351714612519e-05
1,232.6305067153608,0.0,0.9997864004688697,-0.01461348371780754,0.0002135995311303252,0.01461348371780754,1.0,0.0,-4.271990622605709e-07,-2.922696743561508e-05,2.135995311303252e-07,1.461348371780754e-05,2.135995311303252e-07,1.461348371780754e-05,2.135995311303152e-07,1.461348371780754e-05,2.135995311303252e-07,1.461348371780754e-05
1,241.7315480804085,0.0,0.9997693644616157,-0.01518493811751295,0.0002306355383842635,0.01518493811751295,1.0,0.0,-4.612710767684877e-07,-3.03698762350259e-05,2.306355383842635e-07,1.518493811751295e-05,2.306355383842635e-07,1.518493811751295e-05,2.306355383843162e-07,1.518493811751295e-05,2.306355383842635e-07,1.518493811751295e-05
1,251.1886431509561,0.0,0.9997509700560014,-0.01577871756783703,0.0002490299439985767,0.01577871756783703,1.0,0.0,-4.980598879971552e-07,-3.155743513567404e-05,2.490299439985767e-07,1.577871756783703e-05,2.490299439985767e-07,1.577871756783703e-05,2.490299439985577e-07,1.577871756783703e-05,2.490299439985767e-07,1.577871756783703e-05
1,261.0157215682516,0.0,0.9997311089936918,-0.01639569162721815,0.0002688910063081047,0.01639569162721815,1.0,0.0,-5.377820126164356e-07,-3.27913832544363e-05,2.688910063081047e-07,1.639569162721814e-05,2.688910063081047e-07,1.639569162721814e-05,2.68891006308225e-07,1.639569162721815e-05,2.688910063081047e-07,1.639569162721815e-05
1,271.2272579332007,0.0,0.9997096643979532,-0.01703676340403811,0.0002903356020469882,0.01703676340403811,1.0,0.0,-5.806712040938044e-07,-3.407352680807622e-05,2.903356020469882e-07,1.703676340403811e-05,2.903356020469882e-07,1.703676340403811e-05,2.903356020468317e-07,1.703676340403811e-05,2.903356020469882e-07,1.703676340403811e-05
1,281.8382931264431,0.0,0.9996865100890888,-0.01770287081202112,0.0003134899109113524,0.01770287081202112,1.0,0.0,-6.269798218225029e-07,-3.540574162404224e-05,3.134899109113525e-07,1.770287081202112e-05,3.134899109113525e-07,1.770287081202112e-05,3.134899109111799e-07,1.770287081202112e-05,3.134899109113525e-07,1.770287081202112e-05
1,292.8644564625213,0.0,0.9996615098457592,-0.01839498786779373,0.0003384901542407966,0.01839498786779373,1.0,0.0,-6.769803084816773e-07,-3.678997573558747e-05,3.384901542407965e-07,1.839498786779373e-05,3.384901542407966e-07,1.839498786779373e-05,3.384901542408114e-07,1.839498786779373e-05,3.384901542407965e-07,1.839498786779373e-05
1,304.3219887107697,0.0,0.9996345166079453,-0.01911412603141135,0.0003654833920545449,0.01911412603141135,1.0,0.0,-7.309667841092286e-07,-3.822825206282271e-05,3.654833920545448e-07,1.911412603141135e-05,3.654833920545449e-07,1.911412603141135e-05,3.654833920546663e-07,1.911412603141135e-05,3.654833920545449e-07,1.911412603141135e-05
1,316.2277660168354,0.0,0.9996053716169976,-0.01986133559058579,0.000394628383002541,0.01986133559058579,1.0,0.0,-7.892567660049895e-07,-3.972267118117158e-05,3.94628383002541e-07,1.986133559058579e-05,3.94628383002541e-07,1.986133559058579e-05,3.946283830024156e-07,1.986133559058579e-05,3.94628383002541e-07,1.986133559058579e-05
1,328.5993247600628,0.0,0.99957390348786,-0.02063770708926333,0.0004260965121398876,0.02063770708926332,1.0,0.0,-8.521930242799497e-07,-4.127541417852665e-05,4.260965121398876e-07,2.063770708926333e-05,4.260965121398876e-07,2.063770708926332e-05,4.26096512139984e-07,2.063770708926333e-05,4.260965121398875e-07,2.063770708926333e-05
1,341.4548873833574,0.0,0.9995399272081937,-0.02144437280109982,0.0004600727918063101,0.02144437280109982,1.0,0.0,-9.201455836126172e-07,-4.288874560219964e-05,4.600727918063101e-07,2.144437280109982e-05,4.600727918063102e-07,2.144437280109982e-05,4.600727918062653e-07,2.144437280109982e-05,4.600727918063102e-07,2.144437280109982e-05
1,354.8133892335725,0.0,0.9995032430587076,-0.02228250824825726,0.0004967569412923752,0.02228250824825726,1.0,0.0,-9.935138825847933e-07,-4.456501649651453e-05,4.967569412923752e-07,2.228250824825727e-05,4.967569412923753e-07,2.228250824825727e-05,4.967569412923645e-07,2.228250824825727e-05,4.967569412923752e-07,2.228250824825727e-05
1,368.6945064519545,0.0,0.9994636354485973,-0.02315333376580258,0.000536364551402655,0.02315333376580258,1.0,0.0,-1.072729102805375e-06,-4.630666753160515e-05,5.36364551402655e-07,2.315333376580257e-05,5.36364551402655e-07,2.315333376580258e-05,5.363645514027127e-07,2.315333376580258e-05,5.36364551402655e-07,2.315333376580258e-05
1,383.1186849557256,0.0,0.9994208716595153,-0.02405811611182039,0.0005791283404845845,0.02405811611182039,1.0,0.0,-1.158256680969209e-06,-4.811623222364079e-05,5.791283404845846e-07,2.405811611182039e-05,5.791283404845845e-07,2.405811611182039e-05,5.791283404846803e-07,2.405811611182039e-05,5.791283404845846e-07,2.40581161118204e-05
1,398.1071705534939,0.0,0.9993747004910177,-0.02499817012315496,0.0006252995089821303,0.02499817012315495,1.0,0.0,-1.25059901796439e-06,-4.999634024630991e-05,6.252995089821303e-07,2.499817012315495e-05,6.252995089821302e-07,2.499817012315495e-05,6.252995089822688e-07,2.499817012315496e-05,6.252995089821302e-07,2.499817012315495e-05
1,413.6820402388472,0.0,0.9993248507999026,-0.02597486041646777,0.0006751492000973762,0.02597486041646777,1.0,0.0,-1.350298400194643e-06,-5.194972083293553e-05,6.751492000973761e-07,2.597486041646777e-05,6.751492000973761e-07,2.597486041646777e-05,6.751492000973692e-07,2.597486041646777e-05,6.751492000973761e-07,2.597486041646777e-05
1,429.8662347082241,0.0,0.9992710299252975,-0.02698960313403366,0.000728970074702451,0.02698960313403366,1.0,0.0,-1.457940149405062e-06,-5.397920626806732e-05,7.289700747024511e-07,2.698960313403365e-05,7.289700747024511e-07,2.698960313403366e-05,7.289700747025174e-07,2.698960313403366e-05,7.289700747024511e-07,2.698960313403366e-05
1,446.6835921509593,0.0,0.9992129219907594,-0.02804386773339353,0.0007870780092407008,0.02804386773339353,1.0,0.0,-1.574156018481401e-06,-5.608773546678705e-05,7.870780092407008e-07,2.804386773339353e-05,7.870780092407008e-07,2.804386773339353e-05,7.870780092406049e-07,2.804386773339353e-05,7.870780092407008e-07,2.804386773339352e-05
1,464.1588833612739,0.0,0.9991501860740087,-0.02913917881963273,0.0008498139259913416,0.02913917881963273,1.0,0.0,-1.699627851982649e-06,-5.827835763926547e-05,8.498139259913416e-07,2.913917881963273e-05,8.498139259913416e-07,2.913917881963273e-05,8.498139259912607e-07,2.913917881963274e-05,8.498139259913415e-07,2.913917881963273e-05
1,482.3178482239265,0.0,0.9990824542342523,-0.03027711801865378,0.0009175457657477306,0.03027711801865378,1.0,0.0,-1.835091531495448e-06,-6.055423603730755e-05,9.175457657477307e-07,3.027711801865378e-05,9.175457657477306e-07,3.027711801865378e-05,9.175457657476516e-07,3.027711801865378e-05,9.175457657477307e-07,3.027711801865377e-05
1,501.187233627268,0.0,0.9990093293863227,-0.03145932588935467,0.000990670613677425,0.03145932588935467,1.0,0.0,-1.98134122735462e-06,-6.291865177870933e-05,9.906706136774249e-07,3.145932588935467e-05,9.90670613677425e-07,3.145932588935467e-05,9.906706136773025e-07,3.145932588935467e-05,9.906706136774249e-07,3.145932588935467e-05
1,520.7948328595418,0.0,0.9989303830101061,-0.03268750387210301,0.001069616989893819,0.03268750387210301,1.0,0.0,-2.1392339797877e-06,-6.537500774420602e-05,1.069616989893819e-06,3.2687503872103e-05,1.069616989893819e-06,3.268750387210301e-05,1.06961698989394e-06,3.268750387210301e-05,1.069616989893819e-06,3.268750387210301e-05
1,541.1695265464589,0.0,0.9988451526829245,-0.03396341627030307,0.001154847317075644,0.03396341627030306,1.0,0.0,-2.309694634151043e-06,-6.792683254060614e-05,1.154847317075644e-06,3.396341627030306e-05,1.154847317075644e-06,3.396341627030306e-05,1.154847317075491e-06,3.396341627030307e-05,1.154847317075644e-06,3.396341627030306e-05
1,562.3413251903442,0.0,0.9987531394216771,-0.03528889226117934,0.001246860578322899,0.03528889226117934,1.0,0.0,-2.493721156645798e-06,-7.057778452235868e-05,1.246860578322899e-06,3.528889226117934e-05,1.246860578322899e-06,3.528889226117934e-05,1.246860578322906e-06,3.528889226117934e-05,1.246860578322899e-06,3.528889226117934e-05
1,584.3414133735124,0.0,0.9986538048206633,-0.03666582793113755,0.001346195179336656,0.03666582793113755,1.0,0.0,-2.692390358673266e-06,-7.333165586227509e-05,1.346195179336655e-06,3.666582793113754e-05,1.346195179336656e-06,3.666582793113755e-05,1.346195179336651e-06,3.666582793113755e-05,1.346195179336655e-06,3.666582793113754e-05
1,607.2021956909831,0.0,0.9985465679700442,-0.03809618833019972,0.001453432029955746,0.03809618833019972,1.0,0.0,-2.906864059911612e-06,-7.619237666039944e-05,1.453432029955746e-06,3.809618833019972e-05,1.453432029955746e-06,3.809618833019972e-05,1.453432029955848e-06,3.809618833019972e-05,1.453432029955746e-06,3.809618833019972e-05
1,630.9573444801875,0.0,0.9984308021389244,-0.03958200953903512,0.001569197861075471,0.03958200953903512,1.0,0.0,-3.138395722150961e-06,-7.916401907807024e-05,1.569197861075471e-06,3.958200953903512e-05,1.569197861075471e-06,3.958200953903512e-05,1.569197861075566e-06,3.958200953903512e-05,1.569197861075471e-06,3.958200953903512e-05
1,655.6418494179729,0.0,0.998305831205989,-0.04112540074100733,0.001694168794011047,0.04112540074100733,1.0,0.0,-3.388337588021935e-06,-8.225080148201466e-05,1.694168794011047e-06,4.112540074100734e-05,1.694168794011048e-06,4.112540074100733e-05,1.694168794010964e-06,4.112540074100733e-05,1.694168794011047e-06,4.112540074100733e-05
1,681.2920690579551,0.0,0.9981709258195499,-0.04272854629041841,0.001829074180450018,0.04272854629041841,1.0,0.0,-3.658148360900062e-06,-8.545709258083683e-05,1.829074180450018e-06,4.272854629041841e-05,1.829074180450018e-06,4.272854629041841e-05,1.829074180450085e-06,4.272854629041841e-05,1.829074180450018e-06,4.272854629041842e-05
1,707.9457843841315,0.0,0.9980252992677398,-0.04439370776673584,0.001974700732260332,0.04439370776673584,1.0,0.0,-3.949401464520599e-06,-8.878741553347167e-05,1.974700732260331e-06,4.439370776673584e-05,1.974700732260332e-06,4.439370776673584e-05,1.974700732260248e-06,4.439370776673584e-05,1.974700732260331e-06,4.439370776673584e-05
1,735.6422544596346,0.0,0.9978681030384194,-0.04612322600302091,0.00213189696158054,0.04612322600302091,1.0,0.0,-4.263793923161122e-06,-9.224645200604182e-05,2.13189696158054e-06,4.61232260030209e-05,2.13189696158054e-06,4.612322600302091e-05,2.13189696158056e-06,4.612322600302091e-05,2.13189696158054e-06,4.61232260030209e-05
1,764.4222742525932,0.0,0.9976984220471898,-0.04791952307501868,0.002301577952810109,0.04791952307501868,1.0,0.0,-4.603155905620195e-06,-9.583904615003737e-05,2.30157795281011e-06,4.791952307501868e-05,2.301577952810109e-06,4.791952307501868e-05,2.301577952810163e-06,4.791952307501868e-05,2.30157795281011e-06,4.791952307501868e-05
1,794.3282347242741,0.0,0.9975152695106657,-0.04978510423539995,0.002484730489334265,0.04978510423539995,1.0,0.0,-4.969460978668514e-06,-9.95702084707999e-05,2.484730489334266e-06,4.978510423539995e-05,2.484730489334265e-06,4.978510423539995e-05,2.484730489334286e-06,4.978510423539995e-05,2.484730489334265e-06,4.978510423539995e-05
1,825.4041852680107,0.0,0.9973175814409502,-0.05172255977543997,0.002682418559049896,0.05172255977543997,1.0,0.0,-5.364837118099674e-06,-0.0001034451195508799,2.682418559049896e-06,5.172255977543997e-05,2.682418559049896e-06,5.172255977543997e-05,2.682418559049826e-06,5.172255977543997e-05,2.682418559049896e-06,5.172255977543997e-05
1,857.695898590886,0.0,0.9971042107360044,-0.05373456679395611,0.002895789263995603,0.05373456679395611,1.0,0.0,-5.79157852799128e-06,-0.0001074691335879122,2.895789263995603e-06,5.373456679395612e-05,2.895789263995603e-06,5.373456679395611e-05,2.895789263995585e-06,5.373456679395611e-05,2.895789263995603e-06,5.373456679395612e-05
1,891.2509381337371,0.0,0.9968739208393846,-0.0558238908505759,0.003126079160615445,0.0558238908505759,1.0,0.0,-6.252158321230788e-06,-0.0001116477817011518,3.126079160615445e-06,5.58238908505759e-05,3.126079160615445e-06,5.582389085057589e-05,3.126079160615358e-06,5.582389085057589e-05,3.126079160615445e-06,5.582389085057589e-05
1,926.1187281287847,0.0,0.9966253789416151,-0.05799338747734303,0.003374621058384943,0.05799338747734303,1.0,0.0,-6.749242116769783e-06,-0.0001159867749546861,3.374621058384942e-06,5.799338747734304e-05,3.374621058384943e-06,5.799338747734304e-05,3.37462105838493e-06,5.799338747734303e-05,3.374621058384943e-06,5.799338747734304e-05
1,962.3506263980794,0.0,0.9963571486943221,-0.06024600351925936,0.003642851305677891,0.06024600351925936,1.0,0.0,-7.28570261135585e-06,-0.0001204920070385187,3.642851305677891e-06,6.024600351925937e-05,3.642851305677891e-06,6.024600351925937e-05,3.642851305677874e-06,6.024600351925937e-05,3.642851305677891e-06,6.024600351925937e-05
1,999.9999999999903,0.0,0.9960676824071726,-0.0625847782705711,0.003932317592827407,0.06258477827057109,1.0,0.0,-7.864635185654772e-06,-0.0001251695565411422,3.932317592827408e-06,6.258477827057109e-05,3.932317592827407e-06,6.258477827057109e-05,3.932317592827417e-06,6.25847782705711e-05,3.932317592827407e-06,6.258477827057109e-05
1,1039.122303835159,0.0,0.9957553126966966,-0.06501284436940503,0.004244687303303304,0.06501284436940503,1.0,0.0,-8.489374606606803e-06,-0.0001300256887388101,4.244687303303304e-06,6.501284436940504e-05,4.244687303303304e-06,6.501284436940504e-05,4.244687303303408e-06,6.501284436940504e-05,4.244687303303304e-06,6.501284436940504e-05
1,1079.775162327699,0.0,0.9954182435552471,-0.06753342840870606,0.004581756444752861,0.06753342840870606,1.0,0.0,-9.163512889505648e-06,-0.0001350668568174121,4.581756444752862e-06,6.753342840870607e-05,4.581756444752861e-06,6.753342840870606e-05,4.581756444752894e-06,6.753342840870606e-05,4.581756444752862e-06,6.753342840870607e-05
1,1122.018454301952,0.0,0.995054540807711,-0.07014985121628065,0.004945459192288905,0.07014985121628065,1.0,0.0,-9.890918384577823e-06,-0.0001402997024325613,4.945459192288906e-06,7.014985121628064e-05,4.945459192288906e-06,7.014985121628064e-05,4.945459192288948e-06,7.014985121628064e-05,4.945459192288906e-06,7.014985121628064e-05
1,1165.91440117982,0.0,0.9946621219231945,-0.0728655277510753,0.005337878076805564,0.07286552775107528,1.0,0.0,-1.067575615361106e-05,-0.0001457310555021506,5.337878076805565e-06,7.286552775107528e-05,5.337878076805564e-06,7.286552775107529e-05,5.337878076805525e-06,7.28655277510753e-05,5.337878076805563e-06,7.286552775107528e-05
1,1211.527658628577,0.0,0.9942387451488041,-0.07568396655656771,0.005761254851196091,0.07568396655656773,1.0,0.0,-1.152250970239197e-05,-0.0001513679331131354,5.761254851196091e-06,7.568396655656772e-05,5.761254851196091e-06,7.568396655656773e-05,5.761254851195941e-06,7.568396655656772e-05,5.761254851196092e-06,7.568396655656772e-05
1,1258.925411794155,0.0,0.9937819979329331,-0.0786087687052835,0.006218002067066805,0.0786087687052835,1.0,0.0,-1.24360041341337e-05,-0.000157217537410567,6.218002067066805e-06,7.86087687052835e-05,6.218002067066806e-06,7.86087687052835e-05,6.218002067066908e-06,7.86087687052835e-05,6.218002067066805e-06,7.86087687052835e-05
1,1308.177474260181,0.0,0.9932892846061981,-0.08164362616092745,0.006710715393801887,0.08164362616092745,1.0,0.0,-1.342143078760364e-05,-0.0001632872523218549,6.710715393801887e-06,8.164362616092745e-05,6.710715393801887e-06,8.164362616092745e-05,6.710715393801858e-06,8.164362616092745e-05,6.710715393801887e-06,8.164362616092745e-05
1,1359.356390878512,0.0,0.992757813289462,-0.08479231947639884,0.007242186710537981,0.08479231947639886,1.0,0.0,-1.448437342107604e-05,-0.0001695846389527977,7.24218671053798e-06,8.479231947639885e-05,7.242186710537981e-06,8.479231947639885e-05,7.242186710538002e-06,8.479231947639884e-05,7.242186710537982e-06,8.479231947639885e-05
1,1412.53754462274,0.0,0.9921845820003579,-0.0880587147370036,0.007815417999642103,0.0880587147370036,1.0,0.0,-1.563083599928416e-05,-0.0001761174294740072,7.815417999642104e-06,8.80587147370036e-05,7.815417999642104e-06,8.80587147370036e-05,7.815417999642138e-06,8.80587147370036e-05,7.815417999642104e-06,8.80587147370036e-05
1,1467.799267622055,0.0,0.9915663639324788,-0.0914467596484517,0.008433636067521087,0.0914467596484517,1.0,0.0,-1.686727213504241e-05,-0.0001828935192969034,8.433636067521088e-06,9.144675964845169e-05,8.433636067521088e-06,9.14467596484517e-05,8.433636067521233e-06,9.14467596484517e-05,8.433636067521088e-06,9.14467596484517e-05
1,1525.222956539003,0.0,0.990899691885123,-0.09496047865871009,0.009100308114877031,0.09496047865871009,1.0,0.0,-1.820061622975413e-05,-0.0001899209573174202,9.100308114877031e-06,9.496047865871009e-05,9.100308114877031e-06,9.496047865871009e-05,9.100308114877055e-06,9.496047865871009e-05,9.100308114877031e-06,9.496047865871009e-05
1,1584.893192461097,0.0,0.9901808418263093,-0.09860396699144879,0.00981915817369068,0.0986039669914488,1.0,0.0,-1.963831634738151e-05,-0.0001972079339828976,9.81915817369068e-06,9.860396699144879e-05,9.81915817369068e-06,9.86039669914488e-05,9.819158173690724e-06,9.860396699144879e-05,9.819158173690681e-06,9.860396699144879e-05
1,1646.897865482852,0.0,0.9894058155779292,-0.1023813834566718,0.01059418442207092,0.1023813834566718,1.0,0.0,-2.118836884414169e-05,-0.0002047627669133436,1.059418442207092e-05,0.0001023813834566718,1.059418442207092e-05,0.0001023813834566718,1.059418442207083e-05,0.0001023813834566718,1.059418442207092e-05,0.0001023813834566718
1,1711.328304161763,0.0,0.9885703226195641,-0.1062969418911712,0.01142967738043587,0.1062969418911712,1.0,0.0,-2.285935476087177e-05,-0.0002125938837823424,1.142967738043587e-05,0.0001062969418911712,1.142967738043587e-05,0.0001062969418911712,1.142967738043588e-05,0.0001062969418911712,1.142967738043587e-05,0.0001062969418911712
1,1778.279410038904,0.0,0.9876697610169544,-0.1103549010677215,0.01233023898304561,0.1103549010677215,1.0,0.0,-2.466047796609127e-05,-0.000220709802135443,1.233023898304561e-05,0.0001103549010677215,1.233023898304561e-05,0.0001103549010677215,1.233023898304564e-05,0.0001103549010677215,1.233023898304561e-05,0.0001103549010677215
1,1847.849797422272,0.0,0.9866991974925845,-0.1145595528974957,0.01330080250741539,0.1145595528974957,1.0,0.0,-2.660160501483089e-05,-0.0002291191057949914,1.330080250741539e-05,0.0001145595528974957,1.330080250741539e-05,0.0001145595528974957,1.33008025074155e-05,0.0001145595528974957,1.330080250741539e-05,0.0001145595528974957
1,1920.141938638781,0.0,0.9856533466696988,-0.118915208735137,0.01434665333030105,0.118915208735137,1.0,0.0,-2.86933066606023e-05,-0.000237830417470274,1.434665333030105e-05,0.000118915208735137,1.434665333030105e-05,0.000118915208735137,1.434665333030116e-05,0.000118915208735137,1.434665333030105e-05,0.000118915208735137
1,1995.262314968858,0.0,0.9845265495375674,-0.1234261835803868,0.01547345046243271,0.1234261835803868,1.0,0.0,-3.094690092486526e-05,-0.0002468523671607736,1.547345046243271e-05,0.0001234261835803868,1.547345046243271e-05,0.0001234261835803868,1.547345046243265e-05,0.0001234261835803868,1.547345046243271e-05,0.0001234261835803868
1,2073.321573485933,0.0,0.9833127512053811,-0.1280967779543469,0.01668724879461875,0.1280967779543469,1.0,0.0,-3.33744975892376e-05,-0.0002561935559086937,1.668724879461875e-05,0.0001280967779543469,1.668724879461875e-05,0.0001280967779543469,1.668724879461891e-05,0.0001280967779543469,1.668724879461875e-05,0.0001280967779543469
1,2154.434690031861,0.0,0.982005478035139,-0.1329312572125798,0.01799452196486091,0.1329312572125798,1.0,0.0,-3.59890439297219e-05,-0.0002658625144251596,1.799452196486091e-05,0.0001329312572125798,1.799452196486091e-05,0.0001329312572125798,1.799452196486096e-05,0.0001329312572125798,1.799452196486091e-05,0.0001329312572125798
1,2238.721138568315,0.0,0.9805978142707006,-0.137933828041656,0.01940218572929936,0.137933828041656,1.0,0.0,-3.880437145859888e-05,-0.000275867656083312,1.940218572929936e-05,0.000137933828041656,1.940218572929936e-05,0.000137933828041656,1.940218572929941e-05,0.000137933828041656,1.940218572929936e-05,0.000137933828041656
1,2326.305067153601,0.0,0.9790823783112895,-0.143108611870839,0.02091762168871044,0.143108611870839,1.0,0.0,-4.183524337742101e-05,-0.000286217223741678,2.091762168871044e-05,0.000143108611870839,2.091762168871044e-05,0.000143108611870839,2.091762168871048e-05,0.000143108611870839,2.091762168871044e-05,0.000143108611870839
1,2417.315480804078,0.0,0.9774512988135364,-0.1484596149168763,0.02254870118646362,0.1484596149168763,1.0,0.0,-4.509740237292716e-05,-0.0002969192298337525,2.254870118646362e-05,0.0001484596149168763,2.254870118646362e-05,0.0001484596149168763,2.254870118646357e-05,0.0001484596149168763,2.254870118646362e-05,0.0001484596149168763
1,2511.886431509553,0.0,0.9756961908471391,-0.1539906945679583,0.02430380915286091,0.1539906945679583,1.0,0.0,-4.860761830572176e-05,-0.0003079813891359166,2.430380915286091e-05,0.0001539906945679583,2.430380915286091e-05,0.0001539906945679583,2.43038091528609e-05,0.0001539906945679583,2.430380915286091e-05,0.0001539906945679583
1,2610.157215682508,0.0,0.973808132375803,-0.1597055218035792,0.02619186762419696,0.1597055218035792,1.0,0.0,-5.2383735248394e-05,-0.0003194110436071583,2.619186762419696e-05,0.0001597055218035792,2.619186762419696e-05,0.0001597055218035792,2.619186762419701e-05,0.0001597055218035792,2.619186762419696e-05,0.0001597055218035792
1,2712.272579331998,0.0,0.971777641387711,-0.165607539341204,0.02822235861228906,0.165607539341204,1.0,0.0,-5.644471722457796e-05,-0.0003312150786824079,2.822235861228906e-05,0.000165607539341204,2.822235861228906e-05,0.000165607539341204,2.822235861228894e-05,0.000165607539341204,2.822235861228906e-05,0.000165607539341204
1,2818.382931264422,0.0,0.969594654058711,-0.1716999151993954,0.03040534594128905,0.1716999151993955,1.0,0.0,-6.081069188257796e-05,-0.0003433998303987908,3.040534594128904e-05,0.0001716999151993954,3.040534594128905e-05,0.0001716999151993954,3.040534594128897e-05,0.0001716999151993954,3.040534594128905e-05,0.0001716999151993954
1,2928.644564625204,0.0,0.9672485043969514,-0.1779854913716621,0.03275149560304849,0.1779854913716621,1.0,0.0,-6.550299120609703e-05,-0.0003559709827433242,3.275149560304849e-05,0.0001779854913716621,3.275149560304849e-05,0.0001779854913716621,3.275149560304858e-05,0.0001779854913716621,3.275149560304849e-05,0.0001779854913716621
1,3043.219887107688,0.0,0.9647279058899658,-0.1844667273172241,0.03527209411003424,0.1844667273172241,1.0,0.0,-7.054418822006838e-05,-0.0003689334546344483,3.527209411003424e-05,0.0001844667273172242,3.527209411003424e-05,0.0001844667273172241,3.527209411003418e-05,0.0001844667273172241,3.527209411003424e-05,0.0001844667273172242
1,3162.277660168344,0.0,0.9620209357541633,-0.1911456379958678,0.03797906424583672,0.1911456379958678,1.0,0.0,-7.59581284916735e-05,-0.0003822912759917355,3.797906424583672e-05,0.0001911456379958678,3.797906424583672e-05,0.0001911456379958678,3.797906424583675e-05,0.0001911456379958678,3.797906424583672e-05,0.0001911456379958678
1,3285.993247600617,0.0,0.9591150224720459,-0.1980237262059597,0.0408849775279542,0.1980237262059597,1.0,0.0,-8.176995505590821e-05,-0.0003960474524119194,4.08849775279542e-05,0.0001980237262059597,4.08849775279542e-05,0.0001980237262059597,4.088497752795406e-05,0.0001980237262059597,4.08849775279542e-05,0.0001980237262059597
1,3414.548873833563,0.0,0.9559969373936414,-0.2051019090296808,0.04400306260635856,0.2051019090296808,1.0,0.0,-8.800612521271717e-05,-0.0004102038180593616,4.400306260635857e-05,0.0002051019090296808,4.400306260635856e-05,0.0002051019090296808,4.400306260635856e-05,0.0002051019090296808,4.400306260635857e-05,0.0002051019090296808
1,3548.133892335714,0.0,0.9526527912746894,-0.2123804382499304,0.04734720872531062,0.2123804382499304,1.0,0.0,-9.469441745062119e-05,-0.0004247608764998608,4.734720872531061e-05,0.0002123804382499304,4.734720872531062e-05,0.0002123804382499304,4.734720872531062e-05,0.0002123804382499304,4.734720872531061e-05,0.0002123804382499304
1,3686.945064519533,0.0,0.9490680367235813,-0.2198588146816685,0.0509319632764187,0.2198588146816685,1.0,0.0,-0.0001018639265528374,-0.0004397176293633369,5.09319632764187e-05,0.0002198588146816685,5.09319632764187e-05,0.0002198588146816685,5.093196327641869e-05,0.0002198588146816685,5.09319632764187e-05,0.0002198588146816685
1,3831.186849557243,0.0,0.9452274776299876,-0.2275356964593443,0.05477252237001238,0.2275356964593443,1.0,0.0,-0.0001095450447400248,-0.0004550713929186887,5.477252237001238e-05,0.0002275356964593443,5.477252237001238e-05,0.0002275356964593443,5.47725223700124e-05,0.0002275356964593443,5.477252237001238e-05,0.0002275356964593443
1,3981.071705534926,0.0,0.9411152867478185,-0.2354088014441896,0.05888471325218153,0.2354088014441896,1.0,0.0,-0.000117769426504363,-0.0004708176028883792,5.888471325218153e-05,0.0002354088014441896,5.888471325218153e-05,0.0002354088014441896,5.888471325218148e-05,0.0002354088014441896,5.888471325218153e-05,0.0002354088014441896
1,4136.820402388459,0.0,0.9367150327002721,-0.2434748040631725,0.06328496729972785,0.2434748040631725,1.0,0.0,-0.0001265699345994558,-0.0004869496081263449,6.328496729972785e-05,0.0002434748040631725,6.328496729972785e-05,0.0002434748040631725,6.328496729972788e-05,0.0002434748040631725,6.328496729972786e-05,0.0002434748040631725
1,4298.662347082227,0.0,0.9320097177609188,-0.2517292270677587,0.06799028223908117,0.2517292270677588,1.0,0.0,-0.0001359805644781625,-0.0005034584541355175,6.799028223908118e-05,0.0002517292270677588,6.799028223908118e-05,0.0002517292270677588,6.799028223908122e-05,0.0002517292270677588,6.799028223908119e-05,0.0002517292270677588
1,4466.835921509579,0.0,0.9269818278368059,-0.2601663289073746,0.07301817216319406,0.2601663289073746,1.0,0.0,-0.0001460363443263881,-0.0005203326578147492,7.301817216319406e-05,0.0002601663289073746,7.301817216319406e-05,0.0002601663289073746,7.301817216319406e-05,0.0002601663289073746,7.301817216319406e-05,0.0002601663289073746
1,4641.588833612725,0.0,0.9216133961311768,-0.2687789876510727,0.07838660386882329,0.2687789876510727,1.0,0.0,-0.0001567732077376466,-0.0005375579753021454,7.838660386882329e-05,0.0002687789876510726,7.838660386882329e-05,0.0002687789876510727,7.838660386882324e-05,0.0002687789876510727,7.838660386882329e-05,0.0002687789876510726
1,4823.178482239249,0.0,0.915886081987222,-0.2775585826619628,0.08411391801277798,0.2775585826619628,1.0,0.0,-0.000168227836025556,-0.0005551171653239256,8.411391801277799e-05,0.0002775585826619628,8.411391801277799e-05,0.0002775585826619628,8.411391801277802e-05,0.0002775585826619628,8.411391801277799e-05,0.0002775585826619628
1,5011.872336272663,0.0,0.9097812664019568,-0.2864948755318472,0.09021873359804328,0.2864948755318471,1.0,0.0,-0.0001804374671960865,-0.0005729897510636943,9.02187335980433e-05,0.0002864948755318471,9.021873359804328e-05,0.0002864948755318471,9.021873359804323e-05,0.0002864948755318471,9.021873359804327e-05,0.0002864948755318471
1,5207.948328595401,0.0,0.9032801656414872,-0.295575892116009,0.09671983435851271,0.2955758921160089,1.0,0.0,-0.0001934396687170255,-0.0005911517842320179,9.671983435851272e-05,0.000295575892116009,9.671983435851271e-05,0.000295575892116009,9.671983435851284e-05,0.000295575892116009,9.67198343585127e-05,0.000295575892116009
1,5411.695265464572,0.0,0.8963639642755064,-0.3047878078660714,0.1036360357244938,0.3047878078660714,1.0,0.0,-0.0002072720714489874,-0.0006095756157321428,0.0001036360357244938,0.0003047878078660714,0.0001036360357244938,0.0003047878078660714,0.0001036360357244936,0.0003047878078660714,0.0001036360357244938,0.0003047878078660714
1,5623.413251903423,0.0,0.8890139687692395,-0.3141148390356703,0.1109860312307604,0.3141148390356703,1.0,0.0,-0.0002219720624615209,-0.0006282296780713406,0.0001109860312307604,0.0003141148390356703,0.0001109860312307604,0.0003141148390356704,0.0001109860312307604,0.0003141148390356704,0.0001109860312307604,0.0003141148390356703
1,5843.414133735106,0.0,0.881211782514669,-0.3235391427199939,0.1187882174853309,0.3235391427199939,1.0,0.0,-0.0002375764349706618,-0.0006470782854399878,0.0001187882174853309,0.0003235391427199939,0.0001187882174853309,0.0003235391427199939,0.000118788217485331,0.0003235391427199939,0.0001187882174853309,0.0003235391427199939
1,6072.021956909812,0.0,0.872939502839612,-0.3330407290734018,0.1270604971603879,0.3330407290734018,1.0,0.0,-0.000254120994320776,-0.0006660814581468036,0.000127060497160388,0.0003330407290734017,0.0001270604971603879,0.0003330407290734017,0.000127060497160388,0.0003330407290734017,0.000127060497160388,0.0003330407290734018
1,6309.573444801856,0.0,0.8641799400944518,-0.3425973894132902,0.1358200599055483,0.3425973894132902,1.0,0.0,-0.0002716401198110966,-0.0006851947788265803,0.0001358200599055483,0.0003425973894132902,0.0001358200599055483,0.0003425973894132902,0.0001358200599055483,0.0003425973894132902,0.0001358200599055483,0.0003425973894132901
1,6556.418494179708,0.0,0.8549168583755431,-0.352184644243378,0.145083141624457,0.3521846442433781,1.0,0.0,-0.0002901662832489139,-0.0007043692884867562,0.000145083141624457,0.0003521846442433781,0.000145083141624457,0.0003521846442433781,0.0001450831416244569,0.0003521846442433781,0.000145083141624457,0.0003521846442433781
1,6812.920690579529,0.0,0.8451352367985024,-0.3617757154924051,0.1548647632014976,0.3617757154924051,1.0,0.0,-0.0003097295264029951,-0.0007235514309848102,0.0001548647632014976,0.0003617757154924051,0.0001548647632014976,0.0003617757154924051,0.0001548647632014976,0.0003617757154924051,0.0001548647632014976,0.0003617757154924051
1,7079.457843841292,0.0,0.8348215494852861,-0.371341527438384,0.1651784505147139,0.371341527438384,1.0,0.0,-0.0003303569010294279,-0.000742683054876768,0.0001651784505147139,0.0003713415274383841,0.0001651784505147139,0.000371341527438384,0.0001651784505147139,0.000371341527438384,0.0001651784505147139,0.0003713415274383841
1,7356.422544596322,0.0,0.8239640615835988,-0.3808507408450956,0.1760359384164012,0.3808507408450957,1.0,0.0,-0.0003520718768328024,-0.0007617014816901913,0.0001760359384164012,0.0003808507408450957,0.0001760359384164012,0.0003808507408450957,0.0001760359384164012,0.0003808507408450956,0.0001760359384164012,0.0003808507408450957
1,7644.222742525907,0.0,0.8125531377103502,-0.3902698247461812,0.1874468622896499,0.3902698247461811,1.0,0.0,-0.0003748937245792997,-0.0007805396494923624,0.0001874468622896499,0.0003902698247461811,0.0001874468622896499,0.0003902698247461811,0.0001874468622896498,0.0003902698247461812,0.0001874468622896499,0.0003902698247461811
1,7943.282347242715,0.0,0.80058155822544,-0.3995631700429439,0.1994184417745601,0.3995631700429439,1.0,0.0,-0.0003988368835491201,-0.0007991263400858877,0.0001994184417745601,0.0003995631700429439,0.0001994184417745601,0.0003995631700429439,0.00019941844177456,0.0003995631700429439,0.0001994184417745601,0.0003995631700429438
1,8254.04185268008,0.0,0.7880448377300003,-0.4086932486071893,0.2119551622699997,0.4086932486071893,1.0,0.0,-0.0004239103245399994,-0.0008173864972143785,0.0002119551622699997,0.0004086932486071893,0.0002119551622699997,0.0004086932486071893,0.0002119551622699997,0.0004086932486071893,0.0002119551622699997,0.0004086932486071892
1,8576.958985908834,0.0,0.7749415391856116,-0.4176208208773203,0.2250584608143885,0.4176208208773203,1.0,0.0,-0.0004501169216287768,-0.0008352416417546406,0.0002250584608143885,0.0004176208208773203,0.0002250584608143885,0.0004176208208773203,0.0002250584608143884,0.0004176208208773203,0.0002250584608143885,0.0004176208208773203
1,8912.509381337342,0.0,0.7612735761181896,-0.4263051939894852,0.2387264238818105,0.4263051939894852,1.0,0.0,-0.0004774528477636209,-0.0008526103879789705,0.0002387264238818105,0.0004263051939894853,0.0002387264238818105,0.0004263051939894853,0.0002387264238818104,0.0004263051939894852,0.0002387264238818105,0.0004263051939894853
1,9261.187281287817,0.0,0.7470464945602014,-0.4347045312916767,0.2529535054397986,0.4347045312916767,1.0,0.0,-0.0005059070108795971,-0.0008694090625833535,0.0002529535054397986,0.0004347045312916768,0.0002529535054397986,0.0004347045312916767,0.0002529535054397986,0.0004347045312916767,0.0002529535054397986,0.0004347045312916767
1,9623.506263980764,0.0,0.7322697257611732,-0.4427762126569464,0.2677302742388269,0.4427762126569464,1.0,0.0,-0.0005354605484776537,-0.0008855524253138929,0.0002677302742388269,0.0004427762126569464,0.0002677302742388269,0.0004427762126569464,0.0002677302742388268,0.0004427762126569464,0.0002677302742388269,0.0004427762126569464
1,9999.99999999987,0.0,0.716956800324903,-0.4504772433683861,0.2830431996750969,0.4504772433683861,1.0,0.0,-0.0005660863993501939,-0.0009009544867367723,0.000283043199675097,0.0004504772433683861,0.000283043199675097,0.0004504772433683861,0.000283043199675097,0.0004504772433683861,0.000283043199675097,0.0004504772433683861
1,10391.22303835156,0.0,0.7011255143761492,-0.4577647075375398,0.2988744856238508,0.4577647075375398,1.0,0.0,-0.0005977489712477016,-0.0009155294150750798,0.0002988744856238508,0.0004577647075375398,0.0002988744856238508,0.0004577647075375398,0.0002988744856238508,0.0004577647075375398,0.0002988744856238508,0.0004577647075375398
1,10797.75162327696,0.0,0.6847980386763569,-0.4645962601026527,0.3152019613236431,0.4645962601026528,1.0,0.0,-0.0006304039226472862,-0.0009291925202053053,0.0003152019613236432,0.0004645962601026527,0.0003152019613236432,0.0004645962601026527,0.0003152019613236431,0.0004645962601026527,0.0003152019613236432,0.0004645962601026527
1,11220.18454301949,0.0,0.6680009623407765,-0.4709306495149504,0.3319990376592236,0.4709306495149504,1.0,0.0,-0.0006639980753184471,-0.0009418612990299007,0.0003319990376592236,0.0004709306495149504,0.0003319990376592236,0.0004709306495149504,0.0003319990376592235,0.0004709306495149504,0.0003319990376592236,0.0004709306495149503
1,11659.14401179817,0.0,0.6507652639828784,-0.4767282613566906,0.3492347360171217,0.4767282613566906,1.0,0.0,-0.0006984694720342434,-0.0009534565227133811,0.0003492347360171217,0.0004767282613566906,0.0003492347360171217,0.0004767282613566906,0.0003492347360171216,0.0004767282613566906,0.0003492347360171217,0.0004767282613566905
1,12115.27658628572,0.0,0.633126204726955,-0.4819516714516061,0.3668737952730449,0.4819516714516061,1.0,0.0,-0.00073374759054609,-0.0009639033429032121,0.0003668737952730449,0.0004819516714516061,0.0003668737952730449,0.0004819516714516061,0.000366873795273045,0.0004819516714516061,0.0003668737952730449,0.0004819516714516061
1,12589.25411794151,0.0,0.6151231395586074,-0.4865661956385476,0.3848768604413926,0.4865661956385476,1.0,0.0,-0.0007697537208827852,-0.0009731323912770952,0.0003848768604413926,0.0004865661956385477,0.0003848768604413926,0.0004865661956385476,0.0003848768604413926,0.0004865661956385476,0.0003848768604413926,0.0004865661956385477
1,13081.77474260177,0.0,0.5967992458673285,-0.4905404223909754,0.4032007541326716,0.4905404223909754,1.0,0.0,-0.0008064015082653432,-0.0009810808447819506,0.0004032007541326717,0.0004905404223909754,0.0004032007541326717,0.0004905404223909754,0.0004032007541326716,0.0004905404223909754,0.0004032007541326717,0.0004905404223909753
1,13593.56390878508,0.0,0.5782011706870829,-0.4938467139742552,0.4217988293129173,0.4938467139742552,1.0,0.0,-0.0008435976586258344,-0.0009876934279485102,0.0004217988293129173,0.0004938467139742552,0.0004217988293129173,0.0004938467139742552,0.0004217988293129171,0.0004938467139742552,0.0004217988293129173,0.000493846713974255
1,14125.37544622736,0.0,0.5593786009437505,-0.4964616619135488,0.4406213990562494,0.4964616619135487,1.0,0.0,-0.0008812427981124989,-0.0009929233238270977,0.0004406213990562495,0.0004964616619135487,0.0004406213990562495,0.0004964616619135487,0.0004406213990562496,0.0004964616619135488,0.0004406213990562494,0.0004964616619135488
1,14677.9926762205,0.0,0.5403837638351624,-0.4983664832415055,0.4596162361648375,0.4983664832415055,1.0,0.0,-0.0009192324723296751,-0.000996732966483011,0.0004596162361648375,0.0004983664832415055,0.0004596162361648375,0.0004983664832415055,0.0004596162361648376,0.0004983664832415055,0.0004596162361648375,0.0004983664832415056
1,15252.22956538999,0.0,0.5212708671500456,-0.4995473453144207,0.4787291328499543,0.4995473453144207,1.0,0.0,-0.0009574582656999088,-0.0009990946906288415,0.0004787291328499543,0.0004995473453144206,0.0004787291328499543,0.0004995473453144206,0.0004787291328499545,0.0004995473453144206,0.0004787291328499543,0.0004995473453144208
1,15848.93192461092,0.0,0.5020954917241784,-0.4999956088951521,0.4979045082758216,0.4999956088951521,1.0,0.0,-0.0009958090165516431,-0.0009999912177903044,0.0004979045082758216,0.0004999956088951521,0.0004979045082758216,0.0004999956088951521,0.0004979045082758216,0.0004999956088951521,0.0004979045082758216,0.0004999956088951521
1,16468.97865482846,0.0,0.4829139501928666,-0.4997079816272582,0.5170860498071335,0.4997079816272581,1.0,0.0,-0.001034172099614267,-0.0009994159632545163,0.0005170860498071334,0.0004997079816272582,0.0005170860498071335,0.0004997079816272582,0.0005170860498071335,0.0004997079816272582,0.0005170860498071334,0.000499707981627258
1,17113.28304161757,0.0,0.463782627607414,-0.4986865768566232,0.536217372392586,0.4986865768566232,1.0,0.0,-0.001072434744785172,-0.0009973731537132463,0.000536217372392586,0.0004986865768566232,0.000536217372392586,0.0004986865768566232,0.000536217372392586,0.0004986865768566232,0.000536217372392586,0.0004986865768566232
1,17782.79410038899,0.0,0.4447573202504296,-0.4969388758530433,0.5552426797495703,0.4969388758530432,1.0,0.0,-0.001110485359499141,-0.0009938777517060865,0.0005552426797495703,0.0004969388758530432,0.0005552426797495703,0.0004969388758530432,0.0005552426797495704,0.0004969388758530433,0.0005552426797495703,0.0004969388758530433
1,18478.49797422266,0.0,0.4258925890613636,-0.4944775946834923,0.5741074109386364,0.4944775946834923,1.0,0.0,-0.001148214821877273,-0.000988955189366985,0.0005741074109386363,0.0004944775946834923,0.0005741074109386363,0.0004944775946834923,0.0005741074109386363,0.0004944775946834923,0.0005741074109386363,0.0004944775946834923
1,19201.41938638775,0.0,0.4072411434646099,-0.4913204601217487,0.5927588565353901,0.4913204601217488,1.0,0.0,-0.00118551771307078,-0.0009826409202434976,0.00059275885653539,0.0004913204601217488,0.0005927588565353901,0.0004913204601217488,0.0005927588565353901,0.0004913204601217487,0.0005927588565353901,0.0004913204601217488
1,19952.62314968852,0.0,0.3888532701177288,-0.4874899018815441,0.6111467298822711,0.4874899018815441,1.0,0.0,-0.001222293459764543,-0.0009749798037630882,0.0006111467298822712,0.000487489901881544,0.0006111467298822712,0.0004874899018815441,0.0006111467298822713,0.0004874899018815441,0.0006111467298822712,0.0004874899018815441
1,20733.21573485926,0.0,0.3707763192477712,-0.4830126709858097,0.6292236807522288,0.4830126709858096,1.0,0.0,-0.001258447361504458,-0.0009660253419716196,0.0006292236807522288,0.0004830126709858097,0.0006292236807522288,0.0004830126709858097,0.0006292236807522289,0.0004830126709858097,0.0006292236807522287,0.0004830126709858097
1,21544.34690031854,0.0,0.3530542589342743,-0.4779193961147054,0.6469457410657257,0.4779193961147054,1.0,0.0,-0.001293891482131451,-0.000955838792229411,0.0006469457410657256,0.0004779193961147054,0.0006469457410657257,0.0004779193961147054,0.0006469457410657257,0.0004779193961147054,0.0006469457410657256,0.0004779193961147054
1,22387.21138568308,0.0,0.3357273050671038,-0.4722440912277078,0.6642726949328961,0.4722440912277077,1.0,0.0,-0.001328545389865792,-0.0009444881824554157,0.0006642726949328961,0.0004722440912277078,0.0006642726949328961,0.0004722440912277077,0.0006642726949328962,0.0004722440912277078,0.000664272694932896,0.0004722440912277079
1,23263.05067153593,0.0,0.3188316319071426,-0.4660236285882626,0.6811683680928575,0.4660236285882626,1.0,0.0,-0.001362336736185715,-0.0009320472571765252,0.0006811683680928575,0.0004660236285882626,0.0006811683680928575,0.0004660236285882626,0.0006811683680928574,0.0004660236285882626,0.0006811683680928575,0.0004660236285882625
1,24173.1548080407,0.0,0.3023991653595099,-0.4592971915322167,0.6976008346404902,0.4592971915322167,1.0,0.0,-0.00139520166928098,-0.0009185943830644333,0.0006976008346404902,0.0004592971915322167,0.0006976008346404902,0.0004592971915322167,0.0006976008346404901,0.0004592971915322167,0.0006976008346404902,0.0004592971915322166
1,25118.86431509545,0.0,0.2864574583735154,-0.4521057209499799,0.7135425416264846,0.4521057209499798,1.0,0.0,-0.001427085083252969,-0.00090421144189996,0.0007135425416264845,0.0004521057209499799,0.0007135425416264846,0.0004521057209499798,0.0007135425416264847,0.0004521057209499798,0.0007135425416264845,0.00045210572094998
1,26101.572156825,0.0,0.2710296454321106,-0.4444913685653019,0.7289703545678894,0.4444913685653019,1.0,0.0,-0.001457940709135779,-0.0008889827371306037,0.0007289703545678894,0.0004444913685653019,0.0007289703545678894,0.0004444913685653019,0.0007289703545678894,0.0004444913685653019,0.0007289703545678894,0.0004444913685653019
1,27122.7257933199,0.0,0.2561344709810628,-0.4364969687825036,0.7438655290189373,0.4364969687825036,1.0,0.0,-0.001487731058037874,-0.0008729939375650073,0.0007438655290189373,0.0004364969687825036,0.0007438655290189373,0.0004364969687825036,0.0007438655290189372,0.0004364969687825036,0.0007438655290189373,0.0004364969687825034
1,28183.82931264413,0.0,0.2417863849393197,-0.4281655392453891,0.7582136150606802,0.4281655392453891,1.0,0.0,-0.001516427230121361,-0.0008563310784907784,0.0007582136150606802,0.0004281655392453891,0.0007582136150606802,0.0004281655392453891,0.0007582136150606803,0.0004281655392453891,0.0007582136150606802,0.0004281655392453892
1,29286.44564625194,0.0,0.2279956971611868,-0.4195398184167639,0.7720043028388133,0.4195398184167639,1.0,0.0,-0.001544008605677626,-0.0008390796368335277,0.0007720043028388132,0.0004195398184167639,0.0007720043028388133,0.0004195398184167639,0.0007720043028388133,0.0004195398184167639,0.0007720043028388132,0.0004195398184167637
1,30432.19887107678,0.0,0.2147687818932375,-0.4106618465566682,0.7852312181067626,0.4106618465566682,1.0,0.0,-0.001570462436213525,-0.0008213236931133361,0.0007852312181067625,0.0004106618465566682,0.0007852312181067625,0.0004106618465566682,0.0007852312181067624,0.0004106618465566682,0.0007852312181067625,0.0004106618465566681
1,31622.77660168334,0.0,0.2021083228643828,-0.4015725945496395,0.7978916771356174,0.4015725945496396,1.0,0.0,-0.001595783354271235,-0.0008031451890992787,0.0007978916771356173,0.0004015725945496396,0.0007978916771356174,0.0004015725945496396,0.0007978916771356172,0.0004015725945496395,0.0007978916771356174,0.0004015725945496393
1,32859.93247600607,0.0,0.1900135896262821,-0.3923116431915027,0.8099864103737179,0.3923116431915027,1.0,0.0,-0.001619972820747436,-0.0007846232863830056,0.0008099864103737178,0.0003923116431915028,0.0008099864103737179,0.0003923116431915028,0.0008099864103737179,0.0003923116431915028,0.0008099864103737178,0.0003923116431915028
1,34145.48873833552,0.0,0.1784807360691126,-0.3829169138616632,0.8215192639308874,0.3829169138616632,1.0,0.0,-0.001643038527861775,-0.0007658338277233263,0.0008215192639308874,0.0003829169138616632,0.0008215192639308874,0.0003829169138616632,0.0008215192639308874,0.0003829169138616632,0.0008215192639308874,0.0003829169138616632
1,35481.33892335703,0.0,0.1675031126119502,-0.3734244500260508,0.8324968873880498,0.3734244500260508,1.0,0.0,-0.0016649937747761,-0.0007468489000521017,0.0008324968873880498,0.0003734244500260508,0.0008324968873880498,0.0003734244500260508,0.0008324968873880498,0.0003734244500260508,0.0008324968873880498,0.0003734244500260508
1,36869.45064519521,0.0,0.1570715843419168,-0.3638682477686626,0.8429284156580832,0.3638682477686627,1.0,0.0,-0.001685856831316166,-0.0007277364955373255,0.0008429284156580831,0.0003638682477686627,0.0008429284156580832,0.0003638682477686627,0.0008429284156580832,0.0003638682477686626,0.0008429284156580832,0.0003638682477686628
1,38311.86849557231,0.0,0.147174848287437,-0.3542801325490987,0.8528251517125629,0.3542801325490986,1.0,0.0,-0.001705650303425126,-0.0007085602650981973,0.0008528251517125631,0.0003542801325490987,0.000852825151712563,0.0003542801325490987,0.0008528251517125631,0.0003542801325490987,0.0008528251517125628,0.0003542801325490989
1,39810.71705534914,0.0,0.1377997439989876,-0.3446896786281845,0.8622002560010125,0.3446896786281845,1.0,0.0,-0.001724400512002025,-0.000689379357256369,0.0008622002560010125,0.0003446896786281845,0.0008622002560010125,0.0003446896786281845,0.0008622002560010124,0.0003446896786281845,0.0008622002560010125,0.0003446896786281843
1,41368.20402388446,0.0,0.1289315526235447,-0.3351241670808401,0.8710684473764553,0.3351241670808401,1.0,0.0,-0.00174213689475291,-0.0006702483341616801,0.0008710684473764552,0.0003351241670808402,0.0008710684473764553,0.0003351241670808402,0.0008710684473764553,0.0003351241670808402,0.0008710684473764552,0.0003351241670808401
1,42986.62347082213,0.0,0.120554280653254,-0.3256085780034526,0.8794457193467461,0.3256085780034526,1.0,0.0,-0.001758891438693492,-0.0006512171560069048,0.0008794457193467462,0.0003256085780034526,0.0008794457193467461,0.0003256085780034526,0.000879445719346746,0.0003256085780034526,0.000879445719346746,0.0003256085780034524
1,44668.35921509565,0.0,0.1126509254707246,-0.3161656123953297,0.8873490745292754,0.3161656123953296,1.0,0.0,-0.001774698149058551,-0.0006323312247906595,0.0008873490745292755,0.0003161656123953296,0.0008873490745292754,0.0003161656123953296,0.0008873490745292754,0.0003161656123953297,0.0008873490745292753,0.0003161656123953298
1,46415.88833612709,0.0,0.1052037206780255,-0.3068157392206688,0.8947962793219745,0.3068157392206688,1.0,0.0,-0.001789592558643949,-0.0006136314784413377,0.0008947962793219745,0.0003068157392206689,0.0008947962793219745,0.0003068157392206688,0.0008947962793219745,0.0003068157392206688,0.0008947962793219745,0.000306815739220669
1,48231.78482239234,0.0,0.09819435996760721,-0.2975772633084712,0.9018056400323928,0.2975772633084712,1.0,0.0,-0.001803611280064786,-0.0005951545266169424,0.0009018056400323929,0.0002975772633084712,0.0009018056400323929,0.0002975772633084712,0.0009018056400323929,0.0002975772633084712,0.0009018056400323929,0.0002975772633084711
1,50118.72336272647,0.0,0.09160419896211011,-0.2884664099936425,0.9083958010378899,0.2884664099936425,1.0,0.0,-0.00181679160207578,-0.0005769328199872852,0.00090839580103789,0.0002884664099936425,0.0009083958010378899,0.0002884664099936425,0.0009083958010378899,0.0002884664099936425,0.0009083958010378898,0.0002884664099936426
1,52079.48328595385,0.0,0.08541443501360942,-0.2794974227160518,0.9145855649863905,0.2794974227160517,1.0,0.0,-0.001829171129972781,-0.0005589948454321038,0.0009145855649863907,0.0002794974227160517,0.0009145855649863906,0.0002794974227160517,0.0009145855649863906,0.0002794974227160517,0.0009145855649863904,0.0002794974227160519
1,54116.95265464555,0.0,0.07960626541346418,-0.270682670151573,0.9203937345865358,0.270682670151573,1.0,0.0,-0.001840787469173072,-0.0005413653403031462,0.0009203937345865358,0.000270682670151573,0.0009203937345865358,0.000270682670151573,0.0009203937345865358,0.000270682670151573,0.0009203937345865358,0.000270682670151573
1,56234.13251903405,0.0,0.07416102482736181,-0.2620327598296008,0.9258389751726381,0.2620327598296007,1.0,0.0,-0.001851677950345276,-0.0005240655196592017,0.0009258389751726382,0.0002620327598296008,0.0009258389751726382,0.0002620327598296008,0.0009258389751726382,0.0002620327598296008,0.000925838975172638,0.0002620327598296009
1,58434.14133735087,0.0,0.06906030304469868,-0.2535566555783402,0.9309396969553013,0.2535566555783402,1.0,0.0,-0.001861879393910603,-0.0005071133111566807,0.0009309396969553014,0.0002535566555783403,0.0009309396969553013,0.0002535566555783403,0.0009309396969553013,0.0002535566555783403,0.0009309396969553014,0.0002535566555783403
1,60720.21956909792,0.0,0.06428604432692228,-0.2452617965189835,0.9357139556730776,0.2452617965189835,1.0,0.0,-0.001871427911346155,-0.0004905235930379673,0.0009357139556730777,0.0002452617965189835,0.0009357139556730776,0.0002452617965189835,0.0009357139556730777,0.0002452617965189835,0.0009357139556730776,0.000245261796518984
1,63095.73444801835,0.0,0.05982062976643528,-0.2371542156926214,0.9401793702335648,0.2371542156926214,1.0,0.0,-0.00188035874046713,-0.0004743084313852427,0.0009401793702335649,0.0002371542156926213,0.0009401793702335648,0.0002371542156926213,0.0009401793702335647,0.0002371542156926213,0.0009401793702335649,0.000237154215692621
1,65564.18494179688,0.0,0.05564694413674501,-0.229238656742241,0.9443530558632549,0.229238656742241,1.0,0.0,-0.00188870611172651,-0.0004584773134844824,0.000944353055863255,0.000229238656742241,0.0009443530558632549,0.000229238656742241,0.0009443530558632551,0.000229238656742241,0.000944353055863255,0.0002292386567422413
1,68129.20690579507,0.0,0.05174842873598384,-0.2215186873817661,0.9482515712640162,0.2215186873817662,1.0,0.0,-0.001896503142528032,-0.000443037374763533,0.0009482515712640161,0.0002215186873817661,0.0009482515712640161,0.0002215186873817662,0.0009482515712640161,0.0002215186873817661,0.0009482515712640162,0.0002215186873817661
1,70794.57843841269,0.0,0.04810912170924018,-0.2139968086621987,0.9518908782907599,0.2139968086621987,1.0,0.0,-0.00190378175658152,-0.0004279936173243971,0.0009518908782907598,0.0002139968086621987,0.0009518908782907599,0.0002139968086621987,0.0009518908782907598,0.0002139968086621987,0.0009518908782907598,0.0002139968086621983
1,73564.22544596299,0.0,0.04471368728894127,-0.2066745592906104,0.9552863127110589,0.2066745592906104,1.0,0.0,-0.001910572625422117,-0.0004133491185812207,0.0009552863127110588,0.0002066745592906104,0.0009552863127110589,0.0002066745592906104,0.0009552863127110587,0.0002066745592906104,0.0009552863127110587,0.0002066745592906096
1,76442.22742525882,0.0,0.04154743532437962,-0.1995526144713372,0.9584525646756203,0.1995526144713371,1.0,0.0,-0.001916905129351241,-0.0003991052289426741,0.0009584525646756204,0.0001995526144713371,0.0009584525646756203,0.0001995526144713371,0.0009584525646756203,0.0001995526144713372,0.0009584525646756202,0.0001995526144713373
1,79432.8234724269,0.0,0.03859633238788805,-0.1926308789215574,0.9614036676121119,0.1926308789215574,1.0,0.0,-0.001922807335224224,-0.0003852617578431142,0.000961403667612112,0.0001926308789215574,0.000961403667612112,0.0001926308789215574,0.000961403667612112,0.0001926308789215574,0.0009614036676121121,0.0001926308789215575
1,82540.41852680054,0.0,0.03584700565161528,-0.1859085738674479,0.9641529943483848,0.1859085738674479,1.0,0.0,-0.001928305988696769,-0.0003718171477348955,0.0009641529943483849,0.0001859085738674479,0.0009641529943483848,0.0001859085738674479,0.0009641529943483848,0.000185908573867448,0.0009641529943483847,0.0001859085738674478
1,85769.58985908805,0.0,0.03328674062981853,-0.1793843179546688,0.9667132593701814,0.1793843179546688,1.0,0.0,-0.001933426518740363,-0.000358768635909338,0.0009667132593701814,0.0001793843179546688,0.0009667132593701814,0.0001793843179546688,0.0009667132593701815,0.0001793843179546688,0.0009667132593701814,0.0001793843179546693
1,89125.09381337314,0.0,0.03090347378067994,-0.1730562021106634,0.96909652621932,0.1730562021106634,1.0,0.0,-0.00193819305243864,-0.0003461124042213274,0.0009690965262193201,0.0001730562021106634,0.00096909652621932,0.0001730562021106634,0.0009690965262193201,0.0001730562021106634,0.0009690965262193201,0.0001730562021106639
1,92611.87281287787,0.0,0.02868578086167162,-0.1669218584788336,0.9713142191383284,0.1669218584788336,1.0,0.0,-0.001942628438276657,-0.0003338437169576672,0.0009713142191383283,0.0001669218584788336,0.0009713142191383284,0.0001669218584788336,0.0009713142191383284,0.0001669218584788336,0.0009713142191383283,0.0001669218584788336
1,96235.06263980732,0.0,0.02662286183556679,-0.1609785236087445,0.9733771381644332,0.1609785236087445,1.0,0.0,-0.001946754276328866,-0.0003219570472174898,0.0009733771381644332,0.0001609785236087445,0.0009733771381644332,0.0001609785236087445,0.0009733771381644332,0.0001609785236087445,0.0009733771381644332,0.0001609785236087448
1,99999.9999999984,0.0,0.02470452303185841,-0.15522309613465,0.9752954769681416,0.15522309613465,1.0,0.0,-0.001950590953936283,-0.0003104461922693001,0.0009752954769681417,0.00015522309613465,0.0009752954769681416,0.00015522309613465,0.0009752954769681416,0.00015522309613465,0.0009752954769681417,0.0001552230961346501
1,103912.2303835152,0.0,0.02292115718165539,-0.1496521892092101,0.9770788428183446,0.1496521892092102,1.0,0.0,-0.00195415768563669,-0.0002993043784184201,0.0009770788428183446,0.0001496521892092102,0.0009770788428183446,0.0001496521892092102,0.0009770788428183446,0.0001496521892092101,0.0009770788428183448,0.0001496521892092105
1,107977.5162327692,0.0,0.02126372186373952,-0.1442621779824533,0.9787362781362604,0.1442621779824533,1.0,0.0,-0.001957472556272521,-0.0002885243559649069,0.0009787362781362606,0.0001442621779824533,0.0009787362781362603,0.0001442621779824533,0.0009787362781362606,0.0001442621779824533,0.0009787362781362606,0.0001442621779824538
1,112201.8454301945,0.0,0.01972371682572164,-0.1390492424297967,0.9802762831742784,0.1390492424297967,1.0,0.0,-0.001960552566348557,-0.0002780984848595926,0.0009802762831742783,0.0001390492424297967,0.0009802762831742785,0.0001390492424297967,0.0009802762831742785,0.0001390492424297967,0.0009802762831742783,0.0001390492424297965
1,116591.4401179813,0.0,0.01829316057722962,-0.1340094058390131,0.9817068394227703,0.1340094058390131,1.0,0.0,-0.00196341367884554,-0.0002680188116780278,0.0009817068394227702,0.0001340094058390131,0.0009817068394227704,0.0001340094058390131,0.0009817068394227704,0.0001340094058390131,0.0009817068394227702,0.0001340094058390139
1,121152.7658628569,0.0,0.01696456659169971,-0.1291385692659459,0.9830354334083002,0.1291385692659459,1.0,0.0,-0.001966070866816601,-0.000258277138531892,0.0009830354334083003,0.0001291385692659459,0.0009830354334083003,0.0001291385692659458,0.0009830354334083003,0.0001291385692659459,0.0009830354334083,0.0001291385692659462
1,125892.5411794147,0.0,0.0157309193993934,-0.1244325422638434,0.9842690806006066,0.1244325422638434,1.0,0.0,-0.001968538161201213,-0.0002488650845276878,0.0009842690806006066,0.0001244325422638435,0.0009842690806006066,0.0001244325422638435,0.0009842690806006066,0.0001244325422638435,0.0009842690806006066,0.0001244325422638436
1,130817.7474260173,0.0,0.01458565080639901,-0.119887070182538,0.9854143491936009,0.119887070182538,1.0,0.0,-0.001970828698387202,-0.0002397741403650754,0.000985414349193601,0.000119887070182538,0.000985414349193601,0.000119887070182538,0.0009854143491936011,0.000119887070182538,0.000985414349193601,0.0001198870701825385
1,135935.6390878503,0.0,0.01352261643220651,-0.115497858322282,0.9864773835677936,0.115497858322282,1.0,0.0,-0.001972954767135587,-0.0002309957166445626,0.0009864773835677936,0.000115497858322282,0.0009864773835677936,0.000115497858322282,0.0009864773835677936,0.000115497858322282,0.0009864773835677936,0.0001154978583222813
1,141253.7544622731,0.0,0.01253607272153699,-0.1112605932136681,0.9874639272784629,0.1112605932136681,1.0,0.0,-0.001974927854556926,-0.0002225211864273369,0.0009874639272784628,0.0001112605932136681,0.0009874639272784628,0.0001112605932136681,0.000987463927278463,0.0001112605932136681,0.0009874639272784628,0.0001112605932136692
1,146779.9267622045,0.0,0.01162065455401981,-0.1071709612803578,0.9883793454459803,0.1071709612803578,1.0,0.0,-0.00197675869089196,-0.0002143419225607152,0.0009883793454459804,0.0001071709612803578,0.0009883793454459804,0.0001071709612803578,0.0009883793454459801,0.0001071709612803578,0.0009883793454459804,0.000107170961280357
1,152522.2956538993,0.0,0.01077135354759234,-0.103224665125856,0.9892286464524077,0.103224665125856,1.0,0.0,-0.001978457292904815,-0.0002064493302517123,0.0009892286464524079,0.000103224665125856,0.0009892286464524076,0.000103224665125856,0.0009892286464524076,0.000103224665125856,0.0009892286464524076,0.0001032246651258555
1,158489.3192461087,0.0,0.00998349712771327,-0.09941743766972778,0.9900165028722867,0.09941743766972778,1.0,0.0,-0.001980033005744573,-0.0001988348753394556,0.0009900165028722866,9.941743766972778e-05,0.0009900165028722868,9.941743766972778e-05,0.0009900165028722868,9.941743766972778e-05,0.0009900165028722866,9.941743766972802e-05
1,164689.7865482841,0.0,0.009252728414211816,-0.0957450543427944,0.9907472715857882,0.0957450543427944,1.0,0.0,-0.001981494543171577,-0.0001914901086855873,0.000990747271585788,9.57450543427944e-05,0.0009907472715857883,9.57450543427944e-05,0.0009907472715857883,9.57450543427944e-05,0.000990747271585788,9.574505434279387e-05
1,171132.8304161752,0.0,0.008574986960447806,-0.09220334353523171,0.9914250130395522,0.09220334353523171,1.0,0.0,-0.001982850026079105,-0.0001844066870704646,0.0009914250130395523,9.220334353523171e-05,0.0009914250130395523,9.220334353523171e-05,0.0009914250130395523,9.220334353523171e-05,0.0009914250130395523,9.220334353523148e-05
1,177827.9410038893,0.0,0.00794649036506477,-0.08878819547632841,0.9920535096349353,0.08878819547632841,1.0,0.0,-0.001984107019269871,-0.0001775763909526561,0.0009920535096349353,8.87881954763284e-05,0.0009920535096349353,8.87881954763284e-05,0.0009920535096349353,8.87881954763284e-05,0.0009920535096349353,8.878819547632732e-05
1,184784.979742226,0.0,0.007363716764641194,-0.0854955697100811,0.9926362832353588,0.0854955697100811,1.0,0.0,-0.001985272566470718,-0.0001709911394201617,0.0009926362832353589,8.549556971008109e-05,0.0009926362832353589,8.54955697100811e-05,0.0009926362832353589,8.54955697100811e-05,0.0009926362832353589,8.54955697100812e-05
1,192014.1938638769,0.0,0.006823388205677218,-0.0823215013169211,0.9931766117943227,0.0823215013169211,1.0,0.0,-0.001986353223588646,-0.0001646430026338436,0.0009931766117943228,8.232150131692111e-05,0.0009931766117943228,8.232150131692111e-05,0.0009931766117943228,8.232150131692111e-05,0.0009931766117943228,8.232150131692203e-05
1,199526.2314968846,0.0,0.006322454886315908,-0.0792621060187427,0.993677545113684,0.07926210601874269,1.0,0.0,-0.001987355090227368,-0.0001585242120374867,0.0009936775451136841,7.92621060187427e-05,0.0009936775451136841,7.926210601874268e-05,0.0009936775451136841,7.926210601874271e-05,0.000993677545113684,7.926210601874383e-05
1,207332.157348592,0.0,0.005858080251739948,-0.07631358429207818,0.9941419197482602,0.07631358429207818,1.0,0.0,-0.00198828383949652,-0.0001526271685841542,0.00099414191974826,7.63135842920782e-05,0.0009941419197482602,7.631358429207818e-05,0.00099414191974826,7.631358429207818e-05,0.00099414191974826,7.631358429207677e-05
1,215443.4690031847,0.0,0.005427626922083029,-0.07347222460275522,0.994572373077917,0.07347222460275522,1.0,0.0,-0.001989144746155834,-0.0001469444492055091,0.000994572373077917,7.347222460275522e-05,0.000994572373077917,7.347222460275522e-05,0.000994572373077917,7.347222460275522e-05,0.000994572373077917,7.347222460275461e-05
1,223872.1138568301,0.0,0.005028643427752327,-0.07073440586467698,0.9949713565722477,0.07073440586467698,1.0,0.0,-0.001989942713144495,-0.0001414688117293526,0.0009949713565722475,7.073440586467698e-05,0.0009949713565722477,7.073440586467698e-05,0.0009949713565722477,7.073440586467698e-05,0.0009949713565722475,7.073440586467708e-05
1,232630.5067153586,0.0,0.004658851724099373,-0.06809659921546911,0.9953411482759006,0.06809659921546912,1.0,0.0,-0.001990682296551801,-0.0001361931984309381,0.0009953411482759005,6.809659921546912e-05,0.0009953411482759005,6.809659921546912e-05,0.0009953411482759005,6.809659921546911e-05,0.0009953411482759007,6.809659921546968e-05
1,241731.5480804062,0.0,0.004316135455248349,-0.06555536919261684,0.9956838645447517,0.06555536919261686,1.0,0.0,-0.001991367729089504,-0.0001311107383852334,0.0009956838645447518,6.555536919261685e-05,0.0009956838645447518,6.555536919261686e-05,0.0009956838645447518,6.555536919261685e-05,0.000995683864544752,6.555536919261667e-05
1,251188.6431509537,0.0,0.003998528935458822,-0.06310737438533726,0.9960014710645412,0.06310737438533724,1.0,0.0,-0.001992002942129082,-0.0001262147487706769,0.0009960014710645414,6.310737438533726e-05,0.0009960014710645412,6.310737438533724e-05,0.0009960014710645412,6.310737438533726e-05,0.0009960014710645412,6.310737438533727e-05
1,261015.7215682491,0.0,0.003704206815548073,-0.0607493676297599,0.9962957931844519,0.0607493676297599,1.0,0.0,-0.001992591586368904,-0.0001214987352595176,0.0009962957931844518,6.07493676297599e-05,0.000996295793184452,6.07493676297599e-05,0.000996295793184452,6.07493676297599e-05,0.0009962957931844518,6.074936762975971e-05
1,271227.2579331981,0.0,0.00343147440152515,-0.05847819580798323,0.9965685255984748,0.05847819580798323,1.0,0.0,-0.00199313705119695,-0.0001169563916159667,0.0009965685255984749,5.847819580798323e-05,0.0009965685255984749,5.847819580798323e-05,0.0009965685255984749,5.847819580798323e-05,0.0009965685255984749,5.84781958079849e-05
1,281838.2931264404,0.0,0.003178758592607587,-0.05629079930519295,0.9968212414073924,0.05629079930519294,1.0,0.0,-0.001993642482814785,-0.0001125815986103874,0.0009968212414073925,5.629079930519295e-05,0.0009968212414073923,5.629079930519294e-05,0.0009968212414073923,5.629079930519295e-05,0.0009968212414073923,5.629079930519376e-05
1,292864.4564625185,0.0,0.002944599406127801,-0.05418421117323046,0.9970554005938722,0.05418421117323046,1.0,0.0,-0.001994110801187745,-0.0001083684223464609,0.0009970554005938723,5.418421117323047e-05,0.0009970554005938723,5.418421117323046e-05,0.0009970554005938723,5.418421117323046e-05,0.0009970554005938723,5.418421117323026e-05
1,304321.9887107668,0.0,0.002727642057425229,-0.05215555604374086,0.9972723579425747,0.05215555604374086,1.0,0.0,-0.00199454471588515,-0.000104311112087481,0.0009972723579425747,5.215555604374086e-05,0.0009972723579425747,5.215555604374087e-05,0.0009972723579425747,5.215555604374087e-05,0.0009972723579425747,5.215555604374148e-05
1,316227.7660168324,0.0,0.002526629563608271,-0.05020204882927161,0.9974733704363917,0.05020204882927162,1.0,0.0,-0.001994946740872783,-0.0001004040976585463,0.0009974733704363917,5.020204882927161e-05,0.0009974733704363917,5.020204882927162e-05,0.0009974733704363917,5.020204882927161e-05,0.0009974733704363919,5.020204882927167e-05
1,328599.3247600597,0.0,0.002340395841010736,-0.04832099324639463,0.9976596041589892,0.04832099324639463,1.0,0.0,-0.001995319208317978,-9.664198649279171e-05,0.0009976596041589892,4.832099324639463e-05,0.0009976596041589892,4.832099324639463e-05,0.0009976596041589892,4.832099324639463e-05,0.0009976596041589892,4.832099324639505e-05
1,341454.8873833541,0.0,0.002167859267222106,-0.04650978019104827,0.9978321407327779,0.04650978019104827,1.0,0.0,-0.001995664281465556,-9.301956038209463e-05,0.000997832140732778,4.650978019104827e-05,0.000997832140732778,4.650978019104827e-05,0.000997832140732778,4.650978019104827e-05,0.000997832140732778,4.650978019104753e-05
1,354813.3892335691,0.0,0.002008016679706846,-0.04476588599280557,0.9979919833202932,0.04476588599280557,1.0,0.0,-0.001995983966640586,-8.953177198561119e-05,0.0009979919833202932,4.476588599280557e-05,0.0009979919833202932,4.476588599280557e-05,0.0009979919833202932,4.476588599280557e-05,0.0009979919833202932,4.476588599280559e-05
1,368694.506451951,0.0,0.001859937784218295,-0.04308687057163855,0.9981400622157818,0.04308687057163855,1.0,0.0,-0.001996280124431564,-8.617374114327364e-05,0.0009981400622157818,4.308687057163855e-05,0.0009981400622157818,4.308687057163855e-05,0.0009981400622157816,4.308687057163855e-05,0.0009981400622157818,4.308687057163692e-05
1,383118.6849557219,0.0,0.001722759947434772,-0.04147037551793192,0.9982772400525652,0.04147037551793192,1.0,0.0,-0.00199655448010513,-8.294075103586207e-05,0.0009982772400525654,4.147037551793192e-05,0.0009982772400525652,4.147037551793192e-05,0.0009982772400525652,4.147037551793192e-05,0.0009982772400525654,4.147037551793162e-05
1,398107.1705534901,0.0,0.001595683349481224,-0.0399141221139763,0.9984043166505187,0.0399141221139763,1.0,0.0,-0.001996808633301038,-7.982824422795784e-05,0.0009984043166505186,3.99141221139763e-05,0.0009984043166505186,3.99141221139763e-05,0.0009984043166505188,3.99141221139763e-05,0.0009984043166505186,3.991412211397939e-05
1,413682.0402388432,0.0,0.001477966473233844,-0.0384159093129115,0.9985220335267662,0.03841590931291151,1.0,0.0,-0.001997044067053533,-7.68318186258228e-05,0.0009985220335267662,3.84159093129115e-05,0.0009985220335267662,3.84159093129115e-05,0.0009985220335267662,3.84159093129115e-05,0.0009985220335267664,3.841590931291136e-05
1,429866.2347082199,0.0,0.001368921908525831,-0.03697361168907074,0.9986310780914742,0.03697361168907074,1.0,0.0,-0.001997262156182948,-7.394722337814019e-05,0.000998631078091474,3.697361168907075e-05,0.0009986310780914743,3.697361168907074e-05,0.0009986310780914743,3.697361168907074e-05,0.000998631078091474,3.697361168906931e-05
1,446683.5921509551,0.0,0.001267912450570103,-0.03558517737187483,0.99873208754943,0.03558517737187483,1.0,0.0,-0.00199746417509886,-7.117035474374714e-05,0.00099873208754943,3.558517737187483e-05,0.00099873208754943,3.558517737187483e-05,0.00099873208754943,3.558517737187483e-05,0.00099873208754943,3.558517737187215e-05
1,464158.8833612694,0.0,0.001174347473081949,-0.03424862597381705,0.9988256525269181,0.03424862597381704,1.0,0.0,-0.001997651305053836,-6.849725194763359e-05,0.0009988256525269182,3.424862597381705e-05,0.0009988256525269182,3.424862597381704e-05,0.000998825652526918,3.424862597381705e-05,0.000998825652526918,3.424862597381478e-05
1,482317.8482239218,0.0,0.001087679557715616,-0.03296204652164886,0.9989123204422845,0.03296204652164886,1.0,0.0,-0.001997824640884569,-6.592409304329375e-05,0.0009989123204422845,3.296204652164887e-05,0.0009989123204422845,3.296204652164887e-05,0.0009989123204422845,3.296204652164887e-05,0.0009989123204422845,3.296204652164513e-05
1,501187.2336272631,0.0,0.001007401362519582,-0.03172359539860474,0.9989925986374805,0.03172359539860474,1.0,0.0,-0.001997985197274961,-6.344719079720562e-05,0.0009989925986374805,3.172359539860474e-05,0.0009989925986374805,3.172359539860474e-05,0.0009989925986374805,3.172359539860474e-05,0.0009989925986374805,3.17235953986032e-05
1,520794.8328595368,0.0,0.0009330427131625615,-0.03053149430437324,0.9990669572868374,0.03053149430437324,1.0,0.0,-0.001998133914573675,-6.106298860875103e-05,0.0009990669572868375,3.053149430437324e-05,0.0009990669572868373,3.053149430437325e-05,0.0009990669572868375,3.053149430437324e-05,0.0009990669572868375,3.053149430437565e-05
1,541169.5265464537,0.0,0.0008641679016845073,-0.0293840282385211,0.9991358320983155,0.0293840282385211,1.0,0.0,-0.001998271664196631,-5.876805647704597e-05,0.0009991358320983156,2.93840282385211e-05,0.0009991358320983156,2.93840282385211e-05,0.0009991358320983156,2.93840282385211e-05,0.0009991358320983156,2.938402823852193e-05
1,562341.3251903387,0.0,0.0008003731784826213,-0.02827954351218893,0.9991996268215174,0.02827954351218893,1.0,0.0,-0.001998399253643035,-5.655908702437151e-05,0.0009991996268215175,2.827954351218893e-05,0.0009991996268215175,2.827954351218893e-05,0.0009991996268215175,2.827954351218893e-05,0.0009991996268215175,2.827954351218757e-05
1,584341.4133735067,0.0,0.0007412844241514641,-0.0272164457920937,0.9992587155758486,0.0272164457920937,1.0,0.0,-0.001998517431151697,-5.443289158418851e-05,0.0009992587155758486,2.721644579209369e-05,0.0009992587155758486,2.721644579209369e-05,0.0009992587155758486,2.721644579209369e-05,0.0009992587155758486,2.721644579209299e-05
1,607202.1956909773,0.0,0.0006865549886586705,-0.02619319818018064,0.9993134450113413,0.02619319818018064,1.0,0.0,-0.001998626890022683,-5.238639636036269e-05,0.0009993134450113415,2.619319818018064e-05,0.0009993134450113413,2.619319818018064e-05,0.0009993134450113413,2.619319818018064e-05,0.0009993134450113413,2.619319818018027e-05
1,630957.3444801815,0.0,0.000635863686154194,-0.02520831933165764,0.9993641363138458,0.02520831933165764,1.0,0.0,-0.001998728272627692,-5.041663866331425e-05,0.0009993641363138458,2.520831933165764e-05,0.0009993641363138458,2.520831933165764e-05,0.0009993641363138458,2.520831933165764e-05,0.0009993641363138458,2.520831933165801e-05
1,655641.8494179667,0.0,0.0005889129344823334,-0.0242603816136089,0.9994110870655176,0.0242603816136089,1.0,0.0,-0.001998822174131035,-4.852076322722082e-05,0.0009994110870655177,2.42603816136089e-05,0.0009994110870655177,2.42603816136089e-05,0.0009994110870655177,2.42603816136089e-05,0.0009994110870655177,2.426038161361071e-05
1,681292.0690579485,0.0,0.0005454270291932176,-0.02334800930591392,0.9994545729708069,0.02334800930591392,1.0,0.0,-0.001998909145941613,-4.669601861182621e-05,0.0009994545729708067,2.334800930591392e-05,0.000999454572970807,2.334800930591392e-05,0.0009994545729708067,2.334800930591392e-05,0.0009994545729708067,2.334800930591039e-05
1,707945.7843841247,0.0,0.0005051505425354056,-0.02246987684578582,0.9994948494574645,0.02246987684578582,1.0,0.0,-0.001998989698914929,-4.493975369158215e-05,0.0009994948494574645,2.246987684578582e-05,0.0009994948494574645,2.246987684578582e-05,0.0009994948494574645,2.246987684578582e-05,0.0009994948494574645,2.246987684579119e-05
1,735642.2544596274,0.0,0.0004678468385553149,-0.02162470711688296,0.9995321531614446,0.02162470711688296,1.0,0.0,-0.001999064306322889,-4.324941423376749e-05,0.0009995321531614445,2.162470711688296e-05,0.0009995321531614447,2.162470711688296e-05,0.0009995321531614447,2.162470711688296e-05,0.0009995321531614445,2.162470711688624e-05
1,764422.2742525858,0.0,0.0004332966960339911,-0.02081126978363399,0.9995667033039659,0.02081126978363399,1.0,0.0,-0.001999133406607932,-4.162253956727091e-05,0.000999566703303966,2.081126978363399e-05,0.000999566703303966,2.081126978363399e-05,0.000999566703303966,2.081126978363399e-05,0.000999566703303966,2.08112697836388e-05
1,794328.2347242665,0.0,0.0004012970315590457,-0.02002837967114433,0.9995987029684409,0.02002837967114433,1.0,0.0,-0.001999197405936882,-4.005675934229402e-05,0.000999598702968441,2.002837967114433e-05,0.0009995987029684408,2.002837967114433e-05,0.000999598702968441,2.002837967114434e-05,0.0009995987029684408,2.002837967114761e-05
1,825404.1852680028,0.0,0.0003716597155611098,-0.01927489519081592,0.9996283402844388,0.01927489519081592,1.0,0.0,-0.001999256680568878,-3.854979038163397e-05,0.0009996283402844389,1.927489519081592e-05,0.0009996283402844389,1.927489519081592e-05,0.0009996283402844389,1.927489519081592e-05,0.0009996283402844389,1.927489519082009e-05
1,857695.8985908778,0.0,0.0003442104746417391,-0.0185497168116089,0.9996557895253584,0.0185497168116089,1.0,0.0,-0.001999311579050716,-3.70994336232125e-05,0.0009996557895253584,1.85497168116089e-05,0.0009996557895253584,1.85497168116089e-05,0.0009996557895253582,1.85497168116089e-05,0.0009996557895253584,1.854971681160223e-05
1,891250.9381337286,0.0,0.0003187878739850439,-0.01785178557669916,0.9996812121260149,0.01785178557669915,1.0,0.0,-0.00199936242425203,-3.570357115340039e-05,0.000999681212126015,1.785178557669915e-05,0.000999681212126015,1.785178557669915e-05,0.000999681212126015,1.785178557669916e-05,0.000999681212126015,1.785178557670194e-05
1,926118.7281287757,0.0,0.0002952423740802234,-0.01718008166513684,0.9997047576259198,0.01718008166513684,1.0,0.0,-0.00199940951525184,-3.436016333027009e-05,0.00099970475762592,1.718008166513684e-05,0.0009997047576259198,1.718008166513684e-05,0.0009997047576259198,1.718008166513684e-05,0.00099970475762592,1.718008166513458e-05
1,962350.6263980701,0.0,0.0002734354563882763,-0.01653362299798402,0.9997265645436116,0.01653362299798402,1.0,0.0,-0.001999453129087224,-3.306724599597133e-05,0.0009997265645436118,1.653362299798402e-05,0.0009997265645436116,1.653362299798402e-05,0.0009997265645436118,1.653362299798402e-05,0.0009997265645436116,1.653362299798908e-05
1,999999.9999999808,0.0,0.0002532388129651696,-0.01591146388830322,0.9997467611870348,0.01591146388830322,1.0,0.0,-0.00199949352237407,-3.182292777662021e-05,0.0009997467611870348,1.591146388830323e-05,0.0009997467611870348,1.591146388830322e-05,0.000999746761187035,1.591146388830322e-05,0.0009997467611870348,1.591146388830763e-05
1,1039122.303835149,0.0,0.0002345335954072158,-0.01531269373427945,0.9997654664045927,0.01531269373427945,1.0,0.0,-0.001999530932809186,-3.062538746856358e-05,0.0009997654664045928,1.531269373427945e-05,0.0009997654664045928,1.531269373427945e-05,0.0009997654664045928,1.531269373427945e-05,0.0009997654664045928,1.531269373428236e-05
1,1079775.162327689,0.0,0.0002172097188138866,-0.01473643575468435,0.999782790281186,0.01473643575468435,1.0,0.0,-0.001999565580562372,-2.947287150938116e-05,0.000999782790281186,1.473643575468435e-05,0.000999782790281186,1.473643575468435e-05,0.000999782790281186,1.473643575468435e-05,0.000999782790281186,1.473643575469234e-05
1,1122018.454301942,0.0,0.0002011652167702717,-0.01418184576583152,0.9997988347832298,0.01418184576583153,1.0,0.0,-0.00199959766956646,-2.836369153165486e-05,0.0009997988347832298,1.418184576583152e-05,0.0009997988347832298,1.418184576583153e-05,0.0009997988347832298,1.418184576583152e-05,0.0009997988347832298,1.418184576582368e-05
1,1165914.401179809,0.0,0.0001863056436372427,-0.01364811099912334,0.9998136943563628,0.01364811099912334,1.0,0.0,-0.001999627388712726,-2.729622199823534e-05,0.0009998136943563628,1.364811099912334e-05,0.0009998136943563628,1.364811099912334e-05,0.0009998136943563628,1.364811099912334e-05,0.0009998136943563628,1.364811099911998e-05
1,1211527.658628565,0.0,0.0001725435207034693,-0.01313444895825221,0.9998274564792965,0.01313444895825221,1.0,0.0,-0.001999654912958593,-2.626889791651488e-05,0.0009998274564792966,1.313444895825221e-05,0.0009998274564792964,1.313444895825221e-05,0.0009998274564792964,1.313444895825221e-05,0.0009998274564792964,1.313444895825495e-05
1,1258925.411794143,0.0,0.0001597978230010244,-0.01264010631509041,0.9998402021769989,0.01264010631509041,1.0,0.0,-0.001999680404353998,-2.528021263019375e-05,0.000999840202176999,1.264010631509041e-05,0.000999840202176999,1.264010631509041e-05,0.000999840202176999,1.264010631509041e-05,0.0009998402021769988,1.264010631509867e-05
1,1308177.474260168,0.0,0.0001479935038165925,-0.01216435784328218,0.9998520064961834,0.01216435784328218,1.0,0.0,-0.001999704012992367,-2.43287156865557e-05,0.0009998520064961834,1.216435784328218e-05,0.0009998520064961834,1.216435784328218e-05,0.0009998520064961834,1.216435784328218e-05,0.0009998520064961834,1.216435784327925e-05
1,1359356.390878499,0.0,0.0001370610541444251,-0.01170650538853769,0.9998629389458555,0.01170650538853769,1.0,0.0,-0.001999725877891712,-2.341301077707358e-05,0.0009998629389458555,1.170650538853769e-05,0.0009998629389458555,1.170650538853769e-05,0.0009998629389458555,1.170650538853769e-05,0.0009998629389458558,1.170650538854072e-05
1,1412537.544622727,0.0,0.0001269360945262197,-0.01126587687462126,0.9998730639054738,0.01126587687462126,1.0,0.0,-0.001999746127810948,-2.253175374924976e-05,0.0009998730639054739,1.126587687462126e-05,0.0009998730639054739,1.126587687462126e-05,0.0009998730639054739,1.126587687462126e-05,0.0009998730639054739,1.126587687461833e-05
1,1467799.267622041,0.0,0.0001175589969080566,-0.01084182534402314,0.9998824410030919,0.01084182534402314,1.0,0.0,-0.001999764882006184,-2.168365068805356e-05,0.0009998824410030918,1.084182534402314e-05,0.0009998824410030918,1.084182534402314e-05,0.000999882441003092,1.084182534402314e-05,0.000999882441003092,1.084182534402984e-05
1,1525222.956538989,0.0,0.0001088745343163606,-0.01043372803230648,0.9998911254656837,0.01043372803230648,1.0,0.0,-0.001999782250931367,-2.086745606461049e-05,0.0009998911254656838,1.043372803230648e-05,0.0009998911254656838,1.043372803230648e-05,0.0009998911254656836,1.043372803230648e-05,0.0009998911254656838,1.043372803230014e-05
1,1584893.192461082,0.0,0.0001008315563144531,-0.01004098547512665,0.9998991684436855,0.01004098547512665,1.0,0.0,-0.001999798336887371,-2.0081970950242e-05,0.0009998991684436857,1.004098547512665e-05,0.0009998991684436855,1.004098547512665e-05,0.0009998991684436855,1.004098547512665e-05,0.0009998991684436857,1.004098547512757e-05
1,1646897.865482836,0.0,9.33826883494665e-05,-0.009663020646929362,0.9999066173116505,0.009663020646929362,1.0,0.0,-0.001999813234623301,-1.932604129387117e-05,0.0009999066173116506,9.663020646929362e-06,0.0009999066173116506,9.663020646929362e-06,0.0009999066173116506,9.663020646929362e-06,0.0009999066173116506,9.663020646929074e-06
1,1711328.304161747,0.0,8.648405323698446e-05,-0.009299278130345395,0.999913515946763,0.009299278130345397,1.0,0.0,-0.001999827031893526,-1.859855626068496e-05,0.000999913515946763,9.299278130345396e-06,0.000999913515946763,9.299278130345396e-06,0.000999913515946763,9.299278130345395e-06,0.000999913515946763,9.299278130343645e-06
1,1778279.410038887,0.0,8.009501315849843e-05,-0.008949223315314328,0.9999199049868415,0.008949223315314328,1.0,0.0,-0.001999839809973683,-1.789844663063755e-05,0.0009999199049868415,8.949223315314327e-06,0.0009999199049868415,8.949223315314329e-06,0.0009999199049868415,8.949223315314329e-06,0.0009999199049868415,8.949223315318086e-06
1,1847849.797422254,0.0,7.417793066530283e-05,-0.008612341626985372,0.9999258220693348,0.008612341626985372,1.0,0.0,-0.001999851644138669,-1.722468325396354e-05,0.0009999258220693347,8.612341626985371e-06,0.0009999258220693347,8.612341626985373e-06,0.0009999258220693347,8.612341626985373e-06,0.0009999258220693347,8.612341626975774e-06
1,1920141.938638763,0.0,6.869794729244906e-05,-0.008288137781461338,0.9999313020527075,0.008288137781461338,1.0,0.0,-0.001999862604105415,-1.657627556292396e-05,0.0009999313020527076,8.288137781461337e-06,0.0009999313020527076,8.288137781461337e-06,0.0009999313020527076,8.288137781461337e-06,0.0009999313020527076,8.288137781464243e-06
1,1995262.314968839,0.0,6.362277848842731e-05,-0.007976135068470488,0.9999363772215115,0.007976135068470488,1.0,0.0,-0.001999872754443023,-1.595227013695411e-05,0.0009999363772215115,7.976135068470488e-06,0.0009999363772215115,7.976135068470488e-06,0.0009999363772215115,7.976135068470488e-06,0.0009999363772215115,7.976135068477258e-06
1,2073321.573485913,0.0,5.892252366091817e-05,-0.007675874660071229,0.9999410774763391,0.007675874660071229,1.0,0.0,-0.001999882154952678,-1.535174932015826e-05,0.0009999410774763392,7.675874660071228e-06,0.0009999410774763392,7.675874660071228e-06,0.0009999410774763392,7.675874660071228e-06,0.0009999410774763392,7.675874660070063e-06
1,2154434.69003184,0.0,5.456949022676702e-05,-0.007386914944515295,0.9999454305097731,0.007386914944515295,1.0,0.0,-0.001999890861019546,-1.477382988904208e-05,0.0009999454305097731,7.386914944515295e-06,0.0009999454305097731,7.386914944515295e-06,0.0009999454305097734,7.386914944515295e-06,0.0009999454305097731,7.386914944528345e-06
1,2238721.138568294,0.0,5.053803063577565e-05,-0.007108830884416587,0.9999494619693643,0.007108830884416587,1.0,0.0,-0.001999898923938728,-1.421766176881722e-05,0.0009999494619693644,7.108830884416587e-06,0.0009999494619693642,7.108830884416587e-06,0.0009999494619693642,7.108830884416587e-06,0.0009999494619693644,7.108830884406657e-06
1,2326305.067153579,0.0,4.680439141342958e-05,-0.006841213398394615,0.9999531956085865,0.006841213398394616,1.0,0.0,-0.001999906391217173,-1.368242679677945e-05,0.0009999531956085864,6.841213398394615e-06,0.0009999531956085867,6.841213398394616e-06,0.0009999531956085867,6.841213398394615e-06,0.0009999531956085867,6.841213398400317e-06
1,2417315.480804055,0.0,4.33465733377097e-05,-0.006583668765383749,0.9999566534266623,0.006583668765383749,1.0,0.0,-0.001999913306853325,-1.316733753076171e-05,0.0009999566534266624,6.583668765383749e-06,0.0009999566534266624,6.583668765383749e-06,0.0009999566534266624,6.583668765383749e-06,0.0009999566534266624,6.583668765383841e-06
1,2511886.431509529,0.0,4.014420193006665e-05,-0.006335818050821697,0.99995985579807,0.006335818050821698,1.0,0.0,-0.00199991971159614,-1.267163610163546e-05,0.00099995985579807,6.335818050821698e-06,0.0009999598557980701,6.335818050821698e-06,0.00099995985579807,6.335818050821697e-06,0.0009999598557980701,6.335818050809989e-06
1,2610157.215682483,0.0,3.71784075008322e-05,-0.006097296553953063,0.9999628215924992,0.006097296553953063,1.0,0.0,-0.001999925643184998,-1.219459310791704e-05,0.0009999628215924992,6.097296553953063e-06,0.0009999628215924992,6.097296553953063e-06,0.0009999628215924992,6.097296553953063e-06,0.0009999628215924992,6.097296553953925e-06
1,2712272.579331972,0.0,3.44317140451448e-05,-0.005867753275506113,0.9999655682859548,0.005867753275506113,1.0,0.0,-0.00199993113657191,-1.173550655103606e-05,0.0009999655682859548,5.867753275506112e-06,0.0009999655682859548,5.867753275506112e-06,0.0009999655682859548,5.867753275506112e-06,0.0009999655682859548,5.867753275508323e-06
1,2818382.931264395,0.0,3.188793633719213e-05,-0.005646850405022988,0.9999681120636629,0.005646850405022988,1.0,0.0,-0.001999936224127326,-1.129370081004444e-05,0.0009999681120636628,5.646850405022988e-06,0.000999968112063663,5.646850405022987e-06,0.0009999681120636628,5.646850405022988e-06,0.0009999681120636628,5.646850405011484e-06
1,2928644.564625176,0.0,2.953208461851932e-05,-0.005434262827145685,0.9999704679153816,0.005434262827145685,1.0,0.0,-0.001999940935830763,-1.086852565426732e-05,0.0009999704679153816,5.434262827145684e-06,0.0009999704679153816,5.434262827145685e-06,0.0009999704679153816,5.434262827145685e-06,0.0009999704679153816,5.434262827127805e-06
1,3043219.887107659,0.0,2.735027632058696e-05,-0.00522967764618166,0.9999726497236795,0.005229677646181661,1.0,0.0,-0.001999945299447359,-1.045935529234154e-05,0.0009999726497236794,5.22967764618166e-06,0.0009999726497236796,5.22967764618166e-06,0.0009999726497236794,5.229677646181659e-06,0.0009999726497236796,5.229677646165717e-06
1,3162277.660168313,0.0,2.532965430294668e-05,-0.005032793728294412,0.999974670345697,0.005032793728294412,1.0,0.0,-0.001999949340691394,-1.006558745661468e-05,0.000999974670345697,5.032793728294413e-06,0.000999974670345697,5.032793728294412e-06,0.0009999746703456972,5.032793728294412e-06,0.000999974670345697,5.032793728308788e-06
1,3285993.247600586,0.0,2.345831112656728e-05,-0.004843321260685313,0.9999765416888733,0.004843321260685313,1.0,0.0,-0.001999953083377747,-9.686642521405942e-06,0.0009999765416888733,4.843321260685314e-06,0.0009999765416888733,4.843321260685314e-06,0.0009999765416888735,4.843321260685314e-06,0.0009999765416888733,4.843321260715132e-06
1,3414548.87383353,0.0,2.172521891721168e-05,-0.004660981327153615,0.9999782747810827,0.004660981327153615,1.0,0.0,-0.001999956549562166,-9.321962654323945e-06,0.0009999782747810828,4.660981327153615e-06,0.0009999782747810828,4.660981327153615e-06,0.0009999782747810828,4.660981327153615e-06,0.0009999782747810828,4.660981327172816e-06
1,3548133.89233568,0.0,2.012016440653809e-05,-0.004485505499441768,0.9999798798355933,0.004485505499441768,1.0,0.0,-0.001999959759671187,-8.971010998920503e-06,0.0009999798798355935,4.485505499441768e-06,0.0009999798798355933,4.485505499441769e-06,0.0009999798798355935,4.485505499441769e-06,0.0009999798798355935,4.485505499470574e-06
1,3686945.064519498,0.0,1.863368876896581e-05,-0.004316635443792848,0.999981366311231,0.004316635443792848,1.0,0.0,-0.001999962732622462,-8.633270887570266e-06,0.0009999813663112312,4.316635443792848e-06,0.000999981366311231,4.316635443792848e-06,0.000999981366311231,4.316635443792848e-06,0.0009999813663112312,4.316635443795305e-06
1,3831186.849557207,0.0,1.725703190048388e-05,-0.004154122542166259,0.9999827429680995,0.004154122542166259,1.0,0.0,-0.001999965485936199,-8.308245084354127e-06,0.0009999827429680995,4.154122542166259e-06,0.0009999827429680995,4.154122542166259e-06,0.0009999827429680995,4.154122542166259e-06,0.0009999827429680993,4.154122542164123e-06
1,3981071.705534888,0.0,1.598208081165114e-05,-0.003997727527576645,0.9999840179191882,0.003997727527576645,1.0,0.0,-0.001999968035838377,-7.995455055198608e-06,0.0009999840179191883,3.997727527576644e-06,0.0009999840179191883,3.997727527576645e-06,0.0009999840179191883,3.997727527576645e-06,0.0009999840179191883,3.99772752760679e-06
1,4136820.402388419,0.0,1.480132183119032e-05,-0.003847220133039227,0.9999851986781688,0.003847220133039226,1.0,0.0,-0.001999970397356338,-7.694440266048375e-06,0.0009999851986781689,3.847220133039227e-06,0.0009999851986781689,3.847220133039226e-06,0.0009999851986781689,3.847220133039227e-06,0.0009999851986781689,3.847220133036947e-06
1,4298662.347082186,0.0,1.370779633895714e-05,-0.003702378753622685,0.9999862922036611,0.003702378753622685,1.0,0.0,-0.001999972584407322,-7.404757507267767e-06,0.000999986292203661,3.702378753622685e-06,0.000999986292203661,3.702378753622685e-06,0.000999986292203661,3.702378753622685e-06,0.000999986292203661,3.70237875361081e-06
1,4466835.921509536,0.0,1.269505976779804e-05,-0.003562990121127973,0.9999873049402321,0.003562990121127973,1.0,0.0,-0.001999974609880465,-7.125980242272956e-06,0.0009999873049402323,3.562990121127974e-06,0.000999987304940232,3.562990121127974e-06,0.0009999873049402323,3.562990121127974e-06,0.0009999873049402323,3.56299012114658e-06
1,4641588.83361268,0.0,1.17571436330165e-05,-0.00342884899092831,0.9999882428563669,0.00342884899092831,1.0,0.0,-0.001999976485712734,-6.857697981865751e-06,0.0009999882428563668,3.42884899092831e-06,0.000999988242856367,3.42884899092831e-06,0.000999988242856367,3.42884899092831e-06,0.0009999882428563668,3.428848990954569e-06
1,4823178.482239204,0.0,1.08885203659619e-05,-0.003299757840521959,0.9999891114796341,0.003299757840521959,1.0,0.0,-0.001999978222959268,-6.599515681049439e-06,0.000999989111479634,3.299757840521959e-06,0.000999989111479634,3.299757840521959e-06,0.000999989111479634,3.299757840521959e-06,0.000999989111479634,3.299757840504324e-06
1,5011872.336272615,0.0,1.00840707447378e-05,-0.003175526579365227,0.9999899159292553,0.003175526579365227,1.0,0.0,-0.001999979831858511,-6.351053158715203e-06,0.0009999899159292554,3.175526579365227e-06,0.0009999899159292554,3.175526579365227e-06,0.0009999899159292554,3.175526579365227e-06,0.0009999899159292554,3.175526579338734e-06
1,5207948.328595351,0.0,9.339053730296254e-06,-0.003055972269568505,0.9999906609462696,0.003055972269568504,1.0,0.0,-0.001999981321892539,-6.111944539144432e-06,0.0009999906609462698,3.055972269568505e-06,0.0009999906609462696,3.055972269568505e-06,0.0009999906609462696,3.055972269568505e-06,0.0009999906609462696,3.055972269586288e-06
1,5411695.26546452,0.0,8.649078530329737e-06,-0.002940918857053066,0.9999913509214698,0.002940918857053066,1.0,0.0,-0.00199998270184294,-5.881837714050153e-06,0.0009999913509214698,2.940918857053066e-06,0.0009999913509214698,2.940918857053066e-06,0.0009999913509214696,2.940918857053066e-06,0.0009999913509214698,2.940918856993333e-06
1,5623413.251903369,0.0,8.01007872647477e-06,-0.002830196912780728,0.9999919899212735,0.002830196912780728,1.0,0.0,-0.001999983979842547,-5.660393825546173e-06,0.0009999919899212736,2.830196912780728e-06,0.0009999919899212734,2.830196912780728e-06,0.0009999919899212734,2.830196912780728e-06,0.0009999919899212736,2.830196912799549e-06
1,5843414.13373505,0.0,7.418288312478795e-06,-0.002723643383682472,0.9999925817116876,0.002723643383682472,1.0,0.0,-0.001999985163423375,-5.447286767323867e-06,0.0009999925817116876,2.723643383682473e-06,0.0009999925817116876,2.723643383682473e-06,0.0009999925817116874,2.723643383682473e-06,0.0009999925817116876,2.723643383657493e-06
1,6072021.956909753,0.0,6.870219502224452e-06,-0.002621101352925606,0.9999931297804977,0.002621101352925606,1.0,0.0,-0.001999986259560996,-5.242202705868504e-06,0.0009999931297804978,2.621101352925606e-06,0.0009999931297804978,2.621101352925606e-06,0.0009999931297804978,2.621101352925606e-06,0.0009999931297804978,2.62110135295343e-06
1,6309573.444801795,0.0,6.36264217691919e-06,-0.002522419809172081,0.999993637357823,0.002522419809172081,1.0,0.0,-0.001999987274715646,-5.044839618384422e-06,0.000999993637357823,2.522419809172081e-06,0.000999993637357823,2.522419809172081e-06,0.0009999936373578232,2.522419809172081e-06,0.000999993637357823,2.522419809210367e-06
1,6556418.494179646,0.0,5.892564850404474e-06,-0.00242745342449324,0.9999941074351497,0.00242745342449324,1.0,0.0,-0.001999988214870299,-4.854906848927865e-06,0.0009999941074351497,2.42745342449324e-06,0.0009999941074351497,2.42745342449324e-06,0.0009999941074351497,2.42745342449324e-06,0.0009999941074351497,2.427453424444022e-06
1,6812920.690579464,0.0,5.457217040473476e-06,-0.002336062340618428,0.9999945427829595,0.002336062340618428,1.0,0.0,-0.001999989085565919,-4.672124681248668e-06,0.0009999945427829596,2.336062340618428e-06,0.0009999945427829596,2.336062340618428e-06,0.0009999945427829596,2.336062340618428e-06,0.0009999945427829596,2.336062340622585e-06
1,7079457.843841224,0.0,5.054032942362088e-06,-0.002248111963206705,0.9999949459670577,0.002248111963206705,1.0,0.0,-0.001999989891934116,-4.496223926342413e-06,0.0009999949459670579,2.248111963206705e-06,0.0009999949459670577,2.248111963206706e-06,0.0009999949459670577,2.248111963206706e-06,0.0009999949459670579,2.248111963163236e-06
1,7356422.544596251,0.0,4.680636308243427e-06,-0.002163472763842239,0.9999953193636918,0.002163472763842239,1.0,0.0,-0.001999990638727384,-4.326945527655113e-06,0.0009999953193636918,2.163472763842239e-06,0.0009999953193636918,2.163472763842239e-06,0.0009999953193636918,2.163472763842239e-06,0.0009999953193636918,2.163472763825622e-06
1,7644222.742525834,0.0,4.334826443656096e-06,-0.002082020089464989,0.9999956651735563,0.002082020089464989,1.0,0.0,-0.001999991330347113,-4.16404017894445e-06,0.0009999956651735563,2.082020089464989e-06,0.0009999956651735563,2.082020089464989e-06,0.0009999956651735563,2.082020089464989e-06,0.0009999956651735563,2.082020089479347e-06
1,7943282.347242639,0.0,4.01456523837251e-06,-0.002003633978958846,0.9999959854347618,0.002003633978958846,1.0,0.0,-0.001999991970869523,-4.007267957850669e-06,0.0009999959854347616,2.003633978958846e-06,0.0009999959854347618,2.003633978958846e-06,0.0009999959854347616,2.003633978958846e-06,0.0009999959854347616,2.003633978893575e-06
1,8254041.852680001,0.0,3.717965155304489e-06,-0.001928198986629646,0.9999962820348447,0.001928198986629646,1.0,0.0,-0.001999992564069689,-3.856397973178716e-06,0.0009999962820348447,1.928198986629646e-06,0.0009999962820348447,1.928198986629646e-06,0.0009999962820348447,1.928198986629646e-06,0.0009999962820348447,1.92819898662898e-06
1,8576958.98590875,0.0,3.443278106684924e-06,-0.001855604012315344,0.9999965567218934,0.001855604012315344,1.0,0.0,-0.001999993113443787,-3.711208024670398e-06,0.0009999965567218934,1.855604012315344e-06,0.0009999965567218934,1.855604012315344e-06,0.0009999965567218934,1.855604012315344e-06,0.0009999965567218934,1.855604012291507e-06
1,8912509.381337257,0.0,3.188885151989265e-06,-0.001785742137880146,0.9999968111148481,0.001785742137880146,1.0,0.0,-0.001999993622229696,-3.571484275655123e-06,0.0009999968111148482,1.785742137880146e-06,0.000999996811114848,1.785742137880146e-06,0.000999996811114848,1.785742137880146e-06,0.0009999968111148482,1.785742137852024e-06
1,9261187.281287728,0.0,2.953286956900225e-06,-0.001718510469853581,0.9999970467130431,0.001718510469853581,1.0,0.0,-0.001999994093426086,-3.437020939633939e-06,0.000999997046713043,1.718510469853581e-06,0.0009999970467130432,1.718510469853581e-06,0.0009999970467130432,1.718510469853581e-06,0.0009999970467130432,1.718510469838852e-06
1,9623506.26398067,0.0,2.735094957101262e-06,-0.001653809987984363,0.9999972649050428,0.001653809987984362,1.0,0.0,-0.001999994529810085,-3.307619976022913e-06,0.0009999972649050429,1.653809987984362e-06,0.0009999972649050429,1.653809987984362e-06,0.0009999972649050429,1.653809987984362e-06,0.0009999972649050426,1.653809988034823e-06
1,10000000.0,0.0,2.533023174835788e-06,-0.001591545399487361,0.9999974669768251,0.001591545399487361,1.0,0.0,-0.00199999493395365,-3.183090798941635e-06,0.0009999974669768251,1.591545399487361e-06,0.0009999974669768251,1.591545399487361e-06,0.0009999974669768251,1.591545399487361e-06,0.0009999974669768253,1.59154539951369e-06
2,1.0,0.0,0.9999996052159797,-0.0006283182826678431,3.947840201890902e-07,0.0006283182826678431,1.0,0.0,-7.895680403338186e-10,-1.256636565335686e-06,3.947840201890902e-10,6.28318282667843e-07,3.947840201890902e-10,6.283182826678431e-07,3.947840202522812e-10,6.283182826678431e-07,3.947840201890902e-10,6.283182826678431e-07
2,1.039122303835169,0.0,0.999999573722034,-0.0006528995208651751,4.262779660588797e-07,0.0006528995208651752,1.0,0.0,-8.525559321096496e-10,-1.30579904173035e-06,4.262779660588796e-10,6.528995208651752e-07,4.262779660588797e-10,6.528995208651752e-07,4.262779660368921e-10,6.528995208651751e-07,4.262779660588797e-10,6.528995208651752e-07
2,1.07977516232771,0.0,0.9999995397156557,-0.0006784424312229186,4.602843443453422e-07,0.0006784424312229186,1.0,0.0,-9.205686886216356e-10,-1.356884862445837e-06,4.602843443453423e-10,6.784424312229185e-07,4.602843443453422e-10,6.784424312229186e-07,4.602843443057836e-10,6.784424312229186e-07,4.602843443453423e-10,6.784424312229185e-07
2,1.122018454301963,0.0,0.9999995029964157,-0.0007049846362653794,4.970035843827922e-07,0.0007049846362653794,1.0,0.0,-9.940071687208243e-10,-1.409969272530759e-06,4.970035843827922e-10,7.049846362653794e-07,4.970035843827922e-10,7.049846362653794e-07,4.970035842877252e-10,7.049846362653794e-07,4.970035843827922e-10,7.049846362653794e-07
2,1.165914401179831,0.0,0.9999994633478954,-0.0007325652303593368,5.366521047269096e-07,0.0007325652303593368,1.0,0.0,-1.073304209425908e-09,-1.465130460718673e-06,5.366521047269096e-10,7.325652303593367e-07,5.366521047269096e-10,7.325652303593367e-07,5.366521046434869e-10,7.325652303593367e-07,5.366521047269096e-10,7.325652303593366e-07
2,1.211527658628588,0.0,0.9999994205364112,-0.0007612248372913515,5.794635886872952e-07,0.0007612248372913514,1.0,0.0,-1.158927177561733e-09,-1.522449674582703e-06,5.794635886872952e-10,7.612248372913515e-07,5.794635886872952e-10,7.612248372913514e-07,5.794635887790278e-10,7.612248372913515e-07,5.794635886872951e-10,7.612248372913515e-07
2,1.258925411794167,0.0,0.9999993743096384,-0.0007910056700970785,6.256903616141569e-07,0.0007910056700970785,1.0,0.0,-1.251380723332227e-09,-1.582011340194157e-06,6.256903616141569e-10,7.910056700970786e-07,6.256903616141569e-10,7.910056700970785e-07,6.25690361633069e-10,7.910056700970785e-07,6.256903616141569e-10,7.910056700970786e-07
2,1.308177474260194,0.0,0.999999324395122,-0.0008219515932306141,6.756048780562962e-07,0.0008219515932306141,1.0,0.0,-1.351209756087968e-09,-1.643903186461228e-06,6.756048780562962e-10,8.219515932306141e-07,6.756048780562962e-10,8.219515932306141e-07,6.756048780420798e-10,8.219515932306141e-07,6.756048780562962e-10,8.219515932306141e-07
2,1.359356390878525,0.0,0.9999992704986724,-0.0008541081871653509,7.295013275550691e-07,0.0008541081871653509,1.0,0.0,-1.459002655173037e-09,-1.708216374330702e-06,7.295013275550691e-10,8.541081871653509e-07,7.295013275550691e-10,8.541081871653509e-07,7.29501327567661e-10,8.541081871653509e-07,7.295013275550691e-10,8.541081871653509e-07
2,1.412537544622754,0.0,0.9999992123026313,-0.0008875228155213845,7.876973685381502e-07,0.0008875228155213845,1.0,0.0,-1.575394737241222e-09,-1.775045631042769e-06,7.876973685381501e-10,8.875228155213846e-07,7.876973685381502e-10,8.875228155213846e-07,7.87697368664908e-10,8.875228155213846e-07,7.876973685381501e-10,8.875228155213847e-07
2,1.467799267622069,0.0,0.9999991494639994,-0.0009222446948182127,8.505360005318265e-07,0.0009222446948182126,1.0,0.0,-1.7010720011023e-09,-1.844489389636426e-06,8.505360005318266e-10,9.222446948182126e-07,8.505360005318265e-10,9.222446948182126e-07,8.505360006294538e-10,9.222446948182127e-07,8.505360005318265e-10,9.222446948182127e-07
2,1.525222956539018,0.0,0.9999990816124144,-0.0009583249669553358,9.18387585725703e-07,0.0009583249669553358,1.0,0.0,-1.836775171323794e-09,-1.916649933910672e-06,9.18387585725703e-10,9.583249669553358e-07,9.183875857257031e-10,9.583249669553358e-07,9.183875856466628e-10,9.583249669553358e-07,9.18387585725703e-10,9.583249669553358e-07
2,1.584893192461112,0.0,0.9999990083479683,-0.0009958167745273542,9.916520318038156e-07,0.0009958167745273542,1.0,0.0,-1.983304063561061e-09,-1.991633549054708e-06,9.916520318038155e-10,9.958167745273542e-07,9.916520318038155e-10,9.958167745273542e-07,9.916520317121424e-10,9.958167745273542e-07,9.916520318038155e-10,9.958167745273542e-07
2,1.646897865482867,0.0,0.999998929238851,-0.00103477533908432,1.070761148906507e-06,0.00103477533908432,1.0,0.0,-2.14152229792417e-09,-2.06955067816864e-06,1.070761148906507e-09,1.03477533908432e-06,1.070761148906507e-09,1.03477533908432e-06,1.07076114896909e-09,1.03477533908432e-06,1.070761148906507e-09,1.03477533908432e-06
2,1.71132830416178,0.0,0.9999988438188053,-0.00107525804245242,1.156181194613565e-06,0.00107525804245242,1.0,0.0,-2.312362389234057e-09,-2.150516084904839e-06,1.156181194613565e-09,1.07525804245242e-06,1.156181194613565e-09,1.07525804245242e-06,1.156181194672534e-09,1.07525804245242e-06,1.156181194613565e-09,1.07525804245242e-06
2,1.778279410038921,0.0,0.9999987515843782,-0.001117324511234538,1.248415621947063e-06,0.001117324511234538,1.0,0.0,-2.496831243694719e-09,-2.234649022469075e-06,1.248415621947063e-09,1.117324511234538e-06,1.248415621947063e-09,1.117324511234538e-06,1.248415621768473e-09,1.117324511234538e-06,1.248415621947063e-09,1.117324511234537e-06
2,1.847849797422289,0.0,0.9999986519919535,-0.001161036704614921,1.348008046588768e-06,0.001161036704614921,1.0,0.0,-2.69601609313828e-09,-2.322073409229841e-06,1.348008046588768e-09,1.161036704614921e-06,1.348008046588768e-09,1.16103670461492e-06,1.348008046520022e-09,1.161036704614921e-06,1.348008046588768e-09,1.16103670461492e-06
2,1.9201419386388,0.0,0.9999985444545493,-0.00120645900559699,1.455545450798638e-06,0.00120645900559699,1.0,0.0,-2.911090901459871e-09,-2.41291801119398e-06,1.455545450798638e-09,1.20645900559699e-06,1.455545450798638e-09,1.20645900559699e-06,1.455545450723683e-09,1.20645900559699e-06,1.455545450798638e-09,1.20645900559699e-06
2,1.995262314968878,0.0,0.9999984283383571,-0.001253658315808373,1.571661642915806e-06,0.001253658315808373,1.0,0.0,-3.143323285759308e-09,-2.507316631616746e-06,1.571661642915806e-09,1.253658315808373e-06,1.571661642915806e-09,1.253658315808373e-06,1.571661642940647e-09,1.253658315808373e-06,1.571661642915806e-09,1.253658315808373e-06
2,2.073321573485953,0.0,0.9999983029590072,-0.001302704154012437,1.697040992829392e-06,0.001302704154012437,1.0,0.0,-3.394081985587347e-09,-2.605408308024875e-06,1.697040992829392e-09,1.302704154012437e-06,1.697040992829392e-09,1.302704154012437e-06,1.697040992842958e-09,1.302704154012437e-06,1.697040992829392e-09,1.302704154012437e-06
2,2.154434690031882,0.0,0.9999981675775345,-0.001353668758471043,1.832422465432627e-06,0.001353668758471043,1.0,0.0,-3.664844930932933e-09,-2.707337516942087e-06,1.832422465432628e-09,1.353668758471043e-06,1.832422465432628e-09,1.353668758471043e-06,1.832422465541939e-09,1.353668758471043e-06,1.832422465432628e-09,1.353668758471043e-06
2,2.238721138568337,0.0,0.999998021396024,-0.001406627193308829,1.978603975829568e-06,0.001406627193308829,1.0,0.0,-3.957207951802671e-09,-2.813254386617659e-06,1.978603975829568e-09,1.406627193308829e-06,1.978603975829568e-09,1.406627193308829e-06,1.97860397599392e-09,1.406627193308829e-06,1.978603975829568e-09,1.40662719330883e-06
2,2.326305067153623,0.0,0.999997863552908,-0.001461657459035207,2.136447091959435e-06,0.001461657459035207,1.0,0.0,-4.272894183897364e-09,-2.923314918070415e-06,2.136447091959435e-09,1.461657459035207e-06,2.136447091959435e-09,1.461657459035207e-06,2.136447092015992e-09,1.461657459035207e-06,2.136447091959435e-09,1.461657459035207e-06
2,2.417315480804101,0.0,0.9999976931178877,-0.001518840607386297,2.306882112350655e-06,0.001518840607386297,1.0,0.0,-4.613764224769018e-09,-3.037681214772594e-06,2.306882112350655e-09,1.518840607386297e-06,2.306882112350655e-09,1.518840607386297e-06,2.306882112335096e-09,1.518840607386297e-06,2.306882112350655e-09,1.518840607386297e-06
2,2.511886431509577,0.0,0.999997509086451,-0.00157826086065532,2.490913548926779e-06,0.00157826086065532,1.0,0.0,-4.981827097919266e-09,-3.15652172131064e-06,2.490913548926779e-09,1.57826086065532e-06,2.490913548926779e-09,1.57826086065532e-06,2.490913548980345e-09,1.57826086065532e-06,2.490913548926779e-09,1.57826086065532e-06
2,2.610157215682533,0.0,0.9999973103739528,-0.001640005735686519,2.689626047172954e-06,0.001640005735686519,1.0,0.0,-5.379252094444433e-09,-3.280011471373038e-06,2.689626047172954e-09,1.640005735686519e-06,2.689626047172954e-09,1.640005735686519e-06,2.689626047214233e-09,1.640005735686519e-06,2.689626047172954e-09,1.640005735686519e-06
2,2.712272579332025,0.0,0.9999970958092214,-0.001704166172714448,2.904190778548288e-06,0.001704166172714448,1.0,0.0,-5.808381557253376e-09,-3.408332345428896e-06,2.904190778548288e-09,1.704166172714448e-06,2.904190778548288e-09,1.704166172714448e-06,2.904190778640903e-09,1.704166172714448e-06,2.904190778548288e-09,1.704166172714448e-06
2,2.81838293126445,0.0,0.9999968641276572,-0.001770836669237504,3.135872342811529e-06,0.001770836669237504,1.0,0.0,-6.271744685641041e-09,-3.541673338475009e-06,3.135872342811529e-09,1.770836669237504e-06,3.135872342811529e-09,1.770836669237504e-06,3.135872342796553e-09,1.770836669237504e-06,3.135872342811529e-09,1.770836669237504e-06
2,2.928644564625232,0.0,0.999996613963779,-0.001840115419121904,3.386036220931471e-06,0.001840115419121904,1.0,0.0,-6.772072441871968e-09,-3.680230838243808e-06,3.386036220931471e-09,1.840115419121904e-06,3.386036220931471e-09,1.840115419121904e-06,3.386036220964783e-09,1.840115419121904e-06,3.38603622093147e-09,1.840115419121904e-06
2,3.043219887107717,0.0,0.9999963438431776,-0.001912104457139877,3.656156822496893e-06,0.001912104457139877,1.0,0.0,-7.312313644888223e-09,-3.824208914279753e-06,3.656156822496893e-09,1.912104457139877e-06,3.656156822496893e-09,1.912104457139877e-06,3.656156822406942e-09,1.912104457139877e-06,3.656156822496893e-09,1.912104457139877e-06
2,3.162277660168374,0.0,0.9999960521738249,-0.001986909809153698,3.947826175042694e-06,0.001986909809153698,1.0,0.0,-7.895652350166473e-09,-3.973819618307396e-06,3.947826175042695e-09,1.986909809153698e-06,3.947826175042695e-09,1.986909809153698e-06,3.947826175076941e-09,1.986909809153698e-06,3.947826175042695e-09,1.986909809153698e-06
2,3.285993247600649,0.0,0.9999957372366935,-0.002064641648165398,4.262763306490137e-06,0.002064641648165398,1.0,0.0,-8.525526612892266e-09,-4.129283296330796e-06,4.262763306490137e-09,2.064641648165398e-06,4.262763306490137e-09,2.064641648165398e-06,4.262763306450701e-09,2.064641648165398e-06,4.262763306490137e-09,2.064641648165398e-06
2,3.414548873833596,0.0,0.9999953971756239,-0.002145414456460376,4.602824375981404e-06,0.002145414456460375,1.0,0.0,-9.20564875196493e-09,-4.290828912920751e-06,4.602824375981405e-09,2.145414456460375e-06,4.602824375981404e-09,2.145414456460375e-06,4.602824376087611e-09,2.145414456460376e-06,4.602824375981404e-09,2.145414456460375e-06
2,3.548133892335748,0.0,0.9999950299863871,-0.002229347194082019,4.970013612796684e-06,0.002229347194082019,1.0,0.0,-9.940027225695661e-09,-4.458694388164039e-06,4.970013612796684e-09,2.229347194082019e-06,4.970013612796684e-09,2.229347194082019e-06,4.97001361288163e-09,2.229347194082019e-06,4.970013612796684e-09,2.229347194082019e-06
2,3.686945064519569,0.0,0.9999946335048722,-0.002316563473883453,5.366495127800929e-06,0.002316563473883453,1.0,0.0,-1.073299025563693e-08,-4.633126947766906e-06,5.36649512780093e-09,2.316563473883453e-06,5.366495127800929e-09,2.316563473883453e-06,5.36649512783427e-09,2.316563473883453e-06,5.36649512780093e-09,2.316563473883453e-06
2,3.831186849557281,0.0,0.9999942053943331,-0.002407191743412051,5.794605667005983e-06,0.002407191743412051,1.0,0.0,-1.158921133383164e-08,-4.814383486824101e-06,5.794605667005983e-09,2.407191743412051e-06,5.794605667005984e-09,2.407191743412051e-06,5.794605666853415e-09,2.407191743412051e-06,5.794605667005983e-09,2.40719174341205e-06
2,3.981071705534965,0.0,0.9999937431316178,-0.002501365473892096,6.256868382381382e-06,0.002501365473892095,1.0,0.0,-1.251373676450936e-08,-5.002730947784191e-06,6.256868382381383e-09,2.501365473892096e-06,6.256868382381382e-09,2.501365473892095e-06,6.256868382181757e-09,2.501365473892096e-06,6.256868382381381e-09,2.501365473892095e-06
2,4.136820402388499,0.0,0.9999932439922988,-0.002599223356581163,6.756007701037106e-06,0.002599223356581163,1.0,0.0,-1.351201540223455e-08,-5.198446713162327e-06,6.756007701037107e-09,2.599223356581163e-06,6.756007701037106e-09,2.599223356581163e-06,6.756007701169687e-09,2.599223356581163e-06,6.756007701037107e-09,2.599223356581163e-06
2,4.298662347082268,0.0,0.9999927050346197,-0.002700909506786261,7.294965380368301e-06,0.002700909506786261,1.0,0.0,-1.458993076061597e-08,-5.401819013572521e-06,7.294965380368302e-09,2.700909506786261e-06,7.294965380368301e-09,2.700909506786261e-06,7.294965380322261e-09,2.700909506786261e-06,7.294965380368302e-09,2.700909506786261e-06
2,4.466835921509622,0.0,0.9999921230821563,-0.00280657367583672,7.876917843734358e-06,0.00280657367583672,1.0,0.0,-1.57538356874143e-08,-5.613147351673441e-06,7.876917843734358e-09,2.806573675836721e-06,7.876917843734358e-09,2.806573675836721e-06,7.876917843652187e-09,2.806573675836721e-06,7.876917843734358e-09,2.80657367583672e-06
2,4.641588833612769,0.0,0.9999914947051011,-0.002916371471322088,8.505294898782676e-06,0.002916371471322088,1.0,0.0,-1.701058979771327e-08,-5.832742942644176e-06,8.505294898782675e-09,2.916371471322088e-06,8.505294898782677e-09,2.916371471322088e-06,8.505294898930593e-09,2.916371471322088e-06,8.505294898782675e-09,2.916371471322088e-06
2,4.823178482239296,0.0,0.9999908162000513,-0.00303046458591496,9.183799948666232e-06,0.003030464585914961,1.0,0.0,-1.836759989748464e-08,-6.060929171829922e-06,9.183799948666232e-09,3.030464585914961e-06,9.183799948666232e-09,3.030464585914961e-06,9.183799948742078e-09,3.030464585914961e-06,9.183799948666232e-09,3.030464585914961e-06
2,5.011872336272711,0.0,0.999990083568185,-0.00314902103511081,9.916431815190302e-06,0.00314902103511081,1.0,0.0,-1.983286363020678e-08,-6.29804207022162e-06,9.916431815190303e-09,3.14902103511081e-06,9.916431815190303e-09,3.14902103511081e-06,9.916431815026884e-09,3.14902103511081e-06,9.916431815190303e-09,3.14902103511081e-06
2,5.207948328595451,0.0,0.9999892924916977,-0.003272215404229369,1.070750830241002e-05,0.003272215404229369,1.0,0.0,-2.141501660472908e-08,-6.544430808458738e-06,1.070750830241002e-08,3.272215404229369e-06,1.070750830241002e-08,3.272215404229369e-06,1.070750830234335e-08,3.272215404229369e-06,1.070750830241002e-08,3.272215404229369e-06
2,5.411695265464624,0.0,0.9999884383083605,-0.003400229105035126,1.156169163944154e-05,0.003400229105035126,1.0,0.0,-2.312338327888712e-08,-6.800458210070254e-06,1.156169163944154e-08,3.400229105035127e-06,1.156169163944154e-08,3.400229105035127e-06,1.15616916395167e-08,3.400229105035127e-06,1.156169163944154e-08,3.400229105035127e-06
2,5.623413251903477,0.0,0.9999875159840478,-0.003533250642347843,1.248401595230574e-05,0.003533250642347842,1.0,0.0,-2.496803190459568e-08,-7.066501284695685e-06,1.248401595230574e-08,3.533250642347843e-06,1.248401595230574e-08,3.533250642347843e-06,1.248401595221882e-08,3.533250642347843e-06,1.248401595230574e-08,3.533250642347842e-06
2,5.843414133735162,0.0,0.9999865200830734,-0.003671475891027876,1.347991692655928e-05,0.003671475891027876,1.0,0.0,-2.695983385316711e-08,-7.342951782055751e-06,1.347991692655928e-08,3.671475891027876e-06,1.347991692655928e-08,3.671475891027876e-06,1.347991692657313e-08,3.671475891027876e-06,1.347991692655928e-08,3.671475891027876e-06
2,6.07202195690987,0.0,0.9999854447361647,-0.003815108383735444,1.455526383535379e-05,0.003815108383735444,1.0,0.0,-2.911052767070262e-08,-7.630216767470887e-06,1.455526383535379e-08,3.815108383735444e-06,1.455526383535379e-08,3.815108383735445e-06,1.455526383531414e-08,3.815108383735444e-06,1.455526383535379e-08,3.815108383735444e-06
2,6.309573444801917,0.0,0.9999842836058784,-0.003964359609877689,1.571639412147376e-05,0.003964359609877689,1.0,0.0,-3.143278824314378e-08,-7.928719219755378e-06,1.571639412147376e-08,3.964359609877689e-06,1.571639412147376e-08,3.964359609877689e-06,1.571639412156767e-08,3.964359609877689e-06,1.571639412147376e-08,3.964359609877689e-06
2,6.556418494179772,0.0,0.999983029849263,-0.004119449326172702,1.697015073692077e-05,0.004119449326172702,1.0,0.0,-3.394030147382793e-08,-8.238898652345405e-06,1.697015073692077e-08,4.119449326172703e-06,1.697015073692077e-08,4.119449326172703e-06,1.697015073698349e-08,4.119449326172703e-06,1.697015073692077e-08,4.119449326172704e-06
2,6.812920690579594,0.0,0.9999816760775402,-0.004280605879275429,1.832392245982168e-05,0.00428060587927543,1.0,0.0,-3.664784491970685e-08,-8.56121175855086e-06,1.832392245982169e-08,4.28060587927543e-06,1.832392245982168e-08,4.280605879275431e-06,1.832392245981751e-08,4.28060587927543e-06,1.832392245982169e-08,4.28060587927543e-06
2,7.07945784384136,0.0,0.9999802143125742,-0.004448066540926568,1.978568742593736e-05,0.004448066540926569,1.0,0.0,-3.957137485162104e-08,-8.896133081853137e-06,1.978568742593736e-08,4.448066540926568e-06,1.978568742593736e-08,4.448066540926569e-06,1.978568742577736e-08,4.448066540926568e-06,1.978568742593737e-08,4.448066540926568e-06
2,7.356422544596393,0.0,0.9999786359398689,-0.004622077856102356,2.136406013093703e-05,0.004622077856102356,1.0,0.0,-4.272812026194253e-08,-9.244155712204713e-06,2.136406013093703e-08,4.622077856102357e-06,2.136406013093703e-08,4.622077856102357e-06,2.136406013109049e-08,4.622077856102357e-06,2.136406013093703e-08,4.622077856102357e-06
2,7.644222742525981,0.0,0.99997693165782,-0.004802896004660327,2.306834217999306e-05,0.004802896004660327,1.0,0.0,-4.613668436003539e-08,-9.605792009320652e-06,2.306834217999306e-08,4.802896004660327e-06,2.306834217999306e-08,4.802896004660327e-06,2.306834218002152e-08,4.802896004660327e-06,2.306834217999306e-08,4.802896004660327e-06
2,7.943282347242792,0.0,0.9999750914229166,-0.004990787176993837,2.490857708325843e-05,0.004990787176993838,1.0,0.0,-4.981715416656375e-08,-9.981574353987674e-06,2.490857708325843e-08,4.990787176993837e-06,2.490857708325843e-08,4.990787176993838e-06,2.490857708337124e-08,4.990787176993837e-06,2.490857708325843e-08,4.990787176993838e-06
2,8.25404185268016,0.0,0.9999731043905804,-0.005186027964226433,2.689560941954461e-05,0.005186027964226433,1.0,0.0,-5.379121883904632e-08,-1.037205592845287e-05,2.689560941954461e-08,5.186027964226433e-06,2.689560941954461e-08,5.186027964226433e-06,2.689560941959712e-08,5.186027964226433e-06,2.689560941954461e-08,5.186027964226433e-06
2,8.576958985908915,0.0,0.999970958851284,-0.005388905763495715,2.904114871615609e-05,0.005388905763495715,1.0,0.0,-5.808229743223248e-08,-1.077781152699143e-05,2.904114871615609e-08,5.388905763495715e-06,2.904114871615609e-08,5.388905763495715e-06,2.90411487160469e-08,5.388905763495715e-06,2.904114871615609e-08,5.388905763495714e-06
2,8.912509381337427,0.0,0.9999686421615794,-0.00559971919889566,3.135783842051106e-05,0.00559971919889566,1.0,0.0,-6.271567684102732e-08,-1.119943839779132e-05,3.135783842051106e-08,5.599719198895661e-06,3.135783842051106e-08,5.59971919889566e-06,3.135783842056483e-08,5.59971919889566e-06,3.135783842051106e-08,5.599719198895661e-06
2,9.261187281287906,0.0,0.9999661406696311,-0.005818778558665913,3.385933036904319e-05,0.005818778558665913,1.0,0.0,-6.771866073803644e-08,-1.163755711733182e-05,3.385933036904319e-08,5.818778558665913e-06,3.385933036904319e-08,5.818778558665913e-06,3.385933036892386e-08,5.818778558665913e-06,3.385933036904319e-08,5.818778558665912e-06
2,9.623506263980856,0.0,0.999963439634809,-0.006046406249236671,3.656036519111117e-05,0.006046406249236671,1.0,0.0,-7.312073038212548e-08,-1.209281249847334e-05,3.656036519111117e-08,6.046406249236671e-06,3.656036519111117e-08,6.046406249236672e-06,3.656036519095185e-08,6.046406249236672e-06,3.656036519111117e-08,6.046406249236671e-06
2,9.999999999999968,0.0,0.9999605231408795,-0.006282937266758367,3.947685912042712e-05,0.006282937266758368,1.0,0.0,-7.895371824104908e-08,-1.256587453351674e-05,3.947685912042712e-08,6.282937266758367e-06,3.947685912042712e-08,6.282937266758368e-06,3.947685912053523e-08,6.282937266758367e-06,3.947685912042712e-08,6.282937266758368e-06
2,10.39122303835166,0.0,0.999957374002276,-0.006528719686766178,4.262599772405023e-05,0.006528719686766178,1.0,0.0,-8.525199544798769e-08,-1.305743937353236e-05,4.262599772405023e-08,6.528719686766178e-06,4.262599772405023e-08,6.528719686766178e-06,4.262599772397735e-08,6.528719686766178e-06,4.262599772405023e-08,6.528719686766178e-06
2,10.79775162327706,0.0,0.9999539736629005,-0.006784115172650745,4.602633709949683e-05,0.006784115172650744,1.0,0.0,-9.205267419895564e-08,-1.356823034530149e-05,4.602633709949683e-08,6.784115172650744e-06,4.602633709949683e-08,6.784115172650744e-06,4.602633709949178e-08,6.784115172650744e-06,4.602633709949683e-08,6.784115172650744e-06
2,11.2201845430196,0.0,0.9999503020868659,-0.007049499503628154,4.969791313422348e-05,0.007049499503628154,1.0,0.0,-9.939582626842154e-08,-1.409899900725631e-05,4.969791313422348e-08,7.049499503628154e-06,4.969791313422348e-08,7.049499503628154e-06,4.969791313413907e-08,7.049499503628154e-06,4.969791313422348e-08,7.049499503628153e-06
2,11.65914401179828,0.0,0.9999463376405312,-0.007325263122923957,5.366235946889341e-05,0.007325263122923957,1.0,0.0,-1.07324718937674e-07,-1.465052624584791e-05,5.36623594688934e-08,7.325263122923957e-06,5.366235946889341e-08,7.325263122923957e-06,5.366235946879794e-08,7.325263122923957e-06,5.36623594688934e-08,7.325263122923956e-06
2,12.11527658628584,0.0,0.9999420569651433,-0.007611811706908409,5.794303485671631e-05,0.007611811706908409,1.0,0.0,-1.158860697134393e-07,-1.522362341381682e-05,5.794303485671632e-08,7.611811706908409e-06,5.794303485671632e-08,7.611811706908409e-06,5.794303485673336e-08,7.611811706908409e-06,5.794303485671632e-08,7.611811706908409e-06
2,12.58925411794163,0.0,0.9999374348393341,-0.007909566755942071,6.256516066603313e-05,0.007909566755942071,1.0,0.0,-1.251303213320211e-07,-1.581913351188414e-05,6.256516066603314e-08,7.90956675594207e-06,6.256516066603313e-08,7.90956675594207e-06,6.256516066593942e-08,7.90956675594207e-06,6.256516066603314e-08,7.90956675594207e-06
2,13.08177474260189,0.0,0.9999324440306675,-0.008218966207713526,6.755596933252932e-05,0.008218966207713526,1.0,0.0,-1.351119386650294e-07,-1.643793241542705e-05,6.755596933252931e-08,8.218966207713526e-06,6.755596933252933e-08,8.218966207713526e-06,6.755596933250008e-08,8.218966207713526e-06,6.755596933252931e-08,8.218966207713526e-06
2,13.59356390878521,0.0,0.9999270551353687,-0.008540465073873163,7.29448646313234e-05,0.008540465073873162,1.0,0.0,-1.458897292625703e-07,-1.708093014774632e-05,7.29448646313234e-08,8.540465073873162e-06,7.294486463132341e-08,8.540465073873162e-06,7.29448646312747e-08,8.540465073873164e-06,7.294486463132339e-08,8.540465073873162e-06
2,14.12537544622749,0.0,0.999921236405292,-0.008874536100789192,7.876359470806195e-05,0.00887453610078919,1.0,0.0,-1.575271894160695e-07,-1.774907220157838e-05,7.876359470806196e-08,8.87453610078919e-06,7.876359470806195e-08,8.87453610078919e-06,7.876359470804229e-08,8.874536100789192e-06,7.876359470806195e-08,8.87453610078919e-06
2,14.67799267622064,0.0,0.9999149535611176,-0.00922167045527408,8.504643888244143e-05,0.009221670455274078,1.0,0.0,-1.700928777648407e-07,-1.844334091054816e-05,8.504643888244143e-08,9.221670455274078e-06,8.504643888244143e-08,9.221670455274078e-06,8.504643888240792e-08,9.22167045527408e-06,8.504643888244142e-08,9.221670455274078e-06
2,15.25222956539013,0.0,0.9999081695906824,-0.009582378436150977,9.183040931768669e-05,0.009582378436150975,1.0,0.0,-1.836608186351912e-07,-1.916475687230196e-05,9.183040931768668e-08,9.582378436150976e-06,9.183040931768669e-08,9.582378436150976e-06,9.183040931759479e-08,9.582378436150978e-06,9.183040931768667e-08,9.582378436150974e-06
2,15.84893192461107,0.0,0.999900844531264,-0.009957190212550879,9.915546873589927e-05,0.009957190212550879,1.0,0.0,-1.983109374718071e-07,-1.991438042510176e-05,9.915546873589927e-08,9.95719021255088e-06,9.915546873589927e-08,9.95719021255088e-06,9.915546873595638e-08,9.95719021255088e-06,9.915546873589927e-08,9.957190212550881e-06
2,16.46897865482862,0.0,0.9998929352345477,-0.01034665658985132,0.0001070647654523151,0.01034665658985132,1.0,0.0,-2.141295309047062e-07,-2.069331317970264e-05,1.070647654523151e-07,1.034665658985132e-05,1.070647654523151e-07,1.034665658985132e-05,1.070647654523027e-07,1.034665658985132e-05,1.070647654523151e-07,1.034665658985132e-05
2,17.11328304161774,0.0,0.9998843951128981,-0.01075134980418659,0.0001156048871019049,0.01075134980418659,1.0,0.0,-2.312097742038681e-07,-2.150269960837319e-05,1.156048871019049e-07,1.075134980418659e-05,1.156048871019049e-07,1.075134980418659e-05,1.156048871019388e-07,1.075134980418659e-05,1.156048871019049e-07,1.075134980418659e-05
2,17.78279410038916,0.0,0.9998751738654601,-0.01117186434647767,0.0001248261345399632,0.01117186434647767,1.0,0.0,-2.496522690798648e-07,-2.234372869295535e-05,1.248261345399632e-07,1.117186434647768e-05,1.248261345399632e-07,1.117186434647768e-05,1.248261345399015e-07,1.117186434647768e-05,1.248261345399632e-07,1.117186434647768e-05
2,18.47849797422283,0.0,0.9998652171824849,-0.01160881781694613,0.0001347828175149432,0.01160881781694613,1.0,0.0,-2.69565635030122e-07,-2.321763563389226e-05,1.347828175149432e-07,1.160881781694613e-05,1.347828175149432e-07,1.160881781694613e-05,1.347828175151111e-07,1.160881781694613e-05,1.347828175149432e-07,1.160881781694613e-05
2,19.20141938638794,0.0,0.9998544664261626,-0.01206285181109121,0.0001455335738374605,0.01206285181109121,1.0,0.0,-2.910671476749239e-07,-2.412570362218243e-05,1.455335738374605e-07,1.206285181109121e-05,1.455335738374605e-07,1.206285181109122e-05,1.455335738373975e-07,1.206285181109122e-05,1.455335738374605e-07,1.206285181109121e-05
2,19.95262314968871,0.0,0.9998428582860952,-0.01253463283812136,0.0001571417139047592,0.01253463283812136,1.0,0.0,-3.142834278094546e-07,-2.506926567624271e-05,1.571417139047592e-07,1.253463283812136e-05,1.571417139047592e-07,1.253463283812136e-05,1.571417139047959e-07,1.253463283812136e-05,1.571417139047592e-07,1.253463283812136e-05
2,20.73321573485946,0.0,0.9998303244074143,-0.0130248532728413,0.0001696755925857641,0.0130248532728413,1.0,0.0,-3.393511851714957e-07,-2.604970654568261e-05,1.696755925857642e-07,1.30248532728413e-05,1.696755925857641e-07,1.30248532728413e-05,1.696755925857385e-07,1.302485327284131e-05,1.696755925857641e-07,1.30248532728413e-05
2,21.54434690031875,0.0,0.999816790989371,-0.0135342323420022,0.000183209010628874,0.0135342323420022,1.0,0.0,-3.664180212577278e-07,-2.70684646840044e-05,1.83209010628874e-07,1.35342323420022e-05,1.83209010628874e-07,1.35342323420022e-05,1.832090106289597e-07,1.35342323420022e-05,1.83209010628874e-07,1.35342323420022e-05
2,22.3872113856833,0.0,0.9998021783520763,-0.01406351714612524,0.0001978216479237458,0.01406351714612524,1.0,0.0,-3.956432958474474e-07,-2.812703429225047e-05,1.978216479237458e-07,1.406351714612524e-05,1.978216479237458e-07,1.406351714612524e-05,1.978216479237016e-07,1.406351714612524e-05,1.978216479237458e-07,1.406351714612524e-05
2,23.26305067153616,0.0,0.9997864004688697,-0.01461348371780759,0.0002135995311303266,0.01461348371780759,1.0,0.0,-4.271990622605724e-07,-2.922696743561518e-05,2.135995311303266e-07,1.461348371780759e-05,2.135995311303266e-07,1.461348371780759e-05,2.135995311303152e-07,1.461348371780759e-05,2.135995311303266e-07,1.461348371780759e-05
2,24.17315480804093,0.0,0.9997693644616157,-0.01518493811751299,0.0002306355383842649,0.01518493811751299,1.0,0.0,-4.612710767684891e-07,-3.036987623502599e-05,2.306355383842649e-07,1.5184938117513e-05,2.306355383842649e-07,1.5184938117513e-05,2.306355383843162e-07,1.5184938117513e-05,2.306355383842649e-07,1.5184938117513e-05
2,25.11886431509569,0.0,0.9997509700560014,-0.01577871756783708,0.0002490299439985784,0.01577871756783708,1.0,0.0,-4.980598879971568e-07,-3.155743513567415e-05,2.490299439985784e-07,1.577871756783708e-05,2.490299439985784e-07,1.577871756783708e-05,2.490299439985577e-07,1.577871756783708e-05,2.490299439985784e-07,1.577871756783708e-05
2,26.10157215682525,0.0,0.9997311089936918,-0.0163956916272182,0.0002688910063081064,0.0163956916272182,1.0,0.0,-5.377820126164373e-07,-3.27913832544364e-05,2.688910063081064e-07,1.63956916272182e-05,2.688910063081064e-07,1.63956916272182e-05,2.68891006308225e-07,1.63956916272182e-05,2.688910063081065e-07,1.63956916272182e-05
2,27.12272579332016,0.0,0.9997096643979532,-0.01703676340403817,0.0002903356020469902,0.01703676340403817,1.0,0.0,-5.806712040938063e-07,-3.407352680807634e-05,2.903356020469902e-07,1.703676340403817e-05,2.903356020469902e-07,1.703676340403817e-05,2.903356020468317e-07,1.703676340403817e-05,2.903356020469902e-07,1.703676340403817e-05
2,28.18382931264441,0.0,0.9996865100890888,-0.01770287081202118,0.0003134899109113544,0.01770287081202118,1.0,0.0,-6.269798218225048e-07,-3.540574162404235e-05,3.134899109113544e-07,1.770287081202117e-05,3.134899109113544e-07,1.770287081202118e-05,3.134899109111799e-07,1.770287081202118e-05,3.134899109113544e-07,1.770287081202117e-05
2,29.28644564625223,0.0,0.9996615098457592,-0.01839498786779379,0.0003384901542407988,0.01839498786779379,1.0,0.0,-6.769803084816797e-07,-3.678997573558759e-05,3.384901542407987e-07,1.839498786779379e-05,3.384901542407988e-07,1.839498786779379e-05,3.384901542408114e-07,1.839498786779379e-05,3.384901542407988e-07,1.839498786779379e-05
2,30.43219887107707,0.0,0.9996345166079453,-0.01911412603141142,0.0003654833920545473,0.01911412603141142,1.0,0.0,-7.309667841092309e-07,-3.822825206282284e-05,3.654833920545473e-07,1.911412603141142e-05,3.654833920545473e-07,1.911412603141142e-05,3.654833920546663e-07,1.911412603141142e-05,3.654833920545473e-07,1.911412603141142e-05
2,31.62277660168364,0.0,0.9996053716169974,-0.01986133559058585,0.0003946283830025434,0.01986133559058585,1.0,0.0,-7.892567660052087e-07,-3.972267118117171e-05,3.946283830025434e-07,1.986133559058585e-05,3.946283830025434e-07,1.986133559058585e-05,3.946283830026376e-07,1.986133559058585e-05,3.946283830025434e-07,1.986133559058585e-05
2,32.85993247600639,0.0,0.99957390348786,-0.02063770708926339,0.0004260965121398904,0.0206377070892634,1.0,0.0,-8.521930242799526e-07,-4.12754141785268e-05,4.260965121398904e-07,2.06377070892634e-05,4.260965121398904e-07,2.06377070892634e-05,4.26096512139984e-07,2.063770708926339e-05,4.260965121398905e-07,2.06377070892634e-05
2,34.14548873833585,0.0,0.9995399272081937,-0.02144437280109989,0.0004600727918063132,0.02144437280109989,1.0,0.0,-9.201455836126201e-07,-4.288874560219978e-05,4.600727918063132e-07,2.144437280109989e-05,4.600727918063132e-07,2.144437280109989e-05,4.600727918062653e-07,2.144437280109989e-05,4.600727918063132e-07,2.144437280109989e-05
2,35.48133892335737,0.0,0.9995032430587076,-0.02228250824825733,0.0004967569412923782,0.02228250824825733,1.0,0.0,-9.935138825847965e-07,-4.456501649651467e-05,4.967569412923782e-07,2.228250824825733e-05,4.967569412923782e-07,2.228250824825733e-05,4.967569412923645e-07,2.228250824825733e-05,4.967569412923782e-07,2.228250824825733e-05
2,36.86945064519557,0.0,0.9994636354485973,-0.02315333376580265,0.0005363645514026586,0.02315333376580265,1.0,0.0,-1.072729102805378e-06,-4.63066675316053e-05,5.363645514026585e-07,2.315333376580265e-05,5.363645514026586e-07,2.315333376580265e-05,5.363645514027127e-07,2.315333376580265e-05,5.363645514026586e-07,2.315333376580265e-05
2,38.31186849557268,0.0,0.9994208716595153,-0.02405811611182047,0.0005791283404845882,0.02405811611182047,1.0,0.0,-1.158256680969213e-06,-4.811623222364094e-05,5.791283404845882e-07,2.405811611182047e-05,5.791283404845882e-07,2.405811611182047e-05,5.791283404846803e-07,2.405811611182047e-05,5.791283404845882e-07,2.405811611182047e-05
2,39.81071705534952,0.0,0.9993747004910177,-0.02499817012315504,0.0006252995089821345,0.02499817012315504,1.0,0.0,-1.250599017964395e-06,-4.999634024631008e-05,6.252995089821346e-07,2.499817012315504e-05,6.252995089821345e-07,2.499817012315504e-05,6.252995089822688e-07,2.499817012315504e-05,6.252995089821346e-07,2.499817012315504e-05
2,41.36820402388486,0.0,0.9993248507999026,-0.02597486041646786,0.0006751492000973809,0.02597486041646786,1.0,0.0,-1.350298400194648e-06,-5.194972083293571e-05,6.75149200097381e-07,2.597486041646786e-05,6.751492000973809e-07,2.597486041646786e-05,6.751492000973692e-07,2.597486041646786e-05,6.75149200097381e-07,2.597486041646786e-05
2,42.98662347082254,0.0,0.9992710299252975,-0.02698960313403375,0.0007289700747024561,0.02698960313403375,1.0,0.0,-1.457940149405067e-06,-5.39792062680675e-05,7.289700747024562e-07,2.698960313403375e-05,7.289700747024562e-07,2.698960313403375e-05,7.289700747025174e-07,2.698960313403375e-05,7.289700747024562e-07,2.698960313403375e-05
2,44.66835921509607,0.0,0.9992129219907594,-0.02804386773339362,0.0007870780092407062,0.02804386773339362,1.0,0.0,-1.574156018481407e-06,-5.608773546678725e-05,7.870780092407062e-07,2.804386773339362e-05,7.870780092407061e-07,2.804386773339362e-05,7.870780092406049e-07,2.804386773339363e-05,7.870780092407061e-07,2.804386773339362e-05
2,46.41588833612754,0.0,0.9991501860740087,-0.02913917881963283,0.0008498139259913472,0.02913917881963283,1.0,0.0,-1.699627851982655e-06,-5.827835763926566e-05,8.498139259913471e-07,2.913917881963283e-05,8.498139259913473e-07,2.913917881963283e-05,8.498139259912607e-07,2.913917881963283e-05,8.498139259913471e-07,2.913917881963282e-05
2,48.2317848223928,0.0,0.9990824542342523,-0.03027711801865387,0.0009175457657477365,0.03027711801865387,1.0,0.0,-1.835091531495454e-06,-6.055423603730774e-05,9.175457657477365e-07,3.027711801865388e-05,9.175457657477364e-07,3.027711801865387e-05,9.175457657476516e-07,3.027711801865387e-05,9.175457657477366e-07,3.027711801865387e-05
2,50.11872336272695,0.0,0.9990093293863227,-0.03145932588935476,0.0009906706136774308,0.03145932588935477,1.0,0.0,-1.981341227354626e-06,-6.291865177870952e-05,9.906706136774308e-07,3.145932588935477e-05,9.906706136774308e-07,3.145932588935477e-05,9.906706136773025e-07,3.145932588935476e-05,9.90670613677431e-07,3.145932588935476e-05
2,52.07948328595435,0.0,0.9989303830101061,-0.03268750387210312,0.001069616989893826,0.03268750387210312,1.0,0.0,-2.139233979787707e-06,-6.537500774420624e-05,1.069616989893826e-06,3.268750387210311e-05,1.069616989893826e-06,3.268750387210312e-05,1.06961698989394e-06,3.268750387210312e-05,1.069616989893826e-06,3.268750387210312e-05
2,54.11695265464607,0.0,0.9988451526829245,-0.03396341627030319,0.001154847317075652,0.03396341627030319,1.0,0.0,-2.309694634151051e-06,-6.792683254060637e-05,1.154847317075652e-06,3.396341627030319e-05,1.154847317075652e-06,3.396341627030319e-05,1.154847317075491e-06,3.396341627030319e-05,1.154847317075652e-06,3.396341627030319e-05
2,56.2341325190346,0.0,0.9987531394216771,-0.03528889226117946,0.001246860578322907,0.03528889226117946,1.0,0.0,-2.493721156645806e-06,-7.057778452235891e-05,1.246860578322907e-06,3.528889226117946e-05,1.246860578322907e-06,3.528889226117946e-05,1.246860578322906e-06,3.528889226117946e-05,1.246860578322907e-06,3.528889226117946e-05
2,58.43414133735143,0.0,0.9986538048206633,-0.03666582793113767,0.001346195179336664,0.03666582793113767,1.0,0.0,-2.692390358673275e-06,-7.333165586227533e-05,1.346195179336664e-06,3.666582793113766e-05,1.346195179336664e-06,3.666582793113767e-05,1.346195179336651e-06,3.666582793113767e-05,1.346195179336664e-06,3.666582793113766e-05
2,60.7202195690985,0.0,0.9985465679700442,-0.03809618833019983,0.001453432029955755,0.03809618833019983,1.0,0.0,-2.90686405991162e-06,-7.619237666039967e-05,1.453432029955755e-06,3.809618833019983e-05,1.453432029955755e-06,3.809618833019983e-05,1.453432029955848e-06,3.809618833019983e-05,1.453432029955755e-06,3.809618833019983e-05
2,63.09573444801896,0.0,0.9984308021389244,-0.03958200953903525,0.001569197861075481,0.03958200953903525,1.0,0.0,-3.138395722150972e-06,-7.916401907807049e-05,1.569197861075481e-06,3.958200953903525e-05,1.569197861075481e-06,3.958200953903525e-05,1.569197861075566e-06,3.958200953903525e-05,1.569197861075481e-06,3.958200953903525e-05
2,65.5641849417975,0.0,0.998305831205989,-0.04112540074100747,0.001694168794011059,0.04112540074100747,1.0,0.0,-3.388337588021946e-06,-8.225080148201493e-05,1.694168794011059e-06,4.112540074100747e-05,1.694168794011059e-06,4.112540074100747e-05,1.694168794010964e-06,4.112540074100747e-05,1.694168794011059e-06,4.112540074100747e-05
2,68.12920690579573,0.0,0.9981709258195499,-0.04272854629041854,0.001829074180450029,0.04272854629041854,1.0,0.0,-3.658148360900073e-06,-8.54570925808371e-05,1.829074180450029e-06,4.272854629041854e-05,1.829074180450029e-06,4.272854629041854e-05,1.829074180450085e-06,4.272854629041854e-05,1.829074180450029e-06,4.272854629041855e-05
2,70.79457843841337,0.0,0.9980252992677398,-0.04439370776673598,0.001974700732260344,0.04439370776673598,1.0,0.0,-3.949401464520611e-06,-8.878741553347196e-05,1.974700732260344e-06,4.439370776673598e-05,1.974700732260344e-06,4.439370776673598e-05,1.974700732260248e-06,4.439370776673598e-05,1.974700732260344e-06,4.439370776673597e-05
2,73.56422544596369,0.0,0.9978681030384194,-0.04612322600302104,0.002131896961580552,0.04612322600302104,1.0,0.0,-4.263793923161134e-06,-9.224645200604208e-05,2.131896961580552e-06,4.612322600302104e-05,2.131896961580552e-06,4.612322600302104e-05,2.13189696158056e-06,4.612322600302104e-05,2.131896961580552e-06,4.612322600302104e-05
2,76.44222742525956,0.0,0.9976984220471898,-0.04791952307501883,0.002301577952810124,0.04791952307501883,1.0,0.0,-4.603155905620209e-06,-9.583904615003766e-05,2.301577952810124e-06,4.791952307501883e-05,2.301577952810124e-06,4.791952307501883e-05,2.301577952810163e-06,4.791952307501883e-05,2.301577952810124e-06,4.791952307501883e-05
2,79.43282347242767,0.0,0.9975152695106657,-0.04978510423540011,0.002484730489334281,0.04978510423540011,1.0,0.0,-4.969460978668531e-06,-9.957020847080022e-05,2.484730489334281e-06,4.978510423540011e-05,2.484730489334281e-06,4.978510423540011e-05,2.484730489334286e-06,4.978510423540011e-05,2.484730489334281e-06,4.978510423540011e-05
2,82.54041852680133,0.0,0.9973175814409502,-0.05172255977544014,0.002682418559049914,0.05172255977544014,1.0,0.0,-5.364837118099691e-06,-0.0001034451195508803,2.682418559049914e-06,5.172255977544014e-05,2.682418559049914e-06,5.172255977544014e-05,2.682418559049826e-06,5.172255977544014e-05,2.682418559049914e-06,5.172255977544014e-05
2,85.76958985908888,0.0,0.9971042107360044,-0.0537345667939563,0.002895789263995623,0.0537345667939563,1.0,0.0,-5.7915785279913e-06,-0.0001074691335879126,2.895789263995623e-06,5.37345667939563e-05,2.895789263995623e-06,5.37345667939563e-05,2.895789263995585e-06,5.37345667939563e-05,2.895789263995623e-06,5.37345667939563e-05
2,89.125093813374,0.0,0.9968739208393846,-0.05582389085057608,0.003126079160615466,0.05582389085057608,1.0,0.0,-6.252158321230809e-06,-0.0001116477817011521,3.126079160615466e-06,5.582389085057608e-05,3.126079160615466e-06,5.582389085057608e-05,3.126079160615358e-06,5.582389085057608e-05,3.126079160615466e-06,5.582389085057608e-05
2,92.61187281287877,0.0,0.9966253789416151,-0.05799338747734323,0.003374621058384965,0.05799338747734322,1.0,0.0,-6.749242116769805e-06,-0.0001159867749546865,3.374621058384965e-06,5.799338747734323e-05,3.374621058384965e-06,5.799338747734322e-05,3.37462105838493e-06,5.799338747734323e-05,3.374621058384965e-06,5.799338747734323e-05
2,96.23506263980825,0.0,0.9963571486943221,-0.06024600351925956,0.003642851305677915,0.06024600351925956,1.0,0.0,-7.285702611355874e-06,-0.0001204920070385191,3.642851305677915e-06,6.024600351925956e-05,3.642851305677915e-06,6.024600351925956e-05,3.642851305677874e-06,6.024600351925956e-05,3.642851305677915e-06,6.024600351925956e-05
2,99.99999999999936,0.0,0.9960676824071726,-0.0625847782705713,0.003932317592827433,0.0625847782705713,1.0,0.0,-7.864635185654797e-06,-0.0001251695565411426,3.932317592827433e-06,6.258477827057129e-05,3.932317592827433e-06,6.25847782705713e-05,3.932317592827417e-06,6.25847782705713e-05,3.932317592827433e-06,6.258477827057129e-05
2,103.9122303835162,0.0,0.9957553126966966,-0.06501284436940524,0.004244687303303332,0.06501284436940524,1.0,0.0,-8.489374606606832e-06,-0.0001300256887388105,4.244687303303332e-06,6.501284436940524e-05,4.244687303303331e-06,6.501284436940524e-05,4.244687303303408e-06,6.501284436940524e-05,4.244687303303332e-06,6.501284436940525e-05
2,107.9775162327703,0.0,0.9954182435552471,-0.06753342840870628,0.004581756444752892,0.06753342840870628,1.0,0.0,-9.163512889505677e-06,-0.0001350668568174126,4.581756444752892e-06,6.753342840870629e-05,4.581756444752892e-06,6.753342840870629e-05,4.581756444752894e-06,6.753342840870629e-05,4.581756444752892e-06,6.753342840870629e-05
2,112.2018454301956,0.0,0.995054540807711,-0.07014985121628088,0.004945459192288938,0.07014985121628088,1.0,0.0,-9.890918384577855e-06,-0.0001402997024325617,4.945459192288939e-06,7.014985121628087e-05,4.945459192288939e-06,7.014985121628089e-05,4.945459192288948e-06,7.014985121628089e-05,4.945459192288939e-06,7.014985121628087e-05
2,116.5914401179824,0.0,0.9946621219231945,-0.0728655277510755,0.005337878076805596,0.0728655277510755,1.0,0.0,-1.06757561536111e-05,-0.000145731055502151,5.337878076805597e-06,7.286552775107551e-05,5.337878076805597e-06,7.286552775107551e-05,5.337878076805525e-06,7.286552775107551e-05,5.337878076805597e-06,7.28655277510755e-05
2,121.152765862858,0.0,0.9942387451488038,-0.07568396655656792,0.005761254851196124,0.07568396655656794,1.0,0.0,-1.152250970239222e-05,-0.0001513679331131359,5.761254851196124e-06,7.568396655656794e-05,5.761254851196125e-06,7.568396655656794e-05,5.761254851196163e-06,7.568396655656792e-05,5.761254851196125e-06,7.568396655656794e-05
2,125.8925411794159,0.0,0.9937819979329331,-0.07860876870528373,0.006218002067066842,0.07860876870528373,1.0,0.0,-1.243600413413374e-05,-0.0001572175374105675,6.218002067066842e-06,7.860876870528373e-05,6.218002067066842e-06,7.860876870528373e-05,6.218002067066908e-06,7.860876870528373e-05,6.218002067066842e-06,7.860876870528373e-05
2,130.8177474260185,0.0,0.9932892846061981,-0.08164362616092768,0.006710715393801926,0.08164362616092768,1.0,0.0,-1.342143078760368e-05,-0.0001632872523218554,6.710715393801926e-06,8.164362616092769e-05,6.710715393801926e-06,8.164362616092769e-05,6.710715393801858e-06,8.164362616092769e-05,6.710715393801926e-06,8.164362616092769e-05
2,135.9356390878516,0.0,0.992757813289462,-0.08479231947639912,0.007242186710538025,0.0847923194763991,1.0,0.0,-1.448437342107608e-05,-0.0001695846389527982,7.242186710538026e-06,8.479231947639911e-05,7.242186710538025e-06,8.479231947639911e-05,7.242186710538002e-06,8.479231947639912e-05,7.242186710538025e-06,8.479231947639911e-05
2,141.2537544622745,0.0,0.9921845820003579,-0.08805871473700388,0.007815417999642155,0.08805871473700388,1.0,0.0,-1.563083599928421e-05,-0.0001761174294740078,7.815417999642156e-06,8.805871473700389e-05,7.815417999642156e-06,8.805871473700389e-05,7.815417999642138e-06,8.805871473700389e-05,7.815417999642156e-06,8.805871473700389e-05
2,146.7799267622059,0.0,0.9915663639324788,-0.09144675964845202,0.008433636067521144,0.091446759648452,1.0,0.0,-1.686727213504246e-05,-0.000182893519296904,8.433636067521145e-06,9.1446759648452e-05,8.433636067521145e-06,9.1446759648452e-05,8.433636067521233e-06,9.144675964845202e-05,8.433636067521143e-06,9.144675964845202e-05
2,152.5222956539008,0.0,0.990899691885123,-0.0949604786587104,0.009100308114877092,0.09496047865871042,1.0,0.0,-1.820061622975419e-05,-0.0001899209573174208,9.100308114877094e-06,9.496047865871042e-05,9.100308114877092e-06,9.496047865871042e-05,9.100308114877055e-06,9.49604786587104e-05,9.100308114877094e-06,9.496047865871042e-05
2,158.4893192461102,0.0,0.9901808418263093,-0.09860396699144912,0.009819158173690744,0.09860396699144912,1.0,0.0,-1.963831634738157e-05,-0.0001972079339828982,9.819158173690744e-06,9.860396699144912e-05,9.819158173690744e-06,9.860396699144912e-05,9.819158173690724e-06,9.860396699144912e-05,9.819158173690744e-06,9.860396699144912e-05
2,164.6897865482857,0.0,0.989405815577929,-0.1023813834566721,0.01059418442207098,0.1023813834566721,1.0,0.0,-2.118836884414197e-05,-0.0002047627669133442,1.059418442207098e-05,0.0001023813834566721,1.059418442207098e-05,0.0001023813834566721,1.059418442207105e-05,0.0001023813834566721,1.059418442207098e-05,0.0001023813834566721
2,171.1328304161769,0.0,0.9885703226195641,-0.1062969418911715,0.01142967738043595,0.1062969418911715,1.0,0.0,-2.285935476087185e-05,-0.0002125938837823431,1.142967738043595e-05,0.0001062969418911716,1.142967738043595e-05,0.0001062969418911715,1.142967738043588e-05,0.0001062969418911715,1.142967738043595e-05,0.0001062969418911715
2,177.827941003891,0.0,0.9876697610169544,-0.1103549010677218,0.01233023898304569,0.1103549010677218,1.0,0.0,-2.466047796609135e-05,-0.0002207098021354437,1.233023898304569e-05,0.0001103549010677218,1.233023898304569e-05,0.0001103549010677218,1.233023898304564e-05,0.0001103549010677218,1.233023898304569e-05,0.0001103549010677218
2,184.7849797422278,0.0,0.9866991974925845,-0.1145595528974961,0.01330080250741548,0.1145595528974961,1.0,0.0,-2.660160501483098e-05,-0.0002291191057949922,1.330080250741548e-05,0.0001145595528974961,1.330080250741548e-05,0.0001145595528974961,1.33008025074155e-05,0.0001145595528974961,1.330080250741548e-05,0.0001145595528974961
2,192.0141938638787,0.0,0.9856533466696988,-0.1189152087351374,0.01434665333030113,0.1189152087351374,1.0,0.0,-2.869330666060239e-05,-0.0002378304174702748,1.434665333030114e-05,0.0001189152087351374,1.434665333030114e-05,0.0001189152087351374,1.434665333030116e-05,0.0001189152087351374,1.434665333030114e-05,0.0001189152087351374
2,199.5262314968865,0.0,0.9845265495375671,-0.1234261835803872,0.0154734504624328,0.1234261835803872,1.0,0.0,-3.094690092486557e-05,-0.0002468523671607744,1.54734504624328e-05,0.0001234261835803872,1.54734504624328e-05,0.0001234261835803872,1.547345046243287e-05,0.0001234261835803872,1.54734504624328e-05,0.0001234261835803872
2,207.332157348594,0.0,0.9833127512053811,-0.1280967779543473,0.01668724879461886,0.1280967779543473,1.0,0.0,-3.33744975892377e-05,-0.0002561935559086946,1.668724879461886e-05,0.0001280967779543473,1.668724879461886e-05,0.0001280967779543473,1.668724879461891e-05,0.0001280967779543473,1.668724879461886e-05,0.0001280967779543473
2,215.4434690031867,0.0,0.9820054780351389,-0.1329312572125802,0.01799452196486103,0.1329312572125802,1.0,0.0,-3.598904392972203e-05,-0.0002658625144251605,1.799452196486103e-05,0.0001329312572125802,1.799452196486103e-05,0.0001329312572125802,1.799452196486107e-05,0.0001329312572125802,1.799452196486102e-05,0.0001329312572125802
2,223.8721138568323,0.0,0.9805978142707006,-0.1379338280416565,0.0194021857292995,0.1379338280416565,1.0,0.0,-3.880437145859902e-05,-0.000275867656083313,1.94021857292995e-05,0.0001379338280416565,1.94021857292995e-05,0.0001379338280416565,1.940218572929941e-05,0.0001379338280416565,1.94021857292995e-05,0.0001379338280416565
2,232.6305067153608,0.0,0.9790823783112893,-0.1431086118708394,0.02091762168871058,0.1431086118708394,1.0,0.0,-4.183524337742136e-05,-0.0002862172237416788,2.091762168871058e-05,0.0001431086118708394,2.091762168871058e-05,0.0001431086118708394,2.09176216887107e-05,0.0001431086118708394,2.091762168871058e-05,0.0001431086118708394
2,241.7315480804085,0.0,0.9774512988135362,-0.1484596149168768,0.02254870118646377,0.1484596149168768,1.0,0.0,-4.509740237292754e-05,-0.0002969192298337536,2.254870118646377e-05,0.0001484596149168768,2.254870118646377e-05,0.0001484596149168768,2.254870118646379e-05,0.0001484596149168768,2.254870118646377e-05,0.0001484596149168768
2,251.1886431509561,0.0,0.9756961908471389,-0.1539906945679587,0.02430380915286104,0.1539906945679587,1.0,0.0,-4.860761830572212e-05,-0.0003079813891359174,2.430380915286104e-05,0.0001539906945679587,2.430380915286104e-05,0.0001539906945679587,2.430380915286112e-05,0.0001539906945679587,2.430380915286104e-05,0.0001539906945679587
2,261.0157215682516,0.0,0.9738081323758028,-0.1597055218035797,0.02619186762419713,0.1597055218035797,1.0,0.0,-5.23837352483944e-05,-0.0003194110436071594,2.619186762419713e-05,0.0001597055218035797,2.619186762419713e-05,0.0001597055218035797,2.619186762419723e-05,0.0001597055218035797,2.619186762419713e-05,0.0001597055218035797
2,271.2272579332007,0.0,0.9717776413877108,-0.1656075393412044,0.02822235861228922,0.1656075393412044,1.0,0.0,-5.644471722457833e-05,-0.0003312150786824088,2.822235861228922e-05,0.0001656075393412044,2.822235861228922e-05,0.0001656075393412044,2.822235861228917e-05,0.0001656075393412044,2.822235861228922e-05,0.0001656075393412044
2,281.8382931264431,0.0,0.9695946540587108,-0.171699915199396,0.03040534594128924,0.171699915199396,1.0,0.0,-6.081069188257847e-05,-0.000343399830398792,3.040534594128924e-05,0.000171699915199396,3.040534594128924e-05,0.000171699915199396,3.040534594128919e-05,0.000171699915199396,3.040534594128924e-05,0.000171699915199396
2,292.8644564625213,0.0,0.9672485043969513,-0.1779854913716625,0.03275149560304868,0.1779854913716626,1.0,0.0,-6.550299120609733e-05,-0.0003559709827433251,3.275149560304868e-05,0.0001779854913716626,3.275149560304868e-05,0.0001779854913716626,3.275149560304868e-05,0.0001779854913716625,3.275149560304868e-05,0.0001779854913716626
2,304.3219887107697,0.0,0.9647279058899656,-0.1844667273172247,0.03527209411003445,0.1844667273172247,1.0,0.0,-7.054418822006881e-05,-0.0003689334546344493,3.527209411003445e-05,0.0001844667273172247,3.527209411003445e-05,0.0001844667273172247,3.527209411003441e-05,0.0001844667273172247,3.527209411003445e-05,0.0001844667273172247
2,316.2277660168354,0.0,0.962020935754163,-0.1911456379958684,0.03797906424583696,0.1911456379958683,1.0,0.0,-7.595812849167396e-05,-0.0003822912759917367,3.797906424583697e-05,0.0001911456379958683,3.797906424583696e-05,0.0001911456379958683,3.797906424583697e-05,0.0001911456379958684,3.797906424583696e-05,0.0001911456379958683
2,328.5993247600628,0.0,0.9591150224720455,-0.1980237262059602,0.04088497752795443,0.1980237262059602,1.0,0.0,-8.176995505590889e-05,-0.0003960474524119205,4.088497752795444e-05,0.0001980237262059602,4.088497752795443e-05,0.0001980237262059602,4.08849775279545e-05,0.0001980237262059602,4.088497752795444e-05,0.0001980237262059602
2,341.4548873833574,0.0,0.9559969373936412,-0.2051019090296814,0.04400306260635883,0.2051019090296814,1.0,0.0,-8.800612521271765e-05,-0.0004102038180593628,4.400306260635883e-05,0.0002051019090296814,4.400306260635884e-05,0.0002051019090296814,4.400306260635878e-05,0.0002051019090296814,4.400306260635883e-05,0.0002051019090296814
2,354.8133892335725,0.0,0.9526527912746892,-0.212380438249931,0.04734720872531091,0.212380438249931,1.0,0.0,-9.469441745062169e-05,-0.000424760876499862,4.734720872531091e-05,0.000212380438249931,4.734720872531091e-05,0.000212380438249931,4.734720872531084e-05,0.000212380438249931,4.734720872531091e-05,0.000212380438249931
2,368.6945064519545,0.0,0.949068036723581,-0.2198588146816691,0.05093196327641902,0.2198588146816691,1.0,0.0,-0.0001018639265528381,-0.0004397176293633383,5.093196327641902e-05,0.0002198588146816691,5.093196327641902e-05,0.0002198588146816691,5.093196327641902e-05,0.0002198588146816691,5.093196327641902e-05,0.0002198588146816691
2,383.1186849557256,0.0,0.9452274776299874,-0.227535696459345,0.05477252237001274,0.227535696459345,1.0,0.0,-0.0001095450447400253,-0.00045507139291869,5.477252237001273e-05,0.000227535696459345,5.477252237001274e-05,0.000227535696459345,5.477252237001263e-05,0.000227535696459345,5.477252237001273e-05,0.000227535696459345
2,398.1071705534939,0.0,0.9411152867478182,-0.2354088014441903,0.05888471325218188,0.2354088014441903,1.0,0.0,-0.0001177694265043637,-0.0004708176028883806,5.888471325218189e-05,0.0002354088014441903,5.888471325218189e-05,0.0002354088014441903,5.888471325218181e-05,0.0002354088014441903,5.888471325218189e-05,0.0002354088014441903
2,413.6820402388472,0.0,0.9367150327002717,-0.2434748040631731,0.06328496729972821,0.2434748040631731,1.0,0.0,-0.0001265699345994565,-0.0004869496081263462,6.328496729972822e-05,0.0002434748040631731,6.328496729972822e-05,0.0002434748040631731,6.328496729972833e-05,0.0002434748040631731,6.328496729972822e-05,0.0002434748040631731
2,429.8662347082241,0.0,0.9320097177609185,-0.2517292270677595,0.06799028223908159,0.2517292270677595,1.0,0.0,-0.0001359805644781632,-0.000503458454135519,6.79902822390816e-05,0.0002517292270677595,6.799028223908158e-05,0.0002517292270677595,6.799028223908154e-05,0.0002517292270677595,6.79902822390816e-05,0.0002517292270677595
2,446.6835921509593,0.0,0.9269818278368056,-0.2601663289073753,0.0730181721631945,0.2601663289073753,1.0,0.0,-0.0001460363443263889,-0.0005203326578147507,7.301817216319452e-05,0.0002601663289073753,7.30181721631945e-05,0.0002601663289073753,7.30181721631944e-05,0.0002601663289073753,7.301817216319452e-05,0.0002601663289073753
2,464.1588833612739,0.0,0.9216133961311763,-0.2687789876510734,0.07838660386882376,0.2687789876510734,1.0,0.0,-0.0001567732077376475,-0.0005375579753021468,7.838660386882377e-05,0.0002687789876510735,7.838660386882377e-05,0.0002687789876510734,7.838660386882368e-05,0.0002687789876510734,7.838660386882377e-05,0.0002687789876510734
2,482.3178482239265,0.0,0.9158860819872217,-0.2775585826619635,0.08411391801277848,0.2775585826619636,1.0,0.0,-0.0001682278360255568,-0.0005551171653239271,8.411391801277848e-05,0.0002775585826619636,8.411391801277848e-05,0.0002775585826619636,8.411391801277834e-05,0.0002775585826619636,8.411391801277849e-05,0.0002775585826619636
2,501.187233627268,0.0,0.909781266401956,-0.2864948755318479,0.09021873359804386,0.2864948755318479,1.0,0.0,-0.0001804374671960878,-0.0005729897510636959,9.021873359804387e-05,0.000286494875531848,9.021873359804387e-05,0.000286494875531848,9.0218733598044e-05,0.000286494875531848,9.021873359804387e-05,0.000286494875531848
2,520.7948328595418,0.0,0.9032801656414866,-0.2955758921160097,0.09671983435851327,0.2955758921160098,1.0,0.0,-0.0001934396687170267,-0.0005911517842320195,9.671983435851328e-05,0.0002955758921160097,9.671983435851326e-05,0.0002955758921160098,9.67198343585134e-05,0.0002955758921160097,9.671983435851329e-05,0.0002955758921160098
2,541.1695265464589,0.0,0.8963639642755056,-0.3047878078660721,0.1036360357244944,0.3047878078660721,1.0,0.0,-0.0002072720714489887,-0.0006095756157321443,0.0001036360357244944,0.0003047878078660721,0.0001036360357244944,0.0003047878078660721,0.0001036360357244944,0.0003047878078660722,0.0001036360357244943,0.0003047878078660722
2,562.3413251903442,0.0,0.8890139687692389,-0.3141148390356712,0.1109860312307611,0.3141148390356712,1.0,0.0,-0.0002219720624615222,-0.0006282296780713424,0.0001109860312307611,0.0003141148390356711,0.0001109860312307611,0.0003141148390356712,0.0001109860312307611,0.0003141148390356712,0.0001109860312307611,0.0003141148390356711
2,584.3414133735124,0.0,0.8812117825146684,-0.3235391427199947,0.1187882174853315,0.3235391427199947,1.0,0.0,-0.0002375764349706631,-0.0006470782854399894,0.0001187882174853315,0.0003235391427199947,0.0001187882174853315,0.0003235391427199947,0.0001187882174853316,0.0003235391427199947,0.0001187882174853315,0.0003235391427199948
2,607.2021956909831,0.0,0.8729395028396114,-0.3330407290734025,0.1270604971603886,0.3330407290734025,1.0,0.0,-0.0002541209943207772,-0.0006660814581468051,0.0001270604971603886,0.0003330407290734026,0.0001270604971603886,0.0003330407290734026,0.0001270604971603886,0.0003330407290734026,0.0001270604971603886,0.0003330407290734026
2,630.9573444801875,0.0,0.8641799400944509,-0.342597389413291,0.1358200599055491,0.342597389413291,1.0,0.0,-0.0002716401198110982,-0.000685194778826582,0.0001358200599055491,0.000342597389413291,0.0001358200599055491,0.000342597389413291,0.0001358200599055491,0.000342597389413291,0.0001358200599055491,0.000342597389413291
2,655.6418494179729,0.0,0.8549168583755422,-0.3521846442433789,0.1450831416244578,0.3521846442433789,1.0,0.0,-0.0002901662832489155,-0.0007043692884867577,0.0001450831416244578,0.0003521846442433789,0.0001450831416244578,0.0003521846442433789,0.0001450831416244578,0.0003521846442433789,0.0001450831416244578,0.0003521846442433789
2,681.2920690579551,0.0,0.8451352367985016,-0.361775715492406,0.1548647632014985,0.361775715492406,1.0,0.0,-0.0003097295264029969,-0.000723551430984812,0.0001548647632014985,0.000361775715492406,0.0001548647632014985,0.000361775715492406,0.0001548647632014984,0.000361775715492406,0.0001548647632014985,0.000361775715492406
2,707.9457843841315,0.0,0.8348215494852851,-0.3713415274383847,0.1651784505147147,0.3713415274383848,1.0,0.0,-0.0003303569010294297,-0.0007426830548767696,0.0001651784505147147,0.0003713415274383848,0.0001651784505147148,0.0003713415274383848,0.0001651784505147149,0.0003713415274383847,0.0001651784505147148,0.0003713415274383848
2,735.6422544596346,0.0,0.8239640615835977,-0.3808507408450965,0.1760359384164022,0.3808507408450965,1.0,0.0,-0.0003520718768328045,-0.0007617014816901932,0.0001760359384164022,0.0003808507408450965,0.0001760359384164022,0.0003808507408450965,0.0001760359384164023,0.0003808507408450965,0.0001760359384164022,0.0003808507408450965
2,764.4222742525932,0.0,0.812553137710349,-0.390269824746182,0.187446862289651,0.390269824746182,1.0,0.0,-0.000374893724579302,-0.000780539649492364,0.000187446862289651,0.000390269824746182,0.000187446862289651,0.000390269824746182,0.000187446862289651,0.000390269824746182,0.000187446862289651,0.000390269824746182
2,794.3282347242741,0.0,0.800581558225439,-0.3995631700429447,0.1994184417745611,0.3995631700429447,1.0,0.0,-0.0003988368835491222,-0.0007991263400858894,0.0001994184417745611,0.0003995631700429447,0.0001994184417745611,0.0003995631700429447,0.000199418441774561,0.0003995631700429447,0.0001994184417745611,0.0003995631700429446
2,825.4041852680107,0.0,0.7880448377299991,-0.40869324860719,0.2119551622700008,0.40869324860719,1.0,0.0,-0.0004239103245400018,-0.00081738649721438,0.0002119551622700008,0.00040869324860719,0.0002119551622700008,0.00040869324860719,0.0002119551622700009,0.00040869324860719,0.0002119551622700008,0.0004086932486071901
2,857.695898590886,0.0,0.7749415391856105,-0.4176208208773211,0.2250584608143896,0.4176208208773211,1.0,0.0,-0.0004501169216287792,-0.0008352416417546422,0.0002250584608143896,0.0004176208208773211,0.0002250584608143896,0.0004176208208773211,0.0002250584608143895,0.0004176208208773211,0.0002250584608143896,0.000417620820877321
2,891.2509381337371,0.0,0.7612735761181884,-0.426305193989486,0.2387264238818116,0.4263051939894859,1.0,0.0,-0.0004774528477636234,-0.000852610387978972,0.0002387264238818117,0.000426305193989486,0.0002387264238818117,0.0004263051939894859,0.0002387264238818117,0.000426305193989486,0.0002387264238818117,0.000426305193989486
2,926.1187281287847,0.0,0.7470464945602001,-0.4347045312916775,0.2529535054397999,0.4347045312916775,1.0,0.0,-0.0005059070108795998,-0.0008694090625833551,0.0002529535054397999,0.0004347045312916775,0.0002529535054397999,0.0004347045312916775,0.0002529535054397999,0.0004347045312916775,0.0002529535054397999,0.0004347045312916775
2,962.3506263980794,0.0,0.7322697257611719,-0.4427762126569471,0.2677302742388282,0.4427762126569472,1.0,0.0,-0.0005354605484776564,-0.0008855524253138941,0.0002677302742388282,0.0004427762126569472,0.0002677302742388282,0.0004427762126569472,0.0002677302742388281,0.0004427762126569471,0.0002677302742388282,0.0004427762126569471
2,999.9999999999903,0.0,0.7169568003249016,-0.4504772433683867,0.2830431996750983,0.4504772433683867,1.0,0.0,-0.0005660863993501967,-0.0009009544867367735,0.0002830431996750983,0.0004504772433683868,0.0002830431996750983,0.0004504772433683868,0.0002830431996750984,0.0004504772433683867,0.0002830431996750984,0.0004504772433683868
2,1039.122303835159,0.0,0.7011255143761477,-0.4577647075375404,0.2988744856238523,0.4577647075375405,1.0,0.0,-0.0005977489712477046,-0.0009155294150750811,0.0002988744856238522,0.0004577647075375405,0.0002988744856238523,0.0004577647075375405,0.0002988744856238524,0.0004577647075375405,0.0002988744856238523,0.0004577647075375405
2,1079.775162327699,0.0,0.6847980386763555,-0.4645962601026532,0.3152019613236445,0.4645962601026532,1.0,0.0,-0.0006304039226472892,-0.0009291925202053065,0.0003152019613236445,0.0004645962601026532,0.0003152019613236445,0.0004645962601026532,0.0003152019613236445,0.0004645962601026532,0.0003152019613236445,0.0004645962601026532
2,1122.018454301952,0.0,0.6680009623407749,-0.4709306495149508,0.3319990376592249,0.4709306495149508,1.0,0.0,-0.0006639980753184501,-0.0009418612990299018,0.0003319990376592249,0.0004709306495149508,0.0003319990376592249,0.0004709306495149508,0.0003319990376592251,0.0004709306495149508,0.000331999037659225,0.0004709306495149509
2,1165.91440117982,0.0,0.6507652639828768,-0.4767282613566909,0.3492347360171231,0.4767282613566909,1.0,0.0,-0.0006984694720342463,-0.0009534565227133819,0.0003492347360171231,0.0004767282613566909,0.0003492347360171231,0.0004767282613566909,0.0003492347360171232,0.0004767282613566909,0.0003492347360171231,0.000476728261356691
2,1211.527658628577,0.0,0.6331262047269534,-0.4819516714516064,0.3668737952730465,0.4819516714516065,1.0,0.0,-0.0007337475905460932,-0.0009639033429032129,0.0003668737952730465,0.0004819516714516065,0.0003668737952730466,0.0004819516714516065,0.0003668737952730467,0.0004819516714516064,0.0003668737952730466,0.0004819516714516066
2,1258.925411794155,0.0,0.6151231395586056,-0.4865661956385479,0.3848768604413942,0.486566195638548,1.0,0.0,-0.0007697537208827885,-0.000973132391277096,0.0003848768604413942,0.000486566195638548,0.0003848768604413942,0.000486566195638548,0.0003848768604413944,0.0004865661956385479,0.0003848768604413942,0.0004865661956385481
2,1308.177474260181,0.0,0.5967992458673267,-0.4905404223909756,0.4032007541326732,0.4905404223909756,1.0,0.0,-0.0008064015082653465,-0.0009810808447819513,0.0004032007541326732,0.0004905404223909756,0.0004032007541326732,0.0004905404223909756,0.0004032007541326733,0.0004905404223909756,0.0004032007541326732,0.0004905404223909757
2,1359.356390878512,0.0,0.5782011706870812,-0.4938467139742554,0.4217988293129188,0.4938467139742554,1.0,0.0,-0.0008435976586258376,-0.0009876934279485106,0.0004217988293129189,0.0004938467139742554,0.0004217988293129189,0.0004938467139742554,0.0004217988293129188,0.0004938467139742554,0.0004217988293129189,0.0004938467139742553
2,1412.53754462274,0.0,0.5593786009437489,-0.496461661913549,0.4406213990562511,0.496461661913549,1.0,0.0,-0.0008812427981125023,-0.000992923323827098,0.0004406213990562511,0.000496461661913549,0.0004406213990562511,0.000496461661913549,0.0004406213990562511,0.000496461661913549,0.0004406213990562511,0.000496461661913549
2,1467.799267622055,0.0,0.540383763835161,-0.4983664832415057,0.4596162361648392,0.4983664832415057,1.0,0.0,-0.0009192324723296783,-0.0009967329664830112,0.0004596162361648392,0.0004983664832415057,0.0004596162361648392,0.0004983664832415057,0.000459616236164839,0.0004983664832415057,0.0004596162361648392,0.0004983664832415056
2,1525.222956539003,0.0,0.5212708671500441,-0.4995473453144207,0.4787291328499558,0.4995473453144207,1.0,0.0,-0.0009574582656999117,-0.0009990946906288417,0.0004787291328499558,0.0004995473453144208,0.0004787291328499559,0.0004995473453144208,0.0004787291328499559,0.0004995473453144208,0.0004787291328499558,0.0004995473453144208
2,1584.893192461097,0.0,0.5020954917241768,-0.499995608895152,0.4979045082758231,0.4999956088951521,1.0,0.0,-0.0009958090165516464,-0.0009999912177903042,0.0004979045082758231,0.0004999956088951521,0.0004979045082758231,0.0004999956088951521,0.0004979045082758232,0.000499995608895152,0.0004979045082758232,0.0004999956088951522
2,1646.897865482852,0.0,0.4829139501928649,-0.499707981627258,0.517086049807135,0.499707981627258,1.0,0.0,-0.00103417209961427,-0.000999415963254516,0.000517086049807135,0.000499707981627258,0.000517086049807135,0.000499707981627258,0.0005170860498071351,0.000499707981627258,0.000517086049807135,0.0004997079816272582
2,1711.328304161763,0.0,0.4637826276074123,-0.4986865768566231,0.5362173723925878,0.4986865768566232,1.0,0.0,-0.001072434744785176,-0.0009973731537132463,0.0005362173723925878,0.0004986865768566232,0.0005362173723925879,0.0004986865768566232,0.0005362173723925877,0.0004986865768566232,0.0005362173723925879,0.000498686576856623
2,1778.279410038904,0.0,0.4447573202504281,-0.4969388758530432,0.555242679749572,0.4969388758530432,1.0,0.0,-0.001110485359499144,-0.0009938777517060865,0.000555242679749572,0.0004969388758530432,0.000555242679749572,0.0004969388758530432,0.000555242679749572,0.0004969388758530432,0.000555242679749572,0.0004969388758530431
2,1847.849797422272,0.0,0.425892589061362,-0.4944775946834921,0.5741074109386382,0.4944775946834921,1.0,0.0,-0.001148214821877276,-0.000988955189366984,0.0005741074109386381,0.0004944775946834921,0.0005741074109386382,0.0004944775946834921,0.000574107410938638,0.0004944775946834921,0.0005741074109386381,0.0004944775946834919
2,1920.141938638781,0.0,0.4072411434646082,-0.4913204601217484,0.5927588565353916,0.4913204601217484,1.0,0.0,-0.001185517713070783,-0.000982640920243497,0.0005927588565353916,0.0004913204601217484,0.0005927588565353916,0.0004913204601217484,0.0005927588565353919,0.0004913204601217484,0.0005927588565353916,0.0004913204601217486
2,1995.262314968858,0.0,0.3888532701177271,-0.4874899018815436,0.6111467298822728,0.4874899018815436,1.0,0.0,-0.001222293459764546,-0.0009749798037630874,0.0006111467298822728,0.0004874899018815436,0.0006111467298822728,0.0004874899018815436,0.0006111467298822728,0.0004874899018815436,0.0006111467298822728,0.0004874899018815437
2,2073.321573485933,0.0,0.3707763192477695,-0.4830126709858093,0.6292236807522305,0.4830126709858092,1.0,0.0,-0.001258447361504461,-0.0009660253419716186,0.0006292236807522306,0.0004830126709858093,0.0006292236807522305,0.0004830126709858092,0.0006292236807522305,0.0004830126709858093,0.0006292236807522305,0.0004830126709858093
2,2154.434690031861,0.0,0.353054258934273,-0.477919396114705,0.6469457410657271,0.477919396114705,1.0,0.0,-0.001293891482131454,-0.00095583879222941,0.0006469457410657271,0.000477919396114705,0.0006469457410657271,0.000477919396114705,0.000646945741065727,0.000477919396114705,0.0006469457410657271,0.0004779193961147049
2,2238.721138568315,0.0,0.3357273050671026,-0.4722440912277074,0.6642726949328975,0.4722440912277075,1.0,0.0,-0.001328545389865795,-0.0009444881824554147,0.0006642726949328975,0.0004722440912277075,0.0006642726949328975,0.0004722440912277075,0.0006642726949328974,0.0004722440912277074,0.0006642726949328976,0.0004722440912277073
2,2326.305067153601,0.0,0.318831631907141,-0.466023628588262,0.681168368092859,0.466023628588262,1.0,0.0,-0.001362336736185718,-0.0009320472571765241,0.000681168368092859,0.000466023628588262,0.0006811683680928589,0.000466023628588262,0.0006811683680928589,0.000466023628588262,0.0006811683680928589,0.000466023628588262
2,2417.315480804078,0.0,0.3023991653595085,-0.459297191532216,0.6976008346404915,0.4592971915322161,1.0,0.0,-0.001395201669280983,-0.0009185943830644322,0.0006976008346404915,0.0004592971915322161,0.0006976008346404915,0.0004592971915322161,0.0006976008346404915,0.000459297191532216,0.0006976008346404916,0.0004592971915322161
2,2511.886431509553,0.0,0.2864574583735141,-0.4521057209499794,0.713542541626486,0.4521057209499793,1.0,0.0,-0.001427085083252972,-0.0009042114418999585,0.000713542541626486,0.0004521057209499793,0.000713542541626486,0.0004521057209499793,0.0007135425416264859,0.0004521057209499794,0.0007135425416264859,0.0004521057209499791
2,2610.157215682508,0.0,0.2710296454321093,-0.4444913685653012,0.7289703545678908,0.4444913685653011,1.0,0.0,-0.001457940709135781,-0.0008889827371306024,0.0007289703545678908,0.0004444913685653012,0.0007289703545678909,0.0004444913685653011,0.0007289703545678908,0.0004444913685653012,0.0007289703545678907,0.000444491368565301
2,2712.272579331998,0.0,0.2561344709810615,-0.4364969687825029,0.7438655290189385,0.4364969687825028,1.0,0.0,-0.001487731058037877,-0.0008729939375650057,0.0007438655290189386,0.0004364969687825029,0.0007438655290189386,0.0004364969687825028,0.0007438655290189385,0.0004364969687825029,0.0007438655290189385,0.0004364969687825028
2,2818.382931264422,0.0,0.2417863849393186,-0.4281655392453884,0.7582136150606813,0.4281655392453884,1.0,0.0,-0.001516427230121363,-0.0008563310784907769,0.0007582136150606814,0.0004281655392453884,0.0007582136150606813,0.0004281655392453884,0.0007582136150606814,0.0004281655392453884,0.0007582136150606814,0.0004281655392453886
2,2928.644564625204,0.0,0.2279956971611856,-0.4195398184167631,0.7720043028388144,0.4195398184167631,1.0,0.0,-0.001544008605677629,-0.0008390796368335264,0.0007720043028388144,0.0004195398184167631,0.0007720043028388144,0.0004195398184167631,0.0007720043028388144,0.0004195398184167631,0.0007720043028388145,0.0004195398184167631
2,3043.219887107688,0.0,0.2147687818932364,-0.4106618465566674,0.7852312181067636,0.4106618465566674,1.0,0.0,-0.001570462436213527,-0.0008213236931133351,0.0007852312181067636,0.0004106618465566674,0.0007852312181067636,0.0004106618465566674,0.0007852312181067636,0.0004106618465566674,0.0007852312181067636,0.0004106618465566675
2,3162.277660168344,0.0,0.2021083228643817,-0.4015725945496387,0.7978916771356183,0.4015725945496387,1.0,0.0,-0.001595783354271237,-0.0008031451890992778,0.0007978916771356183,0.0004015725945496387,0.0007978916771356183,0.0004015725945496387,0.0007978916771356184,0.0004015725945496387,0.0007978916771356183,0.0004015725945496388
2,3285.993247600617,0.0,0.1900135896262811,-0.392311643191502,0.809986410373719,0.392311643191502,1.0,0.0,-0.001619972820747438,-0.0007846232863830038,0.000809986410373719,0.000392311643191502,0.000809986410373719,0.000392311643191502,0.0008099864103737189,0.000392311643191502,0.0008099864103737191,0.0003923116431915018
2,3414.548873833563,0.0,0.1784807360691117,-0.3829169138616624,0.8215192639308885,0.3829169138616624,1.0,0.0,-0.001643038527861777,-0.0007658338277233244,0.0008215192639308885,0.0003829169138616624,0.0008215192639308885,0.0003829169138616624,0.0008215192639308884,0.0003829169138616624,0.0008215192639308884,0.0003829169138616621
2,3548.133892335714,0.0,0.1675031126119493,-0.37342445002605,0.8324968873880507,0.37342445002605,1.0,0.0,-0.001664993774776101,-0.0007468489000521002,0.0008324968873880507,0.00037342445002605,0.0008324968873880507,0.00037342445002605,0.0008324968873880507,0.00037342445002605,0.0008324968873880507,0.00037342445002605
2,3686.945064519533,0.0,0.1570715843419159,-0.3638682477686619,0.8429284156580841,0.3638682477686619,1.0,0.0,-0.001685856831316168,-0.0007277364955373237,0.0008429284156580842,0.0003638682477686619,0.0008429284156580841,0.0003638682477686619,0.0008429284156580841,0.0003638682477686619,0.0008429284156580842,0.0003638682477686619
2,3831.186849557243,0.0,0.1471748482874362,-0.3542801325490978,0.8528251517125638,0.3542801325490979,1.0,0.0,-0.001705650303425128,-0.0007085602650981956,0.0008528251517125638,0.0003542801325490978,0.0008528251517125638,0.0003542801325490979,0.0008528251517125638,0.0003542801325490978,0.0008528251517125639,0.0003542801325490978
2,3981.071705534926,0.0,0.1377997439989868,-0.3446896786281836,0.8622002560010132,0.3446896786281837,1.0,0.0,-0.001724400512002026,-0.0006893793572563672,0.0008622002560010132,0.0003446896786281837,0.0008622002560010133,0.0003446896786281837,0.0008622002560010132,0.0003446896786281836,0.0008622002560010133,0.0003446896786281835
2,4136.820402388459,0.0,0.1289315526235439,-0.3351241670808393,0.871068447376456,0.3351241670808393,1.0,0.0,-0.001742136894752912,-0.0006702483341616788,0.000871068447376456,0.0003351241670808392,0.000871068447376456,0.0003351241670808392,0.0008710684473764561,0.0003351241670808392,0.000871068447376456,0.0003351241670808395
2,4298.662347082227,0.0,0.1205542806532533,-0.3256085780034518,0.8794457193467468,0.3256085780034518,1.0,0.0,-0.001758891438693493,-0.0006512171560069035,0.0008794457193467467,0.0003256085780034518,0.0008794457193467467,0.0003256085780034518,0.0008794457193467466,0.0003256085780034518,0.0008794457193467467,0.0003256085780034516
2,4466.835921509579,0.0,0.1126509254707239,-0.3161656123953288,0.887349074529276,0.3161656123953288,1.0,0.0,-0.001774698149058552,-0.0006323312247906577,0.0008873490745292759,0.0003161656123953288,0.000887349074529276,0.0003161656123953288,0.0008873490745292761,0.0003161656123953288,0.0008873490745292759,0.000316165612395329
2,4641.588833612725,0.0,0.1052037206780248,-0.306815739220668,0.8947962793219753,0.306815739220668,1.0,0.0,-0.00178959255864395,-0.0006136314784413359,0.0008947962793219752,0.0003068157392206681,0.0008947962793219753,0.000306815739220668,0.0008947962793219752,0.000306815739220668,0.0008947962793219752,0.0003068157392206677
2,4823.178482239249,0.0,0.0981943599676067,-0.2975772633084705,0.9018056400323933,0.2975772633084705,1.0,0.0,-0.001803611280064787,-0.0005951545266169411,0.0009018056400323934,0.0002975772633084705,0.0009018056400323933,0.0002975772633084705,0.0009018056400323933,0.0002975772633084705,0.0009018056400323934,0.0002975772633084706
2,5011.872336272663,0.0,0.0916041989621096,-0.2884664099936418,0.9083958010378904,0.2884664099936418,1.0,0.0,-0.001816791602075781,-0.0005769328199872834,0.0009083958010378904,0.0002884664099936418,0.0009083958010378904,0.0002884664099936418,0.0009083958010378904,0.0002884664099936418,0.0009083958010378904,0.0002884664099936418
2,5207.948328595401,0.0,0.08541443501360894,-0.279497422716051,0.9145855649863911,0.279497422716051,1.0,0.0,-0.001829171129972782,-0.0005589948454321021,0.000914585564986391,0.000279497422716051,0.0009145855649863911,0.000279497422716051,0.0009145855649863911,0.000279497422716051,0.0009145855649863912,0.0002794974227160509
2,5411.695265464572,0.0,0.07960626541346369,-0.2706826701515723,0.9203937345865364,0.2706826701515723,1.0,0.0,-0.001840787469173073,-0.000541365340303144,0.0009203937345865364,0.0002706826701515723,0.0009203937345865364,0.0002706826701515723,0.0009203937345865363,0.0002706826701515723,0.0009203937345865364,0.000270682670151572
2,5623.413251903423,0.0,0.07416102482736137,-0.2620327598296,0.9258389751726386,0.2620327598296,1.0,0.0,-0.001851677950345277,-0.0005240655196592004,0.0009258389751726385,0.0002620327598296001,0.0009258389751726386,0.0002620327598296,0.0009258389751726386,0.0002620327598296,0.0009258389751726385,0.0002620327598296002
2,5843.414133735106,0.0,0.06906030304469823,-0.2535566555783395,0.9309396969553017,0.2535566555783395,1.0,0.0,-0.001861879393910603,-0.0005071133111566794,0.0009309396969553016,0.0002535566555783395,0.0009309396969553017,0.0002535566555783394,0.0009309396969553018,0.0002535566555783394,0.0009309396969553016,0.0002535566555783399
2,6072.021956909812,0.0,0.06428604432692189,-0.2452617965189828,0.9357139556730781,0.2452617965189828,1.0,0.0,-0.001871427911346156,-0.0004905235930379656,0.0009357139556730781,0.0002452617965189828,0.0009357139556730781,0.0002452617965189828,0.0009357139556730781,0.0002452617965189828,0.0009357139556730781,0.0002452617965189827
2,6309.573444801856,0.0,0.05982062976643492,-0.2371542156926207,0.9401793702335652,0.2371542156926207,1.0,0.0,-0.00188035874046713,-0.0004743084313852406,0.0009401793702335652,0.0002371542156926207,0.0009401793702335652,0.0002371542156926207,0.0009401793702335651,0.0002371542156926207,0.0009401793702335652,0.0002371542156926201
2,6556.418494179708,0.0,0.05564694413674468,-0.2292386567422404,0.9443530558632554,0.2292386567422404,1.0,0.0,-0.001888706111726511,-0.0004584773134844802,0.0009443530558632554,0.0002292386567422404,0.0009443530558632554,0.0002292386567422404,0.0009443530558632554,0.0002292386567422404,0.0009443530558632554,0.0002292386567422402
2,6812.920690579529,0.0,0.05174842873598352,-0.2215186873817655,0.9482515712640164,0.2215186873817655,1.0,0.0,-0.001896503142528033,-0.0004430373747635313,0.0009482515712640164,0.0002215186873817655,0.0009482515712640164,0.0002215186873817655,0.0009482515712640166,0.0002215186873817655,0.0009482515712640164,0.0002215186873817659
2,7079.457843841292,0.0,0.04810912170923985,-0.213996808662198,0.95189087829076,0.213996808662198,1.0,0.0,-0.00190378175658152,-0.0004279936173243971,0.00095189087829076,0.000213996808662198,0.00095189087829076,0.000213996808662198,0.0009518908782907602,0.000213996808662198,0.00095189087829076,0.0002139968086621986
2,7356.422544596322,0.0,0.04471368728894101,-0.2066745592906098,0.955286312711059,0.2066745592906098,1.0,0.0,-0.001910572625422118,-0.0004133491185812199,0.000955286312711059,0.0002066745592906099,0.000955286312711059,0.0002066745592906098,0.000955286312711059,0.0002066745592906098,0.000955286312711059,0.0002066745592906097
2,7644.222742525907,0.0,0.04154743532437936,-0.1995526144713366,0.9584525646756207,0.1995526144713365,1.0,0.0,-0.001916905129351241,-0.0003991052289426724,0.0009584525646756208,0.0001995526144713366,0.0009584525646756207,0.0001995526144713366,0.0009584525646756207,0.0001995526144713366,0.0009584525646756205,0.0001995526144713363
2,7943.282347242715,0.0,0.03859633238788782,-0.1926308789215568,0.961403667612112,0.1926308789215568,1.0,0.0,-0.001922807335224224,-0.0003852617578431142,0.0009614036676121121,0.0001926308789215568,0.0009614036676121121,0.0001926308789215568,0.0009614036676121122,0.0001926308789215568,0.0009614036676121121,0.0001926308789215576
2,8254.04185268008,0.0,0.03584700565161505,-0.1859085738674474,0.9641529943483849,0.1859085738674474,1.0,0.0,-0.00192830598869677,-0.0003718171477348955,0.0009641529943483849,0.0001859085738674474,0.0009641529943483849,0.0001859085738674474,0.000964152994348385,0.0001859085738674474,0.0009641529943483849,0.0001859085738674478
2,8576.958985908834,0.0,0.03328674062981832,-0.1793843179546683,0.9667132593701817,0.1793843179546683,1.0,0.0,-0.001933426518740363,-0.0003587686359093362,0.0009667132593701818,0.0001793843179546683,0.0009667132593701817,0.0001793843179546683,0.0009667132593701817,0.0001793843179546683,0.0009667132593701818,0.0001793843179546681
2,8912.509381337342,0.0,0.03090347378067976,-0.1730562021106629,0.9690965262193203,0.1730562021106629,1.0,0.0,-0.001938193052438641,-0.0003461124042213257,0.0009690965262193203,0.0001730562021106629,0.0009690965262193203,0.0001730562021106629,0.0009690965262193203,0.0001730562021106629,0.0009690965262193204,0.0001730562021106626
2,9261.187281287817,0.0,0.02868578086167143,-0.1669218584788331,0.9713142191383285,0.1669218584788331,1.0,0.0,-0.001942628438276657,-0.0003338437169576663,0.0009713142191383285,0.0001669218584788331,0.0009713142191383285,0.0001669218584788331,0.0009713142191383286,0.0001669218584788331,0.0009713142191383285,0.0001669218584788336
2,9623.506263980764,0.0,0.02662286183556662,-0.160978523608744,0.9733771381644335,0.160978523608744,1.0,0.0,-0.001946754276328867,-0.0003219570472174872,0.0009733771381644334,0.000160978523608744,0.0009733771381644335,0.000160978523608744,0.0009733771381644334,0.000160978523608744,0.0009733771381644334,0.0001609785236087433
2,9999.99999999987,0.0,0.02470452303185827,-0.1552230961346495,0.9752954769681417,0.1552230961346495,1.0,0.0,-0.001950590953936284,-0.0003104461922692993,0.0009752954769681417,0.0001552230961346495,0.0009752954769681417,0.0001552230961346495,0.0009752954769681418,0.0001552230961346495,0.0009752954769681419,0.0001552230961346499
2,10391.22303835156,0.0,0.02292115718165525,-0.1496521892092097,0.9770788428183448,0.1496521892092097,1.0,0.0,-0.00195415768563669,-0.0002993043784184192,0.0009770788428183448,0.0001496521892092097,0.0009770788428183448,0.0001496521892092097,0.0009770788428183448,0.0001496521892092097,0.0009770788428183448,0.0001496521892092095
2,10797.75162327696,0.0,0.02126372186373939,-0.1442621779824529,0.9787362781362607,0.1442621779824529,1.0,0.0,-0.001957472556272521,-0.0002885243559649043,0.0009787362781362606,0.0001442621779824529,0.0009787362781362608,0.0001442621779824529,0.0009787362781362606,0.0001442621779824529,0.0009787362781362608,0.0001442621779824521
2,11220.18454301949,0.0,0.01972371682572151,-0.1390492424297963,0.9802762831742786,0.1390492424297963,1.0,0.0,-0.001960552566348557,-0.0002780984848595918,0.0009802762831742787,0.0001390492424297963,0.0009802762831742787,0.0001390492424297963,0.0009802762831742785,0.0001390492424297963,0.0009802762831742785,0.0001390492424297954
2,11659.14401179817,0.0,0.0182931605772295,-0.1340094058390127,0.9817068394227704,0.1340094058390126,1.0,0.0,-0.001963413678845541,-0.0002680188116780261,0.0009817068394227704,0.0001340094058390126,0.0009817068394227704,0.0001340094058390126,0.0009817068394227706,0.0001340094058390127,0.0009817068394227702,0.0001340094058390136
2,12115.27658628572,0.0,0.01696456659169962,-0.1291385692659455,0.9830354334083005,0.1291385692659455,1.0,0.0,-0.001966070866816601,-0.0002582771385318903,0.0009830354334083003,0.0001291385692659455,0.0009830354334083005,0.0001291385692659455,0.0009830354334083003,0.0001291385692659455,0.0009830354334083003,0.0001291385692659449
2,12589.25411794151,0.0,0.0157309193993933,-0.1244325422638431,0.9842690806006067,0.1244325422638431,1.0,0.0,-0.001968538161201214,-0.000248865084527687,0.0009842690806006068,0.0001244325422638431,0.0009842690806006068,0.0001244325422638431,0.0009842690806006068,0.0001244325422638431,0.0009842690806006066,0.0001244325422638431
2,13081.77474260177,0.0,0.01458565080639891,-0.1198870701825377,0.9854143491936012,0.1198870701825377,1.0,0.0,-0.001970828698387202,-0.0002397741403650754,0.0009854143491936013,0.0001198870701825377,0.0009854143491936011,0.0001198870701825377,0.0009854143491936011,0.0001198870701825377,0.0009854143491936011,0.0001198870701825371
2,13593.56390878508,0.0,0.01352261643220642,-0.1154978583222816,0.9864773835677936,0.1154978583222816,1.0,0.0,-0.001972954767135587,-0.0002309957166445643,0.0009864773835677936,0.0001154978583222816,0.0009864773835677936,0.0001154978583222816,0.0009864773835677936,0.0001154978583222816,0.0009864773835677936,0.0001154978583222817
2,14125.37544622736,0.0,0.01253607272153691,-0.1112605932136678,0.9874639272784631,0.1112605932136678,1.0,0.0,-0.001974927854556927,-0.0002225211864273352,0.0009874639272784633,0.0001112605932136678,0.000987463927278463,0.0001112605932136678,0.000987463927278463,0.0001112605932136678,0.0009874639272784633,0.0001112605932136676
2,14677.9926762205,0.0,0.01162065455401974,-0.1071709612803575,0.9883793454459803,0.1071709612803575,1.0,0.0,-0.001976758690891961,-0.0002143419225607152,0.0009883793454459804,0.0001071709612803575,0.0009883793454459804,0.0001071709612803575,0.0009883793454459804,0.0001071709612803575,0.0009883793454459804,0.0001071709612803574
2,15252.22956538999,0.0,0.01077135354759227,-0.1032246651258556,0.9892286464524077,0.1032246651258556,1.0,0.0,-0.001978457292904815,-0.0002064493302517123,0.0009892286464524076,0.0001032246651258556,0.0009892286464524076,0.0001032246651258556,0.0009892286464524076,0.0001032246651258556,0.0009892286464524076,0.0001032246651258559
2,15848.93192461092,0.0,0.009983497127713209,-0.0994174376697275,0.9900165028722868,0.0994174376697275,1.0,0.0,-0.001980033005744574,-0.0001988348753394556,0.0009900165028722868,9.94174376697275e-05,0.0009900165028722868,9.94174376697275e-05,0.0009900165028722868,9.94174376697275e-05,0.0009900165028722868,9.941743766972722e-05
2,16468.97865482846,0.0,0.00925272841421175,-0.09574505434279407,0.9907472715857881,0.09574505434279407,1.0,0.0,-0.001981494543171577,-0.0001914901086855891,0.000990747271585788,9.574505434279406e-05,0.000990747271585788,9.574505434279407e-05,0.0009907472715857883,9.574505434279407e-05,0.000990747271585788,9.574505434279535e-05
2,17113.28304161757,0.0,0.008574986960447747,-0.0922033435352314,0.9914250130395522,0.0922033435352314,1.0,0.0,-0.001982850026079105,-0.0001844066870704628,0.000991425013039552,9.22033435352314e-05,0.0009914250130395523,9.22033435352314e-05,0.0009914250130395523,9.22033435352314e-05,0.000991425013039552,9.22033435352318e-05
2,17782.79410038899,0.0,0.007946490365064717,-0.0887881954763281,0.9920535096349352,0.0887881954763281,1.0,0.0,-0.001984107019269871,-0.0001775763909526579,0.0009920535096349353,8.878819547632811e-05,0.0009920535096349353,8.878819547632811e-05,0.0009920535096349353,8.878819547632811e-05,0.0009920535096349353,8.878819547632887e-05
2,18478.49797422266,0.0,0.007363716764641147,-0.08549556971008082,0.9926362832353588,0.08549556971008082,1.0,0.0,-0.001985272566470718,-0.0001709911394201617,0.0009926362832353589,8.549556971008082e-05,0.0009926362832353589,8.549556971008082e-05,0.0009926362832353589,8.549556971008082e-05,0.0009926362832353589,8.549556971008149e-05
2,19201.41938638775,0.0,0.006823388205677177,-0.08232150131692086,0.9931766117943228,0.08232150131692086,1.0,0.0,-0.001986353223588646,-0.0001646430026338418,0.0009931766117943228,8.232150131692086e-05,0.0009931766117943228,8.232150131692086e-05,0.0009931766117943228,8.232150131692086e-05,0.0009931766117943228,8.232150131692093e-05
2,19952.62314968852,0.0,0.00632245488631587,-0.07926210601874246,0.993677545113684,0.07926210601874246,1.0,0.0,-0.001987355090227368,-0.0001585242120374867,0.0009936775451136841,7.926210601874248e-05,0.0009936775451136841,7.926210601874247e-05,0.0009936775451136841,7.926210601874247e-05,0.0009936775451136841,7.926210601874406e-05
2,20733.21573485926,0.0,0.005858080251739911,-0.07631358429207795,0.9941419197482602,0.07631358429207795,1.0,0.0,-0.00198828383949652,-0.0001526271685841542,0.0009941419197482602,7.631358429207795e-05,0.0009941419197482602,7.631358429207795e-05,0.00099414191974826,7.631358429207795e-05,0.0009941419197482602,7.631358429207701e-05
2,21544.34690031854,0.0,0.005427626922082994,-0.07347222460275497,0.994572373077917,0.07347222460275499,1.0,0.0,-0.001989144746155834,-0.0001469444492055091,0.000994572373077917,7.347222460275498e-05,0.000994572373077917,7.347222460275499e-05,0.000994572373077917,7.347222460275498e-05,0.0009945723730779173,7.347222460275486e-05
2,22387.21138568308,0.0,0.005028643427752293,-0.07073440586467675,0.9949713565722477,0.07073440586467675,1.0,0.0,-0.001989942713144495,-0.0001414688117293544,0.0009949713565722477,7.073440586467675e-05,0.0009949713565722477,7.073440586467675e-05,0.0009949713565722477,7.073440586467675e-05,0.0009949713565722477,7.073440586467732e-05
2,23263.05067153593,0.0,0.004658851724099343,-0.0680965992154689,0.9953411482759006,0.0680965992154689,1.0,0.0,-0.001990682296551801,-0.0001361931984309381,0.0009953411482759005,6.80965992154689e-05,0.0009953411482759005,6.80965992154689e-05,0.0009953411482759007,6.80965992154689e-05,0.0009953411482759005,6.809659921546988e-05
2,24173.1548080407,0.0,0.004316135455248319,-0.0655553691926166,0.9956838645447518,0.0655553691926166,1.0,0.0,-0.001991367729089503,-0.0001311107383852317,0.0009956838645447516,6.555536919261661e-05,0.0009956838645447518,6.55553691926166e-05,0.0009956838645447518,6.55553691926166e-05,0.0009956838645447516,6.555536919261522e-05
2,25118.86431509545,0.0,0.003998528935458793,-0.06310737438533703,0.9960014710645413,0.06310737438533703,1.0,0.0,-0.001992002942129083,-0.0001262147487706734,0.0009960014710645414,6.310737438533703e-05,0.0009960014710645414,6.310737438533704e-05,0.0009960014710645412,6.310737438533704e-05,0.0009960014710645414,6.310737438533574e-05
2,26101.572156825,0.0,0.003704206815548049,-0.0607493676297597,0.996295793184452,0.06074936762975971,1.0,0.0,-0.001992591586368904,-0.0001214987352595176,0.000996295793184452,6.074936762975971e-05,0.000996295793184452,6.074936762975971e-05,0.000996295793184452,6.07493676297597e-05,0.000996295793184452,6.074936762975809e-05
2,27122.7257933199,0.0,0.003431474401525128,-0.05847819580798305,0.9965685255984749,0.05847819580798304,1.0,0.0,-0.00199313705119695,-0.0001169563916159633,0.0009965685255984749,5.847819580798305e-05,0.0009965685255984749,5.847819580798304e-05,0.0009965685255984749,5.847819580798305e-05,0.0009965685255984749,5.847819580798319e-05
2,28183.82931264413,0.0,0.003178758592607566,-0.05629079930519276,0.9968212414073924,0.05629079930519276,1.0,0.0,-0.001993642482814785,-0.0001125815986103874,0.0009968212414073923,5.629079930519276e-05,0.0009968212414073923,5.629079930519276e-05,0.0009968212414073925,5.629079930519276e-05,0.0009968212414073923,5.629079930519395e-05
2,29286.44564625194,0.0,0.002944599406127783,-0.05418421117323029,0.9970554005938722,0.05418421117323029,1.0,0.0,-0.001994110801187744,-0.0001083684223464609,0.000997055400593872,5.41842111732303e-05,0.0009970554005938723,5.41842111732303e-05,0.0009970554005938723,5.41842111732303e-05,0.000997055400593872,5.418421117323043e-05
2,30432.19887107678,0.0,0.002727642057425213,-0.05215555604374071,0.9972723579425748,0.05215555604374071,1.0,0.0,-0.00199454471588515,-0.000104311112087481,0.0009972723579425749,5.215555604374072e-05,0.0009972723579425749,5.215555604374071e-05,0.0009972723579425747,5.215555604374071e-05,0.0009972723579425749,5.215555604373951e-05
2,31622.77660168334,0.0,0.002526629563608254,-0.05020204882927144,0.9974733704363916,0.05020204882927144,1.0,0.0,-0.001994946740872783,-0.0001004040976585463,0.0009974733704363917,5.020204882927144e-05,0.0009974733704363917,5.020204882927144e-05,0.0009974733704363917,5.020204882927144e-05,0.0009974733704363917,5.020204882927404e-05
2,32859.93247600607,0.0,0.002340395841010721,-0.04832099324639448,0.9976596041589894,0.04832099324639448,1.0,0.0,-0.001995319208317979,-9.664198649278824e-05,0.0009976596041589895,4.832099324639448e-05,0.0009976596041589895,4.832099324639448e-05,0.0009976596041589892,4.832099324639448e-05,0.0009976596041589895,4.832099324639291e-05
2,34145.48873833552,0.0,0.002167859267222091,-0.0465097801910481,0.9978321407327778,0.0465097801910481,1.0,0.0,-0.001995664281465556,-9.30195603820981e-05,0.0009978321407327778,4.65097801910481e-05,0.0009978321407327778,4.65097801910481e-05,0.000997832140732778,4.65097801910481e-05,0.0009978321407327778,4.650978019105007e-05
2,35481.33892335703,0.0,0.002008016679706833,-0.04476588599280543,0.9979919833202933,0.04476588599280543,1.0,0.0,-0.001995983966640587,-8.953177198560772e-05,0.0009979919833202934,4.476588599280542e-05,0.0009979919833202932,4.476588599280543e-05,0.0009979919833202932,4.476588599280543e-05,0.0009979919833202934,4.476588599280327e-05
2,36869.45064519521,0.0,0.001859937784218282,-0.04308687057163841,0.9981400622157818,0.0430868705716384,1.0,0.0,-0.001996280124431564,-8.617374114327364e-05,0.0009981400622157818,4.30868705716384e-05,0.0009981400622157818,4.308687057163841e-05,0.0009981400622157816,4.308687057163841e-05,0.0009981400622157818,4.308687057163706e-05
2,38311.86849557231,0.0,0.00172275994743476,-0.04147037551793177,0.9982772400525652,0.04147037551793177,1.0,0.0,-0.00199655448010513,-8.294075103586207e-05,0.0009982772400525652,4.147037551793177e-05,0.0009982772400525652,4.147037551793177e-05,0.0009982772400525652,4.147037551793177e-05,0.0009982772400525652,4.147037551793177e-05
2,39810.71705534914,0.0,0.001595683349481214,-0.03991412211397617,0.9984043166505187,0.03991412211397617,1.0,0.0,-0.001996808633301038,-7.982824422795784e-05,0.0009984043166505188,3.991412211397618e-05,0.0009984043166505186,3.991412211397618e-05,0.0009984043166505188,3.991412211397618e-05,0.0009984043166505188,3.991412211397952e-05
2,41368.20402388446,0.0,0.001477966473233834,-0.03841590931291138,0.998522033526766,0.03841590931291138,1.0,0.0,-0.001997044067053532,-7.68318186258228e-05,0.0009985220335267662,3.841590931291138e-05,0.0009985220335267662,3.841590931291138e-05,0.0009985220335267662,3.841590931291138e-05,0.0009985220335267662,3.841590931291436e-05
2,42986.62347082213,0.0,0.001368921908525822,-0.03697361168907063,0.9986310780914742,0.03697361168907063,1.0,0.0,-0.001997262156182949,-7.394722337814019e-05,0.0009986310780914743,3.697361168907063e-05,0.0009986310780914743,3.697361168907063e-05,0.0009986310780914743,3.697361168907063e-05,0.0009986310780914743,3.697361168906943e-05
2,44668.35921509565,0.0,0.001267912450570096,-0.03558517737187472,0.9987320875494299,0.03558517737187472,1.0,0.0,-0.00199746417509886,-7.117035474375061e-05,0.00099873208754943,3.558517737187472e-05,0.00099873208754943,3.558517737187472e-05,0.00099873208754943,3.558517737187472e-05,0.00099873208754943,3.558517737187538e-05
2,46415.88833612709,0.0,0.001174347473081942,-0.03424862597381693,0.9988256525269181,0.03424862597381693,1.0,0.0,-0.001997651305053836,-6.849725194763359e-05,0.0009988256525269182,3.424862597381693e-05,0.0009988256525269182,3.424862597381693e-05,0.000998825652526918,3.424862597381693e-05,0.0009988256525269182,3.424862597381489e-05
2,48231.78482239234,0.0,0.001087679557715609,-0.03296204652164876,0.9989123204422844,0.03296204652164875,1.0,0.0,-0.001997824640884569,-6.592409304329722e-05,0.0009989123204422845,3.296204652164876e-05,0.0009989123204422845,3.296204652164876e-05,0.0009989123204422845,3.296204652164876e-05,0.0009989123204422843,3.296204652164859e-05
2,50118.72336272647,0.0,0.001007401362519575,-0.03172359539860464,0.9989925986374805,0.03172359539860463,1.0,0.0,-0.001997985197274961,-6.344719079720562e-05,0.0009989925986374805,3.172359539860463e-05,0.0009989925986374805,3.172359539860463e-05,0.0009989925986374805,3.172359539860463e-05,0.0009989925986374803,3.172359539860331e-05
2,52079.48328595385,0.0,0.0009330427131625555,-0.03053149430437314,0.9990669572868375,0.03053149430437314,1.0,0.0,-0.001998133914573675,-6.106298860875103e-05,0.0009990669572868375,3.053149430437315e-05,0.0009990669572868375,3.053149430437315e-05,0.0009990669572868375,3.053149430437315e-05,0.0009990669572868375,3.053149430437212e-05
2,54116.95265464555,0.0,0.0008641679016845018,-0.029384028238521,0.9991358320983155,0.02938402823852101,1.0,0.0,-0.001998271664196631,-5.876805647704597e-05,0.0009991358320983153,2.938402823852101e-05,0.0009991358320983156,2.938402823852101e-05,0.0009991358320983156,2.9384028238521e-05,0.0009991358320983156,2.938402823852202e-05
2,56234.13251903405,0.0,0.0008003731784826157,-0.02827954351218883,0.9991996268215174,0.02827954351218883,1.0,0.0,-0.001998399253643035,-5.655908702437151e-05,0.0009991996268215175,2.827954351218883e-05,0.0009991996268215175,2.827954351218883e-05,0.0009991996268215175,2.827954351218883e-05,0.0009991996268215175,2.827954351218767e-05
2,58434.14133735087,0.0,0.0007412844241514591,-0.0272164457920936,0.9992587155758486,0.0272164457920936,1.0,0.0,-0.001998517431151697,-5.443289158418851e-05,0.0009992587155758484,2.72164457920936e-05,0.0009992587155758486,2.72164457920936e-05,0.0009992587155758486,2.72164457920936e-05,0.0009992587155758484,2.721644579209308e-05
2,60720.21956909792,0.0,0.0006865549886586658,-0.02619319818018055,0.9993134450113415,0.02619319818018055,1.0,0.0,-0.001998626890022683,-5.238639636035575e-05,0.0009993134450113415,2.619319818018055e-05,0.0009993134450113415,2.619319818018055e-05,0.0009993134450113413,2.619319818018055e-05,0.0009993134450113415,2.619319818017613e-05
2,63095.73444801835,0.0,0.0006358636861541894,-0.02520831933165755,0.9993641363138458,0.02520831933165755,1.0,0.0,-0.001998728272627691,-5.041663866331425e-05,0.0009993641363138458,2.520831933165755e-05,0.0009993641363138458,2.520831933165755e-05,0.0009993641363138458,2.520831933165755e-05,0.0009993641363138456,2.52083193316581e-05
2,65564.18494179688,0.0,0.0005889129344823294,-0.02426038161360882,0.9994110870655176,0.02426038161360882,1.0,0.0,-0.001998822174131035,-4.852076322722082e-05,0.0009994110870655175,2.426038161360882e-05,0.0009994110870655177,2.426038161360882e-05,0.0009994110870655177,2.426038161360882e-05,0.0009994110870655175,2.426038161361079e-05
2,68129.20690579507,0.0,0.0005454270291932142,-0.02334800930591385,0.9994545729708069,0.02334800930591385,1.0,0.0,-0.001998909145941614,-4.669601861182621e-05,0.000999454572970807,2.334800930591385e-05,0.000999454572970807,2.334800930591385e-05,0.0009994545729708067,2.334800930591385e-05,0.000999454572970807,2.334800930591047e-05
2,70794.57843841269,0.0,0.0005051505425354026,-0.02246987684578576,0.9994948494574646,0.02246987684578575,1.0,0.0,-0.001998989698914929,-4.493975369157521e-05,0.0009994948494574647,2.246987684578575e-05,0.0009994948494574645,2.246987684578575e-05,0.0009994948494574645,2.246987684578576e-05,0.0009994948494574645,2.246987684578632e-05
2,73564.22544596299,0.0,0.0004678468385553117,-0.02162470711688289,0.9995321531614446,0.02162470711688289,1.0,0.0,-0.001999064306322889,-4.324941423376749e-05,0.0009995321531614447,2.162470711688289e-05,0.0009995321531614447,2.162470711688289e-05,0.0009995321531614447,2.162470711688289e-05,0.0009995321531614447,2.162470711688631e-05
2,76442.22742525882,0.0,0.0004332966960339883,-0.02081126978363392,0.9995667033039659,0.02081126978363392,1.0,0.0,-0.001999133406607932,-4.162253956727091e-05,0.000999566703303966,2.081126978363392e-05,0.000999566703303966,2.081126978363392e-05,0.000999566703303966,2.081126978363392e-05,0.000999566703303966,2.081126978363886e-05
2,79432.8234724269,0.0,0.0004012970315590429,-0.02002837967114426,0.999598702968441,0.02002837967114426,1.0,0.0,-0.001999197405936882,-4.005675934228708e-05,0.000999598702968441,2.002837967114426e-05,0.000999598702968441,2.002837967114426e-05,0.000999598702968441,2.002837967114426e-05,0.000999598702968441,2.002837967114214e-05
2,82540.41852680054,0.0,0.0003716597155611075,-0.01927489519081587,0.9996283402844388,0.01927489519081586,1.0,0.0,-0.001999256680568878,-3.854979038163397e-05,0.0009996283402844389,1.927489519081586e-05,0.0009996283402844389,1.927489519081586e-05,0.0009996283402844389,1.927489519081587e-05,0.0009996283402844387,1.927489519082014e-05
2,85769.58985908805,0.0,0.0003442104746417368,-0.01854971681160884,0.9996557895253583,0.01854971681160884,1.0,0.0,-0.001999311579050716,-3.709943362321944e-05,0.0009996557895253584,1.854971681160884e-05,0.0009996557895253582,1.854971681160884e-05,0.0009996557895253582,1.854971681160884e-05,0.0009996557895253584,1.854971681160827e-05
2,89125.09381337314,0.0,0.000318787873985042,-0.0178517855766991,0.9996812121260149,0.0178517855766991,1.0,0.0,-0.00199936242425203,-3.570357115340039e-05,0.000999681212126015,1.78517855766991e-05,0.000999681212126015,1.78517855766991e-05,0.000999681212126015,1.78517855766991e-05,0.000999681212126015,1.785178557670199e-05
2,92611.87281287787,0.0,0.0002952423740802215,-0.01718008166513678,0.9997047576259197,0.01718008166513678,1.0,0.0,-0.00199940951525184,-3.436016333027703e-05,0.0009997047576259198,1.718008166513678e-05,0.0009997047576259198,1.718008166513678e-05,0.0009997047576259198,1.718008166513678e-05,0.0009997047576259198,1.71800816651411e-05
2,96235.06263980732,0.0,0.0002734354563882744,-0.01653362299798396,0.9997265645436119,0.01653362299798396,1.0,0.0,-0.001999453129087224,-3.306724599596439e-05,0.0009997265645436118,1.653362299798396e-05,0.000999726564543612,1.653362299798396e-05,0.0009997265645436118,1.653362299798396e-05,0.0009997265645436118,1.653362299797572e-05
2,99999.9999999984,0.0,0.0002532388129651679,-0.01591146388830317,0.9997467611870348,0.01591146388830317,1.0,0.0,-0.00199949352237407,-3.182292777662021e-05,0.0009997467611870348,1.591146388830317e-05,0.0009997467611870348,1.591146388830317e-05,0.000999746761187035,1.591146388830317e-05,0.0009997467611870348,1.591146388830768e-05
2,103912.2303835152,0.0,0.0002345335954072143,-0.0153126937342794,0.9997654664045927,0.0153126937342794,1.0,0.0,-0.001999530932809186,-3.062538746856358e-05,0.0009997654664045928,1.53126937342794e-05,0.0009997654664045928,1.53126937342794e-05,0.0009997654664045928,1.53126937342794e-05,0.0009997654664045928,1.53126937342824e-05
2,107977.5162327692,0.0,0.000217209718813885,-0.0147364357546843,0.999782790281186,0.0147364357546843,1.0,0.0,-0.001999565580562372,-2.947287150938116e-05,0.000999782790281186,1.47364357546843e-05,0.000999782790281186,1.47364357546843e-05,0.000999782790281186,1.47364357546843e-05,0.000999782790281186,1.473643575469239e-05
2,112201.8454301945,0.0,0.0002011652167702704,-0.01418184576583148,0.9997988347832298,0.01418184576583148,1.0,0.0,-0.00199959766956646,-2.836369153165486e-05,0.00099979883478323,1.418184576583148e-05,0.0009997988347832298,1.418184576583148e-05,0.0009997988347832298,1.418184576583148e-05,0.00099979883478323,1.418184576582373e-05
2,116591.4401179813,0.0,0.0001863056436372414,-0.0136481109991233,0.9998136943563628,0.0136481109991233,1.0,0.0,-0.001999627388712726,-2.729622199823534e-05,0.0009998136943563628,1.36481109991233e-05,0.0009998136943563628,1.36481109991233e-05,0.0009998136943563628,1.36481109991233e-05,0.0009998136943563628,1.364811099912003e-05
2,121152.7658628569,0.0,0.0001725435207034681,-0.01313444895825217,0.9998274564792966,0.01313444895825217,1.0,0.0,-0.001999654912958593,-2.6268897916501e-05,0.0009998274564792966,1.313444895825217e-05,0.0009998274564792966,1.313444895825217e-05,0.0009998274564792964,1.313444895825217e-05,0.0009998274564792966,1.313444895824655e-05
2,125892.5411794147,0.0,0.0001597978230010234,-0.01264010631509037,0.999840202176999,0.01264010631509037,1.0,0.0,-0.001999680404353998,-2.528021263017988e-05,0.000999840202176999,1.264010631509037e-05,0.000999840202176999,1.264010631509037e-05,0.000999840202176999,1.264010631509037e-05,0.000999840202176999,1.264010631508993e-05
2,130817.7474260173,0.0,0.0001479935038165915,-0.01216435784328214,0.9998520064961834,0.01216435784328214,1.0,0.0,-0.001999704012992367,-2.43287156865557e-05,0.0009998520064961834,1.216435784328214e-05,0.0009998520064961834,1.216435784328214e-05,0.0009998520064961834,1.216435784328214e-05,0.0009998520064961834,1.216435784327929e-05
2,135935.6390878503,0.0,0.0001370610541444241,-0.01170650538853764,0.9998629389458554,0.01170650538853764,1.0,0.0,-0.001999725877891711,-2.341301077708746e-05,0.0009998629389458555,1.170650538853764e-05,0.0009998629389458555,1.170650538853764e-05,0.0009998629389458555,1.170650538853764e-05,0.0009998629389458555,1.170650538855024e-05
2,141253.7544622731,0.0,0.0001269360945262189,-0.01126587687462123,0.9998730639054739,0.01126587687462123,1.0,0.0,-0.001999746127810948,-2.253175374923588e-05,0.0009998730639054739,1.126587687462123e-05,0.0009998730639054739,1.126587687462123e-05,0.0009998730639054739,1.126587687462123e-05,0.0009998730639054739,1.126587687460851e-05
2,146779.9267622045,0.0,0.0001175589969080558,-0.01084182534402311,0.9998824410030919,0.01084182534402311,1.0,0.0,-0.001999764882006184,-2.168365068805356e-05,0.000999882441003092,1.084182534402311e-05,0.0009998824410030918,1.084182534402311e-05,0.000999882441003092,1.084182534402311e-05,0.000999882441003092,1.084182534402988e-05
2,152522.2956538993,0.0,0.0001088745343163598,-0.01043372803230644,0.9998911254656836,0.01043372803230644,1.0,0.0,-0.001999782250931367,-2.086745606461049e-05,0.0009998911254656836,1.043372803230644e-05,0.0009998911254656836,1.043372803230644e-05,0.0009998911254656836,1.043372803230644e-05,0.0009998911254656836,1.043372803231082e-05
2,158489.3192461087,0.0,0.0001008315563144524,-0.01004098547512661,0.9998991684436855,0.01004098547512662,1.0,0.0,-0.001999798336887371,-2.0081970950242e-05,0.0009998991684436855,1.004098547512661e-05,0.0009998991684436855,1.004098547512662e-05,0.0009998991684436855,1.004098547512661e-05,0.0009998991684436857,1.004098547512761e-05
2,164689.7865482841,0.0,9.338268834946584e-05,-0.009663020646929327,0.9999066173116505,0.009663020646929326,1.0,0.0,-0.001999813234623301,-1.932604129387117e-05,0.0009999066173116506,9.663020646929327e-06,0.0009999066173116506,9.663020646929327e-06,0.0009999066173116506,9.663020646929328e-06,0.0009999066173116504,9.663020646929108e-06
2,171132.8304161752,0.0,8.648405323698391e-05,-0.009299278130345366,0.999913515946763,0.009299278130345366,1.0,0.0,-0.001999827031893526,-1.859855626068496e-05,0.000999913515946763,9.299278130345366e-06,0.000999913515946763,9.299278130345366e-06,0.000999913515946763,9.299278130345366e-06,0.000999913515946763,9.299278130343674e-06
2,177827.9410038893,0.0,8.009501315849792e-05,-0.0089492233153143,0.9999199049868416,0.0089492233153143,1.0,0.0,-0.001999839809973683,-1.789844663062368e-05,0.0009999199049868417,8.9492233153143e-06,0.0009999199049868417,8.9492233153143e-06,0.0009999199049868415,8.9492233153143e-06,0.0009999199049868417,8.949223315305711e-06
2,184784.979742226,0.0,7.417793066530233e-05,-0.008612341626985343,0.9999258220693346,0.008612341626985343,1.0,0.0,-0.001999851644138669,-1.722468325397741e-05,0.0009999258220693347,8.612341626985342e-06,0.0009999258220693345,8.612341626985344e-06,0.0009999258220693347,8.612341626985344e-06,0.0009999258220693347,8.612341627001583e-06
2,192014.1938638769,0.0,6.869794729244862e-05,-0.008288137781461312,0.9999313020527075,0.00828813778146131,1.0,0.0,-0.001999862604105415,-1.657627556292396e-05,0.0009999313020527076,8.288137781461312e-06,0.0009999313020527076,8.28813778146131e-06,0.0009999313020527076,8.288137781461312e-06,0.0009999313020527074,8.28813778146427e-06
2,199526.2314968846,0.0,6.362277848842686e-05,-0.00797613506847046,0.9999363772215115,0.00797613506847046,1.0,0.0,-0.001999872754443023,-1.595227013695411e-05,0.0009999363772215117,7.976135068470461e-06,0.0009999363772215115,7.976135068470461e-06,0.0009999363772215115,7.976135068470461e-06,0.0009999363772215117,7.976135068477285e-06
2,207332.157348592,0.0,5.892252366091776e-05,-0.007675874660071202,0.9999410774763391,0.007675874660071202,1.0,0.0,-0.001999882154952678,-1.535174932015826e-05,0.000999941077476339,7.675874660071201e-06,0.0009999410774763392,7.675874660071201e-06,0.0009999410774763392,7.675874660071201e-06,0.000999941077476339,7.67587466007009e-06
2,215443.4690031847,0.0,5.456949022676663e-05,-0.007386914944515269,0.9999454305097731,0.007386914944515269,1.0,0.0,-0.001999890861019547,-1.477382988904208e-05,0.0009999454305097731,7.386914944515269e-06,0.0009999454305097731,7.38691494451527e-06,0.0009999454305097734,7.386914944515269e-06,0.0009999454305097734,7.38691494452837e-06
2,223872.1138568301,0.0,5.053803063577533e-05,-0.007108830884416563,0.9999494619693642,0.007108830884416563,1.0,0.0,-0.001999898923938728,-1.421766176884498e-05,0.0009999494619693642,7.108830884416563e-06,0.0009999494619693642,7.108830884416563e-06,0.0009999494619693642,7.108830884416563e-06,0.0009999494619693642,7.108830884422296e-06
2,232630.5067153586,0.0,4.680439141342928e-05,-0.006841213398394593,0.9999531956085865,0.006841213398394593,1.0,0.0,-0.001999906391217173,-1.368242679677945e-05,0.0009999531956085867,6.841213398394593e-06,0.0009999531956085867,6.841213398394593e-06,0.0009999531956085867,6.841213398394593e-06,0.0009999531956085867,6.841213398400339e-06
2,241731.5480804062,0.0,4.334657333770942e-05,-0.006583668765383729,0.9999566534266623,0.006583668765383728,1.0,0.0,-0.001999913306853325,-1.316733753076171e-05,0.0009999566534266624,6.583668765383727e-06,0.0009999566534266624,6.583668765383728e-06,0.0009999566534266624,6.583668765383729e-06,0.0009999566534266621,6.583668765383861e-06
2,251188.6431509537,0.0,4.014420193006639e-05,-0.006335818050821677,0.99995985579807,0.006335818050821677,1.0,0.0,-0.00199991971159614,-1.267163610163546e-05,0.00099995985579807,6.335818050821677e-06,0.0009999598557980701,6.335818050821677e-06,0.00099995985579807,6.335818050821677e-06,0.00099995985579807,6.335818050810009e-06
2,261015.7215682491,0.0,3.717840750083198e-05,-0.006097296553953045,0.9999628215924993,0.006097296553953046,1.0,0.0,-0.001999925643184999,-1.219459310788928e-05,0.0009999628215924992,6.097296553953046e-06,0.0009999628215924994,6.097296553953046e-06,0.0009999628215924992,6.097296553953046e-06,0.0009999628215924994,6.097296553935736e-06
2,271227.2579331981,0.0,3.44317140451446e-05,-0.005867753275506095,0.999965568285955,0.005867753275506095,1.0,0.0,-0.00199993113657191,-1.17355065510083e-05,0.000999965568285955,5.867753275506096e-06,0.000999965568285955,5.867753275506095e-06,0.0009999655682859548,5.867753275506095e-06,0.000999965568285955,5.867753275489421e-06
2,281838.2931264404,0.0,3.188793633719193e-05,-0.00564685040502297,0.9999681120636629,0.005646850405022971,1.0,0.0,-0.001999936224127326,-1.129370081004444e-05,0.0009999681120636628,5.646850405022971e-06,0.000999968112063663,5.646850405022971e-06,0.0009999681120636628,5.64685040502297e-06,0.000999968112063663,5.646850405011502e-06
2,292864.4564625185,0.0,2.953208461851913e-05,-0.005434262827145666,0.9999704679153815,0.005434262827145667,1.0,0.0,-0.001999940935830763,-1.086852565429508e-05,0.0009999704679153813,5.434262827145667e-06,0.0009999704679153816,5.434262827145667e-06,0.0009999704679153816,5.434262827145666e-06,0.0009999704679153816,5.434262827148253e-06
2,304321.9887107668,0.0,2.735027632058679e-05,-0.005229677646181644,0.9999726497236795,0.005229677646181644,1.0,0.0,-0.001999945299447359,-1.045935529234154e-05,0.0009999726497236796,5.229677646181644e-06,0.0009999726497236796,5.229677646181644e-06,0.0009999726497236794,5.229677646181644e-06,0.0009999726497236796,5.229677646165733e-06
2,316227.7660168324,0.0,2.532965430294651e-05,-0.005032793728294395,0.999974670345697,0.005032793728294395,1.0,0.0,-0.001999949340691394,-1.006558745661468e-05,0.000999974670345697,5.032793728294395e-06,0.000999974670345697,5.032793728294395e-06,0.0009999746703456972,5.032793728294395e-06,0.000999974670345697,5.032793728308805e-06
2,328599.3247600597,0.0,2.345831112656712e-05,-0.004843321260685297,0.9999765416888734,0.004843321260685297,1.0,0.0,-0.001999953083377747,-9.686642521378186e-06,0.0009999765416888735,4.843321260685297e-06,0.0009999765416888735,4.843321260685297e-06,0.0009999765416888735,4.843321260685297e-06,0.0009999765416888733,4.843321260692225e-06
2,341454.8873833541,0.0,2.172521891721154e-05,-0.004660981327153601,0.9999782747810828,0.004660981327153601,1.0,0.0,-0.001999956549562166,-9.32196265429619e-06,0.0009999782747810828,4.660981327153601e-06,0.0009999782747810828,4.660981327153601e-06,0.0009999782747810828,4.660981327153601e-06,0.0009999782747810828,4.660981327149011e-06
2,354813.3892335691,0.0,2.012016440653796e-05,-0.004485505499441754,0.9999798798355936,0.004485505499441754,1.0,0.0,-0.001999959759671187,-8.971010998864992e-06,0.0009999798798355935,4.485505499441754e-06,0.0009999798798355935,4.485505499441754e-06,0.0009999798798355935,4.485505499441754e-06,0.0009999798798355935,4.485505499421087e-06
2,368694.506451951,0.0,1.863368876896569e-05,-0.004316635443792833,0.9999813663112311,0.004316635443792833,1.0,0.0,-0.001999962732622462,-8.63327088754251e-06,0.0009999813663112312,4.316635443792833e-06,0.0009999813663112312,4.316635443792833e-06,0.000999981366311231,4.316635443792833e-06,0.0009999813663112312,4.3166354437696e-06
2,383118.6849557219,0.0,1.725703190048377e-05,-0.004154122542166246,0.9999827429680995,0.004154122542166246,1.0,0.0,-0.001999965485936199,-8.308245084354127e-06,0.0009999827429680995,4.154122542166246e-06,0.0009999827429680995,4.154122542166246e-06,0.0009999827429680995,4.154122542166247e-06,0.0009999827429680993,4.154122542164136e-06
2,398107.1705534901,0.0,1.598208081165104e-05,-0.003997727527576631,0.9999840179191882,0.003997727527576631,1.0,0.0,-0.001999968035838377,-7.995455055198608e-06,0.0009999840179191883,3.997727527576632e-06,0.0009999840179191883,3.997727527576632e-06,0.0009999840179191883,3.997727527576632e-06,0.0009999840179191883,3.997727527606804e-06
2,413682.0402388432,0.0,1.480132183119022e-05,-0.003847220133039214,0.9999851986781689,0.003847220133039214,1.0,0.0,-0.001999970397356338,-7.694440266048375e-06,0.0009999851986781689,3.847220133039215e-06,0.0009999851986781689,3.847220133039215e-06,0.0009999851986781689,3.847220133039214e-06,0.000999985198678169,3.847220133008103e-06
2,429866.2347082199,0.0,1.370779633895705e-05,-0.003702378753622674,0.9999862922036611,0.003702378753622674,1.0,0.0,-0.001999972584407322,-7.404757507267767e-06,0.000999986292203661,3.702378753622674e-06,0.000999986292203661,3.702378753622674e-06,0.000999986292203661,3.702378753622674e-06,0.0009999862922036612,3.702378753610821e-06
2,446683.5921509551,0.0,1.269505976779795e-05,-0.003562990121127961,0.9999873049402321,0.003562990121127961,1.0,0.0,-0.001999974609880465,-7.125980242272956e-06,0.000999987304940232,3.562990121127961e-06,0.000999987304940232,3.562990121127961e-06,0.0009999873049402323,3.562990121127961e-06,0.000999987304940232,3.562990121146592e-06
2,464158.8833612694,0.0,1.175714363301643e-05,-0.0034288489909283,0.999988242856367,0.0034288489909283,1.0,0.0,-0.001999976485712734,-6.85769798181024e-06,0.000999988242856367,3.4288489909283e-06,0.000999988242856367,3.4288489909283e-06,0.000999988242856367,3.4288489909283e-06,0.000999988242856367,3.428848990922201e-06
2,482317.8482239218,0.0,1.088852036596183e-05,-0.003299757840521948,0.999989111479634,0.003299757840521948,1.0,0.0,-0.001999978222959268,-6.599515681049439e-06,0.000999989111479634,3.299757840521948e-06,0.000999989111479634,3.299757840521948e-06,0.000999989111479634,3.299757840521948e-06,0.000999989111479634,3.29975784053798e-06
2,501187.2336272631,0.0,1.008407074473774e-05,-0.003175526579365217,0.9999899159292553,0.003175526579365217,1.0,0.0,-0.001999979831858511,-6.351053158715203e-06,0.0009999899159292554,3.175526579365217e-06,0.0009999899159292554,3.175526579365217e-06,0.0009999899159292554,3.175526579365217e-06,0.0009999899159292554,3.175526579338744e-06
2,520794.8328595368,0.0,9.339053730296191e-06,-0.003055972269568494,0.9999906609462698,0.003055972269568494,1.0,0.0,-0.00199998132189254,-6.111944539144432e-06,0.0009999906609462698,3.055972269568494e-06,0.0009999906609462698,3.055972269568494e-06,0.0009999906609462696,3.055972269568494e-06,0.0009999906609462698,3.055972269549969e-06
2,541169.5265464537,0.0,8.649078530329683e-06,-0.002940918857053057,0.9999913509214697,0.002940918857053057,1.0,0.0,-0.00199998270184294,-5.881837714105664e-06,0.0009999913509214698,2.940918857053057e-06,0.0009999913509214698,2.940918857053057e-06,0.0009999913509214696,2.940918857053057e-06,0.0009999913509214698,2.940918857031093e-06
2,562341.3251903387,0.0,8.010078726474715e-06,-0.002830196912780719,0.9999919899212735,0.002830196912780719,1.0,0.0,-0.001999983979842547,-5.660393825546173e-06,0.0009999919899212736,2.830196912780719e-06,0.0009999919899212734,2.830196912780719e-06,0.0009999919899212734,2.830196912780719e-06,0.0009999919899212734,2.830196912799558e-06
2,584341.4133735067,0.0,7.418288312478747e-06,-0.002723643383682464,0.9999925817116875,0.002723643383682464,1.0,0.0,-0.001999985163423375,-5.447286767379378e-06,0.0009999925817116876,2.723643383682464e-06,0.0009999925817116874,2.723643383682464e-06,0.0009999925817116874,2.723643383682464e-06,0.0009999925817116876,2.723643383698264e-06
2,607202.1956909773,0.0,6.87021950222441e-06,-0.002621101352925598,0.9999931297804977,0.002621101352925598,1.0,0.0,-0.001999986259560996,-5.242202705868504e-06,0.0009999931297804976,2.621101352925598e-06,0.0009999931297804978,2.621101352925598e-06,0.0009999931297804978,2.621101352925598e-06,0.0009999931297804978,2.621101352953438e-06
2,630957.3444801815,0.0,6.362642176919151e-06,-0.002522419809172074,0.9999936373578231,0.002522419809172074,1.0,0.0,-0.001999987274715646,-5.044839618384422e-06,0.0009999936373578232,2.522419809172074e-06,0.0009999936373578232,2.522419809172074e-06,0.0009999936373578232,2.522419809172074e-06,0.0009999936373578232,2.522419809166361e-06
2,655641.8494179667,0.0,5.892564850404433e-06,-0.002427453424493232,0.9999941074351496,0.002427453424493231,1.0,0.0,-0.001999988214870299,-4.854906848983376e-06,0.0009999941074351497,2.427453424493232e-06,0.0009999941074351497,2.427453424493232e-06,0.0009999941074351497,2.427453424493232e-06,0.0009999941074351495,2.427453424489766e-06
2,681292.0690579485,0.0,5.457217040473441e-06,-0.002336062340618421,0.9999945427829595,0.00233606234061842,1.0,0.0,-0.001999989085565919,-4.672124681248668e-06,0.0009999945427829596,2.336062340618421e-06,0.0009999945427829596,2.336062340618421e-06,0.0009999945427829596,2.336062340618421e-06,0.0009999945427829593,2.336062340622593e-06
2,707945.7843841247,0.0,5.054032942362053e-06,-0.002248111963206697,0.9999949459670577,0.002248111963206697,1.0,0.0,-0.001999989891934115,-4.496223926342413e-06,0.0009999949459670577,2.248111963206697e-06,0.0009999949459670577,2.248111963206697e-06,0.0009999949459670577,2.248111963206697e-06,0.0009999949459670577,2.248111963163244e-06
2,735642.2544596274,0.0,4.680636308243395e-06,-0.002163472763842232,0.9999953193636917,0.002163472763842232,1.0,0.0,-0.001999990638727384,-4.326945527710624e-06,0.0009999953193636916,2.163472763842232e-06,0.0009999953193636918,2.163472763842232e-06,0.0009999953193636918,2.163472763842232e-06,0.0009999953193636916,2.163472763876945e-06
2,764422.2742525858,0.0,4.334826443656067e-06,-0.002082020089464982,0.9999956651735562,0.002082020089464981,1.0,0.0,-0.001999991330347112,-4.164040178999961e-06,0.0009999956651735563,2.082020089464981e-06,0.0009999956651735563,2.082020089464981e-06,0.0009999956651735563,2.082020089464982e-06,0.000999995665173556,2.082020089532678e-06
2,794328.2347242665,0.0,4.014565238372483e-06,-0.002003633978958839,0.9999959854347616,0.002003633978958839,1.0,0.0,-0.001999991970869523,-4.00726795790618e-06,0.0009999959854347616,2.003633978958839e-06,0.0009999959854347616,2.003633978958839e-06,0.0009999959854347616,2.003633978958839e-06,0.0009999959854347614,2.003633978948992e-06
2,825404.1852680028,0.0,3.717965155304465e-06,-0.001928198986629639,0.9999962820348446,0.001928198986629639,1.0,0.0,-0.001999992564069689,-3.856397973289738e-06,0.0009999962820348447,1.92819898662964e-06,0.0009999962820348447,1.928198986629639e-06,0.0009999962820348447,1.928198986629639e-06,0.0009999962820348447,1.928198986686564e-06
2,857695.8985908778,0.0,3.443278106684901e-06,-0.001855604012315338,0.9999965567218935,0.001855604012315338,1.0,0.0,-0.001999993113443787,-3.711208024559376e-06,0.0009999965567218934,1.855604012315338e-06,0.0009999965567218936,1.855604012315338e-06,0.0009999965567218934,1.855604012315338e-06,0.0009999965567218934,1.855604012231682e-06
2,891250.9381337286,0.0,3.188885151989244e-06,-0.00178574213788014,0.9999968111148481,0.00178574213788014,1.0,0.0,-0.001999993622229696,-3.571484275655123e-06,0.000999996811114848,1.78574213788014e-06,0.000999996811114848,1.78574213788014e-06,0.000999996811114848,1.78574213788014e-06,0.000999996811114848,1.78574213785203e-06
2,926118.7281287757,0.0,2.953286956900205e-06,-0.001718510469853575,0.9999970467130431,0.001718510469853575,1.0,0.0,-0.001999994093426086,-3.437020939633939e-06,0.0009999970467130432,1.718510469853575e-06,0.0009999970467130432,1.718510469853575e-06,0.0009999970467130432,1.718510469853575e-06,0.000999997046713043,1.718510469838857e-06
2,962350.6263980701,0.0,2.735094957101244e-06,-0.001653809987984357,0.9999972649050429,0.001653809987984357,1.0,0.0,-0.001999994529810086,-3.307619975911891e-06,0.0009999972649050429,1.653809987984357e-06,0.0009999972649050429,1.653809987984357e-06,0.0009999972649050429,1.653809987984357e-06,0.0009999972649050429,1.653809987967697e-06
2,999999.9999999808,0.0,2.533023174835884e-06,-0.001591545399487391,0.9999974669768252,0.001591545399487391,1.0,0.0,-0.00199999493395365,-3.183090798941635e-06,0.0009999974669768253,1.591545399487391e-06,0.0009999974669768253,1.591545399487391e-06,0.0009999974669768251,1.591545399487391e-06,0.0009999974669768253,1.591545399443902e-06
2,1039122.303835149,0.0,2.345880640014848e-06,-0.001531624998770545,0.99999765411936,0.001531624998770544,1.0,0.0,-0.00199999530823872,-3.063249997437012e-06,0.00099999765411936,1.531624998770545e-06,0.00099999765411936,1.531624998770545e-06,0.00099999765411936,1.531624998770545e-06,0.0009999976541193599,1.531624998737704e-06
2,1079775.162327689,0.0,2.172564371214081e-06,-0.001473960532435701,0.9999978274356288,0.0014739605324357,1.0,0.0,-0.001999995654871258,-2.947921064810899e-06,0.0009999978274356288,1.473960532435701e-06,0.0009999978274356288,1.4739605324357e-06,0.0009999978274356288,1.473960532435701e-06,0.0009999978274356288,1.473960532414889e-06
2,1122018.454301942,0.0,2.012052875204982e-06,-0.001418467069356286,0.9999979879471247,0.001418467069356286,1.0,0.0,-0.00199999597589425,-2.836934138827907e-06,0.0009999979879471248,1.418467069356285e-06,0.0009999979879471248,1.418467069356285e-06,0.0009999979879471248,1.418467069356285e-06,0.0009999979879471248,1.418467069430971e-06
2,1165914.401179809,0.0,1.863400126712788e-06,-0.001365062875640809,0.9999981365998734,0.001365062875640809,1.0,0.0,-0.001999996273199747,-2.730125751249091e-06,0.0009999981365998733,1.365062875640809e-06,0.0009999981365998733,1.365062875640809e-06,0.0009999981365998733,1.365062875640809e-06,0.0009999981365998733,1.36506287559106e-06
2,1211527.658628565,0.0,1.725729992928169e-06,-0.001313669294299049,0.9999982742700072,0.001313669294299049,1.0,0.0,-0.001999996548540014,-2.627338588578887e-06,0.000999998274270007,1.313669294299049e-06,0.0009999982742700073,1.313669294299049e-06,0.000999998274270007,1.313669294299049e-06,0.0009999982742700073,1.31366929419875e-06
2,1258925.411794143,0.0,1.598231069917413e-06,-0.001264210629434376,0.9999984017689302,0.001264210629434376,1.0,0.0,-0.001999996803537861,-2.528421258807256e-06,0.0009999984017689304,1.264210629434376e-06,0.0009999984017689302,1.264210629434376e-06,0.0009999984017689302,1.264210629434376e-06,0.0009999984017689304,1.264210629358498e-06
2,1308177.474260168,0.0,1.480151900503202e-06,-0.001216614034792281,0.9999985198480996,0.001216614034792281,1.0,0.0,-0.001999997039696199,-2.433228069476101e-06,0.0009999985198480997,1.216614034792281e-06,0.0009999985198480997,1.216614034792281e-06,0.0009999985198480995,1.216614034792281e-06,0.0009999985198480997,1.216614034690449e-06
2,1359356.390878499,0.0,1.37079654543559e-06,-0.001170809406501511,0.9999986292034545,0.001170809406501511,1.0,0.0,-0.001999997258406909,-2.341618813073154e-06,0.0009999986292034545,1.170809406501511e-06,0.0009999986292034545,1.170809406501511e-06,0.0009999986292034547,1.170809406501511e-06,0.0009999986292034545,1.170809406553763e-06
2,1412537.544622727,0.0,1.269520481754353e-06,-0.001126729279850355,0.9999987304795181,0.001126729279850355,1.0,0.0,-0.001999997460959036,-2.253458559864363e-06,0.0009999987304795182,1.126729279850355e-06,0.0009999987304795182,1.126729279850355e-06,0.0009999987304795182,1.126729279850355e-06,0.0009999987304795182,1.126729279935466e-06
2,1467799.267622041,0.0,1.175726804171665e-06,-0.001084308729946479,0.999998824273196,0.001084308729946479,1.0,0.0,-0.001999997648546392,-2.16861745971908e-06,0.000999998824273196,1.084308729946479e-06,0.000999998824273196,1.084308729946479e-06,0.000999998824273196,1.084308729946479e-06,0.000999998824273196,1.084308729811936e-06
2,1525222.956538989,0.0,1.088862707089572e-06,-0.001043485276114415,0.9999989111372931,0.001043485276114415,1.0,0.0,-0.001999997822274586,-2.08697055203988e-06,0.0009999989111372932,1.043485276114416e-06,0.0009999989111372932,1.043485276114416e-06,0.000999998911137293,1.043485276114416e-06,0.0009999989111372932,1.043485275921578e-06
2,1584893.192461082,0.0,1.008416226520288e-06,-0.00100419878989023,0.9999989915837735,0.00100419878989023,1.0,0.0,-0.001999997983167547,-2.008397579800203e-06,0.0009999989915837734,1.00419878989023e-06,0.0009999989915837734,1.00419878989023e-06,0.0009999989915837734,1.00419878989023e-06,0.0009999989915837734,1.004198789892191e-06
2,1646897.865482836,0.0,9.33913222708812e-07,-0.0009663914064781952,0.9999990660867772,0.0009663914064781953,1.0,0.0,-0.001999998132173554,-1.932782812907874e-06,0.0009999990660867772,9.663914064781953e-07,0.0009999990660867772,9.663914064781953e-07,0.0009999990660867772,9.663914064781953e-07,0.0009999990660867774,9.663914065269552e-07
2,1711328.304161747,0.0,8.649145856757268e-07,-0.0009300074395393223,0.9999991350854143,0.0009300074395393223,1.0,0.0,-0.001999998270170829,-1.86001487900711e-06,0.0009999991350854143,9.300074395393223e-07,0.0009999991350854143,9.300074395393224e-07,0.0009999991350854143,9.300074395393224e-07,0.0009999991350854143,9.300074395974568e-07
2,1778279.410038887,0.0,8.010136472116116e-07,-0.0008949932991865072,0.9999991989863529,0.0008949932991865071,1.0,0.0,-0.001999998397972706,-1.789986598277338e-06,0.000999999198986353,8.949932991865071e-07,0.000999999198986353,8.949932991865072e-07,0.000999999198986353,8.949932991865073e-07,0.000999999198986353,8.94993299037427e-07
2,1847849.797422254,0.0,7.418337840710778e-07,-0.0008612974130657276,0.9999992581662159,0.0008612974130657277,1.0,0.0,-0.001999998516332432,-1.722594826336632e-06,0.000999999258166216,8.612974130657276e-07,0.000999999258166216,8.612974130657277e-07,0.000999999258166216,8.612974130657276e-07,0.000999999258166216,8.612974130622857e-07
2,1920141.938638763,0.0,6.870261982411505e-07,-0.0008288701504072598,0.9999993129738018,0.0008288701504072598,1.0,0.0,-0.001999998625947604,-1.657740300808896e-06,0.000999999312973802,8.288701504072598e-07,0.000999999312973802,8.288701504072598e-07,0.0009999993129738017,8.288701504072598e-07,0.000999999312973802,8.288701503020832e-07
2,1995262.314968839,0.0,6.362678612021736e-07,-0.0007976637489352154,0.9999993637321389,0.0007976637489352154,1.0,0.0,-0.001999998727464278,-1.595327497661003e-06,0.000999999363732139,7.976637489352155e-07,0.000999999363732139,7.976637489352154e-07,0.000999999363732139,7.976637489352154e-07,0.000999999363732139,7.976637487632028e-07
2,2073321.573485913,0.0,5.89259610065865e-07,-0.000767632244527923,0.9999994107403898,0.000767632244527923,1.0,0.0,-0.00199999882148078,-1.535264489094246e-06,0.00099999941074039,7.67632244527923e-07,0.0009999994107403897,7.67632244527923e-07,0.00099999941074039,7.67632244527923e-07,0.00099999941074039,7.67632244725454e-07
2,2154434.69003184,0.0,5.457243843701149e-07,-0.0007387314035256733,0.9999994542756157,0.0007387314035256733,1.0,0.0,-0.001999998908551231,-1.477462807208951e-06,0.0009999994542756157,7.387314035256734e-07,0.0009999994542756157,7.387314035256733e-07,0.0009999994542756157,7.387314035256733e-07,0.0009999994542756157,7.387314034967451e-07
2,2238721.138568294,0.0,5.054055931390724e-07,-0.0007109186575862662,0.9999994945944067,0.0007109186575862662,1.0,0.0,-0.001999998989188814,-1.42183731521861e-06,0.0009999994945944068,7.109186575862661e-07,0.0009999994945944068,7.109186575862662e-07,0.0009999994945944068,7.109186575862662e-07,0.0009999994945944068,7.109186577636438e-07
2,2326305.067153579,0.0,4.680656025847097e-07,-0.0006841530409925116,0.9999995319343974,0.0006841530409925116,1.0,0.0,-0.001999999063868795,-1.368306081994675e-06,0.0009999995319343975,6.841530409925117e-07,0.0009999995319343975,6.841530409925117e-07,0.0009999995319343975,6.841530409925117e-07,0.0009999995319343975,6.841530410296909e-07
2,2417315.480804055,0.0,4.334843355370327e-07,-0.0006583951303194486,0.9999995665156645,0.0006583951303194485,1.0,0.0,-0.001999999133031329,-1.316790260830203e-06,0.0009999995665156646,6.583951303194485e-07,0.0009999995665156646,6.583951303194485e-07,0.0009999995665156646,6.583951303194486e-07,0.0009999995665156644,6.583951303209568e-07
2,2511886.431509529,0.0,4.014579743485551e-07,-0.0006336069863725067,0.9999995985420256,0.0006336069863725067,1.0,0.0,-0.001999999197084051,-1.267213972866443e-06,0.0009999995985420255,6.336069863725068e-07,0.0009999995985420255,6.336069863725067e-07,0.0009999995985420257,6.336069863725067e-07,0.0009999995985420255,6.336069864842753e-07
2,2610157.215682483,0.0,3.717977596284513e-07,-0.0006097520983111721,0.9999996282022404,0.0006097520983111721,1.0,0.0,-0.001999999256404481,-1.21950419651462e-06,0.0009999996282022406,6.097520983111721e-07,0.0009999996282022403,6.097520983111721e-07,0.0009999996282022403,6.097520983111721e-07,0.0009999996282022406,6.097520982311021e-07
2,2712272.579331972,0.0,3.443288777265688e-07,-0.0005867953298759226,0.9999996556711223,0.0005867953298759226,1.0,0.0,-0.001999999311342245,-1.173590659764301e-06,0.0009999996556711223,5.867953298759226e-07,0.0009999996556711223,5.867953298759226e-07,0.0009999996556711223,5.867953298759226e-07,0.0009999996556711223,5.867953299053333e-07
2,2818382.931264395,0.0,3.188894304105182e-07,-0.0005647028676393006,0.9999996811105697,0.0005647028676393006,1.0,0.0,-0.001999999362221139,-1.129405734934252e-06,0.0009999996811105698,5.647028676393006e-07,0.0009999996811105698,5.647028676393006e-07,0.0009999996811105695,5.647028676393006e-07,0.0009999996811105698,5.647028674548085e-07
2,2928644.564625176,0.0,2.953294806634543e-07,-0.0005434421712049518,0.9999997046705194,0.0005434421712049518,1.0,0.0,-0.001999999409341039,-1.086884342527128e-06,0.0009999997046705193,5.434421712049518e-07,0.0009999997046705193,5.434421712049518e-07,0.0009999997046705193,5.434421712049518e-07,0.0009999997046705193,5.434421711773906e-07
2,3043219.887107659,0.0,2.735101689787807e-07,-0.0005229819252813315,0.999999726489831,0.0005229819252813314,1.0,0.0,-0.001999999452979662,-1.045963850643261e-06,0.000999999726489831,5.229819252813315e-07,0.000999999726489831,5.229819252813314e-07,0.000999999726489831,5.229819252813315e-07,0.0009999997264898309,5.229819252410486e-07
2,3162277.660168313,0.0,2.53302894943482e-07,-0.0005032919935595294,0.9999997466971049,0.0005032919935595294,1.0,0.0,-0.00199999949339421,-1.006583987495091e-06,0.0009999997466971049,5.032919935595294e-07,0.0009999997466971049,5.032919935595294e-07,0.000999999746697105,5.032919935595294e-07,0.0009999997466971049,5.032919938774762e-07
2,3285993.247600586,0.0,2.345885592865692e-07,-0.0004843433743273228,0.9999997654114406,0.0004843433743273227,1.0,0.0,-0.001999999530822881,-9.686867485925177e-07,0.0009999997654114407,4.843433743273227e-07,0.0009999997654114407,4.843433743273227e-07,0.0009999997654114407,4.843433743273227e-07,0.0009999997654114407,4.843433744701856e-07
2,3414548.87383353,0.0,2.172568619254745e-07,-0.0004661081577541102,0.999999782743138,0.0004661081577541102,1.0,0.0,-0.001999999565486276,-9.322163156966212e-07,0.000999999782743138,4.661081577541102e-07,0.000999999782743138,4.661081577541102e-07,0.000999999782743138,4.661081577541102e-07,0.000999999782743138,4.661081577963887e-07
2,3548133.89233568,0.0,2.012056518732682e-07,-0.000448559484783851,0.9999997987943482,0.000448559484783851,1.0,0.0,-0.001999999597588696,-8.971189693340875e-07,0.0009999997987943483,4.48559484783851e-07,0.0009999997987943483,4.48559484783851e-07,0.000999999798794348,4.48559484783851e-07,0.0009999997987943483,4.485594846347082e-07
2,3686945.064519498,0.0,1.863403251752064e-07,-0.0004316715075754822,0.9999998136596748,0.0004316715075754822,1.0,0.0,-0.00199999962731935,-8.633430148563548e-07,0.000999999813659675,4.316715075754822e-07,0.000999999813659675,4.316715075754822e-07,0.000999999813659675,4.316715075754822e-07,0.000999999813659675,4.316715075635709e-07
2,3831186.849557207,0.0,1.725732673261944e-07,-0.0004154193514325756,0.9999998274267325,0.0004154193514325756,1.0,0.0,-0.001999999654853465,-8.308387031696896e-07,0.0009999998274267325,4.154193514325756e-07,0.0009999998274267325,4.154193514325756e-07,0.0009999998274267327,4.154193514325756e-07,0.0009999998274267325,4.154193517402603e-07
2,3981071.705534888,0.0,1.598233368829022e-07,-0.0003997790781661831,0.999999840176663,0.0003997790781661832,1.0,0.0,-0.001999999680353326,-7.995581565722887e-07,0.000999999840176663,3.997790781661832e-07,0.000999999840176663,3.997790781661832e-07,0.0009999998401766632,3.997790781661831e-07,0.0009999998401766632,3.997790784822452e-07
2,4136820.402388419,0.0,1.480153872270516e-07,-0.0003847276508369222,0.9999998519846127,0.0003847276508369222,1.0,0.0,-0.001999999703969225,-7.694553016968086e-07,0.0009999998519846127,3.847276508369222e-07,0.0009999998519846127,3.847276508369222e-07,0.0009999998519846127,3.847276508369222e-07,0.0009999998519846127,3.847276509749475e-07
2,4298662.347082186,0.0,1.370798236612532e-07,-0.0003702428998243926,0.9999998629201764,0.0003702428998243926,1.0,0.0,-0.001999999725840353,-7.404857993442704e-07,0.0009999998629201764,3.702428998243926e-07,0.0009999998629201764,3.702428998243926e-07,0.0009999998629201764,3.702428998243926e-07,0.0009999998629201764,3.702428996679638e-07
2,4466835.921509536,0.0,1.269521932270042e-07,-0.0003563034901739595,0.9999998730478067,0.0003563034901739595,1.0,0.0,-0.001999999746095613,-7.126069805352131e-07,0.0009999998730478067,3.563034901739595e-07,0.0009999998730478067,3.563034901739595e-07,0.000999999873047807,3.563034901739595e-07,0.0009999998730478067,3.563034904163781e-07
2,4641588.83361268,0.0,1.175728048273151e-07,-0.0003428888901728237,0.9999998824271952,0.0003428888901728236,1.0,0.0,-0.00199999976485439,-6.857777803404019e-07,0.0009999998824271952,3.428888901728236e-07,0.0009999998824271952,3.428888901728236e-07,0.0009999998824271952,3.428888901728236e-07,0.000999999882427195,3.428888901668657e-07
2,4823178.482239204,0.0,1.088863774150417e-07,-0.0003299793411091041,0.9999998911136225,0.0003299793411091041,1.0,0.0,-0.001999999782227245,-6.599586823696768e-07,0.0009999998911136227,3.299793411091041e-07,0.0009999998911136225,3.299793411091041e-07,0.0009999998911136225,3.299793411091041e-07,0.0009999998911136227,3.299793412759138e-07
2,5011872.336272615,0.0,1.00841714173408e-07,-0.0003175558281694049,0.9999998991582858,0.0003175558281694049,1.0,0.0,-0.001999999798316571,-6.35111656599463e-07,0.0009999998991582857,3.175558281694049e-07,0.000999999899158286,3.175558281694049e-07,0.000999999899158286,3.175558281694049e-07,0.0009999998991582857,3.17555828256975e-07
2,5207948.328595351,0.0,9.339140076839917e-08,-0.000305600052432007,0.9999999066085993,0.000305600052432007,1.0,0.0,-0.001999999813217199,-6.112001047497984e-07,0.0009999999066085993,3.05600052432007e-07,0.0009999999066085993,3.05600052432007e-07,0.0009999999066085993,3.05600052432007e-07,0.0009999999066085995,3.056000522865656e-07
2,5411695.26546452,0.0,8.649152589457705e-08,-0.0002940944039144455,0.9999999135084742,0.0002940944039144455,1.0,0.0,-0.001999999827016948,-5.881888074377173e-07,0.000999999913508474,2.940944039144455e-07,0.0009999999135084743,2.940944039144455e-07,0.000999999913508474,2.940944039144455e-07,0.000999999913508474,2.940944036958525e-07
2,5623413.251903369,0.0,8.010142246726073e-08,-0.0002830219356357787,0.9999999198985775,0.0002830219356357787,1.0,0.0,-0.001999999839797155,-5.660438713306348e-07,0.0009999999198985776,2.830219356357787e-07,0.0009999999198985776,2.830219356357787e-07,0.0009999999198985776,2.830219356357787e-07,0.0009999999198985778,2.830219357335319e-07
2,5843414.13373505,0.0,7.418342793570382e-08,-0.0002723663386553538,0.9999999258165722,0.0002723663386553537,1.0,0.0,-0.001999999851633144,-5.447326771879091e-07,0.0009999999258165722,2.723663386553537e-07,0.0009999999258165722,2.723663386553537e-07,0.000999999925816572,2.723663386553538e-07,0.000999999925816572,2.723663383224888e-07
2,6072021.956909753,0.0,6.870266230459124e-08,-0.0002621119180513077,0.9999999312973378,0.0002621119180513077,1.0,0.0,-0.001999999862594676,-5.242238358960094e-07,0.0009999999312973378,2.621119180513077e-07,0.0009999999312973378,2.621119180513077e-07,0.0009999999312973378,2.621119180513077e-07,0.0009999999312973378,2.621119177511519e-07
2,6309573.444801795,0.0,6.362682255554961e-08,-0.0002522435698034284,0.9999999363731773,0.0002522435698034284,1.0,0.0,-0.001999999872746355,-5.044871400627926e-07,0.0009999999363731772,2.522435698034284e-07,0.0009999999363731772,2.522435698034284e-07,0.0009999999363731775,2.522435698034284e-07,0.0009999999363731775,2.522435703739e-07
2,6556418.494179646,0.0,5.892599225702317e-08,-0.0002427467585463307,0.9999999410740077,0.0002427467585463308,1.0,0.0,-0.001999999882148016,-4.854935173881358e-07,0.0009999999410740077,2.427467585463308e-07,0.0009999999410740077,2.427467585463308e-07,0.0009999999410740077,2.427467585463308e-07,0.000999999941074008,2.427467587556489e-07
2,6812920.690579464,0.0,5.457246524038413e-08,-0.0002336074961601835,0.9999999454275347,0.0002336074961601835,1.0,0.0,-0.00199999989085507,-4.672149929163538e-07,0.0009999999454275348,2.336074961601835e-07,0.0009999999454275348,2.336074961601835e-07,0.0009999999454275348,2.336074961601835e-07,0.0009999999454275348,2.336074965201548e-07
2,7079457.843841224,0.0,5.05405823030511e-08,-0.0002248123211674588,0.9999999494594178,0.0002248123211674588,1.0,0.0,-0.001999999898918836,-4.496246415186533e-07,0.0009999999494594177,2.248123211674588e-07,0.0009999999494594179,2.248123211674588e-07,0.0009999999494594177,2.248123211674588e-07,0.0009999999494594179,2.248123205480705e-07
2,7356422.544596251,0.0,4.680657997616618e-08,-0.0002163482789053572,0.9999999531934202,0.0002163482789053572,1.0,0.0,-0.00199999990638684,-4.326965568068886e-07,0.0009999999531934201,2.163482789053573e-07,0.0009999999531934201,2.163482789053573e-07,0.0009999999531934201,2.163482789053573e-07,0.0009999999531934201,2.163482782493796e-07
2,7644222.742525834,0.0,4.334845046549025e-08,-0.0002082029024447116,0.9999999566515495,0.0002082029024447116,1.0,0.0,-0.001999999913303099,-4.164058049482833e-07,0.0009999999566515495,2.082029024447116e-07,0.0009999999566515495,2.082029024447116e-07,0.0009999999566515495,2.082029024447116e-07,0.0009999999566515495,2.082029025903181e-07
2,7943282.347242639,0.0,4.014581194002635e-08,-0.0002003641942272624,0.9999999598541881,0.0002003641942272624,1.0,0.0,-0.001999999919708376,-4.007283882501156e-07,0.0009999999598541882,2.003641942272624e-07,0.0009999999598541882,2.003641942272624e-07,0.0009999999598541882,2.003641942272624e-07,0.0009999999598541882,2.003641940127265e-07
2,8254041.852680001,0.0,3.717978840387106e-08,-0.0001928206083942648,0.9999999628202116,0.0001928206083942648,1.0,0.0,-0.001999999925640423,-3.856412167380086e-07,0.0009999999628202117,1.928206083942648e-07,0.0009999999628202117,1.928206083942648e-07,0.0009999999628202117,1.928206083942648e-07,0.0009999999628202117,1.928206081623547e-07
2,8576958.98590875,0.0,3.443289844327412e-08,-0.000185561033780397,0.9999999655671016,0.000185561033780397,1.0,0.0,-0.001999999931134203,-3.711220681879013e-07,0.0009999999655671016,1.85561033780397e-07,0.0009999999655671016,1.85561033780397e-07,0.0009999999655671016,1.85561033780397e-07,0.0009999999655671016,1.855610336626318e-07
2,8912509.381337257,0.0,3.188895219319674e-08,-0.0001785747775479266,0.9999999681110479,0.0001785747775479266,1.0,0.0,-0.001999999936222096,-3.57149554375269e-07,0.0009999999681110478,1.785747775479266e-07,0.0009999999681110478,1.785747775479266e-07,0.0009999999681110478,1.785747775479266e-07,0.0009999999681110478,1.785747772811913e-07
2,9261187.281287728,0.0,2.953295591610281e-08,-0.0001718515494370281,0.999999970467044,0.0001718515494370281,1.0,0.0,-0.001999999940934088,-3.437030997588408e-07,0.000999999970467044,1.718515494370281e-07,0.000999999970467044,1.718515494370281e-07,0.000999999970467044,1.718515494370281e-07,0.000999999970467044,1.718515497485339e-07
2,9623506.26398067,0.0,2.735102363058295e-08,-0.0001653814466090573,0.9999999726489764,0.0001653814466090573,1.0,0.0,-0.001999999945297953,-3.307628926307871e-07,0.0009999999726489764,1.653814466090573e-07,0.0009999999726489764,1.653814466090573e-07,0.0009999999726489764,1.653814466090573e-07,0.0009999999726489764,1.653814461647907e-07
2,10000000.0,0.0,2.533029526896057e-08,-0.0001591549390604536,0.9999999746697047,0.0001591549390604536,1.0,0.0,-0.001999999949339409,-3.183098780112914e-07,0.0009999999746697047,1.591549390604536e-07,0.0009999999746697047,1.591549390604536e-07,0.0009999999746697047,1.591549390604536e-07,0.0009999999746697047,1.591549392913848e-07
3,1.0,0.0,0.9999605231408795,-0.006282937266758386,3.947685912042735e-05,0.006282937266758386,1.0,0.0,-7.895371824104931e-08,-1.256587453351677e-05,3.947685912042735e-08,6.282937266758386e-06,3.947685912042735e-08,6.282937266758386e-06,3.947685912053523e-08,6.282937266758386e-06,3.947685912042735e-08,6.282937266758387e-06
3,1.039122303835169,0.0,0.999957374002276,-0.006528719686766197,4.262599772405047e-05,0.006528719686766197,1.0,0.0,-8.525199544798793e-08,-1.305743937353239e-05,4.262599772405048e-08,6.528719686766197e-06,4.262599772405047e-08,6.528719686766197e-06,4.262599772397735e-08,6.528719686766197e-06,4.262599772405048e-08,6.528719686766197e-06
3,1.07977516232771,0.0,0.9999539736629005,-0.006784115172650768,4.602633709949716e-05,0.006784115172650769,1.0,0.0,-9.205267419895599e-08,-1.356823034530154e-05,4.602633709949716e-08,6.784115172650769e-06,4.602633709949716e-08,6.784115172650769e-06,4.602633709949178e-08,6.784115172650768e-06,4.602633709949717e-08,6.784115172650769e-06
3,1.122018454301963,0.0,0.9999503020868659,-0.007049499503628174,4.969791313422376e-05,0.007049499503628174,1.0,0.0,-9.939582626842182e-08,-1.409899900725635e-05,4.969791313422377e-08,7.049499503628174e-06,4.969791313422376e-08,7.049499503628174e-06,4.969791313413907e-08,7.049499503628174e-06,4.969791313422377e-08,7.049499503628174e-06
3,1.165914401179831,0.0,0.9999463376405312,-0.007325263122923979,5.366235946889372e-05,0.007325263122923978,1.0,0.0,-1.073247189376743e-07,-1.465052624584796e-05,5.366235946889372e-08,7.325263122923978e-06,5.366235946889372e-08,7.325263122923978e-06,5.366235946879794e-08,7.325263122923979e-06,5.366235946889372e-08,7.325263122923977e-06
3,1.211527658628588,0.0,0.9999420569651433,-0.007611811706908432,5.794303485671667e-05,0.007611811706908432,1.0,0.0,-1.158860697134396e-07,-1.522362341381686e-05,5.794303485671667e-08,7.611811706908432e-06,5.794303485671667e-08,7.611811706908432e-06,5.794303485673336e-08,7.611811706908432e-06,5.794303485671667e-08,7.611811706908432e-06
3,1.258925411794167,0.0,0.9999374348393341,-0.007909566755942097,6.256516066603353e-05,0.007909566755942097,1.0,0.0,-1.251303213320215e-07,-1.581913351188419e-05,6.256516066603354e-08,7.909566755942096e-06,6.256516066603354e-08,7.909566755942097e-06,6.256516066593942e-08,7.909566755942097e-06,6.256516066603354e-08,7.909566755942096e-06
3,1.308177474260194,0.0,0.9999324440306675,-0.00821896620771355,6.755596933252973e-05,0.00821896620771355,1.0,0.0,-1.351119386650298e-07,-1.64379324154271e-05,6.755596933252972e-08,8.218966207713552e-06,6.755596933252974e-08,8.21896620771355e-06,6.755596933250008e-08,8.21896620771355e-06,6.755596933252972e-08,8.218966207713552e-06
3,1.359356390878525,0.0,0.9999270551353687,-0.008540465073873186,7.29448646313238e-05,0.008540465073873186,1.0,0.0,-1.458897292625708e-07,-1.708093014774637e-05,7.29448646313238e-08,8.540465073873186e-06,7.29448646313238e-08,8.540465073873186e-06,7.29448646312747e-08,8.540465073873186e-06,7.29448646313238e-08,8.540465073873186e-06
3,1.412537544622754,0.0,0.999921236405292,-0.008874536100789218,7.876359470806245e-05,0.00887453610078922,1.0,0.0,-1.575271894160701e-07,-1.774907220157844e-05,7.876359470806245e-08,8.874536100789219e-06,7.876359470806245e-08,8.874536100789219e-06,7.876359470804229e-08,8.874536100789217e-06,7.876359470806246e-08,8.874536100789219e-06
3,1.467799267622069,0.0,0.9999149535611176,-0.009221670455274108,8.504643888244196e-05,0.009221670455274108,1.0,0.0,-1.700928777648412e-07,-1.844334091054822e-05,8.504643888244195e-08,9.221670455274107e-06,8.504643888244196e-08,9.221670455274109e-06,8.504643888240792e-08,9.221670455274109e-06,8.504643888244195e-08,9.221670455274107e-06
3,1.525222956539018,0.0,0.9999081695906824,-0.009582378436151005,9.183040931768724e-05,0.009582378436151007,1.0,0.0,-1.836608186351919e-07,-1.916475687230201e-05,9.183040931768723e-08,9.582378436151007e-06,9.183040931768725e-08,9.582378436151007e-06,9.183040931759479e-08,9.582378436151005e-06,9.183040931768726e-08,9.582378436151005e-06
3,1.584893192461112,0.0,0.999900844531264,-0.00995719021255091,9.915546873589989e-05,0.00995719021255091,1.0,0.0,-1.983109374718077e-07,-1.991438042510182e-05,9.915546873589989e-08,9.95719021255091e-06,9.915546873589989e-08,9.95719021255091e-06,9.915546873595638e-08,9.95719021255091e-06,9.915546873589989e-08,9.957190212550912e-06
3,1.646897865482867,0.0,0.9998929352345477,-0.01034665658985135,0.0001070647654523157,0.01034665658985135,1.0,0.0,-2.141295309047069e-07,-2.069331317970269e-05,1.070647654523157e-07,1.034665658985135e-05,1.070647654523157e-07,1.034665658985135e-05,1.070647654523027e-07,1.034665658985135e-05,1.070647654523157e-07,1.034665658985135e-05
3,1.71132830416178,0.0,0.9998843951128981,-0.01075134980418662,0.0001156048871019056,0.01075134980418662,1.0,0.0,-2.312097742038688e-07,-2.150269960837325e-05,1.156048871019056e-07,1.075134980418662e-05,1.156048871019056e-07,1.075134980418662e-05,1.156048871019388e-07,1.075134980418662e-05,1.156048871019056e-07,1.075134980418662e-05
3,1.778279410038921,0.0,0.9998751738654601,-0.01117186434647771,0.000124826134539964,0.01117186434647771,1.0,0.0,-2.496522690798655e-07,-2.234372869295542e-05,1.24826134539964e-07,1.117186434647771e-05,1.24826134539964e-07,1.117186434647771e-05,1.248261345399015e-07,1.117186434647771e-05,1.24826134539964e-07,1.117186434647771e-05
3,1.847849797422289,0.0,0.9998652171824849,-0.01160881781694617,0.0001347828175149441,0.01160881781694617,1.0,0.0,-2.695656350301228e-07,-2.321763563389234e-05,1.347828175149441e-07,1.160881781694617e-05,1.347828175149441e-07,1.160881781694617e-05,1.347828175151111e-07,1.160881781694617e-05,1.347828175149441e-07,1.160881781694617e-05
3,1.9201419386388,0.0,0.9998544664261626,-0.01206285181109125,0.0001455335738374613,0.01206285181109125,1.0,0.0,-2.910671476749247e-07,-2.41257036221825e-05,1.455335738374613e-07,1.206285181109125e-05,1.455335738374613e-07,1.206285181109125e-05,1.455335738373975e-07,1.206285181109125e-05,1.455335738374613e-07,1.206285181109125e-05
3,1.995262314968878,0.0,0.9998428582860952,-0.0125346328381214,0.0001571417139047601,0.0125346328381214,1.0,0.0,-3.142834278094555e-07,-2.506926567624279e-05,1.571417139047602e-07,1.25346328381214e-05,1.571417139047602e-07,1.25346328381214e-05,1.571417139047959e-07,1.25346328381214e-05,1.571417139047602e-07,1.25346328381214e-05
3,2.073321573485953,0.0,0.9998303244074143,-0.01302485327284134,0.0001696755925857652,0.01302485327284135,1.0,0.0,-3.393511851714968e-07,-2.604970654568269e-05,1.696755925857652e-07,1.302485327284135e-05,1.696755925857652e-07,1.302485327284135e-05,1.696755925857385e-07,1.302485327284134e-05,1.696755925857653e-07,1.302485327284135e-05
3,2.154434690031882,0.0,0.999816790989371,-0.01353423234200224,0.000183209010628875,0.01353423234200224,1.0,0.0,-3.664180212577289e-07,-2.706846468400448e-05,1.832090106288751e-07,1.353423234200224e-05,1.832090106288751e-07,1.353423234200224e-05,1.832090106289597e-07,1.353423234200224e-05,1.832090106288751e-07,1.353423234200224e-05
3,2.238721138568337,0.0,0.9998021783520763,-0.01406351714612528,0.0001978216479237471,0.01406351714612528,1.0,0.0,-3.956432958474487e-07,-2.812703429225057e-05,1.978216479237471e-07,1.406351714612528e-05,1.978216479237471e-07,1.406351714612528e-05,1.978216479237016e-07,1.406351714612528e-05,1.978216479237471e-07,1.406351714612528e-05
3,2.326305067153623,0.0,0.9997864004688697,-0.01461348371780763,0.0002135995311303279,0.01461348371780763,1.0,0.0,-4.271990622605736e-07,-2.922696743561526e-05,2.135995311303279e-07,1.461348371780763e-05,2.135995311303279e-07,1.461348371780763e-05,2.135995311303152e-07,1.461348371780763e-05,2.135995311303279e-07,1.461348371780763e-05
3,2.417315480804101,0.0,0.9997693644616157,-0.01518493811751304,0.0002306355383842663,0.01518493811751304,1.0,0.0,-4.612710767684906e-07,-3.036987623502609e-05,2.306355383842664e-07,1.518493811751304e-05,2.306355383842663e-07,1.518493811751304e-05,2.306355383843162e-07,1.518493811751304e-05,2.306355383842664e-07,1.518493811751304e-05
3,2.511886431509577,0.0,0.9997509700560014,-0.01577871756783713,0.0002490299439985799,0.01577871756783713,1.0,0.0,-4.980598879971584e-07,-3.155743513567425e-05,2.490299439985799e-07,1.577871756783713e-05,2.490299439985799e-07,1.577871756783713e-05,2.490299439985577e-07,1.577871756783713e-05,2.490299439985799e-07,1.577871756783713e-05
3,2.610157215682533,0.0,0.9997311089936918,-0.01639569162721825,0.0002688910063081081,0.01639569162721825,1.0,0.0,-5.37782012616439e-07,-3.279138325443651e-05,2.688910063081081e-07,1.639569162721825e-05,2.688910063081081e-07,1.639569162721825e-05,2.68891006308225e-07,1.639569162721825e-05,2.688910063081081e-07,1.639569162721825e-05
3,2.712272579332025,0.0,0.9997096643979532,-0.01703676340403823,0.0002903356020469921,0.01703676340403823,1.0,0.0,-5.806712040938082e-07,-3.407352680807645e-05,2.903356020469921e-07,1.703676340403822e-05,2.903356020469921e-07,1.703676340403823e-05,2.903356020468317e-07,1.703676340403823e-05,2.903356020469921e-07,1.703676340403822e-05
3,2.81838293126445,0.0,0.9996865100890888,-0.01770287081202123,0.0003134899109113564,0.01770287081202123,1.0,0.0,-6.269798218225068e-07,-3.540574162404246e-05,3.134899109113564e-07,1.770287081202123e-05,3.134899109113564e-07,1.770287081202123e-05,3.134899109111799e-07,1.770287081202123e-05,3.134899109113564e-07,1.770287081202123e-05
3,2.928644564625232,0.0,0.9996615098457592,-0.01839498786779385,0.000338490154240801,0.01839498786779385,1.0,0.0,-6.769803084816818e-07,-3.678997573558771e-05,3.38490154240801e-07,1.839498786779385e-05,3.38490154240801e-07,1.839498786779385e-05,3.384901542408114e-07,1.839498786779385e-05,3.384901542408009e-07,1.839498786779385e-05
3,3.043219887107717,0.0,0.9996345166079453,-0.01911412603141147,0.0003654833920545495,0.01911412603141148,1.0,0.0,-7.309667841092332e-07,-3.822825206282295e-05,3.654833920545495e-07,1.911412603141148e-05,3.654833920545495e-07,1.911412603141148e-05,3.654833920546663e-07,1.911412603141147e-05,3.654833920545495e-07,1.911412603141148e-05
3,3.162277660168374,0.0,0.9996053716169974,-0.01986133559058591,0.0003946283830025459,0.01986133559058591,1.0,0.0,-7.892567660052112e-07,-3.972267118117183e-05,3.94628383002546e-07,1.986133559058591e-05,3.946283830025459e-07,1.986133559058591e-05,3.946283830026376e-07,1.986133559058591e-05,3.946283830025459e-07,1.986133559058591e-05
3,3.285993247600649,0.0,0.99957390348786,-0.02063770708926346,0.0004260965121398932,0.02063770708926346,1.0,0.0,-8.521930242799552e-07,-4.127541417852692e-05,4.260965121398932e-07,2.063770708926346e-05,4.260965121398931e-07,2.063770708926346e-05,4.26096512139984e-07,2.063770708926346e-05,4.260965121398931e-07,2.063770708926346e-05
3,3.414548873833596,0.0,0.9995399272081937,-0.02144437280109996,0.000460072791806316,0.02144437280109996,1.0,0.0,-9.201455836126229e-07,-4.288874560219991e-05,4.60072791806316e-07,2.144437280109996e-05,4.60072791806316e-07,2.144437280109996e-05,4.600727918062653e-07,2.144437280109996e-05,4.60072791806316e-07,2.144437280109996e-05
3,3.548133892335748,0.0,0.9995032430587076,-0.0222825082482574,0.0004967569412923814,0.0222825082482574,1.0,0.0,-9.935138825847997e-07,-4.456501649651481e-05,4.967569412923814e-07,2.228250824825741e-05,4.967569412923814e-07,2.228250824825741e-05,4.967569412923645e-07,2.228250824825741e-05,4.967569412923814e-07,2.228250824825741e-05
3,3.686945064519569,0.0,0.9994636354485973,-0.02315333376580272,0.0005363645514026618,0.02315333376580272,1.0,0.0,-1.072729102805381e-06,-4.630666753160544e-05,5.363645514026618e-07,2.315333376580272e-05,5.363645514026618e-07,2.315333376580272e-05,5.363645514027127e-07,2.315333376580272e-05,5.363645514026618e-07,2.315333376580272e-05
3,3.831186849557281,0.0,0.9994208716595153,-0.02405811611182055,0.0005791283404845921,0.02405811611182055,1.0,0.0,-1.158256680969217e-06,-4.81162322236411e-05,5.791283404845921e-07,2.405811611182055e-05,5.791283404845921e-07,2.405811611182055e-05,5.791283404846803e-07,2.405811611182055e-05,5.791283404845921e-07,2.405811611182055e-05
3,3.981071705534965,0.0,0.9993747004910177,-0.02499817012315511,0.0006252995089821382,0.02499817012315511,1.0,0.0,-1.250599017964398e-06,-4.999634024631023e-05,6.252995089821382e-07,2.499817012315511e-05,6.252995089821382e-07,2.499817012315511e-05,6.252995089822688e-07,2.499817012315511e-05,6.252995089821382e-07,2.499817012315511e-05
3,4.136820402388499,0.0,0.9993248507999026,-0.02597486041646794,0.0006751492000973848,0.02597486041646793,1.0,0.0,-1.350298400194652e-06,-5.194972083293586e-05,6.751492000973849e-07,2.597486041646793e-05,6.751492000973848e-07,2.597486041646793e-05,6.751492000973692e-07,2.597486041646793e-05,6.751492000973848e-07,2.597486041646793e-05
3,4.298662347082268,0.0,0.9992710299252975,-0.02698960313403383,0.0007289700747024606,0.02698960313403383,1.0,0.0,-1.457940149405072e-06,-5.397920626806768e-05,7.289700747024607e-07,2.698960313403383e-05,7.289700747024606e-07,2.698960313403383e-05,7.289700747025174e-07,2.698960313403383e-05,7.289700747024607e-07,2.698960313403384e-05
3,4.466835921509622,0.0,0.9992129219907594,-0.0280438677333937,0.0007870780092407107,0.0280438677333937,1.0,0.0,-1.574156018481411e-06,-5.608773546678741e-05,7.870780092407108e-07,2.80438677333937e-05,7.870780092407107e-07,2.80438677333937e-05,7.870780092406049e-07,2.80438677333937e-05,7.870780092407108e-07,2.80438677333937e-05
3,4.641588833612769,0.0,0.9991501860740087,-0.02913917881963292,0.0008498139259913524,0.02913917881963292,1.0,0.0,-1.69962785198266e-06,-5.827835763926584e-05,8.498139259913524e-07,2.913917881963292e-05,8.498139259913524e-07,2.913917881963292e-05,8.498139259912607e-07,2.913917881963292e-05,8.498139259913524e-07,2.913917881963292e-05
3,4.823178482239296,0.0,0.9990824542342523,-0.03027711801865397,0.0009175457657477424,0.03027711801865397,1.0,0.0,-1.83509153149546e-06,-6.055423603730794e-05,9.175457657477424e-07,3.027711801865397e-05,9.175457657477425e-07,3.027711801865397e-05,9.175457657476516e-07,3.027711801865397e-05,9.175457657477424e-07,3.027711801865397e-05
3,5.011872336272711,0.0,0.9990093293863227,-0.03145932588935486,0.0009906706136774373,0.03145932588935486,1.0,0.0,-1.981341227354632e-06,-6.291865177870974e-05,9.906706136774372e-07,3.145932588935487e-05,9.906706136774374e-07,3.145932588935487e-05,9.906706136773025e-07,3.145932588935487e-05,9.906706136774372e-07,3.145932588935486e-05
3,5.207948328595451,0.0,0.9989303830101061,-0.03268750387210322,0.001069616989893833,0.03268750387210322,1.0,0.0,-2.139233979787713e-06,-6.537500774420644e-05,1.069616989893833e-06,3.268750387210321e-05,1.069616989893833e-06,3.268750387210321e-05,1.06961698989394e-06,3.268750387210322e-05,1.069616989893832e-06,3.268750387210322e-05
3,5.411695265464624,0.0,0.9988451526829245,-0.03396341627030328,0.001154847317075659,0.03396341627030329,1.0,0.0,-2.309694634151058e-06,-6.792683254060658e-05,1.154847317075659e-06,3.396341627030329e-05,1.154847317075659e-06,3.396341627030329e-05,1.154847317075491e-06,3.396341627030328e-05,1.154847317075659e-06,3.396341627030328e-05
3,5.623413251903477,0.0,0.9987531394216771,-0.03528889226117955,0.001246860578322914,0.03528889226117956,1.0,0.0,-2.493721156645814e-06,-7.057778452235912e-05,1.246860578322914e-06,3.528889226117957e-05,1.246860578322914e-06,3.528889226117956e-05,1.246860578322906e-06,3.528889226117955e-05,1.246860578322915e-06,3.528889226117957e-05
3,5.843414133735162,0.0,0.9986538048206633,-0.03666582793113778,0.001346195179336672,0.03666582793113778,1.0,0.0,-2.692390358673283e-06,-7.333165586227555e-05,1.346195179336672e-06,3.666582793113777e-05,1.346195179336672e-06,3.666582793113777e-05,1.346195179336651e-06,3.666582793113777e-05,1.346195179336672e-06,3.666582793113777e-05
3,6.07202195690987,0.0,0.9985465679700442,-0.03809618833019996,0.001453432029955765,0.03809618833019996,1.0,0.0,-2.90686405991163e-06,-7.619237666039992e-05,1.453432029955765e-06,3.809618833019996e-05,1.453432029955765e-06,3.809618833019996e-05,1.453432029955848e-06,3.809618833019996e-05,1.453432029955765e-06,3.809618833019996e-05
3,6.309573444801917,0.0,0.9984308021389244,-0.03958200953903537,0.001569197861075492,0.03958200953903537,1.0,0.0,-3.138395722150982e-06,-7.916401907807075e-05,1.569197861075492e-06,3.958200953903538e-05,1.569197861075492e-06,3.958200953903538e-05,1.569197861075566e-06,3.958200953903538e-05,1.569197861075492e-06,3.958200953903538e-05
3,6.556418494179772,0.0,0.998305831205989,-0.04112540074100761,0.00169416879401107,0.04112540074100761,1.0,0.0,-3.388337588021958e-06,-8.225080148201522e-05,1.69416879401107e-06,4.112540074100762e-05,1.69416879401107e-06,4.112540074100761e-05,1.694168794010964e-06,4.112540074100761e-05,1.69416879401107e-06,4.112540074100761e-05
3,6.812920690579594,0.0,0.9981709258195499,-0.04272854629041868,0.001829074180450041,0.04272854629041868,1.0,0.0,-3.658148360900085e-06,-8.545709258083737e-05,1.829074180450041e-06,4.272854629041869e-05,1.829074180450041e-06,4.272854629041869e-05,1.829074180450085e-06,4.272854629041869e-05,1.829074180450041e-06,4.272854629041869e-05
3,7.07945784384136,0.0,0.9980252992677398,-0.04439370776673612,0.001974700732260356,0.04439370776673612,1.0,0.0,-3.949401464520624e-06,-8.878741553347224e-05,1.974700732260356e-06,4.439370776673612e-05,1.974700732260356e-06,4.439370776673612e-05,1.974700732260248e-06,4.439370776673612e-05,1.974700732260356e-06,4.439370776673612e-05
3,7.356422544596393,0.0,0.9978681030384194,-0.0461232260030212,0.002131896961580567,0.0461232260030212,1.0,0.0,-4.263793923161149e-06,-9.224645200604239e-05,2.131896961580567e-06,4.612322600302119e-05,2.131896961580567e-06,4.61232260030212e-05,2.13189696158056e-06,4.61232260030212e-05,2.131896961580567e-06,4.612322600302119e-05
3,7.644222742525981,0.0,0.9976984220471898,-0.04791952307501899,0.002301577952810139,0.04791952307501899,1.0,0.0,-4.603155905620224e-06,-9.583904615003798e-05,2.301577952810139e-06,4.791952307501899e-05,2.301577952810139e-06,4.791952307501899e-05,2.301577952810163e-06,4.791952307501899e-05,2.301577952810139e-06,4.791952307501899e-05
3,7.943282347242792,0.0,0.9975152695106657,-0.04978510423540027,0.002484730489334298,0.04978510423540027,1.0,0.0,-4.969460978668547e-06,-9.957020847080054e-05,2.484730489334298e-06,4.978510423540027e-05,2.484730489334298e-06,4.978510423540027e-05,2.484730489334286e-06,4.978510423540027e-05,2.484730489334298e-06,4.978510423540027e-05
3,8.25404185268016,0.0,0.9973175814409502,-0.0517225597754403,0.002682418559049931,0.0517225597754403,1.0,0.0,-5.364837118099708e-06,-0.0001034451195508806,2.68241855904993e-06,5.172255977544031e-05,2.682418559049931e-06,5.172255977544031e-05,2.682418559049826e-06,5.172255977544031e-05,2.68241855904993e-06,5.17225597754403e-05
3,8.576958985908915,0.0,0.9971042107360044,-0.05373456679395646,0.002895789263995641,0.05373456679395646,1.0,0.0,-5.791578527991318e-06,-0.0001074691335879129,2.895789263995641e-06,5.373456679395647e-05,2.895789263995641e-06,5.373456679395646e-05,2.895789263995585e-06,5.373456679395646e-05,2.895789263995641e-06,5.373456679395647e-05
3,8.912509381337427,0.0,0.9968739208393844,-0.05582389085057623,0.003126079160615483,0.05582389085057623,1.0,0.0,-6.252158321231043e-06,-0.0001116477817011525,3.126079160615483e-06,5.582389085057623e-05,3.126079160615483e-06,5.582389085057623e-05,3.12607916061558e-06,5.582389085057623e-05,3.126079160615483e-06,5.582389085057624e-05
3,9.261187281287906,0.0,0.9966253789416151,-0.05799338747734341,0.003374621058384986,0.05799338747734341,1.0,0.0,-6.749242116769826e-06,-0.0001159867749546868,3.374621058384986e-06,5.799338747734341e-05,3.374621058384986e-06,5.799338747734341e-05,3.37462105838493e-06,5.799338747734341e-05,3.374621058384986e-06,5.79933874773434e-05
3,9.623506263980856,0.0,0.9963571486943221,-0.06024600351925976,0.003642851305677939,0.06024600351925975,1.0,0.0,-7.285702611355898e-06,-0.0001204920070385195,3.642851305677939e-06,6.024600351925976e-05,3.642851305677939e-06,6.024600351925975e-05,3.642851305677874e-06,6.024600351925976e-05,3.642851305677938e-06,6.024600351925975e-05
3,9.999999999999968,0.0,0.9960676824071726,-0.06258477827057149,0.003932317592827458,0.0625847782705715,1.0,0.0,-7.864635185654824e-06,-0.000125169556541143,3.932317592827458e-06,6.258477827057149e-05,3.932317592827459e-06,6.25847782705715e-05,3.932317592827417e-06,6.258477827057149e-05,3.932317592827459e-06,6.258477827057149e-05
3,10.39122303835166,0.0,0.9957553126966966,-0.06501284436940544,0.004244687303303359,0.06501284436940545,1.0,0.0,-8.489374606606858e-06,-0.0001300256887388109,4.244687303303358e-06,6.501284436940544e-05,4.244687303303358e-06,6.501284436940546e-05,4.244687303303408e-06,6.501284436940544e-05,4.244687303303358e-06,6.501284436940544e-05
3,10.79775162327706,0.0,0.9954182435552471,-0.06753342840870648,0.004581756444752917,0.06753342840870648,1.0,0.0,-9.163512889505704e-06,-0.000135066856817413,4.581756444752918e-06,6.753342840870648e-05,4.581756444752917e-06,6.753342840870648e-05,4.581756444752894e-06,6.753342840870648e-05,4.581756444752918e-06,6.753342840870648e-05
3,11.2201845430196,0.0,0.9950545408077109,-0.07014985121628108,0.004945459192288968,0.07014985121628109,1.0,0.0,-9.890918384578101e-06,-0.0001402997024325622,4.945459192288968e-06,7.014985121628108e-05,4.945459192288968e-06,7.014985121628109e-05,4.945459192289059e-06,7.014985121628108e-05,4.945459192288968e-06,7.014985121628109e-05
3,11.65914401179828,0.0,0.9946621219231943,-0.07286552775107573,0.00533787807680563,0.07286552775107574,1.0,0.0,-1.067575615361135e-05,-0.0001457310555021515,5.337878076805631e-06,7.286552775107574e-05,5.337878076805631e-06,7.286552775107574e-05,5.337878076805747e-06,7.286552775107572e-05,5.337878076805632e-06,7.286552775107574e-05
3,12.11527658628584,0.0,0.9942387451488038,-0.07568396655656819,0.005761254851196162,0.07568396655656817,1.0,0.0,-1.152250970239226e-05,-0.0001513679331131364,5.761254851196163e-06,7.568396655656818e-05,5.761254851196162e-06,7.568396655656817e-05,5.761254851196163e-06,7.568396655656818e-05,5.761254851196161e-06,7.568396655656818e-05
3,12.58925411794163,0.0,0.9937819979329331,-0.07860876870528398,0.006218002067066882,0.07860876870528398,1.0,0.0,-1.243600413413378e-05,-0.0001572175374105679,6.218002067066882e-06,7.860876870528397e-05,6.218002067066882e-06,7.860876870528399e-05,6.218002067066908e-06,7.860876870528399e-05,6.218002067066882e-06,7.860876870528397e-05
3,13.08177474260189,0.0,0.9932892846061981,-0.08164362616092795,0.006710715393801969,0.08164362616092795,1.0,0.0,-1.342143078760373e-05,-0.0001632872523218559,6.710715393801968e-06,8.164362616092795e-05,6.710715393801969e-06,8.164362616092795e-05,6.710715393801858e-06,8.164362616092795e-05,6.710715393801968e-06,8.164362616092795e-05
3,13.59356390878521,0.0,0.992757813289462,-0.0847923194763994,0.007242186710538076,0.08479231947639941,1.0,0.0,-1.448437342107613e-05,-0.0001695846389527988,7.242186710538075e-06,8.479231947639941e-05,7.242186710538076e-06,8.479231947639941e-05,7.242186710538002e-06,8.47923194763994e-05,7.242186710538076e-06,8.47923194763994e-05
3,14.12537544622749,0.0,0.9921845820003579,-0.08805871473700413,0.0078154179996422,0.08805871473700415,1.0,0.0,-1.563083599928426e-05,-0.0001761174294740083,7.8154179996422e-06,8.805871473700414e-05,7.8154179996422e-06,8.805871473700415e-05,7.815417999642138e-06,8.805871473700414e-05,7.815417999642202e-06,8.805871473700414e-05
3,14.67799267622064,0.0,0.9915663639324788,-0.09144675964845227,0.008433636067521193,0.09144675964845228,1.0,0.0,-1.686727213504251e-05,-0.0001828935192969046,8.433636067521193e-06,9.144675964845227e-05,8.433636067521193e-06,9.144675964845229e-05,8.433636067521233e-06,9.144675964845227e-05,8.433636067521194e-06,9.144675964845227e-05
3,15.25222956539013,0.0,0.990899691885123,-0.09496047865871067,0.009100308114877142,0.09496047865871067,1.0,0.0,-1.820061622975424e-05,-0.0001899209573174214,9.100308114877143e-06,9.496047865871068e-05,9.100308114877143e-06,9.496047865871068e-05,9.100308114877055e-06,9.496047865871068e-05,9.100308114877143e-06,9.496047865871066e-05
3,15.84893192461107,0.0,0.9901808418263093,-0.09860396699144941,0.009819158173690805,0.09860396699144942,1.0,0.0,-1.963831634738164e-05,-0.0001972079339828989,9.819158173690805e-06,9.860396699144943e-05,9.819158173690805e-06,9.860396699144943e-05,9.819158173690724e-06,9.860396699144942e-05,9.819158173690807e-06,9.860396699144942e-05
3,16.46897865482862,0.0,0.989405815577929,-0.1023813834566724,0.01059418442207105,0.1023813834566724,1.0,0.0,-2.118836884414203e-05,-0.0002047627669133448,1.059418442207105e-05,0.0001023813834566724,1.059418442207105e-05,0.0001023813834566724,1.059418442207105e-05,0.0001023813834566724,1.059418442207105e-05,0.0001023813834566724
3,17.11328304161774,0.0,0.988570322619564,-0.1062969418911719,0.01142967738043602,0.1062969418911719,1.0,0.0,-2.285935476087192e-05,-0.0002125938837823437,1.142967738043602e-05,0.0001062969418911719,1.142967738043602e-05,0.0001062969418911719,1.142967738043599e-05,0.0001062969418911719,1.142967738043602e-05,0.0001062969418911719
3,17.78279410038916,0.0,0.9876697610169543,-0.1103549010677222,0.01233023898304576,0.1103549010677222,1.0,0.0,-2.466047796609143e-05,-0.0002207098021354443,1.233023898304577e-05,0.0001103549010677222,1.233023898304577e-05,0.0001103549010677222,1.233023898304575e-05,0.0001103549010677222,1.233023898304577e-05,0.0001103549010677222
3,18.47849797422283,0.0,0.9866991974925845,-0.1145595528974964,0.01330080250741555,0.1145595528974964,1.0,0.0,-2.660160501483105e-05,-0.0002291191057949928,1.330080250741555e-05,0.0001145595528974964,1.330080250741555e-05,0.0001145595528974964,1.33008025074155e-05,0.0001145595528974964,1.330080250741555e-05,0.0001145595528974964
3,19.20141938638794,0.0,0.9856533466696986,-0.1189152087351377,0.01434665333030122,0.1189152087351377,1.0,0.0,-2.869330666060269e-05,-0.0002378304174702755,1.434665333030122e-05,0.0001189152087351377,1.434665333030122e-05,0.0001189152087351377,1.434665333030138e-05,0.0001189152087351377,1.434665333030122e-05,0.0001189152087351377
3,19.95262314968871,0.0,0.9845265495375671,-0.1234261835803876,0.0154734504624329,0.1234261835803876,1.0,0.0,-3.094690092486567e-05,-0.0002468523671607751,1.54734504624329e-05,0.0001234261835803876,1.54734504624329e-05,0.0001234261835803876,1.547345046243287e-05,0.0001234261835803876,1.54734504624329e-05,0.0001234261835803876
3,20.73321573485946,0.0,0.9833127512053809,-0.1280967779543476,0.01668724879461896,0.1280967779543476,1.0,0.0,-3.337449758923801e-05,-0.0002561935559086953,1.668724879461895e-05,0.0001280967779543476,1.668724879461895e-05,0.0001280967779543476,1.668724879461914e-05,0.0001280967779543476,1.668724879461895e-05,0.0001280967779543477
3,21.54434690031875,0.0,0.9820054780351389,-0.1329312572125806,0.01799452196486114,0.1329312572125806,1.0,0.0,-3.598904392972214e-05,-0.0002658625144251612,1.799452196486114e-05,0.0001329312572125806,1.799452196486114e-05,0.0001329312572125806,1.799452196486107e-05,0.0001329312572125806,1.799452196486114e-05,0.0001329312572125806
3,22.3872113856833,0.0,0.9805978142707004,-0.1379338280416569,0.0194021857292996,0.1379338280416569,1.0,0.0,-3.880437145859934e-05,-0.0002758676560833137,1.94021857292996e-05,0.0001379338280416569,1.94021857292996e-05,0.0001379338280416569,1.940218572929964e-05,0.0001379338280416569,1.940218572929961e-05,0.0001379338280416569
3,23.26305067153616,0.0,0.9790823783112893,-0.1431086118708399,0.02091762168871071,0.1431086118708399,1.0,0.0,-4.18352433774215e-05,-0.0002862172237416798,2.091762168871071e-05,0.0001431086118708399,2.091762168871071e-05,0.0001431086118708399,2.09176216887107e-05,0.0001431086118708399,2.091762168871072e-05,0.0001431086118708399
3,24.17315480804093,0.0,0.9774512988135362,-0.1484596149168772,0.02254870118646389,0.1484596149168771,1.0,0.0,-4.509740237292765e-05,-0.0002969192298337543,2.254870118646389e-05,0.0001484596149168772,2.254870118646389e-05,0.0001484596149168771,2.254870118646379e-05,0.0001484596149168772,2.254870118646389e-05,0.0001484596149168771
3,25.11886431509569,0.0,0.9756961908471389,-0.1539906945679592,0.0243038091528612,0.1539906945679592,1.0,0.0,-4.860761830572228e-05,-0.0003079813891359185,2.43038091528612e-05,0.0001539906945679592,2.43038091528612e-05,0.0001539906945679592,2.430380915286112e-05,0.0001539906945679592,2.43038091528612e-05,0.0001539906945679592
3,26.10157215682525,0.0,0.9738081323758028,-0.1597055218035802,0.02619186762419729,0.1597055218035802,1.0,0.0,-5.238373524839456e-05,-0.0003194110436071603,2.619186762419729e-05,0.0001597055218035802,2.619186762419729e-05,0.0001597055218035802,2.619186762419723e-05,0.0001597055218035802,2.619186762419729e-05,0.0001597055218035801
3,27.12272579332016,0.0,0.9717776413877106,-0.1656075393412049,0.02822235861228939,0.1656075393412049,1.0,0.0,-5.644471722457883e-05,-0.0003312150786824098,2.822235861228938e-05,0.0001656075393412049,2.822235861228938e-05,0.0001656075393412049,2.822235861228939e-05,0.0001656075393412049,2.822235861228938e-05,0.0001656075393412049
3,28.18382931264441,0.0,0.9695946540587106,-0.1716999151993965,0.03040534594128942,0.1716999151993965,1.0,0.0,-6.081069188257887e-05,-0.0003433998303987929,3.040534594128942e-05,0.0001716999151993964,3.040534594128942e-05,0.0001716999151993964,3.040534594128941e-05,0.0001716999151993964,3.040534594128942e-05,0.0001716999151993964
3,29.28644564625223,0.0,0.9672485043969511,-0.1779854913716631,0.03275149560304887,0.1779854913716631,1.0,0.0,-6.550299120609775e-05,-0.0003559709827433261,3.275149560304888e-05,0.0001779854913716631,3.275149560304887e-05,0.0001779854913716631,3.275149560304891e-05,0.0001779854913716631,3.275149560304888e-05,0.0001779854913716631
3,30.43219887107707,0.0,0.9647279058899654,-0.1844667273172252,0.03527209411003466,0.1844667273172252,1.0,0.0,-7.054418822006924e-05,-0.0003689334546344504,3.527209411003466e-05,0.0001844667273172252,3.527209411003466e-05,0.0001844667273172252,3.527209411003462e-05,0.0001844667273172252,3.527209411003466e-05,0.0001844667273172252
3,31.62277660168364,0.0,0.9620209357541628,-0.1911456379958689,0.03797906424583718,0.1911456379958689,1.0,0.0,-7.595812849167439e-05,-0.0003822912759917378,3.797906424583718e-05,0.0001911456379958689,3.797906424583718e-05,0.0001911456379958689,3.797906424583719e-05,0.0001911456379958689,3.797906424583718e-05,0.0001911456379958689
3,32.85993247600639,0.0,0.9591150224720454,-0.1980237262059608,0.04088497752795468,0.1980237262059608,1.0,0.0,-8.176995505590923e-05,-0.0003960474524119216,4.088497752795468e-05,0.0001980237262059608,4.088497752795468e-05,0.0001980237262059608,4.088497752795462e-05,0.0001980237262059608,4.088497752795468e-05,0.0001980237262059608
3,34.14548873833585,0.0,0.9559969373936408,-0.2051019090296819,0.04400306260635906,0.2051019090296819,1.0,0.0,-8.800612521271832e-05,-0.0004102038180593638,4.400306260635907e-05,0.0002051019090296819,4.400306260635906e-05,0.0002051019090296819,4.400306260635922e-05,0.0002051019090296819,4.400306260635907e-05,0.0002051019090296819
3,35.48133892335737,0.0,0.9526527912746889,-0.2123804382499316,0.04734720872531119,0.2123804382499316,1.0,0.0,-9.469441745062231e-05,-0.0004247608764998632,4.734720872531119e-05,0.0002123804382499316,4.734720872531119e-05,0.0002123804382499316,4.734720872531106e-05,0.0002123804382499316,4.73472087253112e-05,0.0002123804382499316
3,36.86945064519557,0.0,0.9490680367235808,-0.2198588146816698,0.05093196327641935,0.2198588146816698,1.0,0.0,-0.0001018639265528386,-0.0004397176293633396,5.093196327641935e-05,0.0002198588146816698,5.093196327641935e-05,0.0002198588146816698,5.093196327641925e-05,0.0002198588146816698,5.093196327641935e-05,0.0002198588146816698
3,38.31186849557268,0.0,0.9452274776299869,-0.2275356964593456,0.05477252237001305,0.2275356964593456,1.0,0.0,-0.0001095450447400261,-0.0004550713929186913,5.477252237001305e-05,0.0002275356964593456,5.477252237001305e-05,0.0002275356964593456,5.477252237001307e-05,0.0002275356964593456,5.477252237001304e-05,0.0002275356964593456
3,39.81071705534952,0.0,0.9411152867478176,-0.2354088014441909,0.05888471325218225,0.2354088014441909,1.0,0.0,-0.0001177694265043646,-0.0004708176028883819,5.888471325218224e-05,0.0002354088014441909,5.888471325218224e-05,0.000235408801444191,5.888471325218237e-05,0.000235408801444191,5.888471325218224e-05,0.000235408801444191
3,41.36820402388486,0.0,0.9367150327002713,-0.2434748040631738,0.0632849672997286,0.2434748040631738,1.0,0.0,-0.0001265699345994572,-0.0004869496081263476,6.32849672997286e-05,0.0002434748040631738,6.32849672997286e-05,0.0002434748040631738,6.328496729972866e-05,0.0002434748040631738,6.32849672997286e-05,0.0002434748040631738
3,42.98662347082254,0.0,0.9320097177609181,-0.2517292270677602,0.06799028223908199,0.2517292270677602,1.0,0.0,-0.0001359805644781639,-0.0005034584541355205,6.799028223908199e-05,0.0002517292270677602,6.799028223908199e-05,0.0002517292270677602,6.799028223908188e-05,0.0002517292270677602,6.799028223908199e-05,0.0002517292270677602
3,44.66835921509607,0.0,0.9269818278368052,-0.260166328907376,0.07301817216319492,0.260166328907376,1.0,0.0,-0.0001460363443263898,-0.000520332657814752,7.301817216319493e-05,0.000260166328907376,7.301817216319493e-05,0.000260166328907376,7.301817216319484e-05,0.000260166328907376,7.301817216319493e-05,0.000260166328907376
3,46.41588833612754,0.0,0.9216133961311758,-0.2687789876510741,0.07838660386882418,0.2687789876510741,1.0,0.0,-0.0001567732077376485,-0.0005375579753021481,7.838660386882419e-05,0.0002687789876510741,7.838660386882419e-05,0.0002687789876510741,7.838660386882424e-05,0.0002687789876510741,7.838660386882419e-05,0.0002687789876510741
3,48.2317848223928,0.0,0.915886081987221,-0.2775585826619644,0.08411391801277901,0.2775585826619644,1.0,0.0,-0.000168227836025558,-0.0005551171653239287,8.411391801277901e-05,0.0002775585826619644,8.411391801277901e-05,0.0002775585826619644,8.411391801277901e-05,0.0002775585826619644,8.411391801277901e-05,0.0002775585826619644
3,50.11872336272695,0.0,0.9097812664019557,-0.2864948755318486,0.09021873359804432,0.2864948755318486,1.0,0.0,-0.0001804374671960887,-0.0005729897510636972,9.021873359804433e-05,0.0002864948755318486,9.021873359804431e-05,0.0002864948755318486,9.021873359804433e-05,0.0002864948755318486,9.021873359804433e-05,0.0002864948755318486
3,52.07948328595435,0.0,0.9032801656414862,-0.2955758921160105,0.09671983435851388,0.2955758921160106,1.0,0.0,-0.0001934396687170277,-0.0005911517842320211,9.671983435851387e-05,0.0002955758921160106,9.671983435851387e-05,0.0002955758921160106,9.671983435851383e-05,0.0002955758921160105,9.671983435851389e-05,0.0002955758921160106
3,54.11695265464607,0.0,0.896363964275505,-0.3047878078660729,0.103636035724495,0.304787807866073,1.0,0.0,-0.00020727207144899,-0.0006095756157321459,0.000103636035724495,0.000304787807866073,0.000103636035724495,0.000304787807866073,0.000103636035724495,0.0003047878078660729,0.000103636035724495,0.000304787807866073
3,56.2341325190346,0.0,0.8890139687692384,-0.3141148390356719,0.1109860312307617,0.3141148390356719,1.0,0.0,-0.0002219720624615232,-0.0006282296780713439,0.0001109860312307617,0.0003141148390356719,0.0001109860312307617,0.0003141148390356719,0.0001109860312307616,0.0003141148390356719,0.0001109860312307617,0.0003141148390356719
3,58.43414133735143,0.0,0.8812117825146679,-0.3235391427199955,0.1187882174853322,0.3235391427199955,1.0,0.0,-0.0002375764349706642,-0.0006470782854399909,0.0001187882174853322,0.0003235391427199955,0.0001187882174853322,0.0003235391427199955,0.0001187882174853321,0.0003235391427199955,0.0001187882174853322,0.0003235391427199955
3,60.7202195690985,0.0,0.8729395028396106,-0.3330407290734034,0.1270604971603894,0.3330407290734033,1.0,0.0,-0.0002541209943207787,-0.0006660814581468066,0.0001270604971603894,0.0003330407290734033,0.0001270604971603894,0.0003330407290734033,0.0001270604971603894,0.0003330407290734034,0.0001270604971603893,0.0003330407290734033
3,63.09573444801896,0.0,0.8641799400944501,-0.3425973894132917,0.1358200599055498,0.3425973894132917,1.0,0.0,-0.0002716401198110998,-0.0006851947788265835,0.0001358200599055498,0.0003425973894132917,0.0001358200599055498,0.0003425973894132917,0.0001358200599055499,0.0003425973894132917,0.0001358200599055498,0.0003425973894132917
3,65.5641849417975,0.0,0.8549168583755414,-0.3521846442433797,0.1450831416244586,0.3521846442433797,1.0,0.0,-0.0002901662832489172,-0.0007043692884867594,0.0001450831416244586,0.0003521846442433797,0.0001450831416244586,0.0003521846442433797,0.0001450831416244586,0.0003521846442433797,0.0001450831416244586,0.0003521846442433796
3,68.12920690579573,0.0,0.8451352367985008,-0.3617757154924068,0.1548647632014993,0.3617757154924068,1.0,0.0,-0.0003097295264029985,-0.0007235514309848136,0.0001548647632014993,0.0003617757154924068,0.0001548647632014993,0.0003617757154924068,0.0001548647632014992,0.0003617757154924068,0.0001548647632014993,0.0003617757154924067
3,70.79457843841337,0.0,0.8348215494852844,-0.3713415274383856,0.1651784505147156,0.3713415274383856,1.0,0.0,-0.0003303569010294312,-0.0007426830548767712,0.0001651784505147156,0.0003713415274383855,0.0001651784505147156,0.0003713415274383856,0.0001651784505147156,0.0003713415274383856,0.0001651784505147156,0.0003713415274383855
3,73.56422544596369,0.0,0.823964061583597,-0.3808507408450972,0.176035938416403,0.3808507408450972,1.0,0.0,-0.000352071876832806,-0.0007617014816901944,0.000176035938416403,0.0003808507408450973,0.000176035938416403,0.0003808507408450972,0.000176035938416403,0.0003808507408450972,0.000176035938416403,0.0003808507408450973
3,76.44222742525956,0.0,0.8125531377103481,-0.3902698247461827,0.1874468622896519,0.3902698247461827,1.0,0.0,-0.0003748937245793037,-0.0007805396494923654,0.0001874468622896519,0.0003902698247461827,0.0001874468622896519,0.0003902698247461827,0.0001874468622896519,0.0003902698247461826,0.0001874468622896519,0.0003902698247461827
3,79.43282347242767,0.0,0.8005815582254378,-0.3995631700429454,0.1994184417745621,0.3995631700429454,1.0,0.0,-0.0003988368835491244,-0.0007991263400858908,0.0001994184417745621,0.0003995631700429454,0.0001994184417745621,0.0003995631700429454,0.0001994184417745623,0.0003995631700429454,0.0001994184417745621,0.0003995631700429455
3,82.54041852680133,0.0,0.7880448377299981,-0.4086932486071908,0.2119551622700019,0.4086932486071908,1.0,0.0,-0.0004239103245400038,-0.0008173864972143816,0.0002119551622700019,0.0004086932486071908,0.0002119551622700019,0.0004086932486071908,0.0002119551622700019,0.0004086932486071908,0.0002119551622700019,0.0004086932486071908
3,85.76958985908888,0.0,0.7749415391856093,-0.4176208208773218,0.2250584608143907,0.4176208208773218,1.0,0.0,-0.0004501169216287815,-0.0008352416417546436,0.0002250584608143907,0.0004176208208773217,0.0002250584608143907,0.0004176208208773218,0.0002250584608143908,0.0004176208208773218,0.0002250584608143907,0.0004176208208773217
3,89.125093813374,0.0,0.7612735761181872,-0.4263051939894866,0.2387264238818128,0.4263051939894866,1.0,0.0,-0.0004774528477636255,-0.0008526103879789733,0.0002387264238818128,0.0004263051939894867,0.0002387264238818128,0.0004263051939894866,0.0002387264238818128,0.0004263051939894866,0.0002387264238818128,0.0004263051939894867
3,92.61187281287877,0.0,0.7470464945601989,-0.4347045312916781,0.252953505439801,0.4347045312916781,1.0,0.0,-0.0005059070108796021,-0.0008694090625833562,0.000252953505439801,0.0004347045312916781,0.000252953505439801,0.0004347045312916781,0.0002529535054398011,0.0004347045312916781,0.000252953505439801,0.0004347045312916781
3,96.23506263980825,0.0,0.7322697257611707,-0.4427762126569477,0.2677302742388293,0.4427762126569477,1.0,0.0,-0.0005354605484776587,-0.0008855524253138954,0.0002677302742388293,0.0004427762126569477,0.0002677302742388293,0.0004427762126569477,0.0002677302742388293,0.0004427762126569477,0.0002677302742388293,0.0004427762126569477
3,99.99999999999936,0.0,0.7169568003249004,-0.4504772433683873,0.2830431996750996,0.4504772433683873,1.0,0.0,-0.0005660863993501991,-0.0009009544867367747,0.0002830431996750996,0.0004504772433683873,0.0002830431996750996,0.0004504772433683873,0.0002830431996750996,0.0004504772433683874,0.0002830431996750995,0.0004504772433683874
3,103.9122303835162,0.0,0.7011255143761465,-0.4577647075375411,0.2988744856238535,0.4577647075375411,1.0,0.0,-0.0005977489712477072,-0.000915529415075082,0.0002988744856238535,0.0004577647075375411,0.0002988744856238535,0.0004577647075375411,0.0002988744856238535,0.0004577647075375411,0.0002988744856238535,0.0004577647075375411
3,107.9775162327703,0.0,0.6847980386763541,-0.4645962601026538,0.3152019613236458,0.4645962601026538,1.0,0.0,-0.0006304039226472918,-0.0009291925202053076,0.0003152019613236458,0.0004645962601026538,0.0003152019613236458,0.0004645962601026538,0.0003152019613236459,0.0004645962601026538,0.0003152019613236458,0.0004645962601026538
3,112.2018454301956,0.0,0.6680009623407736,-0.4709306495149513,0.3319990376592263,0.4709306495149513,1.0,0.0,-0.0006639980753184527,-0.0009418612990299027,0.0003319990376592263,0.0004709306495149513,0.0003319990376592263,0.0004709306495149513,0.0003319990376592265,0.0004709306495149513,0.0003319990376592263,0.0004709306495149514
3,116.5914401179824,0.0,0.6507652639828755,-0.4767282613566914,0.3492347360171245,0.4767282613566914,1.0,0.0,-0.0006984694720342491,-0.0009534565227133829,0.0003492347360171246,0.0004767282613566914,0.0003492347360171245,0.0004767282613566914,0.0003492347360171245,0.0004767282613566914,0.0003492347360171246,0.0004767282613566914
3,121.152765862858,0.0,0.6331262047269521,-0.4819516714516069,0.3668737952730479,0.4819516714516069,1.0,0.0,-0.0007337475905460958,-0.0009639033429032136,0.0003668737952730479,0.0004819516714516069,0.0003668737952730479,0.0004819516714516069,0.0003668737952730479,0.0004819516714516069,0.0003668737952730479,0.0004819516714516069
3,125.8925411794159,0.0,0.6151231395586043,-0.4865661956385484,0.3848768604413957,0.4865661956385484,1.0,0.0,-0.0007697537208827914,-0.0009731323912770967,0.0003848768604413957,0.0004865661956385483,0.0003848768604413957,0.0004865661956385483,0.0003848768604413957,0.0004865661956385483,0.0003848768604413957,0.0004865661956385483
3,130.8177474260185,0.0,0.5967992458673254,-0.4905404223909759,0.4032007541326747,0.490540422390976,1.0,0.0,-0.0008064015082653494,-0.000981080844781952,0.0004032007541326747,0.000490540422390976,0.0004032007541326747,0.0004905404223909761,0.0004032007541326746,0.000490540422390976,0.0004032007541326748,0.000490540422390976
3,135.9356390878516,0.0,0.5782011706870799,-0.4938467139742556,0.4217988293129201,0.4938467139742556,1.0,0.0,-0.0008435976586258402,-0.0009876934279485113,0.0004217988293129201,0.0004938467139742556,0.0004217988293129201,0.0004938467139742555,0.0004217988293129201,0.0004938467139742555,0.0004217988293129201,0.0004938467139742557
3,141.2537544622745,0.0,0.5593786009437475,-0.4964616619135492,0.4406213990562525,0.4964616619135491,1.0,0.0,-0.0008812427981125051,-0.000992923323827098,0.0004406213990562525,0.0004964616619135492,0.0004406213990562525,0.0004964616619135492,0.0004406213990562525,0.0004964616619135492,0.0004406213990562525,0.0004964616619135492
3,146.7799267622059,0.0,0.5403837638351594,-0.4983664832415059,0.4596162361648408,0.4983664832415058,1.0,0.0,-0.0009192324723296814,-0.0009967329664830116,0.0004596162361648408,0.0004983664832415059,0.0004596162361648408,0.0004983664832415058,0.0004596162361648406,0.0004983664832415059,0.0004596162361648408,0.0004983664832415057
3,152.5222956539008,0.0,0.5212708671500423,-0.4995473453144208,0.4787291328499575,0.4995473453144208,1.0,0.0,-0.0009574582656999152,-0.0009990946906288417,0.0004787291328499575,0.0004995473453144208,0.0004787291328499575,0.0004995473453144209,0.0004787291328499577,0.0004995473453144209,0.0004787291328499575,0.000499547345314421
3,158.4893192461102,0.0,0.5020954917241751,-0.4999956088951521,0.4979045082758248,0.4999956088951521,1.0,0.0,-0.0009958090165516497,-0.0009999912177903044,0.0004979045082758248,0.0004999956088951521,0.0004979045082758248,0.0004999956088951521,0.0004979045082758249,0.0004999956088951521,0.0004979045082758248,0.0004999956088951521
3,164.6897865482857,0.0,0.4829139501928634,-0.4997079816272579,0.5170860498071365,0.499707981627258,1.0,0.0,-0.001034172099614273,-0.0009994159632545159,0.0005170860498071364,0.0004997079816272579,0.0005170860498071364,0.000499707981627258,0.0005170860498071365,0.0004997079816272579,0.0005170860498071365,0.000499707981627258
3,171.1328304161769,0.0,0.4637826276074107,-0.498686576856623,0.5362173723925893,0.498686576856623,1.0,0.0,-0.001072434744785179,-0.000997373153713246,0.0005362173723925893,0.0004986865768566229,0.0005362173723925893,0.000498686576856623,0.0005362173723925893,0.000498686576856623,0.0005362173723925893,0.0004986865768566229
3,177.827941003891,0.0,0.4447573202504265,-0.4969388758530429,0.5552426797495734,0.4969388758530429,1.0,0.0,-0.001110485359499147,-0.000993877751706086,0.0005552426797495734,0.0004969388758530429,0.0005552426797495734,0.0004969388758530429,0.0005552426797495735,0.0004969388758530429,0.0005552426797495734,0.000496938875853043
3,184.7849797422278,0.0,0.4258925890613604,-0.4944775946834918,0.5741074109386395,0.4944775946834918,1.0,0.0,-0.001148214821877279,-0.0009889551893669836,0.0005741074109386396,0.0004944775946834918,0.0005741074109386395,0.0004944775946834918,0.0005741074109386396,0.0004944775946834918,0.0005741074109386396,0.0004944775946834919
3,192.0141938638787,0.0,0.4072411434646068,-0.4913204601217482,0.5927588565353932,0.4913204601217481,1.0,0.0,-0.001185517713070787,-0.0009826409202434963,0.0005927588565353933,0.0004913204601217482,0.0005927588565353932,0.0004913204601217482,0.0005927588565353932,0.0004913204601217482,0.0005927588565353932,0.0004913204601217483
3,199.5262314968865,0.0,0.3888532701177257,-0.4874899018815433,0.6111467298822744,0.4874899018815433,1.0,0.0,-0.001222293459764549,-0.0009749798037630867,0.0006111467298822743,0.0004874899018815433,0.0006111467298822744,0.0004874899018815434,0.0006111467298822744,0.0004874899018815434,0.0006111467298822743,0.0004874899018815433
3,207.332157348594,0.0,0.3707763192477681,-0.4830126709858089,0.6292236807522318,0.4830126709858088,1.0,0.0,-0.001258447361504464,-0.0009660253419716179,0.0006292236807522319,0.0004830126709858089,0.0006292236807522318,0.0004830126709858088,0.0006292236807522319,0.0004830126709858089,0.0006292236807522318,0.000483012670985809
3,215.4434690031867,0.0,0.3530542589342714,-0.4779193961147045,0.6469457410657284,0.4779193961147045,1.0,0.0,-0.001293891482131457,-0.0009558387922294091,0.0006469457410657284,0.0004779193961147045,0.0006469457410657284,0.0004779193961147044,0.0006469457410657285,0.0004779193961147045,0.0006469457410657284,0.0004779193961147046
3,223.8721138568323,0.0,0.335727305067101,-0.4722440912277068,0.6642726949328988,0.4722440912277068,1.0,0.0,-0.001328545389865798,-0.000944488182455414,0.0006642726949328988,0.0004722440912277068,0.0006642726949328988,0.0004722440912277068,0.000664272694932899,0.0004722440912277068,0.0006642726949328988,0.0004722440912277071
3,232.6305067153608,0.0,0.3188316319071398,-0.4660236285882615,0.6811683680928602,0.4660236285882615,1.0,0.0,-0.00136233673618572,-0.0009320472571765232,0.0006811683680928602,0.0004660236285882616,0.0006811683680928602,0.0004660236285882616,0.0006811683680928602,0.0004660236285882616,0.0006811683680928602,0.0004660236285882616
3,241.7315480804085,0.0,0.3023991653595071,-0.4592971915322154,0.6976008346404929,0.4592971915322154,1.0,0.0,-0.001395201669280986,-0.0009185943830644309,0.0006976008346404929,0.0004592971915322155,0.0006976008346404929,0.0004592971915322154,0.0006976008346404929,0.0004592971915322154,0.0006976008346404929,0.0004592971915322154
3,251.1886431509561,0.0,0.2864574583735128,-0.4521057209499788,0.7135425416264871,0.4521057209499787,1.0,0.0,-0.001427085083252974,-0.0009042114418999576,0.0007135425416264872,0.0004521057209499787,0.0007135425416264871,0.0004521057209499787,0.0007135425416264871,0.0004521057209499788,0.0007135425416264871,0.0004521057209499787
3,261.0157215682516,0.0,0.2710296454321081,-0.4444913685653006,0.7289703545678918,0.4444913685653006,1.0,0.0,-0.001457940709135784,-0.0008889827371306011,0.000728970354567892,0.0004444913685653006,0.0007289703545678919,0.0004444913685653006,0.0007289703545678919,0.0004444913685653006,0.000728970354567892,0.0004444913685653007
3,271.2272579332007,0.0,0.2561344709810602,-0.4364969687825022,0.7438655290189397,0.4364969687825021,1.0,0.0,-0.001487731058037879,-0.0008729939375650047,0.0007438655290189397,0.0004364969687825021,0.0007438655290189397,0.0004364969687825021,0.0007438655290189398,0.0004364969687825022,0.0007438655290189396,0.0004364969687825023
3,281.8382931264431,0.0,0.2417863849393175,-0.4281655392453877,0.7582136150606825,0.4281655392453877,1.0,0.0,-0.001516427230121365,-0.0008563310784907754,0.0007582136150606826,0.0004281655392453877,0.0007582136150606825,0.0004281655392453878,0.0007582136150606825,0.0004281655392453878,0.0007582136150606826,0.0004281655392453878
3,292.8644564625213,0.0,0.2279956971611845,-0.4195398184167624,0.7720043028388154,0.4195398184167624,1.0,0.0,-0.001544008605677631,-0.0008390796368335251,0.0007720043028388155,0.0004195398184167624,0.0007720043028388154,0.0004195398184167624,0.0007720043028388155,0.0004195398184167624,0.0007720043028388154,0.0004195398184167626
3,304.3219887107697,0.0,0.2147687818932354,-0.4106618465566667,0.7852312181067646,0.4106618465566668,1.0,0.0,-0.001570462436213529,-0.0008213236931133335,0.0007852312181067646,0.0004106618465566668,0.0007852312181067646,0.0004106618465566668,0.0007852312181067646,0.0004106618465566667,0.0007852312181067647,0.0004106618465566668
3,316.2277660168354,0.0,0.2021083228643807,-0.401572594549638,0.7978916771356194,0.401572594549638,1.0,0.0,-0.001595783354271239,-0.0008031451890992759,0.0007978916771356194,0.000401572594549638,0.0007978916771356194,0.000401572594549638,0.0007978916771356193,0.000401572594549638,0.0007978916771356194,0.0004015725945496379
3,328.5993247600628,0.0,0.1900135896262801,-0.3923116431915012,0.8099864103737199,0.3923116431915012,1.0,0.0,-0.00161997282074744,-0.0007846232863830023,0.0008099864103737199,0.0003923116431915012,0.0008099864103737199,0.0003923116431915012,0.0008099864103737199,0.0003923116431915012,0.0008099864103737199,0.0003923116431915012
3,341.4548873833574,0.0,0.1784807360691108,-0.3829169138616616,0.8215192639308893,0.3829169138616617,1.0,0.0,-0.001643038527861778,-0.0007658338277233233,0.0008215192639308892,0.0003829169138616617,0.0008215192639308892,0.0003829169138616617,0.0008215192639308892,0.0003829169138616616,0.0008215192639308893,0.0003829169138616616
3,354.8133892335725,0.0,0.1675031126119484,-0.3734244500260492,0.8324968873880515,0.3734244500260492,1.0,0.0,-0.001664993774776103,-0.0007468489000520986,0.0008324968873880516,0.0003734244500260492,0.0008324968873880516,0.0003734244500260492,0.0008324968873880517,0.0003734244500260493,0.0008324968873880514,0.0003734244500260494
3,368.6945064519545,0.0,0.1570715843419151,-0.3638682477686612,0.842928415658085,0.3638682477686612,1.0,0.0,-0.00168585683131617,-0.0007277364955373222,0.0008429284156580849,0.0003638682477686612,0.0008429284156580849,0.0003638682477686612,0.0008429284156580848,0.0003638682477686612,0.0008429284156580849,0.0003638682477686609
3,383.1186849557256,0.0,0.1471748482874354,-0.3542801325490971,0.8528251517125645,0.3542801325490971,1.0,0.0,-0.001705650303425129,-0.0007085602650981943,0.0008528251517125645,0.0003542801325490971,0.0008528251517125645,0.0003542801325490971,0.0008528251517125646,0.0003542801325490971,0.0008528251517125645,0.0003542801325490974
3,398.1071705534939,0.0,0.137799743998986,-0.3446896786281828,0.862200256001014,0.3446896786281828,1.0,0.0,-0.001724400512002028,-0.0006893793572563655,0.000862200256001014,0.0003446896786281828,0.000862200256001014,0.0003446896786281829,0.000862200256001014,0.0003446896786281829,0.000862200256001014,0.0003446896786281827
3,413.6820402388472,0.0,0.1289315526235433,-0.3351241670808386,0.8710684473764567,0.3351241670808386,1.0,0.0,-0.001742136894752913,-0.0006702483341616771,0.0008710684473764568,0.0003351241670808386,0.0008710684473764568,0.0003351241670808386,0.0008710684473764568,0.0003351241670808386,0.0008710684473764568,0.0003351241670808384
3,429.8662347082241,0.0,0.1205542806532527,-0.3256085780034511,0.8794457193467474,0.3256085780034511,1.0,0.0,-0.001758891438693495,-0.0006512171560069018,0.0008794457193467475,0.0003256085780034511,0.0008794457193467474,0.0003256085780034511,0.0008794457193467473,0.0003256085780034511,0.0008794457193467475,0.0003256085780034508
3,446.6835921509593,0.0,0.1126509254707233,-0.3161656123953281,0.8873490745292767,0.3161656123953281,1.0,0.0,-0.001774698149058553,-0.0006323312247906564,0.0008873490745292767,0.0003161656123953281,0.0008873490745292767,0.0003161656123953282,0.0008873490745292767,0.0003161656123953282,0.0008873490745292767,0.0003161656123953281
3,464.1588833612739,0.0,0.1052037206780243,-0.3068157392206673,0.8947962793219757,0.3068157392206673,1.0,0.0,-0.001789592558643951,-0.0006136314784413346,0.0008947962793219757,0.0003068157392206674,0.0008947962793219757,0.0003068157392206673,0.0008947962793219757,0.0003068157392206673,0.0008947962793219757,0.0003068157392206674
3,482.3178482239265,0.0,0.09819435996760613,-0.2975772633084697,0.9018056400323937,0.2975772633084697,1.0,0.0,-0.001803611280064788,-0.0005951545266169398,0.0009018056400323937,0.0002975772633084697,0.0009018056400323937,0.0002975772633084697,0.0009018056400323938,0.0002975772633084697,0.0009018056400323938,0.0002975772633084702
3,501.187233627268,0.0,0.09160419896210903,-0.288466409993641,0.9083958010378909,0.2884664099936409,1.0,0.0,-0.001816791602075782,-0.0005769328199872821,0.000908395801037891,0.000288466409993641,0.0009083958010378909,0.000288466409993641,0.000908395801037891,0.000288466409993641,0.0009083958010378907,0.0002884664099936413
3,520.7948328595418,0.0,0.0854144350136084,-0.2794974227160502,0.9145855649863914,0.2794974227160502,1.0,0.0,-0.001829171129972783,-0.0005589948454321008,0.0009145855649863915,0.0002794974227160502,0.0009145855649863914,0.0002794974227160502,0.0009145855649863916,0.0002794974227160502,0.0009145855649863915,0.0002794974227160508
3,541.1695265464589,0.0,0.07960626541346323,-0.2706826701515715,0.9203937345865367,0.2706826701515715,1.0,0.0,-0.001840787469173074,-0.0005413653403031431,0.0009203937345865368,0.0002706826701515716,0.0009203937345865367,0.0002706826701515716,0.0009203937345865367,0.0002706826701515716,0.0009203937345865368,0.0002706826701515717
3,562.3413251903442,0.0,0.07416102482736095,-0.2620327598295993,0.925838975172639,0.2620327598295993,1.0,0.0,-0.001851677950345278,-0.0005240655196591991,0.0009258389751726389,0.0002620327598295993,0.000925838975172639,0.0002620327598295993,0.000925838975172639,0.0002620327598295993,0.0009258389751726389,0.0002620327598295995
3,584.3414133735124,0.0,0.06906030304469787,-0.2535566555783389,0.9309396969553022,0.2535566555783389,1.0,0.0,-0.001861879393910605,-0.0005071133111566777,0.0009309396969553023,0.0002535566555783389,0.0009309396969553023,0.0002535566555783389,0.0009309396969553022,0.0002535566555783389,0.0009309396969553023,0.0002535566555783386
3,607.2021956909831,0.0,0.06428604432692155,-0.2452617965189822,0.9357139556730784,0.2452617965189822,1.0,0.0,-0.001871427911346157,-0.0004905235930379647,0.0009357139556730785,0.0002452617965189822,0.0009357139556730783,0.0002452617965189822,0.0009357139556730785,0.0002452617965189822,0.0009357139556730783,0.0002452617965189825
3,630.9573444801875,0.0,0.05982062976643455,-0.23715421569262,0.9401793702335655,0.23715421569262,1.0,0.0,-0.001880358740467131,-0.0004743084313852397,0.0009401793702335655,0.00023715421569262,0.0009401793702335655,0.00023715421569262,0.0009401793702335655,0.00023715421569262,0.0009401793702335653,0.0002371542156926199
3,655.6418494179729,0.0,0.05564694413674438,-0.2292386567422398,0.9443530558632557,0.2292386567422398,1.0,0.0,-0.001888706111726511,-0.0004584773134844798,0.0009443530558632556,0.0002292386567422398,0.0009443530558632557,0.0002292386567422398,0.0009443530558632556,0.0002292386567422398,0.0009443530558632559,0.0002292386567422395
3,681.2920690579551,0.0,0.05174842873598322,-0.2215186873817649,0.9482515712640167,0.2215186873817649,1.0,0.0,-0.001896503142528034,-0.0004430373747635295,0.0009482515712640167,0.0002215186873817649,0.0009482515712640168,0.0002215186873817649,0.0009482515712640169,0.0002215186873817649,0.0009482515712640168,0.0002215186873817652
3,707.9457843841315,0.0,0.04810912170923957,-0.2139968086621974,0.9518908782907604,0.2139968086621974,1.0,0.0,-0.001903781756581521,-0.0004279936173243954,0.0009518908782907604,0.0002139968086621974,0.0009518908782907604,0.0002139968086621974,0.0009518908782907605,0.0002139968086621974,0.0009518908782907605,0.0002139968086621978
3,735.6422544596346,0.0,0.04471368728894072,-0.2066745592906092,0.9552863127110593,0.2066745592906092,1.0,0.0,-0.001910572625422119,-0.0004133491185812181,0.0009552863127110593,0.0002066745592906092,0.0009552863127110594,0.0002066745592906092,0.0009552863127110593,0.0002066745592906092,0.0009552863127110593,0.0002066745592906089
3,764.4222742525932,0.0,0.04154743532437912,-0.199552614471336,0.9584525646756209,0.199552614471336,1.0,0.0,-0.001916905129351242,-0.0003991052289426724,0.000958452564675621,0.000199552614471336,0.0009584525646756209,0.000199552614471336,0.0009584525646756209,0.000199552614471336,0.0009584525646756209,0.0001995526144713359
3,794.3282347242741,0.0,0.03859633238788759,-0.1926308789215563,0.9614036676121124,0.1926308789215563,1.0,0.0,-0.001922807335224225,-0.0003852617578431125,0.0009614036676121124,0.0001926308789215563,0.0009614036676121124,0.0001926308789215563,0.0009614036676121124,0.0001926308789215563,0.0009614036676121124,0.0001926308789215565
3,825.4041852680107,0.0,0.03584700565161485,-0.1859085738674469,0.9641529943483852,0.1859085738674468,1.0,0.0,-0.00192830598869677,-0.0003718171477348937,0.0009641529943483852,0.0001859085738674468,0.0009641529943483852,0.0001859085738674468,0.0009641529943483852,0.0001859085738674469,0.0009641529943483851,0.0001859085738674466
3,857.695898590886,0.0,0.03328674062981812,-0.1793843179546677,0.9667132593701819,0.1793843179546678,1.0,0.0,-0.001933426518740364,-0.0003587686359093354,0.0009667132593701819,0.0001793843179546678,0.0009667132593701819,0.0001793843179546678,0.0009667132593701819,0.0001793843179546678,0.0009667132593701821,0.0001793843179546675
3,891.2509381337371,0.0,0.03090347378067955,-0.1730562021106623,0.9690965262193204,0.1730562021106623,1.0,0.0,-0.001938193052438641,-0.0003461124042213248,0.0009690965262193204,0.0001730562021106623,0.0009690965262193204,0.0001730562021106623,0.0009690965262193204,0.0001730562021106623,0.0009690965262193204,0.0001730562021106625
3,926.1187281287847,0.0,0.02868578086167127,-0.1669218584788327,0.9713142191383288,0.1669218584788327,1.0,0.0,-0.001942628438276658,-0.0003338437169576646,0.0009713142191383288,0.0001669218584788327,0.0009713142191383288,0.0001669218584788327,0.0009713142191383287,0.0001669218584788327,0.0009713142191383288,0.0001669218584788321
3,962.3506263980794,0.0,0.02662286183556647,-0.1609785236087436,0.9733771381644335,0.1609785236087435,1.0,0.0,-0.001946754276328867,-0.0003219570472174872,0.0009733771381644335,0.0001609785236087435,0.0009733771381644335,0.0001609785236087435,0.0009733771381644335,0.0001609785236087436,0.0009733771381644334,0.0001609785236087438
3,999.9999999999903,0.0,0.02470452303185811,-0.1552230961346491,0.975295476968142,0.1552230961346491,1.0,0.0,-0.001950590953936284,-0.0003104461922692975,0.000975295476968142,0.0001552230961346491,0.000975295476968142,0.0001552230961346491,0.0009752954769681419,0.0001552230961346491,0.000975295476968142,0.0001552230961346483
3,1039.122303835159,0.0,0.02292115718165511,-0.1496521892092093,0.9770788428183449,0.1496521892092093,1.0,0.0,-0.00195415768563669,-0.0002993043784184184,0.000977078842818345,0.0001496521892092093,0.000977078842818345,0.0001496521892092093,0.000977078842818345,0.0001496521892092093,0.000977078842818345,0.0001496521892092093
3,1079.775162327699,0.0,0.02126372186373925,-0.1442621779824524,0.9787362781362607,0.1442621779824525,1.0,0.0,-0.001957472556272522,-0.0002885243559649052,0.0009787362781362608,0.0001442621779824525,0.0009787362781362608,0.0001442621779824525,0.0009787362781362608,0.0001442621779824524,0.000978736278136261,0.0001442621779824525
3,1122.018454301952,0.0,0.01972371682572139,-0.1390492424297959,0.9802762831742786,0.1390492424297959,1.0,0.0,-0.001960552566348557,-0.0002780984848595918,0.0009802762831742787,0.0001390492424297959,0.0009802762831742787,0.0001390492424297959,0.0009802762831742787,0.0001390492424297959,0.0009802762831742787,0.0001390492424297958
3,1165.91440117982,0.0,0.0182931605772294,-0.1340094058390123,0.9817068394227705,0.1340094058390122,1.0,0.0,-0.001963413678845541,-0.0002680188116780261,0.0009817068394227706,0.0001340094058390123,0.0009817068394227706,0.0001340094058390123,0.0009817068394227706,0.0001340094058390123,0.0009817068394227704,0.0001340094058390131
3,1211.527658628577,0.0,0.01696456659169951,-0.1291385692659451,0.9830354334083005,0.1291385692659451,1.0,0.0,-0.001966070866816601,-0.0002582771385318903,0.0009830354334083005,0.0001291385692659451,0.0009830354334083005,0.0001291385692659451,0.0009830354334083005,0.0001291385692659451,0.0009830354334083005,0.0001291385692659453
3,1258.925411794155,0.0,0.0157309193993932,-0.1244325422638427,0.9842690806006068,0.1244325422638427,1.0,0.0,-0.001968538161201214,-0.0002488650845276852,0.0009842690806006068,0.0001244325422638427,0.0009842690806006068,0.0001244325422638427,0.0009842690806006068,0.0001244325422638427,0.0009842690806006068,0.0001244325422638426
3,1308.177474260181,0.0,0.01458565080639883,-0.1198870701825373,0.9854143491936012,0.1198870701825373,1.0,0.0,-0.001970828698387202,-0.0002397741403650754,0.0009854143491936011,0.0001198870701825373,0.0009854143491936011,0.0001198870701825373,0.0009854143491936011,0.0001198870701825373,0.0009854143491936011,0.0001198870701825374
3,1359.356390878512,0.0,0.01352261643220634,-0.1154978583222813,0.9864773835677937,0.1154978583222813,1.0,0.0,-0.001972954767135588,-0.0002309957166445609,0.0009864773835677938,0.0001154978583222813,0.0009864773835677938,0.0001154978583222813,0.0009864773835677938,0.0001154978583222813,0.0009864773835677936,0.0001154978583222811
3,1412.53754462274,0.0,0.01253607272153684,-0.1112605932136674,0.9874639272784631,0.1112605932136674,1.0,0.0,-0.001974927854556927,-0.0002225211864273352,0.000987463927278463,0.0001112605932136674,0.000987463927278463,0.0001112605932136675,0.000987463927278463,0.0001112605932136674,0.0009874639272784633,0.0001112605932136679
3,1467.799267622055,0.0,0.01162065455401967,-0.1071709612803571,0.9883793454459804,0.1071709612803571,1.0,0.0,-0.001976758690891961,-0.0002143419225607134,0.0009883793454459804,0.0001071709612803572,0.0009883793454459804,0.0001071709612803571,0.0009883793454459804,0.0001071709612803571,0.0009883793454459804,0.0001071709612803567
3,1525.222956539003,0.0,0.0107713535475922,-0.1032246651258553,0.9892286464524078,0.1032246651258553,1.0,0.0,-0.001978457292904816,-0.0002064493302517106,0.0009892286464524079,0.0001032246651258553,0.0009892286464524079,0.0001032246651258553,0.0009892286464524079,0.0001032246651258553,0.0009892286464524079,0.0001032246651258551
3,1584.893192461097,0.0,0.009983497127713148,-0.09941743766972719,0.9900165028722868,0.09941743766972719,1.0,0.0,-0.001980033005744574,-0.0001988348753394556,0.0009900165028722868,9.941743766972719e-05,0.0009900165028722868,9.941743766972719e-05,0.0009900165028722868,9.941743766972719e-05,0.0009900165028722868,9.941743766972751e-05
3,1646.897865482852,0.0,0.0092527284142117,-0.09574505434279379,0.9907472715857881,0.0957450543427938,1.0,0.0,-0.001981494543171577,-0.0001914901086855891,0.000990747271585788,9.574505434279381e-05,0.000990747271585788,9.57450543427938e-05,0.0009907472715857883,9.574505434279379e-05,0.0009907472715857883,9.574505434279562e-05
3,1711.328304161763,0.0,0.008574986960447695,-0.09220334353523113,0.9914250130395523,0.09220334353523113,1.0,0.0,-0.001982850026079105,-0.0001844066870704611,0.0009914250130395523,9.220334353523112e-05,0.0009914250130395523,9.220334353523113e-05,0.0009914250130395523,9.220334353523113e-05,0.0009914250130395523,9.220334353523087e-05
3,1778.279410038904,0.0,0.00794649036506467,-0.08878819547632784,0.9920535096349353,0.08878819547632784,1.0,0.0,-0.001984107019269871,-0.0001775763909526544,0.0009920535096349353,8.878819547632785e-05,0.0009920535096349353,8.878819547632784e-05,0.0009920535096349353,8.878819547632784e-05,0.0009920535096349353,8.878819547632788e-05
3,1847.849797422272,0.0,0.007363716764641101,-0.08549556971008056,0.9926362832353589,0.08549556971008057,1.0,0.0,-0.001985272566470718,-0.0001709911394201617,0.0009926362832353589,8.549556971008056e-05,0.0009926362832353589,8.549556971008058e-05,0.0009926362832353589,8.549556971008056e-05,0.000992636283235359,8.549556971008047e-05
3,1920.141938638781,0.0,0.006823388205677132,-0.08232150131692059,0.9931766117943228,0.08232150131692058,1.0,0.0,-0.001986353223588646,-0.0001646430026338418,0.0009931766117943228,8.232150131692059e-05,0.0009931766117943228,8.232150131692058e-05,0.0009931766117943228,8.232150131692059e-05,0.0009931766117943228,8.23215013169212e-05
3,1995.262314968858,0.0,0.006322454886315832,-0.07926210601874223,0.9936775451136842,0.07926210601874223,1.0,0.0,-0.001987355090227368,-0.0001585242120374832,0.0009936775451136841,7.926210601874223e-05,0.0009936775451136843,7.926210601874223e-05,0.0009936775451136841,7.926210601874223e-05,0.0009936775451136841,7.926210601874153e-05
3,2073.321573485933,0.0,0.005858080251739873,-0.0763135842920777,0.9941419197482602,0.0763135842920777,1.0,0.0,-0.00198828383949652,-0.000152627168584156,0.0009941419197482602,7.63135842920777e-05,0.0009941419197482602,7.63135842920777e-05,0.0009941419197482602,7.63135842920777e-05,0.0009941419197482602,7.631358429207726e-05
3,2154.434690031861,0.0,0.005427626922082963,-0.07347222460275477,0.9945723730779171,0.07347222460275477,1.0,0.0,-0.001989144746155834,-0.0001469444492055074,0.000994572373077917,7.347222460275477e-05,0.000994572373077917,7.347222460275476e-05,0.000994572373077917,7.347222460275476e-05,0.000994572373077917,7.347222460275357e-05
3,2238.721138568315,0.0,0.005028643427752263,-0.07073440586467655,0.9949713565722479,0.07073440586467655,1.0,0.0,-0.001989942713144495,-0.0001414688117293509,0.000994971356572248,7.073440586467655e-05,0.000994971356572248,7.073440586467656e-05,0.0009949713565722477,7.073440586467656e-05,0.000994971356572248,7.07344058646744e-05
3,2326.305067153601,0.0,0.004658851724099312,-0.06809659921546868,0.9953411482759006,0.06809659921546868,1.0,0.0,-0.001990682296551801,-0.0001361931984309398,0.0009953411482759007,6.809659921546867e-05,0.0009953411482759005,6.809659921546867e-05,0.0009953411482759007,6.809659921546867e-05,0.0009953411482759007,6.809659921547012e-05
3,2417.315480804078,0.0,0.004316135455248296,-0.06555536919261644,0.9956838645447518,0.06555536919261644,1.0,0.0,-0.001991367729089504,-0.0001311107383852317,0.0009956838645447518,6.555536919261644e-05,0.0009956838645447518,6.555536919261644e-05,0.0009956838645447518,6.555536919261644e-05,0.0009956838645447518,6.55553691926154e-05
3,2511.886431509553,0.0,0.003998528935458769,-0.06310737438533684,0.9960014710645413,0.06310737438533684,1.0,0.0,-0.001992002942129083,-0.0001262147487706734,0.0009960014710645414,6.310737438533684e-05,0.0009960014710645414,6.310737438533684e-05,0.0009960014710645412,6.310737438533684e-05,0.0009960014710645414,6.310737438533593e-05
3,2610.157215682508,0.0,0.003704206815548025,-0.06074936762975951,0.996295793184452,0.06074936762975951,1.0,0.0,-0.001992591586368904,-0.0001214987352595176,0.000996295793184452,6.074936762975952e-05,0.000996295793184452,6.074936762975952e-05,0.000996295793184452,6.074936762975952e-05,0.000996295793184452,6.074936762975828e-05
3,2712.272579331998,0.0,0.003431474401525105,-0.05847819580798285,0.9965685255984749,0.05847819580798285,1.0,0.0,-0.00199313705119695,-0.0001169563916159667,0.0009965685255984749,5.847819580798285e-05,0.0009965685255984749,5.847819580798285e-05,0.0009965685255984749,5.847819580798285e-05,0.0009965685255984749,5.847819580798338e-05
3,2818.382931264422,0.0,0.003178758592607547,-0.0562907993051926,0.9968212414073924,0.05629079930519259,1.0,0.0,-0.001993642482814785,-0.0001125815986103874,0.0009968212414073925,5.629079930519259e-05,0.0009968212414073923,5.629079930519259e-05,0.0009968212414073925,5.62907993051926e-05,0.0009968212414073923,5.629079930519411e-05
3,2928.644564625204,0.0,0.002944599406127763,-0.05418421117323011,0.9970554005938721,0.05418421117323011,1.0,0.0,-0.001994110801187745,-0.0001083684223464644,0.0009970554005938723,5.418421117323012e-05,0.000997055400593872,5.418421117323012e-05,0.0009970554005938723,5.418421117323012e-05,0.0009970554005938723,5.418421117323266e-05
3,3043.219887107688,0.0,0.002727642057425195,-0.05215555604374054,0.9972723579425748,0.05215555604374053,1.0,0.0,-0.00199454471588515,-0.000104311112087481,0.0009972723579425749,5.215555604374054e-05,0.0009972723579425749,5.215555604374053e-05,0.0009972723579425749,5.215555604374054e-05,0.0009972723579425747,5.215555604373968e-05
3,3162.277660168344,0.0,0.002526629563608238,-0.05020204882927129,0.9974733704363916,0.05020204882927129,1.0,0.0,-0.001994946740872783,-0.0001004040976585428,0.0009974733704363917,5.020204882927129e-05,0.0009974733704363917,5.020204882927129e-05,0.0009974733704363917,5.020204882927129e-05,0.0009974733704363917,5.020204882927419e-05
3,3285.993247600617,0.0,0.002340395841010706,-0.04832099324639432,0.9976596041589894,0.04832099324639432,1.0,0.0,-0.001995319208317978,-9.664198649278824e-05,0.0009976596041589892,4.832099324639432e-05,0.0009976596041589895,4.832099324639432e-05,0.0009976596041589892,4.832099324639432e-05,0.0009976596041589892,4.832099324639307e-05
3,3414.548873833563,0.0,0.002167859267222079,-0.04650978019104797,0.9978321407327778,0.04650978019104797,1.0,0.0,-0.001995664281465556,-9.30195603820981e-05,0.000997832140732778,4.650978019104796e-05,0.0009978321407327778,4.650978019104797e-05,0.000997832140732778,4.650978019104797e-05,0.000997832140732778,4.65097801910502e-05
3,3548.133892335714,0.0,0.002008016679706822,-0.04476588599280529,0.9979919833202932,0.04476588599280529,1.0,0.0,-0.001995983966640586,-8.953177198561119e-05,0.0009979919833202932,4.476588599280529e-05,0.0009979919833202932,4.476588599280529e-05,0.0009979919833202932,4.476588599280529e-05,0.0009979919833202932,4.476588599280587e-05
3,3686.945064519533,0.0,0.00185993778421827,-0.04308687057163826,0.9981400622157818,0.04308687057163826,1.0,0.0,-0.001996280124431564,-8.617374114327364e-05,0.0009981400622157818,4.308687057163826e-05,0.0009981400622157818,4.308687057163826e-05,0.0009981400622157818,4.308687057163826e-05,0.0009981400622157818,4.30868705716372e-05
3,3831.186849557243,0.0,0.00172275994743475,-0.04147037551793165,0.9982772400525652,0.04147037551793165,1.0,0.0,-0.00199655448010513,-8.294075103586207e-05,0.0009982772400525654,4.147037551793165e-05,0.0009982772400525652,4.147037551793165e-05,0.0009982772400525652,4.147037551793165e-05,0.0009982772400525654,4.147037551793188e-05
3,3981.071705534926,0.0,0.001595683349481205,-0.03991412211397606,0.9984043166505189,0.03991412211397607,1.0,0.0,-0.001996808633301038,-7.98282442279509e-05,0.0009984043166505188,3.991412211397607e-05,0.000998404316650519,3.991412211397607e-05,0.0009984043166505188,3.991412211397606e-05,0.000998404316650519,3.991412211397408e-05
3,4136.820402388459,0.0,0.001477966473233825,-0.03841590931291126,0.9985220335267662,0.03841590931291126,1.0,0.0,-0.001997044067053532,-7.68318186258228e-05,0.0009985220335267662,3.841590931291125e-05,0.0009985220335267662,3.841590931291126e-05,0.0009985220335267662,3.841590931291126e-05,0.0009985220335267662,3.84159093129116e-05
3,4298.662347082227,0.0,0.001368921908525813,-0.03697361168907051,0.9986310780914743,0.03697361168907051,1.0,0.0,-0.001997262156182949,-7.394722337813672e-05,0.0009986310780914745,3.697361168907052e-05,0.0009986310780914743,3.697361168907052e-05,0.0009986310780914743,3.697361168907052e-05,0.0009986310780914745,3.697361168906655e-05
3,4466.835921509579,0.0,0.001267912450570088,-0.03558517737187462,0.99873208754943,0.03558517737187462,1.0,0.0,-0.00199746417509886,-7.117035474374714e-05,0.00099873208754943,3.558517737187462e-05,0.00099873208754943,3.558517737187462e-05,0.00099873208754943,3.558517737187462e-05,0.00099873208754943,3.558517737187238e-05
3,4641.588833612725,0.0,0.001174347473081934,-0.03424862597381682,0.9988256525269181,0.03424862597381682,1.0,0.0,-0.001997651305053836,-6.849725194763359e-05,0.0009988256525269182,3.424862597381682e-05,0.0009988256525269182,3.424862597381682e-05,0.000998825652526918,3.424862597381682e-05,0.0009988256525269182,3.424862597381499e-05
3,4823.178482239249,0.0,0.001087679557715603,-0.03296204652164867,0.9989123204422845,0.03296204652164866,1.0,0.0,-0.001997824640884569,-6.592409304329375e-05,0.0009989123204422847,3.296204652164866e-05,0.0009989123204422845,3.296204652164866e-05,0.0009989123204422845,3.296204652164867e-05,0.0009989123204422845,3.296204652164533e-05
3,5011.872336272663,0.0,0.00100740136251957,-0.03172359539860455,0.9989925986374805,0.03172359539860455,1.0,0.0,-0.001997985197274961,-6.344719079720562e-05,0.0009989925986374805,3.172359539860455e-05,0.0009989925986374805,3.172359539860455e-05,0.0009989925986374805,3.172359539860455e-05,0.0009989925986374805,3.17235953986034e-05
3,5207.948328595401,0.0,0.00093304271316255,-0.03053149430437305,0.9990669572868374,0.03053149430437305,1.0,0.0,-0.001998133914573675,-6.106298860875103e-05,0.0009990669572868375,3.053149430437306e-05,0.0009990669572868373,3.053149430437306e-05,0.0009990669572868375,3.053149430437306e-05,0.0009990669572868375,3.053149430437584e-05
3,5411.695265464572,0.0,0.000864167901684496,-0.02938402823852091,0.9991358320983155,0.02938402823852091,1.0,0.0,-0.001998271664196631,-5.876805647704597e-05,0.0009991358320983156,2.938402823852091e-05,0.0009991358320983156,2.938402823852091e-05,0.0009991358320983156,2.938402823852091e-05,0.0009991358320983156,2.938402823852212e-05
3,5623.413251903423,0.0,0.0008003731784826112,-0.02827954351218875,0.9991996268215174,0.02827954351218875,1.0,0.0,-0.001998399253643035,-5.655908702437151e-05,0.0009991996268215175,2.827954351218875e-05,0.0009991996268215175,2.827954351218875e-05,0.0009991996268215175,2.827954351218875e-05,0.0009991996268215173,2.827954351218775e-05
3,5843.414133735106,0.0,0.0007412844241514543,-0.02721644579209351,0.9992587155758484,0.02721644579209351,1.0,0.0,-0.001998517431151697,-5.443289158418851e-05,0.0009992587155758486,2.721644579209352e-05,0.0009992587155758484,2.721644579209352e-05,0.0009992587155758486,2.721644579209352e-05,0.0009992587155758486,2.721644579209725e-05
3,6072.021956909812,0.0,0.0006865549886586618,-0.02619319818018048,0.9993134450113413,0.02619319818018048,1.0,0.0,-0.001998626890022683,-5.238639636036269e-05,0.0009993134450113415,2.619319818018048e-05,0.0009993134450113413,2.619319818018048e-05,0.0009993134450113413,2.619319818018048e-05,0.0009993134450113415,2.619319818018044e-05
3,6309.573444801856,0.0,0.000635863686154186,-0.02520831933165748,0.9993641363138458,0.02520831933165748,1.0,0.0,-0.001998728272627692,-5.041663866331425e-05,0.0009993641363138458,2.520831933165748e-05,0.0009993641363138458,2.520831933165748e-05,0.0009993641363138458,2.520831933165748e-05,0.0009993641363138458,2.520831933165817e-05
3,6556.418494179708,0.0,0.0005889129344823256,-0.02426038161360874,0.9994110870655176,0.02426038161360874,1.0,0.0,-0.001998822174131035,-4.852076322722082e-05,0.0009994110870655177,2.426038161360874e-05,0.0009994110870655177,2.426038161360874e-05,0.0009994110870655177,2.426038161360874e-05,0.0009994110870655177,2.426038161361087e-05
3,6812.920690579529,0.0,0.0005454270291932109,-0.02334800930591378,0.9994545729708068,0.02334800930591378,1.0,0.0,-0.001998909145941614,-4.669601861183315e-05,0.0009994545729708067,2.334800930591378e-05,0.0009994545729708067,2.334800930591378e-05,0.0009994545729708067,2.334800930591378e-05,0.000999454572970807,2.334800930591529e-05
3,7079.457843841292,0.0,0.0005051505425353995,-0.02246987684578568,0.9994948494574646,0.02246987684578568,1.0,0.0,-0.001998989698914929,-4.493975369157521e-05,0.0009994948494574645,2.246987684578569e-05,0.0009994948494574645,2.246987684578569e-05,0.0009994948494574645,2.246987684578569e-05,0.0009994948494574645,2.246987684578639e-05
3,7356.422544596322,0.0,0.0004678468385553089,-0.02162470711688283,0.9995321531614446,0.02162470711688283,1.0,0.0,-0.001999064306322889,-4.324941423376749e-05,0.0009995321531614447,2.162470711688282e-05,0.0009995321531614447,2.162470711688283e-05,0.0009995321531614447,2.162470711688283e-05,0.0009995321531614447,2.162470711688638e-05
3,7644.222742525907,0.0,0.0004332966960339858,-0.02081126978363386,0.999566703303966,0.02081126978363386,1.0,0.0,-0.001999133406607932,-4.162253956727091e-05,0.0009995667033039662,2.081126978363386e-05,0.000999566703303966,2.081126978363386e-05,0.000999566703303966,2.081126978363386e-05,0.000999566703303966,2.081126978363359e-05
3,7943.282347242715,0.0,0.0004012970315590404,-0.0200283796711442,0.999598702968441,0.0200283796711442,1.0,0.0,-0.001999197405936882,-4.005675934228708e-05,0.000999598702968441,2.00283796711442e-05,0.000999598702968441,2.00283796711442e-05,0.000999598702968441,2.00283796711442e-05,0.000999598702968441,2.00283796711422e-05
3,8254.04185268008,0.0,0.0003716597155611052,-0.0192748951908158,0.9996283402844389,0.0192748951908158,1.0,0.0,-0.001999256680568878,-3.854979038163397e-05,0.0009996283402844389,1.92748951908158e-05,0.0009996283402844389,1.92748951908158e-05,0.0009996283402844389,1.92748951908158e-05,0.0009996283402844389,1.927489519081445e-05
3,8576.958985908834,0.0,0.0003442104746417346,-0.01854971681160878,0.9996557895253583,0.01854971681160878,1.0,0.0,-0.001999311579050716,-3.709943362321944e-05,0.0009996557895253582,1.854971681160879e-05,0.0009996557895253582,1.854971681160879e-05,0.0009996557895253582,1.854971681160878e-05,0.0009996557895253584,1.854971681160834e-05
3,8912.509381337342,0.0,0.0003187878739850399,-0.01785178557669904,0.999681212126015,0.01785178557669904,1.0,0.0,-0.00199936242425203,-3.570357115339345e-05,0.000999681212126015,1.785178557669905e-05,0.000999681212126015,1.785178557669904e-05,0.000999681212126015,1.785178557669904e-05,0.000999681212126015,1.785178557669583e-05
3,9261.187281287817,0.0,0.0002952423740802197,-0.01718008166513673,0.9997047576259198,0.01718008166513673,1.0,0.0,-0.00199940951525184,-3.436016333027009e-05,0.0009997047576259198,1.718008166513673e-05,0.0009997047576259198,1.718008166513673e-05,0.0009997047576259198,1.718008166513673e-05,0.0009997047576259198,1.718008166513468e-05
3,9623.506263980764,0.0,0.0002734354563882728,-0.01653362299798391,0.9997265645436119,0.01653362299798391,1.0,0.0,-0.001999453129087224,-3.306724599596439e-05,0.0009997265645436118,1.653362299798391e-05,0.000999726564543612,1.653362299798391e-05,0.0009997265645436118,1.653362299798391e-05,0.0009997265645436118,1.653362299797577e-05
3,9999.99999999987,0.0,0.0002532388129651665,-0.01591146388830313,0.9997467611870346,0.01591146388830313,1.0,0.0,-0.00199949352237407,-3.182292777660634e-05,0.0009997467611870348,1.591146388830313e-05,0.0009997467611870348,1.591146388830313e-05,0.000999746761187035,1.591146388830313e-05,0.0009997467611870348,1.59114638883147e-05
3,10391.22303835156,0.0,0.0002345335954072127,-0.01531269373427935,0.9997654664045927,0.01531269373427935,1.0,0.0,-0.001999530932809185,-3.062538746856358e-05,0.0009997654664045928,1.531269373427935e-05,0.0009997654664045928,1.531269373427935e-05,0.0009997654664045928,1.531269373427935e-05,0.0009997654664045926,1.531269373428245e-05
3,10797.75162327696,0.0,0.0002172097188138837,-0.01473643575468426,0.999782790281186,0.01473643575468426,1.0,0.0,-0.001999565580562372,-2.947287150938116e-05,0.000999782790281186,1.473643575468426e-05,0.000999782790281186,1.473643575468426e-05,0.000999782790281186,1.473643575468426e-05,0.000999782790281186,1.473643575469243e-05
3,11220.18454301949,0.0,0.0002011652167702692,-0.01418184576583143,0.9997988347832298,0.01418184576583143,1.0,0.0,-0.00199959766956646,-2.836369153165486e-05,0.0009997988347832298,1.418184576583144e-05,0.0009997988347832298,1.418184576583144e-05,0.0009997988347832298,1.418184576583144e-05,0.0009997988347832298,1.418184576582377e-05
3,11659.14401179817,0.0,0.0001863056436372403,-0.01364811099912326,0.9998136943563628,0.01364811099912326,1.0,0.0,-0.001999627388712726,-2.729622199823534e-05,0.0009998136943563628,1.364811099912326e-05,0.0009998136943563628,1.364811099912326e-05,0.0009998136943563628,1.364811099912326e-05,0.0009998136943563628,1.364811099912007e-05
3,12115.27658628572,0.0,0.0001725435207034671,-0.01313444895825213,0.9998274564792965,0.01313444895825213,1.0,0.0,-0.001999654912958593,-2.626889791651488e-05,0.0009998274564792964,1.313444895825213e-05,0.0009998274564792964,1.313444895825213e-05,0.0009998274564792964,1.313444895825213e-05,0.0009998274564792964,1.313444895825503e-05
3,12589.25411794151,0.0,0.0001597978230010223,-0.01264010631509033,0.999840202176999,0.01264010631509033,1.0,0.0,-0.001999680404353998,-2.528021263017988e-05,0.000999840202176999,1.264010631509033e-05,0.000999840202176999,1.264010631509033e-05,0.000999840202176999,1.264010631509033e-05,0.000999840202176999,1.264010631508997e-05
3,13081.77474260177,0.0,0.0001479935038165905,-0.0121643578432821,0.9998520064961834,0.0121643578432821,1.0,0.0,-0.001999704012992367,-2.43287156865557e-05,0.0009998520064961834,1.21643578432821e-05,0.0009998520064961834,1.21643578432821e-05,0.0009998520064961834,1.21643578432821e-05,0.0009998520064961834,1.216435784327933e-05
3,13593.56390878508,0.0,0.0001370610541444233,-0.01170650538853761,0.9998629389458555,0.01170650538853761,1.0,0.0,-0.001999725877891711,-2.341301077707358e-05,0.0009998629389458555,1.170650538853761e-05,0.0009998629389458555,1.170650538853761e-05,0.0009998629389458555,1.170650538853761e-05,0.0009998629389458555,1.17065053885408e-05
3,14125.37544622736,0.0,0.0001269360945262181,-0.01126587687462119,0.9998730639054739,0.01126587687462119,1.0,0.0,-0.001999746127810948,-2.253175374923588e-05,0.0009998730639054739,1.126587687462119e-05,0.0009998730639054739,1.126587687462119e-05,0.0009998730639054739,1.126587687462119e-05,0.0009998730639054739,1.126587687460854e-05
3,14677.9926762205,0.0,0.0001175589969080551,-0.01084182534402307,0.9998824410030919,0.01084182534402307,1.0,0.0,-0.001999764882006184,-2.168365068805356e-05,0.000999882441003092,1.084182534402307e-05,0.0009998824410030918,1.084182534402307e-05,0.000999882441003092,1.084182534402307e-05,0.000999882441003092,1.084182534402991e-05
3,15252.22956538999,0.0,0.0001088745343163591,-0.01043372803230641,0.9998911254656837,0.01043372803230641,1.0,0.0,-0.001999782250931367,-2.086745606461049e-05,0.0009998911254656838,1.043372803230641e-05,0.0009998911254656838,1.043372803230641e-05,0.0009998911254656836,1.043372803230641e-05,0.0009998911254656838,1.043372803230021e-05
3,15848.93192461092,0.0,0.0001008315563144518,-0.01004098547512658,0.9998991684436856,0.01004098547512658,1.0,0.0,-0.001999798336887371,-2.0081970950242e-05,0.0009998991684436857,1.004098547512658e-05,0.0009998991684436857,1.004098547512658e-05,0.0009998991684436855,1.004098547512658e-05,0.0009998991684436855,1.004098547511658e-05
3,16468.97865482846,0.0,9.338268834946527e-05,-0.009663020646929298,0.9999066173116505,0.009663020646929298,1.0,0.0,-0.001999813234623301,-1.932604129387117e-05,0.0009999066173116506,9.663020646929298e-06,0.0009999066173116506,9.663020646929298e-06,0.0009999066173116506,9.663020646929298e-06,0.0009999066173116506,9.663020646929139e-06
3,17113.28304161757,0.0,8.64840532369834e-05,-0.00929927813034534,0.9999135159467629,0.00929927813034534,1.0,0.0,-0.001999827031893526,-1.859855626069884e-05,0.000999913515946763,9.299278130345339e-06,0.000999913515946763,9.29927813034534e-06,0.000999913515946763,9.29927813034534e-06,0.000999913515946763,9.299278130355639e-06
3,17782.79410038899,0.0,8.009501315849737e-05,-0.008949223315314269,0.9999199049868415,0.008949223315314269,1.0,0.0,-0.001999839809973683,-1.789844663063755e-05,0.0009999199049868415,8.94922331531427e-06,0.0009999199049868415,8.94922331531427e-06,0.0009999199049868415,8.94922331531427e-06,0.0009999199049868415,8.949223315318145e-06
3,18478.49797422266,0.0,7.417793066530191e-05,-0.008612341626985319,0.9999258220693346,0.008612341626985319,1.0,0.0,-0.001999851644138669,-1.722468325397741e-05,0.0009999258220693347,8.612341626985318e-06,0.0009999258220693345,8.612341626985318e-06,0.0009999258220693347,8.612341626985318e-06,0.0009999258220693347,8.612341627001607e-06
3,19201.41938638775,0.0,6.869794729244822e-05,-0.008288137781461286,0.9999313020527075,0.008288137781461287,1.0,0.0,-0.001999862604105415,-1.657627556292396e-05,0.0009999313020527074,8.288137781461287e-06,0.0009999313020527076,8.288137781461288e-06,0.0009999313020527076,8.288137781461287e-06,0.0009999313020527076,8.288137781464294e-06
3,19952.62314968852,0.0,6.36227784884265e-05,-0.007976135068470438,0.9999363772215116,0.007976135068470438,1.0,0.0,-0.001999872754443023,-1.595227013695411e-05,0.0009999363772215117,7.976135068470437e-06,0.0009999363772215117,7.976135068470439e-06,0.0009999363772215115,7.976135068470439e-06,0.0009999363772215117,7.97613506846339e-06
3,20733.21573485926,0.0,5.892252366091741e-05,-0.007675874660071178,0.999941077476339,0.007675874660071179,1.0,0.0,-0.001999882154952678,-1.535174932015826e-05,0.000999941077476339,7.67587466007118e-06,0.000999941077476339,7.67587466007118e-06,0.0009999410774763392,7.67587466007118e-06,0.0009999410774763392,7.675874660084576e-06
3,21544.34690031854,0.0,5.456949022676629e-05,-0.007386914944515246,0.9999454305097731,0.007386914944515246,1.0,0.0,-0.001999890861019546,-1.477382988904208e-05,0.0009999454305097731,7.386914944515245e-06,0.0009999454305097731,7.386914944515246e-06,0.0009999454305097734,7.386914944515246e-06,0.0009999454305097731,7.386914944528393e-06
3,22387.21138568308,0.0,5.053803063577499e-05,-0.00710883088441654,0.9999494619693643,0.00710883088441654,1.0,0.0,-0.001999898923938728,-1.421766176881722e-05,0.0009999494619693642,7.10883088441654e-06,0.0009999494619693642,7.108830884416541e-06,0.0009999494619693642,7.108830884416541e-06,0.0009999494619693642,7.108830884406703e-06
3,23263.05067153593,0.0,4.680439141342899e-05,-0.006841213398394572,0.9999531956085865,0.006841213398394572,1.0,0.0,-0.001999906391217173,-1.368242679677945e-05,0.0009999531956085867,6.841213398394572e-06,0.0009999531956085867,6.841213398394572e-06,0.0009999531956085867,6.841213398394572e-06,0.0009999531956085867,6.841213398400361e-06
3,24173.1548080407,0.0,4.334657333770916e-05,-0.006583668765383708,0.9999566534266623,0.006583668765383708,1.0,0.0,-0.001999913306853325,-1.316733753076171e-05,0.0009999566534266624,6.583668765383708e-06,0.0009999566534266624,6.583668765383708e-06,0.0009999566534266624,6.583668765383708e-06,0.0009999566534266624,6.583668765383882e-06
3,25118.86431509545,0.0,4.014420193006614e-05,-0.006335818050821657,0.99995985579807,0.006335818050821658,1.0,0.0,-0.00199991971159614,-1.267163610163546e-05,0.0009999598557980701,6.335818050821657e-06,0.0009999598557980701,6.335818050821658e-06,0.00099995985579807,6.335818050821657e-06,0.0009999598557980701,6.335818050810029e-06
3,26101.572156825,0.0,3.717840750083175e-05,-0.006097296553953027,0.9999628215924993,0.006097296553953027,1.0,0.0,-0.001999925643184999,-1.219459310788928e-05,0.0009999628215924994,6.097296553953026e-06,0.0009999628215924994,6.097296553953027e-06,0.0009999628215924992,6.097296553953027e-06,0.0009999628215924994,6.097296553935754e-06
3,27122.7257933199,0.0,3.443171404514437e-05,-0.005867753275506075,0.9999655682859548,0.005867753275506075,1.0,0.0,-0.00199993113657191,-1.173550655103606e-05,0.0009999655682859548,5.867753275506076e-06,0.0009999655682859548,5.867753275506075e-06,0.0009999655682859548,5.867753275506075e-06,0.0009999655682859548,5.86775327550836e-06
3,28183.82931264413,0.0,3.188793633719173e-05,-0.005646850405022953,0.9999681120636629,0.005646850405022953,1.0,0.0,-0.001999936224127326,-1.129370081004444e-05,0.0009999681120636628,5.646850405022953e-06,0.000999968112063663,5.646850405022953e-06,0.0009999681120636628,5.646850405022953e-06,0.0009999681120636628,5.646850405011519e-06
3,29286.44564625194,0.0,2.953208461851895e-05,-0.00543426282714565,0.9999704679153815,0.00543426282714565,1.0,0.0,-0.001999940935830763,-1.086852565429508e-05,0.0009999704679153816,5.434262827145651e-06,0.0009999704679153816,5.43426282714565e-06,0.0009999704679153816,5.43426282714565e-06,0.0009999704679153816,5.434262827148269e-06
3,30432.19887107678,0.0,2.735027632058664e-05,-0.00522967764618163,0.9999726497236795,0.00522967764618163,1.0,0.0,-0.001999945299447359,-1.045935529234154e-05,0.0009999726497236796,5.22967764618163e-06,0.0009999726497236796,5.229677646181631e-06,0.0009999726497236794,5.229677646181631e-06,0.0009999726497236796,5.229677646165747e-06
3,31622.77660168334,0.0,2.532965430294638e-05,-0.005032793728294382,0.9999746703456971,0.005032793728294382,1.0,0.0,-0.001999949340691394,-1.006558745658692e-05,0.0009999746703456972,5.032793728294383e-06,0.0009999746703456972,5.032793728294383e-06,0.0009999746703456972,5.032793728294383e-06,0.0009999746703456972,5.03279372828676e-06
3,32859.93247600607,0.0,2.345831112656698e-05,-0.004843321260685282,0.9999765416888733,0.004843321260685282,1.0,0.0,-0.001999953083377747,-9.686642521405942e-06,0.0009999765416888733,4.843321260685282e-06,0.0009999765416888733,4.843321260685282e-06,0.0009999765416888735,4.843321260685282e-06,0.0009999765416888733,4.843321260715163e-06
3,34145.48873833552,0.0,2.172521891721139e-05,-0.004660981327153584,0.9999782747810827,0.004660981327153584,1.0,0.0,-0.001999956549562166,-9.321962654323945e-06,0.0009999782747810825,4.660981327153584e-06,0.0009999782747810828,4.660981327153584e-06,0.0009999782747810828,4.660981327153584e-06,0.0009999782747810825,4.660981327172845e-06
3,35481.33892335703,0.0,2.012016440653784e-05,-0.00448550549944174,0.9999798798355934,0.00448550549944174,1.0,0.0,-0.001999959759671187,-8.971010998892748e-06,0.0009999798798355935,4.485505499441741e-06,0.0009999798798355935,4.48550549944174e-06,0.0009999798798355935,4.48550549944174e-06,0.0009999798798355935,4.485505499445852e-06
3,36869.45064519521,0.0,1.863368876896558e-05,-0.004316635443792821,0.9999813663112311,0.004316635443792822,1.0,0.0,-0.001999962732622462,-8.63327088754251e-06,0.0009999813663112312,4.316635443792821e-06,0.0009999813663112312,4.316635443792822e-06,0.000999981366311231,4.316635443792821e-06,0.0009999813663112314,4.316635443769613e-06
3,38311.86849557231,0.0,1.725703190048367e-05,-0.004154122542166233,0.9999827429680995,0.004154122542166234,1.0,0.0,-0.001999965485936199,-8.308245084354127e-06,0.0009999827429680993,4.154122542166234e-06,0.0009999827429680995,4.154122542166234e-06,0.0009999827429680995,4.154122542166233e-06,0.0009999827429680995,4.154122542164149e-06
3,39810.71705534914,0.0,1.598208081165095e-05,-0.00399772752757662,0.9999840179191882,0.00399772752757662,1.0,0.0,-0.001999968035838377,-7.995455055198608e-06,0.0009999840179191883,3.997727527576621e-06,0.0009999840179191883,3.99772752757662e-06,0.0009999840179191883,3.99772752757662e-06,0.0009999840179191883,3.997727527606815e-06
3,41368.20402388446,0.0,1.480132183119013e-05,-0.003847220133039203,0.9999851986781689,0.003847220133039202,1.0,0.0,-0.001999970397356338,-7.694440266048375e-06,0.000999985198678169,3.847220133039203e-06,0.0009999851986781689,3.847220133039203e-06,0.0009999851986781689,3.847220133039203e-06,0.0009999851986781689,3.847220133008115e-06
3,42986.62347082213,0.0,1.370779633895697e-05,-0.003702378753622663,0.9999862922036611,0.003702378753622662,1.0,0.0,-0.001999972584407322,-7.404757507267767e-06,0.0009999862922036612,3.702378753622662e-06,0.000999986292203661,3.702378753622662e-06,0.000999986292203661,3.702378753622663e-06,0.000999986292203661,3.702378753610833e-06
3,44668.35921509565,0.0,1.269505976779788e-05,-0.00356299012112795,0.999987304940232,0.003562990121127951,1.0,0.0,-0.001999974609880465,-7.125980242272956e-06,0.000999987304940232,3.562990121127951e-06,0.000999987304940232,3.562990121127951e-06,0.0009999873049402323,3.56299012112795e-06,0.0009999873049402323,3.562990121177763e-06
3,46415.88833612709,0.0,1.175714363301635e-05,-0.003428848990928289,0.999988242856367,0.003428848990928289,1.0,0.0,-0.001999976485712734,-6.85769798181024e-06,0.000999988242856367,3.428848990928289e-06,0.000999988242856367,3.428848990928289e-06,0.000999988242856367,3.428848990928289e-06,0.000999988242856367,3.428848990922212e-06
3,48231.78482239234,0.0,1.088852036596176e-05,-0.003299757840521938,0.999989111479634,0.003299757840521938,1.0,0.0,-0.001999978222959268,-6.599515681049439e-06,0.000999989111479634,3.299757840521938e-06,0.000999989111479634,3.299757840521938e-06,0.000999989111479634,3.299757840521938e-06,0.000999989111479634,3.29975784053799e-06
3,50118.72336272647,0.0,1.008407074473767e-05,-0.003175526579365206,0.9999899159292553,0.003175526579365206,1.0,0.0,-0.001999979831858511,-6.351053158715203e-06,0.0009999899159292554,3.175526579365206e-06,0.0009999899159292554,3.175526579365206e-06,0.0009999899159292554,3.175526579365206e-06,0.0009999899159292554,3.175526579338755e-06
3,52079.48328595385,0.0,9.339053730296135e-06,-0.003055972269568485,0.9999906609462698,0.003055972269568485,1.0,0.0,-0.001999981321892539,-6.111944539144432e-06,0.0009999906609462698,3.055972269568485e-06,0.0009999906609462698,3.055972269568485e-06,0.0009999906609462696,3.055972269568485e-06,0.0009999906609462696,3.055972269549978e-06
3,54116.95265464555,0.0,8.649078530329625e-06,-0.002940918857053047,0.9999913509214697,0.002940918857053047,1.0,0.0,-0.00199998270184294,-5.881837714105664e-06,0.0009999913509214698,2.940918857053047e-06,0.0009999913509214698,2.940918857053047e-06,0.0009999913509214696,2.940918857053047e-06,0.0009999913509214698,2.940918857031102e-06
3,56234.13251903405,0.0,8.010078726474663e-06,-0.002830196912780709,0.9999919899212736,0.002830196912780709,1.0,0.0,-0.001999983979842547,-5.660393825546173e-06,0.0009999919899212736,2.83019691278071e-06,0.0009999919899212736,2.830196912780709e-06,0.0009999919899212734,2.830196912780709e-06,0.0009999919899212736,2.830196912760341e-06
3,58434.14133735087,0.0,7.418288312478701e-06,-0.002723643383682455,0.9999925817116876,0.002723643383682456,1.0,0.0,-0.001999985163423375,-5.447286767323867e-06,0.0009999925817116876,2.723643383682455e-06,0.0009999925817116876,2.723643383682456e-06,0.0009999925817116874,2.723643383682455e-06,0.0009999925817116876,2.72364338365751e-06
3,60720.21956909792,0.0,6.870219502224367e-06,-0.00262110135292559,0.9999931297804977,0.00262110135292559,1.0,0.0,-0.001999986259560996,-5.242202705868504e-06,0.0009999931297804976,2.62110135292559e-06,0.0009999931297804978,2.62110135292559e-06,0.0009999931297804978,2.62110135292559e-06,0.0009999931297804978,2.621101352953446e-06
3,63095.73444801835,0.0,6.362642176919109e-06,-0.002522419809172065,0.9999936373578231,0.002522419809172065,1.0,0.0,-0.001999987274715646,-5.044839618384422e-06,0.000999993637357823,2.522419809172065e-06,0.0009999936373578232,2.522419809172065e-06,0.0009999936373578232,2.522419809172065e-06,0.000999993637357823,2.52241980916637e-06
3,65564.18494179688,0.0,5.892564850404399e-06,-0.002427453424493224,0.9999941074351496,0.002427453424493225,1.0,0.0,-0.0019999882148703,-4.854906848983376e-06,0.0009999941074351497,2.427453424493225e-06,0.0009999941074351497,2.427453424493225e-06,0.0009999941074351497,2.427453424493224e-06,0.00099999410743515,2.427453424489773e-06
3,68129.20690579507,0.0,5.457217040473408e-06,-0.002336062340618414,0.9999945427829595,0.002336062340618414,1.0,0.0,-0.001999989085565919,-4.672124681248668e-06,0.0009999945427829596,2.336062340618414e-06,0.0009999945427829596,2.336062340618413e-06,0.0009999945427829596,2.336062340618413e-06,0.0009999945427829596,2.336062340622599e-06
3,70794.57843841269,0.0,5.054032942362025e-06,-0.002248111963206691,0.9999949459670576,0.002248111963206691,1.0,0.0,-0.001999989891934115,-4.496223926397924e-06,0.0009999949459670577,2.248111963206691e-06,0.0009999949459670577,2.248111963206691e-06,0.0009999949459670577,2.248111963206691e-06,0.0009999949459670577,2.248111963212634e-06
3,73564.22544596299,0.0,4.680636308243365e-06,-0.002163472763842225,0.9999953193636918,0.002163472763842225,1.0,0.0,-0.001999990638727384,-4.326945527655113e-06,0.0009999953193636918,2.163472763842225e-06,0.0009999953193636918,2.163472763842225e-06,0.0009999953193636918,2.163472763842225e-06,0.000999995319363692,2.163472763825636e-06
3,76442.22742525882,0.0,4.334826443656043e-06,-0.002082020089464976,0.9999956651735562,0.002082020089464976,1.0,0.0,-0.001999991330347113,-4.164040178999961e-06,0.0009999956651735563,2.082020089464976e-06,0.0009999956651735563,2.082020089464976e-06,0.0009999956651735563,2.082020089464976e-06,0.0009999956651735563,2.082020089532684e-06
3,79432.8234724269,0.0,4.014565238372458e-06,-0.002003633978958833,0.9999959854347616,0.002003633978958833,1.0,0.0,-0.001999991970869523,-4.00726795790618e-06,0.0009999959854347616,2.003633978958833e-06,0.0009999959854347616,2.003633978958833e-06,0.0009999959854347616,2.003633978958833e-06,0.0009999959854347618,2.003633978948998e-06
3,82540.41852680054,0.0,3.717965155304442e-06,-0.001928198986629634,0.9999962820348447,0.001928198986629634,1.0,0.0,-0.001999992564069689,-3.856397973178716e-06,0.0009999962820348447,1.928198986629634e-06,0.0009999962820348447,1.928198986629633e-06,0.0009999962820348447,1.928198986629633e-06,0.0009999962820348447,1.928198986628992e-06
3,85769.58985908805,0.0,3.44327810668488e-06,-0.001855604012315332,0.9999965567218934,0.001855604012315332,1.0,0.0,-0.001999993113443787,-3.711208024670398e-06,0.0009999965567218934,1.855604012315333e-06,0.0009999965567218934,1.855604012315332e-06,0.0009999965567218934,1.855604012315332e-06,0.0009999965567218934,1.855604012291518e-06
3,89125.09381337314,0.0,3.188885151989225e-06,-0.001785742137880134,0.9999968111148481,0.001785742137880134,1.0,0.0,-0.001999993622229696,-3.571484275655123e-06,0.0009999968111148482,1.785742137880134e-06,0.000999996811114848,1.785742137880134e-06,0.000999996811114848,1.785742137880135e-06,0.000999996811114848,1.785742137852035e-06
3,92611.87281287787,0.0,2.953286956900188e-06,-0.00171851046985357,0.9999970467130432,0.00171851046985357,1.0,0.0,-0.001999994093426086,-3.437020939633939e-06,0.0009999970467130432,1.71851046985357e-06,0.0009999970467130432,1.71851046985357e-06,0.0009999970467130432,1.71851046985357e-06,0.0009999970467130432,1.718510469774259e-06
3,96235.06263980732,0.0,2.735094957101227e-06,-0.001653809987984352,0.9999972649050429,0.001653809987984352,1.0,0.0,-0.001999994529810086,-3.307619975911891e-06,0.000999997264905043,1.653809987984352e-06,0.0009999972649050429,1.653809987984352e-06,0.0009999972649050429,1.653809987984352e-06,0.000999997264905043,1.653809987967702e-06
3,99999.9999999984,0.0,2.53302317483587e-06,-0.001591545399487387,0.9999974669768252,0.001591545399487387,1.0,0.0,-0.00199999493395365,-3.183090798941635e-06,0.0009999974669768253,1.591545399487387e-06,0.0009999974669768253,1.591545399487387e-06,0.0009999974669768251,1.591545399487387e-06,0.0009999974669768253,1.591545399443907e-06
3,103912.2303835152,0.0,2.345880640014834e-06,-0.00153162499877054,0.9999976541193601,0.00153162499877054,1.0,0.0,-0.00199999530823872,-3.063249997437012e-06,0.00099999765411936,1.53162499877054e-06,0.00099999765411936,1.53162499877054e-06,0.00099999765411936,1.53162499877054e-06,0.0009999976541193603,1.531624998665222e-06
3,107977.5162327692,0.0,2.172564371214066e-06,-0.001473960532435695,0.9999978274356288,0.001473960532435696,1.0,0.0,-0.001999995654871258,-2.947921064810899e-06,0.0009999978274356288,1.473960532435696e-06,0.0009999978274356288,1.473960532435696e-06,0.0009999978274356288,1.473960532435696e-06,0.000999997827435629,1.473960532414894e-06
3,112201.8454301945,0.0,2.012052875204971e-06,-0.001418467069356281,0.9999979879471247,0.001418467069356281,1.0,0.0,-0.00199999597589425,-2.836934138827907e-06,0.0009999979879471248,1.418467069356282e-06,0.0009999979879471248,1.418467069356281e-06,0.0009999979879471248,1.418467069356281e-06,0.0009999979879471248,1.418467069430975e-06
3,116591.4401179813,0.0,1.863400126712776e-06,-0.001365062875640805,0.9999981365998732,0.001365062875640805,1.0,0.0,-0.001999996273199747,-2.730125751249091e-06,0.0009999981365998733,1.365062875640805e-06,0.0009999981365998733,1.365062875640805e-06,0.0009999981365998733,1.365062875640805e-06,0.0009999981365998733,1.365062875672395e-06
3,121152.7658628569,0.0,1.725729992928158e-06,-0.001313669294299045,0.9999982742700072,0.001313669294299045,1.0,0.0,-0.001999996548540014,-2.627338588578887e-06,0.0009999982742700073,1.313669294299044e-06,0.0009999982742700073,1.313669294299045e-06,0.000999998274270007,1.313669294299045e-06,0.0009999982742700073,1.313669294198755e-06
3,125892.5411794147,0.0,1.598231069917403e-06,-0.001264210629434372,0.9999984017689302,0.001264210629434372,1.0,0.0,-0.00199999680353786,-2.528421258807256e-06,0.0009999984017689302,1.264210629434372e-06,0.0009999984017689302,1.264210629434372e-06,0.0009999984017689302,1.264210629434372e-06,0.0009999984017689302,1.264210629358502e-06
3,130817.7474260173,0.0,1.480151900503192e-06,-0.001216614034792277,0.9999985198480996,0.001216614034792277,1.0,0.0,-0.001999997039696199,-2.433228069476101e-06,0.0009999985198480997,1.216614034792277e-06,0.0009999985198480997,1.216614034792277e-06,0.0009999985198480995,1.216614034792277e-06,0.0009999985198480997,1.216614034690453e-06
3,135935.6390878503,0.0,1.370796545435581e-06,-0.001170809406501507,0.9999986292034545,0.001170809406501507,1.0,0.0,-0.001999997258406909,-2.341618813073154e-06,0.0009999986292034547,1.170809406501507e-06,0.0009999986292034545,1.170809406501507e-06,0.0009999986292034547,1.170809406501508e-06,0.0009999986292034545,1.170809406553766e-06
3,141253.7544622731,0.0,1.269520481754345e-06,-0.001126729279850351,0.9999987304795183,0.001126729279850351,1.0,0.0,-0.001999997460959036,-2.253458559753341e-06,0.0009999987304795182,1.126729279850351e-06,0.0009999987304795182,1.126729279850351e-06,0.0009999987304795182,1.126729279850351e-06,0.0009999987304795182,1.126729279836935e-06
3,146779.9267622045,0.0,1.175726804171658e-06,-0.001084308729946476,0.9999988242731959,0.001084308729946476,1.0,0.0,-0.001999997648546392,-2.168617459830102e-06,0.000999998824273196,1.084308729946476e-06,0.000999998824273196,1.084308729946476e-06,0.000999998824273196,1.084308729946476e-06,0.000999998824273196,1.084308729914329e-06
3,152522.2956538993,0.0,1.088862707089566e-06,-0.001043485276114412,0.999998911137293,0.001043485276114412,1.0,0.0,-0.001999997822274586,-2.086970552150902e-06,0.000999998911137293,1.043485276114412e-06,0.000999998911137293,1.043485276114412e-06,0.000999998911137293,1.043485276114412e-06,0.0009999989111372932,1.043485276027977e-06
3,158489.3192461087,0.0,1.008416226520281e-06,-0.001004198789890227,0.9999989915837735,0.001004198789890227,1.0,0.0,-0.001999997983167547,-2.008397579800203e-06,0.0009999989915837736,1.004198789890227e-06,0.0009999989915837734,1.004198789890227e-06,0.0009999989915837734,1.004198789890227e-06,0.0009999989915837736,1.004198789892194e-06
3,164689.7865482841,0.0,9.339132227088063e-07,-0.0009663914064781924,0.9999990660867772,0.0009663914064781924,1.0,0.0,-0.001999998132173554,-1.932782812907874e-06,0.0009999990660867774,9.663914064781924e-07,0.0009999990660867772,9.663914064781924e-07,0.0009999990660867772,9.663914064781924e-07,0.0009999990660867774,9.663914065269582e-07
3,171132.8304161752,0.0,8.649145856757216e-07,-0.0009300074395393195,0.9999991350854144,0.0009300074395393196,1.0,0.0,-0.001999998270170829,-1.86001487900711e-06,0.0009999991350854143,9.300074395393196e-07,0.0009999991350854143,9.300074395393196e-07,0.0009999991350854143,9.300074395393195e-07,0.0009999991350854143,9.300074394780819e-07
3,177827.9410038893,0.0,8.010136472116065e-07,-0.0008949932991865043,0.9999991989863528,0.0008949932991865042,1.0,0.0,-0.001999998397972705,-1.789986598499382e-06,0.000999999198986353,8.949932991865042e-07,0.000999999198986353,8.949932991865042e-07,0.000999999198986353,8.949932991865043e-07,0.0009999991989863527,8.94993299161478e-07
3,184784.979742226,0.0,7.418337840710735e-07,-0.0008612974130657252,0.9999992581662159,0.0008612974130657251,1.0,0.0,-0.001999998516332432,-1.722594826336632e-06,0.000999999258166216,8.61297413065725e-07,0.000999999258166216,8.612974130657252e-07,0.000999999258166216,8.612974130657253e-07,0.000999999258166216,8.612974130622882e-07
3,192014.1938638769,0.0,6.87026198241146e-07,-0.0008288701504072571,0.9999993129738017,0.0008288701504072571,1.0,0.0,-0.001999998625947603,-1.657740301030941e-06,0.0009999993129738017,8.288701504072571e-07,0.0009999993129738017,8.288701504072571e-07,0.0009999993129738017,8.288701504072571e-07,0.0009999993129738017,8.288701504360298e-07
3,199526.2314968846,0.0,6.362678612021692e-07,-0.0007976637489352127,0.9999993637321388,0.0007976637489352127,1.0,0.0,-0.001999998727464278,-1.595327497661003e-06,0.000999999363732139,7.976637489352128e-07,0.000999999363732139,7.976637489352127e-07,0.000999999363732139,7.976637489352127e-07,0.000999999363732139,7.976637489023898e-07
3,207332.157348592,0.0,5.892596100658612e-07,-0.0007676322445279205,0.9999994107403899,0.0007676322445279205,1.0,0.0,-0.00199999882148078,-1.535264489094246e-06,0.00099999941074039,7.676322445279205e-07,0.00099999941074039,7.676322445279204e-07,0.00099999941074039,7.676322445279204e-07,0.00099999941074039,7.67632244580827e-07
3,215443.4690031847,0.0,5.457243843701112e-07,-0.0007387314035256708,0.9999994542756157,0.0007387314035256708,1.0,0.0,-0.001999998908551231,-1.477462807208951e-06,0.0009999994542756157,7.387314035256709e-07,0.0009999994542756157,7.387314035256709e-07,0.0009999994542756157,7.387314035256709e-07,0.0009999994542756157,7.387314034967477e-07
3,223872.1138568301,0.0,5.054055931390694e-07,-0.000710918657586264,0.9999994945944068,0.000710918657586264,1.0,0.0,-0.001999998989188814,-1.421837314996566e-06,0.0009999994945944068,7.109186575862641e-07,0.0009999994945944068,7.109186575862641e-07,0.0009999994945944068,7.109186575862641e-07,0.0009999994945944068,7.109186576074787e-07
3,232630.5067153586,0.0,4.680656025847067e-07,-0.0006841530409925094,0.9999995319343973,0.0006841530409925095,1.0,0.0,-0.001999999063868795,-1.368306081994675e-06,0.0009999995319343973,6.841530409925095e-07,0.0009999995319343973,6.841530409925094e-07,0.0009999995319343975,6.841530409925093e-07,0.0009999995319343975,6.8415304119197e-07
3,241731.5480804062,0.0,4.3348433553703e-07,-0.0006583951303194464,0.9999995665156645,0.0006583951303194464,1.0,0.0,-0.001999999133031329,-1.316790260830203e-06,0.0009999995665156644,6.583951303194464e-07,0.0009999995665156646,6.583951303194464e-07,0.0009999995665156646,6.583951303194464e-07,0.0009999995665156644,6.583951303209589e-07
3,251188.6431509537,0.0,4.014579743485527e-07,-0.0006336069863725049,0.9999995985420258,0.0006336069863725048,1.0,0.0,-0.001999999197084051,-1.267213972644399e-06,0.0009999995985420257,6.336069863725049e-07,0.0009999995985420257,6.336069863725049e-07,0.0009999995985420257,6.33606986372505e-07,0.0009999995985420257,6.33606986133832e-07
3,261015.7215682491,0.0,3.717977596284491e-07,-0.0006097520983111702,0.9999996282022402,0.0006097520983111702,1.0,0.0,-0.001999999256404481,-1.219504196958709e-06,0.0009999996282022403,6.097520983111702e-07,0.0009999996282022401,6.097520983111702e-07,0.0009999996282022403,6.097520983111702e-07,0.0009999996282022403,6.097520985952593e-07
3,271227.2579331981,0.0,3.443288777265668e-07,-0.0005867953298759207,0.9999996556711221,0.0005867953298759208,1.0,0.0,-0.001999999311342245,-1.173590659986345e-06,0.0009999996556711221,5.867953298759208e-07,0.0009999996556711221,5.867953298759208e-07,0.0009999996556711223,5.867953298759207e-07,0.0009999996556711223,5.867953300945361e-07
3,281838.2931264404,0.0,3.188894304105162e-07,-0.0005647028676392988,0.9999996811105695,0.0005647028676392988,1.0,0.0,-0.001999999362221139,-1.129405735378342e-06,0.0009999996811105695,5.647028676392987e-07,0.0009999996811105695,5.647028676392987e-07,0.0009999996811105695,5.647028676392987e-07,0.0009999996811105695,5.647028678480161e-07
3,292864.4564625185,0.0,2.953294806634525e-07,-0.0005434421712049502,0.9999997046705194,0.0005434421712049502,1.0,0.0,-0.001999999409341039,-1.086884342527128e-06,0.0009999997046705193,5.434421712049501e-07,0.0009999997046705193,5.434421712049501e-07,0.0009999997046705193,5.434421712049501e-07,0.0009999997046705193,5.434421711773921e-07
3,304321.9887107668,0.0,2.73510168978779e-07,-0.0005229819252813298,0.9999997264898309,0.0005229819252813299,1.0,0.0,-0.001999999452979662,-1.045963850865306e-06,0.0009999997264898309,5.229819252813299e-07,0.0009999997264898309,5.229819252813299e-07,0.000999999726489831,5.229819252813298e-07,0.000999999726489831,5.229819254533373e-07
3,316227.7660168324,0.0,2.533028949434805e-07,-0.000503291993559528,0.9999997466971051,0.000503291993559528,1.0,0.0,-0.00199999949339421,-1.006583987051002e-06,0.000999999746697105,5.03291993559528e-07,0.000999999746697105,5.032919935595279e-07,0.000999999746697105,5.032919935595279e-07,0.000999999746697105,5.032919934362934e-07
3,328599.3247600597,0.0,2.345885592865677e-07,-0.0004843433743273212,0.9999997654114406,0.0004843433743273211,1.0,0.0,-0.001999999530822881,-9.686867485925177e-07,0.0009999997654114407,4.843433743273211e-07,0.0009999997654114407,4.843433743273211e-07,0.0009999997654114407,4.843433743273212e-07,0.0009999997654114405,4.843433744701872e-07
3,341454.8873833541,0.0,2.172568619254732e-07,-0.0004661081577541087,0.999999782743138,0.0004661081577541087,1.0,0.0,-0.001999999565486276,-9.322163156966212e-07,0.000999999782743138,4.661081577541087e-07,0.000999999782743138,4.661081577541087e-07,0.000999999782743138,4.661081577541087e-07,0.000999999782743138,4.661081577963902e-07
3,354813.3892335691,0.0,2.01205651873267e-07,-0.0004485594847838497,0.9999997987943482,0.0004485594847838497,1.0,0.0,-0.001999999597588696,-8.971189693340875e-07,0.0009999997987943483,4.485594847838497e-07,0.0009999997987943483,4.485594847838497e-07,0.000999999798794348,4.485594847838497e-07,0.0009999997987943483,4.485594846347095e-07
3,368694.506451951,0.0,1.863403251752052e-07,-0.0004316715075754808,0.9999998136596749,0.0004316715075754808,1.0,0.0,-0.00199999962731935,-8.633430148563548e-07,0.000999999813659675,4.316715075754809e-07,0.000999999813659675,4.316715075754809e-07,0.000999999813659675,4.316715075754809e-07,0.000999999813659675,4.316715073063807e-07
3,383118.6849557219,0.0,1.725732673261934e-07,-0.0004154193514325744,0.9999998274267325,0.0004154193514325744,1.0,0.0,-0.001999999654853465,-8.308387031696896e-07,0.0009999998274267327,4.154193514325744e-07,0.0009999998274267325,4.154193514325745e-07,0.0009999998274267327,4.154193514325745e-07,0.0009999998274267327,4.154193517402615e-07
3,398107.1705534901,0.0,1.598233368829012e-07,-0.000399779078166182,0.9999998401766631,0.0003997790781661819,1.0,0.0,-0.001999999680353326,-7.995581565722887e-07,0.0009999998401766632,3.997790781661819e-07,0.0009999998401766632,3.997790781661819e-07,0.0009999998401766632,3.99779078166182e-07,0.000999999840176663,3.997790782045373e-07
3,413682.0402388432,0.0,1.480153872270507e-07,-0.0003847276508369211,0.9999998519846127,0.0003847276508369211,1.0,0.0,-0.001999999703969225,-7.694553016968086e-07,0.0009999998519846127,3.847276508369211e-07,0.0009999998519846127,3.847276508369211e-07,0.0009999998519846127,3.84727650836921e-07,0.000999999851984613,3.847276509749486e-07
3,429866.2347082199,0.0,1.370798236612525e-07,-0.0003702428998243915,0.9999998629201764,0.0003702428998243915,1.0,0.0,-0.001999999725840353,-7.404857993442704e-07,0.0009999998629201764,3.702428998243915e-07,0.0009999998629201764,3.702428998243915e-07,0.0009999998629201764,3.702428998243915e-07,0.0009999998629201764,3.702428996679649e-07
3,446683.5921509551,0.0,1.269521932270035e-07,-0.0003563034901739585,0.9999998730478067,0.0003563034901739585,1.0,0.0,-0.001999999746095613,-7.126069805352131e-07,0.0009999998730478067,3.563034901739585e-07,0.0009999998730478067,3.563034901739585e-07,0.000999999873047807,3.563034901739585e-07,0.0009999998730478067,3.563034904163791e-07
3,464158.8833612694,0.0,1.175728048273144e-07,-0.0003428888901728226,0.9999998824271952,0.0003428888901728226,1.0,0.0,-0.00199999976485439,-6.857777803404019e-07,0.0009999998824271952,3.428888901728226e-07,0.0009999998824271952,3.428888901728226e-07,0.0009999998824271952,3.428888901728226e-07,0.0009999998824271952,3.428888901668667e-07
3,482317.8482239218,0.0,1.08886377415041e-07,-0.0003299793411091031,0.9999998911136225,0.0003299793411091031,1.0,0.0,-0.001999999782227245,-6.599586823696768e-07,0.0009999998911136225,3.299793411091031e-07,0.0009999998911136225,3.299793411091031e-07,0.0009999998911136225,3.299793411091031e-07,0.0009999998911136225,3.299793412759148e-07
3,501187.2336272631,0.0,1.008417141734073e-07,-0.0003175558281694039,0.9999998991582859,0.0003175558281694039,1.0,0.0,-0.001999999798316571,-6.351116561553738e-07,0.000999999899158286,3.175558281694039e-07,0.000999999899158286,3.175558281694039e-07,0.000999999899158286,3.175558281694039e-07,0.0009999998991582857,3.17555827907361e-07
3,520794.8328595368,0.0,9.33914007683986e-08,-0.0003056000524320061,0.9999999066085992,0.0003056000524320061,1.0,0.0,-0.001999999813217199,-6.112001051938876e-07,0.0009999999066085993,3.056000524320061e-07,0.0009999999066085993,3.056000524320061e-07,0.0009999999066085993,3.056000524320061e-07,0.0009999999066085993,3.056000526498593e-07
3,541169.5265464537,0.0,8.649152589457651e-08,-0.0002940944039144445,0.9999999135084741,0.0002940944039144445,1.0,0.0,-0.001999999827016948,-5.881888078818065e-07,0.000999999913508474,2.940944039144446e-07,0.000999999913508474,2.940944039144445e-07,0.000999999913508474,2.940944039144445e-07,0.000999999913508474,2.94094404073359e-07
3,562341.3251903387,0.0,8.010142246726024e-08,-0.0002830219356357778,0.9999999198985776,0.0002830219356357778,1.0,0.0,-0.001999999839797155,-5.660438708865456e-07,0.0009999999198985778,2.830219356357778e-07,0.0009999999198985776,2.830219356357778e-07,0.0009999999198985776,2.830219356357778e-07,0.0009999999198985778,2.830219353412582e-07
3,584341.4133735067,0.0,7.418342793570336e-08,-0.0002723663386553529,0.999999925816572,0.0002723663386553529,1.0,0.0,-0.001999999851633144,-5.447326776319983e-07,0.000999999925816572,2.723663386553529e-07,0.000999999925816572,2.723663386553529e-07,0.000999999925816572,2.723663386553528e-07,0.0009999999258165722,2.723663387301109e-07
3,607202.1956909773,0.0,6.870266230459085e-08,-0.0002621119180513069,0.9999999312973377,0.0002621119180513069,1.0,0.0,-0.001999999862594676,-5.242238363400986e-07,0.0009999999312973378,2.621119180513069e-07,0.0009999999312973378,2.621119180513069e-07,0.0009999999312973378,2.621119180513069e-07,0.0009999999312973378,2.621119181747209e-07
3,630957.3444801815,0.0,6.362682255554926e-08,-0.0002522435698034277,0.9999999363731775,0.0002522435698034277,1.0,0.0,-0.001999999872746355,-5.044871391746142e-07,0.0009999999363731775,2.522435698034278e-07,0.0009999999363731775,2.522435698034277e-07,0.0009999999363731775,2.522435698034277e-07,0.0009999999363731775,2.522435694936222e-07
3,655641.8494179667,0.0,5.892599225702282e-08,-0.00024274675854633,0.9999999410740078,0.00024274675854633,1.0,0.0,-0.001999999882148016,-4.854935173881358e-07,0.000999999941074008,2.427467585463301e-07,0.000999999941074008,2.4274675854633e-07,0.0009999999410740077,2.4274675854633e-07,0.000999999941074008,2.427467582982911e-07
3,681292.0690579485,0.0,5.457246524038382e-08,-0.0002336074961601829,0.9999999454275347,0.0002336074961601829,1.0,0.0,-0.00199999989085507,-4.672149929163538e-07,0.0009999999454275348,2.336074961601829e-07,0.0009999999454275348,2.336074961601829e-07,0.0009999999454275348,2.336074961601829e-07,0.0009999999454275348,2.336074965201555e-07
3,707945.7843841247,0.0,5.054058230305076e-08,-0.0002248123211674581,0.9999999494594177,0.000224812321167458,1.0,0.0,-0.001999999898918835,-4.496246415186533e-07,0.0009999999494594179,2.24812321167458e-07,0.0009999999494594177,2.248123211674581e-07,0.0009999999494594177,2.248123211674581e-07,0.0009999999494594177,2.248123210419156e-07
3,735642.2544596274,0.0,4.680657997616591e-08,-0.0002163482789053566,0.9999999531934202,0.0002163482789053567,1.0,0.0,-0.00199999990638684,-4.326965568068886e-07,0.0009999999531934201,2.163482789053567e-07,0.0009999999531934201,2.163482789053566e-07,0.0009999999531934201,2.163482789053566e-07,0.0009999999531934204,2.163482782493802e-07
3,764422.2742525858,0.0,4.334845046548997e-08,-0.0002082029024447109,0.9999999566515494,0.0002082029024447109,1.0,0.0,-0.001999999913303099,-4.164058049482833e-07,0.0009999999566515495,2.082029024447109e-07,0.0009999999566515493,2.082029024447109e-07,0.0009999999566515495,2.082029024447109e-07,0.0009999999566515495,2.082029031235596e-07
3,794328.2347242665,0.0,4.014581194002611e-08,-0.0002003641942272618,0.999999959854188,0.0002003641942272618,1.0,0.0,-0.001999999919708376,-4.00728389138294e-07,0.000999999959854188,2.003641942272618e-07,0.000999999959854188,2.003641942272618e-07,0.0009999999598541882,2.003641942272618e-07,0.0009999999598541882,2.003641945668296e-07
3,825404.1852680028,0.0,3.717978840387085e-08,-0.0001928206083942642,0.9999999628202116,0.0001928206083942642,1.0,0.0,-0.001999999925640423,-3.856412167380086e-07,0.0009999999628202117,1.928206083942642e-07,0.0009999999628202117,1.928206083942642e-07,0.0009999999628202117,1.928206083942642e-07,0.0009999999628202117,1.928206081623553e-07
3,857695.8985908778,0.0,3.443289844327392e-08,-0.0001855610337803964,0.9999999655671015,0.0001855610337803964,1.0,0.0,-0.001999999931134203,-3.711220681879013e-07,0.0009999999655671016,1.855610337803964e-07,0.0009999999655671014,1.855610337803964e-07,0.0009999999655671016,1.855610337803965e-07,0.0009999999655671014,1.855610342609384e-07
3,891250.9381337286,0.0,3.188895219319654e-08,-0.000178574777547926,0.9999999681110477,0.000178574777547926,1.0,0.0,-0.001999999936222096,-3.571495552634474e-07,0.0009999999681110478,1.78574777547926e-07,0.0009999999681110478,1.78574777547926e-07,0.0009999999681110478,1.78574777547926e-07,0.0009999999681110478,1.78574777902905e-07
3,926118.7281287757,0.0,2.953295591610263e-08,-0.0001718515494370276,0.999999970467044,0.0001718515494370276,1.0,0.0,-0.001999999940934088,-3.437030997588408e-07,0.000999999970467044,1.718515494370276e-07,0.000999999970467044,1.718515494370276e-07,0.000999999970467044,1.718515494370276e-07,0.000999999970467044,1.718515497485345e-07
3,962350.6263980701,0.0,2.735102363058279e-08,-0.0001653814466090568,0.9999999726489764,0.0001653814466090568,1.0,0.0,-0.001999999945297953,-3.307628926307871e-07,0.0009999999726489764,1.653814466090568e-07,0.0009999999726489764,1.653814466090568e-07,0.0009999999726489764,1.653814466090568e-07,0.0009999999726489764,1.653814461647912e-07
3,999999.9999999808,0.0,2.533029526896154e-08,-0.0001591549390604567,0.9999999746697047,0.0001591549390604567,1.0,0.0,-0.001999999949339409,-3.183098780112914e-07,0.0009999999746697047,1.591549390604567e-07,0.0009999999746697047,1.591549390604567e-07,0.0009999999746697047,1.591549390604567e-07,0.0009999999746697047,1.591549392913817e-07
3,1039122.303835149,0.0,2.345886088151919e-08,-0.0001531628555858144,0.999999976541139,0.0001531628555858144,1.0,0.0,-0.001999999953082278,-3.063257114632734e-07,0.000999999976541139,1.531628555858144e-07,0.000999999976541139,1.531628555858144e-07,0.000999999976541139,1.531628555858144e-07,0.000999999976541139,1.531628561301207e-07
3,1079775.162327689,0.0,2.172569044059719e-08,-0.0001473963702693915,0.9999999782743095,0.0001473963702693915,1.0,0.0,-0.00199999995654862,-2.947927413288198e-07,0.0009999999782743095,1.473963702693915e-07,0.0009999999782743095,1.473963702693915e-07,0.0009999999782743095,1.473963702693915e-07,0.0009999999782743098,1.473963704612521e-07
3,1122018.454301942,0.0,2.012056883086171e-08,-0.0001418469894852352,0.9999999798794312,0.0001418469894852352,1.0,0.0,-0.001999999959758862,-2.836939785311188e-07,0.0009999999798794314,1.418469894852352e-07,0.0009999999798794312,1.418469894852352e-07,0.0009999999798794312,1.418469894852352e-07,0.0009999999798794312,1.418469890326033e-07
3,1165914.401179809,0.0,1.863403564256561e-08,-0.0001365065393867207,0.9999999813659644,0.0001365065393867207,1.0,0.0,-0.001999999962731929,-2.730130788108909e-07,0.0009999999813659643,1.365065393867207e-07,0.0009999999813659643,1.365065393867207e-07,0.0009999999813659643,1.365065393867207e-07,0.0009999999813659645,1.365065394253253e-07
3,1211527.658628565,0.0,1.725732941295774e-08,-0.0001313671538671,0.9999999827426705,0.0001313671538671,1.0,0.0,-0.001999999965485342,-2.627343080874311e-07,0.0009999999827426706,1.313671538671e-07,0.0009999999827426706,1.313671538671e-07,0.0009999999827426706,1.313671538671e-07,0.0009999999827426708,1.313671541821536e-07
3,1258925.411794143,0.0,1.598233598720542e-08,-0.0001264212629733241,0.9999999840176641,0.0001264212629733241,1.0,0.0,-0.001999999968035328,-2.528425246950405e-07,0.0009999999840176641,1.264212629733241e-07,0.0009999999840176641,1.264212629733241e-07,0.000999999984017664,1.264212629733241e-07,0.0009999999840176641,1.264212622769372e-07
3,1308177.474260168,0.0,1.480154069447532e-08,-0.0001216615817560733,0.9999999851984593,0.0001216615817560733,1.0,0.0,-0.001999999970396919,-2.433231642839928e-07,0.0009999999851984594,1.216615817560733e-07,0.0009999999851984594,1.216615817560733e-07,0.0009999999851984594,1.216615817560733e-07,0.0009999999851984592,1.21661581471087e-07
3,1359356.390878499,0.0,1.370798405730452e-08,-0.0001170810995395743,0.999999986292016,0.0001170810995395743,1.0,0.0,-0.001999999972584032,-2.341621989643272e-07,0.000999999986292016,1.170810995395743e-07,0.000999999986292016,1.170810995395743e-07,0.0009999999862920158,1.170810995395743e-07,0.000999999986292016,1.1708109879524e-07
3,1412537.544622727,0.0,1.26952207732179e-08,-0.0001126730695953974,0.9999999873047792,0.0001126730695953974,1.0,0.0,-0.001999999974609559,-2.253461381940269e-07,0.0009999999873047793,1.126730695953974e-07,0.0009999999873047793,1.126730695953974e-07,0.0009999999873047793,1.126730695953974e-07,0.0009999999873047793,1.126730695093758e-07
3,1467799.267622041,0.0,1.175728172683441e-08,-0.0001084309992050278,0.9999999882427182,0.0001084309992050278,1.0,0.0,-0.001999999976485436,-2.168619985809528e-07,0.0009999999882427182,1.084309992050278e-07,0.0009999999882427182,1.084309992050277e-07,0.0009999999882427182,1.084309992050278e-07,0.000999999988242718,1.08431000016239e-07
3,1525222.956538989,0.0,1.088863880856613e-08,-0.0001043486400965708,0.9999999891113611,0.0001043486400965708,1.0,0.0,-0.001999999978222722,-2.086972799020259e-07,0.000999999989111361,1.043486400965708e-07,0.000999999989111361,1.043486400965708e-07,0.0009999999891113613,1.043486400965708e-07,0.000999999989111361,1.043486407757354e-07
3,1584893.192461082,0.0,1.008417233255546e-08,-0.0001004199792415082,0.9999999899158277,0.0001004199792415082,1.0,0.0,-0.001999999979831656,-2.008399579978004e-07,0.0009999999899158278,1.004199792415082e-07,0.0009999999899158278,1.004199792415082e-07,0.0009999999899158276,1.004199792415082e-07,0.0009999999899158278,1.004199786682946e-07
3,1646897.865482836,0.0,9.339140861815791e-09,-9.663922999794772e-05,0.9999999906608591,9.663922999794772e-05,1.0,0.0,-0.001999999981321718,-1.932784599034676e-07,0.000999999990660859,9.663922999794773e-08,0.000999999990660859,9.663922999794773e-08,0.000999999990660859,9.663922999794773e-08,0.000999999990660859,9.663923044545441e-08
3,1711328.304161747,0.0,8.649153262728297e-09,-9.300082358732338e-05,0.9999999913508467,9.300082358732338e-05,1.0,0.0,-0.001999999982701694,-1.860016460852876e-07,0.0009999999913508468,9.300082358732337e-08,0.0009999999913508468,9.300082358732337e-08,0.0009999999913508468,9.300082358732337e-08,0.0009999999913508468,9.300082379959264e-08
3,1778279.410038887,0.0,8.0101428241875e-09,-8.949940089198984e-05,0.9999999919898572,8.949940089198984e-05,1.0,0.0,-0.001999999983979714,-1.789988015588051e-07,0.0009999999919898573,8.949940089198985e-08,0.0009999999919898573,8.949940089198985e-08,0.0009999999919898573,8.949940089198985e-08,0.0009999999919898573,8.949940030103644e-08
3,1847849.797422254,0.0,7.418343288856682e-09,-8.612980456163165e-05,0.9999999925816567,8.612980456163166e-05,1.0,0.0,-0.001999999985163313,-1.722596074671401e-07,0.0009999999925816567,8.612980456163166e-08,0.0009999999925816567,8.612980456163166e-08,0.0009999999925816567,8.612980456163165e-08,0.000999999992581657,8.61298043775573e-08
3,1920141.938638763,0.0,6.870266655264154e-09,-8.288707141685964e-05,0.9999999931297333,8.288707141685964e-05,1.0,0.0,-0.001999999986259467,-1.657741428573445e-07,0.0009999999931297335,8.288707141685964e-08,0.0009999999931297333,8.288707141685964e-08,0.0009999999931297333,8.288707141685964e-08,0.0009999999931297335,8.28870718224862e-08
3,1995262.314968839,0.0,6.362682619908495e-09,-7.976642513880614e-05,0.9999999936373173,7.976642513880614e-05,1.0,0.0,-0.001999999987274635,-1.595328509296223e-07,0.0009999999936373173,7.976642513880614e-08,0.0009999999936373173,7.976642513880614e-08,0.0009999999936373175,7.976642513880614e-08,0.0009999999936373173,7.976642631881961e-08
3,2073321.573485913,0.0,5.892599538206847e-09,-7.676326923395145e-05,0.9999999941074005,7.676326923395145e-05,1.0,0.0,-0.001999999988214801,-1.535265390373297e-07,0.0009999999941074005,7.676326923395146e-08,0.0009999999941074005,7.676326923395146e-08,0.0009999999941074005,7.676326923395146e-08,0.0009999999941074005,7.676326898949321e-08
3,2154434.69003184,0.0,5.457246792072269e-09,-7.387318026381919e-05,0.9999999945427531,7.38731802638192e-05,1.0,0.0,-0.001999999989085507,-1.477463609234064e-07,0.0009999999945427532,7.387318026381919e-08,0.0009999999945427532,7.38731802638192e-08,0.0009999999945427532,7.387318026381919e-08,0.0009999999945427534,7.387318140827353e-08
3,2238721.138568294,0.0,5.054058460196647e-09,-7.109190132956875e-05,0.9999999949459414,7.109190132956875e-05,1.0,0.0,-0.001999999989891883,-1.421838060622349e-07,0.0009999999949459415,7.109190132956876e-08,0.0009999999949459415,7.109190132956875e-08,0.0009999999949459415,7.109190132956875e-08,0.0009999999949459415,7.109190352200046e-08
3,2326305.067153579,0.0,4.680658194793645e-09,-6.84153358018879e-05,0.9999999953193418,6.84153358018879e-05,1.0,0.0,-0.001999999990638684,-1.368306712379308e-07,0.0009999999953193418,6.84153358018879e-08,0.0009999999953193418,6.84153358018879e-08,0.0009999999953193418,6.84153358018879e-08,0.0009999999953193418,6.841533579565219e-08
3,2417315.480804055,0.0,4.334845215666951e-09,-6.583954128695057e-05,0.9999999956651547,6.583954128695057e-05,1.0,0.0,-0.00199999999133031,-1.316790836369819e-07,0.0009999999956651548,6.583954128695057e-08,0.0009999999956651548,6.583954128695057e-08,0.0009999999956651548,6.583954128695057e-08,0.0009999999956651548,6.583954196824354e-08
3,2511886.431509529,0.0,4.014581339054387e-09,-6.336072381955184e-05,0.9999999959854186,6.336072381955182e-05,1.0,0.0,-0.001999999991970837,-1.267214493338997e-07,0.0009999999959854186,6.336072381955183e-08,0.0009999999959854186,6.336072381955183e-08,0.0009999999959854186,6.336072381955185e-08,0.0009999999959854184,6.336072549252847e-08
3,2610157.215682483,0.0,3.717978964797401e-09,-6.097523227486742e-05,0.999999996282021,6.097523227486742e-05,1.0,0.0,-0.001999999992564042,-1.219504639493607e-07,0.0009999999962820212,6.097523227486742e-08,0.000999999996282021,6.097523227486742e-08,0.0009999999962820212,6.097523227486743e-08,0.000999999996282021,6.097523343858822e-08
3,2712272.579331972,0.0,3.443289951033612e-09,-5.867955299060624e-05,0.99999999655671,5.867955299060624e-05,1.0,0.0,-0.00199999999311342,-1.173591073211355e-07,0.0009999999965567099,5.867955299060625e-08,0.00099999999655671,5.867955299060624e-08,0.00099999999655671,5.867955299060624e-08,0.0009999999965567099,5.867955359452241e-08
3,2818382.931264395,0.0,3.188895310841143e-09,-5.64703045916355e-05,0.9999999968111046,5.64703045916355e-05,1.0,0.0,-0.001999999993622209,-1.129406115296661e-07,0.0009999999968111047,5.647030459163551e-08,0.0009999999968111047,5.647030459163551e-08,0.0009999999968111047,5.64703045916355e-08,0.0009999999968111047,5.647030563902729e-08
3,2928644.564625176,0.0,2.953295670107867e-09,-5.434423300945476e-05,0.9999999970467042,5.434423300945476e-05,1.0,0.0,-0.001999999994093409,-1.086884715562064e-07,0.0009999999970467042,5.434423300945475e-08,0.0009999999970467042,5.434423300945476e-08,0.0009999999970467042,5.434423300945476e-08,0.0009999999970467042,5.434423595369585e-08
3,3043219.887107659,0.0,2.735102430385352e-09,-5.229820668918358e-05,0.9999999972648974,5.229820668918359e-05,1.0,0.0,-0.001999999994529795,-1.045964168611135e-07,0.0009999999972648975,5.229820668918359e-08,0.0009999999972648975,5.229820668918359e-08,0.0009999999972648975,5.229820668918358e-08,0.0009999999972648975,5.229820971935311e-08
3,3162277.660168313,0.0,2.533029584642313e-09,-5.032921197700272e-05,0.9999999974669704,5.032921197700272e-05,1.0,0.0,-0.001999999994933941,-1.006584255947018e-07,0.0009999999974669705,5.032921197700272e-08,0.0009999999974669705,5.032921197700273e-08,0.0009999999974669705,5.032921197700272e-08,0.0009999999974669707,5.032921156443553e-08
3,3285993.247600586,0.0,2.345886137680563e-09,-4.843434868125493e-05,0.9999999976541138,4.843434868125493e-05,1.0,0.0,-0.001999999995308228,-9.686869617553384e-08,0.000999999997654114,4.843434868125493e-08,0.000999999997654114,4.843434868125493e-08,0.000999999997654114,4.843434868125493e-08,0.000999999997654114,4.843434897689756e-08
3,3414548.87383353,0.0,2.172569086540233e-09,-4.661082580066756e-05,0.999999997827431,4.661082580066756e-05,1.0,0.0,-0.001999999995654862,-9.322165084313383e-08,0.000999999997827431,4.661082580066755e-08,0.000999999997827431,4.661082580066755e-08,0.0009999999978274308,4.661082580066755e-08,0.000999999997827431,4.661082423538205e-08
3,3548133.89233568,0.0,2.012056919521534e-09,-4.485595741340453e-05,0.999999997987943,4.485595741340454e-05,1.0,0.0,-0.001999999995975887,-8.971191789441946e-08,0.000999999997987943,4.485595741340454e-08,0.000999999997987943,4.485595741340454e-08,0.000999999997987943,4.485595741340453e-08,0.0009999999979879433,4.48559584380629e-08
3,3686945.064519498,0.0,1.863403595507023e-09,-4.316715872089279e-05,0.9999999981365965,4.316715872089279e-05,1.0,0.0,-0.001999999996273193,-8.633431747284703e-08,0.0009999999981365965,4.316715872089278e-08,0.0009999999981365965,4.316715872089279e-08,0.0009999999981365965,4.316715872089279e-08,0.0009999999981365965,4.316715749477678e-08
3,3831186.849557207,0.0,1.725732968099169e-09,-4.1541942240596e-05,0.9999999982742671,4.1541942240596e-05,1.0,0.0,-0.001999999996548534,-8.30838828846936e-08,0.0009999999982742672,4.1541942240596e-08,0.0009999999982742672,4.1541942240596e-08,0.000999999998274267,4.1541942240596e-08,0.0009999999982742672,4.154194035874428e-08
3,3981071.705534888,0.0,1.598233621709704e-09,-3.997791414212794e-05,0.9999999984017665,3.997791414212794e-05,1.0,0.0,-0.001999999996803533,-7.995582507192012e-08,0.0009999999984017665,3.997791414212794e-08,0.0009999999984017665,3.997791414212794e-08,0.0009999999984017663,3.997791414212794e-08,0.0009999999984017665,3.997791223602816e-08
3,4136820.402388419,0.0,1.480154089165242e-09,-3.847277072130867e-05,0.999999998519846,3.847277072130867e-05,1.0,0.0,-0.001999999997039692,-7.694553971759888e-08,0.000999999998519846,3.847277072130867e-08,0.000999999998519846,3.847277072130868e-08,0.000999999998519846,3.847277072130868e-08,0.000999999998519846,3.847276838723504e-08
3,4298662.347082186,0.0,1.37079842264225e-09,-3.702429500697024e-05,0.9999999986292014,3.702429500697024e-05,1.0,0.0,-0.001999999997258403,-7.404859658777241e-08,0.0009999999986292016,3.702429500697024e-08,0.0009999999986292014,3.702429500697025e-08,0.0009999999986292016,3.702429500697025e-08,0.0009999999986292016,3.702429941249284e-08
3,4466835.921509536,0.0,1.269522091826971e-09,-3.563035349551396e-05,0.9999999987304778,3.563035349551396e-05,1.0,0.0,-0.001999999997460956,-7.12607075570304e-08,0.0009999999987304778,3.563035349551396e-08,0.0009999999987304778,3.563035349551396e-08,0.000999999998730478,3.563035349551396e-08,0.0009999999987304778,3.563035524237284e-08
3,4641588.83361268,0.0,1.175728185124476e-09,-3.428889300840928e-05,0.9999999988242719,3.428889300840929e-05,1.0,0.0,-0.001999999997648544,-6.857777989921487e-08,0.0009999999988242719,3.428889300840928e-08,0.0009999999988242719,3.428889300840929e-08,0.0009999999988242719,3.428889300840928e-08,0.000999999998824272,3.428888966425662e-08
3,4823178.482239204,0.0,1.088863891527237e-09,-3.299793766800605e-05,0.999999998911136,3.299793766800605e-05,1.0,0.0,-0.001999999997822272,-6.59958807602834e-08,0.0009999999989111362,3.299793766800605e-08,0.000999999998911136,3.299793766800605e-08,0.0009999999989111362,3.299793766800605e-08,0.0009999999989111362,3.299794092392675e-08
3,5011872.336272615,0.0,1.008417242407698e-09,-3.175558598720534e-05,0.9999999989915827,3.175558598720534e-05,1.0,0.0,-0.001999999997983165,-6.351117676217655e-08,0.0009999999989915827,3.175558598720534e-08,0.0009999999989915827,3.175558598720534e-08,0.0009999999989915827,3.175558598720535e-08,0.0009999999989915825,3.175558936349861e-08
3,5207948.328595351,0.0,9.339140940313418e-10,-3.056000806870224e-05,0.9999999990660858,3.056000806870225e-05,1.0,0.0,-0.001999999998132172,-6.112001926794619e-08,0.0009999999990660858,3.056000806870225e-08,0.0009999999990660858,3.056000806870225e-08,0.000999999999066086,3.056000806870224e-08,0.000999999999066086,3.056001049640184e-08
3,5411695.26546452,0.0,8.649153330055388e-10,-2.940944290967546e-05,0.9999999991350847,2.940944290967546e-05,1.0,0.0,-0.001999999998270169,-5.881888398562296e-08,0.0009999999991350847,2.940944290967546e-08,0.0009999999991350847,2.940944290967546e-08,0.0009999999991350847,2.940944290967546e-08,0.0009999999991350847,2.940944010533131e-08
3,5623413.251903369,0.0,8.010142881933674e-10,-2.830219580795355e-05,0.9999999991989856,2.830219580795355e-05,1.0,0.0,-0.001999999998397972,-5.660439228449832e-08,0.0009999999991989858,2.830219580795355e-08,0.0009999999991989856,2.830219580795355e-08,0.0009999999991989858,2.830219580795355e-08,0.0009999999991989858,2.830219855523957e-08
3,5843414.13373505,0.0,7.418343338385339e-10,-2.723663586583732e-05,0.9999999992581656,2.723663586583732e-05,1.0,0.0,-0.001999999998516331,-5.447327566798776e-08,0.0009999999992581657,2.723663586583732e-08,0.0009999999992581657,2.723663586583732e-08,0.0009999999992581657,2.723663586583732e-08,0.0009999999992581657,2.723663725626697e-08
3,6072021.956909753,0.0,6.870266697744682e-10,-2.621119358790176e-05,0.9999999993129733,2.621119358790177e-05,1.0,0.0,-0.001999999998625947,-5.242238643177188e-08,0.0009999999993129732,2.621119358790176e-08,0.0009999999993129734,2.621119358790177e-08,0.0009999999993129734,2.621119358790176e-08,0.0009999999993129734,2.621119313053368e-08
3,6309573.444801795,0.0,6.362682656343872e-10,-2.522435856923918e-05,0.9999999993637317,2.522435856923918e-05,1.0,0.0,-0.001999999998727464,-5.044871898007841e-08,0.0009999999993637319,2.522435856923918e-08,0.0009999999993637319,2.522435856923918e-08,0.0009999999993637319,2.522435856923917e-08,0.0009999999993637319,2.522435835780775e-08
3,6556418.494179646,0.0,5.892599569457322e-10,-2.427467727073843e-05,0.9999999994107401,2.427467727073843e-05,1.0,0.0,-0.00199999999882148,-4.854935298226337e-08,0.00099999999941074,2.427467727073843e-08,0.0009999999994107403,2.427467727073843e-08,0.00099999999941074,2.427467727073843e-08,0.0009999999994107403,2.427467340582893e-08
3,6812920.690579464,0.0,5.457246818875671e-10,-2.336075087812358e-05,0.9999999994542753,2.336075087812358e-05,1.0,0.0,-0.001999999998908551,-4.672149600537523e-08,0.0009999999994542753,2.336075087812358e-08,0.0009999999994542753,2.336075087812358e-08,0.0009999999994542753,2.336075087812359e-08,0.0009999999994542753,2.336075112529491e-08
3,7079457.843841224,0.0,5.054058483185815e-10,-2.248123324159834e-05,0.9999999994945942,2.248123324159834e-05,1.0,0.0,-0.001999999998989188,-4.496246219787281e-08,0.0009999999994945942,2.248123324159835e-08,0.0009999999994945942,2.248123324159835e-08,0.0009999999994945942,2.248123324159835e-08,0.0009999999994945942,2.248123235111367e-08
3,7356422.544596251,0.0,4.680658214511366e-10,-2.163482889306155e-05,0.9999999995319343,2.163482889306156e-05,1.0,0.0,-0.001999999999063869,-4.326965097334323e-08,0.0009999999995319343,2.163482889306155e-08,0.0009999999995319343,2.163482889306156e-08,0.0009999999995319341,2.163482889306155e-08,0.0009999999995319343,2.163482315513928e-08
3,7644222.742525834,0.0,4.334845232578761e-10,-2.082029113797325e-05,0.9999999995665156,2.082029113797325e-05,1.0,0.0,-0.001999999999133031,-4.164056832678398e-08,0.0009999999995665156,2.082029113797325e-08,0.0009999999995665156,2.082029113797325e-08,0.0009999999995665156,2.082029113797325e-08,0.0009999999995665156,2.082028327357635e-08
3,7943282.347242639,0.0,4.014581353559579e-10,-2.003642021906082e-05,0.9999999995985419,2.003642021906082e-05,1.0,0.0,-0.001999999999197084,-4.007283394003025e-08,0.0009999999995985419,2.003642021906082e-08,0.0009999999995985419,2.003642021906082e-08,0.0009999999995985419,2.003642021906082e-08,0.0009999999995985419,2.003641790519593e-08
3,8254041.852680001,0.0,3.717978977238443e-10,-1.928206154916042e-05,0.9999999996282021,1.928206154916042e-05,1.0,0.0,-0.001999999999256404,-3.856412433833611e-08,0.0009999999996282022,1.928206154916042e-08,0.0009999999996282022,1.928206154916042e-08,0.0009999999996282022,1.928206154916042e-08,0.0009999999996282022,1.928206300420042e-08
3,8576958.98590875,0.0,3.443289961704242e-10,-1.855610401059074e-05,0.999999999655671,1.855610401059074e-05,1.0,0.0,-0.001999999999311342,-3.711220841751128e-08,0.000999999999655671,1.855610401059074e-08,0.000999999999655671,1.855610401059074e-08,0.000999999999655671,1.855610401059074e-08,0.0009999999996556709,1.855610474236721e-08
3,8912509.381337257,0.0,3.188895319993299e-10,-1.785747831855437e-05,0.9999999996811105,1.785747831855437e-05,1.0,0.0,-0.001999999999362221,-3.571495454934848e-08,0.0009999999996811104,1.785747831855437e-08,0.0009999999996811106,1.785747831855437e-08,0.0009999999996811104,1.785747831855437e-08,0.0009999999996811104,1.785747486823834e-08
3,9261187.281287728,0.0,2.953295677957637e-10,-1.718515544615597e-05,0.9999999997046704,1.718515544615597e-05,1.0,0.0,-0.001999999999409341,-3.437031637076871e-08,0.0009999999997046703,1.718515544615597e-08,0.0009999999997046703,1.718515544615597e-08,0.0009999999997046705,1.718515544615597e-08,0.0009999999997046705,1.718516020774554e-08
3,9623506.26398067,0.0,2.735102437118068e-10,-1.653814510871757e-05,0.9999999997264898,1.653814510871757e-05,1.0,0.0,-0.00199999999945298,-3.307629015125713e-08,0.0009999999997264899,1.653814510871757e-08,0.0009999999997264899,1.653814510871757e-08,0.0009999999997264899,1.653814510871757e-08,0.0009999999997264899,1.653814334098914e-08
3,10000000.0,0.0,2.53302959041682e-10,-1.591549430515809e-05,0.9999999997466971,1.591549430515809e-05,1.0,0.0,-0.001999999999493394,-3.183098584713662e-08,0.0009999999997466972,1.591549430515809e-08,0.000999999999746697,1.591549430515809e-08,0.000999999999746697,1.591549430515809e-08,0.000999999999746697,1.591549274326319e-08
