case,frequency_real,frequency_imag,v(out)_real,v(out)_imag,v(sum)_real,v(sum)_imag,v(vn)_real,v(vn)_imag,v(in)_real,v(in)_imag,v(vp)_real,v(vp)_imag,i(vp)_real,i(vp)_imag,i(vin)_real,i(vin)_imag,i(cf)_real,i(cf)_imag,i(rf)_real,i(rf)_imag,i(vn)_real,i(vn)_imag,i(ri)_real,i(ri)_imag
1,1.0,0.0,-99.59664078940874,6.258222347690987,0.000100432040738777,3.708248781679047e-06,0.0,0.0,1.0,0.0,0.0,0.0,4.949600340479262e-05,3.116770771477071e-08,-9.998995679592613e-05,3.708248781679047e-10,-3.932154740446068e-07,-6.257847810855788e-06,-9.959674122144947e-05,6.258218639442205e-06,4.949600340479262e-05,3.116770771477071e-08,9.998995679592613e-05,-3.708248781679047e-10
1,1.039122303835169,0.0,-99.56540325828219,6.501018805211261,0.0001004505498191734,3.852115488115571e-06,0.0,0.0,1.0,0.0,0.0,0.0,4.949615897635751e-05,3.23769023645044e-08,-9.998995494501809e-05,3.852115488115571e-10,-4.244511357355238e-07,-6.500629737694847e-06,-9.956550370883201e-05,6.501014953095773e-06,4.949615897635751e-05,3.23769023645044e-08,9.998995494501809e-05,-3.852115488115571e-10
1,1.07977516232771,0.0,-99.53169574236664,6.753066640677248,0.0001004705224322304,4.001464012915477e-06,0.0,0.0,1.0,0.0,0.0,0.0,4.949632685008243e-05,3.363217143903439e-08,-9.998995294775678e-05,4.001464012915477e-10,-4.581566343971746e-07,-6.752662488810478e-06,-9.953179621288906e-05,6.753062639213235e-06,4.949632685008243e-05,3.363217143903439e-08,9.998995294775678e-05,-4.001464012915477e-10
1,1.122018454301963,0.0,-99.49532482131414,7.014697918343541,0.0001004920731847252,4.156491118089677e-06,0.0,0.0,1.0,0.0,0.0,0.0,4.949650798697647e-05,3.493516889321e-08,-9.998995079268153e-05,4.156491118089677e-10,-4.945253788021413e-07,-7.01427810858412e-06,-9.949542531338733e-05,7.014693761852422e-06,4.949650798697647e-05,3.493516889321e-08,9.998995079268153e-05,-4.156491118089677e-10
1,1.165914401179831,0.0,-99.4560822390517,7.28625411459247,0.0001005153254740023,4.31739914278355e-06,0.0,0.0,1.0,0.0,0.0,0.0,4.949670342443211e-05,3.628759508920578e-08,-9.99899484674526e-05,4.31739914278355e-10,-5.337656125600993e-07,-7.285818052961651e-06,-9.945618275437716e-05,7.286249797193327e-06,4.949670342443211e-05,3.628759508920578e-08,9.998994846745262e-05,-4.31739914278355e-10
1,1.211527658628588,0.0,-99.41374381716074,7.568086063205421,0.0001005404121318263,4.484395970856284e-06,0.0,0.0,1.0,0.0,0.0,0.0,4.949691428244238e-05,3.769119751816641e-08,-9.998994595878683e-05,4.484395970856284e-10,-5.761015006735328e-07,-7.567633134727969e-06,-9.941384435757287e-05,7.56808157880945e-06,4.949691428244238e-05,3.769119751816641e-08,9.998994595878683e-05,-4.484395970856284e-10
1,1.258925411794167,0.0,-99.36806829720868,7.860553849740895,0.0001005674761103309,4.657694968305003e-06,0.0,0.0,1.0,0.0,0.0,0.0,4.949714175916005e-05,3.914776941242796e-08,-9.998994325238898e-05,4.657694968305003e-10,-6.217742871367122e-07,-7.8600834178914e-06,-9.936816886468478e-05,7.860549192045926e-06,4.949714175916005e-05,3.914776941242796e-08,9.998994325238898e-05,-4.657694968305003e-10
1,1.308177474260194,0.0,-99.31879610884816,8.164026647667994,0.0001005966712119533,4.837514886177602e-06,0.0,0.0,1.0,0.0,0.0,0.0,4.949738714954933e-05,4.065914913489513e-08,-9.99899403328788e-05,4.837514886177602e-10,-6.71043526762763e-07,-8.163538053826975e-06,-9.931889670551937e-05,8.164021810153107e-06,4.949738714954933e-05,4.065914913489513e-08,9.99899403328788e-05,-4.837514886177602e-10
1,1.359356390878525,0.0,-99.2656480606285,8.478882488081565,0.0001006281628651646,5.024079724131336e-06,0.0,0.0,1.0,0.0,0.0,0.0,4.949765184094501e-05,4.222722001250773e-08,-9.998993718371348e-05,5.024079724131337e-10,-7.24188394293971e-07,-8.478375051005346e-06,-9.926574868879136e-05,8.47887746400184e-06,4.949765184094501e-05,4.222722001250773e-08,9.99899371837135e-05,-5.024079724131337e-10
1,1.412537544622754,0.0,-99.2083239506603,8.80550795392981,0.0001006621289476875,5.217618549263287e-06,0.0,0.0,1.0,0.0,0.0,0.0,4.949793733170415e-05,4.38539065059712e-08,-9.998993378710524e-05,5.217618549263287e-10,-7.815090736538635e-07,-8.804980969238714e-06,-9.920842461278924e-05,8.805502736311261e-06,4.949793733170415e-05,4.38539065059712e-08,9.998993378710524e-05,-5.217618549263287e-10
1,1.467799267622069,0.0,-99.14650109455174,9.144297788712686,0.0001006987606587346,5.418365264262849e-06,0.0,0.0,1.0,0.0,0.0,0.0,4.949824522765344e-05,4.55411752644683e-08,-9.998993012393413e-05,5.41836526426285e-10,-8.433282299229766e-07,-9.143750528402628e-06,-9.91466017933124e-05,9.144292370347422e-06,4.949824522765344e-05,4.55411752644683e-08,9.998993012393413e-05,-5.41836526426285e-10
1,1.525222956539018,0.0,-99.07983276840538,9.495654408557453,0.0001007382634415743,5.626558318312883e-06,0.0,0.0,1.0,0.0,0.0,0.0,4.949857725274729e-05,4.729103018516656e-08,-9.998992617365584e-05,5.626558318312884e-10,-9.099925662487553e-07,-9.495086120540744e-06,-9.907993350666882e-05,9.495648781999134e-06,4.949857725274729e-05,4.729103018516656e-08,9.998992617365584e-05,-5.626558318312884e-10
1,1.584893192461112,0.0,-99.00794656514877,9.859987305444621,0.0001007808579574495,5.842440353494971e-06,0.0,0.0,1.0,0.0,0.0,0.0,4.949893526771961e-05,4.910551041481661e-08,-9.998992191420426e-05,5.842440353494971e-10,-9.818744674166516e-07,-9.859397213126476e-06,-9.900804734600672e-05,9.859981463004267e-06,4.949893526771961e-05,4.910551041481661e-08,9.998992191420426e-05,-5.842440353494971e-10
1,1.646897865482867,0.0,-98.93044266308594,10.2377123281428,0.0001008267811115077,6.06625777873424e-06,0.0,0.0,1.0,0.0,0.0,0.0,4.949932125853745e-05,5.098668713010527e-08,-9.998991732188885e-05,6.06625777873424e-10,-1.059373731195007e-06,-1.023709963004088e-05,-9.893054348986705e-05,1.023770626188502e-05,4.949932125853745e-05,5.098668713010527e-08,9.998991732188885e-05,-6.06625777873424e-10
1,1.71132830416178,0.0,-98.8468920063246,10.62925082611575,0.0001008762871309466,6.298260262551971e-06,0.0,0.0,1.0,0.0,0.0,0.0,4.949973736482276e-05,5.29366590967631e-08,-9.998991237128691e-05,6.298260262551971e-10,-1.142919387798902e-06,-1.062861469553097e-05,-9.884699288261172e-05,1.062924452785549e-05,4.949973736482276e-05,5.29366590967631e-08,9.998991237128691e-05,-6.298260262551971e-10
1,1.778279410038921,0.0,-98.75683439767869,11.0350286402927,0.0001009296486950211,6.538700135080907e-06,0.0,0.0,1.0,0.0,0.0,0.0,4.950018587718782e-05,5.495754678538217e-08,-9.99899070351305e-05,6.538700135080907e-10,-1.232971606873438e-06,-1.103436822504036e-05,-9.875693532732738e-05,1.103502210159256e-05,4.950018587718782e-05,5.495754678538217e-08,9.99899070351305e-05,-6.538700135080907e-10
1,1.847849797422289,0.0,-98.6597765057954,11.45547492314967,0.0001009871581158746,6.787831688943212e-06,0.0,0.0,1.0,0.0,0.0,0.0,4.950066925233429e-05,5.705148748643432e-08,-9.998990128418842e-05,6.787831688943213e-10,-1.330023690247719e-06,-1.145478934536126e-05,-9.865987749295352e-05,1.145546813531799e-05,4.950066925233429e-05,5.705148748643432e-08,9.998990128418842e-05,-6.787831688943213e-10
1,1.9201419386388,0.0,-98.55518978963867,11.89102076904453,0.0001010491285683379,7.045910367699142e-06,0.0,0.0,1.0,0.0,0.0,0.0,4.950119012371133e-05,5.922062848239921e-08,-9.998989508714317e-05,7.045910367699142e-10,-1.434604147326801e-06,-1.189030912505148e-05,-9.855529083876725e-05,1.189101372313417e-05,4.950119012371133e-05,5.922062848239921e-08,9.998989508714317e-05,-7.045910367699142e-10
1,1.995262314968878,0.0,-98.44250834511489,12.34209763419569,0.000101115895365862,7.313191829654261e-06,0.0,0.0,1.0,0.0,0.0,0.0,4.950175130950923e-05,6.14671180549573e-08,-9.998988841046342e-05,7.313191829654261e-10,-1.547278848337269e-06,-1.23413589945077e-05,-9.844260946101024e-05,1.234209032100386e-05,4.950175130950923e-05,6.14671180549573e-08,9.998988841046342e-05,-7.313191829654261e-10
1,2.073321573485953,0.0,-98.32112668058063,12.80913552411186,0.00010118781727859,7.589930873875694e-06,0.0,0.0,1.0,0.0,0.0,0.0,4.950235582420575e-05,6.379309804649511e-08,-9.998988121827215e-05,7.589930873875694e-10,-1.668653248686398e-06,-1.280836893350367e-05,-9.832122786839791e-05,1.280912793418099e-05,4.950235582420575e-05,6.379309804649511e-08,9.998988121827213e-05,-7.589930873875694e-10
1,2.154434690031882,0.0,-98.19039743027139,13.29256092469324,0.0001012652778882119,7.87638021432728e-06,0.0,0.0,1.0,0.0,0.0,0.0,4.95030068927769e-05,6.620069253582971e-08,-9.998987347221118e-05,7.87638021432728e-10,-1.799374675396616e-06,-1.329176540241521e-05,-9.819049869554927e-05,1.329255304831302e-05,4.95030068927769e-05,6.620069253582971e-08,9.998987347221118e-05,-7.87638021432728e-10
1,2.238721138568337,0.0,-98.04962901737255,13.79279445166505,0.0001013486869726583,8.172789087109597e-06,0.0,0.0,1.0,0.0,0.0,0.0,4.95037079595788e-05,6.869199618086629e-08,-9.998986513130275e-05,8.172789087109598e-10,-1.940134663894542e-06,-1.379196899179446e-05,-9.804973036605951e-05,1.379278627887596e-05,4.95037079595788e-05,6.869199618086629e-08,9.998986513130275e-05,-8.172789087109598e-10
1,2.326305067153623,0.0,-97.89808328156431,14.3102481915132,0.0001014384819118439,8.479401674907143e-06,0.0,0.0,1.0,0.0,0.0,0.0,4.950446269989398e-05,7.126906134001023e-08,-9.998985615180883e-05,8.479401674907143e-10,-2.091671330324095e-06,-1.430939176346463e-05,-9.789818472004622e-05,1.431023971211152e-05,4.950446269989398e-05,7.126906134001023e-08,9.998985615180883e-05,-8.479401674907143e-10
1,2.417315480804101,0.0,-97.73497308945407,14.84532270571953,0.0001015351291035514,8.79645533193206e-06,0.0,0.0,1.0,0.0,0.0,0.0,4.950527503503039e-05,7.393388286211089e-08,-9.998984648708965e-05,8.79645533193206e-10,-2.254771760971351e-06,-1.484443425493455e-05,-9.773507462458318e-05,1.48453139092642e-05,4.950527503503039e-05,7.393388286211089e-08,9.998984648708965e-05,-8.79645533193206e-10
1,2.511886431509577,0.0,-97.55945995040763,15.39840366890399,0.0001016391253761149,9.12417859194848e-06,0.0,0.0,1.0,0.0,0.0,0.0,4.950614913853867e-05,7.66883816551597e-08,-9.998983608746239e-05,9.124178591948481e-10,-2.430274396290271e-06,-1.539748211774203e-05,-9.7559561589533e-05,1.53983945447254e-05,4.950614913853867e-05,7.66883816551597e-08,9.99898360874624e-05,-9.124178591948481e-10
1,2.610157215682533,0.0,-97.37065166495157,15.96985811054933,0.0001017509993818061,9.462788941409273e-06,0.0,0.0,1.0,0.0,0.0,0.0,4.950708945841662e-05,7.95343854794309e-08,-9.998982490006183e-05,9.462788941409273e-10,-2.619071382359873e-06,-1.596890235940346e-05,-9.737075341595094e-05,1.596984864776039e-05,4.950708945841662e-05,7.95343854794309e-08,9.998982490006183e-05,-9.462788941409273e-10
1,2.712272579332025,0.0,-97.16760003817629,16.56003022940086,0.0001018713129517036,9.812490339392038e-06,0.0,0.0,1.0,0.0,0.0,0.0,4.950810071089191e-05,8.247360863039875e-08,-9.998981286870484e-05,9.81249033939204e-10,-2.82211085734428e-06,-1.655903915806409e-05,-9.716770190948923e-05,1.656002041691052e-05,4.950810071089191e-05,8.247360863039875e-08,9.998981286870484e-05,-9.81249033939204e-10
1,2.81838293126445,0.0,-96.94929869646462,17.16923674951025,0.0001020006623893412,1.01734704659474e-05,0.0,0.0,1.0,0.0,0.0,0.0,4.950918791417293e-05,8.550762840200819e-08,-9.998979993376107e-05,1.01734704659474e-09,-3.040399134633391e-06,-1.716820921881972e-05,-9.694940069712702e-05,1.716922657603978e-05,4.950918791417293e-05,8.550762840200819e-08,9.998979993376107e-05,-1.01734704659474e-09
1,2.928644564625232,0.0,-96.71468105242522,17.79776178735352,0.0001021396796765387,1.054589768074625e-05,0.0,0.0,1.0,0.0,0.0,0.0,4.951035637512604e-05,8.863785999563288e-08,-9.998978603203234e-05,1.054589768074625e-09,-3.275002737787784e-06,-1.779669664114186e-05,-9.67147831921049e-05,1.779775124145584e-05,4.951035637512604e-05,8.863785999563288e-08,9.998978603203234e-05,-1.054589768074625e-09
1,3.043219887107717,0.0,-96.4626184701371,18.44585120064857,0.0001022890335605451,1.092991767462083e-05,0.0,0.0,1.0,0.0,0.0,0.0,4.951161171858552e-05,9.186552743223033e-08,-9.998977109664396e-05,1.092991767462083e-09,-3.527050235184256e-06,-1.844474726803352e-05,-9.646272075917066e-05,1.844584027073089e-05,4.951161171858552e-05,9.186552743223033e-08,9.998977109664394e-05,-1.092991767462083e-09
1,3.162277660168374,0.0,-96.19191869070835,19.11370639159588,0.0001024494304869368,1.132564979783727e-05,0.0,0.0,1.0,0.0,0.0,0.0,4.951295988024809e-05,9.519163390938525e-08,-9.998975505695131e-05,1.132564979783727e-09,-3.797733814363049e-06,-1.911256248964064e-05,-9.619202114013882e-05,1.911369506594608e-05,4.951295988024809e-05,9.519163390938525e-08,9.998975505695131e-05,-1.132564979783727e-09
1,3.285993247600649,0.0,-95.90132458668694,19.80147754045785,0.0001026216153376631,1.173318305082954e-05,0.0,0.0,1.0,0.0,0.0,0.0,4.951440712177198e-05,9.861692782848306e-08,-9.998973783846624e-05,1.173318305082954e-09,-4.088310527542363e-06,-1.980029247723654e-05,-9.590142720830228e-05,1.98014658072748e-05,4.951440712177198e-05,9.861692782848306e-08,9.998973783846624e-05,-1.173318305082954e-09
1,3.414548873833596,0.0,-95.58951332298022,20.50925624989287,0.0001028063719282242,1.215257172579017e-05,0.0,0.0,1.0,0.0,0.0,0.0,4.95159600281124e-05,1.021418648250802e-07,-9.998971936280718e-05,1.215257172579017e-09,-4.400103130648687e-06,-2.050802882799599e-05,-9.558961612935215e-05,2.050924409732115e-05,4.95159600281124e-05,1.021418648250802e-07,9.998971936280718e-05,-1.215257172579017e-09
1,3.548133892335748,0.0,-95.25509601154263,21.23706758650092,0.0001030045232122776,1.258383069109364e-05,0.0,0.0,1.0,0.0,0.0,0.0,4.951762552173235e-05,1.05766570021319e-07,-9.998969954767877e-05,1.258383069109364e-09,-4.73450042860842e-06,-2.123579660701729e-05,-9.525519901606584e-05,2.123705500267023e-05,4.951762552173235e-05,1.05766570021319e-07,9.998969954767877e-05,-1.258383069109364e-09
1,3.686945064519569,0.0,-94.89661795703812,21.98486151387205,0.0001032169311360771,1.302693031516935e-05,0.0,0.0,1.0,0.0,0.0,0.0,4.951941084395092e-05,1.094907938390486e-07,-9.99896783068864e-05,1.302693031516935e-09,-5.092957029700199e-06,-2.198354578088329e-05,-9.489672117396925e-05,2.198484848694174e-05,4.951941084395092e-05,1.094907938390486e-07,9.998967830688639e-05,-1.302693031516935e-09
1,3.831186849557281,0.0,-94.51255960077485,22.75250372131883,0.0001034444960791655,1.348179103230228e-05,0.0,0.0,1.0,0.0,0.0,0.0,4.95213235620487e-05,1.133138681460132e-07,-9.99896555503921e-05,1.348179103230228e-09,-5.476992401676664e-06,-2.275114204694277e-05,-9.451266304527093e-05,2.275249023952779e-05,4.95213235620487e-05,1.133138681460132e-07,9.99896555503921e-05,-1.348179103230228e-09
1,3.981071705534965,0.0,-94.10133828018068,23.53976586468976,0.0001036881558118381,1.394827756007645e-05,0.0,0.0,1.0,0.0,0.0,0.0,4.952337156038599e-05,1.172346549635448e-07,-9.998963118441883e-05,1.394827756007645e-09,-5.888189112394162e-06,-2.353835707470791e-05,-9.41014419683365e-05,2.35397519164122e-05,4.952337156038599e-05,1.172346549635448e-07,9.998963118441883e-05,-1.394827756007645e-09
1,4.136820402388499,0.0,-93.66131093059647,24.34631525046548,0.0001039488838942571,1.442619278694953e-05,0.0,0.0,1.0,0.0,0.0,0.0,4.952556302086288e-05,1.212514973947028e-07,-9.998960511161058e-05,1.442619278694954e-09,-6.328190128181321e-06,-2.43448581905678e-05,-9.366141487948036e-05,2.434630082427269e-05,4.952556302086288e-05,1.212514973947028e-07,9.998960511161058e-05,-1.442619278694954e-09
1,4.298662347082268,0.0,-93.19077786478033,25.17170401197667,0.0001042276874369937,1.491527135889672e-05,0.0,0.0,1.0,0.0,0.0,0.0,4.952790640693203e-05,1.25362165667432e-07,-9.99895772312563e-05,1.491527135889672e-09,-6.798695034560851e-06,-2.517019755465414e-05,-9.319088209246776e-05,2.517168909670531e-05,4.952790640693203e-05,1.25362165667432e-07,9.99895772312563e-05,-1.491527135889672e-09
1,4.466835921509622,0.0,-92.68798777271743,26.01535784726066,0.0001045256041385052,1.541517300631496e-05,0.0,0.0,1.0,0.0,0.0,0.0,4.953041044405875e-05,1.295637989588724e-07,-9.998954743958616e-05,1.541517300631496e-09,-7.301455036738987e-06,-2.601380089937185e-05,-9.268809229832158e-05,2.601534243208765e-05,4.953041044405875e-05,1.295637989588724e-07,9.998954743958616e-05,-1.541517300631496e-09
1,4.641588833612769,0.0,-92.15114408948563,26.87656441193714,0.0001048436985120033,1.592547566651759e-05,0.0,0.0,1.0,0.0,0.0,0.0,4.953308407708845e-05,1.338528498842047e-07,-9.99895156301488e-05,1.592547566651759e-09,-7.83826659212097e-06,-2.687495592296934e-05,-9.215124893318413e-05,2.687654848646147e-05,4.953308407708845e-05,1.338528498842047e-07,9.99895156301488e-05,-1.592547566651759e-09
1,4.823178482239296,0.0,-91.57841288130508,27.75446148759124,0.0001051830572127564,1.64456684732123e-05,0.0,0.0,1.0,0.0,0.0,0.0,4.953593644004854e-05,1.382250241005141e-07,-9.998948169427872e-05,1.64456684732123e-09,-8.410963524733392e-06,-2.775280045862978e-05,-9.157851806436229e-05,2.775444504192277e-05,4.953593644004854e-05,1.382250241005141e-07,9.998948169427872e-05,-1.64456684732123e-09
1,5.011872336272711,0.0,-90.96793239866096,28.64802507644205,0.0001055447833776069,1.697514470230242e-05,0.0,0.0,1.0,0.0,0.0,0.0,4.953897680552226e-05,1.426752216870115e-07,-9.998944552166224e-05,1.697514470230242e-09,-9.021407472673103e-06,-2.864631056985197e-05,-9.096803794344434e-05,2.864800810129735e-05,4.953897680552226e-05,1.426752216870115e-07,9.998944552166224e-05,-1.697514470230242e-09
1,5.207948328595451,0.0,-90.31782443959897,29.55605760632692,0.0001059299898919117,1.751319478305437e-05,0.0,0.0,1.0,0.0,0.0,0.0,4.954221452602895e-05,1.471974787472982e-07,-9.998940700101081e-05,1.751319478305437e-09,-9.671476525491974e-06,-2.955428875614064e-05,-9.031793036958885e-05,2.955604009313214e-05,4.954221452602895e-05,1.471974787472982e-07,9.998940700101081e-05,-1.751319478305437e-09
1,5.411695265464624,0.0,-89.62620765494106,30.47717646582775,0.0001063397915058426,1.80589995048846e-05,0.0,0.0,1.0,0.0,0.0,0.0,4.954565897273964e-05,1.517849096777661e-07,-9.998936602084942e-05,1.80589995048846e-09,-1.036305191977708e-05,-3.047535248881875e-05,-8.962631399473256e-05,3.047715840682824e-05,4.954565897273964e-05,1.517849096777661e-07,9.998936602084942e-05,-1.80589995048846e-09
1,5.623413251903477,0.0,-88.89121290920028,31.40980312704765,0.0001067752957326298,1.861162357234652e-05,0.0,0.0,1.0,0.0,0.0,0.0,4.954931945376475e-05,1.564296527666654e-07,-9.998932247042674e-05,1.861162357234652e-09,-1.109800267915543e-05,-3.140792333445522e-05,-8.889131968449601e-05,3.140978451542408e-05,4.954931945376475e-05,1.564296527666654e-07,9.998932247042674e-05,-1.861162357234652e-09
1,5.843414133735162,0.0,-88.11100078532121,32.35215315217332,0.0001072375924765308,1.917000968378568e-05,0.0,0.0,1.0,0.0,0.0,0.0,4.955320512977703e-05,1.611228204561109e-07,-9.998927624075235e-05,1.917000968378567e-09,-1.187816811060111e-05,-3.235021696202524e-05,-8.811110802291368e-05,3.235213398216363e-05,4.955320512977703e-05,1.611228204561109e-07,9.998927624075235e-05,-1.917000968378567e-09
1,6.07202195690987,0.0,-87.28378128703878,33.30222741826904,0.0001077277423586504,1.97329733318315e-05,0.0,0.0,1.0,0.0,0.0,0.0,4.955732491542382e-05,1.658544575976929e-07,-9.998922722576415e-05,1.97329733318315e-09,-1.270533810325527e-05,-3.330023436822956e-05,-8.728388901478114e-05,3.330220768529571e-05,4.955732491542382e-05,1.658544575976929e-07,9.998922722576413e-05,-1.97329733318315e-09
1,6.309573444801917,0.0,-86.40783574875921,34.25780493113641,0.0001082467637347456,2.029919854545482e-05,0.0,0.0,1.0,0.0,0.0,0.0,4.956168737185741e-05,1.706135017064917e-07,-9.998917532362653e-05,2.029919854545482e-09,-1.358123121985681e-05,-3.425575469178411e-05,-8.640794399552293e-05,3.425778463193786e-05,4.956168737185741e-05,1.706135017064917e-07,9.998917532362653e-05,-2.029919854545482e-09
1,6.556418494179772,0.0,-85.48154090877698,35.21643763156212,0.0001087956184311942,2.086723481257081e-05,0.0,0.0,1.0,0.0,0.0,0.0,4.95663005815019e-05,1.753877620888823e-07,-9.998912043815689e-05,2.086723481257081e-09,-1.450747062496584e-05,-3.521433001997882e-05,-8.54816497043954e-05,3.52164167643273e-05,4.95663005815019e-05,1.753877620888823e-07,9.998912043815688e-05,-2.086723481257081e-09
1,6.812920690579594,0.0,-84.50339503705274,36.17544762354552,0.0001093751962635813,2.143549543773177e-05,0.0,0.0,1.0,0.0,0.0,0.0,4.957117202370821e-05,1.801639007466981e-07,-9.998906248037365e-05,2.143549543773177e-09,-1.548555795874943e-05,-3.617328261707081e-05,-8.4503504412249e-05,3.617542618805008e-05,4.957117202370821e-05,1.801639007466981e-07,9.998906248037365e-05,-2.143549543773177e-09
1,7.07945784384136,0.0,-83.47204593383705,37.13192727149363,0.0001099862984467589,2.200225759976231e-05,0.0,0.0,1.0,0.0,0.0,0.0,4.957630843264551e-05,1.849274383724352e-07,-9.998900137015533e-05,2.200225759976231e-09,-1.651684534003353e-05,-3.712970502147379e-05,-8.347215592013549e-05,3.713190526923603e-05,4.957630843264551e-05,1.849274383724352e-07,9.998900137015534e-05,-2.200225759976231e-09
1,7.356422544596393,0.0,-82.38632053088375,38.08274261900564,0.000110629620055328,2.256566437752769e-05,0.0,0.0,1.0,0.0,0.0,0.0,4.958171565163999e-05,1.896627658955727e-07,-9.998893703799447e-05,2.256566437752769e-09,-1.760250576686104e-05,-3.808046346433785e-05,-8.23864311605038e-05,3.808272005334126e-05,4.958171565163999e-05,1.896627658955727e-07,9.998893703799447e-05,-2.256566437752769e-09
1,7.644222742525981,0.0,-81.24525573431225,39.02454057271108,0.0001113057317484101,2.312372900659989e-05,0.0,0.0,1.0,0.0,0.0,0.0,4.958739847596721e-05,1.9435318378447e-07,-9.998886942682516e-05,2.31237290065999e-09,-1.874350227547546e-05,-3.902220505295769e-05,-8.1245367040044e-05,3.902451744898206e-05,4.958739847596721e-05,1.9435318378447e-07,9.998886942682516e-05,-2.31237290065999e-09
1,7.943282347242792,0.0,-80.04813004963721,39.95376026767448,0.0001120150610309635,2.367434161361675e-05,0.0,0.0,1.0,0.0,0.0,0.0,4.959336050008545e-05,1.989809586677445e-07,-9.99887984938969e-05,2.367434161361675e-09,-1.994055631718362e-05,-3.995136913549716e-05,-8.004824206469825e-05,3.995373659333286e-05,4.959336050008545e-05,1.989809586677445e-07,9.99887984938969e-05,-2.367434161361675e-09
1,8.25404185268016,0.0,-78.79449542827848,40.86664898337242,0.0001127578733838663,2.421527864697965e-05,0.0,0.0,1.0,0.0,0.0,0.0,4.959960395332267e-05,2.035274008278431e-07,-9.998872421266162e-05,2.421527864697965e-09,-2.11941159137519e-05,-4.086420321601381e-05,-7.879460818615186e-05,4.086662476809377e-05,4.959960395332267e-05,2.035274008278431e-07,9.998872421266162e-05,-2.421527864697965e-09
1,8.576958985908915,0.0,-77.4842086751178,41.75928290890744,0.0001135342536540919,2.474421518085742e-05,0.0,0.0,1.0,0.0,0.0,0.0,4.960612955066255e-05,2.079729685620133e-07,-9.998864657463459e-05,2.474421518085742e-09,-2.250432425172891e-05,-4.175678371842995e-05,-7.748432220937145e-05,4.175925816469226e-05,4.960612955066255e-05,2.079729685620133e-07,9.998864657463459e-05,-2.474421518085742e-09
1,8.912509381337427,0.0,-76.11746166341126,42.62759296145322,0.0001143440881515569,2.52587402133679e-05,0.0,0.0,1.0,0.0,0.0,0.0,4.961293633553687e-05,2.122973954138688e-07,-9.998856559118485e-05,2.52587402133679e-09,-2.387098946934138e-05,-4.262504180343295e-05,-7.61175760074994e-05,4.262756770271301e-05,4.961293633553687e-05,2.122973954138688e-07,9.998856559118484e-05,-2.52587402133679e-09
1,9.261187281287906,0.0,-74.69480952239398,43.46739574250921,0.0001151870479472049,2.575637500905268e-05,0.0,0.0,1.0,0.0,0.0,0.0,4.962002154482241e-05,2.164798496014254e-07,-9.998848129520529e-05,2.575637500905268e-09,-2.529355647057633e-05,-4.346479432287693e-05,-7.469492470944193e-05,4.34673699861342e-05,4.962002154482241e-05,2.164798496014254e-07,9.998848129520529e-05,-2.575637500905268e-09
1,9.623506263980856,0.0,-73.21719590058436,44.27442957334832,0.0001160625739038171,2.623459445091316e-05,0.0,0.0,1.0,0.0,0.0,0.0,4.962738047694641e-05,2.204991027710112e-07,-9.998839374260962e-05,2.623459445091316e-09,-2.677108166338881e-05,-4.427177985307419e-05,-7.321731196315827e-05,4.427440333875387e-05,4.962738047694641e-05,2.204991027710112e-07,9.998839374260962e-05,-2.623459445091316e-09
1,9.999999999999968,0.0,-71.68597437068738,45.04439538667757,0.0001169698639930287,2.66908512698862e-05,0.0,0.0,1.0,0.0,0.0,0.0,4.963500639196655e-05,2.243337480450811e-07,-9.998830301360071e-05,2.66908512698862e-09,-2.83022115560795e-05,-4.504169958400847e-05,-7.168609134055137e-05,4.504436869582629e-05,4.963500639196655e-05,2.243337480450811e-07,9.998830301360071e-05,-2.66908512698862e-09
1,10.39122303835166,0.0,-70.10292503648668,45.77300207042808,0.0001179078634552973,2.71226029123287e-05,0.0,0.0,1.0,0.0,0.0,0.0,4.964289042452939e-05,2.279624136291397e-07,-9.998820921365448e-05,2.71226029123287e-09,-2.988516615139647e-05,-4.577026266041134e-05,-7.010304294435013e-05,4.577297494782516e-05,4.964289042452939e-05,2.279624136291397e-07,9.998820921365448e-05,-2.71226029123287e-09
1,10.79775162327706,0.0,-68.47026543385277,46.45601566807503,0.0001188752583407617,2.752734069260346e-05,0.0,0.0,1.0,0.0,0.0,0.0,4.965102153013563e-05,2.313640119458028e-07,-9.998811247416593e-05,2.752734069260347e-09,-3.151772804617955e-05,-4.645323537913774e-05,-6.84703843091111e-05,4.645598814073434e-05,4.965102153013563e-05,2.313640119458028e-07,9.998811247416593e-05,-2.752734069260347e-09
1,11.2201845430196,0.0,-66.79065489133154,47.08931164608916,0.0001198704729254748,2.790262076302549e-05,0.0,0.0,1.0,0.0,0.0,0.0,4.965938646471198e-05,2.345180025356255e-07,-9.998801295270746e-05,2.790262076302549e-09,-3.319723807103251e-05,-4.708649345348947e-05,-6.679077476180446e-05,4.70892837434684e-05,4.965938646471198e-05,2.345180025356255e-07,9.998801295270746e-05,-2.790262076302549e-09
1,11.65914401179828,0.0,-65.06719163319212,47.66892925271438,0.0001208916714279262,2.824609632297828e-05,0.0,0.0,1.0,0.0,0.0,0.0,4.966796979748974e-05,2.374046602870004e-07,-9.99879108328572e-05,2.824609632297828e-09,-3.492059818710198e-05,-4.766607636873967e-05,-6.506731252486355e-05,4.766890100661805e-05,4.966796979748974e-05,2.374046602870004e-07,9.99879108328572e-05,-2.824609632297828e-09
1,12.11527658628584,0.0,-63.30340206935973,48.19112682400772,0.0001219367643550466,2.855555038931167e-05,0.0,0.0,1.0,0.0,0.0,0.0,4.967675396651598e-05,2.400053489951277e-07,-9.99878063235645e-05,2.855555038931167e-09,-3.668428219550366e-05,-4.818824268486285e-05,-6.330352400612408e-05,4.819109826845734e-05,4.967675396651598e-05,2.400053489951277e-07,9.998780632356451e-05,-2.855555038931167e-09
1,12.58925411794163,0.0,-61.50322191958173,48.65243675416331,0.0001230034196866481,2.882892836782173e-05,0.0,0.0,1.0,0.0,0.0,0.0,4.968571937191225e-05,2.423028011382334e-07,-9.998769965803134e-05,2.882892836782173e-09,-3.84843546120265e-05,-4.864952500356922e-05,-6.150334492300141e-05,4.865240792523495e-05,4.968571937191225e-05,2.423028011382334e-07,9.998769965803134e-05,-2.882892836782173e-09
1,13.08177474260189,0.0,-59.67096905765078,49.04971874840743,0.0001240890789659555,2.906436960711075e-05,0.0,0.0,1.0,0.0,0.0,0.0,4.969484450688095e-05,2.442813754493272e-07,-9.998759109210341e-05,2.906436960711075e-09,-4.031649782128456e-05,-4.904678321801272e-05,-5.967109314672974e-05,4.904968968403782e-05,4.969484450688095e-05,2.442813754493272e-07,9.998759109210341e-05,-2.906436960711075e-09
1,13.59356390878521,0.0,-57.81130822668454,49.38020992776899,0.0001251909782067557,2.926023708710181e-05,0.0,0.0,1.0,0.0,0.0,0.0,4.970410614289045e-05,2.459273122675124e-07,-9.998748090217933e-05,2.926023708710181e-09,-4.217604735932559e-05,-4.937725461456296e-05,-5.781143341766275e-05,4.93801806675319e-05,4.970410614289045e-05,2.459273122675124e-07,9.998748090217933e-05,-2.926023708710181e-09
1,14.12537544622749,0.0,-55.92920805674281,49.64157036320572,0.0001263061733616192,2.941514439932637e-05,0.0,0.0,1.0,0.0,0.0,0.0,4.971347953217991e-05,2.472289586912294e-07,-9.998736938266384e-05,2.941514439932637e-09,-4.405803489344149e-05,-4.963859940420624e-05,-5.592933436291617e-05,4.964154094806132e-05,4.971347953217991e-05,2.472289586912294e-07,9.998736938266384e-05,-2.941514439932637e-09
1,14.67799267622064,0.0,-54.02989109771318,49.83192268629749,0.0001274315699287647,2.952797921742151e-05,0.0,0.0,1.0,0.0,0.0,0.0,4.97229386662191e-05,2.481769644216088e-07,-9.998725684300713e-05,2.952797921742151e-09,-4.595723818629243e-05,-4.982894033086854e-05,-5.403001852928311e-05,4.983189315831827e-05,4.97229386662191e-05,2.481769644216088e-07,9.998725684300713e-05,-2.952797921742151e-09
1,15.25222956539013,0.0,-52.11877784839399,49.94988455574583,0.0001285639561163378,2.959792253450347e-05,0.0,0.0,1.0,0.0,0.0,0.0,4.973245654837928e-05,2.487644460754882e-07,-9.998714360438837e-05,2.959792253450347e-09,-4.786823706347433e-05,-4.994689513597192e-05,-5.21189064123501e-05,4.994985495782329e-05,4.973245654837928e-05,2.487644460754882e-07,9.998714360438837e-05,-2.959792253450347e-09
1,15.84893192461107,0.0,-50.2014260018223,49.9945929499483,0.0001297000388411946,2.962446305727288e-05,0.0,0.0,1.0,0.0,0.0,0.0,4.974200550079878e-05,2.489871035367931e-07,-9.998702999611589e-05,2.962446305727288e-09,-4.978547416455471e-05,-4.999160084955505e-05,-5.020155570186114e-05,4.999456332548523e-05,4.974200550079878e-05,2.489871035367931e-07,9.998702999611589e-05,-2.962446305727288e-09
1,16.46897865482862,0.0,-48.28346632288095,49.96571949858205,0.0001308364817231502,2.960740629049585e-05,0.0,0.0,1.0,0.0,0.0,0.0,4.975155748146277e-05,2.488433038894015e-07,-9.998691635182768e-05,2.960740629049585e-09,-5.170331906162853e-05,-4.99627291209393e-05,-4.828359715936267e-05,4.996568989117576e-05,4.975155748146277e-05,2.488433038894015e-07,9.998691635182768e-05,-2.960740629049585e-09
1,17.11328304161774,0.0,-46.37053671496501,49.86347634933453,0.0001319699441522585,2.954687801330754e-05,0.0,0.0,1.0,0.0,0.0,0.0,4.976108441060887e-05,2.483341005129823e-07,-9.998680300558478e-05,2.954687801330755e-09,-5.361613418870568e-05,-4.986049208510829e-05,-4.637066868490915e-05,4.986344680245651e-05,4.976108441060887e-05,2.483341005129823e-07,9.998680300558478e-05,-2.954687801330755e-09
1,17.78279410038916,0.0,-44.46821610909644,49.68861237553882,0.0001330971204612964,2.944332203224582e-05,0.0,0.0,1.0,0.0,0.0,0.0,4.977055850379399e-05,2.474632264216552e-07,-9.998669028795387e-05,2.944332203224582e-09,-5.551834094863986e-05,-4.968563857057024e-05,-4.44683492062169e-05,4.968858293221679e-05,4.977055850379399e-05,2.474632264216552e-07,9.998669028795387e-05,-2.944332203224582e-09
1,18.47849797422283,0.0,-42.58195981641895,49.44239985036601,0.0001342147782311556,2.929749228546633e-05,0.0,0.0,1.0,0.0,0.0,0.0,4.977995259208275e-05,2.462370152161081e-07,-9.998657852217689e-05,2.929749228546634e-09,-5.740448435676493e-05,-4.943944077434767e-05,-4.258209403119718e-05,4.944237055287372e-05,4.977995259208275e-05,2.462370152161081e-07,9.998657852217689e-05,-2.929749228546634e-09
1,19.20141938638794,0.0,-40.71703792300308,49.12661202646903,0.0001353197947935838,2.911043955819748e-05,0.0,0.0,1.0,0.0,0.0,0.0,4.978924042802492e-05,2.446643002753396e-07,-9.998646802052064e-05,2.911043955819748e-09,-5.926929464240301e-05,-4.912367184296322e-05,-4.071717324279787e-05,4.912658291602948e-05,4.978924042802492e-05,2.446643002753396e-07,9.998646802052066e-05,-2.911043955819748e-09
1,19.95262314968871,0.0,-38.87847817832693,48.7434923501437,0.000136409191071301,2.888349324142481e-05,0.0,0.0,1.0,0.0,0.0,0.0,4.979839697409143e-05,2.427562535522664e-07,-9.998635908089287e-05,2.888349324142481e-09,-6.110774435696567e-05,-4.874057508844282e-05,-3.8878614587518e-05,4.874346346665046e-05,4.979839697409143e-05,2.427562535522664e-07,9.998635908089288e-05,-2.888349324142481e-09
1,20.73321573485946,0.0,-37.07101464378145,48.29571629152153,0.0001374801620051468,2.86182387153806e-05,0.0,0.0,1.0,0.0,0.0,0.0,4.980739865203039e-05,2.405261990562445e-07,-9.99862519837995e-05,2.86182387153806e-09,-6.291509972237588e-05,-4.829282582079305e-05,-3.707115212394344e-05,4.829568767328281e-05,4.980739865203039e-05,2.405261990562445e-07,9.99862519837995e-05,-2.86182387153806e-09
1,21.54434690031875,0.0,-35.2990431365678,47.78634697521439,0.0001385301029547735,2.831649105963841e-05,0.0,0.0,1.0,0.0,0.0,0.0,4.981622356979677e-05,2.379893925848074e-07,-9.998614698970452e-05,2.831649105963841e-09,-6.468696518450367e-05,-4.778348698130088e-05,-3.529918166667076e-05,4.778631865872333e-05,4.981622356979677e-05,2.379893925848074e-07,9.998614698970453e-05,-2.831649105963841e-09
1,22.3872113856833,0.0,-33.56658424130507,47.21878594098408,0.0001395566316152672,2.798026587762152e-05,0.0,0.0,1.0,0.0,0.0,0.0,4.9824851703851e-05,2.35162774810051e-07,-9.998604433683848e-05,2.798026587762152e-09,-6.641932039934516e-05,-4.721595990615019e-05,-3.356672379793668e-05,4.72187579607182e-05,4.9824851703851e-05,2.35162774810051e-07,9.998604433683848e-05,-2.798026587762152e-09
1,23.26305067153616,0.0,-31.87725438166094,46.59672044722615,0.0001405576051579876,2.761174807264081e-05,0.0,0.0,1.0,0.0,0.0,0.0,4.983326504282184e-05,2.320647101541627e-07,-9.998594423948421e-05,2.761174807264082e-09,-6.810854915966053e-05,-4.659393163305906e-05,-3.18773949392661e-05,4.659669283547808e-05,4.983326504282184e-05,2.320647101541627e-07,9.998594423948421e-05,-2.761174807264082e-09
1,24.17315480804093,0.0,-30.23424516252445,45.92406875123319,0.0001415311324708879,2.721325942512586e-05,0.0,0.0,1.0,0.0,0.0,0.0,4.984144769186733e-05,2.287147105659165e-07,-9.998584688675292e-05,2.721325942512587e-09,-6.975146005156488e-05,-4.592132018481801e-05,-3.023438669365692e-05,4.592404153797376e-05,4.984144769186733e-05,2.287147105659165e-07,9.998584688675292e-05,-2.721325942512587e-09
1,25.11886431509569,0.0,-28.64031092374593,45.2049247629942,0.0001424755815332602,2.678722579866473e-05,0.0,0.0,1.0,0.0,0.0,0.0,4.984938593395915e-05,2.251331672907742e-07,-9.998575244184668e-05,2.678722579866473e-09,-7.134529890004361e-05,-4.52022192264013e-05,-2.864045339932746e-05,4.52048979757684e-05,4.984938593395915e-05,2.251331672907742e-07,9.998575244184668e-05,-2.678722579866473e-09
1,26.10157215682525,0.0,-27.09776420139764,44.44350338051576,0.0001433895821050613,2.633614474987059e-05,0.0,0.0,1.0,0.0,0.0,0.0,4.985706825164296e-05,2.213410702064879e-07,-9.99856610417895e-05,2.63361447498706e-09,-7.288775330742018e-05,-4.444084340355988e-05,-2.709790759097974e-05,4.444347704437101e-05,4.985706825164296e-05,2.213410702064879e-07,9.99856610417895e-05,-2.63361447498706e-09
1,27.12272579332016,0.0,-25.60847858133148,43.64408768350204,0.0001442720240361021,2.586255423938193e-05,0.0,0.0,1.0,0.0,0.0,0.0,4.986448531393777e-05,2.173597502513435e-07,-9.99855727975964e-05,2.586255423938193e-09,-7.437694979996887e-05,-4.36414755396613e-05,-2.560862285335552e-05,4.364406182094779e-05,4.986448531393777e-05,2.173597502513435e-07,9.99855727975964e-05,-2.586255423938193e-09
1,28.18382931264441,0.0,-24.1738982590193,42.8109789993449,0.0001451220516015844,2.536900304479126e-05,0.0,0.0,1.0,0.0,0.0,0.0,4.987162992859635e-05,2.132106294019201e-07,-9.998548779483985e-05,2.536900304479126e-09,-7.581144426864689e-05,-4.280841670466837e-05,-2.41740433810709e-05,4.281095363034185e-05,4.987162992859635e-05,2.132106294019201e-07,9.998548779483985e-05,-2.536900304479126e-09
1,29.28644564625223,0.0,-22.79505349265673,41.94845067194056,0.0001459390543457204,2.485802336760503e-05,0.0,0.0,1.0,0.0,0.0,0.0,4.987849696416758e-05,2.089149906348658e-07,-9.998540609456543e-05,2.485802336760503e-09,-7.719020651691527e-05,-4.194593998672241e-05,-2.279519943171108e-05,4.194842581391719e-05,4.987849696416758e-05,2.089149906348658e-07,9.998540609456543e-05,-2.485802336760503e-09
1,30.43219887107707,0.0,-21.47258105381792,41.06070617077998,0.0001467226549641669,2.433210601194031e-05,0.0,0.0,1.0,0.0,0.0,0.0,4.988508324985431e-05,2.044937683167784e-07,-9.998532773450358e-05,2.433210601194031e-09,-7.851259981130807e-05,-4.105824860374065e-05,-2.147272777647288e-05,4.106068183867396e-05,4.988508324985431e-05,2.044937683167784e-07,9.998532773450358e-05,-2.433210601194031e-09
1,31.62277660168364,0.0,-20.20674873956497,40.15184198500683,0.0001474726947799393,2.379367839845128e-05,0.0,0.0,1.0,0.0,0.0,0.0,4.989138745183452e-05,1.999673634630829e-07,-9.998525273052202e-05,2.379367839845128e-09,-7.977835637078958e-05,-4.014943879969489e-05,-2.020689621225975e-05,4.015181819132842e-05,4.989138745183452e-05,1.999673634630829e-07,9.9985252730522e-05,-2.379367839845128e-09
1,32.85993247600639,0.0,-18.99748300784812,39.22581556319421,0.0001481892173686907,2.324508556798819e-05,0.0,0.0,1.0,0.0,0.0,0.0,4.989740993592672e-05,1.953554851981741e-07,-9.998518107826314e-05,2.324508556798819e-09,-8.098754973300844e-05,-3.922346778630676e-05,-1.899763119706549e-05,3.922579231810864e-05,4.989740993592672e-05,1.953554851981741e-07,9.998518107826314e-05,-2.324508556798819e-09
1,34.14548873833585,0.0,-17.84439882885782,38.28641839118223,0.0001488724508709806,2.268857422970399e-05,0.0,0.0,1.0,0.0,0.0,0.0,4.990315262048538e-05,1.906770173066013e-07,-9.998511275491291e-05,2.268857422970399e-09,-8.214056490473173e-05,-3.828412682249646e-05,-1.784454770130869e-05,3.8286395702608e-05,4.990315262048538e-05,1.906770173066013e-07,9.99851127549129e-05,-2.268857422970399e-09
1,35.48133892335737,0.0,-16.74683090244523,37.33725415228611,0.0001495227894951099,2.212627982061124e-05,0.0,0.0,1.0,0.0,0.0,0.0,4.990861881819417e-05,1.859499063225806e-07,-9.99850477210505e-05,2.212627982061125e-09,-8.323806714629299e-05,-3.733501937589795e-05,-1.674698042523472e-05,3.733723202600629e-05,4.990861881819417e-05,1.859499063225806e-07,9.99850477210505e-05,-2.212627982061125e-09
1,36.86945064519557,0.0,-15.70386546923484,36.38172178951378,0.0001501407746681785,2.156021646972063e-05,0.0,0.0,1.0,0.0,0.0,0.0,4.991381308007958e-05,1.81191079595531e-07,-9.998498592253319e-05,2.156021646972063e-09,-8.428097016238288e-05,-3.637954418609012e-05,-1.570401561000951e-05,3.638170022929731e-05,4.991381308007958e-05,1.81191079595531e-07,9.998498592253319e-05,-2.156021646972063e-09
1,38.31186849557268,0.0,-14.71437203417982,35.42300318942524,0.0001507270762390224,2.099226970063607e-05,0.0,0.0,1.0,0.0,0.0,0.0,4.991874103619391e-05,1.764163851159826e-07,-9.99849272923761e-05,2.099226970063607e-09,-8.5270404380393e-05,-3.54208829491932e-05,-1.471452276125605e-05,3.542298219715553e-05,4.991874103619391e-05,1.764163851159826e-07,9.99849272923761e-05,-2.099226970063607e-09
1,39.81071705534952,0.0,-13.77703442011179,34.46405513177983,0.0001512824740781472,2.042419166175362e-05,0.0,0.0,1.0,0.0,0.0,0.0,4.992340924207147e-05,1.716405473286977e-07,-9.998487175259219e-05,2.042419166175362e-09,-8.620768589872384e-05,-3.44619922679978e-05,-1.377718570258586e-05,3.446403470758817e-05,4.992340924207147e-05,1.716405473286977e-07,9.998487175259219e-05,-2.042419166175362e-09
1,41.36820402388486,0.0,-12.89038067010999,33.50760509686497,0.0001518078403597671,1.985759864225074e-05,0.0,0.0,1.0,0.0,0.0,0.0,4.992782502762713e-05,1.668771495911463e-07,-9.998481921596402e-05,1.985759864225074e-09,-8.709428658620587e-05,-3.35055994595445e-05,-1.289053247795036e-05,3.350758523926633e-05,4.992782502762713e-05,1.668771495911463e-07,9.998481921596404e-05,-1.985759864225074e-09
1,42.98662347082254,0.0,-12.0528114169298,32.55615049124155,0.0001523041227521528,1.929397061358982e-05,0.0,0.0,1.0,0.0,0.0,0.0,4.993199635871157e-05,1.621386301767024e-07,-9.998476958772479e-05,1.929397061358983e-09,-8.793180571436809e-05,-3.255420178091562e-05,-1.205296372105255e-05,3.255613119727093e-05,4.993199635871157e-05,1.621386301767024e-07,9.998476958772479e-05,-1.929397061358983e-09
1,44.66835921509607,0.0,-11.26262643190012,31.61196083990333,0.0001527723286866935,1.873465252871254e-05,0.0,0.0,1.0,0.0,0.0,0.0,4.993593170255222e-05,1.574362931548306e-07,-9.998472276713134e-05,1.873465252871254e-09,-8.87219434101302e-05,-3.161006862126327e-05,-1.126277920422881e-05,3.16119421052508e-05,4.993593170255222e-05,1.574362931548306e-07,9.998472276713134e-05,-1.873465252871254e-09
1,46.41588833612754,0.0,-10.51804915214357,30.67708249555124,0.0001532135108248565,1.818085711270385e-05,0.0,0.0,1.0,0.0,0.0,0.0,4.993963990751608e-05,1.52780327708968e-07,-9.998467864891752e-05,1.818085711270385e-09,-8.946647613004959e-05,-3.0675246210802e-05,-1.05182023656544e-05,3.067706431469413e-05,4.993963990751608e-05,1.52780327708968e-07,9.998467864891752e-05,-1.818085711270385e-09
1,48.2317848223928,0.0,-9.817249062065766,29.75334543080189,0.000153628753796551,1.763366888766216e-05,0.0,0.0,1.0,0.0,0.0,0.0,4.994313008958944e-05,1.481798492147784e-07,-9.998463712462035e-05,1.763366888766216e-09,-9.016723428017205e-05,-2.975156441261057e-05,-9.817402690819562e-06,2.9753327797133e-05,4.994313008958944e-05,1.481798492147784e-07,9.998463712462035e-05,-1.763366888766216e-09
1,50.11872336272695,0.0,-9.158361871910348,28.84237170373778,0.0001540191622437892,1.709404918908142e-05,0.0,0.0,1.0,0.0,0.0,0.0,4.994641153356801e-05,1.436429354334249e-07,-9.998459808377563e-05,1.709404918908142e-09,-9.082608203868387e-05,-2.884064518767563e-05,-9.15851589107259e-06,2.884235460968859e-05,4.994641153356801e-05,1.436429354334249e-07,9.998459808377563e-05,-1.709404918908142e-09
1,52.07948328595435,0.0,-8.539507492514156,27.94558521856726,0.0001543858501701593,1.656284194963303e-05,0.0,0.0,1.0,0.0,0.0,0.0,4.994949360279578e-05,1.391766775818325e-07,-9.9984561414983e-05,1.656284194963303e-09,-9.144489938223282e-05,-2.794391235496751e-05,-8.539661878364326e-06,2.794556865572531e-05,4.994949360279578e-05,1.391766775818325e-07,9.9984561414983e-05,-1.656284194963303e-09
1,54.11695265464607,0.0,-7.958805851437828,27.0642224388878,0.0001547299315693408,1.604078004740368e-05,0.0,0.0,1.0,0.0,0.0,0.0,4.995238566083878e-05,1.347872338454404e-07,-9.998452700684307e-05,1.604078004740368e-09,-9.202556627074377e-05,-2.706260230406223e-05,-7.958960581369397e-06,2.706420639810776e-05,4.995238566083878e-05,1.347872338454404e-07,9.998452700684308e-05,-1.604078004740368e-09
1,56.2341325190346,0.0,-7.414390631972158,26.1993437490918,0.0001550525122843723,1.552849203818865e-05,0.0,0.0,1.0,0.0,0.0,0.0,4.995509700204064e-05,1.304798855554913e-07,-9.998449474877157e-05,1.552849203818865e-09,-9.256994890923462e-05,-2.619777535586745e-05,-7.414545684484443e-06,2.619932822059975e-05,4.995509700204064e-05,1.304798855554913e-07,9.998449474877156e-05,-1.552849203818865e-09
1,58.43414133735143,0.0,-6.904421043959224,25.35184519813093,0.000155354683033123,1.502650911435652e-05,0.0,0.0,1.0,0.0,0.0,0.0,4.99576367944016e-05,1.262590944765419e-07,-9.998446453169669e-05,1.502650911435652e-09,-9.307988797769972e-05,-2.535032750568387e-05,-6.904576398642257e-06,2.535183017162181e-05,4.99576367944016e-05,1.262590944765419e-07,9.99844645316967e-05,-1.502650911435652e-09
1,60.7202195690985,0.0,-6.427091754902819,24.52247039783053,0.0001556375135238412,1.45352721553033e-05,0.0,0.0,1.0,0.0,0.0,0.0,4.996001402895235e-05,1.221285645348676e-07,-9.998443624864762e-05,1.45352721553033e-09,-9.355718870059375e-05,-2.452100232080757e-05,-6.427247392416343e-06,2.452245586255837e-05,4.996001402895235e-05,1.221285645348676e-07,9.998443624864762e-05,-1.45352721553033e-09
1,63.09573444801896,0.0,-5.98064112252884,23.71182238421203,0.0001559020475771401,1.405513875600295e-05,0.0,0.0,1.0,0.0,0.0,0.0,4.996223747895328e-05,1.180912991059732e-07,-9.998440979524229e-05,1.405513875600295e-09,-9.400361261476382e-05,-2.371040280114253e-05,-5.980797024576417e-06,2.371180832907327e-05,4.996223747895328e-05,1.180912991059732e-07,9.998440979524229e-05,-1.405513875600295e-09
1,65.5641849417975,0.0,-5.563357876856134,22.92037528412472,0.0001561492991666908,1.358639014021372e-05,0.0,0.0,1.0,0.0,0.0,0.0,4.996431566719849e-05,1.141496589682391e-07,-9.998438507008333e-05,1.358639014021372e-09,-9.442087088777874e-05,-2.291900304513418e-05,-5.5635140261553e-06,2.292036169773458e-05,4.996431566719849e-05,1.141496589682391e-07,9.998438507008333e-05,-1.358639014021372e-09
1,68.12920690579573,0.0,-5.173586401975368,22.14848566044017,0.0001563802492896256,1.312923788324043e-05,0.0,0.0,1.0,0.0,0.0,0.0,4.996625683903733e-05,1.103054204786103e-07,-9.998436197507105e-05,1.312923788324043e-09,-9.481061903646613e-05,-2.214715959428472e-05,-5.173742782224657e-06,2.214847253120228e-05,4.996625683903733e-05,1.103054204786103e-07,9.998436197507103e-05,-1.312923788324043e-09
1,70.79457843841337,0.0,-4.80973076606016,21.39640343686569,0.000156595843578648,1.268383038562652e-05,0.0,0.0,1.0,0.0,0.0,0.0,4.996806894266792e-05,1.065598277530826e-07,-9.998434041564214e-05,1.268383038562652e-09,-9.517445289714257e-05,-2.139512235731291e-05,-4.809887361903739e-06,2.13963907530353e-05,4.996806894266792e-05,1.065598277530826e-07,9.998434041564214e-05,-1.268383038562652e-09
1,73.56422544596369,0.0,-4.470257643511152,20.66428232799455,0.0001567969905705831,1.225025905370277e-05,0.0,0.0,1.0,0.0,0.0,0.0,4.996975961448223e-05,1.029136468455885e-07,-9.998432030094295e-05,1.225025905370277e-09,-9.551390570364421e-05,-2.066304503957986e-05,-4.470414440501722e-06,2.066427007773549e-05,4.996975961448223e-05,1.029136468455885e-07,9.998432030094295e-05,-1.225025905370277e-09
1,76.44222742525956,0.0,-4.153698266316701,19.95218972156394,0.0001569845605501446,1.182856415557252e-05,0.0,0.0,1.0,0.0,0.0,0.0,4.997133616951817e-05,9.9367212821457e-08,-9.998430154394499e-05,1.182856415557252e-09,-9.583044613608318e-05,-1.995099502475566e-05,-4.153855250877251e-06,1.995217789299979e-05,4.997133616951817e-05,9.9367212821457e-08,9.998430154394499e-05,-1.182856415557252e-09
1,79.43282347242767,0.0,-3.858649533354113,19.26011597816834,0.0001571593848926431,1.141874033194221e-05,0.0,0.0,1.0,0.0,0.0,0.0,4.997280559535333e-05,9.592047805211775e-08,-9.998428406151075e-05,1.141874033194221e-09,-9.612547721161234e-05,-1.925896267397608e-05,-3.858806692739005e-06,1.926010455942801e-05,4.997280559535333e-05,9.592047805211775e-08,9.998428406151073e-05,-1.141874033194221e-09
1,82.54041852680133,0.0,-3.583774396999665,18.58798312907108,0.0001573222558349098,1.102074175032855e-05,0.0,0.0,1.0,0.0,0.0,0.0,4.997417455099479e-05,9.257305418153377e-08,-9.998426777441652e-05,1.102074175032855e-09,-9.640033589783874e-05,-1.858687002313356e-05,-3.5839317192555e-06,1.858797210832932e-05,4.997417455099479e-05,9.257305418153377e-08,9.998426777441652e-05,-1.102074175032855e-09
1,85.76958985908888,0.0,-3.327801636512713,17.93565296550791,0.0001574739266095726,1.06344868987284e-05,0.0,0.0,1.0,0.0,0.0,0.0,4.997544936757298e-05,8.932425242729983e-08,-9.998425260733904e-05,1.06344868987284e-09,-9.665629333942578e-05,-1.793457887169666e-05,-3.327959110439323e-06,1.793564233102101e-05,4.997544936757298e-05,8.932425242729983e-08,9.998425260733904e-05,-1.06344868987284e-09
1,89.125093813374,0.0,-3.089525117569052,17.30293452324499,0.000157615111883803,1.025986302098176e-05,0.0,0.0,1.0,0.0,0.0,0.0,4.997663605181117e-05,8.617312243845046e-08,-9.998423848881162e-05,1.025986302098176e-09,-9.689455559851556e-05,-1.730189826682001e-05,-3.089682732680936e-06,1.730292426338197e-05,4.997663605181117e-05,8.617312243845046e-08,9.998423848881162e-05,-1.025986302098176e-09
1,92.61187281287877,0.0,-2.867802627321861,16.6895909744073,0.0001577464884495736,9.89673020094839e-06,0.0,0.0,1.0,0.0,0.0,0.0,4.997774029232593e-05,8.311848393681825e-08,-9.998422535115505e-05,9.896730200948391e-10,-9.711626481959824e-05,-1.668859139476028e-05,-2.867960373810311e-06,1.66895810776771e-05,4.997774029232593e-05,8.311848393681825e-08,9.998422535115505e-05,-9.896730200948391e-10
1,96.23506263980825,0.0,-2.661554364677416,16.09534594499977,0.0001578686961182108,9.544925106414666e-06,0.0,0.0,1.0,0.0,0.0,0.0,4.99787674668714e-05,8.01589611339494e-08,-9.998421313038819e-05,9.544925106414667e-10,-9.732250073914595e-05,-1.60943818980191e-05,-2.661712233373535e-06,1.609533640007467e-05,4.99787674668714e-05,8.01589611339494e-08,9.998421313038819e-05,-9.544925106414667e-10
1,99.99999999999936,0.0,-2.469761156240847,15.51988928135438,0.0001579823387774956,9.204264406497836e-06,0.0,0.0,1.0,0.0,0.0,0.0,4.997972265109609e-05,7.729300915441348e-08,-9.998420176612225e-05,9.204264406497836e-10,-9.751428246956029e-05,-1.551895964144506e-05,-2.469919138579624e-06,1.551988007708997e-05,4.997972265109609e-05,7.729300915441348e-08,9.998420176612225e-05,-9.204264406497836e-10
1,103.9122303835162,0.0,-2.291462459719853,14.96288229219175,0.0001580879855747007,8.874547878362302e-06,0.0,0.0,1.0,0.0,0.0,0.0,4.99806106288958e-05,7.451894112524677e-08,-9.998419120144253e-05,8.874547878362303e-10,-9.769257049564913e-05,-1.496198595398148e-05,-2.291620547705427e-06,1.496287341764387e-05,4.99806106288958e-05,7.451894112524677e-08,9.998419120144253e-05,-8.874547878362303e-10
1,107.9775162327703,0.0,-2.125754208537473,14.42396249530274,0.0001581861721937158,8.555561220435444e-06,0.0,0.0,1.0,0.0,0.0,0.0,4.998143590268313e-05,7.183495171268176e-08,-9.998418138278063e-05,8.555561220435444e-10,-9.78582688298848e-05,-1.442309837506392e-05,-2.125912394709667e-06,1.442395393974152e-05,4.998143590268313e-05,7.183495171268176e-08,9.998418138278063e-05,-8.555561220435444e-10
1,112.2018454301956,0.0,-1.971786544032248,13.90274789922976,0.0001582774021987806,8.247078590124816e-06,0.0,0.0,1.0,0.0,0.0,0.0,4.998220270507259e-05,6.923913832740825e-08,-9.998417225978013e-05,8.247078590124816e-10,-9.801222728006826e-05,-1.390191493604508e-05,-1.971944821434447e-06,1.390273965215117e-05,4.998220270507259e-05,6.923913832740825e-08,9.998417225978013e-05,-8.247078590124816e-10
1,116.5914401179824,0.0,-1.828761474925272,13.3988408509339,0.0001583621484213141,7.948864884397789e-06,0.0,0.0,1.0,0.0,0.0,0.0,4.998291501024651e-05,6.672952077552196e-08,-9.998416378515788e-05,7.94886488439779e-10,-9.815524378972201e-05,-1.339803800763171e-05,-1.828919837073693e-06,1.339883290206902e-05,4.998291501024651e-05,6.672952077552196e-08,9.998416378515786e-05,-7.94886488439779e-10
1,121.152765862858,0.0,-1.69593049769909,12.91183148042457,0.0001584408543699043,7.66067778157928e-06,0.0,0.0,1.0,0.0,0.0,0.0,4.998357654595933e-05,6.430405791187095e-08,-9.998415591456301e-05,7.660677781579281e-10,-9.828806681756874e-05,-1.291105774430795e-05,-1.69608893855346e-06,1.291182381974679e-05,4.998357654595933e-05,6.430405791187095e-08,9.998415591456302e-05,-7.660677781579281e-10
1,125.8925411794159,0.0,-1.572592206140032,12.4413007728347,0.000158513935646719,7.382269562430706e-06,0.0,0.0,1.0,0.0,0.0,0.0,4.998419080543085e-05,6.196066273908968e-08,-9.998414860643533e-05,7.382269562430706e-10,-9.841139772784571e-05,-1.244055515622662e-05,-1.572750720075678e-06,1.244129339056514e-05,4.998419080543085e-05,6.196066273908968e-08,9.998414860643534e-05,-7.382269562430706e-10
1,130.8177474260185,0.0,-1.458089913510615,11.98682329755956,0.0001585817813564341,7.113388728060931e-06,0.0,0.0,1.0,0.0,0.0,0.0,4.998476105912851e-05,5.969721628538758e-08,-9.998414182186436e-05,7.113388728060931e-10,-9.852589316799059e-05,-1.198610483818463e-05,-1.458248495291971e-06,1.198681618417083e-05,4.998476105912851e-05,5.969721628538758e-08,9.998414182186436e-05,-7.113388728060931e-10
1,135.9356390878516,0.0,-1.351809306602809,11.54796962293543,0.0001586447554962698,6.853781431543093e-06,0.0,0.0,1.0,0.0,0.0,0.0,4.998529036652183e-05,5.751158003904771e-08,-9.998413552445038e-05,6.853781431543093e-10,-9.863216741444732e-05,-1.154727738415706e-05,-1.351967951358305e-06,1.1547962769154e-05,4.998529036652183e-05,5.751158003904771e-08,9.998413552445037e-05,-6.853781431543093e-10
1,141.2537544622745,0.0,-1.253176147233514,11.12430844359627,0.0001587031983179172,6.603192739318987e-06,0.0,0.0,1.0,0.0,0.0,0.0,4.998578158746221e-05,5.540160571838996e-08,-9.998412968016821e-05,6.603192739318987e-10,-9.873079467103317e-05,-1.112364151452641e-05,-1.253334850431832e-06,1.112430184040353e-05,4.998578158746221e-05,5.540160571838996e-08,9.998412968016821e-05,-6.603192739318987e-10
1,146.7799267622059,0.0,-1.161654033535671,10.71540844617564,0.0001587574276540342,6.361367737600604e-06,0.0,0.0,1.0,0.0,0.0,0.0,4.998623739340318e-05,5.336514559684573e-08,-9.99841242572346e-05,6.361367737600604e-10,-9.882231130751384e-05,-1.071476594167277e-05,-1.161812790963325e-06,1.07154020848079e-05,4.998623739340318e-05,5.336514559684573e-08,9.99841242572346e-05,-6.361367737600604e-10
1,152.5222956539008,0.0,-1.076742230627587,10.32083993747294,0.0001588077402036329,6.128052498061494e-06,0.0,0.0,1.0,0.0,0.0,0.0,4.998666027811393e-05,5.140005927531887e-08,-9.998411922597964e-05,6.128052498061494e-10,-9.890721802880411e-05,-1.032022099804258e-05,-1.076901038367791e-06,1.032083380942044e-05,4.998666027811393e-05,5.140005927531887e-08,9.998411922597964e-05,-6.128052498061494e-10
1,158.4893192461102,0.0,-0.9979735778654752,9.940176257618882,0.0001588544127720893,5.902994916171887e-06,0.0,0.0,1.0,0.0,0.0,0.0,4.99870525682127e-05,4.950422189783651e-08,-9.99841145587228e-05,5.902994916171887e-10,-9.898598196759013e-05,-9.939580049229356e-06,-9.981324322782473e-07,9.940170354623965e-06,4.99870525682127e-05,4.950422189783651e-08,9.99841145587228e-05,-5.902994916171887e-10
1,164.6897865482857,0.0,-0.9249124778580221,9.572994999189316,0.0001588977034627072,5.685945434591937e-06,0.0,0.0,1.0,0.0,0.0,0.0,4.998741643310313e-05,4.767552986919795e-08,-9.998411022965373e-05,5.685945434591937e-10,-9.905903869519454e-05,-9.572420713014478e-06,-9.250713755614848e-07,9.57298931324388e-06,4.998741643310313e-05,4.767552986919795e-08,9.998411022965374e-05,-5.685945434591937e-10
1,171.1328304161769,0.0,-0.857152970707753,9.2188790516555,0.0001589378528177825,5.476657663112639e-06,0.0,0.0,1.0,0.0,0.0,0.0,4.998775389454313e-05,4.591190590648979e-08,-9.998410621471822e-05,5.47665766311264e-10,-9.91267941472198e-05,-9.218325903754869e-06,-8.573119085605707e-07,9.218873574997837e-06,4.998775389454313e-05,4.591190590648979e-08,9.998410621471824e-05,-5.47665766311264e-10
1,177.827941003891,0.0,-0.7943168955051332,8.877417489042385,0.0001589750849079683,5.274888905735325e-06,0.0,0.0,1.0,0.0,0.0,0.0,4.998806683591513e-05,4.421130325793362e-08,-9.998410249150921e-05,5.274888905735325e-10,-9.918962646194406e-05,-8.876884719988015e-06,-7.94475870590041e-07,8.877412214153479e-06,4.998806683591513e-05,4.421130325793362e-08,9.998410249150921e-05,-5.274888905735325e-10
1,184.7849797422278,0.0,-0.7360521399041889,8.548206317208843,0.000159009608369449,5.080400604617126e-06,0.0,0.0,1.0,0.0,0.0,0.0,4.998835701082345e-05,4.257170992173379e-08,-9.998409903916306e-05,5.080400604617126e-10,-9.924788773064086e-05,-8.54769319166738e-06,-7.362111495125583e-07,8.548201236808237e-06,4.998835701082345e-05,4.257170992173379e-08,9.998409903916306e-05,-5.080400604617126e-10
1,192.0141938638787,0.0,-0.682030977622004,8.23084909577573,0.0001590416173890175,4.892958709787304e-06,0.0,0.0,1.0,0.0,0.0,0.0,4.998862605144869e-05,4.099115136612397e-08,-9.99840958382611e-05,4.892958709787304e-10,-9.930190565998013e-05,-8.230354902053081e-06,-6.82190019239393e-07,8.23084420281702e-06,4.998862605144869e-05,4.099115136612397e-08,9.998409583826111e-05,-4.892958709787304e-10
1,199.5262314968865,0.0,-0.6319484929009958,7.924957448415388,0.0001590712926376246,4.712333982762051e-06,0.0,0.0,1.0,0.0,0.0,0.0,4.998887547634011e-05,3.946769347145835e-08,-9.998409287073624e-05,4.712333982762051e-10,-9.935198514747131e-05,-7.924481497970795e-06,-6.321075641936333e-07,7.924952736081406e-06,4.998887547634011e-05,3.946769347145835e-08,9.998409287073624e-05,-4.712333982762051e-10
1,207.332157348594,0.0,-0.5855210903273205,7.630151473984155,0.0001590988021533529,4.538302241455034e-06,0.0,0.0,1.0,0.0,0.0,0.0,4.998910669789578e-05,3.799944419554627e-08,-9.998409011978466e-05,4.538302241455034e-10,-9.939840977155635e-05,-7.629693100919463e-06,-5.856801891294738e-07,7.630146935681912e-06,4.998910669789578e-05,3.799944419554627e-08,9.998409011978466e-05,-4.538302241455034e-10
1,215.4434690031867,0.0,-0.5424850878888585,7.346060069828399,0.0001591243021750683,4.370644553099506e-06,0.0,0.0,1.0,0.0,0.0,0.0,4.998932102932573e-05,3.658455512796457e-08,-9.99840875697825e-05,4.370644553099507e-10,-9.944144319846717e-05,-7.345618630357892e-06,-5.426442121910335e-07,7.346055699183845e-06,4.998932102932573e-05,3.658455512796457e-08,9.99840875697825e-05,-4.370644553099507e-10
1,223.8721138568323,0.0,-0.5025953907621339,7.072321177525683,0.000159147937928238,4.209147381264023e-06,0.0,0.0,1.0,0.0,0.0,0.0,4.998951969126473e-05,3.522122326641448e-08,-9.998408520620719e-05,4.209147381264024e-10,-9.948133050835918e-05,-7.071896049431028e-06,-5.027545387000622e-07,7.072316968378302e-06,4.998951969126473e-05,3.522122326641448e-08,9.998408520620719e-05,-4.209147381264024e-10
1,232.6305067153608,0.0,-0.4656242430218016,6.808581960333001,0.0001591698443645774,4.053602692457884e-06,0.0,0.0,1.0,0.0,0.0,0.0,4.998970381799997e-05,3.390769129427746e-08,-9.998408301556355e-05,4.053602692457885e-10,-9.951829944352753e-05,-6.808172542407458e-06,-4.657834128661661e-07,6.808577906730308e-06,4.998970381799997e-05,3.390769129427746e-08,9.998408301556355e-05,-4.053602692457885e-10
1,241.7315480804085,0.0,-0.4313600542536211,6.554498920702246,0.0001591901468573153,3.903808027282038e-06,0.0,0.0,1.0,0.0,0.0,0.0,4.998987446332398e-05,3.264224813572673e-08,-9.998408098531428e-05,3.903808027282039e-10,-9.955256158172364e-05,-6.554104632187683e-06,-4.315192444004784e-07,6.554495016894218e-06,4.998987446332398e-05,3.264224813572673e-08,9.998408098531428e-05,-3.903808027282039e-10
1,251.1886431509561,0.0,-0.3996062979087663,6.309737965385416,0.0001592089618539485,3.759566540584837e-06,0.0,0.0,1.0,0.0,0.0,0.0,4.999003260597472e-05,3.142323034350608e-08,-9.998407910381461e-05,3.759566540584837e-10,-9.958431343773502e-05,-6.30935824540525e-06,-3.997655068706203e-07,6.309734205818875e-06,4.999003260597472e-05,3.142323034350608e-08,9.998407910381461e-05,-3.759566540584837e-10
1,261.0157215682516,0.0,-0.3701804781522183,6.073974424885069,0.0001592263974884148,3.62068701462802e-06,0.0,0.0,1.0,0.0,0.0,0.0,4.999017915485717e-05,3.024902060012876e-08,-9.998407736025116e-05,3.62068701462802e-10,-9.961373749647507e-05,-6.073608731875905e-06,-3.703397045497067e-07,6.073970804198054e-06,4.999017915485717e-05,3.024902060012876e-08,9.998407736025116e-05,-3.62068701462802e-10
1,271.2272579332007,0.0,-0.3429131619207539,5.846893033305166,0.0001592425541546248,3.486983848852978e-06,0.0,0.0,1.0,0.0,0.0,0.0,4.999031495377556e-05,2.911804888361171e-08,-9.998407574458454e-05,3.486983848852978e-10,-9.964100318086709e-05,-5.846540844449448e-06,-3.430724044749085e-07,5.846889546321317e-06,4.999031495377556e-05,2.911804888361171e-08,9.998407574458454e-05,-3.486983848852978e-10
1,281.8382931264431,0.0,-0.3176470729079833,5.628187874019402,0.0001592575250433025,3.358277029459727e-06,0.0,0.0,1.0,0.0,0.0,0.0,4.999044078602004e-05,2.802879141276362e-08,-9.998407424749568e-05,3.358277029459727e-10,-9.966626775780511e-05,-5.627848684681149e-06,-3.178063304330266e-07,5.628184515742372e-06,4.999044078602004e-05,2.802879141276362e-08,9.998407424749567e-05,-3.358277029459727e-10
1,292.8644564625213,0.0,-0.294236244227533,5.417562295994547,0.0001592713966440567,3.234392081667475e-06,0.0,0.0,1.0,0.0,0.0,0.0,4.999055737854734e-05,2.697977081371838e-08,-9.99840728603356e-05,3.234392081667475e-10,-9.968967718544008e-05,-5.417235619159905e-06,-2.94395515624177e-07,5.417559061602466e-06,4.999055737854734e-05,2.697977081371838e-08,9.99840728603356e-05,-3.234392081667475e-10
1,304.3219887107697,0.0,-0.2725452265644013,5.214728805080448,0.0001592842492145739,3.115160007214265e-06,0.0,0.0,1.0,0.0,0.0,0.0,4.999066540592727e-05,2.596955517624549e-08,-9.998407157507854e-05,3.115160007214265e-10,-9.971136690498066e-05,-5.214414170804558e-06,-2.727045108136159e-07,5.21472568992044e-06,4.999066540592727e-05,2.596955517624549e-08,9.998407157507856e-05,-3.115160007214265e-10
1,316.2277660168354,0.0,-0.252448348703349,5.019408934102894,0.0001592961572187778,3.000417209371674e-06,0.0,0.0,1.0,0.0,0.0,0.0,4.999076549404463e-05,2.499675772068308e-08,-9.998407038427813e-05,3.000417209371674e-10,-9.973146258012145e-05,-5.01910588896433e-06,-2.526076448605678e-07,5.019405933685684e-06,4.999076549404463e-05,2.499675772068308e-08,9.998407038427813e-05,-3.000417209371674e-10
1,328.5993247600628,0.0,-0.2338290274172357,4.831333095165437,0.0001593071897357403,2.89000540749552e-06,0.0,0.0,1.0,0.0,0.0,0.0,4.999085822350794e-05,2.406003557669259e-08,-9.998406928102643e-05,2.890005407495521e-10,-9.975008078711226e-05,-4.831041201729275e-06,-2.339883346069714e-07,4.83133020516003e-06,4.999085822350794e-05,2.406003557669259e-08,9.998406928102643e-05,-2.890005407495521e-10
1,341.4548873833574,0.0,-0.2165791238037066,4.650240417179154,0.0001593174108410721,2.783771542904645e-06,0.0,0.0,1.0,0.0,0.0,0.0,4.999094413288988e-05,2.315808956121407e-08,-9.998406825891589e-05,2.783771542904645e-10,-9.976732965838395e-05,-4.649959253469547e-06,-2.167384412145476e-07,4.65023763340761e-06,4.999094413288988e-05,2.315808956121407e-08,9.998406825891589e-05,-2.783771542904645e-10
1,354.8133892335725,0.0,-0.2005983432722014,4.47587857129003,0.0001593268799624486,2.681567677672625e-06,0.0,0.0,1.0,0.0,0.0,0.0,4.99910237216781e-05,2.228966290170966e-08,-9.998406731200376e-05,2.681567677672625e-10,-9.978330948252472e-05,-4.475607730273018e-06,-2.007576701521639e-07,4.475875889722353e-06,4.99910237216781e-05,2.228966290170966e-08,9.998406731200376e-05,-2.681567677672625e-10
1,368.6945064519545,0.0,-0.185793676502299,4.308003586560398,0.0001593356522108598,2.583250887732047e-06,0.0,0.0,1.0,0.0,0.0,0.0,4.999109745308888e-05,2.145354043125189e-08,-9.998406643477891e-05,2.583250887732047e-10,-9.979811326328874e-05,-4.307742675637486e-06,-1.859530121545098e-07,4.30800100330951e-06,4.999109745308888e-05,2.145354043125189e-08,9.998406643477893e-05,-2.583250887732047e-10
1,383.1186849557256,0.0,-0.1720788788166033,4.14637965797904,0.0001593437786890985,2.488683151523993e-06,0.0,0.0,1.0,0.0,0.0,0.0,4.999116575664326e-05,2.064854778361186e-08,-9.99840656221311e-05,2.488683151523993e-10,-9.981182724019201e-05,-4.146128298492053e-06,-1.722382225952924e-07,4.146377169295888e-06,4.999116575664326e-05,2.064854778361186e-08,9.99840656221311e-05,-2.488683151523993e-10
1,398.1071705534939,0.0,-0.1593739855349362,3.990778948622487,0.0001593513067789292,2.397731235276183e-06,0.0,0.0,1.0,0.0,0.0,0.0,4.999122903058867e-05,1.987355006099162e-08,-9.998406486932211e-05,2.397731235276184e-10,-9.982453137312906e-05,-3.990536775369994e-06,-1.595333368417151e-07,3.990776550891252e-06,4.999122903058867e-05,1.987355006099162e-08,9.998406486932211e-05,-2.397731235276184e-10
1,413.6820402388472,0.0,-0.1476048610000019,3.840981387564023,0.0001593582804083052,2.310266575859446e-06,0.0,0.0,1.0,0.0,0.0,0.0,4.99912876441428e-05,1.912745125115697e-08,-9.998406417195918e-05,2.310266575859446e-10,-9.98362997933205e-05,-3.840748048329595e-06,-1.477642192804102e-07,3.840979077297447e-06,4.99912876441428e-05,1.912745125115697e-08,9.998406417195918e-05,-2.310266575859446e-10
1,429.8662347082241,0.0,-0.1367027790867432,3.696774464925107,0.0001593647402999318,2.226165162052722e-06,0.0,0.0,1.0,0.0,0.0,0.0,4.999134193957963e-05,1.84091928951698e-08,-9.998406352597002e-05,2.226165162052722e-10,-9.984720122277823e-05,-3.696549620017574e-06,-1.368621438270431e-07,3.696772238759945e-06,4.999134193957963e-05,1.84091928951698e-08,9.998406352597e-05,-2.226165162052722e-10
1,446.6835921509593,0.0,-0.1266040331273612,3.557953025283685,0.0001593707242024004,2.145307414940238e-06,0.0,0.0,1.0,0.0,0.0,0.0,4.999139223417577e-05,1.771775308818731e-08,-9.998406292757977e-05,2.145307414940238e-10,-9.985729936435748e-05,-3.557736347089468e-06,-1.267634038515636e-07,3.55795087997627e-06,4.999139223417577e-05,1.771775308818731e-08,9.998406292757977e-05,-2.145307414940238e-10
1,464.1588833612739,0.0,-0.1172495733006659,3.424319060493139,0.0001593762671050482,2.067578068069327e-06,0.0,0.0,1.0,0.0,0.0,0.0,4.999143882201803e-05,1.70521456190391e-08,-9.99840623732895e-05,2.067578068069327e-10,-9.986665326434549e-05,-3.424110233040687e-06,-1.17408949567771e-07,3.424316992915071e-06,4.999143882201803e-05,1.70521456190391e-08,9.99840623732895e-05,-2.067578068069327e-10
1,482.3178482239265,0.0,-0.1085846696475165,3.295681502822613,0.0001593814014376353,1.992866047912817e-06,0.0,0.0,1.0,0.0,0.0,0.0,4.999148197567312e-05,1.641141888775963e-08,-9.998406185985624e-05,1.992866047912817e-10,-9.987531764942592e-05,-3.295480221358907e-06,-1.087440510489541e-07,3.295679509956565e-06,4.999148197567312e-05,1.641141888775963e-08,9.998406185985624e-05,-1.992866047912817e-10
1,501.187233627268,0.0,-0.1005585989831592,3.171856019202224,0.0001593861572558625,1.921064355104774e-06,0.0,0.0,1.0,0.0,0.0,0.0,4.99915219477593e-05,1.579465465658733e-08,-9.998406138427442e-05,1.921064355104774e-10,-9.988334323974784e-05,-3.171661989781294e-06,-1.007179851404151e-07,3.171854098137869e-06,4.99915219477593e-05,1.579465465658733e-08,9.998406138427442e-05,-1.921064355104774e-10
1,520.7948328595418,0.0,-0.09312435408199192,3.052664807243724,0.0001593905624136916,1.852069946851467e-06,0.0,0.0,1.0,0.0,0.0,0.0,4.999155897238966e-05,1.520096727280834e-08,-9.998406094375864e-05,1.852069946851467e-10,-9.989077703972366e-05,-3.052477746327021e-06,-9.328374464440561e-08,3.052662955173777e-06,4.999155897238966e-05,1.520096727280834e-08,9.998406094375864e-05,-1.852069946851467e-10
1,541.1695265464589,0.0,-0.08623837361047992,2.937936393606993,0.0001593946427233731,1.785783620860437e-06,0.0,0.0,1.0,0.0,0.0,0.0,4.999159326650265e-05,1.462950278057811e-08,-9.998406053572767e-05,1.785783620860437e-10,-9.989766260807982e-05,-2.937756027675502e-06,-8.639776825320329e-08,2.937934607823372e-06,4.999159326650265e-05,1.462950278057811e-08,9.998406053572766e-05,-1.785783620860437e-10
1,562.3413251903442,0.0,-0.07986029137951538,2.827505435194122,0.0001593984221040269,1.722109901078075e-06,0.0,0.0,1.0,0.0,0.0,0.0,4.99916250311406e-05,1.407943750538693e-08,-9.998406015778961e-05,1.722109901078075e-10,-9.990404030858957e-05,-2.827331500372003e-06,-8.00196898016194e-08,2.82750371308422e-06,4.99916250311406e-05,1.407943750538693e-08,9.998406015778961e-05,-1.722109901078075e-10
1,584.3414133735124,0.0,-0.0739527035783962,2.72121252357441,0.0001594019227195684,1.660956925479933e-06,0.0,0.0,1.0,0.0,0.0,0.0,4.999165445258376e-05,1.354997738792607e-08,-9.998405980772805e-05,1.660956925479933e-10,-9.990994754282501e-05,-2.721044765263981e-06,-7.411210550111576e-08,2.721210862617485e-06,4.999165445258376e-05,1.354997738792607e-08,9.998405980772805e-05,-1.660956925479933e-10
1,607.2021956909831,0.0,-0.06848095273883037,2.61890399297442,0.0001594051651067224,1.602236336117139e-06,0.0,0.0,1.0,0.0,0.0,0.0,4.999168170343279e-05,1.304035706815376e-08,-9.998405948348934e-05,1.602236336117139e-10,-9.991541896618021e-05,-2.618742165502237e-06,-6.864035790393709e-08,2.618902390738083e-06,4.999168170343279e-05,1.304035706815376e-08,9.998405948348934e-05,-1.602236336117139e-10
1,630.9573444801875,0.0,-0.06341292725899719,2.520431732106266,0.0001594081682938185,1.545863171586441e-06,0.0,0.0,1.0,0.0,0.0,0.0,4.999170694361881e-05,1.254983871956092e-08,-9.998405918317062e-05,1.545863171586441e-10,-9.992048668833517e-05,-2.520275598380072e-06,-6.357233542729102e-08,2.520430186243094e-06,4.999170694361881e-05,1.254983871956092e-08,9.998405918317062e-05,-1.545863171586441e-10
1,655.6418494179729,0.0,-0.05871887539481523,2.425653000053741,0.000159410949911013,1.491755762059797e-06,0.0,0.0,1.0,0.0,0.0,0.0,4.999173032130627e-05,1.207771136915955e-08,-9.99840589050089e-05,1.491755762059797e-10,-9.992518045925326e-05,-2.425502331230017e-06,-5.887828634472623e-08,2.425651508297979e-06,4.999173032130627e-05,1.207771136915955e-08,9.99840589050089e-05,-1.491755762059797e-10
1,681.2920690579551,0.0,-0.05437123269829473,2.334430246388783,0.000159413526292546,1.439835626981826e-06,0.0,0.0,1.0,0.0,0.0,0.0,4.99917519737786e-05,1.162328971787065e-08,-9.998405864737076e-05,1.439835626981827e-10,-9.992952784173261e-05,-2.334284821550622e-06,-5.453064622458727e-08,2.334428806553156e-06,4.99917519737786e-05,1.162328971787065e-08,9.998405864737074e-05,-1.439835626981827e-10
1,707.9457843841315,0.0,-0.05034446195133877,2.246630935649617,0.0001594159125715936,1.390027375519262e-06,0.0,0.0,1.0,0.0,0.0,0.0,4.999177202821751e-05,1.118591364092389e-08,-9.998405840874285e-05,1.390027375519262e-10,-9.993355437146301e-05,-2.246490541494661e-06,-5.050387786391036e-08,2.246629545622241e-06,4.999177202821751e-05,1.118591364092389e-08,9.998405840874285e-05,-1.390027375519262e-10
1,735.6422544596346,0.0,-0.04661490470774732,2.162127376275889,0.000159418122768243,1.342258609825391e-06,0.0,0.0,1.0,0.0,0.0,0.0,4.999179060244714e-05,1.076494695273438e-08,-9.998405818772318e-05,1.342258609825391e-10,-9.993728370547452e-05,-2.161991806814038e-06,-4.677432283051556e-08,2.162126034017278e-06,4.999179060244714e-05,1.076494695273438e-08,9.998405818772318e-05,-1.342258609825391e-10
1,764.4222742525932,0.0,-0.04316064361665036,2.080796554064798,0.0001594201698710807,1.296459831164262e-06,0.0,0.0,1.0,0.0,0.0,0.0,4.999180780562411e-05,1.035977697669122e-08,-9.998405798301289e-05,1.296459831164262e-10,-9.99407377598062e-05,-2.080665610325391e-06,-4.332006378652144e-08,2.080795257604967e-06,4.999180780562411e-05,1.035977697669122e-08,9.99840579830129e-05,-1.296459831164262e-10
1,794.3282347242741,0.0,-0.03996137475731264,2.002519970184929,0.000159422065912849,1.252564348923485e-06,0.0,0.0,1.0,0.0,0.0,0.0,4.999182373886503e-05,9.969813240645425e-09,-9.998405779340871e-05,1.252564348923485e-10,-9.994393683716342e-05,-2.002393459933124e-06,-4.012079682322549e-08,2.00251871762058e-06,4.999182373886503e-05,9.969813240645425e-09,9.998405779340873e-05,-1.252564348923485e-10
1,825.4041852680107,0.0,-0.03699828926839667,1.927183483760978,0.0001594238220405965,1.210508192530754e-06,0.0,0.0,1.0,0.0,0.0,0.0,4.999183849584497e-05,9.59448714384295e-09,-9.998405761779595e-05,1.210508192530754e-10,-9.99468997452817e-05,-1.927061221223024e-06,-3.715771309043726e-08,1.927182273252785e-06,4.999183849584497e-05,9.59448714384295e-09,9.998405761779595e-05,-1.210508192530754e-10
1,857.695898590886,0.0,-0.0342539636045174,1.854677159022174,0.0001594254485807173,1.170230026277539e-06,0.0,0.0,1.0,0.0,0.0,0.0,4.99918521633387e-05,9.233251013235078e-09,-9.998405745514193e-05,1.170230026277538e-10,-9.99496439066634e-05,-1.854558964619291e-06,-3.441338905309812e-08,1.854675988792148e-06,4.99918521633387e-05,9.233251013235078e-09,9.998405745514193e-05,-1.170230026277538e-10
1,891.2509381337371,0.0,-0.03171225779944838,1.784895116989814,0.0001594269550992473,1.131671067043235e-06,0.0,0.0,1.0,0.0,0.0,0.0,4.99918648217253e-05,8.885577326322269e-09,-9.998405730449008e-05,1.131671067043235e-10,-9.995218546030858e-05,-1.784780817080371e-06,-3.187168475454762e-08,1.784893985318747e-06,4.99918648217253e-05,8.885577326322269e-09,9.998405730449008e-05,-1.131671067043235e-10
1,926.1187281287847,0.0,-0.02935822115881828,1.717735391664341,0.0001594283504577601,1.094775004904688e-06,0.0,0.0,1.0,0.0,0.0,0.0,4.999187654546516e-05,8.550958058898085e-09,-9.998405716495423e-05,1.094775004904688e-10,-9.995453935601662e-05,-1.71762481829407e-06,-2.951764950927604e-08,1.717734296889336e-06,4.999187654546516e-05,8.550958058898085e-09,9.998405716495423e-05,-1.094775004904688e-10
1,962.3506263980794,0.0,-0.02717800484574022,1.653099790659826,0.0001594296428651789,1.059487926608664e-06,0.0,0.0,1.0,0.0,0.0,0.0,4.999188740352852e-05,8.228903991159768e-09,-9.998405703571348e-05,1.059487926608664e-10,-9.995671944179526e-05,-1.65299278131975e-06,-2.73374344886054e-08,1.653098731171899e-06,4.999188740352852e-05,8.228903991159768e-09,9.998405703571348e-05,-1.059487926608664e-10
1,999.9999999999903,0.0,-0.02515878086070761,1.590893760222995,0.0001594308399258014,1.025758241879011e-06,0.0,0.0,1.0,0.0,0.0,0.0,4.999189745980264e-05,7.918943972185448e-09,-9.998405691600743e-05,1.025758241879011e-10,-9.995873854487594e-05,-1.590790157614806e-06,-2.531821170063341e-08,1.590892734464753e-06,4.999189745980264e-05,7.918943972185448e-09,9.998405691600743e-05,-1.025758241879011e-10
1,1039.122303835159,0.0,-0.02328866695243055,1.531026254565049,0.0001594319486838127,9.935366125252167e-07,0.0,0.0,1.0,0.0,0.0,0.0,4.999190677346393e-05,7.620624323189231e-09,-9.998405680513163e-05,9.935366125252167e-11,-9.996060854679856e-05,-1.530925906373648e-06,-2.344809890111437e-08,1.531025261028437e-06,4.999190677346393e-05,7.620624323189231e-09,9.998405680513163e-05,-9.935366125252167e-11
1,1079.775162327699,0.0,-0.0215566570292275,1.473409609427162,0.0001594329756645385,9.627758843151243e-07,0.0,0.0,1.0,0.0,0.0,0.0,4.999191539932554e-05,7.333508254654077e-09,-9.998405670243356e-05,9.627758843151243e-11,-9.996234045299567e-05,-1.47331236810007e-06,-2.171609000489204e-08,1.473408646651278e-06,4.999191539932554e-05,7.333508254654077e-09,9.998405670243354e-05,-9.627758843151243e-11
1,1122.018454301952,0.0,-0.01995255667127887,1.417959419794534,0.0001594339269126802,9.334310215713622e-07,0.0,0.0,1.0,0.0,0.0,0.0,4.999192338815913e-05,7.0571751446868e-09,-9.998405660730874e-05,9.334310215713622e-11,-9.99639444572766e-05,-1.417865142327924e-06,-2.011199059819155e-08,1.417958486363512e-06,4.999192338815913e-05,7.0571751446868e-09,9.998405660730874e-05,-9.334310215713622e-11
1,1165.91440117982,0.0,-0.01846692337262759,1.364594421669055,0.0001594348080277476,9.05459044448581e-07,0.0,0.0,1.0,0.0,0.0,0.0,4.999193078699014e-05,6.791219997784317e-09,-9.998405651919722e-05,9.05459044448581e-11,-9.996543000158181e-05,-1.364502969400106e-06,-1.862635818065534e-08,1.364593516210011e-06,4.999193078699014e-05,6.791219997784317e-09,9.998405651919724e-05,-9.05459044448581e-11
1,1211.527658628577,0.0,-0.01709101116841587,1.313236377806867,0.0001594356241968954,8.78818968846766e-07,0.0,0.0,1.0,0.0,0.0,0.0,4.999193763937554e-05,6.535252917477672e-09,-9.998405643758031e-05,8.78818968846766e-11,-9.996680583135206e-05,-1.313147616212194e-06,-1.725044679261277e-08,1.313235498987898e-06,4.999193763937554e-05,6.535252917477672e-09,9.998405643758031e-05,-8.78818968846766e-11
1,1258.925411794155,0.0,-0.01581671932760018,1.26380996732426,0.0001594363802253537,8.534717489146428e-07,0.0,0.0,1.0,0.0,0.0,0.0,4.999194398565943e-05,6.28889846795378e-09,-9.998405636197747e-05,8.534717489146429e-11,-9.996808004683329e-05,-1.263723765824148e-06,-1.597615570782553e-08,1.263809113852511e-06,4.999194398565943e-05,6.28889846795378e-09,9.998405636197747e-05,-8.534717489146429e-11
1,1308.177474260181,0.0,-0.01463654481440972,1.216242679073241,0.0001594370805646268,8.293802220963469e-07,0.0,0.0,1.0,0.0,0.0,0.0,4.999194986320856e-05,6.051795299355118e-09,-9.998405629194354e-05,8.293802220963469e-11,-9.996926015061149e-05,-1.21615891084143e-06,-1.479598189497435e-08,1.216241849693019e-06,4.999194986320856e-05,6.051795299355118e-09,9.998405629194354e-05,-8.293802220963469e-11
1,1359.356390878512,0.0,-0.01354353824322236,1.1704647086868,0.000159437729338626,8.065090566742619e-07,0.0,0.0,1.0,0.0,0.0,0.0,4.999195530663259e-05,5.823595426134741e-09,-9.998405622706614e-05,8.06509056674262e-11,-9.997035309165588e-05,-1.170383250465567e-06,-1.370297597256099e-08,1.170463902177744e-06,4.999195530663259e-05,5.823595426134741e-09,9.998405622706614e-05,-8.06509056674262e-11
1,1412.53754462274,0.0,-0.01253126307143033,1.12640885919306,0.0001594383303678839,7.848247017608542e-07,0.0,0.0,1.0,0.0,0.0,0.0,4.999196034798683e-05,5.603963880111555e-09,-9.998405616696322e-05,7.848247017608543e-11,-9.997136530612307e-05,-1.126329591113357e-06,-1.269070140179821e-08,1.126408074368358e-06,4.999196034798683e-05,5.603963880111555e-09,9.998405616696321e-05,-7.848247017608543e-11
1,1467.799267622055,0.0,-0.01159375779336054,1.084010445097306,0.0001594388871919968,7.642953396927554e-07,0.0,0.0,1.0,0.0,0.0,0.0,4.999196501696109e-05,5.392578176175467e-09,-9.998405611128081e-05,7.642953396927554e-11,-9.997230275516138e-05,-1.083933250503702e-06,-1.175319668055254e-08,1.084009680801967e-06,4.999196501696109e-05,5.392578176175467e-09,9.998405611128081e-05,-7.642953396927554e-11
1,1525.222956539003,0.0,-0.01072550091549359,1.043207199831029,0.0001594394030904193,7.448908407809099e-07,0.0,0.0,1.0,0.0,0.0,0.0,4.999196934105353e-05,5.189127889014834e-09,-9.998405605969096e-05,7.4489084078091e-11,-9.9973170959933e-05,-1.043131965111219e-06,-1.088494031858401e-08,1.043206454940188e-06,4.999196934105353e-05,5.189127889014834e-09,9.998405605969097e-05,-7.4489084078091e-11
1,1584.893192461097,0.0,-0.009921378509182021,1.003939186467732,0.0001594398811017369,7.265827203715097e-07,0.0,0.0,1.0,0.0,0.0,0.0,4.999197334573264e-05,4.993314146577184e-09,-9.998405601188983e-05,7.265827203715096e-11,-9.997397503405969e-05,-1.003865800886392e-06,-1.008081839028376e-08,1.003938459885012e-06,4.999197334573264e-05,4.993314146577184e-09,9.998405601188983e-05,-7.265827203715096e-11
1,1646.897865482852,0.0,-0.00917665415188589,0.966148711606145,0.0001594403240415261,7.09344098173522e-07,0.0,0.0,1.0,0.0,0.0,0.0,4.999197705458623e-05,4.804849269246716e-09,-9.998405596759586e-05,7.093440981735221e-11,-9.99747197136796e-05,-9.660770671428852e-07,-9.336094475927417e-09,9.661480022620468e-07,4.999197705458623e-05,4.804849269246716e-09,9.998405596759586e-05,-7.093440981735221e-11
1,1711.328304161763,0.0,-0.00848694108170002,0.9297802423226464,0.0001594407345189076,6.931496598098811e-07,0.0,0.0,1.0,0.0,0.0,0.0,4.999198048946165e-05,4.623456297999489e-09,-9.998405592654811e-05,6.931496598098812e-11,-9.997540938529119e-05,-9.297102335138556e-07,-8.646381816218927e-09,9.297795491729866e-07,4.999198048946165e-05,4.623456297999489e-09,9.998405592654811e-05,-6.931496598098812e-11
1,1778.279410038904,0.0,-0.007848176402716935,0.8947803260961367,0.0001594411149518881,6.779756205508463e-07,0.0,0.0,1.0,0.0,0.0,0.0,4.999198367059249e-05,4.448868612764251e-09,-9.998405588850481e-05,6.779756205508463e-11,-9.997604811154602e-05,-8.947118498804855e-07,-8.007617517668823e-09,8.947796481205161e-07,4.999198367059249e-05,4.448868612764251e-09,9.998405588850481e-05,-6.779756205508463e-11
1,1847.849797422272,0.0,-0.007256597190620667,0.8610975136102017,0.0001594414675815811,6.63799691189618e-07,0.0,0.0,1.0,0.0,0.0,0.0,4.999198661671865e-05,4.280829613233288e-09,-9.998405585324184e-05,6.63799691189618e-11,-9.997663965514219e-05,-8.61030469177592e-07,-7.416038658202248e-09,8.610968498105105e-07,4.999198661671865e-05,4.280829613233288e-09,9.998405585324184e-05,-6.63799691189618e-11
1,1920.141938638781,0.0,-0.006708718358903392,0.8286822843391546,0.0001594417944853894,6.506010460219742e-07,0.0,0.0,1.0,0.0,0.0,0.0,4.99919893451962e-05,4.119092219262058e-09,-9.998405582055147e-05,6.506010460219743e-11,-9.997718750095627e-05,-8.286165729829055e-07,-6.868160153388782e-09,8.286816337381085e-07,4.99919893451962e-05,4.119092219262058e-09,9.998405582055147e-05,-6.506010460219743e-11
1,1995.262314968858,0.0,-0.006201312156300071,0.7974869748264715,0.000159442097589227,6.383602928934895e-07,0.0,0.0,1.0,0.0,0.0,0.0,4.999199187209951e-05,3.963418614130096e-09,-9.998405579024108e-05,6.383602928934895e-11,-9.997769487654512e-05,-7.974224997985286e-07,-6.360754253889298e-09,7.974863364661785e-07,4.999199187209951e-05,3.963418614130096e-09,9.998405579024108e-05,-6.383602928934895e-11
1,2073.321573485933,0.0,-0.005731389175501212,0.7674657095661062,0.0001594423786788497,6.270594452797849e-07,0.0,0.0,1.0,0.0,0.0,0.0,4.999199421231605e-05,3.813579876779625e-09,-9.998405576213212e-05,6.27059445279785e-11,-9.997816477113558e-05,-7.674023759350736e-07,-5.890831554180062e-09,7.674650825066608e-07,4.999199421231605e-05,3.813579876779625e-09,9.998405576213212e-05,-6.27059445279785e-11
1,2154.434690031861,0.0,-0.005296180761983216,0.7385743343992793,0.0001594426394103648,6.166818963672073e-07,0.0,0.0,1.0,0.0,0.0,0.0,4.999199637963378e-05,3.669355607115272e-09,-9.998405573605897e-05,6.166818963672074e-11,-9.997859995321491e-05,-7.385120489110643e-07,-5.455623401393581e-09,7.38573717717383e-07,4.999199637963378e-05,3.669355607115272e-09,9.998405573605897e-05,-6.166818963672074e-11
1,2238.721138568315,0.0,-0.004893122719938143,0.7107703523414544,0.0001594428813199768,6.072123951033635e-07,0.0,0.0,1.0,0.0,0.0,0.0,4.999199838682215e-05,3.530533676203875e-09,-9.9984055711868e-05,6.072123951033635e-11,-9.997900298682387e-05,-7.107090232823368e-07,-5.05256560125812e-09,7.107697451290592e-07,4.999199838682215e-05,3.530533676203875e-09,9.9984055711868e-05,-6.072123951033635e-11
1,2326.305067153601,0.0,-0.004519840219835375,0.6840128617564165,0.0001594431058330296,5.986370241889887e-07,0.0,0.0,1.0,0.0,0.0,0.0,4.999200024570763e-05,3.396909872390883e-09,-9.99840556894167e-05,5.986370241889887e-11,-9.997937624664793e-05,-6.839523988183364e-07,-4.679283325668405e-09,6.840122631193923e-07,4.999200024570763e-05,3.396909872390883e-09,9.99840556894167e-05,-5.986370241889887e-11
1,2417.315480804078,0.0,-0.004174133819149446,0.6582624967965862,0.0001594433142723974,5.909431799848037e-07,0.0,0.0,1.0,0.0,0.0,0.0,4.999200196724297e-05,3.268287595989015e-09,-9.998405566857276e-05,5.909431799848036e-11,-9.997972193199606e-05,-6.582028109444646e-07,-4.333577133421843e-09,6.582619058534062e-07,4.999200196724297e-05,3.268287595989015e-09,9.998405566857276e-05,-5.909431799848036e-11
1,2511.886431509553,0.0,-0.003853966514279482,0.6334813700309151,0.0001594435078662718,5.841195543091096e-07,0.0,0.0,1.0,0.0,0.0,0.0,4.999200356157217e-05,3.14447760947807e-09,-9.998405564921338e-05,5.841195543091096e-11,-9.998004207974773e-05,-6.334223733718101e-07,-4.013410022145753e-09,6.334807859113608e-07,4.999200356157217e-05,3.14447760947807e-09,9.998405564921338e-05,-5.841195543091096e-11
1,2610.157215682508,0.0,-0.003557451747704366,0.609633017183967,0.0001594436877553934,5.781561181041288e-07,0.0,0.0,1.0,0.0,0.0,0.0,4.999200503808944e-05,3.025297721785245e-09,-9.998405563122446e-05,5.781561181041289e-11,-9.99803385763453e-05,-6.095746228378821e-07,-3.716895435459759e-09,6.096324390278488e-07,4.999200503808944e-05,3.025297721785245e-09,9.998405563122446e-05,-5.781561181041289e-11
1,2712.272579331998,0.0,-0.003282842299996518,0.5866823439120005,0.0001594438549997682,5.730441069513012e-07,0.0,0.0,1.0,0.0,0.0,0.0,4.999200640549539e-05,2.910572541954396e-09,-9.998405561450002e-05,5.730441069513012e-11,-9.998061316890115e-05,-5.866244658841543e-07,-3.442286154996286e-09,5.866817708678935e-07,4.999200640549539e-05,2.910572541954396e-09,9.998405561450002e-05,-5.730441069513012e-11
1,2818.382931264422,0.0,-0.003028520001488871,0.5645955745440978,0.00015944401058491,5.687760084180091e-07,0.0,0.0,1.0,0.0,0.0,0.0,4.999200767184758e-05,2.800133257101425e-09,-9.998405559894152e-05,5.687760084180091e-11,-9.998086747548543e-05,-5.645381275984719e-07,-3.187964012073781e-09,5.645950057680894e-07,4.999200767184758e-05,2.800133257101425e-09,9.998405559894152e-05,-5.687760084180091e-11
1,2928.644564625204,0.0,-0.002792986203182924,0.5433402027185681,0.0001594441554276432,5.653455512204871e-07,0.0,0.0,1.0,0.0,0.0,0.0,4.999200884460814e-05,2.693817323633498e-09,-9.998405558445724e-05,5.653455512204871e-11,-9.998110299465445e-05,-5.432831022525491e-07,-2.952430358610567e-09,5.433396373730168e-07,4.999200884460814e-05,2.693817323633498e-09,9.998405558445724e-05,-5.653455512204871e-11
1,3043.219887107688,0.0,-0.002574852950928617,0.522884943847039,0.0001594442903815035,5.627476961899947e-07,0.0,0.0,1.0,0.0,0.0,0.0,4.999200993068811e-05,2.591468245204433e-09,-9.998405557096185e-05,5.627476961899948e-11,-9.998132111427627e-05,-5.228281057669759e-07,-2.734297241310121e-09,5.228843810993428e-07,4.999200993068811e-05,2.591468245204433e-09,9.998405557096185e-05,-5.627476961899948e-11
1,3162.277660168344,0.0,-0.002372834811023912,0.5031996893407611,0.0001594444162417637,5.609786290316112e-07,0.0,0.0,1.0,0.0,0.0,0.0,4.999201093648743e-05,2.492935381895117e-09,-9.998405555837582e-05,5.609786290316112e-11,-9.998152311970415e-05,-5.031430299382503e-07,-2.532279227265675e-09,5.031991283621321e-07,4.999201093648743e-05,2.492935381895117e-09,9.998405555837584e-05,-5.609786290316112e-11
1,3285.993247600617,0.0,-0.002185741299197989,0.4842554625357817,0.0001594445337501189,5.600357548674241e-07,0.0,0.0,1.0,0.0,0.0,0.0,4.999201186793334e-05,2.398073683066084e-09,-9.9984055546625e-05,5.600357548674241e-11,-9.998171020134752e-05,-4.841988983645044e-07,-2.345185832948107e-09,4.842549025000268e-07,4.999201186793334e-05,2.398073683066084e-09,9.9984055546625e-05,-5.600357548674241e-11
1,3414.548873833563,0.0,-0.00201246986847769,0.4660243762556756,0.0001594446435990543,5.599176945581859e-07,0.0,0.0,1.0,0.0,0.0,0.0,4.999201273051484e-05,2.30674351388517e-09,-9.99840555356401e-05,5.599176945581859e-11,-9.998188346168334e-05,-4.659678240086074e-07,-2.171914512076744e-09,4.66023816337981e-07,4.999201273051484e-05,2.30674351388517e-09,9.99840555356401e-05,-5.599176945581859e-11
1,3548.133892335714,0.0,-0.001851999414713541,0.4484795919525621,0.0001594447464359256,5.606242827999452e-07,0.0,0.0,1.0,0.0,0.0,0.0,4.99920135293153e-05,2.218810422874563e-09,-9.998405552535642e-05,5.606242827999452e-11,-9.998204392175052e-05,-4.48422968339375e-07,-2.011444161149466e-09,4.484790313282793e-07,4.99920135293153e-05,2.218810422874563e-09,9.998405552535642e-05,-5.606242827999452e-11
1,3686.945064519533,0.0,-0.001703384261577688,0.4315952803690941,0.0001594448428667714,5.621565679945287e-07,0.0,0.0,1.0,0.0,0.0,0.0,4.999201426904203e-05,2.134144961499563e-09,-9.998405551571333e-05,5.621565679945287e-11,-9.998219252716404e-05,-4.3153850199357e-07,-1.862829104444459e-09,4.315947182125261e-07,4.999201426904203e-05,2.134144961499563e-09,9.998405551571332e-05,-5.621565679945287e-11
1,3831.186849557243,0.0,-0.001565748589659342,0.4153465836660485,0.0001594449334598841,5.645168138952175e-07,0.0,0.0,1.0,0.0,0.0,0.0,4.999201495405449e-05,2.052622465593425e-09,-9.998405550665401e-05,5.645168138952176e-11,-9.998233015368599e-05,-4.152895669033283e-07,-1.725193523119226e-09,4.153460191492345e-07,4.999201495405449e-05,2.052622465593425e-09,9.998405550665401e-05,-5.645168138952176e-11
1,3981.071705534926,0.0,-0.001438281276889633,0.3997095789620125,0.0001594450187491575,5.677085030313648e-07,0.0,0.0,1.0,0.0,0.0,0.0,4.999201558838957e-05,1.974122920048926e-09,-9.99840554981251e-05,5.677085030313648e-11,-9.998245761238442e-05,-3.996522398354979e-07,-1.59772629563879e-09,3.997090112535095e-07,4.999201558838957e-05,1.974122920048926e-09,9.998405549812508e-05,-5.677085030313648e-11
1,4136.820402388459,0.0,-0.001320231119942812,0.3846612432335043,0.000159445099237233,5.717363419182103e-07,0.0,0.0,1.0,0.0,0.0,0.0,4.999201617578564e-05,1.898530747182112e-09,-9.998405549007628e-05,5.717363419182103e-11,-9.998257565441199e-05,-3.846034972912342e-07,-1.479676219180045e-09,3.846606714971623e-07,4.999201617578564e-05,1.898530747182112e-09,9.998405549007628e-05,-5.717363419182103e-11
1,4298.662347082227,0.0,-0.001210902408498004,0.3701794195256384,0.0001594451753984602,5.766062680606251e-07,0.0,0.0,1.0,0.0,0.0,0.0,4.999201671970441e-05,1.82573463672939e-09,-9.998405548246016e-05,5.766062680606251e-11,-9.998268497543109e-05,-3.70121181715958e-07,-1.370347583896464e-09,3.701788429193703e-07,4.999201671970441e-05,1.82573463672939e-09,9.998405548246016e-05,-5.766062680606251e-11
1,4466.835921509579,0.0,-0.001109650826318514,0.3562427844251888,0.0001594452476816921,5.823254587620503e-07,0.0,0.0,1.0,0.0,0.0,0.0,4.999201722335139e-05,1.755627414008556e-09,-9.998405547523184e-05,5.823254587620503e-11,-9.998278621971258e-05,-3.561839689715284e-07,-1.269096074000207e-09,3.5624220209973e-07,4.999201722335139e-05,1.755627414008556e-09,9.998405547523183e-05,-5.823254587620503e-11
1,4641.588833612725,0.0,-0.001015879655026005,0.3428308167495801,0.0001594453165129302,5.889023417524453e-07,0.0,0.0,1.0,0.0,0.0,0.0,4.999201768969479e-05,1.688105842160322e-09,-9.998405546834872e-05,5.889023417524453e-11,-9.998287998393188e-05,-3.427713370241607e-07,-1.175324971538936e-09,3.428302278472384e-07,4.999201768969479e-05,1.688105842160322e-09,9.998405546834872e-05,-5.889023417524453e-11
1,4823.178482239249,0.0,-0.0009290362582257446,0.3299237674069717,0.0001594453822978339,5.963466076516474e-07,0.0,0.0,1.0,0.0,0.0,0.0,4.999201812148298e-05,1.623070497248231e-09,-9.998405546177022e-05,5.963466076516474e-11,-9.99829668206843e-05,-3.298635358032524e-07,-1.088481640523578e-09,3.299231710603641e-07,4.999201812148298e-05,1.623070497248231e-09,9.998405546177022e-05,-5.963466076516474e-11
1,5011.872336272663,0.0,-0.0008486088252871434,0.3175026303841891,0.0001594454454241117,6.046692242871612e-07,0.0,0.0,1.0,0.0,0.0,0.0,4.999201852126074e-05,1.560425612133553e-09,-9.998405545545759e-05,6.046692242871612e-11,-9.998304724174142e-05,-3.174415581878669e-07,-1.008054270711255e-09,3.175020257149648e-07,4.999201852126074e-05,1.560425612133553e-09,9.998405545545759e-05,-6.046692242871612e-11
1,5207.948328595401,0.0,-0.0007741233556104397,0.3055491148207884,0.0001594455062638051,6.138824528880538e-07,0.0,0.0,1.0,0.0,0.0,0.0,4.999201889138416e-05,1.500078932493241e-09,-9.998405544937362e-05,6.138824528880539e-11,-9.998312172106629e-05,-3.054871120791643e-07,-9.335688618742447e-10,3.055485009383356e-07,4.999201889138416e-05,1.500078932493241e-09,9.998405544937363e-05,-6.138824528880539e-11
1,5411.695265464572,0.0,-0.000705140865624509,0.2940456181290315,0.000159445565175481,6.239998661793244e-07,0.0,0.0,1.0,0.0,0.0,0.0,4.999201923403449e-05,1.441941597124026e-09,-9.998405544348246e-05,6.239998661793245e-11,-9.99831906976061e-05,-2.939825935185472e-07,-8.645864307999899e-10,2.940449941291653e-07,4.999201923403449e-05,1.441941597124026e-09,9.998405544348246e-05,-6.239998661793245e-11
1,5623.413251903423,0.0,-0.000641254802070843,0.2829752001209928,0.0001594456225063455,6.350363684038641e-07,0.0,0.0,1.0,0.0,0.0,0.0,4.999201955123129e-05,1.385927988756203e-09,-9.998405543774937e-05,6.350363684038641e-11,-9.998325457787917e-05,-2.829110608127476e-07,-8.007004245771884e-10,2.829745650846243e-07,4.999201955123129e-05,1.385927988756203e-09,9.998405543774937e-05,-6.350363684038641e-11
1,5843.414133735106,0.0,-0.0005820886463421195,0.2723215581054068,0.0001594456785942887,6.470082173018829e-07,0.0,0.0,1.0,0.0,0.0,0.0,4.999201984484388e-05,1.331955629970235e-09,-9.998405543214058e-05,6.470082173018829e-11,-9.998331373836994e-05,-2.722562096284513e-07,-7.415343249364083e-10,2.723209110971895e-07,4.999201984484388e-05,1.331955629970235e-09,9.998405543214058e-05,-6.470082173018829e-11
1,6072.021956909812,0.0,-0.0005272936957678908,0.2620690029182256,0.0001594457337698773,6.599330480805502e-07,0.0,0.0,1.0,0.0,0.0,0.0,4.999202011660281e-05,1.279945028806376e-09,-9.998405542662302e-05,6.599330480805502e-11,-9.998336852774776e-05,-2.620023490204364e-07,-6.86739429537768e-10,2.620683429851775e-07,4.999202011660281e-05,1.279945028806376e-09,9.998405542662302e-05,-6.599330480805502e-11
1,6309.573444801856,0.0,-0.0004765470087810048,0.2522024358521496,0.0001594457883583014,6.738298994094435e-07,0.0,0.0,1.0,0.0,0.0,0.0,4.999202036810961e-05,1.229819590293789e-09,-9.998405542116417e-05,6.738298994094436e-11,-9.998341926892121e-05,-2.521343783584794e-07,-6.359927971393062e-10,2.522017620222502e-07,4.999202036810961e-05,1.229819590293789e-09,9.998405542116418e-05,-6.738298994094436e-11
1,6556.418494179708,0.0,-0.0004295495018628281,0.2427073264516683,0.000159445842681292,6.887192414803733e-07,0.0,0.0,1.0,0.0,0.0,0.0,4.999202060084668e-05,1.181505493285186e-09,-9.998405541573188e-05,6.887192414803734e-11,-9.998346626094149e-05,-2.426377651195597e-07,-5.889953445441202e-10,2.427066377324269e-07,4.999202060084668e-05,1.181505493285186e-09,9.998405541573188e-05,-6.887192414803734e-11
1,6812.920690579529,0.0,-0.0003860241870585951,0.2335696911413547,0.0001594458970590163,7.046230061731305e-07,0.0,0.0,1.0,0.0,0.0,0.0,4.999202081618563e-05,1.134931591577616e-09,-9.998405541029411e-05,7.046230061731306e-11,-9.99835097807641e-05,-2.334985235131081e-07,-5.454700841176114e-10,2.335689865183485e-07,4.999202081618563e-05,1.134931591577616e-09,9.998405541029411e-05,-7.046230061731306e-11
1,7079.457843841292,0.0,-0.0003457145396816291,0.2247760726563448,0.000159445951811965,7.215646193717943e-07,0.0,0.0,1.0,0.0,0.0,0.0,4.999202101539561e-05,1.090029289012379e-09,-9.99840554048188e-05,7.215646193717943e-11,-9.998355008488138e-05,-2.247031939082238e-07,-5.051604914935942e-10,2.247753510917255e-07,4.999202101539561e-05,1.090029289012379e-09,9.99840554048188e-05,-7.215646193717943e-11
1,7356.422544596322,0.0,-0.0003083829865915425,0.2163135202450674,0.0001594460072628412,7.395690354793532e-07,0.0,0.0,1.0,0.0,0.0,0.0,4.999202119965072e-05,1.046732456208325e-09,-9.998405539927372e-05,7.395690354793532e-11,-9.998358741083386e-05,-2.16238823032915e-07,-4.678289938543836e-10,2.163127806760319e-07,4.999202119965072e-05,1.046732456208325e-09,9.998405539927372e-05,-7.395690354793532e-11
1,7644.222742525907,0.0,-0.0002738095061413774,0.2081695706153827,0.0001594460637384617,7.586627741816086e-07,0.0,0.0,1.0,0.0,0.0,0.0,4.999202137003691e-05,1.004977328213184e-09,-9.998405539362615e-05,7.586627741816086e-11,-9.998362197861023e-05,-2.080929449165277e-07,-4.332555698798391e-10,2.081688119526085e-07,4.999202137003691e-05,1.004977328213184e-09,9.998405539362617e-05,-7.586627741816086e-11
1,7943.282347242715,0.0,-0.000241790331546108,0.2003322295963583,0.0001594461215716836,7.788739595146213e-07,0.0,0.0,1.0,0.0,0.0,0.0,4.999202152755839e-05,9.64702407359072e-10,-9.998405538784284e-05,7.788739595146213e-11,-9.99836539919436e-05,-2.002535625475733e-07,-4.012364531177915e-10,2.003314507223987e-07,4.999202152755839e-05,9.64702407359072e-10,9.998405538784283e-05,-7.788739595146213e-11
1,8254.04185268008,0.0,-0.0002121367500338928,0.1927899544889241,0.0001594461811033659,8.002323612933166e-07,0.0,0.0,1.0,0.0,0.0,0.0,4.999202167314353e-05,9.258483834652291e-10,-9.998405538188966e-05,8.002323612933166e-11,-9.998368363951234e-05,-1.92709130220201e-07,-3.715829311372587e-10,1.927891542565628e-07,4.999202167314353e-05,9.258483834652291e-10,9.998405538188966e-05,-8.002323612933166e-11
1,8576.958985908834,0.0,-0.0001846739907054776,0.1855316370796403,0.0001594462426843786,8.22769438962322e-07,0.0,0.0,1.0,0.0,0.0,0.0,4.999202180765036e-05,8.883580245504661e-10,-9.998405537573157e-05,8.227694389623221e-11,-9.998371109605192e-05,-1.854485365435358e-07,-3.441202333898561e-10,1.855308143102014e-07,4.999202180765036e-05,8.883580245504661e-10,9.998405537573157e-05,-8.227694389623221e-11
1,8912.509381337342,0.0,-0.0001592401945495578,0.178546587292762,0.0001594463066776701,8.4651838793365e-07,0.0,0.0,1.0,0.0,0.0,0.0,4.99920219318717e-05,8.521761161178639e-10,-9.998405536933224e-05,8.4651838793365e-11,-9.998373652338467e-05,-1.784610880890623e-07,-3.186865012272279e-10,1.785457407743741e-07,4.99920219318717e-05,8.521761161178639e-10,9.998405536933224e-05,-8.4651838793365e-11
1,9261.187281287817,0.0,-0.0001356854605457529,0.1718245174567032,0.0001594463734604069,8.715141884794869e-07,0.0,0.0,1.0,0.0,0.0,0.0,4.999202204653962e-05,8.172493744186242e-10,-9.998405536265397e-05,8.71514188479487e-11,-9.998376007137358e-05,-1.717364936521523e-07,-2.951318340061598e-10,1.718236459425147e-07,4.999202204653962e-05,8.172493744186242e-10,9.998405536265397e-05,-8.71514188479487e-11
1,9623.506263980764,0.0,-0.0001138709622349583,0.1653555271618866,0.0001594464434261959,8.97793657252074e-07,0.0,0.0,1.0,0.0,0.0,0.0,4.999202215232998e-05,7.835263510423052e-10,-9.998405535565739e-05,8.97793657252074e-11,-9.998378187880527e-05,-1.652648491047106e-07,-2.733174056611542e-10,1.653546293682294e-07,4.999202215232998e-05,7.835263510423052e-10,9.998405535565738e-05,-8.97793657252074e-11
1,9999.99999999987,0.0,-9.366812955190917e-05,0.1591300886878229,0.0001594465169874047,9.253955015065171e-07,0.0,0.0,1.0,0.0,0.0,0.0,4.999202224986623e-05,7.509573826098666e-10,-9.998405534830127e-05,9.253955015065171e-11,-9.998380207420819e-05,-1.590366228167751e-07,-2.531146465393139e-10,1.591291632923214e-07,4.999202224986623e-05,7.509573826098666e-10,9.998405534830127e-05,-9.253955015065171e-11
1,10391.22303835156,0.0,-7.495789109920351e-05,0.1531390329780787,0.0001594465945775919,9.543603761063284e-07,0.0,0.0,1.0,0.0,0.0,0.0,4.999202233972332e-05,7.19494500568078e-10,-9.998405534054224e-05,9.543603761063285e-11,-9.998382077660998e-05,-1.530426416257316e-07,-2.344044856767955e-10,1.531380786177025e-07,4.999202233972332e-05,7.19494500568078e-10,9.998405534054224e-05,-9.543603761063285e-11
1,10797.75162327696,0.0,-5.762997239803632e-05,0.147373536142594,0.000159446676654062,9.847309433955449e-07,0.0,0.0,1.0,0.0,0.0,0.0,4.999202242243075e-05,6.890913635353334e-10,-9.99840553323346e-05,9.847309433955449e-11,-9.998383809623883e-05,-1.4727407733258e-07,-2.170766490520983e-10,1.473725514116506e-07,4.999202242243075e-05,6.890913635353334e-10,9.99840553323346e-05,-9.847309433955449e-11
1,11220.18454301949,0.0,-4.158224598068434e-05,0.1418251064675689,0.0001594467637005611,1.016551936025509e-06,0.0,0.0,1.0,0.0,0.0,0.0,4.999202249847609e-05,6.597031879127436e-10,-9.998405532362995e-05,1.016551936025509e-10,-9.99838541351735e-05,-1.41722433705478e-07,-2.010290096812455e-10,1.418240899156329e-07,4.999202249847609e-05,6.597031879127436e-10,9.998405532362994e-05,-1.016551936025509e-10
1,11659.14401179817,0.0,-2.672012949514376e-05,0.1364855719138749,0.0001594468562301278,1.049870222828672e-06,0.0,0.0,1.0,0.0,0.0,0.0,4.999202256830744e-05,6.312866967098256e-10,-9.998405531437699e-05,1.049870222828672e-10,-9.99838689879444e-05,-1.363795339714991e-07,-1.861669857252716e-10,1.364845220436521e-07,4.999202256830744e-05,6.312866967098256e-10,9.998405531437699e-05,-1.049870222828672e-10
1,12115.27658628572,0.0,-1.295602827519026e-05,0.1313470680856617,0.0001594469547881166,1.084734877836261e-06,0.0,0.0,1.0,0.0,0.0,0.0,4.999202263233643e-05,6.038000319410032e-10,-9.99840553045212e-05,1.084734877836261e-10,-9.998388274209117e-05,-1.312375087782655e-07,-1.724029830633069e-10,1.313459833507838e-07,4.999202263233643e-05,6.038000319410032e-10,9.99840553045212e-05,-1.084734877836261e-10
1,12589.25411794151,0.0,-2.088190911058552e-07,0.1264020266515069,0.0001594470599554124,1.121197252541262e-06,0.0,0.0,1.0,0.0,0.0,0.0,4.999202269094041e-05,5.772027095228315e-10,-9.998405529400447e-05,1.121197252541262e-10,-9.998389547867839e-05,-1.26288784607803e-07,-1.596558790465183e-10,1.264009054542544e-07,4.999202269094041e-05,5.772027095228315e-10,9.998405529400447e-05,-1.121197252541262e-10
1,13081.77474260177,0.0,1.159662796109074e-05,0.1216431642011214,0.000159447172351854,1.159311051512876e-06,0.0,0.0,1.0,0.0,0.0,0.0,4.999202274446481e-05,5.514555542219046e-10,-9.998405528276481e-05,1.159311051512876e-10,-9.998390727277325e-05,-1.215260726256074e-07,-1.478505443907633e-10,1.216420048900699e-07,4.999202274446481e-05,5.514555542219046e-10,9.998405528276483e-05,-1.159311051512876e-10
1,13593.56390878508,0.0,2.252989224934785e-05,0.1170634715212513,0.0001594472926398873,1.199132411473528e-06,0.0,0.0,1.0,0.0,0.0,0.0,4.999202279322506e-05,5.265206450111061e-10,-9.998405527073601e-05,1.199132411473528e-10,-9.998391819388833e-05,-1.169423579485601e-07,-1.369174003905395e-10,1.170622723888399e-07,4.999202279322506e-05,5.265206450111061e-10,9.998405527073602e-05,-1.199132411473528e-10
1,14125.37544622736,0.0,3.265541268355383e-05,0.1126562032750349,0.0001594474215284691,1.24071998395456e-06,0.0,0.0,1.0,0.0,0.0,0.0,4.999202283750856e-05,5.023612586911372e-10,-9.998405525784716e-05,1.24071998395456e-10,-9.998392830639089e-05,-1.125308893159354e-07,-1.267920088449152e-10,1.126549625550509e-07,4.999202283750856e-05,5.023612586911372e-10,9.998405525784715e-05,-1.24071998395456e-10
1,14677.9926762205,0.0,4.20328674983761e-05,0.1084148680696557,0.000159447559777246,1.284135021651966e-06,0.0,0.0,1.0,0.0,0.0,0.0,4.99920228775763e-05,4.789418065731526e-10,-9.998405524402228e-05,1.284135021651966e-10,-9.998393766988245e-05,-1.08285169148334e-07,-1.174146922788699e-10,1.084135839346341e-07,4.99920228775763e-05,4.789418065731526e-10,9.998405524402228e-05,-1.284135021651966e-10
1,15252.22956538999,0.0,5.071752597905813e-05,0.1043332188977057,0.000159447708201031,1.329441468608892e-06,0.0,0.0,1.0,0.0,0.0,0.0,4.999202291366443e-05,4.562277954475283e-10,-9.99840552291799e-05,1.329441468608892e-10,-9.998394633954996e-05,-1.04198943979935e-07,-1.087301822219728e-10,1.043318894562371e-07,4.999202291366443e-05,4.562277954475283e-10,9.998405522917991e-05,-1.329441468608892e-10
1,15848.93192461092,0.0,5.876057420294205e-05,0.1004052439382131,0.0001594478676746062,1.376706054357258e-06,0.0,0.0,1.0,0.0,0.0,0.0,4.999202294598571e-05,4.341857720727564e-10,-9.998405521323254e-05,1.376706054357258e-10,-9.998395436649121e-05,-1.002661952500166e-07,-1.006872934716641e-10,1.004038672321587e-07,4.999202294598571e-05,4.341857720727564e-10,9.998405521323254e-05,-1.376706054357258e-10
1,16468.97865482846,0.0,6.620941671637299e-05,0.09662515770381878,0.0001594480391378777,1.425998392156552e-06,0.0,0.0,1.0,0.0,0.0,0.0,4.999202297473056e-05,4.127832702664289e-10,-9.998405519608621e-05,1.425998392156552e-10,-9.998396179801574e-05,-9.648113044021232e-08,-9.323862242150476e-11,9.662373170542662e-08,4.999202297473056e-05,4.127832702664289e-10,9.998405519608621e-05,-1.425998392156552e-10
1,17113.28304161757,0.0,7.31079559248511e-05,0.09298739252109105,0.0001594482236014158,1.477391081473874e-06,0.0,0.0,1.0,0.0,0.0,0.0,4.999202300006845e-05,3.919887658024783e-10,-9.998405517763987e-05,1.477391081473874e-10,-9.998396867792399e-05,-9.283817454447127e-08,-8.634026767656472e-11,9.298591513000957e-08,4.999202300006845e-05,3.919887658024783e-10,9.998405517763987e-05,-1.477391081473874e-10
1,17782.79410038899,0.0,7.949685084294819e-05,0.0894865903314537,0.0001594484221524101,1.530959814855415e-06,0.0,0.0,1.0,0.0,0.0,0.0,4.999202302214869e-05,3.717716304410592e-10,-9.998405515778476e-05,1.530959814855415e-10,-9.998397504676504e-05,-8.933196185919335e-08,-7.995157130946189e-11,8.948505937163884e-08,4.999202302214869e-05,3.717716304410592e-10,9.998405515778476e-05,-1.530959814855415e-10
1,18478.49797422266,0.0,8.54137567288919e-05,0.08611759480067602,0.0001594486359610769,1.586783489345983e-06,0.0,0.0,1.0,0.0,0.0,0.0,4.99920230411014e-05,3.521020885605165e-10,-9.99840551364039e-05,1.586783489345983e-10,-9.998398094207604e-05,-8.595732808146853e-08,-7.403487923218503e-11,8.611600801718667e-08,4.99920230411014e-05,3.521020885605165e-10,9.99840551364039e-05,-1.586783489345983e-10
1,19201.41938638775,0.0,9.089354701608526e-05,0.08287544372532057,0.0001594488662875569,1.644944322619731e-06,0.0,0.0,1.0,0.0,0.0,0.0,4.999202305703832e-05,3.329511677178252e-10,-9.998405511337125e-05,1.644944322619731e-10,-9.998398639860312e-05,-8.270930270379205e-08,-6.855531927147162e-11,8.287379878099795e-08,4.999202305703832e-05,3.329511677178252e-10,9.998405511337125e-05,-1.644944322619731e-10
1,19952.62314968852,0.0,9.596851884948326e-05,0.07975536172498382,0.0001594491144893401,1.705527973992097e-06,0.0,0.0,1.0,0.0,0.0,0.0,4.999202307005336e-05,3.142906622194573e-10,-9.998405508855107e-05,1.705527973992097e-10,-9.998399144850634e-05,-7.958310169408254e-08,-6.34805956398568e-11,7.975365619700983e-08,4.999202307005336e-05,3.142906622194573e-10,9.998405508855108e-05,-1.705527973992097e-10
1,20733.21573485926,0.0,0.0001006685834381493,0.07675275320958112,0.0001594493820292671,1.76862367049004e-06,0.0,0.0,1.0,0.0,0.0,0.0,4.999202308022326e-05,2.960930832481449e-10,-9.998405506179708e-05,1.76862367049004e-10,-9.99839961215491e-05,-7.657412045023805e-08,-5.878079859111783e-11,7.675098458591063e-08,4.999202308022326e-05,2.960930832481449e-10,9.998405506179708e-05,-1.76862367049004e-10
1,21544.34690031854,0.0,0.0001050214423458398,0.07386319561133224,0.0001594496704841501,1.834324338164893e-06,0.0,0.0,1.0,0.0,0.0,0.0,4.999202308760794e-05,2.783316315410518e-10,-9.99840550329516e-05,1.834324338164893e-10,-9.998400044527379e-05,-7.367792701885295e-08,-5.44282281383103e-11,7.386136128699407e-08,4.999202308760794e-05,2.783316315410518e-10,9.998405503295158e-05,-1.834324338164893e-10
1,22387.21138568308,0.0,0.0001090527507585721,0.07108243287149102,0.000159449981554065,1.902726738839808e-06,0.0,0.0,1.0,0.0,0.0,0.0,4.999202309225092e-05,2.609801466491792e-10,-9.99840550018446e-05,1.902726738839808e-10,-9.998400444516384e-05,-7.089025556814196e-08,-5.039723079549281e-11,7.108053014475218e-08,4.999202309225092e-05,2.609801466491792e-10,9.99840550018446e-05,-1.902726738839808e-10
1,23263.05067153593,0.0,0.0001127862686914188,0.06840636917223744,0.0001594503170723707,1.973931612491495e-06,0.0,0.0,1.0,0.0,0.0,0.0,4.999202309417958e-05,2.440130692072023e-10,-9.998405496829277e-05,1.973931612491495e-10,-9.998400814479404e-05,-6.820700010544432e-08,-4.666404838095193e-11,6.840439524062495e-08,4.999202309417958e-05,2.440130692072023e-10,9.998405496829277e-05,-1.973931612491495e-10
1,24173.1548080407,0.0,0.0001162440010256548,0.0658310629045097,0.0001594506790165139,2.048043825474137e-06,0.0,0.0,1.0,0.0,0.0,0.0,4.999202309340532e-05,2.274054105758826e-10,-9.998405493209835e-05,2.048043825474137e-10,-9.99840115659697e-05,-6.562420843009217e-08,-4.320667799085901e-11,6.582901486068422e-08,4.999202309340532e-05,2.274054105758826e-10,9.998405493209836e-05,-2.048043825474137e-10
1,25118.86431509545,0.0,0.0001194463272015974,0.06335272086290013,0.0001594510695196812,2.125172524801639e-06,0.0,0.0,1.0,0.0,0.0,0.0,4.99920230899235e-05,2.11132709474059e-10,-9.998405489304803e-05,2.125172524801639e-10,-9.998401472885462e-05,-6.313807631272217e-08,-4.000474231808381e-11,6.335059569037532e-08,4.99920230899235e-05,2.11132709474059e-10,9.998405489304804e-05,-2.125172524801639e-10
1,26101.572156825,0.0,0.0001224121213314926,0.06096769265907344,0.000159451490883372,2.205431298713149e-06,0.0,0.0,1.0,0.0,0.0,0.0,4.999202308371369e-05,1.951709985853006e-10,-9.998405485091166e-05,2.205431298713149e-10,-9.998401765209066e-05,-6.074494189247205e-08,-3.703936955187943e-11,6.096548722777473e-08,4.999202308371369e-05,1.951709985853006e-10,9.998405485091166e-05,-2.205431298713149e-10
1,27122.7257933199,0.0,0.0001251588634403421,0.05867246534548429,0.0001594519455909596,2.288938343755647e-06,0.0,0.0,1.0,0.0,0.0,0.0,4.999202307473923e-05,1.794967689961593e-10,-9.99840548054409e-05,2.288938343755647e-10,-9.998402035290682e-05,-5.844128028382645e-08,-3.429308215061746e-11,5.867017640714054e-08,4.999202307473923e-05,1.794967689961593e-10,9.99840548054409e-05,-2.288938343755647e-10
1,28183.82931264413,0.0,0.0001277027424902946,0.0564636582414838,0.0001594524363223266,2.375816638626749e-06,0.0,0.0,1.0,0.0,0.0,0.0,4.999202306294727e-05,1.640869342007443e-10,-9.998405475636777e-05,2.375816638626749e-10,-9.998402284722153e-05,-5.622369838516612e-08,-3.1749693832032e-11,5.646128242484517e-08,4.999202306294727e-05,1.640869342007443e-10,9.998405475636777e-05,-2.375816638626749e-10
1,29286.44564625194,0.0,0.0001300587517957918,0.05433801795419796,0.000159452965969657,2.466194125030408e-06,0.0,0.0,1.0,0.0,0.0,0.0,4.99920230482683e-05,1.48918796707386e-10,-9.998405470340305e-05,2.466194125030408e-10,-9.998402514973591e-05,-5.408892988137605e-08,-2.939421417386521e-11,5.433555176007293e-08,4.99920230482683e-05,1.48918796707386e-10,9.998405470340305e-05,-2.466194125030408e-10
1,30432.19887107678,0.0,0.0001322407773918108,0.05229241358685065,0.000159453537654479,2.560203895808168e-06,0.0,0.0,1.0,0.0,0.0,0.0,4.99920230306158e-05,1.339700185484306e-10,-9.998405464623456e-05,2.560203895808168e-10,-9.998402727402078e-05,-5.20338304331701e-08,-2.721276026266812e-11,5.228985338295484e-08,4.99920230306158e-05,1.339700185484306e-10,9.998405464623456e-05,-2.560203895808168e-10
1,31622.77660168334,0.0,0.0001342616798760251,0.05032383212747708,0.0001594541547460593,2.657984390618841e-06,0.0,0.0,1.0,0.0,0.0,0.0,4.999202300988574e-05,1.192185818153792e-10,-9.99840545845254e-05,2.657984390618841e-10,-9.998402923259635e-05,-5.005537304604035e-08,-2.519247487003424e-11,5.032117414308646e-08,4.999202300988574e-05,1.192185818153792e-10,9.99840545845254e-05,-2.657984390618841e-10
1,32859.93247600607,0.0,0.0001361333702072361,0.04842937401124027,0.0001594548208812577,2.759679599450093e-06,0.0,0.0,1.0,0.0,0.0,0.0,4.999202298595602e-05,1.046427600360517e-10,-9.998405451791188e-05,2.759679599450093e-10,-9.998403103700639e-05,-4.815064361201605e-08,-2.332145067402157e-11,4.842661433164082e-08,4.999202298595602e-05,1.046427600360517e-10,9.998405451791187e-05,-2.759679599450093e-10
1,34145.48873833552,0.0,0.0001378668799068073,0.04660624884981707,0.0001594555399859558,2.865439274256391e-06,0.0,0.0,1.0,0.0,0.0,0.0,4.99920229586855e-05,9.022108738335175e-11,-9.998405444600142e-05,2.865439274256391e-10,-9.998403269788585e-05,-4.631683661767831e-08,-2.158866007914855e-11,4.660338341054282e-08,4.99920229586855e-05,9.022108738335175e-11,9.99840544460014e-05,-2.865439274256391e-10
1,35481.33892335703,0.0,0.0001394724260768581,0.04485177132156749,0.0001594563162981914,2.975419149029093e-06,0.0,0.0,1.0,0.0,0.0,0.0,4.999202292791349e-05,7.593232311354457e-11,-9.998405436837018e-05,2.975419149029094e-10,-9.998403422502364e-05,-4.455125101209595e-08,-1.998389022133331e-11,4.484879590241846e-08,4.999202292791349e-05,7.593232311354457e-11,9.998405436837018e-05,-2.975419149029094e-10
1,36869.45064519521,0.0,0.0001409594716184073,0.04316335721643604,0.0001594571543931299,3.089781168616124e-06,0.0,0.0,1.0,0.0,0.0,0.0,4.999202289345872e-05,6.175542250975381e-11,-9.998405428456069e-05,3.089781168616124e-10,-9.998403562742077e-05,-4.285128622862367e-08,-1.849768277472258e-11,4.316026743526743e-08,4.999202289345872e-05,6.175542250975381e-11,9.998405428456069e-05,-3.089781168616124e-10
1,38311.86849557231,0.0,0.0001423367810043876,0.04153851962976221,0.0001594580592100213,3.208693726620755e-06,0.0,0.0,1.0,0.0,0.0,0.0,4.999202285511806e-05,4.766950782546204e-11,-9.9984054194079e-05,3.208693726620755e-10,-9.99840369133427e-05,-4.121443835467964e-08,-1.71212782056337e-11,4.153531093603558e-08,4.999202285511806e-05,4.766950782546204e-11,9.9984054194079e-05,-3.208693726620755e-10
1,39810.71705534914,0.0,0.0001436124719362404,0.03997486529939641,0.0001594590360813032,3.332331912721522e-06,0.0,0.0,1.0,0.0,0.0,0.0,4.999202281266559e-05,3.365383489120748e-11,-9.998405409639187e-05,3.332331912721522e-10,-9.99840380903687e-05,-3.96382964438798e-08,-1.584656414506283e-11,3.997153296748368e-08,4.999202281266559e-05,3.365383489120748e-11,9.998405409639187e-05,-3.332331912721522e-10
1,41368.20402388446,0.0,0.0001447940631885388,0.03847009108072768,0.000159460090764018,3.460877769768069e-06,0.0,0.0,1.0,0.0,0.0,0.0,4.999202276585109e-05,1.968776188969005e-11,-9.99840539909236e-05,3.46087776976807e-10,-9.99840391654359e-05,-3.81205389651033e-08,-1.466602757547921e-11,3.846663020295791e-08,4.999202276585109e-05,1.968776188969005e-11,9.99840539909236e-05,-3.46087776976807e-10
1,42986.62347082213,0.0,0.0001458885189236337,0.03702198055443379,0.000159461229473733,3.594520561021065e-06,0.0,0.0,1.0,0.0,0.0,0.0,4.999202271439875e-05,5.750722467691059e-12,-9.998405387705264e-05,3.594520561021065e-10,-9.998404014488085e-05,-3.665893038324895e-08,-1.357271055009931e-11,3.701838603387277e-08,4.999202271439875e-05,5.750722467691059e-12,9.998405387705264e-05,-3.594520561021065e-10
1,44668.35921509565,0.0,0.0001469022897374947,0.03562840076195761,0.0001594624589211588,3.733457047917836e-06,0.0,0.0,1.0,0.0,0.0,0.0,4.999202265800527e-05,-8.17780830773609e-12,-9.998405375410789e-05,3.733457047917837e-10,-9.998404103447624e-05,-3.52513178666615e-08,-1.25601691836641e-11,3.562466730490969e-08,4.999202265800527e-05,-8.17780830773609e-12,9.998405375410789e-05,-3.733457047917837e-10
1,46415.88833612709,0.0,0.0001478413506786733,0.03428729906390399,0.0001594637863516842,3.877891778759599e-06,0.0,0.0,1.0,0.0,0.0,0.0,4.999202259633839e-05,-2.211834018681415e-11,-9.998405362136483e-05,3.877891778759599e-10,-9.998404183946541e-05,-3.389562811635739e-08,-1.162243567301083e-11,3.428342117212523e-08,4.999202259633839e-05,-2.211834018681415e-11,9.998405362136483e-05,-3.877891778759599e-10
1,48231.78482239234,0.0,0.0001487112364644472,0.03299670011673003,0.0001594652195880609,4.028037388730475e-06,0.0,0.0,1.0,0.0,0.0,0.0,4.999202252903458e-05,-3.6091402648202e-11,-9.998405347804119e-05,4.028037388730475e-10,-9.998404256459285e-05,-3.258986431243209e-08,-1.075398312361364e-11,3.29926720793413e-08,4.999202252903458e-05,-3.6091402648202e-11,9.998405347804119e-05,-4.028037388730475e-10
1,50118.72336272647,0.0,0.0001495170741017243,0.03175470296327767,0.0001594667670764864,4.184114911673437e-06,0.0,0.0,1.0,0.0,0.0,0.0,4.999202245569734e-05,-5.011757005232908e-11,-9.998405332329235e-05,4.184114911673437e-10,-9.998404321413261e-05,-3.133210317308438e-08,-9.949692974762082e-12,3.175051884836599e-08,4.999202245569734e-05,-5.011757005232908e-11,9.998405332329237e-05,-4.184114911673437e-10
1,52079.48328595385,0.0,0.0001502636131049461,0.03055947823286315,0.0001594684379363576,4.346354104063519e-06,0.0,0.0,1.0,0.0,0.0,0.0,4.999202237589443e-05,-6.42174943841391e-11,-9.998405315620638e-05,4.346354104063519e-10,-9.998404379191306e-05,-3.012049212199704e-08,-9.204824831411574e-12,3.055513187875909e-08,4.999202237589443e-05,-6.42174943841391e-11,9.998405315620638e-05,-4.346354104063519e-10
1,54116.95265464555,0.0,0.000150955253489104,0.02940926544680122,0.000159470242013989,4.514993781634416e-06,0.0,0.0,1.0,0.0,0.0,0.0,4.999202228915561e-05,-7.841193799582729e-11,-9.99840529757986e-05,4.514993781634416e-10,-9.998404430133984e-05,-2.895324655986265e-08,-8.51498852488507e-12,2.940475045301959e-08,4.999202228915561e-05,-7.841193799582729e-11,9.99840529757986e-05,-4.514993781634416e-10
1,56234.13251903405,0.0,0.0001515960717028533,0.02830237042539518,0.0001594721899406083,4.690282169130461e-06,0.0,0.0,1.0,0.0,0.0,0.0,4.99920221949697e-05,-9.272179854331551e-11,-9.998405278100595e-05,4.690282169130461e-10,-9.998404474541551e-05,-2.782864723603131e-08,-7.876118237755067e-12,2.829768014322605e-08,4.99920221949697e-05,-9.272179854331551e-11,9.998405278100595e-05,-4.690282169130461e-10
1,58434.14133735087,0.0,0.000152189844654555,0.02723716279257479,0.0001594742931949736,4.872477263672684e-06,0.0,0.0,1.0,0.0,0.0,0.0,4.999202209278174e-05,-1.071681447647422e-10,-9.998405257068051e-05,4.872477263672685e-10,-9.998404512675767e-05,-2.674503771646646e-08,-7.284448540418627e-12,2.723229031531112e-08,4.999202209278174e-05,-1.071681447647422e-10,9.998405257068051e-05,-4.872477263672685e-10
1,60720.21956909792,0.0,0.0001527400719728675,0.02621207357450682,0.0001594765641709779,5.061847212244151e-06,0.0,0.0,1.0,0.0,0.0,0.0,4.999202198198952e-05,-1.21772244019009e-10,-9.99840523435829e-05,5.061847212244152e-10,-9.998404544761415e-05,-2.570082194422311e-08,-6.736492198110364e-12,2.620701172729457e-08,4.999202198198952e-05,-1.21772244019009e-10,9.998405234358292e-05,-5.061847212244152e-10
1,63095.73444801835,0.0,0.0001532499966330796,0.02522559288864176,0.0001594790162506395,5.258670703817209e-06,0.0,0.0,1.0,0.0,0.0,0.0,4.999202186194023e-05,-1.365555956790113e-10,-9.998405209837494e-05,5.258670703817209e-10,-9.998404570987634e-05,-2.469446188888587e-08,-6.229019617559974e-12,2.522033421793795e-08,4.999202186194023e-05,-1.365555956790113e-10,9.998405209837494e-05,-5.258670703817209e-10
1,65564.18494179688,0.0,0.0001537226240707494,0.0242762677197934,0.0001594816638829063,5.463237376662561e-06,0.0,0.0,1.0,0.0,0.0,0.0,4.999202173192642e-05,-1.515399595375318e-10,-9.998405183361171e-05,5.46323737666256e-10,-9.998404591509024e-05,-2.372447528151297e-08,-5.759039812156918e-12,2.427080448241674e-08,4.999202173192642e-05,-1.515399595375318e-10,9.998405183361171e-05,-5.46323737666256e-10
1,68129.20690579507,0.0,0.0001541607398953062,0.02336269977997595,0.0001594845226687377,5.675848241397999e-06,0.0,0.0,1.0,0.0,0.0,0.0,4.999202159118205e-05,-1.667473933204239e-10,-9.998405154773313e-05,5.675848241397999e-10,-9.998404606446585e-05,-2.278943343174682e-08,-5.323782773431471e-12,2.335702393173455e-08,4.999202159118205e-05,-1.667473933204239e-10,9.998405154773312e-05,-5.675848241397999e-10
1,70794.57843841269,0.0,0.0001545669263080119,0.0224835434488466,0.0001594876094529629,5.896816120352544e-06,0.0,0.0,1.0,0.0,0.0,0.0,4.999202143887777e-05,-1.822002787072444e-10,-9.99840512390547e-05,5.896816120352544e-10,-9.998404615888392e-05,-2.188795912387499e-08,-4.920683144950954e-12,2.247764663272625e-08,4.999202143887777e-05,-1.822002787072444e-10,9.998405123905472e-05,-5.896816120352544e-10
1,73564.22544596299,0.0,0.0001549435773210428,0.02163750379172058,0.0001594909424234549,6.126466103840182e-06,0.0,0.0,1.0,0.0,0.0,0.0,4.999202127411624e-05,-1.979213573265373e-10,-9.998405090575766e-05,6.126466103840182e-10,-9.998404619890161e-05,-2.101872458876718e-08,-4.547365102412071e-12,2.163137732561674e-08,4.999202127411624e-05,-1.979213573265373e-10,9.998405090575766e-05,-6.126466103840182e-10
1,76442.22742525882,0.0,0.0001552929128673945,0.02082333465223934,0.0001594945412182037,6.365136023955577e-06,0.0,0.0,1.0,0.0,0.0,0.0,4.999202109592664e-05,-2.139337645827049e-10,-9.998405054587819e-05,6.365136023955578e-10,-9.998404618475532e-05,-2.018044954868443e-08,-4.201628350809219e-12,2.081696951621539e-08,4.999202109592664e-05,-2.139337645827049e-10,9.998405054587819e-05,-6.365136023955578e-10
1,79432.8234724269,0.0,0.0001556169918847612,0.0200398368168828,0.0001594984270409139,6.613176946522987e-06,0.0,0.0,1.0,0.0,0.0,0.0,4.99920209032591e-05,-2.302610617481458e-10,-9.998405015729592e-05,6.613176946522988e-10,-9.998404611636231e-05,-1.937189933210756e-08,-3.881435156152715e-12,2.003322363993628e-08,4.99920209032591e-05,-2.302610617481458e-10,9.998405015729592e-05,-6.613176946522988e-10
1,82540.41852680054,0.0,0.0001559177244505074,0.01928585624862253,0.0001595026227858077,6.870953681847949e-06,0.0,0.0,1.0,0.0,0.0,0.0,4.999202069497851e-05,-2.469272703322085e-10,-9.998404973772143e-05,6.870953681847949e-10,-9.998404599332049e-05,-1.859188305580066e-08,-3.584898335300243e-12,1.927898529494068e-08,4.999202069497851e-05,-2.469272703322085e-10,9.998404973772143e-05,-6.870953681847949e-10
1,85769.58985908805,0.0,0.000156196883039243,0.01856028238711377,0.0001595071531723624,7.138845314940022e-06,0.0,0.0,1.0,0.0,0.0,0.0,4.999202046985775e-05,-2.6395690861854e-10,-9.998404928468276e-05,7.138845314940023e-10,-9.99840458149055e-05,-1.783925187146092e-08,-3.310270133119345e-12,1.855314354179883e-08,4.999202046985775e-05,-2.6395690861854e-10,9.998404928468276e-05,-7.138845314940023e-10
1,89125.09381337314,0.0,0.0001564561129693588,0.01786204651292342,0.0001595120448907737,7.417245755893244e-06,0.0,0.0,1.0,0.0,0.0,0.0,4.999202022657053e-05,-2.813750267929602e-10,-9.998404879551092e-05,7.417245755893245e-10,-9.998404558006698e-05,-1.711289727433264e-08,-3.055931921414919e-12,1.785462926716752e-08,4.999202022657053e-05,-2.813750267929602e-10,9.998404879551094e-05,-7.417245755893245e-10
1,92611.87281287787,0.0,0.0001566969421000701,0.01719012017338397,0.0001595173267589959,7.70656431112926e-06,0.0,0.0,1.0,0.0,0.0,0.0,4.999201996368365e-05,-2.992072422881675e-10,-9.998404826732411e-05,7.70656431112926e-10,-9.998404528742215e-05,-1.641174947139484e-08,-2.820384658925809e-12,1.718241360907285e-08,4.999201996368365e-05,-2.992072422881675e-10,9.998404826732411e-05,-7.70656431112926e-10
1,96235.06263980732,0.0,0.000156920789836133,0.01654351366775539,0.0001595230298922767,8.007226276225726e-06,0.0,0.0,1.0,0.0,0.0,0.0,4.999201967964842e-05,-3.174797779473591e-10,-9.998404769701078e-05,8.007226276225726e-10,-9.99840449352477e-05,-1.573477580663093e-08,-2.602240056143732e-12,1.653550644147917e-08,4.999201967964842e-05,-3.174797779473591e-10,9.998404769701078e-05,-8.007226276225726e-10
1,99999.9999999984,0.0,0.0001571289754932903,0.01592127458946338,0.0001595291878861829,8.31967355107017e-06,0.0,0.0,1.0,0.0,0.0,0.0,4.999201937279169e-05,-3.362195005131e-10,-9.998404708121139e-05,8.31967355107017e-10,-9.998404452146979e-05,-1.50809792411328e-08,-2.400212392892584e-12,1.591295491591231e-08,4.999201937279169e-05,-3.362195005131e-10,9.998404708121139e-05,-8.31967355107017e-10
1,103912.2303835152,0.0,0.0001573227260737399,0.01532248642326688,0.0001595358370141809,8.644365278096028e-06,0.0,0.0,1.0,0.0,0.0,0.0,4.999201904130597e-05,-3.554539586825006e-10,-9.998404641629859e-05,8.644365278096029e-10,-9.99840440436518e-05,-1.444939688581307e-08,-2.213110940440957e-12,1.531384205798879e-08,4.999201904130597e-05,-3.554539586825006e-10,9.998404641629858e-05,-8.644365278096029e-10
1,107977.5162327692,0.0,0.0001575031834974494,0.01474626719528862,0.0001595430164409318,8.981778504373421e-06,0.0,0.0,1.0,0.0,0.0,0.0,4.999201868323872e-05,-3.75211423330786e-10,-9.998404569835592e-05,8.981778504373422e-10,-9.998404349897998e-05,-1.383909858456767e-08,-2.03983294348232e-12,1.473728541678425e-08,4.999201868323872e-05,-3.75211423330786e-10,9.998404569835592e-05,-8.981778504373422e-10
1,112201.8454301945,0.0,0.000157671411331926,0.01419176817392004,0.0001595507684525437,9.332408868341947e-06,0.0,0.0,1.0,0.0,0.0,0.0,4.999201829648092e-05,-3.955209287106352e-10,-9.998404492315475e-05,9.332408868341947e-10,-9.998404288424685e-05,-1.324918554580692e-08,-1.879357120617732e-12,1.41824357650517e-08,4.999201829648092e-05,-3.955209287106352e-10,9.998404492315475e-05,-9.332408868341947e-10
1,116591.4401179813,0.0,0.0001578284010600854,0.01365817261968711,0.0001595591387051258,9.696771311986384e-06,0.0,0.0,1.0,0.0,0.0,0.0,4.999201787875477e-05,-4.164123134346673e-10,-9.998404408612949e-05,9.696771311986384e-10,-9.99840421958327e-05,-1.267878902040476e-08,-1.730737645040426e-12,1.364847584837512e-08,4.999201787875477e-05,-4.164123134346673e-10,9.998404408612949e-05,-9.696771311986384e-10
1,121152.7658628569,0.0,0.0001579750779231549,0.01314469458223546,0.0001595681764930918,1.007540081926769e-05,0.0,0.0,1.0,0.0,0.0,0.0,4.999201742760019e-05,-4.3791626427684e-10,-9.998404318235069e-05,1.007540081926769e-09,-9.998404142968394e-05,-1.21270690240881e-08,-1.593098569936945e-12,1.313461918141619e-08,4.999201742760019e-05,-4.3791626427684e-10,9.998404318235069e-05,-1.007540081926769e-09
1,125892.5411794147,0.0,0.000158112306373021,0.01265057774266276,0.0001595779350387777,1.046885318163198e-05,0.0,0.0,1.0,0.0,0.0,0.0,4.999201694036041e-05,-4.600643601906748e-10,-9.998404220649612e-05,1.046885318163198e-09,-9.99840405812895e-05,-1.159321310246528e-08,-1.465628665756714e-12,1.264010888948113e-08,4.999201694036041e-05,-4.600643601906748e-10,9.998404220649613e-05,-1.046885318163198e-09
1,130817.7474260173,0.0,0.0001582408951661421,0.0121750942994928,0.0001595884718050565,1.087770579142756e-05,0.0,0.0,1.0,0.0,0.0,0.0,4.999201641416632e-05,-4.828891166527295e-10,-9.99840411528195e-05,1.087770579142756e-09,-9.99840396456544e-05,-1.107643513685384e-08,-1.347576638914392e-12,1.216421659370137e-08,4.999201641416632e-05,-4.828891166527295e-10,9.99840411528195e-05,-1.087770579142756e-09
1,135935.6390878503,0.0,0.00015836160212902,0.01171754389665024,0.0001595998488327703,1.130255846406512e-05,0.0,0.0,1.0,0.0,0.0,0.0,4.999201584591963e-05,-5.06424033150242e-10,-9.998404001511673e-05,1.130255846406512e-09,-9.99840386172702e-05,-1.057597418922287e-08,-1.238246703750233e-12,1.170624133818618e-08,4.999201584591963e-05,-5.06424033150242e-10,9.998404001511673e-05,-1.130255846406512e-09
1,141253.7544622731,0.0,0.0001584751386232901,0.01127725259185677,0.0001596121331049362,1.174403428975801e-05,0.0,0.0,1.0,0.0,0.0,0.0,4.999201523227484e-05,-5.307036408856005e-10,-9.998403878668951e-05,1.174403428975801e-09,-9.998403749008292e-05,-1.009109338455595e-08,-1.136994481646118e-12,1.126550855756701e-08,4.999201523227484e-05,-5.307036408856005e-10,9.998403878668951e-05,-1.174403428975801e-09
1,146779.9267622045,0.0,0.000158582173736709,0.01085357186392851,0.00015962539693984,1.220278051567764e-05,0.0,0.0,1.0,0.0,0.0,0.0,4.999201456961929e-05,-5.557635508060576e-10,-9.998403746030603e-05,1.220278051567764e-09,-9.998403625745743e-05,-9.621078829061992e-09,-1.043223203130996e-12,1.084136908341283e-08,4.999201456961929e-05,-5.557635508060576e-10,9.998403746030603e-05,-1.220278051567764e-09
1,152522.2956538993,0.0,0.0001586833382247072,0.01044587765751237,0.000159639718415294,1.267946945935295e-05,0.0,0.0,1.0,0.0,0.0,0.0,4.999201385405232e-05,-5.816405058618196e-10,-9.998403602815848e-05,1.267946945935295e-09,-9.998403491213854e-05,-9.16523856264884e-09,-9.563801905867314e-13,1.043319818805301e-08,4.999201385405232e-05,-5.816405058618196e-10,9.998403602815848e-05,-1.267946945935295e-09
1,158489.3192461087,0.0,0.0001587792282256864,0.01005356946385369,0.0001596551818265126,1.317479945413153e-05,0.0,0.0,1.0,0.0,0.0,0.0,4.999201308136214e-05,-6.083724304451921e-10,-9.998403448181735e-05,1.317479945413153e-09,-9.998403344620855e-05,-8.722901544186716e-09,-8.759536008262137e-13,1.004039466439956e-08,4.999201308136214e-05,-6.083724304451921e-10,9.998403448181735e-05,-1.317479945413153e-09
1,164689.7865482841,0.0,0.0001588704087719031,0.009676069436240655,0.0001596718781802517,1.368949582750372e-05,0.0,0.0,1.0,0.0,0.0,0.0,4.999201224700126e-05,-6.359984865517634e-10,-9.998403281218198e-05,1.368949582750372e-09,-9.998403185104074e-05,-8.293416668164244e-09,-8.014694083485708e-13,9.662379940413152e-09,4.999201224700126e-05,-6.359984865517634e-10,9.998403281218198e-05,-1.368949582750372e-09
1,171132.8304161752,0.0,0.0001589574171165731,0.0093128215388219,0.0001596899057280571,1.422431191306707e-05,0.0,0.0,1.0,0.0,0.0,0.0,4.999201134605973e-05,-6.645591261468637e-10,-9.99840310094272e-05,1.422431191306707e-09,-9.998403011724867e-05,-7.876151811287544e-09,-7.324886114839341e-13,9.298597226908832e-09,4.999201134605973e-05,-6.645591261468637e-10,9.99840310094272e-05,-1.422431191306707e-09
1,177827.9410038893,0.0,0.0001590407658967315,0.008963290727543042,0.0001597093705416965,1.478003009687804e-05,0.0,0.0,1.0,0.0,0.0,0.0,4.999201037323661e-05,-6.940961491698581e-10,-9.998402906294584e-05,1.478003009687804e-09,-9.998402823463182e-05,-7.470492907726353e-09,-6.686046449649841e-13,8.948510697446163e-09,4.999201037323661e-05,-6.940961491698581e-10,9.998402906294584e-05,-1.478003009687804e-09
1,184784.979742226,0.0,0.0001591209461503996,0.008626962161994656,0.0001597303871340759,1.535746289889827e-05,0.0,0.0,1.0,0.0,0.0,0.0,4.999200932280864e-05,-7.246527609421105e-10,-9.99840269612866e-05,1.535746289889828e-09,-9.998402619211523e-05,-7.075843051740691e-09,-6.094409836762454e-13,8.611604699095757e-09,4.999200932280864e-05,-7.246527609421105e-10,9.99840269612866e-05,-1.535746289889828e-09
1,192014.1938638769,0.0,0.0001591984302057453,0.008303340447010088,0.0001597530791292018,1.595745409019337e-05,0.0,0.0,1.0,0.0,0.0,0.0,4.999200818859704e-05,-7.562736319059653e-10,-9.998402469208709e-05,1.595745409019337e-09,-9.998402397768511e-05,-6.691621626447289e-09,-5.54648923456523e-13,8.287382992919894e-09,4.999200818859704e-05,-7.562736319059653e-10,9.998402469208709e-05,-1.595745409019337e-09
1,199526.2314968846,0.0,0.0001592736744591491,0.007991948902894903,0.0001597775799850216,1.658087984648173e-05,0.0,0.0,1.0,0.0,0.0,0.0,4.99920069639312e-05,-7.890049590984337e-10,-9.99840222420015e-05,1.658087984648173e-09,-9.99840215783184e-05,-6.317263457518709e-09,-5.03905525872471e-13,7.97536802304842e-09,4.99920069639312e-05,-7.890049590984337e-10,9.99840222420015e-05,-1.658087984648173e-09
1,207332.157348592,0.0,0.0001593471220584082,0.007692328863211931,0.0001598040337732649,1.72286499385578e-05,0.0,0.0,1.0,0.0,0.0,0.0,4.999200564160972e-05,-8.228945287090631e-10,-9.998401959662267e-05,1.72286499385578e-09,-9.99840189799069e-05,-5.952217990764963e-09,-4.569117148566566e-13,7.675100213273372e-09,4.999200564160972e-05,-8.228945287090631e-10,9.998401959662267e-05,-1.72286499385578e-09
1,215443.4690031847,0.0,0.0001594192055067419,0.007404038999086295,0.000159832596020725,1.790170896002621e-05,0.0,0.0,1.0,0.0,0.0,0.0,4.999200421385845e-05,-8.579917812940851e-10,-9.998401674039794e-05,1.790170896002621e-09,-9.998401616717483e-05,-5.595948492413374e-09,-4.133905139830731e-13,7.386137290126268e-09,4.999200421385845e-05,-8.579917812940851e-10,9.998401674039794e-05,-1.790170896002621e-09
1,223872.1138568301,0.0,0.0001594903492027552,0.007126654669033706,0.0001598634346167527,1.860103759267945e-05,0.0,0.0,1.0,0.0,0.0,0.0,4.999200267228503e-05,-8.943478787252661e-10,-9.998401365653833e-05,1.860103759267945e-09,-9.998401312358948e-05,-5.247931271135743e-09,-3.730854139975348e-13,7.108053631441025e-09,4.999200267228503e-05,-8.943478787252661e-10,9.998401365653834e-05,-1.860103759267945e-09
1,232630.5067153586,0.0,0.0001595609719311181,0.006859767293352735,0.0001598967307920972,1.9327653909729e-05,0.0,0.0,1.0,0.0,0.0,0.0,4.999200100783003e-05,-9.320157713555805e-10,-9.998401032692079e-05,1.9327653909729e-09,-9.99840098312652e-05,-4.907654920817529e-09,-3.357588609790901e-13,6.840439639443006e-09,4.999200100783003e-05,-9.320157713555805e-10,9.998401032692079e-05,-1.9327653909729e-09
1,241731.5480804062,0.0,0.0001596314893183894,0.006602983752157739,0.0001599326801746108,2.008261471695597e-05,0.0,0.0,1.0,0.0,0.0,0.0,4.999199921071414e-05,-9.710502690879927e-10,-9.998400673198255e-05,2.008261471695597e-09,-9.998400627085902e-05,-4.574619583132607e-09,-3.011908562213666e-13,6.582901137440783e-09,4.999199921071414e-05,-9.710502690879927e-10,9.998400673198255e-05,-2.008261471695597e-09
1,251188.6431509537,0.0,0.0001597023162681673,0.006355925806163678,0.0001599714939277491,2.08670169316804e-05,0.0,0.0,1.0,0.0,0.0,0.0,4.999199727038128e-05,-1.01150811266106e-09,-9.998400285060723e-05,2.086701693168041e-09,-9.998400242145808e-05,-4.248336229046558e-09,-2.691776595818501e-13,6.335058789231998e-09,4.999199727038128e-05,-1.01150811266106e-09,9.998400285060723e-05,-2.086701693168041e-09
1,261015.7215682491,0.0,0.0001597738693895771,0.006118229539367448,0.0001600133999782348,2.168199899925364e-05,0.0,0.0,1.0,0.0,0.0,0.0,4.999199517543718e-05,-1.053448047482393e-09,-9.998399866000218e-05,2.168199899925364e-09,-9.998399826045819e-05,-3.928325958437196e-09,-2.395305886576681e-13,6.096547540368194e-09,4.999199517543718e-05,-1.053448047482393e-09,9.998399866000218e-05,-2.168199899925364e-09
1,271227.2579331981,0.0,0.0001598465694330151,0.005889544822802153,0.0001600586443397247,2.252874234655433e-05,0.0,0.0,1.0,0.0,0.0,0.0,4.999199291358325e-05,-1.096930899088399e-09,-9.998399413556603e-05,2.252874234655433e-09,-9.998399376343249e-05,-3.614119317052366e-09,-2.120749067095826e-13,5.867016080455599e-09,4.999199291358325e-05,-1.096930899088399e-09,9.998399413556603e-05,-2.252874234655433e-09
1,281838.2931264404,0.0,0.0001599208437470421,0.005669534798571602,0.0001601074925398196,2.340847287171005e-05,0.0,0.0,1.0,0.0,0.0,0.0,4.999199047154531e-05,-1.142019649905053e-09,-9.998398925074603e-05,2.340847287171005e-09,-9.998398890398974e-05,-3.30525563005334e-09,-1.86648792777533e-13,5.646126325699891e-09,4.999199047154531e-05,-1.142019649905053e-09,9.998398925074603e-05,-2.340847287171005e-09
1,292864.4564625185,0.0,0.0001599971287703671,0.005457875383401764,0.0001601602311582896,2.432246246897004e-05,0.0,0.0,1.0,0.0,0.0,0.0,4.999198783499647e-05,-1.188779518448101e-09,-9.998398397688418e-05,2.432246246897004e-09,-9.998398365362152e-05,-3.001282351568396e-09,-1.631023879224863e-13,5.433552920932794e-09,4.999198783499647e-05,-1.188779518448101e-09,9.998398397688418e-05,-2.432246246897004e-09
1,304321.9887107668,0.0,0.0001600758725729825,0.005254254790974327,0.000160217169484953,2.527203058731519e-05,0.0,0.0,1.0,0.0,0.0,0.0,4.999198498847459e-05,-1.237278039011142e-09,-9.998397828305151e-05,2.527203058731519e-09,-9.998397798153742e-05,-2.701754429627531e-09,-1.41296911970539e-13,5.228982760387011e-09,4.999198498847459e-05,-1.237278039011142e-09,9.99839782830515e-05,-2.527203058731519e-09
1,316227.7660168324,0.0,0.0001601575374607025,0.005058373072334624,0.0001602786413062514,2.625854582100306e-05,0.0,0.0,1.0,0.0,0.0,0.0,4.999198191529257e-05,-1.2875851440642e-09,-9.998397213586938e-05,2.625854582100307e-09,-9.998397185448688e-05,-2.406233685865612e-09,-1.211038455488942e-13,5.03211452651362e-09,4.999198191529257e-05,-1.2875851440642e-09,9.998397213586937e-05,-2.625854582100307e-09
1,328599.3247600597,0.0,0.0001602426026575965,0.004869941673692509,0.0001603450068302005,2.728342752980502e-05,0.0,0.0,1.0,0.0,0.0,0.0,4.999197859744246e-05,-1.339773247194376e-09,-9.998396549931698e-05,2.728342752980502e-09,-9.99839652365678e-05,-2.114288209752686e-09,-1.02404172604056e-13,4.842658246162704e-09,4.999197859744246e-05,-1.339773247194376e-09,9.998396549931699e-05,-2.728342752980502e-09
1,341454.8873833541,0.0,0.000160331567081149,0.004688683010959615,0.000160416654760072,2.834814748618857e-05,0.0,0.0,1.0,0.0,0.0,0.0,4.999197501549159e-05,-1.3939173276999e-09,-9.9983958334524e-05,2.834814748618857e-09,-9.99839580890197e-05,-1.825491766699706e-09,-8.508767892305142e-14,4.660334863473426e-09,4.999197501549159e-05,-1.3939173276999e-09,9.9983958334524e-05,-2.834814748618857e-09
1,354813.3892335691,0.0,0.0001604249522253401,0.004514330060390654,0.0001604940045278762,2.945423154612893e-05,0.0,0.0,1.0,0.0,0.0,0.0,4.999197114847096e-05,-1.450095016187059e-09,-9.998395059954722e-05,2.945423154612893e-09,-9.998395037000093e-05,-1.539423219993355e-09,-6.905230253616496e-14,4.484875828844525e-09,4.999197114847096e-05,-1.450095016187059e-09,9.998395059954722e-05,-2.945423154612893e-09
1,368694.506451951,0.0,0.0001605233051673066,0.004346625964719355,0.000160577508699469,3.060326133958667e-05,0.0,0.0,1.0,0.0,0.0,0.0,4.999196697375503e-05,-1.508386680926055e-09,-9.998394224913006e-05,3.060326133958667e-09,-9.998394203434904e-05,-1.255665966156135e-09,-5.420353216248797e-14,4.316022703379768e-09,4.999196697375503e-05,-1.508386680926055e-09,9.998394224913006e-05,-3.060326133958667e-09
1,383118.6849557219,0.0,0.0001606272017137363,0.004185323654201707,0.0001606676555638955,3.17968759759574e-05,0.0,0.0,1.0,0.0,0.0,0.0,4.999196246693218e-05,-1.568875515101318e-09,-9.998393323444362e-05,3.17968759759574e-09,-9.99839330333221e-05,-9.738073837530647e-10,-4.045385015914813e-14,4.153526778225749e-09,4.999196246693218e-05,-1.568875515101318e-09,9.998393323444362e-05,-3.17968759759574e-09
1,398107.1705534901,0.0,0.0001607372497037297,0.004030185482000356,0.0001607649719204172,3.303677375897389e-05,0.0,0.0,1.0,0.0,0.0,0.0,4.999195760166556e-05,-1.631647624658135e-09,-9.998392350280797e-05,3.303677375897389e-09,-9.998392331432076e-05,-6.934382955698201e-10,-2.772221668746028e-14,3.997148708241382e-09,4.999195760166556e-05,-1.631647624658135e-09,9.998392350280797e-05,-3.303677375897389e-09
1,413682.0402388432,0.0,0.0001608540924854768,0.003880982873364064,0.0001608700260775328,3.432471390460858e-05,0.0,0.0,1.0,0.0,0.0,0.0,4.999195234954296e-05,-1.696792115336116e-09,-9.998391299739226e-05,3.432471390460858e-09,-9.998391282058864e-05,-4.141524442805258e-10,-1.593359205605835e-14,3.846658159459455e-09,4.999195234954296e-05,-1.696792115336116e-09,9.998391299739224e-05,-3.432471390460858e-09
1,429866.2347082199,0.0,0.0001609784125847839,0.003737495988075502,0.0001609834310792101,3.566251825447663e-05,0.0,0.0,1.0,0.0,0.0,0.0,4.999194667991555e-05,-1.764401180678452e-09,-9.998390165689209e-05,3.566251825447663e-09,-9.998390149089014e-05,-1.355459818580916e-10,-5.01849442620275e-15,3.701833469821025e-09,4.999194667991555e-05,-1.764401180678452e-09,9.998390165689209e-05,-3.566251825447663e-09
1,446683.5921509551,0.0,0.0001611109355842142,0.003599513395659009,0.0001611058481744826,3.705207297605858e-05,0.0,0.0,1.0,0.0,0.0,0.0,4.999194055972456e-05,-1.834570188279344e-09,-9.998388941518256e-05,3.705207297605858e-09,-9.998388925916412e-05,1.427830270000875e-10,5.087409731631192e-15,3.56246132268295e-09,4.999194055972456e-05,-1.834570188279344e-09,9.998388941518256e-05,-3.705207297605858e-09
1,464158.8833612694,0.0,0.0001612524342323698,0.003466831762857353,0.000161237990547534,3.849533023973691e-05,0.0,0.0,1.0,0.0,0.0,0.0,4.999193395331466e-05,-1.90739776538093e-09,-9.998387620094525e-05,3.849533023973691e-09,-9.998387605415093e-05,4.212350866854827e-10,1.444368483572832e-14,3.428336432617616e-09,4.999193395331466e-05,-1.90739776538093e-09,9.998387620094525e-05,-3.849533023973691e-09
1,482317.8482239218,0.0,0.0001614037328036776,0.003339255552903266,0.0001613806273263838,3.999430986115363e-05,0.0,0.0,1.0,0.0,0.0,0.0,4.999192682223353e-05,-1.982985882247609e-09,-9.998386193726736e-05,3.999430986115363e-09,-9.998386179899222e-05,7.002097373836119e-10,2.310547729387395e-14,3.299261243042112e-09,4.999192682223353e-05,-1.982985882247609e-09,9.998386193726736e-05,-3.999430986115363e-09
1,501187.2336272631,0.0,0.0001615657117298704,0.003216596736127193,0.0001615345878893065,4.155110089573112e-05,0.0,0.0,1.0,0.0,0.0,0.0,4.999191912501668e-05,-2.061439933778562e-09,-9.998384654121108e-05,4.155110089573112e-09,-9.998384641080032e-05,9.801060054464274e-10,3.112384056391608e-14,3.175045635231461e-09,4.999191912501668e-05,-2.061439933778562e-09,9.998384654121108e-05,-4.155110089573112e-09
1,520794.8328595368,0.0,0.0001617393125252362,0.003098674511457657,0.0001617007664891361,4.31678631703341e-05,0.0,0.0,1.0,0.0,0.0,0.0,4.999191081695621e-05,-2.142868816919021e-09,-9.998382992335109e-05,4.31678631703341e-09,-9.998382980019636e-05,1.261322836611985e-09,3.854603610009923e-14,3.055506648287323e-09,4.999191081695621e-05,-2.142868816919021e-09,9.998382992335109e-05,-4.31678631703341e-09
1,541169.5265464537,0.0,0.0001619255430285952,0.002985315038384653,0.0001618801272166391,4.484682873496942e-05,0.0,0.0,1.0,0.0,0.0,0.0,4.99919018498526e-05,-2.227385005333968e-09,-9.998381198727834e-05,4.484682873496942e-09,-9.998381187081403e-05,1.544259510670856e-09,4.541581195607858e-14,2.940468209649684e-09,4.99919018498526e-05,-2.227385005333968e-09,9.998381198727834e-05,-4.484682873496942e-09
1,562341.3251903387,0.0,0.0001621254829858409,0.002876351178969725,0.0001620737093251526,4.659030321509719e-05,0.0,0.0,1.0,0.0,0.0,0.0,4.999189217174863e-05,-2.315104617414044e-09,-9.998379262906749e-05,4.659030321509719e-09,-9.998379251876746e-05,1.829316036049489e-09,5.177366068837333e-14,2.829760875754628e-09,4.999189217174863e-05,-2.315104617414044e-09,9.998379262906749e-05,-4.659030321509719e-09
1,584341.4133735067,0.0,0.0001623402899977605,0.002771622249498719,0.0001622826329396795,4.840066704253797e-05,0.0,0.0,1.0,0.0,0.0,0.0,4.999188172664378e-05,-2.406147479890488e-09,-9.998377173670604e-05,4.840066704253797e-09,-9.998377163208044e-05,2.116893522468219e-09,5.765705808098839e-14,2.723221582456181e-09,4.999188172664378e-05,-2.406147479890488e-09,9.998377173670603e-05,-4.840066704253797e-09
1,607202.1956909773,0.0,0.0001625712058586766,0.002670973781384717,0.000162508105174577,5.028037654008252e-05,0.0,0.0,1.0,0.0,0.0,0.0,4.999187045418864e-05,-2.500637182613917e-09,-9.998374918948254e-05,5.028037654008253e-09,-9.998374909007513e-05,2.407394529538032e-09,6.310068409952872e-14,2.620693404844635e-09,4.999187045418864e-05,-2.500637182613917e-09,9.998374918948254e-05,-5.028037654008253e-09
1,630957.3444801815,0.0,0.0001628195633122411,0.002574257290939271,0.0001627514266848572,5.223196483170956e-05,0.0,0.0,1.0,0.0,0.0,0.0,4.999185828935706e-05,-2.598701125797975e-09,-9.998372485733151e-05,5.223196483170956e-09,-9.99837247627167e-05,2.701223389032587e-09,6.813662738392638e-14,2.522025326107561e-09,4.999185828935706e-05,-2.598701125797975e-09,9.998372485733151e-05,-5.223196483170956e-09
1,655641.8494179667,0.0,0.0001630867932513874,0.002481330057639888,0.0001630139986769105,5.425804254677295e-05,0.0,0.0,1.0,0.0,0.0,0.0,4.999184516209593e-05,-2.700470555824764e-09,-9.998369860013231e-05,5.425804254677295e-09,-9.99836985099129e-05,2.998786497634519e-09,7.279457447682065e-14,2.427072015093115e-09,4.999184516209593e-05,-2.700470555824764e-09,9.998369860013231e-05,-5.425804254677295e-09
1,681292.0690579485,0.0,0.0001633744323900391,0.002392054910530531,0.0001632973304051234,5.636129828258777e-05,0.0,0.0,1.0,0.0,0.0,0.0,4.99918309969502e-05,-2.806080589747574e-09,-9.99836702669595e-05,5.636129828258777e-09,-9.998367018076415e-05,3.300492577310839e-09,7.710198491573077e-14,2.335693612247944e-09,4.99918309969502e-05,-2.806080589747574e-09,9.99836702669595e-05,-5.636129828258777e-09
1,707945.7843841247,0.0,0.0001636841314345839,0.002306300022399969,0.0001636030471813661,5.854449878550829e-05,0.0,0.0,1.0,0.0,0.0,0.0,4.999181571266261e-05,-2.915670225360326e-09,-9.998363969528187e-05,5.85444987855083e-09,-9.99836396127631e-05,3.606752899428699e-09,8.108425321784788e-14,2.24775552361446e-09,4.999181571266261e-05,-2.915670225360326e-09,9.998363969528187e-05,-5.85444987855083e-09
1,735642.2544596274,0.0,0.0001640176637833382,0.002223938711389829,0.0001639328989246217,6.08104888058e-05,0.0,0.0,1.0,0.0,0.0,0.0,4.999179922174596e-05,-3.029382334800851e-09,-9.998360671010754e-05,6.081048880580001e-09,-9.998360663093947e-05,3.917981468483607e-09,8.476485871650413e-14,2.163128222584029e-09,4.999179922174596e-05,-3.029382334800851e-09,9.998360671010755e-05,-6.081048880580001e-09
1,764422.2742525858,0.0,0.0001643769347821985,0.002144849249690423,0.0001642887692780626,6.316219057634235e-05,0.0,0.0,1.0,0.0,0.0,0.0,4.999178143002776e-05,-3.147363639533182e-09,-9.99835711230722e-05,6.316219057634235e-09,-9.99835710469489e-05,4.234595160724399e-09,8.816550413595267e-14,2.081687059114081e-09,4.999178143002776e-05,-3.147363639533182e-09,9.99835711230722e-05,-6.316219057634235e-09
1,794328.2347242665,0.0,0.0001647639915643201,0.002068914678987561,0.0001646726853205934,6.560260285940843e-05,0.0,0.0,1.0,0.0,0.0,0.0,4.999176223616427e-05,-3.269764663551159e-09,-9.998353273146794e-05,6.560260285940844e-09,-9.998353265810154e-05,4.557013812436131e-09,9.130624372669006e-14,2.003312076128153e-09,4.999176223616427e-05,-3.269764663551159e-09,9.998353273146794e-05,-6.560260285940844e-09
1,825404.1852680028,0.0,0.0001651810335009263,0.001996022632327869,0.0001650868278992056,6.813479949943604e-05,0.0,0.0,1.0,0.0,0.0,0.0,4.999174153112415e-05,-3.396739662079303e-09,-9.998349131721008e-05,6.813479949943604e-09,-9.998349124632883e-05,4.885660251912912e-09,9.420560172069647e-14,1.927887832828432e-09,4.999174153112415e-05,-3.396739662079303e-09,9.998349131721008e-05,-6.813479949943604e-09
1,857695.8985908778,0.0,0.0001656304232891412,0.001926065162073366,0.0001655335426073297,7.076192741277832e-05,0.0,0.0,1.0,0.0,0.0,0.0,4.999171919763962e-05,-3.528446521678146e-09,-9.998344664573927e-05,7.076192741277832e-09,-9.998344657708642e-05,5.220960268538179e-09,9.688068181151472e-14,1.855303234660587e-09,4.999171919763962e-05,-3.528446521678146e-09,9.998344664573928e-05,-7.076192741277832e-09
1,891250.9381337286,0.0,0.0001661146987009539,0.001858938573618281,0.0001660153514326479,7.348720393788766e-05,0.0,0.0,1.0,0.0,0.0,0.0,4.999169510962391e-05,-3.665046628772492e-09,-9.998339846485674e-05,7.348720393788766e-09,-9.998339839818863e-05,5.563342511305112e-09,9.934726830600334e-14,1.785451369680393e-09,4.999169510962391e-05,-3.665046628772492e-09,9.998339846485674e-05,-7.348720393788766e-09
1,926118.7281287757,0.0,0.0001666365850149834,0.001794543264542427,0.0001665349650954237,7.631391346120548e-05,0.0,0.0,1.0,0.0,0.0,0.0,4.999166913155473e-05,-3.80670470160176e-09,-9.998334650349046e-05,7.631391346120548e-09,-9.998334643857541e-05,5.91323830896356e-09,1.016199195597142e-13,1.718229351081221e-09,4.999166913155473e-05,-3.80670470160176e-09,9.998334650349046e-05,-7.631391346120548e-09
1,962350.6263980701,0.0,0.0001671990081494306,0.001732783568875578,0.000167095296095183,7.924540322518815e-05,0.0,0.0,1.0,0.0,0.0,0.0,4.999164111782173e-05,-3.953588581608039e-09,-9.998329047039049e-05,7.924540322518815e-09,-9.998329040700725e-05,6.271081402265838e-09,1.037120542476185e-13,1.65353816565039e-09,4.999164111782173e-05,-3.953588581608039e-09,9.998329047039049e-05,-7.924540322518815e-09
1,1000000.0,0.0,0.000167805108510416,0.001673567606146575,0.0001676994724794189,8.228507821538221e-05,0.0,0.0,1.0,0.0,0.0,0.0,4.999161091203827e-05,-4.10586897829876e-09,-9.998323005275206e-05,8.228507821538222e-09,-9.998322999068862e-05,6.637307578699325e-09,1.056360309971297e-13,1.591282527931193e-09,4.999161091203827e-05,-4.10586897829876e-09,9.998323005275206e-05,-8.228507821538222e-09
2,1.0,0.0,-71.69183894699988,45.04152571664606,7.635516082953766e-05,-3.795180606023864e-05,0.0,0.0,1.0,0.0,0.0,0.0,4.963700774672486e-05,2.275515048700006e-07,-9.999236448391705e-05,-3.795180606023864e-09,-2.830044910540122e-05,-4.504535888700995e-05,-7.16919153021607e-05,4.504156366845211e-05,4.963700774672486e-05,2.275515048700006e-07,9.999236448391706e-05,3.795180606023864e-09
2,1.039122303835169,0.0,-70.10898184506362,45.77029395845899,7.502144845807493e-05,-3.856586097481766e-05,0.0,0.0,1.0,0.0,0.0,0.0,4.964500440095183e-05,2.312332692338884e-07,-9.99924978551542e-05,-3.856586097481766e-09,-2.988344091362066e-05,-4.577418914898331e-05,-7.010905686651207e-05,4.577033252431996e-05,4.964500440095183e-05,2.312332692338884e-07,9.99924978551542e-05,3.856586097481766e-09
2,1.07977516232771,0.0,-68.47650543085251,46.45348484242177,7.364592694884268e-05,-3.914151234548201e-05,0.0,0.0,1.0,0.0,0.0,0.0,4.965325173507915e-05,2.34684776026206e-07,-9.999263540730511e-05,-3.914151234548201e-09,-3.151605625687971e-05,-4.645743817431016e-05,-6.847657907677946e-05,4.645352398393411e-05,4.965325173507915e-05,2.34684776026206e-07,9.999263540730513e-05,3.914151234548201e-09
2,1.122018454301963,0.0,-66.79706737764889,47.08697333143988,7.22308356522734e-05,-3.967528441801497e-05,0.0,0.0,1.0,0.0,0.0,0.0,4.966173631985024e-05,2.37885184142073e-07,-9.999277691643478e-05,-3.967528441801498e-09,-3.319563723571941e-05,-4.709098057484138e-05,-6.679713960848454e-05,4.70870130067243e-05,4.966173631985024e-05,2.37885184142073e-07,9.999277691643478e-05,3.967528441801498e-09
2,1.165914401179831,0.0,-65.0737642789274,47.66679796415232,7.077878375211569e-05,-4.016383926657221e-05,0.0,0.0,1.0,0.0,0.0,0.0,4.967044251266809e-05,2.408144793706489e-07,-9.99929221216248e-05,-4.016383926657221e-09,-3.491908699313489e-05,-4.767085455208208e-05,-6.507383505771115e-05,4.766683812799158e-05,4.967044251266809e-05,2.408144793706489e-07,9.999292212162479e-05,4.016383926657221e-09
2,1.211527658628588,0.0,-63.31012096831667,48.18921615966412,6.929274126645393e-05,-4.06040233933347e-05,0.0,0.0,1.0,0.0,0.0,0.0,4.967935250644504e-05,2.434537559476685e-07,-9.999307072587336e-05,-4.06040233933347e-09,-3.66828803955227e-05,-4.819331720663087e-05,-6.331019026105793e-05,4.818925676368751e-05,4.967935250644504e-05,2.434537559476685e-07,9.999307072587336e-05,4.06040233933347e-09
2,1.258925411794167,0.0,-61.5100716747,48.65075919157379,6.777602316903244e-05,-4.09929140495101e-05,0.0,0.0,1.0,0.0,0.0,0.0,4.968844642463789e-05,2.457854883380159e-07,-9.99932223976831e-05,-4.09929140495101e-09,-3.848308287918392e-05,-4.865489951688571e-05,-6.151013945072317e-05,4.865080018448784e-05,4.968844642463789e-05,2.457854883380159e-07,9.99932223976831e-05,4.09929140495101e-09
2,1.308177474260194,0.0,-59.67793289733124,49.04828544986574,6.623226653387966e-05,-4.132786411369183e-05,0.0,0.0,1.0,0.0,0.0,0.0,4.969770245935963e-05,2.477938061269221e-07,-9.999337677334662e-05,-4.132786411369183e-09,-4.03153775775166e-05,-4.905245960546908e-05,-5.967799912959777e-05,4.904832677772985e-05,4.969770245935963e-05,2.477938061269221e-07,9.999337677334662e-05,4.132786411369183e-09
2,1.359356390878525,0.0,-57.81836815093754,49.37903056005526,6.466540082959928e-05,-4.160654432214503e-05,0.0,0.0,1.0,0.0,0.0,0.0,4.970709705167964e-05,2.494647435980804e-07,-9.999353345991704e-05,-4.160654432214503e-09,-4.217510057891327e-05,-4.938323286263834e-05,-5.781843281633837e-05,4.937907216659958e-05,4.970709705167964e-05,2.494647435980804e-07,9.999353345991704e-05,4.160654432214503e-09
2,1.412537544622754,0.0,-55.93634501102967,49.64065293692473,6.307961172583055e-05,-4.18269816522872e-05,0.0,0.0,1.0,0.0,0.0,0.0,4.971660510389834e-05,2.507864693277485e-07,-9.999369203882742e-05,-4.182698165228721e-09,-4.405728388510643e-05,-4.964487750389859e-05,-5.593640809064139e-05,4.964069476390638e-05,4.971660510389834e-05,2.507864693277485e-07,9.999369203882742e-05,4.182698165228721e-09
2,1.467799267622069,0.0,-54.03708517131192,49.8312734196864,6.147929901171742e-05,-4.198759271918989e-05,0.0,0.0,1.0,0.0,0.0,0.0,4.972620023800702e-05,2.517494904657683e-07,-9.999385207009883e-05,-4.198759271918989e-09,-4.595670535800861e-05,-4.983551420853863e-05,-5.403714665061093e-05,4.983131540727912e-05,4.972620023800702e-05,2.517494904657683e-07,9.999385207009883e-05,4.198759271918989e-09
2,1.525222956539018,0.0,-52.12600849316173,49.94950776720624,5.986902945210667e-05,-4.208721115598095e-05,0.0,0.0,1.0,0.0,0.0,0.0,4.973585507057911e-05,2.523468152722032e-07,-9.999401309705479e-05,-4.208721115598095e-09,-4.78679446749946e-05,-4.995375861762021e-05,-5.212606836219117e-05,4.994954985441739e-05,4.973585507057911e-05,2.523468152722032e-07,9.999401309705479e-05,4.208721115598095e-09
2,1.584893192461112,0.0,-50.20867226640291,49.99449098274205,5.825348560879169e-05,-4.212510810981078e-05,0.0,0.0,1.0,0.0,0.0,0.0,4.974554152585302e-05,2.525740716891466e-07,-9.999417465143912e-05,-4.212510810981079e-09,-4.978544407329714e-05,-4.999874566078624e-05,-5.020873051988852e-05,4.999453310785016e-05,4.974554152585302e-05,2.525740716891466e-07,9.999417465143912e-05,4.212510810981079e-09
2,1.646897865482867,0.0,-48.29070709676714,49.96589268014048,5.663741181940975e-05,-4.210100518936844e-05,0.0,0.0,1.0,0.0,0.0,0.0,4.975523115947313e-05,2.524295917176654e-07,-9.999433625881806e-05,-4.210100518936844e-09,-5.170357246800169e-05,-4.99701449237656e-05,-4.829076373417895e-05,4.996593478114566e-05,4.975523115947313e-05,2.524295917176654e-07,9.999433625881806e-05,4.210100518936844e-09
2,1.71132830416178,0.0,-46.37775097641128,49.86392298651432,5.502555864538594e-05,-4.201507943845363e-05,0.0,0.0,1.0,0.0,0.0,0.0,4.976489548667175e-05,2.51914437174972e-07,-9.999449744413546e-05,-4.201507943845363e-09,-5.361669138713997e-05,-4.986816655155265e-05,-4.637780600196993e-05,4.986396500159375e-05,4.976489548667175e-05,2.51914437174972e-07,9.999449744413548e-05,4.201507943845363e-09
2,1.778279410038921,0.0,-44.47538317071717,49.68932878596939,5.342262716507682e-05,-4.186796017093505e-05,0.0,0.0,1.0,0.0,0.0,0.0,4.977450632199722e-05,2.510323792663216e-07,-9.99946577372835e-05,-4.186796017093505e-09,-5.551922109051654e-05,-4.96935574918146e-05,-4.447543659334433e-05,4.968937065392956e-05,4.977450632199722e-05,2.510323792663216e-07,9.99946577372835e-05,4.186796017093505e-09
2,1.847849797422289,0.0,-42.58905956240577,49.4433804288398,5.18332144948445e-05,-4.166071777196369e-05,0.0,0.0,1.0,0.0,0.0,0.0,4.97840361008346e-05,2.497898395211536e-07,-9.999481667855052e-05,-4.166071777196369e-09,-5.740570523109706e-05,-4.94475882029955e-05,-4.258911139562026e-05,4.944342208955757e-05,4.97840361008346e-05,2.497898395211536e-07,9.999481667855052e-05,4.166071777196369e-09
2,1.9201419386388,0.0,-40.72405103225145,49.12784934418645,5.026176186876421e-05,-4.139484483429281e-05,0.0,0.0,1.0,0.0,0.0,0.0,4.979345819559709e-05,2.481957632276757e-07,-9.999497382381312e-05,-4.139484483429282e-09,-5.927087247953807e-05,-4.913203026490956e-05,-4.072410129401332e-05,4.912789073903129e-05,4.979345819559709e-05,2.481957632276757e-07,9.999497382381314e-05,4.139484483429282e-09
2,1.995262314968878,0.0,-38.88538632835034,48.74497728360056,4.871250650037885e-05,-4.107223024315069e-05,0.0,0.0,1.0,0.0,0.0,0.0,4.980274719949903e-05,2.462614791006866e-07,-9.999512874934996e-05,-4.107223024315069e-09,-6.11096936597806e-05,-4.874912561992734e-05,-3.888543504085684e-05,4.87450183558308e-05,4.980274719949903e-05,2.462614791006866e-07,9.999512874934996e-05,4.107223024315069e-09
2,2.073321573485953,0.0,-37.07780069107452,48.29743817696723,4.718943829418353e-05,-4.06951270359646e-05,0.0,0.0,1.0,0.0,0.0,0.0,4.98118791916771e-05,2.440004932241991e-07,-9.999528105617059e-05,-4.06951270359646e-09,-6.29174331284683e-05,-4.830154842549298e-05,-3.707784788051281e-05,4.829747887209426e-05,4.98118791916771e-05,2.440004932241991e-07,9.999528105617059e-05,4.06951270359646e-09
2,2.154434690031882,0.0,-35.30569127001183,47.78829378395235,4.569626228002416e-05,-4.026611503437243e-05,0.0,0.0,1.0,0.0,0.0,0.0,4.982083195590433e-05,2.414282754445484e-07,-9.9995430373772e-05,-4.026611503437243e-09,-6.46896933618016e-05,-4.779236070183694e-05,-3.530573696627411e-05,4.778833405006738e-05,4.982083195590433e-05,2.414282754445484e-07,9.9995430373772e-05,4.026611503437243e-09
2,2.238721138568337,0.0,-33.57308010623249,47.22094447035511,4.423636742202602e-05,-3.978805936845485e-05,0.0,0.0,1.0,0.0,0.0,0.0,4.982958517332469e-05,2.385620049072957e-07,-9.99955763632578e-05,-3.978805936845485e-09,-6.642245197642155e-05,-4.722496310413941e-05,-3.357312434259991e-05,4.722098425841448e-05,4.982958517332469e-05,2.385620049072957e-07,9.99955763632578e-05,3.978805936845485e-09
2,2.326305067153623,0.0,-31.88358517325456,46.59907652191913,4.281280221776659e-05,-3.926406608343603e-05,0.0,0.0,1.0,0.0,0.0,0.0,4.983812056633804e-05,2.35420304491903e-07,-9.999571871977823e-05,-3.926406608343603e-09,-6.811209069090864e-05,-4.660304223185763e-05,-3.188362798605678e-05,4.659911578598521e-05,4.983812056633804e-05,2.35420304491903e-07,9.999571871977823e-05,3.926406608343603e-09
2,2.417315480804101,0.0,-30.24039968826611,45.92660742959828,4.142825726595077e-05,-3.869743603713522e-05,0.0,0.0,1.0,0.0,0.0,0.0,4.984642200229498e-05,2.320229641441786e-07,-9.999585717427341e-05,-3.869743603713522e-09,-6.975541601632177e-05,-4.593051590933547e-05,-3.024044111652337e-05,4.592664612703432e-05,4.984642200229498e-05,2.320229641441786e-07,9.999585717427341e-05,3.869743603713522e-09
2,2.511886431509577,0.0,-28.64627963559848,45.20763054327193,4.008505475371332e-05,-3.809161826527439e-05,0.0,0.0,1.0,0.0,0.0,0.0,4.985447555766765e-05,2.283906646528114e-07,-9.999599149452463e-05,-3.809161826527439e-09,-7.134967173378634e-05,-4.521147783480833e-05,-2.864631972065323e-05,4.520766863489019e-05,4.985447555766765e-05,2.283906646528114e-07,9.999599149452463e-05,3.809161826527439e-09
2,2.610157215682533,0.0,-27.10353919926242,44.44636040231077,3.878514460808258e-05,-3.745016391709822e-05,0.0,0.0,1.0,0.0,0.0,0.0,4.986226954158654e-05,2.245446983172812e-07,-9.99961214855392e-05,-3.745016391709822e-09,-7.289254346234702e-05,-4.445014290631654e-05,-2.710357798440702e-05,4.444639785247469e-05,4.986226954158654e-05,2.245446983172812e-07,9.99961214855392e-05,3.745016391709822e-09
2,2.712272579332025,0.0,-25.61405359004267,43.6470799203852,3.753010687808488e-05,-3.677668175337434e-05,0.0,0.0,1.0,0.0,0.0,0.0,4.98697944796312e-05,2.205067033825336e-07,-9.999624698931219e-05,-3.677668175337434e-09,-7.438215583163253e-05,-4.365079440201897e-05,-2.561409112014955e-05,4.364711669706695e-05,4.98697944796312e-05,2.205067033825336e-07,9.999624698931219e-05,3.677668175337434e-09
2,2.81838293126445,0.0,-24.17926858169489,42.81409043912009,3.632115976992591e-05,-3.607479606167762e-05,0.0,0.0,1.0,0.0,0.0,0.0,4.987704306853313e-05,2.162984077995269e-07,-9.999636788402302e-05,-3.607479606167763e-09,-7.581706294484719e-05,-4.281773402959712e-05,-2.417930490285466e-05,4.281412651391615e-05,4.987704306853313e-05,2.162984077995269e-07,9.999636788402302e-05,3.607479606167763e-09
2,2.928644564625232,0.0,-22.8002159436195,41.95166548182197,3.515917265053224e-05,-3.534810768934726e-05,0.0,0.0,1.0,0.0,0.0,0.0,4.988401009512953e-05,2.119414036279327e-07,-9.999648408273495e-05,-3.534810768934726e-09,-7.719623294478362e-05,-4.195523567604669e-05,-2.280025110279215e-05,4.195170082992965e-05,4.988401009512953e-05,2.119414036279327e-07,9.999648408273495e-05,3.534810768934726e-09
2,3.043219887107717,0.0,-21.4775338745294,41.06400884545199,3.404468326492068e-05,-3.460015873184083e-05,0.0,0.0,1.0,0.0,0.0,0.0,4.989069233533301e-05,2.07456927211995e-07,-9.999659553167352e-05,-3.460015873184083e-09,-7.851902757841618e-05,-4.106750349608404e-05,-2.147756791921266e-05,4.106404344561072e-05,4.989069233533301e-05,2.07456927211995e-07,9.99965955316735e-05,3.460015873184083e-09
2,3.162277660168374,0.0,-20.2114915010934,40.15521747624732,3.29779183787085e-05,-3.383440125178049e-05,0.0,0.0,1.0,0.0,0.0,0.0,4.989708842956457e-05,2.028656784362374e-07,-9.999670220816214e-05,-3.383440125178049e-09,-7.978517769617244e-05,-4.015863478460816e-05,-2.021152447901178e-05,4.015525131064857e-05,4.989708842956457e-05,2.028656784362374e-07,9.999670220816212e-05,3.383440125178049e-09
2,3.285993247600649,0.0,-19.00201650333525,39.2292493904037,3.195881705522185e-05,-3.305417024895705e-05,0.0,0.0,1.0,0.0,0.0,0.0,4.990319874386469e-05,1.981876510833981e-07,-9.999680411829449e-05,-3.305417024895705e-09,-8.099475562418337e-05,-3.923258789465299e-05,-1.90020484621523e-05,3.922928244457395e-05,4.990319874386469e-05,1.981876510833981e-07,9.999680411829449e-05,3.305417024895705e-09
2,3.414548873833596,0.0,-17.84872495928235,38.28989673275601,3.098705580253979e-05,-3.226266095960048e-05,0.0,0.0,1.0,0.0,0.0,0.0,4.990902521679367e-05,1.934420053808386e-07,-9.999690129441975e-05,-3.226266095960048e-09,-8.214814531709457e-05,-3.829315529377557e-05,-1.784875594633815e-05,3.828992899541696e-05,4.990902521679367e-05,1.934420053808386e-07,9.999690129441975e-05,3.226266095960048e-09
2,3.548133892335748,0.0,-16.75095255872468,37.34076391827759,3.006207487414799e-05,-3.146291043842295e-05,0.0,0.0,1.0,0.0,0.0,0.0,4.991457120477744e-05,1.886469487625995e-07,-9.99969937925126e-05,-3.146291043842295e-09,-8.324601114165094e-05,-3.734394170369479e-05,-1.675098262079956e-05,3.734079538118802e-05,4.991457120477744e-05,1.886469487625995e-07,9.99969937925126e-05,3.146291043842295e-09
2,3.686945064519569,0.0,-15.70778641339081,36.3852506764586,2.918310507213223e-05,-3.065778327181699e-05,0.0,0.0,1.0,0.0,0.0,0.0,4.991984132001515e-05,1.838196590419748e-07,-9.999708168949279e-05,-3.065778327181699e-09,-8.428926606381378e-05,-3.638834714322684e-05,-1.570781559649588e-05,3.638528133424187e-05,4.991984132001515e-05,1.838196590419748e-07,9.999708168949279e-05,3.065778327181699e-09
2,3.831186849557281,0.0,-14.71809678193278,35.42653971852299,2.834919447859017e-05,-2.984996118624802e-05,0.0,0.0,1.0,0.0,0.0,0.0,4.992484127005186e-05,1.78976214023377e-07,-9.999716508055215e-05,-2.984996118624802e-09,-8.527903992107572e-05,-3.542955459445276e-05,-1.471812513112725e-05,3.542656956848418e-05,4.992484127005186e-05,1.78976214023377e-07,9.999716508055215e-05,2.984996118624802e-09
2,3.981071705534965,0.0,-13.78056812689637,34.46758867186985,2.755923462417507e-05,-2.904193625220055e-05,0.0,0.0,1.0,0.0,0.0,0.0,4.992957770057102e-05,1.741315561972486e-07,-9.999724407653758e-05,-2.904193625220055e-09,-8.621664836284737e-05,-3.447052193647326e-05,-1.3780595686131e-05,3.44676177138061e-05,4.992957770057102e-05,1.741315561972486e-07,9.999724407653758e-05,2.904193625220055e-09
2,4.136820402388499,0.0,-12.89372902212393,33.51112587378673,2.68119856880164e-05,-2.823600733993859e-05,0.0,0.0,1.0,0.0,0.0,0.0,4.993405804551437e-05,1.692994689812908e-07,-9.99973188014312e-05,-2.823600733993859e-09,-8.71035629405096e-05,-3.351397773876405e-05,-1.289375583410962e-05,3.351115410979407e-05,4.993405804551437e-05,1.692994689812908e-07,9.99973188014312e-05,2.823600733993859e-09
2,4.298662347082268,0.0,-12.05598052846709,32.55964958525221,2.610610040704118e-05,-2.743427945702545e-05,0.0,0.0,1.0,0.0,0.0,0.0,4.993829038308599e-05,1.64492573389795e-07,-9.99973893899593e-05,-2.743427945702545e-09,-8.794138272928573e-05,-3.256242047491165e-05,-1.20560066345675e-05,3.255967701953167e-05,4.993829038308599e-05,1.64492573389795e-07,9.999738938995931e-05,2.743427945702545e-09
2,4.466835921509622,0.0,-11.2656227498798,31.61543017284149,2.544014645208717e-05,-2.663866558676035e-05,0.0,0.0,1.0,0.0,0.0,0.0,4.994228330063824e-05,1.597223400240506e-07,-9.999745598535479e-05,-2.663866558676035e-09,-8.873180776988841e-05,-3.161812070470443e-05,-1.126564819002625e-05,3.161545681150707e-05,4.994228330063824e-05,1.597223400240506e-07,9.999745598535479e-05,2.663866558676035e-09
2,4.641588833612769,0.0,-10.5208793684396,30.6805148094029,2.481262710106511e-05,-2.585089064892517e-05,0.0,0.0,1.0,0.0,0.0,0.0,4.994604577276919e-05,1.549991108327141e-07,-9.99975187372899e-05,-2.585089064892517e-09,-8.947661453141059e-05,-3.068312577520933e-05,-1.05209041810667e-05,3.068054066029355e-05,4.994604577276919e-05,1.549991108327141e-07,9.99975187372899e-05,2.585089064892517e-09
2,4.823178482239296,0.0,-9.819920033973814,29.75673425924771,2.422200010441478e-05,-2.507249721693688e-05,0.0,0.0,1.0,0.0,0.0,0.0,4.994958704608157e-05,1.503321353050769e-07,-9.999757779998956e-05,-2.507249721693688e-09,-9.017763351979365e-05,-2.975926660653914e-05,-9.819944255973918e-06,2.975675933174493e-05,4.994958704608157e-05,1.503321353050769e-07,9.999757779998956e-05,2.507249721693688e-09
2,5.011872336272711,0.0,-9.160880550857138,28.84571133815659,2.366669469446231e-05,-2.430485264619588e-05,0.0,0.0,1.0,0.0,0.0,0.0,4.995291653870752e-05,1.457296119934031e-07,-9.999763333053056e-05,-2.430485264619588e-09,-9.083672908931204e-05,-2.88481661525787e-05,-9.160904217551832e-06,2.884573564300923e-05,4.995291653870752e-05,1.457296119934031e-07,9.999763333053056e-05,2.430485264619588e-09
2,5.207948328595451,0.0,-8.54188086092375,27.94887066984344,2.314512673778743e-05,-2.354915729482536e-05,0.0,0.0,1.0,0.0,0.0,0.0,4.995604374882627e-05,1.411987375847828e-07,-9.999768548732623e-05,-2.354915729482536e-09,-9.145578145813062e-05,-2.795124915827939e-05,-8.541904006050488e-06,2.794889421900073e-05,4.995604374882627e-05,1.411987375847828e-07,9.999768548732623e-05,2.354915729482536e-09
2,5.411695265464624,0.0,-7.961040867515437,27.06744939623231,2.26557120685363e-05,-2.280645354809028e-05,0.0,0.0,1.0,0.0,0.0,0.0,4.995897817472808e-05,1.367457624122786e-07,-9.999773442879316e-05,-2.280645354809028e-09,-9.203667088290995e-05,-2.70697528708471e-05,-7.961063523227504e-06,2.706747220268585e-05,4.995897817472808e-05,1.367457624122786e-07,9.999773442879316e-05,2.280645354809028e-09
2,5.623413251903477,0.0,-7.416494182047453,26.2025085369421,2.219687807125156e-05,-2.2077635389836e-05,0.0,0.0,1.0,0.0,0.0,0.0,4.996172924531427e-05,1.323760470762957e-07,-9.999778031219288e-05,-2.2077635389836e-09,-9.258126391107049e-05,-2.620473840019412e-05,-7.416516378925524e-06,2.620253061457749e-05,4.996172924531427e-05,1.323760470762957e-07,9.999778031219288e-05,2.2077635389836e-09
2,5.843414133735162,0.0,-6.906399901943481,25.35494473205199,2.176707360493797e-05,-2.13634582968769e-05,0.0,0.0,1.0,0.0,0.0,0.0,4.996430626114437e-05,1.280941215084416e-07,-9.99978232926395e-05,-2.136345829687691e-09,-9.309140160185538e-05,-2.535710246270343e-05,-6.906421669017086e-06,2.535496609551028e-05,4.996430626114437e-05,1.280941215084416e-07,9.999782329263952e-05,2.136345829687691e-09
2,6.07202195690987,0.0,-6.428952548354601,24.52550214019925,2.13647773765653e-05,-2.066454926426616e-05,0.0,0.0,1.0,0.0,0.0,0.0,4.996671834347692e-05,1.239037442574302e-07,-9.999786352226235e-05,-2.066454926426616e-09,-9.356888958776559e-05,-2.452758928033949e-05,-6.428973913131977e-06,2.452552280474851e-05,4.996671834347692e-05,1.239037442574302e-07,9.999786352226235e-05,2.066454926426616e-09
2,6.309573444801917,0.0,-5.982390304786594,23.71478430033718,2.098850488292007e-05,-1.99814167999437e-05,0.0,0.0,1.0,0.0,0.0,0.0,4.996897439296919e-05,1.198079659938343e-07,-9.999790114951171e-05,-1.99814167999437e-09,-9.401548983523172e-05,-2.371680244341538e-05,-5.982411293291476e-06,2.371480428175398e-05,4.996897439296919e-05,1.198079659938343e-07,9.999790114951171e-05,1.99814167999437e-09
2,6.556418494179772,0.0,-5.565001704679667,22.92326579933254,2.063681404554737e-05,-1.931446075578324e-05,0.0,0.0,1.0,0.0,0.0,0.0,4.997108305614838e-05,1.158091828007859e-07,-9.999793631859545e-05,-1.931446075578325e-09,-9.44329139564649e-05,-2.292521657918334e-05,-5.565022341493712e-06,2.292328511379329e-05,4.997108305614838e-05,1.158091828007859e-07,9.999793631859545e-05,1.931446075578325e-09
2,6.812920690579594,0.0,-5.175130918137464,22.1513036185463,2.03083096653387e-05,-1.866398188814926e-05,0.0,0.0,1.0,0.0,0.0,0.0,4.997305269821123e-05,1.119091994566832e-07,-9.999796916903348e-05,-1.866398188814926e-09,-9.482281792227804e-05,-2.2153188699381e-05,-5.175151226447129e-06,2.215132228252819e-05,4.997305269821123e-05,1.119091994566832e-07,9.999796916903346e-05,1.866398188814926e-09
2,7.07945784384136,0.0,-4.811181786341821,21.39914806035643,2.00016468219221e-05,-1.803019106451206e-05,0.0,0.0,1.0,0.0,0.0,0.0,4.997489138317872e-05,1.08109279395223e-07,-9.999799983531781e-05,-1.803019106451206e-09,-9.518679802732754e-05,-2.140096912768414e-05,-4.811201787988644e-06,2.139916609054749e-05,4.997489138317872e-05,1.08109279395223e-07,9.999799983531781e-05,1.803019106451206e-09
2,7.356422544596393,0.0,-4.471620747575447,20.66695318015435,1.971553333912328e-05,-1.741321805337381e-05,0.0,0.0,1.0,0.0,0.0,0.0,4.997660685851956e-05,1.044102013267698e-07,-9.99980284466661e-05,-1.741321805337381e-09,-9.552638796384175e-05,-2.066871193259097e-05,-4.471640463108787e-06,2.066697059337241e-05,4.997660685851956e-05,1.044102013267698e-07,9.99980284466661e-05,1.741321805337381e-09
2,7.644222742525981,0.0,-4.154978791964756,19.95478667071253,1.944873143202822e-05,-1.681311985276133e-05,0.0,0.0,1.0,0.0,0.0,0.0,4.997820654579647e-05,1.008123076440759e-07,-9.99980551268568e-05,-1.681311985276133e-09,-9.584305686671188e-05,-1.995648481263078e-05,-4.154998240696188e-06,1.995480348383238e-05,4.997820654579647e-05,1.008123076440759e-07,9.99980551268568e-05,1.681311985276133e-09
2,7.943282347242792,0.0,-3.859852573700057,19.26263916410763,1.920005864413775e-05,-1.622988852795035e-05,0.0,0.0,1.0,0.0,0.0,0.0,4.997969753472657e-05,9.731555060755515e-08,-9.99980799941356e-05,-1.622988852795035e-09,-9.613820820117685e-05,-1.926427839907885e-05,-3.859871773758701e-06,1.926265539399616e-05,4.997969753472657e-05,9.731555060755515e-08,9.99980799941356e-05,1.622988852795035e-09
2,8.25404185268016,0.0,-3.584904800137399,18.59043293179004,1.896838817522405e-05,-1.566345854206644e-05,0.0,0.0,1.0,0.0,0.0,0.0,4.998108658134948e-05,9.391953764237892e-08,-9.999810316118248e-05,-1.566345854206645e-09,-9.64131793736885e-05,-1.859201495676624e-05,-3.584923768525574e-06,1.859044859524858e-05,4.998108658134948e-05,9.391953764237892e-08,9.999810316118248e-05,1.566345854206645e-09
2,8.576958985908915,0.0,-3.328864007284836,17.93802997615016,1.875264869215579e-05,-1.511371357396019e-05,0.0,0.0,1.0,0.0,0.0,0.0,4.998238010922078e-05,9.062357130650125e-08,-9.99981247351308e-05,-1.511371357396019e-09,-9.66692419564446e-05,-1.793955647633484e-05,-3.328882759933528e-06,1.793804508986373e-05,4.998238010922078e-05,9.062357130650125e-08,9.99981247351308e-05,1.511371357396019e-09
2,8.912509381337427,0.0,-3.090523821085735,17.30523951730914,1.855182370645685e-05,-1.458049282649697e-05,0.0,0.0,1.0,0.0,0.0,0.0,4.998358421302029e-05,8.742668803743946e-08,-9.999814481762937e-05,-1.458049282649697e-09,-9.690760242616807e-05,-1.730671216166511e-05,-3.090542372909441e-06,1.730525409780197e-05,4.998358421302029e-05,8.742668803743946e-08,9.999814481762935e-05,1.458049282649697e-09
2,9.261187281287906,0.0,-2.868741793914442,16.69182488712329,1.836495059393981e-05,-1.40635968353636e-05,0.0,0.0,1.0,0.0,0.0,0.0,4.998470466426967e-05,8.432769212509577e-08,-9.999816350494061e-05,-1.40635968353636e-09,-9.712940332771061e-05,-1.669324532446726e-05,-2.868760158865036e-06,1.669183895072013e-05,4.998470466426967e-05,8.432769212509577e-08,9.999816350494061e-05,1.40635968353636e-09
2,9.623506263980856,0.0,-2.662437896006665,16.09750984880299,1.819111932358807e-05,-1.356279279389622e-05,0.0,0.0,1.0,0.0,0.0,0.0,4.998574691943708e-05,8.132518813026695e-08,-9.999818088806764e-05,-1.356279279389622e-09,-9.733572478275054e-05,-1.609887970443795e-05,-2.662456087125989e-06,1.609752341159578e-05,4.998574691943708e-05,8.132518813026695e-08,9.999818088806765e-05,1.356279279389622e-09
2,9.999999999999968,0.0,-2.470592732313354,15.5219843653643,1.802947095508035e-05,-1.307781941349283e-05,0.0,0.0,1.0,0.0,0.0,0.0,4.998671612852751e-05,7.841760941737356e-08,-9.99981970529045e-05,-1.307781941349283e-09,-9.752758627309075e-05,-1.552330523820289e-05,-2.470610761784309e-06,1.552199744318372e-05,4.998671612852751e-05,7.841760941737356e-08,9.99981970529045e-05,1.307781941349283e-09
2,10.39122303835166,0.0,-2.292245546597178,14.96490984359123,1.787919595704615e-05,-1.260839134208922e-05,0.0,0.0,1.0,0.0,0.0,0.0,4.998761714531072e-05,7.560324602105578e-08,-9.99982120804043e-05,-1.260839134208922e-09,-9.7705948636732e-05,-1.496618330372516e-05,-2.292263425793134e-06,1.496492245198257e-05,4.998761714531072e-05,7.560324602105578e-08,9.999821208040429e-05,1.260839134208922e-09
2,10.79775162327706,0.0,-2.126492066551442,14.42592388250693,1.773953239136712e-05,-1.215420316513218e-05,0.0,0.0,1.0,0.0,0.0,0.0,4.998845453824305e-05,7.288026629552027e-08,-9.999822604676087e-05,-1.215420316513219e-09,-9.787171622293751e-05,-1.442715146918083e-05,-2.126509806083833e-06,1.44259360367101e-05,4.998845453824305e-05,7.288026629552027e-08,9.999822604676087e-05,1.215420316513219e-09
2,11.2201845430196,0.0,-1.972482236345955,13.90464455673026,1.760976400262449e-05,-1.171493301464469e-05,0.0,0.0,1.0,0.0,0.0,0.0,4.998923260180558e-05,7.024674111740037e-08,-9.999823902359974e-05,-1.171493301464469e-09,-9.802573915988003e-05,-1.390582777667966e-05,-1.972499846109957e-06,1.390465627166327e-05,4.998923260180558e-05,7.024674111740037e-08,9.999823902359974e-05,1.171493301464469e-09
2,11.65914401179828,0.0,-1.829417876303271,13.40067426570254,1.748921824614681e-05,-1.129024581249113e-05,0.0,0.0,1.0,0.0,0.0,0.0,4.998995536842515e-05,6.770066164932289e-08,-9.99982510781754e-05,-1.129024581249113e-09,-9.816881569516465e-05,-1.340181459181984e-05,-1.829435365521517e-06,1.340068555594835e-05,4.998995536842515e-05,6.770066164932289e-08,9.999825107817538e-05,1.129024581249113e-09
2,12.11527658628584,0.0,-1.696550303371322,12.91360317976221,1.737726428302465e-05,-1.087979617394381e-05,0.0,0.0,1.0,0.0,0.0,0.0,4.999062662046475e-05,6.523995776960879e-08,-9.99982622735717e-05,-1.087979617394381e-09,-9.830169457555883e-05,-1.291470205005559e-05,-1.696567680635605e-06,1.291361405955839e-05,4.999062662046475e-05,6.523995776960879e-08,9.99982622735717e-05,1.087979617394381e-09
2,12.58925411794163,0.0,-1.573177940663219,12.44301231355306,1.727331096591349e-05,-1.048323099723806e-05,0.0,0.0,1.0,0.0,0.0,0.0,4.999124990235271e-05,6.286251261619355e-08,-9.999827266890341e-05,-1.048323099723806e-09,-9.842507743765596e-05,-1.2444071130367e-05,-1.573195213974185e-06,1.244302279678406e-05,4.999124990235271e-05,6.286251261619355e-08,9.999827266890342e-05,1.048323099723806e-09
2,13.08177474260189,0.0,-1.458643939547534,11.9884762563876,1.717680483541147e-05,-1.010019176407467e-05,0.0,0.0,1.0,0.0,0.0,0.0,4.999182853251765e-05,6.056617646441389e-08,-9.999828231951647e-05,-1.010019176407467e-09,-9.853962118598728e-05,-1.198949638585597e-05,-1.458661116352369e-06,1.198848635657936e-05,4.999182853251765e-05,6.056617646441389e-08,9.999828231951647e-05,1.010019176407467e-09
2,13.59356390878521,0.0,-1.352333833554554,11.54956558804695,1.708722814324533e-05,-9.730316575068065e-06,0.0,0.0,1.0,0.0,0.0,0.0,4.999236561522614e-05,5.834878060479441e-08,-9.999829127718568e-05,-9.730316575068065e-10,-9.86459403393157e-05,-1.155054835975136e-05,-1.352350920782697e-06,1.154957531836353e-05,4.999236561522614e-05,5.834878060479441e-08,9.999829127718568e-05,9.730316575068065e-10
2,14.12537544622749,0.0,-1.253673239672802,11.12584900716009,1.700409691538725e-05,-9.373241943010324e-06,0.0,0.0,1.0,0.0,0.0,0.0,4.999286405232335e-05,5.620814555869725e-08,-9.999829959030847e-05,-9.373241943010324e-10,-9.874460932953467e-05,-1.112679571396957e-05,-1.253690243769717e-06,1.112585838040204e-05,4.999286405232335e-05,5.620814555869725e-08,9.999829959030847e-05,9.373241943010324e-10
2,14.67799267622064,0.0,-1.162125619400281,10.71689519783558,1.692695906552085e-05,-9.028604365583346e-06,0.0,0.0,1.0,0.0,0.0,0.0,4.999332655440472e-05,5.414209262464062e-08,-9.999830730409345e-05,-9.028604365583347e-10,-9.883616474080716e-05,-1.071780709590511e-05,-1.162142546359347e-06,1.071690422643995e-05,4.999332655440472e-05,5.414209262464062e-08,9.999830730409345e-05,9.028604365583347e-10
2,15.25222956539013,0.0,-1.077190109142697,10.32227445867093,1.685539256693894e-05,-8.696041697846484e-06,0.0,0.0,1.0,0.0,0.0,0.0,4.99937556518487e-05,5.214845076168093e-08,-9.99983144607433e-05,-8.696041697846484e-10,-9.89211074793527e-05,-1.032315276757845e-05,-1.077206964535264e-06,1.032228315471262e-05,4.99937556518487e-05,5.214845076168093e-08,9.999831446074332e-05,8.696041697846484e-10
2,15.84893192461107,0.0,-0.9983994271717909,9.941560116679938,1.678900368895062e-05,-8.375194343492171e-06,0.0,0.0,1.0,0.0,0.0,0.0,4.999415370539173e-05,5.022506458301799e-08,-9.999832109963111e-05,-8.375194343492172e-10,-9.899990486666668e-05,-9.942406019683815e-06,-9.984162161754798e-07,9.941568491874281e-06,4.999415370539173e-05,5.022506458301799e-08,9.999832109963111e-05,8.375194343492172e-10
2,16.46897865482862,0.0,-0.9253178623296268,9.574329747093412,1.672742530216731e-05,-8.065706282526155e-06,0.0,0.0,1.0,0.0,0.0,0.0,4.999452291624502e-05,4.836979957404266e-08,-9.99983272574698e-05,-8.065706282526155e-10,-9.907299265098745e-05,-9.575144391493649e-06,-9.253345897549289e-07,9.574337812799694e-06,4.999452291624502e-05,4.836979957404266e-08,9.99983272574698e-05,8.065706282526155e-10
2,17.11328304161774,0.0,-0.8575393479493986,9.22016621842688,1.667031525559214e-05,-7.767225951713403e-06,0.0,0.0,1.0,0.0,0.0,0.0,4.999486533589242e-05,4.658054864265227e-08,-9.999833296847445e-05,-7.767225951713404e-10,-9.914077693353949e-05,-9.220950716015221e-06,-8.57556018264654e-07,9.220173985652831e-06,4.999486533589242e-05,4.658054864265227e-08,9.999833296847445e-05,7.767225951713404e-10
2,17.78279410038916,0.0,-0.794685623023673,8.878658580692445,1.661735482722382e-05,-7.479406992852518e-06,0.0,0.0,1.0,0.0,0.0,0.0,4.9995182875319e-05,4.485523578298628e-08,-9.999833826451728e-05,-7.479406992852519e-10,-9.920363600752145e-05,-8.879414008278131e-06,-7.947022403785002e-07,8.878666060099438e-06,4.9995182875319e-05,4.485523578298628e-08,9.999833826451728e-05,7.479406992852519e-10
2,18.47849797422283,0.0,-0.7364044814528699,8.549402813174094,1.656824724887677e-05,-7.201908882713527e-06,0.0,0.0,1.0,0.0,0.0,0.0,4.999547731387213e-05,4.319181962813954e-08,-9.999834317527512e-05,-7.201908882713528e-10,-9.926192210900677e-05,-8.550130213173163e-06,-7.364210497001186e-07,8.549410015082976e-06,4.999547731387213e-05,4.319181962813954e-08,9.999834317527512e-05,7.201908882713528e-10
2,19.20141938638794,0.0,-0.6823681092196943,8.232002446797269,1.652271630508746e-05,-6.934397457303659e-06,0.0,0.0,1.0,0.0,0.0,0.0,4.999575030768524e-05,4.158829733594274e-08,-9.99983477283695e-05,-6.93439745730366e-10,-9.931596307991079e-05,-8.232702827874862e-06,-6.823846319359992e-07,8.232009381194726e-06,4.999575030768524e-05,4.158829733594274e-08,9.99983477283695e-05,6.93439745730366e-10
2,19.95262314968871,0.0,-0.6322715085311027,7.926069074811167,1.648050500529946e-05,-6.676545342020132e-06,0.0,0.0,1.0,0.0,0.0,0.0,4.999600339762979e-05,4.004270664287467e-08,-9.999835194949948e-05,-6.676545342020133e-10,-9.936606394398285e-05,-7.92674341256725e-06,-6.322879890361079e-07,7.926075751356509e-06,4.999600339762979e-05,4.004270664287467e-08,9.999835194949948e-05,6.676545342020133e-10
2,20.73321573485946,0.0,-0.5858310073233196,7.631222764269596,1.644137432797525e-05,-6.428032298210214e-06,0.0,0.0,1.0,0.0,0.0,0.0,4.999623801680929e-05,3.855312802899704e-08,-9.999835586256721e-05,-6.428032298210215e-10,-9.94125083974282e-05,-7.631872001959754e-06,-5.858474486976476e-07,7.631229192301895e-06,4.999623801680929e-05,3.855312802899704e-08,9.999835586256721e-05,6.428032298210215e-10
2,21.54434690031875,0.0,-0.5427828520150156,7.347092379645279,1.640510203485268e-05,-6.188545495689122e-06,0.0,0.0,1.0,0.0,0.0,0.0,4.999645549774107e-05,3.711768649431111e-08,-9.999835948979652e-05,-6.188545495689122e-10,-9.94555602162744e-05,-7.347717428928887e-06,-5.427992571170504e-07,7.347098568190774e-06,4.999645549774107e-05,3.711768649431111e-08,9.999835948979652e-05,6.188545495689122e-10
2,22.3872113856833,0.0,-0.5028818809993242,7.07331582884284,1.637148155323194e-05,-5.957779719864981e-06,0.0,0.0,1.0,0.0,0.0,0.0,4.999665707896901e-05,3.573455289102528e-08,-9.999836285184468e-05,-5.957779719864982e-10,-9.949546458299231e-05,-7.073917570552321e-06,-5.028982524808773e-07,7.07332178662256e-06,4.999665707896901e-05,3.573455289102528e-08,9.999836285184468e-05,5.957779719864982e-10
2,23.26305067153616,0.0,-0.4659002760692285,6.809540240886065,1.6340320923929e-05,-5.73543752128621e-06,0.0,0.0,1.0,0.0,0.0,0.0,4.999684391145082e-05,3.440194414559957e-08,-9.999836596790762e-05,-5.73543752128621e-10,-9.953244933517716e-05,-6.810119525811152e-06,-4.659166163901524e-07,6.809545976323586e-06,4.999684391145082e-05,3.440194414559957e-08,9.999836596790762e-05,5.73543752128621e-10
2,24.17315480804093,0.0,-0.4316263887579341,6.555422083642785,1.631144181235217e-05,-5.521229314657975e-06,0.0,0.0,1.0,0.0,0.0,0.0,4.999701706443873e-05,3.311812503510244e-08,-9.999836885581877e-05,-5.521229314657975e-10,-9.956672613930758e-05,-6.555979733324797e-06,-4.316427001997465e-07,6.5554276048721e-06,4.999701706443873e-05,3.311812503510244e-08,9.999836885581877e-05,5.521229314657975e-10
2,25.11886431509569,0.0,-0.399863638432493,6.310627229112963,1.628467858003802e-05,-5.314873433668568e-06,0.0,0.0,1.0,0.0,0.0,0.0,4.999717753106879e-05,3.188140752107693e-08,-9.999837153214201e-05,-5.314873433668567e-10,-9.959849159274624e-05,-6.31116403664464e-06,-3.99879923111073e-07,6.310632543986396e-06,4.999717753106879e-05,3.188140752107693e-08,9.9998371532142e-05,5.314873433668567e-10
2,26.10157215682525,0.0,-0.3704294788936479,6.074830973038153,1.625987741391035e-05,-5.116096147319792e-06,0.0,0.0,1.0,0.0,0.0,0.0,4.999732623356156e-05,3.069015097158526e-08,-9.999837401225861e-05,-5.116096147319792e-10,-9.962792825722769e-05,-6.075347703865123e-06,-3.704457387710618e-07,6.0748360891343e-06,4.999732623356156e-05,3.069015097158526e-08,9.999837401225861e-05,5.116096147319792e-10
2,27.12272579332016,0.0,-0.3431544301974818,5.847718014889964,1.623689551049494e-05,-4.924631642865218e-06,0.0,0.0,1.0,0.0,0.0,0.0,4.999746402815566e-05,2.954276271632037e-08,-9.999837631044896e-05,-4.924631642865219e-10,-9.965520562711909e-05,-5.848215407610526e-06,-3.431706670929923e-07,5.847722939521607e-06,4.999746402815566e-05,2.954276271632037e-08,9.999837631044896e-05,4.924631642865219e-10
2,28.18382931264441,0.0,-0.3178811724162544,5.628982403656972,1.621560031232423e-05,-4.740221979922501e-06,0.0,0.0,1.0,0.0,0.0,0.0,4.999759170961805e-05,2.843769693638288e-08,-9.999837843996878e-05,-4.740221979922501e-10,-9.968048103573663e-05,-5.629461170817166e-06,-3.178973880165667e-07,5.628987143878953e-06,4.999759170961805e-05,2.843769693638288e-08,9.999837843996878e-05,4.740221979922501e-10
2,29.28644564625223,0.0,-0.2944636980893582,5.418327454269539,1.619586879379411e-05,-4.562617019837085e-06,0.0,0.0,1.0,0.0,0.0,0.0,4.999771001559471e-05,2.737345466428117e-08,-9.999838041312063e-05,-4.562617019837085e-10,-9.970390050296659e-05,-5.418788283151171e-06,-2.94479893958152e-07,5.418332016886559e-06,4.999771001559471e-05,2.737345466428117e-08,9.999838041312063e-05,4.562617019837085e-10
2,30.43219887107707,0.0,-0.2727665201741569,5.215465638976204,1.617758679378484e-05,-4.391574333931709e-06,0.0,0.0,1.0,0.0,0.0,0.0,4.999781963056586e-05,2.634858339535334e-08,-9.999838224132063e-05,-4.391574333931709e-10,-9.97255995273821e-05,-5.215909192375499e-06,-2.727826977609507e-07,5.215470030550538e-06,4.999781963056586e-05,2.634858339535334e-08,9.999838224132063e-05,4.391574333931709e-10
2,31.62277660168364,0.0,-0.2526639323852563,5.020118457509342,1.616064839242433e-05,-4.226859093875008e-06,0.0,0.0,1.0,0.0,0.0,0.0,4.999792118960849e-05,2.536167614407769e-08,-9.999838393516076e-05,-4.226859093875008e-10,-9.974570382596648e-05,-5.020545374504684e-06,-2.526800930336487e-07,5.020122684368435e-06,4.999792118960849e-05,2.536167614407769e-08,9.999838393516076e-05,4.226859093875008e-10
2,32.85993247600639,0.0,-0.2340393189047321,4.832016289447926,1.614495532945135e-05,-4.068243947040319e-06,0.0,0.0,1.0,0.0,0.0,0.0,4.999801528186934e-05,2.441137080569456e-08,-9.999838550446705e-05,-4.06824394704032e-10,-9.976433002446204e-05,-4.832427186154816e-06,-2.340554638600615e-07,4.832020357691873e-06,4.999801528186934e-05,2.441137080569456e-08,9.999838550446707e-05,4.06824394704032e-10
2,34.14548873833585,0.0,-0.2167845105513349,4.650898231797554,1.613041646172494e-05,-3.915508879399072e-06,0.0,0.0,1.0,0.0,0.0,0.0,4.999810245381923e-05,2.349634918476125e-08,-9.999838695835383e-05,-3.915508879399072e-10,-9.978158630125566e-05,-4.651293702109881e-06,-2.168006409677966e-07,4.650902147306434e-06,4.999810245381923e-05,2.349634918476125e-08,9.999838695835383e-05,3.915508879399072e-10
2,35.48133892335737,0.0,-0.2007991846101877,4.476511924458776,1.611694725752208e-05,-3.768441068199057e-06,0.0,0.0,1.0,0.0,0.0,0.0,4.99981832122992e-05,2.261533635677384e-08,-9.999838830527425e-05,-3.768441068199057e-10,-9.979757298759989e-05,-4.476892540775107e-06,-2.008153015574452e-07,4.476515692899844e-06,4.99981832122992e-05,2.261533635677384e-08,9.999838830527425e-05,3.768441068199057e-10
2,36.86945064519557,0.0,-0.1859903056435594,4.308613365941196,1.610446932536595e-05,-3.626834726413562e-06,0.0,0.0,1.0,0.0,0.0,0.0,4.999825802732039e-05,2.176709969672213e-08,-9.999838955306747e-05,-3.626834726413563e-10,-9.981238312685012e-05,-4.308979679875391e-06,-1.860064101128848e-07,4.308616992775922e-06,4.999825802732039e-05,2.176709969672213e-08,9.999838955306747e-05,3.626834726413563e-10
2,38.31186849557268,0.0,-0.1722716047254562,4.14696672139902,1.609290997523006e-05,-3.490490940709909e-06,0.0,0.0,1.0,0.0,0.0,0.0,4.999832733472165e-05,2.095044757457768e-08,-9.999839070900248e-05,-3.490490940709909e-10,-9.982610299527412e-05,-4.14731926447452e-06,-1.722876976354314e-07,4.146970211889961e-06,4.999832733472165e-05,2.095044757457768e-08,9.999839070900248e-05,3.490490940709909e-10
2,39.81071705534952,0.0,-0.1595630946663293,3.991344124811373,1.608220181006748e-05,-3.359217504473374e-06,0.0,0.0,1.0,0.0,0.0,0.0,4.999839153859809e-05,2.01642289667158e-08,-9.9998391779819e-05,-3.359217504473374e-10,-9.983881258686867e-05,-3.991683409138541e-06,-1.595791768681393e-07,3.991347484028878e-06,4.999839153859809e-05,2.01642289667158e-08,9.9998391779819e-05,3.359217504473374e-10
2,41.36820402388486,0.0,-0.147790618917625,3.841525476904788,1.607228234571874e-05,-3.23282874723194e-06,0.0,0.0,1.0,0.0,0.0,0.0,4.999845101359705e-05,1.940733187384787e-08,-9.999839277176543e-05,-3.23282874723194e-10,-9.985058606449316e-05,-3.841851995841093e-06,-1.478066911999707e-07,3.841528709733536e-06,4.999845101359705e-05,1.940733187384787e-08,9.999839277176544e-05,3.23282874723194e-10
2,42.98662347082254,0.0,-0.1368854319679318,3.697298240213249,1.606309365735451e-05,-3.111145361657254e-06,0.0,0.0,1.0,0.0,0.0,0.0,4.999850610701793e-05,1.867868246059855e-08,-9.999839369063427e-05,-3.111145361657254e-10,-9.986149217950959e-05,-3.697612469005925e-06,-1.369014950615892e-07,3.697301351358611e-06,4.999850610701793e-05,1.867868246059855e-08,9.999839369063428e-05,3.111145361657254e-10
2,44.66835921509607,0.0,-0.1267838091622648,3.558457232490861,1.605458205071005e-05,-2.993994229165081e-06,0.0,0.0,1.0,0.0,0.0,0.0,4.999855714080112e-05,1.797724422283861e-08,-9.999839454179493e-05,-2.993994229165081e-10,-9.987159466199603e-05,-3.558759628901999e-06,-1.267998637443155e-07,3.55846022648509e-06,4.999855714080112e-05,1.797724422283861e-08,9.999839454179493e-05,2.993994229165081e-10
2,46.41588833612754,0.0,-0.1174266839927259,3.424804419531534,1.604669775646709e-05,-2.881208245003243e-06,0.0,0.0,1.0,0.0,0.0,0.0,4.999860441335544e-05,1.730201657215065e-08,-9.999839533022435e-05,-2.881208245003243e-10,-9.988095258348717e-05,-3.42509542444549e-06,-1.174427306904824e-07,3.424807300739779e-06,4.999860441335544e-05,1.730201657215065e-08,9.999839533022435e-05,2.881208245003243e-10
2,48.2317848223928,0.0,-0.1087593110218841,3.296148708306865,1.603939464623377e-05,-2.772626143594266e-06,0.0,0.0,1.0,0.0,0.0,0.0,4.999864820125651e-05,1.66520341696954e-08,-9.999839606053537e-05,-2.772626143594267e-10,-9.988962069407945e-05,-3.296428746319995e-06,-1.087753504165303e-07,3.296151480933009e-06,4.999864820125651e-05,1.66520341696954e-08,9.999839606053539e-05,2.772626143594267e-10
2,50.11872336272695,0.0,-0.1007309527092894,3.172305741206195,1.603262996866531e-05,-2.668092324792805e-06,0.0,0.0,1.0,0.0,0.0,0.0,4.999868876082879e-05,1.602636553843299e-08,-9.999839673700314e-05,-2.668092324792805e-10,-9.989764973563127e-05,-3.172575221199089e-06,-1.007469853392581e-07,3.172308409298519e-06,4.999868876082879e-05,1.602636553843299e-08,9.999839673700314e-05,2.668092324792805e-10
2,52.07948328595435,0.0,-0.0932945885162649,3.053097692049787,1.602636410435628e-05,-2.567456681622623e-06,0.0,0.0,1.0,0.0,0.0,0.0,4.999872632962356e-05,1.542411236923369e-08,-9.999839736358957e-05,-2.567456681622624e-10,-9.990508673268283e-05,-3.053357007742085e-06,-9.331061488036926e-08,3.053100259506469e-06,4.999872632962356e-05,1.542411236923369e-08,9.999839736358957e-05,2.567456681622624e-10
2,54.11695265464607,0.0,-0.08640664476434165,2.938353064445909,1.602056033821999e-05,-2.470574429973542e-06,0.0,0.0,1.0,0.0,0.0,0.0,4.999876112777894e-05,1.484440821636589e-08,-9.999839794396618e-05,-2.470574429973542e-10,-9.991197526262097e-05,-2.93860259493391e-06,-8.642266532467987e-08,2.938355535020339e-06,4.999876112777894e-05,1.484440821636589e-08,9.999839794396618e-05,2.470574429973542e-10
2,56.2341325190346,0.0,-0.080026743818278,2.827906492973808,1.601518464815055e-05,-2.377305940663843e-06,0.0,0.0,1.0,0.0,0.0,0.0,4.999879335928277e-05,1.428641755380665e-08,-9.999839848153519e-05,-2.377305940663844e-10,-9.991835570651707e-05,-2.828146603251124e-06,-8.004275900292615e-08,2.827908870279749e-06,4.999879335928277e-05,1.428641755380665e-08,9.999839848153519e-05,2.377305940663844e-10
2,58.43414133735143,0.0,-0.07411747125551242,2.721598547596248,1.601020550884042e-05,-2.28751657420767e-06,0.0,0.0,1.0,0.0,0.0,0.0,4.999882321315357e-05,1.374933499808564e-08,-9.999839897944912e-05,-2.28751657420767e-10,-9.99242654819779e-05,-2.721829589057755e-06,-7.413348146102126e-08,2.721600835112822e-06,4.999882321315357e-05,1.374933499808564e-08,9.999839897944913e-05,2.28751657420767e-10
2,60.7202195690985,0.0,-0.06864415977014544,2.619275541635954,1.600559370969839e-05,-2.201076518568518e-06,0.0,0.0,1.0,0.0,0.0,0.0,4.999885086453157e-05,1.323238417030666e-08,-9.999839944062904e-05,-2.201076518568518e-10,-9.992973925925959e-05,-2.619497852565408e-06,-6.866016536385514e-08,2.619277742712472e-06,4.999885086453157e-05,1.323238417030666e-08,9.999839944062904e-05,2.201076518568518e-10
2,63.09573444801896,0.0,-0.0635746886411805,2.520789343589382,1.600132218588199e-05,-2.11786063012854e-06,0.0,0.0,1.0,0.0,0.0,0.0,4.999887647569454e-05,1.273481647490234e-08,-9.999839986778141e-05,-2.11786063012854e-10,-9.99348091618167e-05,-2.521003249630886e-06,-6.359068996336637e-08,2.520791461450012e-06,4.999887647569454e-05,1.273481647490234e-08,9.999839986778141e-05,2.11786063012854e-10
2,65.5641849417975,0.0,-0.05887929767190418,2.425997192997585,1.599736586152324e-05,-2.037748278058104e-06,0.0,0.0,1.0,0.0,0.0,0.0,4.999890019698875e-05,1.225591091922302e-08,-9.999840026341386e-05,-2.037748278058104e-10,-9.993950495237869e-05,-2.426203007611414e-06,-5.88952950377657e-08,2.425999230745863e-06,4.999890019698875e-05,1.225591091922302e-08,9.999840026341384e-05,2.037748278058104e-10
2,68.12920690579573,0.0,-0.05453041458001327,2.334761520546836,1.599370150428804e-05,-1.960623192230474e-06,0.0,0.0,1.0,0.0,0.0,0.0,4.999892216771251e-05,1.179497233717998e-08,-9.999840062984958e-05,-1.960623192230474e-10,-9.994385420557436e-05,-2.33495954544987e-06,-5.454640828151756e-08,2.334763481170028e-06,4.999892216771251e-05,1.179497233717998e-08,9.999840062984958e-05,1.960623192230474e-10
2,70.79457843841337,0.0,-0.05050249488660924,2.246949772530508,1.599030759046701e-05,-1.886373314791577e-06,0.0,0.0,1.0,0.0,0.0,0.0,4.99989425169162e-05,1.135133102842299e-08,-9.999840096924096e-05,-1.886373314791577e-10,-9.994788246805647e-05,-2.247140298121672e-06,-5.05184851941997e-08,2.246951658903823e-06,4.99989425169162e-05,1.135133102842299e-08,9.999840096924095e-05,1.886373314791577e-10
2,73.56422544596369,0.0,-0.04677187341658286,2.162434239767659,1.598716417985013e-05,-1.814890655464576e-06,0.0,0.0,1.0,0.0,0.0,0.0,4.999896136415828e-05,1.092434180077308e-08,-9.999840128358202e-05,-1.814890655464576e-10,-9.99516134070141e-05,-2.162617545538753e-06,-4.67878605807627e-08,2.162436054658315e-06,4.999896136415828e-05,1.092434180077308e-08,9.999840128358202e-05,1.814890655464576e-10
2,76.44222742525956,0.0,-0.04331662658339541,2.081091891042397,1.59842527996883e-05,-1.746071150642408e-06,0.0,0.0,1.0,0.0,0.0,0.0,4.999897882019734e-05,1.05133831375553e-08,-9.999840157472004e-05,-1.746071150642408e-10,-9.995506894789962e-05,-2.081268245974681e-06,-4.333261083619509e-08,2.081093637113548e-06,4.999897882019734e-05,1.05133831375553e-08,9.999840157472004e-05,1.746071150642408e-10
2,79.43282347242767,0.0,-0.0401164446879962,2.002804211100859,1.598155633709276e-05,-1.679814526298509e-06,0.0,0.0,1.0,0.0,0.0,0.0,4.999899498763838e-05,1.01178561983981e-08,-9.99984018443663e-05,-1.679814526298509e-10,-9.995826940214041e-05,-2.002973874047826e-06,-4.013242624433329e-08,2.002805890915385e-06,4.999899498763838e-05,1.01178561983981e-08,9.99984018443663e-05,1.679814526298509e-10
2,82.54041852680133,0.0,-0.03715251351477077,1.92745704321907,1.597905893926823e-05,-1.616024164726024e-06,0.0,0.0,1.0,0.0,0.0,0.0,4.999900996153121e-05,9.737184277999653e-09,-9.999840209410607e-05,-1.616024164726024e-10,-9.996123358555331e-05,-1.927620263275732e-06,-3.716849257371004e-08,1.927458659243234e-06,4.999900996153121e-05,9.737184277999653e-09,9.999840209410609e-05,1.616024164726024e-10
2,85.76958985908888,0.0,-0.03440740455717464,1.854940436334551,1.597674592101738e-05,-1.554606975098623e-06,0.0,0.0,1.0,0.0,0.0,0.0,4.999902382992673e-05,9.370811876316121e-09,-9.999840232540791e-05,-1.554606975098623e-10,-9.996397892812806e-05,-1.855097453193644e-06,-3.442338130309565e-08,1.854941990941526e-06,4.999902382992673e-05,9.370811876316121e-09,9.999840232540791e-05,1.554606975098623e-10
2,89.125093813374,0.0,-0.03186497325224576,1.785148496717144,1.597460367899363e-05,-1.495473267831287e-06,0.0,0.0,1.0,0.0,0.0,0.0,4.999903667438618e-05,9.018203976916788e-09,-9.999840253963211e-05,-1.495473267831288e-10,-9.996652157580159e-05,-1.785299541012667e-06,-3.188094785592475e-08,1.785149992190411e-06,4.999903667438618e-05,9.018203976916788e-09,9.999840253963211e-05,1.495473267831288e-10
2,92.61187281287877,0.0,-0.02951026464667713,1.717979244139562,1.597261961221569e-05,-1.438536632706851e-06,0.0,0.0,1.0,0.0,0.0,0.0,4.999904857046392e-05,8.678845353094707e-09,-9.999840273803879e-05,-1.438536632706851e-10,-9.996887648479989e-05,-1.718124537778003e-06,-2.952623726628934e-08,1.717980682676195e-06,4.999904857046392e-05,8.678845353094707e-09,9.999840273803879e-05,1.438536632706851e-10
2,96.23506263980825,0.0,-0.02732942595774638,1.653334472495547,1.597078204839183e-05,-1.383713820723362e-06,0.0,0.0,1.0,0.0,0.0,0.0,4.999905958814435e-05,8.35223980458843e-09,-9.999840292179517e-05,-1.383713820723363e-10,-9.997105750908458e-05,-1.653474228975152e-06,-2.734539673979477e-08,1.653335856209368e-06,4.999905958814435e-05,8.35223980458843e-09,9.999840292179516e-05,1.383713820723363e-10
2,99.99999999999936,0.0,-0.02530962553030107,1.591119614802812,1.596908017563333e-05,-1.330924629608286e-06,0.0,0.0,1.0,0.0,0.0,0.0,4.999906979225297e-05,8.037909616348353e-09,-9.999840309198244e-05,-1.330924629608286e-10,-9.997307748140289e-05,-1.591254039521327e-06,-2.53255946104767e-08,1.591120945727442e-06,4.999906979225297e-05,8.037909616348353e-09,9.999840309198244e-05,1.330924629608286e-10
2,103.9122303835162,0.0,-0.02343897772634446,1.531243612519061,1.596750397916691e-05,-1.280091792938048e-06,0.0,0.0,1.0,0.0,0.0,0.0,4.99990792428366e-05,7.735394711991703e-09,-9.999840324960209e-05,-1.280091792938048e-10,-9.997494828840429e-05,-1.531372903070239e-06,-2.345494523032362e-08,1.531244892610854e-06,4.99990792428366e-05,7.735394711991703e-09,9.999840324960209e-05,1.280091792938048e-10
2,107.9775162327703,0.0,-0.02170647331672098,1.473618789091981,1.596604418268308e-05,-1.231140872795135e-06,0.0,0.0,1.0,0.0,0.0,0.0,4.999908799551435e-05,7.444252070935512e-09,-9.999840339558174e-05,-1.231140872795135e-10,-9.997668094025479e-05,-1.473743135551273e-06,-2.172243936090366e-08,1.473620020232854e-06,4.999908799551435e-05,7.444252070935512e-09,9.999840339558174e-05,1.231140872795135e-10
2,112.2018454301956,0.0,-0.0201019149750956,1.418160727658127,1.59646921939838e-05,-1.184000155889874e-06,0.0,0.0,1.0,0.0,0.0,0.0,4.999909610180427e-05,7.1640552287963e-09,-9.999840353078061e-05,-1.184000155889874e-10,-9.997828563514866e-05,-1.418280312857872e-06,-2.011787966728958e-08,1.418161911658283e-06,4.999909610180427e-05,7.1640552287963e-09,9.999840353078061e-05,1.184000155889874e-10
2,116.5914401179824,0.0,-0.01861585750301064,1.364788152800731,1.596344005461648e-05,-1.138600553069897e-06,0.0,0.0,1.0,0.0,0.0,0.0,4.999910360942306e-05,6.89439354186738e-09,-9.999840365599455e-05,-1.138600553069897e-10,-9.997977181908805e-05,-1.364903152595192e-06,-1.863182094306526e-08,1.364789291401284e-06,4.999910360942306e-05,6.89439354186738e-09,9.999840365599455e-05,1.138600553069897e-10
2,121.152765862858,0.0,-0.01723955244141375,1.313422816272781,1.596228039320411e-05,-1.094875502137083e-06,0.0,0.0,1.0,0.0,0.0,0.0,4.999911056256811e-05,6.634871659762964e-09,-9.999840377196069e-05,-1.094875502137083e-10,-9.998114824127656e-05,-1.313533399793371e-06,-1.725551472180696e-08,1.313423911148284e-06,4.999911056256811e-05,6.634871659762964e-09,9.999840377196068e-05,1.094875502137083e-10
2,125.8925411794159,0.0,-0.0159648967488101,1.263989386588783,1.596120638220192e-05,-1.052760873889286e-06,0.0,0.0,1.0,0.0,0.0,0.0,4.999911700217695e-05,6.385108984184487e-09,-9.999840387936179e-05,-1.052760873889286e-10,-9.998242300544537e-05,-1.264095716489809e-06,-1.59808579551923e-08,1.263990439349657e-06,4.999911700217695e-05,6.385108984184487e-09,9.999840387936179e-05,1.052760873889286e-10
2,130.8177474260185,0.0,-0.01478438524922098,1.216415342386564,1.596021169783042e-05,-1.012194881302378e-06,0.0,0.0,1.0,0.0,0.0,0.0,4.999912296616552e-05,6.144739092992459e-09,-9.999840397883022e-05,-1.012194881302379e-10,-9.998360361740912e-05,-1.21651757508177e-06,-1.480034546091881e-08,1.216416354581445e-06,4.999912296616552e-05,6.144739092992459e-09,9.999840397883022e-05,1.012194881302379e-10
2,135.9356390878516,0.0,-0.01369106657454736,1.170630869459139,1.595929048295302e-05,-9.731179917669252e-07,0.0,0.0,1.0,0.0,0.0,0.0,4.999912848965255e-05,5.913409233667252e-09,-9.999840407095171e-05,-9.731179917669252e-11,-9.998469702912737e-05,-1.170729155349427e-06,-1.370702586503031e-08,1.170631842577131e-06,4.999912848965255e-05,5.913409233667252e-09,9.999840407095171e-05,9.731179917669252e-11
2,141.2537544622745,0.0,-0.01267850234583753,1.12656876135585,1.595843731268259e-05,-9.354728422931006e-07,0.0,0.0,1.0,0.0,0.0,0.0,4.999913360516506e-05,5.690779837586575e-09,-9.999840415626874e-05,-9.354728422931006e-11,-9.998570967952715e-05,-1.126663245048394e-06,-1.269446078315021e-08,1.126569696828692e-06,4.999913360516506e-05,5.690779837586575e-09,9.999840415626873e-05,9.354728422931006e-11
2,146.7799267622059,0.0,-0.01174072935645906,1.08416432345173,1.595764716251755e-05,-8.992041575971705e-07,0.0,0.0,1.0,0.0,0.0,0.0,4.999913834282935e-05,5.476524075936294e-09,-9.999840423528376e-05,-8.992041575971705e-11,-9.998664753232248e-05,-1.08425514397085e-06,-1.175668700362158e-08,1.084165222655887e-06,4.999913834282935e-05,5.476524075936294e-09,9.999840423528376e-05,8.992041575971705e-11
2,152.5222956539008,0.0,-0.01087222453735624,1.043355280384273,1.595691537882223e-05,-8.642586709829934e-07,0.0,0.0,1.0,0.0,0.0,0.0,4.999914273054802e-05,5.27032722827114e-09,-9.999840430846212e-05,-8.642586709829934e-11,-9.998751611105247e-05,-1.0434425713743e-06,-1.088818145273506e-08,1.043356144642944e-06,4.999914273054802e-05,5.27032722827114e-09,9.999840430846212e-05,8.642586709829934e-11
2,158.4893192461102,0.0,-0.01006787250053724,1.004081686757336,1.595623765147951e-05,-8.30585047932383e-07,0.0,0.0,1.0,0.0,0.0,0.0,4.999914679416431e-05,5.071886432714555e-09,-9.999840437623486e-05,-8.30585047932383e-11,-9.99883205315404e-05,-1.004165576677761e-06,-1.008382873818872e-08,1.004082517342383e-06,4.999914679416431e-05,5.071886432714555e-09,9.999840437623485e-05,8.30585047932383e-11
2,164.6897865482857,0.0,-0.009322935471755502,0.9662858410127939,1.595560998855682e-05,-7.981338123188952e-07,0.0,0.0,1.0,0.0,0.0,0.0,4.999915055761367e-05,4.880910158602798e-09,-9.999840443900114e-05,-7.981338123188953e-11,-9.99890655319638e-05,-9.663664533259717e-07,-9.338891081744058e-09,9.662866391466063e-07,4.999915055761367e-05,4.880910158602798e-09,9.999840443900114e-05,7.981338123188953e-11
2,171.1328304161769,0.0,-0.008633025437110451,0.929912202371784,1.595502869283752e-05,-7.668572751605169e-07,0.0,0.0,1.0,0.0,0.0,0.0,4.99991540430644e-05,4.697117741579089e-09,-9.999840449713072e-05,-7.66857275160517e-11,-9.998975550070987e-05,-9.299896557234315e-07,-8.648980465803289e-09,9.29912969229059e-07,4.99991540430644e-05,4.697117741579089e-09,9.999840449713072e-05,7.66857275160517e-11
2,177.827941003891,0.0,-0.0079940783410661,0.8949073107487471,1.595449034008089e-05,-7.367094658278523e-07,0.0,0.0,1.0,0.0,0.0,0.0,4.999915727104842e-05,4.520239050526734e-09,-9.9998404550966e-05,-7.367094658278523e-11,-9.999039450218009e-05,-8.949817191415048e-07,-8.010032831406181e-09,8.949080474582129e-07,4.999915727104842e-05,4.520239050526734e-09,9.9998404550966e-05,7.367094658278523e-11
2,184.7849797422278,0.0,-0.007402330185239629,0.8612197095431001,1.595399175888372e-05,-7.076460656256863e-07,0.0,0.0,1.0,0.0,0.0,0.0,4.999916026058154e-05,4.350014078174418e-09,-9.999840460082412e-05,-7.076460656256864e-11,-9.99909863006931e-05,-8.612911825033752e-07,-7.418284176998512e-09,8.612204171891657e-07,4.999916026058154e-05,4.350014078174418e-09,9.999840460082412e-05,7.076460656256864e-11
2,192.0141938638787,0.0,-0.00685429488831314,0.8287998712151438,1.595353001202596e-05,-6.796243436672192e-07,0.0,0.0,1.0,0.0,0.0,0.0,4.999916302927538e-05,4.186192587212652e-09,-9.99984046469988e-05,-6.796243436672193e-11,-9.999153438262693e-05,-8.288685139534769e-07,-6.870248418325165e-09,8.288005508394874e-07,4.999916302927538e-05,4.186192587212652e-09,9.99984046469988e-05,6.796243436672193e-11
2,199.5262314968865,0.0,-0.006346743777626904,0.7976001255546817,1.595310237919119e-05,-6.526030949617731e-07,0.0,0.0,1.0,0.0,0.0,0.0,4.999916559344166e-05,4.028533645387904e-09,-9.999840468976209e-05,-6.526030949617732e-11,-9.999204197692896e-05,-7.976660391198755e-07,-6.362696880006095e-09,7.976007781577767e-07,4.999916559344166e-05,4.028533645387904e-09,9.999840468976208e-05,6.526030949617732e-11
2,207.332157348594,0.0,-0.005876686592480123,0.7675745905528611,1.595270634096095e-05,-6.26542580638396e-07,0.0,0.0,1.0,0.0,0.0,0.0,4.999916796818699e-05,3.876805458969187e-09,-9.999840472936591e-05,-6.26542580638396e-11,-9.999251207411438e-05,-7.676378719800478e-07,-5.892639298821083e-09,7.675752170954417e-07,4.999916796818699e-05,3.876805458969187e-09,9.999840472936591e-05,6.26542580638396e-11
2,215.4434690031867,0.0,-0.005441353887947674,0.7386791057897923,1.595233956398929e-05,-6.014044702294317e-07,0.0,0.0,1.0,0.0,0.0,0.0,4.999917016750273e-05,3.730784824575456e-09,-9.99984047660436e-05,-6.014044702294316e-11,-9.999294744386376e-05,-7.387398482426899e-07,-5.457306227511663e-09,7.386797071942625e-07,4.999917016750273e-05,3.730784824575456e-09,9.999840476604361e-05,6.014044702294316e-11
2,223.8721138568323,0.0,-0.005038180736165041,0.7108711682526759,1.595199988727055e-05,-5.7715178593987e-07,0.0,0.0,1.0,0.0,0.0,0.0,4.999917220434716e-05,3.590256969581088e-09,-9.999840480001127e-05,-5.7715178593987e-11,-9.99933506513232e-05,-7.109294611602075e-07,-5.054132736052311e-09,7.108717454044618e-07,4.999917220434716e-05,3.590256969581088e-09,9.999840480001127e-05,5.7715178593987e-11
2,232.6305067153608,0.0,-0.004664791629587235,0.6841098705013348,1.595168530941999e-05,-5.537488488300146e-07,0.0,0.0,1.0,0.0,0.0,0.0,4.99991740907212e-05,3.455015177415631e-09,-9.999840483146906e-05,-5.537488488300146e-11,-9.999372407220245e-05,-6.841657996888165e-07,-4.680743314896654e-09,6.841104242501835e-07,4.99991740907212e-05,3.455015177415631e-09,9.999840483146906e-05,5.537488488300146e-11
2,241.7315480804085,0.0,-0.00431898649773049,0.6583558411002668,1.595139397689288e-05,-5.311612268408005e-07,0.0,0.0,1.0,0.0,0.0,0.0,4.999917583773981e-05,3.324860468374712e-09,-9.999840486060232e-05,-5.311612268408006e-11,-9.99940699067592e-05,-6.5840948891534e-07,-4.334937891707383e-09,6.583563722614936e-07,4.999917583773981e-05,3.324860468374712e-09,9.999840486060232e-05,5.311612268408006e-11
2,251.1886431509561,0.0,-0.003998727755399421,0.6335711872385789,1.595112417307265e-05,-5.093556845928607e-07,0.0,0.0,1.0,0.0,0.0,0.0,4.999917745569699e-05,3.19960134288099e-09,-9.99984048875827e-05,-5.093556845928607e-11,-9.999439019275202e-05,-6.336226326720783e-07,-4.014678879572494e-09,6.335716965942635e-07,4.999917745569699e-05,3.19960134288099e-09,9.99984048875827e-05,5.093556845928607e-11
2,261.0157215682516,0.0,-0.003702128306421716,0.609719439461371,1.595087430816432e-05,-4.883001348922234e-07,0.0,0.0,1.0,0.0,0.0,0.0,4.999917895412628e-05,3.079053496989525e-09,-9.999840491256919e-05,-4.883001348922235e-11,-9.999468681743756e-05,-6.097687582632947e-07,-3.718079180729879e-09,6.097199277615058e-07,4.999917895412628e-05,3.079053496989525e-09,9.999840491256919e-05,4.883001348922235e-11
2,271.2272579332007,0.0,-0.003427440432493601,0.5867654984384045,1.59506429098339e-05,-4.67963591877305e-07,0.0,0.0,1.0,0.0,0.0,0.0,4.999918034185727e-05,2.963039527484817e-09,-9.999840493570902e-05,-4.67963591877305e-11,-9.999496152868299e-05,-5.868127632291478e-07,-3.443391075403434e-09,5.867659664019964e-07,4.999918034185727e-05,2.963039527484817e-09,9.999840493570903e-05,4.67963591877305e-11
2,281.8382931264431,0.0,-0.00317304550191194,0.5646755836980658,1.595042861453864e-05,-4.48316125743599e-07,0.0,0.0,1.0,0.0,0.0,0.0,4.999918162706725e-05,2.851388706366771e-09,-9.999840495713856e-05,-4.48316125743599e-11,-9.999521594525757e-05,-5.647208640750818e-07,-3.188995930526478e-09,5.646760320141916e-07,4.999918162706725e-05,2.851388706366771e-09,9.999840495713854e-05,4.48316125743599e-11
2,292.8644564625213,0.0,-0.002937444437763889,0.5434171842568706,1.595023015949745e-05,-4.293288189842205e-07,0.0,0.0,1.0,0.0,0.0,0.0,4.999918281732977e-05,2.743936713703309e-09,-9.999840497698405e-05,-4.293288189842205e-11,-9.99954515663659e-05,-5.43460546896917e-07,-2.953394667923387e-09,5.434176135856895e-07,4.999918281732977e-05,2.743936713703309e-09,9.999840497698405e-05,4.293288189842205e-11
2,304.3219887107697,0.0,-0.002719248889588627,0.5229590110768874,1.59500463752541e-05,-4.109737240861525e-07,0.0,0.0,1.0,0.0,0.0,0.0,4.999918391965868e-05,2.640525387830205e-09,-9.999840499536248e-05,-4.109737240861525e-11,-9.999566978047644e-05,-5.230005198339939e-07,-2.735198935963881e-09,5.229594220506114e-07,4.999918391965868e-05,2.640525387830205e-09,9.999840499536248e-05,4.109737240861525e-11
2,316.2277660168354,0.0,-0.002517173056644674,0.5032709512856276,1.594987617878968e-05,-3.932238226237299e-07,0.0,0.0,1.0,0.0,0.0,0.0,4.999918494054992e-05,2.541002517184292e-09,-9.999840501238213e-05,-3.9322382262373e-11,-9.999587187349943e-05,-5.033106672849358e-07,-2.533122932823464e-09,5.032713445094502e-07,4.999918494054992e-05,2.541002517184292e-09,9.999840501238213e-05,3.9322382262373e-11
2,328.5993247600628,0.0,-0.002330026114732734,0.4843240240950203,1.594971856714382e-05,-3.760529856925285e-07,0.0,0.0,1.0,0.0,0.0,0.0,4.999918588601953e-05,2.445221604381089e-09,-9.99984050281433e-05,-3.760529856925286e-11,-9.999605903636027e-05,-4.843620058226275e-07,-2.345975833299878e-09,4.84324400148006e-07,4.999918588601953e-05,2.445221604381089e-09,9.99984050281433e-05,3.760529856925286e-11
2,341.4548873833574,0.0,-0.00215670520206119,0.4660903383581773,1.594957261150706e-05,-3.594359356284363e-07,0.0,0.0,1.0,0.0,0.0,0.0,4.999918676163914e-05,2.353041658048e-09,-9.999840504273885e-05,-3.594359356284364e-11,-9.999623237201462e-05,-4.661266417471124e-07,-2.172654774672697e-09,4.660906977941129e-07,4.999918676163914e-05,2.353041658048e-09,9.999840504273885e-05,3.594359356284364e-11
2,354.8133892335725,0.0,-0.001996188922918774,0.4485430517046514,1.594943745174977e-05,-3.433482089582402e-07,0.0,0.0,1.0,0.0,0.0,0.0,4.9999187572569e-05,2.264326974249179e-09,-9.999840505625483e-05,-3.433482089582402e-11,-9.999639290194501e-05,-4.485777302171049e-07,-2.012138360370524e-09,4.485433950528604e-07,4.9999187572569e-05,2.264326974249179e-09,9.999840505625483e-05,3.433482089582402e-11
2,368.6945064519545,0.0,-0.001847531330956016,0.431656331196882,1.594931229135546e-05,-3.277661205295813e-07,0.0,0.0,1.0,0.0,0.0,0.0,4.999918832358792e-05,2.178946945665963e-09,-9.999840506877087e-05,-3.277661205295814e-11,-9.999654157217832e-05,-4.316894359028221e-07,-1.863480643247372e-09,4.316566589630025e-07,4.999918832358792e-05,2.178946945665963e-09,9.999840506877087e-05,3.277661205295814e-11
2,383.1186849557256,0.0,-0.001709856356690761,0.4154053154524352,1.594919639272846e-05,-3.126667287696046e-07,0.0,0.0,1.0,0.0,0.0,0.0,4.999918901912182e-05,2.096775884655093e-09,-9.999840508036073e-05,-3.126667287696046e-11,-9.999667925885847e-05,-4.154368951047081e-07,-1.725805553083489e-09,4.154056281191639e-07,4.999918901912182e-05,2.096775884655093e-09,9.999840508036073e-05,3.126667287696046e-11
2,398.1071705534939,0.0,-0.001582352646460529,0.3997660781785395,1.594908907284874e-05,-2.980278020230631e-07,0.0,0.0,1.0,0.0,0.0,0.0,4.999918966326971e-05,2.017692790795789e-09,-9.999840509109272e-05,-2.980278020230631e-11,-9.99968067734081e-05,-3.997961792845716e-07,-1.598301735533378e-09,3.997663762063415e-07,4.999918966326971e-05,2.017692790795789e-09,9.999840509109272e-05,2.980278020230631e-11
2,413.6820402388472,0.0,-0.001464268782459918,0.3847155930672386,1.594898969924797e-05,-2.838277859220014e-07,0.0,0.0,1.0,0.0,0.0,0.0,4.999919025982773e-05,1.941581243336908e-09,-9.999840510103007e-05,-2.838277859220014e-11,-9.999692486730898e-05,-3.847442599574446e-07,-1.480217772159166e-09,3.847158768950246e-07,4.999919025982773e-05,1.941581243336908e-09,9.999840510103007e-05,2.838277859220014e-11
2,429.8662347082241,0.0,-0.001354908855739229,0.3702317000012725,1.59488976862833e-05,-2.700457717404981e-07,0.0,0.0,1.0,0.0,0.0,0.0,4.999919081231163e-05,1.868329161805123e-09,-9.999840511023137e-05,-2.700457717404982e-11,-9.999703423652906e-05,-3.702589748942634e-07,-1.370857753425512e-09,3.702319700470443e-07,4.999919081231163e-05,1.868329161805123e-09,9.999840511023137e-05,2.700457717404982e-11
2,446.6835921509593,0.0,-0.001253628366113986,0.3562930725225298,1.594881249168693e-05,-2.566614656892108e-07,0.0,0.0,1.0,0.0,0.0,0.0,4.999919132397726e-05,1.797828698452077e-09,-9.999840511875084e-05,-2.566614656892108e-11,-9.999713552562338e-05,-3.563189955872258e-07,-1.269577178605673e-09,3.562933291839955e-07,4.999919132397726e-05,1.797828698452077e-09,9.999840511875084e-05,2.566614656892108e-11
2,464.1588833612739,0.0,-0.001159830424855651,0.3428791865165942,1.594873361337119e-05,-2.436551591057167e-07,0.0,0.0,1.0,0.0,0.0,0.0,4.999919179784026e-05,1.729976047434824e-09,-9.999840512663867e-05,-2.436551591057167e-11,-9.999722933153144e-05,-3.429037959313191e-07,-1.175779158469022e-09,3.428794301717532e-07,4.999919179784026e-05,1.729976047434824e-09,9.999840512663867e-05,2.436551591057167e-11
2,482.3178482239265,0.0,-0.001072962237813509,0.3299702900685481,1.594866058647016e-05,-2.310076994978233e-07,0.0,0.0,1.0,0.0,0.0,0.0,4.999919223669328e-05,1.664671285221276e-09,-9.999840513394136e-05,-2.310076994978233e-11,-9.999731620709428e-05,-3.299936220772054e-07,-1.088910898399979e-09,3.299705210762476e-07,4.999919223669328e-05,1.664671285221276e-09,9.999840513394136e-05,2.310076994978233e-11
2,501.187233627268,0.0,-0.0009925118482659514,0.3175473744467783,1.594859298060065e-05,-2.18700462398163e-07,0.0,0.0,1.0,0.0,0.0,0.0,4.999919264312268e-05,1.601818256098473e-09,-9.999840514070194e-05,-2.18700462398163e-11,-9.999739666431211e-05,-3.175694634121806e-07,-1.008460441246552e-09,3.175475931472407e-07,4.999919264312268e-05,1.601818256098473e-09,9.999840514070194e-05,2.18700462398163e-11
2,520.7948328595418,0.0,-0.0009180051203265989,0.3055921461730664,1.594853039732627e-05,-2.067153239894795e-07,0.0,0.0,1.0,0.0,0.0,0.0,4.999919301952369e-05,1.541324400434967e-09,-9.999840514696027e-05,-2.067153239894795e-11,-9.999747117736103e-05,-3.056130246275049e-07,-9.33953650723925e-10,3.055923528883904e-07,4.999919301952369e-05,1.541324400434967e-09,9.999840514696028e-05,2.067153239894795e-11
2,541.1695265464589,0.0,-0.0008490029451451288,0.2940870001387343,1.594847246780965e-05,-1.950346344610452e-07,0.0,0.0,1.0,0.0,0.0,0.0,4.999919336811474e-05,1.483100640189094e-09,-9.999840515275323e-05,-1.950346344610452e-11,-9.99975401853871e-05,-2.941066988318497e-07,-8.649514176129384e-10,2.940871951733687e-07,4.999919336811474e-05,1.483100640189094e-09,9.999840515275323e-05,1.950346344610452e-11
2,562.3413251903442,0.0,-0.0007850986534532345,0.2830149937280608,1.594841885063911e-05,-1.836411920576586e-07,0.0,0.0,1.0,0.0,0.0,0.0,4.999919369095024e-05,1.427061229722759e-09,-9.999840515811494e-05,-1.836411920576586e-11,-9.999760409509419e-05,-2.830335416720994e-07,-8.010470723038735e-10,2.830151773692528e-07,4.999919369095024e-05,1.427061229722759e-09,9.999840515811494e-05,1.836411920576586e-11
2,584.3414133735124,0.0,-0.000725915619219748,0.2723598219115747,1.594836922981681e-05,-1.725182177835963e-07,0.0,0.0,1.0,0.0,0.0,0.0,4.999919398993288e-05,1.373123646513876e-09,-9.999840516307703e-05,-1.725182177835963e-11,-9.999766328314022e-05,-2.723772464240887e-07,-7.418639884495649e-10,2.723599944297925e-07,4.999919398993288e-05,1.373123646513876e-09,9.999840516307703e-05,1.725182177835963e-11
2,607.2021956909831,0.0,-0.0006711050403034216,0.2621057932731855,1.594832331289669e-05,-1.616493307248137e-07,0.0,0.0,1.0,0.0,0.0,0.0,4.999919426682467e-05,1.321208461052119e-09,-9.999840516766872e-05,-1.616493307248137e-11,-9.999771809835678e-05,-2.621221200172374e-07,-6.870533636163182e-10,2.621059549225161e-07,4.999919426682467e-05,1.321208461052119e-09,9.999840516766872e-05,1.616493307248137e-11
2,630.9573444801875,0.0,-0.0006203438830333132,0.2522378069364155,1.594828082926115e-05,-1.510185239535225e-07,0.0,0.0,1.0,0.0,0.0,0.0,4.999919452325762e-05,1.271239213673562e-09,-9.999840517191708e-05,-1.510185239535225e-11,-9.999776886380495e-05,-2.522530599583536e-07,-6.362921638625743e-10,2.522379579549394e-07,4.999919452325762e-05,1.271239213673562e-09,9.999840517191708e-05,1.510185239535225e-11
2,655.6418494179729,0.0,-0.0005733329786113331,0.2427413303562588,1.594824152852633e-05,-1.406101409800887e-07,0.0,0.0,1.0,0.0,0.0,0.0,4.999919476074295e-05,1.223142319150907e-09,-9.999840517584715e-05,-1.406101409800887e-11,-9.999781587867878e-05,-2.42755532121108e-07,-5.892812201398594e-10,2.427414709663997e-07,4.999919476074295e-05,1.223142319150907e-09,9.999840517584715e-05,1.406101409800887e-11
2,681.2920690579551,0.0,-0.0005297952601251426,0.2336023779444115,1.594820517906658e-05,-1.304088527179501e-07,0.0,0.0,1.0,0.0,0.0,0.0,4.999919498068041e-05,1.176846940058678e-09,-9.99984051794821e-05,-1.304088527179501e-11,-9.999785942006858e-05,-2.336155493689449e-07,-5.457434653042091e-10,2.336025083532642e-07,4.999919498068041e-05,1.176846940058678e-09,9.99984051794821e-05,1.304088527179501e-11
2,707.9457843841315,0.0,-0.0004894741297871333,0.2248074904967994,1.594817156664957e-05,-1.203996349279689e-07,0.0,0.0,1.0,0.0,0.0,0.0,4.999919518436619e-05,1.132284898302332e-09,-9.999840518284335e-05,-1.203996349279689e-11,-9.999789974459378e-05,-2.248196509803267e-07,-5.054223013537829e-10,2.248076108964343e-07,4.999919518436619e-05,1.132284898302332e-09,9.999840518284333e-05,1.203996349279689e-11
2,735.6422544596346,0.0,-0.0004521319467819021,0.2163437153934592,1.594814049317372e-05,-1.105677461092979e-07,0.0,0.0,1.0,0.0,0.0,0.0,4.999919537300079e-05,1.089390567565423e-09,-9.999840518595068e-05,-1.105677461092979e-11,-9.999793708991527e-05,-2.163548828463841e-07,-4.680800872750759e-10,2.163438259612053e-07,4.999919537300079e-05,1.089390567565423e-09,9.999840518595068e-05,1.105677461092979e-11
2,764.4222742525932,0.0,-0.0004175486268146222,0.2081985875419373,1.594811177550079e-05,-1.008987058044719e-07,0.0,0.0,1.0,0.0,0.0,0.0,4.999919554769595e-05,1.048100769226193e-09,-9.999840518882245e-05,-1.008987058044719e-11,-9.999797167613576e-05,-2.082087784121223e-07,-4.33496738590123e-10,2.081986884406431e-07,4.999919554769595e-05,1.048100769226193e-09,9.999840518882245e-05,1.008987058044719e-11
2,794.3282347242741,0.0,-0.0003855203451103935,0.2003601110364203,1.59480852443766e-05,-9.137827328700856e-08,0.0,0.0,1.0,0.0,0.0,0.0,4.999919570948127e-05,1.008354702968655e-09,-9.999840519147557e-05,-9.137827328700857e-12,-9.999800370709712e-05,-2.003693403334006e-07,-4.014684303547701e-10,2.003602024146936e-07,4.999919570948127e-05,1.008354702968655e-09,9.999840519147556e-05,9.137827328700857e-12
2,825.4041852680107,0.0,-0.0003558583352237839,0.1928167415058433,1.594806074343364e-05,-8.199242660034637e-08,0.0,0.0,1.0,0.0,0.0,0.0,4.999919585931026e-05,9.700938184130579e-10,-9.999840519392567e-05,-8.199242660034638e-12,-9.999803337158165e-05,-1.928250228229225e-07,-3.718063959672175e-10,1.928168234982699e-07,4.999919585931026e-05,9.700938184130579e-10,9.999840519392565e-05,8.199242660034638e-12
2,857.695898590886,0.0,-0.000328387776581947,0.1855573691252006,1.594803812826943e-05,-7.272734191743444e-08,0.0,0.0,1.0,0.0,0.0,0.0,4.999919599806598e-05,9.332617752172611e-10,-9.999840519618718e-05,-7.272734191743444e-12,-9.999806084442443e-05,-1.855647146594615e-07,-3.443358147102164e-10,1.855574418525425e-07,4.999919599806598e-05,9.332617752172611e-10,9.999840519618718e-05,7.272734191743444e-12
2,891.2509381337371,0.0,-0.0003029467642072766,0.1785713022652436,1.594801726559562e-05,-6.356937319074853e-08,0.0,0.0,1.0,0.0,0.0,0.0,4.999919612656627e-05,8.978043216461001e-10,-9.999840519827344e-05,-6.356937319074853e-12,-9.999808628754395e-05,-1.78577722835505e-07,-3.188947814728722e-10,1.785713658346167e-07,4.999919612656627e-05,8.978043216461001e-10,9.999840519827345e-05,6.356937319074853e-12
2,926.1187281287847,0.0,-0.0002793853545494988,0.1718482517566607,1.594799803245241e-05,-5.450503206290922e-08,0.0,0.0,1.0,0.0,0.0,0.0,4.999919624556841e-05,8.63669239060245e-10,-9.999840520019676e-05,-5.450503206290922e-12,-9.99981098508962e-05,-1.71853756819404e-07,-2.953333525819512e-10,1.718483062616928e-07,4.999919624556841e-05,8.63669239060245e-10,9.999840520019676e-05,5.450503206290922e-12
2,962.3506263980794,0.0,-0.0002575646818054009,0.1653783157457272,1.594798031548391e-05,-4.552096800844922e-08,0.0,0.0,1.0,0.0,0.0,0.0,4.999919635577383e-05,8.308062499758668e-10,-9.999840520196846e-05,-4.552096800844922e-12,-9.999813167335835e-05,-1.653829134090171e-07,-2.735126621208848e-10,1.653783612666952e-07,4.999919635577383e-05,8.308062499758668e-10,9.999840520196846e-05,4.552096800844922e-12
2,999.9999999999903,0.0,-0.0002373561395195435,0.1591519651192599,1.594796401027013e-05,-3.660394867760372e-08,0.0,0.0,1.0,0.0,0.0,0.0,4.999919645783202e-05,7.99166952145155e-10,-9.999840520359897e-05,-3.660394867760373e-12,-9.999815188354747e-05,-1.591556621546806e-07,-2.533041035298136e-10,1.591520017232086e-07,4.999919645783202e-05,7.99166952145155e-10,9.999840520359897e-05,3.660394867760373e-12
2,1039.122303835159,0.0,-0.000218640622643826,0.1531600294775386,1.594794902071149e-05,-2.774084041327716e-08,0.0,0.0,1.0,0.0,0.0,0.0,4.999919655234454e-05,7.687047491673883e-10,-9.999840520509794e-05,-2.774084041327716e-12,-9.999817060057833e-05,-1.531628313301611e-07,-2.345885716645375e-10,1.53160057218379e-07,4.999919655234454e-05,7.687047491673883e-10,9.999840520509794e-05,2.774084041327716e-12
2,1079.775162327699,0.0,-0.0002013078255899234,0.1473936836346483,1.594793525846256e-05,-1.891858891258772e-08,0.0,0.0,1.0,0.0,0.0,0.0,4.999919663986839e-05,7.393747706916643e-10,-9.999840520647416e-05,-1.891858891258772e-12,-9.999818793476537e-05,-1.473955944310471e-07,-2.17255760848386e-10,1.473937025532372e-07,4.999919663986839e-05,7.393747706916643e-10,9.999840520647416e-05,1.891858891258772e-12
2,1122.018454301952,0.0,-0.0001852555921384262,0.1418444346264593,1.594792264241129e-05,-1.012420000459256e-08,0.0,0.0,1.0,0.0,0.0,0.0,4.999919672091939e-05,7.111338238446515e-10,-9.999840520773576e-05,-1.012420000459256e-12,-9.999820398827308e-05,-1.418454571807839e-07,-2.012035147808374e-10,1.418444447506593e-07,4.999919672091939e-05,7.111338238446515e-10,9.999840520773577e-05,1.012420000459256e-12
2,1165.91440117982,0.0,-0.0001703893133740415,0.1365041092072002,1.594791109820108e-05,-1.34472051595482e-09,0.0,0.0,1.0,0.0,0.0,0.0,4.999919679597532e-05,6.83940309096511e-10,-9.999840520889018e-05,-1.34472051595482e-13,-9.999821885571782e-05,-1.365042450253169e-07,-1.863372244722426e-10,1.365041105519207e-07,4.999919679597532e-05,6.83940309096511e-10,9.999840520889019e-05,1.34472051595482e-13
2,1211.527658628577,0.0,-0.0001566213700991119,0.1313648418162897,1.594790055779248e-05,7.432780803558925e-09,0.0,0.0,1.0,0.0,0.0,0.0,4.999919686547848e-05,6.577541751580949e-10,-9.999840520994423e-05,7.432780803558926e-13,-9.999823262472568e-05,-1.313640910979956e-07,-1.725692706569044e-10,1.313648343835089e-07,4.999919686547848e-05,6.577541751580949e-10,9.999840520994423e-05,-7.432780803558926e-13
2,1258.925411794155,0.0,-0.0001438706164397652,0.126419062997773,1.59478909590622e-05,1.622123232378787e-08,0.0,0.0,1.0,0.0,0.0,0.0,4.999919692983851e-05,6.325368539288263e-10,-9.99984052109041e-05,1.622123232378788e-12,-9.999824537644882e-05,-1.264174246370874e-07,-1.598185073988275e-10,1.264190467765406e-07,4.999919692983851e-05,6.325368539288263e-10,9.99984052109041e-05,-1.622123232378788e-12
2,1308.177474260181,0.0,-0.0001320619016016938,0.1216594882553719,1.594788224543702e-05,2.503357857308529e-08,0.0,0.0,1.0,0.0,0.0,0.0,4.999919698943475e-05,6.082512023834713e-10,-9.999840521177546e-05,2.503357857308529e-12,-9.999825718604373e-05,-1.216569598389023e-07,-1.480097838471308e-10,1.216594632217934e-07,4.999919698943475e-05,6.082512023834713e-10,9.999840521177546e-05,-2.503357857308529e-12
2,1359.356390878512,0.0,-0.0001211256269573414,0.1170791073267899,1.594787436556032e-05,3.388279930142056e-08,0.0,0.0,1.0,0.0,0.0,0.0,4.999919704461848e-05,5.848614539998923e-10,-9.999840521256346e-05,3.388279930142057e-12,-9.999826812311423e-05,-1.170756851301775e-07,-1.370735013229017e-10,1.170790734439906e-07,4.999919704461848e-05,5.848614539998923e-10,9.999840521256346e-05,-3.388279930142057e-12
2,1412.53754462274,0.0,-0.0001109973358544198,0.1126711738615246,1.594786727298945e-05,4.278192859570865e-08,0.0,0.0,1.0,0.0,0.0,0.0,4.999919709571491e-05,5.623331545742879e-10,-9.99984052132727e-05,4.278192859570865e-12,-9.99982782521217e-05,-1.126668528439547e-07,-1.269452031274092e-10,1.12671131079596e-07,4.999919709571491e-05,5.623331545742879e-10,9.99984052132727e-05,-4.278192859570865e-12
2,1467.799267622055,0.0,-0.000101617333728505,0.1084291954870297,1.594786092592196e-05,5.174407407548644e-08,0.0,0.0,1.0,0.0,0.0,0.0,4.999919714302523e-05,5.406331249246491e-10,-9.999840521390742e-05,5.174407407548644e-12,-9.999828763276488e-05,-1.084239692838039e-07,-1.175651946544269e-10,1.084291437429556e-07,4.999919714302523e-05,5.406331249246491e-10,9.99984052139074e-05,-5.174407407548644e-12
2,1525.222956539003,0.0,-9.293033628100565e-05,0.1043469242486361,1.594785528694927e-05,6.078243619717254e-08,0.0,0.0,1.0,0.0,0.0,0.0,4.999919718682825e-05,5.197294019101691e-10,-9.999840521447131e-05,6.078243619717254e-12,-9.999829632033188e-05,-1.043407851617979e-07,-1.088781915679549e-10,1.043468634661999e-07,4.999919718682825e-05,5.197294019101691e-10,9.999840521447131e-05,-6.078243619717254e-12
2,1584.893192461097,0.0,-8.488514364915314e-05,0.1004183474091853,1.594785032283619e-05,6.991032769531332e-08,0.0,0.0,1.0,0.0,0.0,0.0,4.999919722738212e-05,4.995911985326147e-10,-9.999840521496773e-05,6.991032769531333e-12,-9.99983043660259e-05,-1.004112863961777e-07,-1.008329939719893e-10,1.004182774988576e-07,4.999919722738212e-05,4.995911985326147e-10,9.999840521496771e-05,-6.991032769531333e-12
2,1646.897865482852,0.0,-7.743433864785365e-05,0.09663767859485803,1.594784600432503e-05,7.91411931894248e-08,0.0,0.0,1.0,0.0,0.0,0.0,4.999919726492589e-05,4.80188850159907e-10,-9.999840521539958e-05,7.914119318942481e-12,-9.999831181726703e-05,-9.662968525520467e-08,-9.338218465217868e-11,9.663759945366483e-08,4.999919726492589e-05,4.80188850159907e-10,9.999840521539957e-05,-7.914119318942481e-12
2,1711.328304161763,0.0,-7.053400730505013e-05,0.09299934927418342,1.594784230596317e-05,8.848862898528251e-08,0.0,0.0,1.0,0.0,0.0,0.0,4.999919729968086e-05,4.61493782433748e-10,-9.999840521576941e-05,8.848862898528252e-12,-9.999831871797199e-05,-9.299041183416728e-08,-8.64818496110133e-11,9.299926078555444e-08,4.999919729968086e-05,4.61493782433748e-10,9.999840521576941e-05,-8.848862898528252e-12
2,1778.279410038904,0.0,-6.41434800436366e-05,0.08949800055770446,1.594783920595305e-05,9.796640309980422e-08,0.0,0.0,1.0,0.0,0.0,0.0,4.999919733185177e-05,4.434784592279258e-10,-9.999840521607941e-05,9.796640309980422e-12,-9.999832510881231e-05,-8.948810585302552e-08,-8.009131924958964e-11,8.949790259130135e-08,4.999919733185177e-05,4.434784592279258e-10,9.99984052160794e-05,-9.796640309980422e-12
2,1847.849797422272,0.0,-5.822509198461686e-05,0.08612847530624486,1.594783668602373e-05,1.075884755390003e-07,0.0,0.0,1.0,0.0,0.0,0.0,4.99991973616284e-05,4.261163418823231e-10,-9.99984052163314e-05,1.075884755390003e-11,-9.99983310274549e-05,-8.611760876262685e-08,-7.417292867064058e-11,8.612836771776931e-08,4.99991973616284e-05,4.261163418823231e-10,9.999840521633141e-05,-1.075884755390003e-11
2,1920.141938638781,0.0,-5.274396095889198e-05,0.08288581053617174,1.594783473132312e-05,1.173690188588404e-07,0.0,0.0,1.0,0.0,0.0,0.0,4.999919738918609e-05,4.093818605799904e-10,-9.999840521652688e-05,1.173690188588404e-11,-9.999833650878334e-05,-8.287395614789761e-08,-6.86917956902151e-11,8.288569316715286e-08,4.999919738918609e-05,4.093818605799904e-10,9.999840521652686e-05,-1.173690188588404e-11
2,1995.262314968858,0.0,-4.766778191939292e-05,0.07976523011048783,1.594783333033058e-05,1.273224390393069e-07,0.0,0.0,1.0,0.0,0.0,0.0,4.99991974146873e-05,3.932503683769838e-10,-9.999840521666697e-05,1.273224390393069e-11,-9.99983415851039e-05,-7.975237041682257e-08,-6.36156152497235e-11,7.976510278804879e-08,4.99991974146873e-05,3.932503683769838e-10,9.999840521666697e-05,-1.273224390393069e-11
2,2073.321573485933,0.0,-4.296663654194804e-05,0.07676213770500259,1.594783247478887e-05,1.374633967023626e-07,0.0,0.0,1.0,0.0,0.0,0.0,4.999919743828239e-05,3.776981030384599e-10,-9.999840521675253e-05,1.374633967023626e-11,-9.999834628633564e-05,-7.674825376447226e-08,-5.891446901673691e-11,7.676200024160589e-08,4.999919743828239e-05,3.776981030384599e-10,9.999840521675253e-05,-1.374633967023626e-11
2,2154.434690031861,0.0,-3.861281689277128e-05,0.07387211003923698,1.594783215965564e-05,1.478068287050756e-07,0.0,0.0,1.0,0.0,0.0,0.0,4.99991974601104e-05,3.627021579820676e-10,-9.999840521678404e-05,1.478068287050756e-11,-9.999835064018716e-05,-7.385718140173077e-08,-5.456064905242691e-11,7.387196223240827e-08,4.99991974601104e-05,3.627021579820676e-10,9.999840521678404e-05,-1.478068287050756e-11
2,2238.721138568315,0.0,-3.458066212334363e-05,0.07109089036210363,1.594783238307357e-05,1.583679701396905e-07,0.0,0.0,1.0,0.0,0.0,0.0,4.999919748029994e-05,3.482404454150857e-10,-9.99984052167617e-05,1.583679701396904e-11,-9.999835467231933e-05,-7.107489503875142e-08,-5.052849450641719e-11,7.109073199413348e-08,4.999919748029994e-05,3.482404454150857e-10,9.999840521676169e-05,-1.583679701396904e-11
2,2326.305067153601,0.0,-3.084640723025086e-05,0.06841438218278006,1.594783314635952e-05,1.691623767730412e-07,0.0,0.0,1.0,0.0,0.0,0.0,4.999919749897005e-05,3.342916651094116e-10,-9.999840521668537e-05,1.691623767730412e-11,-9.999835840649715e-05,-6.839729661356384e-08,-4.679424037661038e-11,6.841421302040329e-08,4.999919749897005e-05,3.342916651094116e-10,9.999840521668536e-05,-1.691623767730412e-11
2,2417.315480804078,0.0,-2.73880429886293e-05,0.06583864323754958,1.594783445401229e-05,1.80205947958344e-07,0.0,0.0,1.0,0.0,0.0,0.0,4.999919751623075e-05,3.208352710081453e-10,-9.99984052165546e-05,1.80205947958344e-11,-9.999836186472934e-05,-6.582044225660011e-08,-4.333587744264159e-11,6.583846303160162e-08,4.999919751623075e-05,3.208352710081453e-10,9.99984052165546e-05,-1.80205947958344e-11
2,2511.886431509553,0.0,-2.418518623372684e-05,0.06335987968373348,1.594783631373905e-05,1.915149500531112e-07,0.0,0.0,1.0,0.0,0.0,0.0,4.999919753218381e-05,3.078514421689835e-10,-9.999840521636863e-05,1.915149500531112e-11,-9.999836506739827e-05,-6.334053648226278e-08,-4.013302254746589e-11,6.335968816878342e-08,4.999919753218381e-05,3.078514421689835e-10,9.999840521636863e-05,-1.915149500531112e-11
2,2610.157215682508,0.0,-2.121895972606847e-05,0.06097444051217098,1.594783873650087e-05,2.031060403776652e-07,0.0,0.0,1.0,0.0,0.0,0.0,4.99991975469232e-05,2.953210558760175e-10,-9.999840521612636e-05,2.031060403776653e-11,-9.999836803338007e-05,-6.09539265989867e-08,-3.716679846256934e-11,6.097423740613059e-08,4.99991975469232e-05,2.953210558760175e-10,9.999840521612636e-05,-2.031060403776653e-11
2,2712.272579331998,0.0,-1.847188089219029e-05,0.05867881217002309,1.594784173657726e-05,2.149962917495358e-07,0.0,0.0,1.0,0.0,0.0,0.0,4.999919756053579e-05,2.832256564147228e-10,-9.999840521582635e-05,2.149962917495358e-11,-9.99983707801559e-05,-5.865709732956029e-08,-3.441972262876756e-11,5.867859717373134e-08,4.999919756053579e-05,2.832256564147228e-10,9.999840521582635e-05,-2.149962917495358e-11
2,2818.382931264422,0.0,-1.59277587852283e-05,0.05646961338598756,1.594784533165035e-05,2.27203217629868e-07,0.0,0.0,1.0,0.0,0.0,0.0,4.999919757310187e-05,2.715474260153535e-10,-9.999840521546684e-05,2.27203217629868e-11,-9.99983733239149e-05,-5.644666563380371e-08,-3.187560411687865e-11,5.646938618276993e-08,4.999919757310187e-05,2.715474260153535e-10,9.999840521546684e-05,-2.27203217629868e-11
2,2928.644564625204,0.0,-1.357159865807448e-05,0.05434359019030812,1.594784954290913e-05,2.397447979188705e-07,0.0,0.0,1.0,0.0,0.0,0.0,4.999919758469545e-05,2.602691662046777e-10,-9.999840521504571e-05,2.397447979188705e-11,-9.999837567964968e-05,-5.43193757259735e-08,-2.951944820098361e-11,5.43433504455102e-08,4.999919758469545e-05,2.602691662046777e-10,9.999840521504571e-05,-2.397447979188705e-11
2,3043.219887107688,0.0,-1.138951358668457e-05,0.05229761112224808,1.594785439517429e-05,2.526395054382904e-07,0.0,0.0,1.0,0.0,0.0,0.0,4.999919759538486e-05,2.493742635452026e-10,-9.999840521456049e-05,2.526395054382904e-11,-9.999837786124463e-05,-5.227209427955891e-08,-2.733736798185887e-11,5.229735848274264e-08,4.999919759538486e-05,2.493742635452026e-10,9.999840521456049e-05,-2.526395054382904e-11
2,3162.277660168344,0.0,-9.368642622675675e-06,0.05032866261797366,1.594785991704457e-05,2.659063331399155e-07,0.0,0.0,1.0,0.0,0.0,0.0,4.999919760523315e-05,2.388466705532292e-10,-9.99984052140083e-05,2.659063331399155e-11,-9.999837988155789e-05,-5.030180581241982e-08,-2.531650253972024e-11,5.032839671164052e-08,4.999919760523315e-05,2.388466705532292e-10,9.999840521400829e-05,-2.659063331399155e-11
2,3285.993247600617,0.0,-7.497074992823378e-06,0.04843384457205797,1.594786614106524e-05,2.79564822080165e-07,0.0,0.0,1.0,0.0,0.0,0.0,4.999919761429835e-05,2.28670880979057e-10,-9.99984052133859e-05,2.79564822080165e-11,-9.999838175249691e-05,-4.84056082454627e-08,-2.344494113388861e-11,4.84335650072359e-08,4.999919761429835e-05,2.28670880979057e-10,9.999840521338589e-05,-2.79564822080165e-11
2,3414.548873833563,0.0,-5.76377989871528e-06,0.04661036606607159,1.594787310391997e-05,2.936350902019704e-07,0.0,0.0,1.0,0.0,0.0,0.0,4.999919762263385e-05,2.188319081229554e-10,-9.999840521268962e-05,2.936350902019704e-11,-9.999838348508878e-05,-4.658070862832568e-08,-2.171165300263525e-11,4.661007243098138e-08,4.999919762263385e-05,2.188319081229554e-10,9.999840521268962e-05,-2.936350902019704e-11
2,3548.133892335714,0.0,-4.15854150281553e-06,0.04485554125797144,1.594788084664706e-05,3.081378619663284e-07,0.0,0.0,1.0,0.0,0.0,0.0,4.999919763028883e-05,2.093152575132829e-10,-9.999840521191535e-05,3.081378619663283e-11,-9.999838508954512e-05,-4.482441902577475e-08,-2.010642234946259e-11,4.485523312010947e-08,4.999919763028883e-05,2.093152575132829e-10,9.999840521191533e-05,-3.081378619663283e-11
2,3686.945064519533,0.0,-2.67189871776436e-06,0.0431667854262364,1.594788941488126e-05,3.230944988771573e-07,0.0,0.0,1.0,0.0,0.0,0.0,4.999919763730836e-05,2.00106913896077e-10,-9.999840521105851e-05,3.230944988771573e-11,-9.99983865753225e-05,-4.313415255875458e-08,-1.861978813264562e-11,4.316646233173752e-08,4.999919763730836e-05,2.00106913896077e-10,9.999840521105851e-05,-3.230944988771573e-11
2,3831.186849557243,0.0,-1.295089444048455e-06,0.0415416111629251,1.594789885912278e-05,3.385270309444144e-07,0.0,0.0,1.0,0.0,0.0,0.0,4.99991976437338e-05,1.911933134794941e-10,-9.99984052101141e-05,3.385270309444145e-11,-9.999838795117787e-05,-4.150741959427274e-08,-1.724298830317123e-11,4.154127263589415e-08,4.99991976437338e-05,1.911933134794941e-10,9.99984052101141e-05,-3.385270309444145e-11
2,3981.071705534926,0.0,-1.999892738454545e-08,0.03997762471005131,1.594790923503488e-05,3.544581891317965e-07,0.0,0.0,1.0,0.0,0.0,0.0,4.999919764960313e-05,1.825613270202718e-10,-9.99984052090765e-05,3.544581891317965e-11,-9.999838922522044e-05,-3.994182407849154e-08,-1.596790816241943e-11,3.997727025186217e-08,4.999919764960313e-05,1.825613270202718e-10,9.999840520907651e-05,-3.544581891317965e-11
2,4136.820402388459,0.0,1.160888068544793e-06,0.03847252243388223,1.594792060377199e-05,3.709114388368103e-07,0.0,0.0,1.0,0.0,0.0,0.0,4.999919765495079e-05,1.741982405249468e-10,-9.999840520793963e-05,3.709114388368103e-11,-9.999839040495916e-05,-3.843506000764914e-08,-1.478703253522719e-11,3.84721515224434e-08,4.999919765495079e-05,1.741982405249468e-10,9.999840520793963e-05,-3.709114388368103e-11
2,4298.662347082227,0.0,2.254531555893782e-06,0.03702408743196907,1.594793303234015e-05,3.879110144525128e-07,0.0,0.0,1.0,0.0,0.0,0.0,4.999919765980844e-05,1.660917353005526e-10,-9.999840520669677e-05,3.879110144525128e-11,-9.999839149734734e-05,-3.698490803159835e-08,-1.369340147644637e-11,3.702369952095461e-08,4.999919765980844e-05,1.660917353005526e-10,9.999840520669677e-05,-3.879110144525128e-11
2,4466.835921509579,0.0,3.267377344050241e-06,0.03563018626791285,1.594794659399189e-05,4.054819550618078e-07,0.0,0.0,1.0,0.0,0.0,0.0,4.999919766420463e-05,1.582298708242426e-10,-9.999840520534061e-05,4.054819550618078e-11,-9.999839250882343e-05,-3.558923218496853e-08,-1.268056924994165e-11,3.562978078595778e-08,4.999919766420463e-05,1.582298708242426e-10,9.999840520534061e-05,-4.054819550618078e-11
2,4641.588833612725,0.0,4.20539503039926e-06,0.03428876582905856,1.594796136865802e-05,4.23650141316863e-07,0.0,0.0,1.0,0.0,0.0,0.0,4.999919766816525e-05,1.506010682634361e-10,-9.999840520386314e-05,4.23650141316863e-11,-9.999839344534881e-05,-3.424597674113588e-08,-1.174256633825876e-11,3.428834217891725e-08,4.999919766816525e-05,1.506010682634361e-10,9.999840520386314e-05,-4.23650141316863e-11
2,4823.178482239249,0.0,5.074113184367483e-06,0.03299785030248992,1.594797744341868e-05,4.424423335579446e-07,0.0,0.0,1.0,0.0,0.0,0.0,4.999919767171371e-05,1.431940903096761e-10,-9.999840520225566e-05,4.424423335579446e-11,-9.999839431244344e-05,-3.295316318435911e-08,-1.087386425905119e-11,3.299740786015637e-08,4.999919767171371e-05,1.431940903096761e-10,9.999840520225566e-05,-4.424423335579446e-11
2,5011.872336272663,0.0,5.878651932105738e-06,0.0317555382648716,1.594799491301661e-05,4.618862112278009e-07,0.0,0.0,1.0,0.0,0.0,0.0,4.999919767487092e-05,1.359980268671811e-10,-9.99984052005087e-05,4.618862112278009e-11,-9.999839511521773e-05,-3.170888729565221e-08,-1.006934298091087e-11,3.175507637866037e-08,4.999919767487092e-05,1.359980268671811e-10,9.99984052005087e-05,-4.618862112278009e-11
2,5207.948328595401,0.0,6.623753133871436e-06,0.03055999988185414,1.594801388041557e-05,4.820104136396198e-07,0.0,0.0,1.0,0.0,0.0,0.0,4.999919767765543e-05,1.290022794403538e-10,-9.999840519861197e-05,4.820104136396198e-11,-9.99983958584032e-05,-3.051131634806575e-08,-9.324260746544127e-12,3.05595178714405e-08,4.999919767765543e-05,1.290022794403538e-10,9.999840519861197e-05,-4.820104136396198e-11
2,5411.695265464572,0.0,7.313808331961122e-06,0.02940947421291668,1.594803445740714e-05,5.028445821585911e-07,0.0,0.0,1.0,0.0,0.0,0.0,4.999919768008369e-05,1.221965431360464e-10,-9.999840519655426e-05,5.028445821585911e-11,-9.999839654638012e-05,-2.935868640727511e-08,-8.634226125446013e-12,2.940897136833452e-08,4.999919768008369e-05,1.221965431360464e-10,9.999840519655426e-05,-5.028445821585911e-11
2,5623.413251903423,0.0,7.95288463392326e-06,0.02830226661767899,1.594805676526964e-05,5.244194038591645e-07,0.0,0.0,1.0,0.0,0.0,0.0,4.999919768217003e-05,1.155707934363156e-10,-9.999840519432347e-05,5.244194038591645e-11,-9.99983971832033e-05,-2.824929973346942e-08,-7.995172131346382e-12,2.830174219827513e-08,4.999919768217003e-05,1.155707934363156e-10,9.999840519432347e-05,-5.244194038591645e-11
2,5843.414133735106,0.0,8.544748683587177e-06,0.02723674625986295,1.594808093548294e-05,5.467666567222888e-07,0.0,0.0,1.0,0.0,0.0,0.0,4.99991976839267e-05,1.091152716701362e-10,-9.999840519190646e-05,5.467666567222888e-11,-9.999839777262612e-05,-2.718152228076641e-08,-7.403332251895758e-12,2.723619949320623e-08,4.99991976839267e-05,1.091152716701362e-10,9.999840519190645e-05,-5.467666567222888e-11
2,6072.021956909812,0.0,9.092888861208172e-06,0.02621134370522791,1.594810711050333e-05,5.699192564391578e-07,0.0,0.0,1.0,0.0,0.0,0.0,4.999919768536408e-05,1.028204691840729e-10,-9.999840518928895e-05,5.699192564391578e-11,-9.999839831812261e-05,-2.615378129040889e-08,-6.855218249295157e-12,2.621077378597146e-08,4.999919768536408e-05,1.028204691840729e-10,9.999840518928895e-05,-5.699192564391578e-11
2,6309.573444801856,0.0,9.600535843560783e-06,0.02522454860994196,1.594813544460318e-05,5.939113048903669e-07,0.0,0.0,1.0,0.0,0.0,0.0,4.999919768649062e-05,9.667711368135727e-11,-9.999840518645554e-05,5.93911304890367e-11,-9.999839882290782e-05,-2.516456297423756e-08,-6.347599601042396e-12,2.522395469863707e-08,4.999919768649062e-05,9.667711368135727e-11,9.999840518645554e-05,-5.93911304890367e-11
2,6556.418494179708,0.0,1.007068164515877e-05,0.02427490749598543,1.594816610478017e-05,6.187781403718436e-07,0.0,0.0,1.0,0.0,0.0,0.0,4.9999197687313e-05,9.06761572956885e-11,-9.999840518338953e-05,6.187781403718436e-11,-9.99983992899569e-05,-2.421241028502991e-08,-5.877484459621397e-12,2.427428871784506e-08,4.9999197687313e-05,9.06761572956885e-11,9.999840518338953e-05,-6.187781403718436e-11
2,6812.920690579529,0.0,1.050609725283383e-05,0.02336102161030967,1.594819927174158e-05,6.445563896414759e-07,0.0,0.0,1.0,0.0,0.0,0.0,4.999919768783602e-05,8.480876054506772e-11,-9.999840518007283e-05,6.445563896414759e-11,-9.999839972202259e-05,-2.329592077039881e-08,-5.442102018907752e-12,2.336037705392003e-08,4.999919768783602e-05,8.480876054506772e-11,9.999840518007283e-05,-6.445563896414759e-11
2,7079.457843841292,0.0,1.090934895760383e-05,0.02248154486459885,1.594823514096933e-05,6.712840218630514e-07,0.0,0.0,1.0,0.0,0.0,0.0,4.999919768806281e-05,7.906628083928176e-11,-9.999840517648591e-05,6.712840218630514e-11,-9.999840012165147e-05,-2.24137445071079e-08,-5.038886183365499e-12,2.248087358057698e-08,4.999919768806281e-05,7.906628083928176e-11,9.999840517648591e-05,-6.712840218630514e-11
2,7356.422544596322,0.0,1.128281348009274e-05,0.02163518185259999,1.594827392387207e-05,6.990004045268899e-07,0.0,0.0,1.0,0.0,0.0,0.0,4.999919768799472e-05,7.344026098738814e-11,-9.999840517260762e-05,6.9900040452689e-11,-9.999840049119891e-05,-2.156458211274266e-08,-4.66546044377933e-12,2.163448285219546e-08,4.999919768799472e-05,7.344026098738814e-11,9.999840517260761e-05,-6.9900040452689e-11
2,7644.222742525907,0.0,1.162869197863966e-05,0.02082068594210171,1.594831584903127e-05,7.27746361429478e-07,0.0,0.0,1.0,0.0,0.0,0.0,4.99991976876313e-05,6.792241336839224e-11,-9.99984051684151e-05,7.27746361429478e-11,-9.999840083284292e-05,-2.074718283185187e-08,-4.31962387039161e-12,2.081995819574028e-08,4.99991976876313e-05,6.792241336839224e-11,9.99984051684151e-05,-7.27746361429478e-11
2,7943.282347242715,0.0,1.194902302267308e-05,0.02003685743875133,1.594836116354837e-05,7.575642327974167e-07,0.0,0.0,1.0,0.0,0.0,0.0,4.99991976869704e-05,6.25046112576601e-11,-9.999840516388364e-05,7.575642327974168e-11,-9.999840114859718e-05,-1.996034269367717e-08,-3.999338140875289e-12,2.003609987451853e-08,4.99991976869704e-05,6.25046112576601e-11,9.999840516388364e-05,-7.575642327974168e-11
2,8254.04185268008,0.0,1.224569460780215e-05,0.0192825418190059,1.59484101345012e-05,7.884979376441608e-07,0.0,0.0,1.0,0.0,0.0,0.0,4.999919768600815e-05,5.717887375653937e-11,-9.999840515898656e-05,7.884979376441608e-11,-9.999840144032262e-05,-1.92029027388083e-08,-3.702715526699054e-12,1.928175332106825e-08,4.999919768600815e-05,5.717887375653937e-11,9.999840515898655e-05,-7.884979376441608e-11
2,8576.958985908834,0.0,1.252045528344385e-05,0.01855662802961504,1.594846305051804e-05,8.205930384512894e-07,0.0,0.0,1.0,0.0,0.0,0.0,4.999919768473886e-05,5.193735733561463e-11,-9.999840515369495e-05,8.205930384512894e-11,-9.999840170973873e-05,-1.847374731213705e-08,-3.428007767074191e-12,1.855580743657659e-08,4.999919768473886e-05,5.193735733561463e-11,9.999840515369495e-05,-8.205930384512894e-11
2,8912.509381337342,0.0,1.277492445857065e-05,0.01785804685113066,1.594852022347876e-05,8.538968082694778e-07,0.0,0.0,1.0,0.0,0.0,0.0,4.999919768315509e-05,4.677234152327237e-11,-9.999840514797765e-05,8.538968082694779e-11,-9.99984019584334e-05,-1.777180241959841e-08,-3.173595764908103e-12,1.78571929543224e-08,4.999919768315509e-05,4.677234152327237e-11,9.999840514797765e-05,-8.538968082694779e-11
2,9261.187281287817,0.0,1.30106019463259e-05,0.01718576932303347,1.594858199035295e-05,8.884583003378664e-07,0.0,0.0,1.0,0.0,0.0,0.0,4.999919768124748e-05,4.1676218063714e-11,-9.999840514180097e-05,8.884583003378664e-11,-9.999840218787236e-05,-1.709603414624093e-08,-2.937980044027051e-12,1.718488086473313e-08,4.999919768124748e-05,4.1676218063714e-11,9.999840514180097e-05,-8.884583003378664e-11
2,9623.506263980764,0.0,1.322887680374696e-05,0.01653880522815684,1.5948648715186e-05,9.243284203242501e-07,0.0,0.0,1.0,0.0,0.0,0.0,4.999919767900476e-05,3.664148148443312e-11,-9.999840513512849e-05,9.243284203242501e-11,-9.999840239940792e-05,-1.644544713337618e-08,-2.719771911439045e-12,1.653788089973651e-08,4.999919767900476e-05,3.664148148443312e-11,9.999840513512848e-05,-9.243284203242501e-11
2,9999.99999999987,0.0,1.343103551871124e-05,0.01591620163417567,1.594872079124465e-05,9.615600012923218e-07,0.0,0.0,1.0,0.0,0.0,0.0,4.999919767641375e-05,3.166071586898645e-11,-9.999840512792088e-05,9.615600012923218e-11,-9.999840259428689e-05,-1.581908311248416e-08,-2.517685272533412e-12,1.591524007417438e-08,4.999919767641375e-05,3.166071586898645e-11,9.999840512792088e-05,-9.615600012923218e-11
2,10391.22303835156,0.0,1.361826959234726e-05,0.01531704149001214,1.59487986433348e-05,1.000207881506221e-06,0.0,0.0,1.0,0.0,0.0,0.0,4.999919767345917e-05,2.672658455711213e-11,-9.999840512013567e-05,1.000207881506221e-10,-9.999840277365781e-05,-1.521601949377504e-08,-2.330529050987545e-12,1.531604128213063e-08,4.999919767345917e-05,2.672658455711213e-11,9.999840512013568e-05,-1.000207881506221e-10
2,10797.75162327696,0.0,1.379168256161147e-05,0.01474044227509121,1.594888273030527e-05,1.040328985186788e-06,0.0,0.0,1.0,0.0,0.0,0.0,4.99991976701236e-05,2.183182049537075e-11,-9.999840511172697e-05,1.040328985186788e-10,-9.999840293857793e-05,-1.463536800726173e-08,-2.157200168693805e-12,1.473940194610603e-08,4.99991976701236e-05,2.183182049537075e-11,9.999840511172697e-05,-1.040328985186788e-10
2,11220.18454301949,0.0,1.395229650340619e-05,0.01418555469945617,1.594897354775209e-05,1.081982406338256e-06,0.0,0.0,1.0,0.0,0.0,0.0,4.999919766638739e-05,1.696921366044207e-11,-9.999840510264524e-05,1.081982406338256e-10,-9.999840309001922e-05,-1.407627339443442e-08,-1.996677044345899e-12,1.418447271704983e-08,4.999919766638739e-05,1.696921366044207e-11,9.999840510264524e-05,-1.081982406338256e-10
2,11659.14401179817,0.0,1.410105805858667e-05,0.0136515614528299,1.594907163093941e-05,1.125229495768603e-06,0.0,0.0,1.0,0.0,0.0,0.0,4.99991976622285e-05,1.213160238555115e-11,-9.99984050928369e-05,1.125229495768603e-10,-9.999840322887427e-05,-1.35379121485265e-08,-1.848013572352736e-12,1.365043622333413e-08,4.99991976622285e-05,1.213160238555115e-11,9.99984050928369e-05,-1.125229495768603e-10
2,12115.27658628572,0.0,1.4238844011356e-05,0.01313767600077928,1.594917755795424e-05,1.170133951431451e-06,0.0,0.0,1.0,0.0,0.0,0.0,4.999919765762245e-05,7.311860566927857e-12,-9.999840508224421e-05,1.170133951431451e-10,-9.999840335596148e-05,-1.301949130155283e-08,-1.71033354659824e-12,1.313650586682784e-08,4.999919765762245e-05,7.311860566927857e-12,9.999840508224421e-05,-1.170133951431451e-10
2,12589.25411794151,0.0,1.436646645693516e-05,0.01264314142620968,1.594929195311346e-05,1.216761912222275e-06,0.0,0.0,1.0,0.0,0.0,0.0,4.999919765254209e-05,2.5028900744386e-12,-9.99984050708047e-05,1.216761912222275e-10,-9.999840347202993e-05,-1.252024725631042e-08,-1.582825496178297e-12,1.264192466429746e-08,4.999919765254209e-05,2.5028900744386e-12,9.999840507080469e-05,-1.216761912222275e-10
2,13081.77474260177,0.0,1.448467758795494e-05,0.0121672293144832,1.594941549064339e-05,1.26518205536673e-06,0.0,0.0,1.0,0.0,0.0,0.0,4.999919764695744e-05,-2.302393126152812e-12,-9.999840505845095e-05,1.26518205536673e-10,-9.999840357776363e-05,-1.203944466170779e-08,-1.464737902688451e-12,1.216596413242784e-08,4.999919764695744e-05,-2.302393126152812e-12,9.999840505845093e-05,-1.26518205536673e-10
2,13593.56390878508,0.0,1.459417412780154e-05,0.01170923868051853,1.594954889865346e-05,1.315465697544138e-06,0.0,0.0,1.0,0.0,0.0,0.0,4.999919764083558e-05,-7.111065803608288e-12,-9.999840504511014e-05,1.315465697544138e-10,-9.99984036737858e-05,-1.157637532960095e-08,-1.355374770851927e-12,1.170792321482099e-08,4.999919764083558e-05,-7.111065803608288e-12,9.999840504511015e-05,-1.315465697544138e-10
2,14125.37544622736,0.0,1.469560143702208e-05,0.01126849493629226,1.594969296342743e-05,1.367686899894654e-06,0.0,0.0,1.0,0.0,0.0,0.0,4.999919763414051e-05,-1.193021144737097e-11,-9.999840503070367e-05,1.367686899894655e-10,-9.999840376066246e-05,-1.113035719172077e-08,-1.254091526405346e-12,1.126712724939236e-08,4.999919763414051e-05,-1.193021144737097e-11,9.999840503070365e-05,-1.367686899894655e-10
2,14677.9926762205,0.0,1.478955731701085e-05,0.01084434889722076,1.594984853405743e-05,1.421922577064263e-06,0.0,0.0,1.0,0.0,0.0,0.0,4.999919762683267e-05,-1.676692774850572e-11,-9.99984050151466e-05,1.421922577064264e-10,-9.999840383890554e-05,-1.070073329501258e-08,-1.160291217046587e-12,1.084292697464369e-08,4.999919762683267e-05,-1.676692774850572e-11,9.99984050151466e-05,-1.421922577064264e-10
2,15252.22956538999,0.0,1.48765955333777e-05,0.01043617582595932,1.595001652744825e-05,1.478252610447704e-06,0.0,0.0,1.0,0.0,0.0,0.0,4.999919761886907e-05,-2.162833895954724e-11,-9.999840499834726e-05,1.478252610447704e-10,-9.999840390897628e-05,-1.028687083405251e-08,-1.073420994070544e-12,1.043469757334887e-08,4.999919761886907e-05,-2.162833895954724e-11,9.999840499834726e-05,-1.478252610447704e-10
2,15848.93192461092,0.0,1.495722907978849e-05,0.01004337451221,1.595019793372112e-05,1.536759965795448e-06,0.0,0.0,1.0,0.0,0.0,0.0,4.999919761020272e-05,-2.652160511015974e-11,-9.999840498020664e-05,1.536759965795448e-10,-9.999840397128757e-05,-9.88816021890716e-09,-9.929688539326266e-13,1.00418377522442e-08,4.999919761020272e-05,-2.652160511015974e-11,9.999840498020662e-05,-1.536759965795448e-10
2,16468.97865482846,0.0,1.503193320148788e-05,0.009665366387182888,1.595039382204914e-05,1.597530815357303e-06,0.0,0.0,1.0,0.0,0.0,0.0,4.999919760078254e-05,-3.145393306593805e-11,-9.99984049606178e-05,1.597530815357303e-10,-9.999840402620676e-05,-9.504014177297824e-09,-9.184606205612673e-13,9.66376885636753e-09,4.999919760078254e-05,-3.145393306593805e-11,9.99984049606178e-05,-1.597530815357303e-10
2,17113.28304161757,0.0,1.510114819634018e-05,0.009301594671406541,1.595060534695848e-05,1.66065466474175e-06,0.0,0.0,1.0,0.0,0.0,0.0,4.999919759055307e-05,-3.643258818351751e-11,-9.999840493946531e-05,1.66065466474175e-10,-9.999840407405758e-05,-9.13386688961546e-09,-8.494571506183008e-13,9.299934016741799e-09,4.999919759055307e-05,-3.643258818351751e-11,9.99984049394653e-05,-1.66065466474175e-10
2,17782.79410038899,0.0,1.516528200990145e-05,0.008951523554632274,1.595083375513256e-05,1.726224484676965e-06,0.0,0.0,1.0,0.0,0.0,0.0,4.999919757945396e-05,-4.146490314675583e-11,-9.99984049166245e-05,1.726224484676966e-10,-9.999840411512193e-05,-8.777173155457784e-09,-7.85551745231104e-13,8.949797330147597e-09,4.999919757945396e-05,-4.146490314675583e-11,9.999840491662448e-05,-1.726224484676966e-10
2,18478.49797422266,0.0,1.522471263979932e-05,0.008614637406624548,1.595108039275937e-05,1.794336847866657e-06,0.0,0.0,1.0,0.0,0.0,0.0,4.999919756741982e-05,-4.655828967604809e-11,-9.999840489196073e-05,1.794336847866657e-10,-9.999840414964188e-05,-8.433407590653959e-09,-7.263677529600468e-13,8.61284306977668e-09,4.999919756741982e-05,-4.655828967604809e-11,9.999840489196073e-05,-1.794336847866657e-10
2,19201.41938638775,0.0,1.527979036361108e-05,0.008290440017674849,1.595134671346525e-05,1.865092071141157e-06,0.0,0.0,1.0,0.0,0.0,0.0,4.999919755437972e-05,-5.172024964132795e-11,-9.999840486532865e-05,1.865092071141157e-10,-9.999840417782096e-05,-8.102063853396189e-09,-6.715563498541738e-13,8.288574925603707e-09,4.999919755437972e-05,-5.172024964132795e-11,9.999840486532865e-05,-1.865092071141157e-10
2,19952.62314968852,0.0,1.533083980335931e-05,0.007978453867720529,1.595163428688164e-05,1.938594363111899e-06,0.0,0.0,1.0,0.0,0.0,0.0,4.99991975402568e-05,-5.695838595822566e-11,-9.999840483657132e-05,1.938594363111899e-10,-9.999840419982518e-05,-7.782653898455887e-09,-6.207944835223335e-13,7.976515273357416e-09,4.99991975402568e-05,-5.695838595822566e-11,9.999840483657132e-05,-1.938594363111899e-10
2,20733.21573485926,0.0,1.537816183880005e-05,0.007678219422992051,1.595194480789554e-05,2.014951977545396e-06,0.0,0.0,1.0,0.0,0.0,0.0,4.999919752496782e-05,-6.228041326738276e-11,-9.999840480551921e-05,2.014951977545396e-10,-9.999840421578431e-05,-7.47470725830737e-09,-5.737829690954893e-13,7.676204471014505e-09,4.999919752496782e-05,-6.228041326738276e-11,9.999840480551922e-05,-2.014951977545396e-10
2,21544.34690031854,0.0,1.542203538076929e-05,0.007389294459152622,1.595228010663809e-05,2.094277372681044e-06,0.0,0.0,1.0,0.0,0.0,0.0,4.99991975084227e-05,-6.769417018585699e-11,-9.999840477198934e-05,2.094277372681044e-10,-9.999840422579232e-05,-7.177770350233899e-09,-5.302447258687982e-13,7.38720018177994e-09,4.99991975084227e-05,-6.769417018585699e-11,9.999840477198934e-05,-2.094277372681044e-10
2,22387.21138568308,0.0,1.546271901505568e-05,0.007111253409933337,1.595264215927003e-05,2.176687376725653e-06,0.0,0.0,1.0,0.0,0.0,0.0,4.999919749052389e-05,-7.320763020327138e-11,-9.999840473578407e-05,2.176687376725653e-10,-9.999840422990828e-05,-6.8914058081956e-09,-4.899231442143555e-13,7.109076722556611e-09,4.999919749052389e-05,-7.320763020327138e-11,9.999840473578407e-05,-2.176687376725653e-10
2,23263.05067153593,0.0,1.550045252647329e-05,0.006843686740304341,1.59530330996278e-05,2.262303359766512e-06,0.0,0.0,1.0,0.0,0.0,0.0,4.999919747116591e-05,-7.882891333690155e-11,-9.999840469669005e-05,2.262303359766512e-10,-9.999840422815644e-05,-6.615191838664496e-09,-4.525805731545117e-13,6.841424436944575e-09,4.999919747116591e-05,-7.882891333690155e-11,9.999840469669005e-05,-2.262303359766512e-10
2,24173.1548080407,0.0,1.553545831212624e-05,0.006586200343258799,1.595345523179859e-05,2.35125141235398e-06,0.0,0.0,1.0,0.0,0.0,0.0,4.999919745023467e-05,-8.456629881675203e-11,-9.999840465447682e-05,2.35125141235398e-10,-9.999840422052646e-05,-6.348721599359731e-09,-4.179969196723489e-13,6.583849091846445e-09,4.999919745023467e-05,-8.456629881675203e-11,9.999840465447682e-05,-2.35125141235398e-10
2,25118.86431509545,0.0,1.55679426921908e-05,0.006338414959321197,1.59539110436987e-05,2.443662531014165e-06,0.0,0.0,1.0,0.0,0.0,0.0,4.999919742760682e-05,-9.042823630695581e-11,-9.999840460889564e-05,2.443662531014166e-10,-9.999840420697338e-05,-6.091602600021062e-09,-3.859683515078973e-13,6.335971296790182e-09,4.999919742760682e-05,-9.042823630695581e-11,9.999840460889564e-05,-2.443662531014166e-10
2,26101.572156825,0.0,1.559809712594044e-05,0.00609996561792487,1.595440322173506e-05,2.539672810962153e-06,0.0,0.0,1.0,0.0,0.0,0.0,4.999919740314901e-05,-9.642335929557488e-11,-9.999840455967783e-05,2.539672810962152e-10,-9.999840418741733e-05,-5.843456124344199e-09,-3.563060957946203e-13,6.097425945113907e-09,4.999919740314901e-05,-9.642335929557488e-11,9.999840455967783e-05,-2.539672810962152e-10
2,27122.7257933199,0.0,1.562609934018665e-05,0.005870501099836069,1.595493466663628e-05,2.639423646296501e-06,0.0,0.0,1.0,0.0,0.0,0.0,4.999919737671704e-05,-1.025604966954634e-10,-9.999840450653334e-05,2.639423646296501e-10,-9.999840416174307e-05,-5.603916672132661e-09,-3.288353264496234e-13,5.867861676189773e-09,4.999919737671704e-05,-1.025604966954634e-10,9.999840450653334e-05,-2.639423646296501e-10
2,28183.82931264413,0.0,1.565211437677473e-05,0.005649683419832658,1.595550851054652e-05,2.743061937966407e-06,0.0,0.0,1.0,0.0,0.0,0.0,4.999919734815516e-05,-1.08848686993002e-10,-9.999840444914895e-05,2.743061937966407e-10,-9.99984041297993e-05,-5.372631421032546e-09,-3.033941337717894e-13,5.646940357894691e-09,4.999919734815516e-05,-1.08848686993002e-10,9.999840444914895e-05,-2.743061937966407e-10
2,29286.44564625194,0.0,1.567629556532131e-05,0.005437187328875517,1.595612813548286e-05,2.850740309813877e-06,0.0,0.0,1.0,0.0,0.0,0.0,4.999919731729508e-05,-1.152971910957857e-10,-9.999840438718646e-05,2.850740309813877e-10,-9.999840409139778e-05,-5.149259706847568e-09,-2.798325701615474e-13,5.434336588565703e-09,4.999919731729508e-05,-1.152971910957857e-10,9.999840438718646e-05,-2.850740309813877e-10
2,30432.19887107678,0.0,1.569878542691919e-05,0.005232699835039364,1.59567971932648e-05,2.962617333004735e-06,0.0,0.0,1.0,0.0,0.0,0.0,4.999919728395488e-05,-1.21915505180307e-10,-9.999840432028068e-05,2.962617333004735e-10,-9.999840404631216e-05,-4.93347252178886e-09,-2.580117663456085e-13,5.229737217706359e-09,4.999919728395488e-05,-1.21915505180307e-10,9.999840432028068e-05,-2.962617333004735e-10
2,31622.77660168334,0.0,1.571971651413357e-05,0.00503591974249738,1.595751962703346e-05,3.078857759174101e-06,0.0,0.0,1.0,0.0,0.0,0.0,4.999919724793801e-05,-1.287133761417209e-10,-9.999840424803731e-05,3.078857759174101e-10,-9.999840399427669e-05,-4.724952029969886e-09,-2.378031128998844e-13,5.032840884738207e-09,4.999919724793801e-05,-1.287133761417209e-10,9.999840424803731e-05,-3.078857759174101e-10
2,32859.93247600607,0.0,1.573921219225182e-05,0.004846557207880581,1.595829969448696e-05,3.199632762624154e-06,0.0,0.0,1.0,0.0,0.0,0.0,4.999919720903232e-05,-1.357008146583594e-10,-9.999840417003056e-05,3.199632762624155e-10,-9.999840393498472e-05,-4.523391099217512e-09,-2.190875022351388e-13,4.843357575117957e-09,4.999919720903232e-05,-1.357008146583594e-10,9.999840417003056e-05,-3.199632762624155e-10
2,34145.48873833552,0.0,1.57573873663732e-05,0.004664333313358457,1.595914199296903e-05,3.325120191924722e-06,0.0,0.0,1.0,0.0,0.0,0.0,4.999919716700846e-05,-1.428881105059616e-10,-9.999840408580071e-05,3.325120191924722e-10,-9.999840386808695e-05,-4.328492848856799e-09,-2.01754626595824e-13,4.661008193166532e-09,4.999919716700846e-05,-1.428881105059616e-10,9.999840408580071e-05,-3.325120191924722e-10
2,35481.33892335703,0.0,1.577434915864693e-05,0.004488979655812095,1.596005148655836e-05,3.45550483128024e-06,0.0,0.0,1.0,0.0,0.0,0.0,4.999919712161875e-05,-1.502858475466382e-10,-9.999840399485135e-05,3.45550483128024e-10,-9.999840379318895e-05,-4.139970212346879e-09,-1.857023279114373e-13,4.485524150980815e-09,4.999919712161875e-05,-1.502858475466382e-10,9.999840399485135e-05,-3.45550483128024e-10
2,36869.45064519521,0.0,1.579019753962446e-05,0.004320237951494652,1.596103353531851e-05,3.590978672040306e-06,0.0,0.0,1.0,0.0,0.0,0.0,4.99991970725957e-05,-1.579049193412469e-10,-9.999840389664648e-05,3.590978672040306e-10,-9.999840370984942e-05,-3.957545514642159e-09,-1.708359956940507e-13,4.316646972822612e-09,4.99991970725957e-05,-1.579049193412469e-10,9.999840389664648e-05,-3.590978672040306e-10
2,38311.86849557231,0.0,1.580502591746985e-05,0.004157859655596831,1.59620939268802e-05,3.731741194744819e-06,0.0,0.0,1.0,0.0,0.0,0.0,4.999919701965042e-05,-1.657565451954434e-10,-9.999840379060731e-05,3.731741194744819e-10,-9.99984036175772e-05,-3.78095006318241e-09,-1.570680094103578e-13,4.154127914402085e-09,4.999919701965042e-05,-1.657565451954434e-10,9.999840379060731e-05,-3.731741194744819e-10
2,39810.71705534914,0.0,1.581892168848262e-05,0.004001605596157041,1.596323891054221e-05,3.877999662109356e-06,0.0,0.0,1.0,0.0,0.0,0.0,4.999919696247085e-05,-1.738522862870425e-10,-9.999840367610895e-05,3.877999662109356e-10,-9.99984035158285e-05,-3.609923752296558e-09,-1.443172220595918e-13,3.997727596494932e-09,4.999919696247085e-05,-1.738522862870425e-10,9.999840367610895e-05,-3.877999662109356e-10
2,41368.20402388446,0.0,1.583196675219516e-05,0.003851245621776982,1.596447523409145e-05,4.029969423371181e-06,0.0,0.0,1.0,0.0,0.0,0.0,4.999919690072003e-05,-1.82204063338361e-10,-9.999840355247659e-05,4.029969423371181e-10,-9.999840340400364e-05,-3.444214680040334e-09,-1.325084818962893e-13,3.847215652353611e-09,4.999919690072003e-05,-1.82204063338361e-10,9.999840355247659e-05,-4.029969423371181e-10
2,42986.62347082213,0.0,1.58442379940562e-05,0.003706558262623765,1.596581018355906e-05,4.187874230431807e-06,0.0,0.0,1.0,0.0,0.0,0.0,4.999919683403403e-05,-1.908241732043533e-10,-9.999840341898165e-05,4.187874230431808e-10,-9.999840328144367e-05,-3.283578777484377e-09,-1.215721895028585e-13,3.702370388393333e-09,4.999919683403403e-05,-1.908241732043533e-10,9.999840341898165e-05,-4.187874230431808e-10
2,44668.35921509565,0.0,1.585580773857833e-05,0.003567330404219218,1.596725162614634e-05,4.351946566247706e-06,0.0,0.0,1.0,0.0,0.0,0.0,4.999919676201987e-05,-1.997253080086151e-10,-9.999840327483739e-05,4.351946566247706e-10,-9.999840314742625e-05,-3.127779449074509e-09,-1.114438875680084e-13,3.56297845765297e-09,4.999919676201987e-05,-1.997253080086151e-10,9.999840327483739e-05,-4.351946566247706e-10
2,46415.88833612709,0.0,1.586674417558118e-05,0.003433356973535916,1.596880805657324e-05,4.522427985937336e-06,0.0,0.0,1.0,0.0,0.0,0.0,4.999919668425311e-05,-2.089205727614984e-10,-9.999840311919434e-05,4.522427985937337e-10,-9.999840300116162e-05,-2.976587224528538e-09,-1.020638809920557e-13,3.428834545549979e-09,4.999919668425311e-05,-2.089205727614984e-10,9.999840311919436e-05,-4.522427985937337e-10
2,48231.78482239234,0.0,1.5877111762079e-05,0.003304440636937515,1.597048864712208e-05,4.699569471089241e-06,0.0,0.0,1.0,0.0,0.0,0.0,4.999919660027554e-05,-2.184235051466241e-10,-9.99984029511353e-05,4.699569471089242e-10,-9.999840284178794e-05,-2.829779420789096e-09,-9.337688504307896e-14,3.299741067466425e-09,4.999919660027554e-05,-2.184235051466241e-10,9.99984029511353e-05,-4.699569471089242e-10
2,50118.72336272647,0.0,1.588697160215168e-05,0.003180391509518465,1.597230330167083e-05,4.883631797773446e-06,0.0,0.0,1.0,0.0,0.0,0.0,4.999919650959222e-05,-2.282480952802822e-10,-9.999840276966984e-05,4.883631797773446e-10,-9.999840266836586e-05,-2.68713981431407e-09,-8.533169951914284e-14,3.175507877720692e-09,4.999919650959222e-05,-2.282480952802822e-10,9.999840276966984e-05,-4.883631797773446e-10
2,52079.48328595385,0.0,1.589638180705571e-05,0.003061026875415019,1.597426271403391e-05,5.074885918776087e-06,0.0,0.0,1.0,0.0,0.0,0.0,4.999919641166874e-05,-2.384088062839773e-10,-9.99984025737286e-05,5.074885918776088e-10,-9.999840247987342e-05,-2.548458322732848e-09,-7.788090697820077e-14,3.055951989496242e-09,4.999919641166874e-05,-2.384088062839773e-10,9.99984025737286e-05,-5.074885918776088e-10
2,54116.95265464555,0.0,1.590539783768781e-05,0.002946170918675457,1.597637843095351e-05,5.273613360595479e-06,0.0,0.0,1.0,0.0,0.0,0.0,4.999919630592805e-05,-2.489205951551218e-10,-9.999840236215691e-05,5.273613360595479e-10,-9.999840227519993e-05,-2.413530695644565e-09,-7.098059326569988e-14,2.940897305314861e-09,4.999919630592805e-05,-2.489205951551218e-10,9.999840236215691e-05,-5.273613360595479e-10
2,56234.13251903405,0.0,1.591407283142343e-05,0.002835654464293158,1.597866292011189e-05,5.480106635756515e-06,0.0,0.0,1.0,0.0,0.0,0.0,4.999919619174704e-05,-2.597989351556043e-10,-9.999840213370799e-05,5.480106635756515e-10,-9.999840205313922e-05,-2.282158213977624e-09,-6.459008868846142e-14,2.830174357657401e-09,4.999919619174704e-05,-2.597989351556043e-10,9.999840213370799e-05,-5.480106635756515e-10
2,58434.14133735087,0.0,1.592245791525155e-05,0.002729314729021033,1.598112964356443e-05,5.69466967101951e-06,0.0,0.0,1.0,0.0,0.0,0.0,4.99991960684529e-05,-2.710598382003511e-10,-9.999840188703565e-05,5.694669671019511e-10,-9.999840181238279e-05,-2.154147397584747e-09,-5.867172831288116e-14,2.723620059350013e-09,4.99991960684529e-05,-2.710598382003511e-10,9.999840188703565e-05,-5.694669671019511e-10
2,60720.21956909792,0.0,1.593060250705383e-05,0.002626995081600227,1.598379313702506e-05,5.917618252079166e-06,0.0,0.0,1.0,0.0,0.0,0.0,4.999919593531902e-05,-2.827198781674497e-10,-9.99984016206863e-05,5.917618252079166e-10,-9.999840155151189e-05,-2.02930972053263e-09,-5.319062997123462e-14,2.621077463348147e-09,4.999919593531902e-05,-2.827198781674497e-10,9.999840162068629e-05,-5.917618252079166e-10
2,63095.73444801835,0.0,1.593855460680029e-05,0.002528544812049921,1.598666909547021e-05,6.149280485369408e-06,0.0,0.0,1.0,0.0,0.0,0.0,4.999919579156092e-05,-2.947962154822026e-10,-9.999840133309046e-05,6.149280485369408e-10,-9.999840126898928e-05,-1.907461333743877e-09,-4.811448866992815e-14,2.522395531564551e-09,4.999919579156092e-05,-2.947962154822026e-10,9.999840133309046e-05,-6.149280485369408e-10
2,65564.18494179688,0.0,1.594636107937463e-05,0.002433818909678353,1.598977446556386e-05,6.389997277610158e-06,0.0,0.0,1.0,0.0,0.0,0.0,4.999919563633153e-05,-3.073066219451173e-10,-9.999840102255345e-05,6.389997277610157e-10,-9.99984009631503e-05,-1.788422794645305e-09,-4.341338618922837e-14,2.427428912400743e-09,4.999919563633153e-05,-3.073066219451173e-10,9.999840102255345e-05,-6.389997277610157e-10
2,68129.20690579507,0.0,1.595406793070126e-05,0.002342677849488021,1.59931275454467e-05,6.640122833752893e-06,0.0,0.0,1.0,0.0,0.0,0.0,4.999919546871613e-05,-3.202695068744821e-10,-9.999840068724545e-05,6.640122833752894e-10,-9.99984006321927e-05,-1.67201880315849e-09,-3.90596147454394e-14,2.336037726654268e-09,4.999919546871613e-05,-3.202695068744821e-10,9.999840068724547e-05,-6.640122833752894e-10
2,70794.57843841269,0.0,1.596172057878875e-05,0.002254987386660435,1.599674809247562e-05,6.900025174003082e-06,0.0,0.0,1.0,0.0,0.0,0.0,4.999919528772714e-05,-3.33703943696166e-10,-9.999840032519076e-05,6.900025174003082e-10,-9.999840027416651e-05,-1.558077944067186e-09,-3.502751368686732e-14,2.248087361486432e-09,4.999919528772714e-05,-3.33703943696166e-10,9.999840032519075e-05,-6.900025174003082e-10
2,73564.22544596299,0.0,1.596936412129435e-05,0.00217061835881761,1.600065743954553e-05,7.170086670618545e-06,0.0,0.0,1.0,0.0,0.0,0.0,4.999919509229806e-05,-3.476296982952369e-10,-9.999839993425606e-05,7.170086670618545e-10,-9.999839988696206e-05,-1.446432434996678e-09,-3.129331825117463e-14,2.163448272146991e-09,4.999919509229806e-05,-3.476296982952369e-10,9.999839993425606e-05,-7.170086670618545e-10
2,76442.22742525882,0.0,1.597704360117634e-05,0.002089446495769018,1.600487862067649e-05,7.450704605204811e-06,0.0,0.0,1.0,0.0,0.0,0.0,4.999919488127747e-05,-3.620672571778345e-10,-9.999839951213793e-05,7.450704605204811e-10,-9.999839946829803e-05,-1.336917879948278e-09,-2.783501950015098e-14,2.081995791163813e-09,4.999919488127747e-05,-3.620672571778345e-10,9.999839951213794e-05,-7.450704605204811e-10
2,79432.8234724269,0.0,1.598480427200378e-05,0.002011352236463639,1.600943650660274e-05,7.742291747249744e-06,0.0,0.0,1.0,0.0,0.0,0.0,4.999919465342207e-05,-3.770378578963044e-10,-9.999839905634934e-05,7.742291747249745e-10,-9.999839901570768e-05,-1.229373027704842e-09,-2.463223459896196e-14,2.003609944716389e-09,4.999919465342207e-05,-3.770378578963044e-10,9.999839905634934e-05,-7.742291747249745e-10
2,82540.41852680054,0.0,1.599269186447413e-05,0.001936220552877458,1.601435795115872e-05,8.045276954661817e-06,0.0,0.0,1.0,0.0,0.0,0.0,4.999919440738933e-05,-3.925635195827419e-10,-9.999839856420489e-05,8.045276954661818e-10,-9.999839852652446e-05,-1.123639535186428e-09,-2.166608668458997e-14,1.928175275922796e-09,4.999919440738933e-05,-3.925635195827419e-10,9.999839856420489e-05,-8.045276954661818e-10
2,85769.58985908805,0.0,1.600075285571468e-05,0.001863940780576872,1.601967194932027e-05,8.36010579709794e-06,0.0,0.0,1.0,0.0,0.0,0.0,4.999919414172979e-05,-4.086670751630368e-10,-9.999839803280507e-05,8.36010579709794e-10,-9.99983979978663e-05,-1.019561734956385e-09,-1.89190936055833e-14,1.855580674779774e-09,4.999919414172979e-05,-4.086670751630368e-10,9.999839803280508e-05,-8.36010579709794e-10
2,89125.09381337314,0.0,1.600903474294078e-05,0.001794406455708351,1.602540980782685e-05,8.68724120288827e-06,0.0,0.0,1.0,0.0,0.0,0.0,4.999919385487836e-05,-4.253722043840592e-10,-9.999839745901922e-05,8.68724120288827e-10,-9.999839742661873e-05,-9.169864069689224e-10,-1.637506488607834e-14,1.785719214505463e-09,4.999919385487836e-05,-4.253722043840592e-10,9.999839745901922e-05,-8.68724120288827e-10
2,92611.87281287787,0.0,1.601758632308514e-05,0.001727515158174105,1.603160532938425e-05,9.02716413038684e-06,0.0,0.0,1.0,0.0,0.0,0.0,4.999919354514512e-05,-4.427034682909522e-10,-9.999839683946706e-05,9.027164130386841e-10,-9.999839680941648e-05,-8.157625538441497e-10,-1.401900629910503e-14,1.718487994043718e-09,4.999919354514512e-05,-4.427034682909522e-10,9.999839683946706e-05,-9.027164130386841e-10
2,96235.06263980732,0.0,1.602645798003273e-05,0.001663168360762646,1.603829501152565e-05,9.380374264597592e-06,0.0,0.0,1.0,0.0,0.0,0.0,4.999919321070544e-05,-4.606863447615107e-10,-9.999839617049885e-05,9.380374264597591e-10,-9.999839614262352e-05,-7.157411796708547e-10,-1.183703149291876e-14,1.653787986498048e-09,4.999919321070544e-05,-4.606863447615107e-10,9.999839617049886e-05,-9.380374264597591e-10
2,99999.9999999984,0.0,1.603570198114818e-05,0.001601271284011864,1.604551826129484e-05,9.747390739945794e-06,0.0,0.0,1.0,0.0,0.0,0.0,4.999919284958926e-05,-4.793472653686929e-10,-9.999839544817388e-05,9.747390739945795e-10,-9.999839542231207e-05,-6.167750718866523e-10,-9.816280146662136e-15,1.591523893271918e-09,4.999919284958926e-05,-4.793472653686929e-10,9.999839544817388e-05,-9.747390739945795e-10
2,103912.2303835152,0.0,1.604537278483337e-05,0.001541732756590652,1.605331762700643e-05,1.012875289008411e-05,0.0,0.0,1.0,0.0,0.0,0.0,4.999919245966944e-05,-4.987136535306104e-10,-9.99983946682373e-05,1.012875289008411e-09,-9.999839464423915e-05,-5.187185859320531e-10,-7.94484217305581e-15,1.531604003700568e-09,4.999919245966944e-05,-4.987136535306104e-10,9.99983946682373e-05,-1.012875289008411e-09
2,107977.5162327692,0.0,1.605552736091572e-05,0.001484465080993255,1.606173904843735e-05,1.052502102564136e-05,0.0,0.0,1.0,0.0,0.0,0.0,4.999919203864921e-05,-5.188139640699648e-10,-9.999839382609516e-05,1.052502102564136e-09,-9.999839380382173e-05,-4.214274323934263e-10,-6.21168752162722e-15,1.473940059967614e-09,4.999919203864921e-05,-5.188139640699648e-10,9.999839382609516e-05,-1.052502102564136e-09
2,112201.8454301945,0.0,1.606622552574309e-05,0.001429383904348289,1.607083212691064e-05,1.093677724083905e-05,0.0,0.0,1.0,0.0,0.0,0.0,4.999919158404888e-05,-5.39677724399776e-10,-9.999839291678731e-05,1.093677724083905e-09,-9.999839289610991e-05,-3.247584662585731e-10,-4.606601167549514e-15,1.41844712710745e-09,4.999919158404888e-05,-5.39677724399776e-10,9.999839291678731e-05,-1.093677724083905e-09
2,116591.4401179813,0.0,1.607753029393976e-05,0.001376408094151889,1.608065041684698e-05,1.136462624991644e-05,0.0,0.0,1.0,0.0,0.0,0.0,4.999919109319101e-05,-5.613355766577692e-10,-9.999839193495832e-05,1.136462624991644e-09,-9.999839191575754e-05,-2.285694782897223e-10,-3.120122907216289e-15,1.365043467901973e-09,4.999919109319101e-05,-5.613355766577692e-10,9.999839193495832e-05,-1.136462624991644e-09
2,121152.7658628569,0.0,1.608950824888411e-05,0.001325459618741689,1.609125174048392e-05,1.180919625431897e-05,0.0,0.0,1.0,0.0,0.0,0.0,4.999919056318481e-05,-5.838193218194186e-10,-9.999839087482596e-05,1.180919625431897e-09,-9.999839085699118e-05,-1.327189878443116e-10,-1.743491599810948e-15,1.31365042248737e-09,4.999919056318481e-05,-5.838193218194186e-10,9.999839087482596e-05,-1.180919625431897e-09
2,125892.5411794147,0.0,1.610222993406479e-05,0.001276463432335251,1.610269852759589e-05,1.227113984161612e-05,0.0,0.0,1.0,0.0,0.0,0.0,4.999918999090919e-05,-6.071619652339886e-10,-9.999838973014724e-05,1.227113984161613e-09,-9.999838971357597e-05,-3.706603719928488e-11,-4.685935311041981e-16,1.264192292493635e-09,4.999918999090919e-05,-6.071619652339886e-10,9.999838973014724e-05,-1.227113984161613e-09
2,130817.7474260173,0.0,1.611577026760184e-05,0.001229347364463272,1.611505818219162e-05,1.275113491712395e-05,0.0,0.0,1.0,0.0,0.0,0.0,4.999918937299426e-05,-6.313977637733098e-10,-9.999838849418178e-05,1.275113491712395e-09,-9.999838847877881e-05,5.853001328748413e-11,7.120854102158898e-16,1.216596229546148e-09,4.999918937299426e-05,-6.313977637733098e-10,9.999838849418178e-05,-1.275113491712395e-09
2,135935.6390878503,0.0,1.613020898233861e-05,0.001184042013634327,1.6128403478321e-05,1.324988566921325e-05,0.0,0.0,1.0,0.0,0.0,0.0,4.999918870580178e-05,-6.565622745119744e-10,-9.999838715965217e-05,1.324988566921326e-09,-9.999838714532926e-05,1.542096888355113e-10,1.80550401760154e-15,1.170792127965113e-09,4.999918870580178e-05,-6.565622745119744e-10,9.999838715965217e-05,-1.324988566921326e-09
2,141253.7544622731,0.0,1.614563109407109e-05,0.001140480645074075,1.614281298728936e-05,1.376812356928618e-05,0.0,0.0,1.0,0.0,0.0,0.0,4.999918798540358e-05,-6.826924053523007e-10,-9.999838571870127e-05,1.376812356928618e-09,-9.999838570537656e-05,2.501136035501144e-10,2.818106781732246e-15,1.126712521504789e-09,4.999918798540358e-05,-6.826924053523007e-10,9.999838571870127e-05,-1.376812356928618e-09
2,146779.9267622045,0.0,1.616212740063088e-05,0.001098599092387812,1.615837153875698e-05,1.430660840740219e-05,0.0,0.0,1.0,0.0,0.0,0.0,4.999918720755863e-05,-7.098264672552556e-10,-9.999838416284613e-05,1.430660840740219e-09,-9.999838415044363e-05,3.463826633784763e-10,3.755861873901411e-15,1.08429248398041e-09,4.999918720755863e-05,-7.098264672552556e-10,9.999838416284612e-05,-1.430660840740219e-09
2,152522.2956538993,0.0,1.617979501471617e-05,0.001058335663000985,1.617517071839471e-05,1.486612936452681e-05,0.0,0.0,1.0,0.0,0.0,0.0,4.999918636768813e-05,-7.38004228375488e-10,-9.999838248292817e-05,1.486612936452681e-09,-9.999838247137732e-05,4.431582689363647e-10,4.624296321458285e-15,1.043469533636459e-09,4.999918636768813e-05,-7.38004228375488e-10,9.999838248292817e-05,-1.486612936452681e-09
2,158489.3192461087,0.0,1.619873793355845e-05,0.001019631047237759,1.619330940497393e-05,1.544750612236338e-05,0.0,0.0,1.0,0.0,0.0,0.0,4.999918546084869e-05,-7.672669699039618e-10,-9.999838066905951e-05,1.544750612236338e-09,-9.999838065829473e-05,5.405825186159254e-10,5.428528584515543e-15,1.004183541115396e-09,4.999918546084869e-05,-7.672669699039618e-10,9.999838066905951e-05,-1.544750612236338e-09
2,164689.7865482841,0.0,1.62190676487151e-05,0.0009824282309030283,1.621289434999287e-05,1.60515900117088e-05,0.0,0.0,1.0,0.0,0.0,0.0,4.999918448170326e-05,-7.976575440112119e-10,-9.999837871056501e-05,1.60515900117088e-09,-9.999837870052542e-05,6.387984118571004e-10,6.173298722231491e-15,9.663766408913194e-10,4.999918448170326e-05,-7.976575440112119e-10,9.999837871056501e-05,-1.60515900117088e-09
2,171132.8304161752,0.0,1.624090379951235e-05,0.00094667241123833,1.623404080318106e-05,1.667926520024613e-05,0.0,0.0,1.0,0.0,0.0,0.0,4.999918342448998e-05,-8.292204336472762e-10,-9.999837659591969e-05,1.667926520024613e-09,-9.999837658654865e-05,7.379500532581277e-10,6.862996331290585e-15,9.299931460380839e-10,4.999918342448998e-05,-8.292204336472762e-10,9.999837659591968e-05,-1.667926520024613e-09
2,177827.9410038893,0.0,1.626437487389892e-05,0.0009123109161269951,1.625687318748216e-05,1.733144992065129e-05,0.0,0.0,1.0,0.0,0.0,0.0,4.999918228298831e-05,-8.62001814306724e-10,-9.999837431268126e-05,1.733144992065129e-09,-9.999837430392607e-05,8.381828573042493e-10,7.501686416756206e-15,8.949794662063437e-10,4.999918228298831e-05,-8.62001814306724e-10,9.999837431268125e-05,-1.733144992065129e-09
2,184784.979742226,0.0,1.628961896074473e-05,0.0008792931264285571,1.628152582739244e-05,1.800909773984433e-05,0.0,0.0,1.0,0.0,0.0,0.0,4.999918105048276e-05,-8.960496179281873e-10,-9.999837184741727e-05,1.800909773984433e-09,-9.999837183922886e-05,9.396437543823003e-10,8.093133352288147e-15,8.612840286887128e-10,4.999918105048276e-05,-8.960496179281873e-10,9.999837184741727e-05,-1.800909773984433e-09
2,192014.1938638769,0.0,1.631678455789614e-05,0.0008475704013269253,1.63081437348301e-05,1.871319887015794e-05,0.0,0.0,1.0,0.0,0.0,0.0,4.999917971972346e-05,-9.314135988335255e-10,-9.999836918562653e-05,1.871319887015794e-09,-9.999836917795921e-05,1.042481397759216e-09,8.640823066046307e-15,8.288572024567674e-10,4.999917971972346e-05,-9.314135988335255e-10,9.999836918562651e-05,-1.871319887015794e-09
2,199526.2314968846,0.0,1.63460314406164e-05,0.0008170960065811293,1.633688345703012e-05,1.944478152312509e-05,0.0,0.0,1.0,0.0,0.0,0.0,4.999917828288383e-05,-9.681454016862962e-10,-9.99983663116543e-05,1.94447815231251e-09,-9.999836630446541e-05,1.146846372035579e-09,9.147983586274424e-15,7.976512250580042e-10,4.999917828288383e-05,-9.681454016862962e-10,9.99983663116543e-05,-1.94447815231251e-09
2,207332.157348592,0.0,1.637753159537058e-05,0.0007878250455715886,1.636791399130264e-05,2.020491330650146e-05,0.0,0.0,1.0,0.0,0.0,0.0,4.999917673151489e-05,-1.006298631849002e-09,-9.999836320860088e-05,2.020491330650146e-09,-9.999836320185054e-05,1.252891403303325e-09,9.617604067940294e-15,7.676201322650871e-10,4.999917673151489e-05,-1.006298631849002e-09,9.999836320860088e-05,-2.020491330650146e-09
2,215443.4690031847,0.0,1.641147022426961e-05,0.0007597143930387825,1.640141777185976e-05,2.099470266503562e-05,0.0,0.0,1.0,0.0,0.0,0.0,4.999917505649584e-05,-1.045928927556352e-09,-9.999835985822282e-05,2.099470266503562e-09,-9.999835985187386e-05,1.360771570831298e-09,1.005245240984876e-14,7.387196903737468e-10,4.999917505649584e-05,-1.045928927556352e-09,9.999835985822282e-05,-2.099470266503562e-09
2,223872.1138568301,0.0,1.644804682587981e-05,0.0007327226314150024,1.643759173431066e-05,2.181530036537762e-05,0.0,0.0,1.0,0.0,0.0,0.0,4.999917324798093e-05,-1.087094034677037e-09,-9.999835624082658e-05,2.181530036537763e-09,-9.999835623484405e-05,1.470644520793606e-09,1.045509156915361e-14,7.109073310496248e-10,4.999917324798093e-05,-1.087094034677037e-09,9.999835624082658e-05,-2.181530036537763e-09
2,232630.5067153586,0.0,1.648747635851281e-05,0.0007068099896534634,1.647664846384609e-05,2.266790102537295e-05,0.0,0.0,1.0,0.0,0.0,0.0,4.999917129534195e-05,-1.129853883318624e-09,-9.999835233515362e-05,2.266790102537295e-09,-9.999835232950487e-05,1.582670681817986e-09,1.082789466671968e-14,6.841420886280904e-10,4.999917129534195e-05,-1.129853883318624e-09,9.999835233515362e-05,-2.266790102537295e-09
2,241731.5480804062,0.0,1.652999049256001e-05,0.0006819382844624979,1.651881743358519e-05,2.355374468781998e-05,0.0,0.0,1.0,0.0,0.0,0.0,4.99991691871064e-05,-1.17427066693287e-09,-9.999834811825665e-05,2.355374468781998e-09,-9.999834811291088e-05,1.69701348277865e-09,1.117305897482511e-14,6.58384539774678e-10,4.99991691871064e-05,-1.17427066693287e-09,9.999834811825665e-05,-2.355374468781998e-09
2,251188.6431509537,0.0,1.657583895890751e-05,0.000658070863855843,1.656434634004041e-05,2.447411843857296e-05,0.0,0.0,1.0,0.0,0.0,0.0,4.99991669108907e-05,-1.220408923372579e-09,-9.9998343565366e-05,2.447411843857296e-09,-9.999834356029424e-05,1.813839572555208e-09,1.149261886710247e-14,6.335967454172701e-10,4.99991669108907e-05,-1.220408923372579e-09,9.9998343565366e-05,-2.447411843857296e-09
2,261015.7215682491,0.0,1.662529100098273e-05,0.0006351725529331396,1.661350254317198e-05,2.54303580686444e-05,0.0,0.0,1.0,0.0,0.0,0.0,4.999916445332825e-05,-1.268335618482755e-09,-9.999833864974568e-05,2.54303580686444e-09,-9.999833864492063e-05,1.93331904235861e-09,1.178845781075324e-14,6.097421948644952e-10,4.999916445332825e-05,-1.268335618482755e-09,9.99983386497457e-05,-2.54303580686444e-09
2,271227.2579331981,0.0,1.667863693852001e-05,0.0006132096018077291,1.666657461905391e-05,2.642384977969783e-05,0.0,0.0,1.0,0.0,0.0,0.0,4.999916179999164e-05,-1.318120231351928e-09,-9.99983333425381e-05,2.642384977969783e-09,-9.999833333793386e-05,2.055625649788971e-09,1.206231946609815e-14,5.867857520280313e-10,4.999916179999164e-05,-1.318120231351928e-09,9.99983333425381e-05,-2.642384977969783e-09
2,281838.2931264404,0.0,1.673618985172589e-05,0.0005921496356016219,1.672387403376079e-05,2.745603193201876e-05,0.0,0.0,1.0,0.0,0.0,0.0,4.999915893530917e-05,-1.36983484223668e-09,-9.999832761259662e-05,2.745603193201876e-09,-9.999832760818857e-05,2.180937045565734e-09,1.231581796510168e-14,5.646936036696031e-10,4.999915893530917e-05,-1.36983484223668e-09,9.999832761259664e-05,-2.745603193201876e-09
2,292864.4564625185,0.0,1.679828739513424e-05,0.0005719616064301527,1.678573694770937e-05,2.852839683370351e-05,0.0,0.0,1.0,0.0,0.0,0.0,4.99991558424745e-05,-1.423554222051482e-09,-9.999832142630524e-05,2.852839683370351e-09,-9.999832142206995e-05,2.309435002169372e-09,1.255044742487344e-14,5.434332095964492e-10,4.99991558424745e-05,-1.423554222051482e-09,9.999832142630524e-05,-2.852839683370351e-09
2,304321.9887107668,0.0,1.686529375110879e-05,0.0005526157473012998,1.685252616035406e-05,2.964249256940747e-05,0.0,0.0,1.0,0.0,0.0,0.0,4.999915250334947e-05,-1.479355924165819e-09,-9.999831474738397e-05,2.964249256940747e-09,-9.999831474329904e-05,2.44130564470207e-09,1.276759075473057e-14,5.229732547318924e-10,4.999915250334947e-05,-1.479355924165819e-09,9.999831474738397e-05,-2.964249256940747e-09
2,316227.7660168324,0.0,1.693760173364897e-05,0.0005340835278569638,1.692463320584171e-05,3.079992486653952e-05,0.0,0.0,1.0,0.0,0.0,0.0,4.999914889835939e-05,-1.537320377864872e-09,-9.999830753667942e-05,3.079992486653952e-09,-9.999830753272333e-05,2.576739683572412e-09,1.29685278072567e-14,5.032836029904242e-10,4.999914889835939e-05,-1.537320377864872e-09,9.999830753667943e-05,-3.079992486653952e-09
2,328599.3247600597,0.0,1.701563505390267e-05,0.0005163376118856321,1.700248061097975e-05,3.200235899627043e-05,0.0,0.0,1.0,0.0,0.0,0.0,4.999914500637996e-05,-1.597530983660104e-09,-9.99982997519389e-05,3.200235899627043e-09,-9.999829974809089e-05,2.715932649085375e-09,1.315444292291932e-14,4.843352528893617e-10,4.999914500637996e-05,-1.597530983660104e-09,9.99982997519389e-05,-3.200235899627043e-09
2,341454.8873833541,0.0,1.709985075957532e-05,0.0004993518165378276,1.708652432766449e-05,3.325152170613422e-05,0.0,0.0,1.0,0.0,0.0,0.0,4.999914080461593e-05,-1.660074210100774e-09,-9.999829134756723e-05,3.325152170613422e-09,-9.999829134380717e-05,2.859085127319804e-09,1.332643191083083e-14,4.661002948316933e-10,4.999914080461593e-05,-1.660074210100774e-09,9.999829134756725e-05,-3.325152170613422e-09
2,354813.3892335691,0.0,1.71907418612626e-05,0.0004831010731775332,1.717725635275426e-05,3.454920318033157e-05,0.0,0.0,1.0,0.0,0.0,0.0,4.99991362684699e-05,-1.725039691947456e-09,-9.999828227436473e-05,3.454920318033157e-09,-9.999828227067295e-05,3.006402997246044e-09,1.348550850833359e-14,4.485518699972016e-10,4.99991362684699e-05,-1.725039691947456e-09,9.999828227436473e-05,-3.454920318033157e-09
2,368694.506451951,0.0,1.728884015961251e-05,0.0004675613898043915,1.727520754925475e-05,3.589725902308676e-05,0.0,0.0,1.0,0.0,0.0,0.0,4.999913137140145e-05,-1.792520329616113e-09,-9.999827247924507e-05,3.589725902308676e-09,-9.99982724756025e-05,3.158097668761957e-09,1.363261035775589e-14,4.316641307813048e-10,4.999913137140145e-05,-1.792520329616113e-09,9.999827247924509e-05,-3.589725902308676e-09
2,383118.6849557219,0.0,1.739471928814624e-05,0.0004527098149828999,1.738095068361214e-05,3.729761225955096e-05,0.0,0.0,1.0,0.0,0.0,0.0,4.999912608477504e-05,-1.86261238935737e-09,-9.999826190493165e-05,3.729761225955096e-09,-9.999826190131932e-05,3.314386320840375e-09,1.376860453409812e-14,4.154122027233489e-10,4.999912608477504e-05,-1.86261238935737e-09,9.999826190493165e-05,-3.729761225955096e-09
2,398107.1705534901,0.0,1.750899798754046e-05,0.0004385244032160549,1.749510369488413e-05,3.875225534777713e-05,0.0,0.0,1.0,0.0,0.0,0.0,4.999912037769686e-05,-1.93541560398128e-09,-9.999825048963052e-05,3.875225534777713e-09,-9.99982504860297e-05,3.475492139166742e-09,1.389429265633113e-14,3.997721478682777e-10,4.999912037769686e-05,-1.93541560398128e-09,9.999825048963052e-05,-3.875225534777713e-09
2,413682.0402388432,0.0,1.763234362819118e-05,0.0004249841817019063,1.761833321257617e-05,4.026325219419719e-05,0.0,0.0,1.0,0.0,0.0,0.0,4.999911421683875e-05,-2.011033273883632e-09,-9.999823816667875e-05,4.026325219419719e-09,-9.999823816307084e-05,3.641644553174433e-09,1.401041561501577e-14,3.847209295077091e-10,4.999911421683875e-05,-2.011033273883632e-09,9.999823816667875e-05,-4.026325219419719e-09
2,429866.2347082199,0.0,1.776547599893142e-05,0.0004120691184122904,1.775135834099066e-05,4.183274016380309e-05,0.0,0.0,1.0,0.0,0.0,0.0,4.999910756624913e-05,-2.089572367645353e-09,-9.99982248641659e-05,4.183274016380309e-09,-9.99982248605322e-05,3.813079470856392e-09,1.411765794075333e-14,3.702363782484874e-10,4.999910756624913e-05,-2.089572367645353e-09,9.99982248641659e-05,-4.183274016380309e-09
2,446683.5921509551,0.0,1.790917138087896e-05,0.0003997600914335794,1.789495472903692e-05,4.346293207484774e-05,0.0,0.0,1.0,0.0,0.0,0.0,4.999910038714947e-05,-2.171143622001728e-09,-9.99982105045271e-05,4.346293207484774e-09,-9.999821050084878e-05,3.99003951105644e-09,1.421665184204917e-14,3.562971593587317e-10,4.999910038714947e-05,-2.171143622001728e-09,9.99982105045271e-05,-4.346293207484774e-09
2,464158.8833612694,0.0,1.806426692651834e-05,0.0003880388595096147,1.80499589455846e-05,4.515611816632789e-05,0.0,0.0,1.0,0.0,0.0,0.0,4.999909263771547e-05,-2.255861640246315e-09,-9.999819500410545e-05,4.515611816632789e-09,-9.999819500036346e-05,4.172774231411823e-09,1.430798093373498e-14,3.428827413432868e-10,4.999909263771547e-05,-2.255861640246315e-09,9.999819500410545e-05,-4.515611816632789e-09
2,482317.8482239218,0.0,1.823166536529018e-05,0.0003768880337270503,1.821727318160916e-05,4.691466802476598e-05,0.0,0.0,1.0,0.0,0.0,0.0,4.99990842728421e-05,-2.343844988812067e-09,-9.999817827268184e-05,4.691466802476598e-09,-9.999817826885676e-05,4.361540351446939e-09,1.439218368102501e-14,3.299733657022842e-10,4.99990842728421e-05,-2.343844988812067e-09,9.999817827268184e-05,-4.691466802476598e-09
2,501187.2336272631,0.0,1.841234005814321e-05,0.0003662910502831328,1.839787030156598e-05,4.874103245485477e-05,0.0,0.0,1.0,0.0,0.0,0.0,4.999907524389103e-05,-2.435216290914972e-09,-9.999816021296984e-05,4.874103245485478e-09,-9.999816020904174e-05,4.556601968696114e-09,1.446975657723137e-14,3.17550017828278e-10,4.999907524389103e-05,-2.435216290914972e-09,9.999816021296984e-05,-4.874103245485478e-09
2,520794.8328595368,0.0,1.860734042470703e-05,0.0003562321442754242,1.859279926763213e-05,5.063774527634202e-05,0.0,0.0,1.0,0.0,0.0,0.0,4.999906549841944e-05,-2.530102316494499e-09,-9.999814072007324e-05,5.063774527634203e-09,-9.999814071602164e-05,4.75823076637751e-09,1.454115707490454e-14,3.055943989990822e-10,4.999906549841944e-05,-2.530102316494499e-09,9.999814072007324e-05,-5.063774527634203e-09
2,541169.5265464537,0.0,1.881779776794734e-05,0.0003466963244521534,1.880319096165942e-05,5.260742502709009e-05,0.0,0.0,1.0,0.0,0.0,0.0,4.999905497988885e-05,-2.628634067549625e-09,-9.999811968090383e-05,5.260742502709009e-09,-9.999811967670747e-05,4.966706210703793e-09,1.460680628791598e-14,2.940888994250633e-10,4.999905497988885e-05,-2.628634067549625e-09,9.999811968090383e-05,-5.260742502709009e-09
2,562341.3251903387,0.0,1.904493152235426e-05,0.0003376693488607049,1.903026443087428e-05,5.465277654952068e-05,0.0,0.0,1.0,0.0,0.0,0.0,4.999904362735303e-05,-2.730946857528742e-09,-9.999809697355691e-05,5.465277654952069e-09,-9.999809696919376e-05,5.182315735413579e-09,1.46670914799799e-14,2.830165723111842e-10,4.999904362735303e-05,-2.730946857528742e-09,9.999809697355692e-05,-5.465277654952069e-09
2,584341.4133735067,0.0,1.929005595287803e-05,0.0003291377013302155,1.927533358452303e-05,5.677659243461752e-05,0.0,0.0,1.0,0.0,0.0,0.0,4.999903137512307e-05,-2.837180383675715e-09,-9.999807246664155e-05,5.677659243461752e-09,-9.999807246208859e-05,5.405354911153952e-09,1.472236835499307e-14,2.72361108895598e-10,4.999903137512307e-05,-2.837180383675715e-09,9.999807246664156e-05,-5.677659243461752e-09
2,607202.1956909773,0.0,1.95545873329349e-05,0.0003210885687223087,1.953981436977229e-05,5.898175429428319e-05,0.0,0.0,1.0,0.0,0.0,0.0,4.999901815240876e-05,-2.947478790783724e-09,-9.999804601856302e-05,5.898175429428319e-09,-9.999804601379617e-05,5.636127596752803e-09,1.47729631626097e-14,2.621068144280255e-10,4.999901815240876e-05,-2.947478790783724e-09,9.999804601856302e-05,-5.898175429428319e-09
2,630957.3444801815,0.0,1.984005163083892e-05,0.0003135098188816251,1.982523245620732e-05,6.127123382909204e-05,0.0,0.0,1.0,0.0,0.0,0.0,4.999900388293424e-05,-3.061990724618788e-09,-9.999801747675438e-05,6.127123382909204e-09,-9.999801747174833e-05,5.874946069089334e-09,1.481917463159408e-14,2.52238585052533e-10,4.999900388293424e-05,-3.061990724618788e-09,9.999801747675438e-05,-6.127123382909204e-09
2,655641.8494179667,0.0,2.014809273494011e-05,0.0003063899792149846,2.013323145919731e-05,6.364809365432153e-05,0.0,0.0,1.0,0.0,0.0,0.0,4.999898848452693e-05,-3.180869373420579e-09,-9.999798667685408e-05,6.364809365432154e-09,-9.999798667158211e-05,6.122131127964976e-09,1.486127574280627e-14,2.427418855606631e-10,4.999898848452693e-05,-3.180869373420579e-09,9.999798667685408e-05,-6.364809365432154e-09
2,681292.0690579485,0.0,2.048048124852636e-05,0.0002997182158246855,2.046558173317401e-05,6.611548784253483e-05,0.0,0.0,1.0,0.0,0.0,0.0,4.999897186867804e-05,-3.304272495058032e-09,-9.999795344182668e-05,6.611548784253483e-09,-9.999795343626062e-05,6.378012171761746e-09,1.48995153523476e-14,2.336027279821507e-10,4.999897186867804e-05,-3.304272495058032e-09,9.999795344182668e-05,-6.611548784253483e-09
2,707945.7843841247,0.0,2.083912388613423e-05,0.0002934843131175849,2.082418976645939e-05,6.86766621358968e-05,0.0,0.0,1.0,0.0,0.0,0.0,4.999895394007272e-05,-3.43236242782382e-09,-9.999791758102335e-05,6.867666213589681e-09,-9.999791757513328e-05,6.642927239267067e-09,1.493411967484073e-14,2.248076509816881e-10,4.999895394007272e-05,-3.43236242782382e-09,9.999791758102335e-05,-6.867666213589681e-09
2,735642.2544596274,0.0,2.122607350325817e-05,0.0002876786538071865,2.121110820962211e-05,7.133495377578881e-05,0.0,0.0,1.0,0.0,0.0,0.0,4.999893459608866e-05,-3.565306081928536e-09,-9.999787888917904e-05,7.133495377578882e-09,-9.999787888293323e-05,6.917223012500063e-09,1.496529363606336e-14,2.163437000313977e-10,4.999893459608866e-05,-3.565306081928536e-09,9.999787888917904e-05,-7.133495377578882e-09
2,764422.2742525858,0.0,2.164353979148741e-05,0.0002822921992209111,2.162854656938439e-05,7.409379089110818e-05,0.0,0.0,1.0,0.0,0.0,0.0,4.999891372626162e-05,-3.703274909087439e-09,-9.999783714534306e-05,7.409379089110818e-09,-9.999783713870774e-05,7.201254774565286e-09,1.499322210301619e-14,2.081984083298029e-10,4.999891372626162e-05,-3.703274909087439e-09,9.999783714534306e-05,-7.409379089110818e-09
2,794328.2347242665,0.0,2.209390067076242e-05,0.0002773164698190471,2.207888259976277e-05,7.69566913798481e-05,0.0,0.0,1.0,0.0,0.0,0.0,4.999889121171581e-05,-3.846444846664265e-09,-9.999779211174002e-05,7.69566913798481e-09,-9.999779210467924e-05,7.495386316230507e-09,1.501807099964835e-14,2.003597784391989e-10,4.999889121171581e-05,-3.846444846664265e-09,9.999779211174004e-05,-7.69566913798481e-09
2,825404.1852680028,0.0,2.257971440964523e-05,0.0002727435258254964,2.25646744213303e-05,7.992726121112355e-05,0.0,0.0,1.0,0.0,0.0,0.0,4.999886692455798e-05,-3.994996232862061e-09,-9.999774353255787e-05,7.992726121112355e-09,-9.999774352503318e-05,7.799989783762457e-09,1.50399883149248e-14,1.928162646143728e-10,4.999886692455798e-05,-3.994996232862061e-09,9.999774353255787e-05,-7.992726121112355e-09
2,857695.8985908778,0.0,2.310373250314183e-05,0.0002685659478633359,2.308867339813172e-05,8.300919206668667e-05,0.0,0.0,1.0,0.0,0.0,0.0,4.999884072723381e-05,-4.149113688924102e-09,-9.999769113266019e-05,8.300919206668667e-09,-9.999769112463064e-05,8.11544546006187e-09,1.505910501010369e-14,1.855567557966492e-10,4.999884072723381e-05,-4.149113688924102e-09,9.999769113266019e-05,-8.300919206668667e-09
2,891250.9381337286,0.0,2.366891333558739e-05,0.0002647768174803461,2.365383779975594e-05,8.620625823213397e-05,0.0,0.0,1.0,0.0,0.0,0.0,4.999881247184451e-05,-4.308985963748941e-09,-9.999763461622003e-05,8.620625823213398e-09,-9.999763460764172e-05,8.4421414702133e-09,1.507553583145766e-14,1.785705592482121e-10,4.999881247184451e-05,-4.308985963748941e-09,9.999763461622003e-05,-8.620625823213398e-09
2,926118.7281287757,0.0,2.4278436653278e-05,0.0002613696974410145,2.426334727324425e-05,8.95223126384147e-05,0.0,0.0,1.0,0.0,0.0,0.0,4.999878199942372e-05,-4.474805736123758e-09,-9.999757366527269e-05,8.95223126384147e-09,-9.999757365609872e-05,8.780473401343237e-09,1.508938003374843e-14,1.718473848025998e-10,4.999878199942372e-05,-4.474805736123758e-09,9.999757366527269e-05,-8.95223126384147e-09
2,962350.6263980701,0.0,2.49357188677559e-05,0.0002583386116520506,2.49206181457359e-05,9.29612819438742e-05,0.0,0.0,1.0,0.0,0.0,0.0,4.99987491391722e-05,-4.646769368872107e-09,-9.999750793818543e-05,9.296128194387421e-09,-9.999750792836557e-05,9.130843825954526e-09,1.510072201999754e-14,1.653773297081764e-10,4.99987491391722e-05,-4.646769368872107e-09,9.999750793818543e-05,-9.296128194387421e-09
2,1000000.0,0.0,2.564442920576333e-05,0.0002556780245781591,2.562931957386075e-05,9.65271605359046e-05,0.0,0.0,1.0,0.0,0.0,0.0,4.999871370765046e-05,-4.825076609088573e-09,-9.999743706804262e-05,9.65271605359046e-09,-9.999743705752292e-05,9.49366171671484e-09,1.510963190257456e-14,1.591508640422544e-10,4.999871370765046e-05,-4.825076609088573e-09,9.999743706804262e-05,-9.65271605359046e-09
3,1.0,0.0,-2.470675909937264,15.5221939031617,4.032105946893107e-06,-1.53068526797871e-05,0.0,0.0,1.0,0.0,0.0,0.0,4.99874155801171e-05,7.853011097670049e-08,-9.999959678940532e-05,-1.53068526797871e-09,-9.752891684332998e-05,-1.552373991058922e-05,-2.470679942043211e-06,1.552220921001438e-05,4.99874155801171e-05,7.853011097670049e-08,9.999959678940532e-05,1.53068526797871e-09
3,1.039122303835169,0.0,-2.292323874244848,14.96511262735027,3.856227073198272e-06,-1.475749243672374e-05,0.0,0.0,1.0,0.0,0.0,0.0,4.998831790139956e-05,7.571171684463558e-08,-9.999961437729268e-05,-1.475749243672374e-09,-9.770728664296455e-05,-1.496660314884387e-05,-2.292327730471922e-06,1.49651273848427e-05,4.998831790139956e-05,7.571171684463558e-08,9.999961437729268e-05,1.475749243672374e-09
3,1.07977516232771,0.0,-2.126565870322028,14.42612004906367,3.692767593060316e-06,-1.422596990842238e-05,0.0,0.0,1.0,0.0,0.0,0.0,4.99891565067668e-05,7.298483738837094e-08,-9.99996307232407e-05,-1.422596990842238e-09,-9.787306115645835e-05,-1.442755688625039e-05,-2.126569563089622e-06,1.442613427503358e-05,4.99891565067668e-05,7.298483738837094e-08,9.99996307232407e-05,1.422596990842238e-09
3,1.122018454301963,0.0,-1.972551822618495,13.90483424953187,3.540889218708858e-06,-1.371190846615856e-05,0.0,0.0,1.0,0.0,0.0,0.0,4.998993569697261e-05,7.034754015389822e-08,-9.999964591107814e-05,-1.371190846615856e-09,-9.802709054402952e-05,-1.390621916599886e-05,-1.972555363507714e-06,1.390484796144034e-05,4.998993569697261e-05,7.034754015389822e-08,9.999964591107814e-05,1.371190846615856e-09
3,1.165914401179831,0.0,-1.829483532613695,13.40085763344727,3.399804820037787e-06,-1.3214916021821e-05,0.0,0.0,1.0,0.0,0.0,0.0,4.999065951017527e-05,6.779781386138208e-08,-9.9999660019518e-05,-1.3214916021821e-09,-9.817017308369969e-05,-1.340219235318039e-05,-1.829486932418515e-06,1.340087084836329e-05,4.999065951017527e-05,6.779781386138208e-08,9.9999660019518e-05,1.3214916021821e-09
3,1.211527658628588,0.0,-1.696612299298926,12.91378037518387,3.268776078083526e-06,-1.273458842633391e-05,0.0,0.0,1.0,0.0,0.0,0.0,4.999133173428885e-05,6.533358516952607e-08,-9.999967312239219e-05,-1.273458842633391e-09,-9.830305755104842e-05,-1.291506658134952e-05,-1.696615568075004e-06,1.29137931097723e-05,4.999133173428885e-05,6.533358516952607e-08,9.99996731223922e-05,1.273458842633391e-09
3,1.258925411794167,0.0,-1.57323652871689,12.44318349233887,3.147111127712489e-06,-1.22705125005691e-05,0.0,0.0,1.0,0.0,0.0,0.0,4.999195591886256e-05,6.295273410767126e-08,-9.999968528888723e-05,-1.22705125005691e-09,-9.842644560991211e-05,-1.244442282637194e-05,-1.573239675828018e-06,1.244319576285137e-05,4.999195591886256e-05,6.295273410767126e-08,9.999968528888723e-05,1.22705125005691e-09
3,1.308177474260194,0.0,-1.458699356043741,11.98864157621854,3.0341622126771e-06,-1.182226872795914e-05,0.0,0.0,1.0,0.0,0.0,0.0,4.999253538704337e-05,6.06531086197165e-08,-9.999969658377874e-05,-1.182226872795914e-09,-9.854099419053865e-05,-1.198983563718233e-05,-1.458702390205954e-06,1.198865339848727e-05,4.999253538704337e-05,6.06531086197165e-08,9.999969658377874e-05,1.182226872795914e-09
3,1.359356390878525,0.0,-1.352386299480699,11.54972520775022,2.929323372040302e-06,-1.138943363689833e-05,0.0,0.0,1.0,0.0,0.0,0.0,4.999307324764973e-05,5.843253599941433e-08,-9.99997070676628e-05,-1.138943363689833e-09,-9.86473178359294e-05,-1.155087555193697e-05,-1.352389228804071e-06,1.154973659718385e-05,4.999307324764973e-05,5.843253599941433e-08,9.999970706766279e-05,1.138943363689833e-09
3,1.412537544622754,0.0,-1.253722961530641,11.12600308596379,2.832028173327948e-06,-1.097158189969853e-05,0.0,0.0,1.0,0.0,0.0,0.0,4.999357240669015e-05,5.62888345477117e-08,-9.999971679718267e-05,-1.097158189969853e-09,-9.874599100079181e-05,-1.112711122670724e-05,-1.253725793558814e-06,1.112601405754569e-05,4.999357240669015e-05,5.62888345477117e-08,9.999971679718267e-05,1.097158189969853e-09
3,1.467799267622069,0.0,-1.162172790025393,10.71704389471662,2.741747504603361e-06,-1.05682881734177e-05,0.0,0.0,1.0,0.0,0.0,0.0,4.999403557867351e-05,5.421982189942179e-08,-9.999972582524954e-05,-1.05682881734177e-09,-9.883755029073494e-05,-1.071811130239042e-05,-1.162175531772897e-06,1.07170544630048e-05,4.999403557867351e-05,5.421982189942179e-08,9.999972582524954e-05,1.05682881734177e-09
3,1.525222956539018,0.0,-1.077234908496832,10.32241793178702,2.657987434924118e-06,-1.01791287063517e-05,0.0,0.0,1.0,0.0,0.0,0.0,4.999446529769752e-05,5.222332390500736e-08,-9.999973420125652e-05,-1.017912870635169e-09,-9.892249663211426e-05,-1.03234460339655e-05,-1.077237566484267e-06,1.032242811091572e-05,4.999446529769752e-05,5.222332390500736e-08,9.999973420125652e-05,1.017912870635169e-09
3,1.584893192461112,0.0,-0.9984420231058053,9.941698522877957,2.580287150295052e-06,-9.803682732418549e-06,0.0,0.0,1.0,0.0,0.0,0.0,4.999486392782921e-05,5.029718218009661e-08,-9.999974197128498e-05,-9.80368273241855e-10,-9.900129736531172e-05,-9.942688704637616e-06,-9.984446033929555e-07,9.94170832656069e-06,4.999486392782921e-05,5.029718218009661e-08,9.999974197128498e-05,9.80368273241855e-10
3,1.646897865482867,0.0,-0.9253584113153819,9.574463241486406,2.508216970232061e-06,-9.441533674099829e-06,0.0,0.0,1.0,0.0,0.0,0.0,4.999523367354109e-05,4.843925960108658e-08,-9.999974917830299e-05,-9.44153367409983e-10,-9.907438825626241e-05,-9.57541684582902e-06,-9.25360919532352e-07,9.574472683020079e-06,4.999523367354109e-05,4.843925960108658e-08,9.999974917830299e-05,9.44153367409983e-10
3,1.71132830416178,0.0,-0.8575779957796147,9.220294954032827,2.441376448359753e-06,-9.092270173064793e-06,0.0,0.0,1.0,0.0,0.0,0.0,4.999557658923126e-05,4.664744585625773e-08,-9.999975586235517e-05,-9.092270173064794e-10,-9.91421754227577e-05,-9.221213282412575e-06,-8.57580437156063e-07,9.220304046302998e-06,4.999557658923126e-05,4.664744585625773e-08,9.999975586235517e-05,9.092270173064794e-10
3,1.778279410038921,0.0,-0.7947225054791875,8.878782708128451,2.379392559046165e-06,-8.75548696610698e-06,0.0,0.0,1.0,0.0,0.0,0.0,4.999589458868118e-05,4.491966160910989e-08,-9.99997620607441e-05,-8.75548696610698e-10,-9.920503717349297e-05,-8.879667021067509e-06,-7.947248848717466e-07,8.878791463615417e-06,4.999589458868118e-05,4.491966160910989e-08,9.99997620607441e-05,8.75548696610698e-10
3,1.847849797422289,0.0,-0.7364397249371839,8.549522480400041,2.321917970896193e-06,-8.430785622585252e-06,0.0,0.0,1.0,0.0,0.0,0.0,4.999618945378475e-05,4.325386305027623e-08,-9.999976780820291e-05,-8.430785622585252e-10,-9.926332575902586e-05,-8.550373998178707e-06,-7.364420468551547e-07,8.549530911185665e-06,4.999618945378475e-05,4.325386305027623e-08,9.999976780820291e-05,8.430785622585252e-10
3,1.9201419386388,0.0,-0.6824018313610052,8.23211779890368,2.268629406951955e-06,-8.117775158192355e-06,0.0,0.0,1.0,0.0,0.0,0.0,4.999646284310399e-05,4.164804428450251e-08,-9.999977313705931e-05,-8.117775158192355e-10,-9.931736903480029e-05,-8.232937702312435e-06,-6.824040999904122e-07,8.232125916678838e-06,4.999646284310399e-05,4.164804428450251e-08,9.99997731370593e-05,8.117775158192355e-10
3,1.995262314968878,0.0,-0.6323038187523043,7.926180253846323,2.219226090655175e-06,-7.8160725385795e-06,0.0,0.0,1.0,0.0,0.0,0.0,4.999671629971692e-05,4.010023993967089e-08,-9.999977807739094e-05,-7.816072538579501e-10,-9.936747203719332e-05,-7.926969684988794e-06,-6.32306037978395e-07,7.92618806991886e-06,4.999671629971692e-05,4.010023993967089e-08,9.999977807739093e-05,7.816072538579501e-10
3,2.073321573485953,0.0,-0.5858620073806563,7.631329909101534,2.173428275989606e-06,-7.525303085150185e-06,0.0,0.0,1.0,0.0,0.0,0.0,4.999695125882256e-05,3.860852838644655e-08,-9.99997826571724e-05,-7.525303085150185e-10,-9.941391847419006e-05,-7.632089972238443e-06,-5.858641808089323e-07,7.631337434404618e-06,4.999695125882256e-05,3.860852838644655e-08,9.99997826571724e-05,7.525303085150185e-10
3,2.154434690031882,0.0,-0.5428126365062607,7.34719562585461,2.130975859718087e-06,-7.245100794201306e-06,0.0,0.0,1.0,0.0,0.0,0.0,4.999716905484989e-05,3.717103157174404e-08,-9.999978690241403e-05,-7.245100794201306e-10,-9.945697213280094e-05,-7.34792738827992e-06,-5.428147674821204e-07,7.347202870955403e-06,4.999716905484989e-05,3.717103157174404e-08,9.999978690241403e-05,7.245100794201306e-10
3,2.238721138568337,0.0,-0.5029105378424534,7.073415308642757,2.091627073239811e-06,-6.975108579534802e-06,0.0,0.0,1.0,0.0,0.0,0.0,4.999737092814342e-05,3.578591762775125e-08,-9.999979083729268e-05,-6.975108579534802e-10,-9.949687820573152e-05,-7.074119801584399e-06,-5.029126294695266e-07,7.073422283751336e-06,4.999737092814342e-05,3.578591762775125e-08,9.999979083729268e-05,6.975108579534802e-10
3,2.326305067153623,0.0,-0.4659278869526826,6.809636083066266,2.055157251301353e-06,-6.714978447687122e-06,0.0,0.0,1.0,0.0,0.0,0.0,4.999755803132617e-05,3.445140137152975e-08,-9.999979448427488e-05,-6.714978447687123e-10,-9.953386454010979e-05,-6.810314302604458e-06,-4.659299421099339e-07,6.809642798044714e-06,4.999755803132617e-05,3.445140137152975e-08,9.999979448427488e-05,6.714978447687123e-10
3,2.417315480804101,0.0,-0.4316530295636199,6.555514413534341,2.021357674585005e-06,-6.464371614024244e-06,0.0,0.0,1.0,0.0,0.0,0.0,4.999773143519428e-05,3.316574480461503e-08,-9.999979786423254e-05,-6.464371614024244e-10,-9.956814281128991e-05,-6.556167321531737e-06,-4.316550509212945e-07,6.555520877905955e-06,4.999773143519428e-05,3.316574480461503e-08,9.999979786423254e-05,6.464371614024244e-10
3,2.511886431509577,0.0,-0.3998893796327057,6.310716168571483,1.990034483056533e-06,-6.22295856712365e-06,0.0,0.0,1.0,0.0,0.0,0.0,4.999789213433052e-05,3.192725733506109e-08,-9.99998009965517e-05,-6.22295856712365e-10,-9.959990962489448e-05,-6.311344693609726e-06,-3.998913696671887e-07,6.31072239153005e-06,4.999789213433052e-05,3.192725733506109e-08,9.99998009965517e-05,6.22295856712365e-10
3,2.610157215682533,0.0,-0.37045438592314,6.074916640442857,1.961007656870407e-06,-5.990419088108025e-06,0.0,0.0,1.0,0.0,0.0,0.0,4.999804105229118e-05,3.073429638806311e-08,-9.999980389923432e-05,-5.990419088108025e-10,-9.96293475503425e-05,-6.075521678761176e-06,-3.704563469307969e-07,6.074922630861944e-06,4.999804105229118e-05,3.073429638806311e-08,9.99998038992343e-05,5.990419088108025e-10
3,2.712272579332025,0.0,-0.3431785638018897,5.847800525156527,1.934110061593619e-06,-5.766442230904493e-06,0.0,0.0,1.0,0.0,0.0,0.0,4.999817904653958e-05,2.958526657329018e-08,-9.999980658899384e-05,-5.766442230904493e-10,-9.965662608914777e-05,-5.848382941588295e-06,-3.431804979119513e-07,5.847806291598758e-06,4.999817904653958e-05,2.958526657329018e-08,9.999980658899385e-05,5.766442230904493e-10
3,2.81838293126445,0.0,-0.3179045889781028,5.629061868262223,1.909186554510995e-06,-5.550726268773893e-06,0.0,0.0,1.0,0.0,0.0,0.0,4.999830691301535e-05,2.847862012897453e-08,-9.999980908134455e-05,-5.550726268773893e-10,-9.968190258127073e-05,-5.629622497166093e-06,-3.179064981646572e-07,5.629067418988492e-06,4.999830691301535e-05,2.847862012897453e-08,9.999980908134455e-05,5.550726268773893e-10
3,2.928644564625232,0.0,-0.2944864499328363,5.418403981286308,1.886093148807957e-06,-5.342978611882593e-06,0.0,0.0,1.0,0.0,0.0,0.0,4.999842539041224e-05,2.741285608924432e-08,-9.999981139068513e-05,-5.342978611882593e-10,-9.970532305277303e-05,-5.418943627469081e-06,-2.944883360259852e-07,5.418409324264919e-06,4.999842539041224e-05,2.741285608924432e-08,9.999981139068513e-05,5.342978611882593e-10
3,3.043219887107717,0.0,-0.2727886558498434,5.21553933311682,1.864696232484743e-06,-5.142915700170899e-06,0.0,0.0,1.0,0.0,0.0,0.0,4.999853516422005e-05,2.63865195624787e-08,-9.999981353037676e-05,-5.142915700170899e-10,-9.972702300796599e-05,-5.216058772745456e-06,-2.727905205460759e-07,5.21554447603252e-06,4.999853516422005e-05,2.63865195624787e-08,9.999981353037675e-05,5.142915700170899e-10
3,3.162277660168374,0.0,-0.2526854969359174,5.020189420176415,1.844871838933689e-06,-4.950262875302608e-06,0.0,0.0,1.0,0.0,0.0,0.0,4.99986368704161e-05,2.539820184233021e-08,-9.99998155128161e-05,-4.950262875302608e-10,-9.974712816916347e-05,-5.020689401677079e-06,-2.526873418077563e-07,5.020194370439289e-06,4.99986368704161e-05,2.539820184233021e-08,9.99998155128161e-05,4.950262875302608e-10
3,3.285993247600649,0.0,-0.2340603541133215,4.832084618791226,1.826504966203983e-06,-4.764754235056434e-06,0.0,0.0,1.0,0.0,0.0,0.0,4.99987310990214e-05,2.444653860361241e-08,-9.999981734950339e-05,-4.764754235056434e-10,-9.976575516705857e-05,-4.832565863733725e-06,-2.340621806182877e-07,4.83208938354546e-06,4.99987310990214e-05,2.444653860361241e-08,9.999981734950339e-05,4.764754235056434e-10
3,3.414548873833596,0.0,-0.2168050551722271,4.650964022775905,1.809488942082171e-06,-4.586132473137664e-06,0.0,0.0,1.0,0.0,0.0,0.0,4.999881839728567e-05,2.353020993005556e-08,-9.999981905110579e-05,-4.586132473137665e-10,-9.978301218463514e-05,-4.651427226741827e-06,-2.168068646611692e-07,4.650968608908377e-06,4.999881839728567e-05,2.353020993005556e-08,9.999981905110579e-05,4.586132473137665e-10
3,3.548133892335748,0.0,-0.2008192745846868,4.476575268906061,1.793724832228753e-06,-4.414148707044171e-06,0.0,0.0,1.0,0.0,0.0,0.0,4.999889927278721e-05,2.264793912081692e-08,-9.999982062751678e-05,-4.414148707044171e-10,-9.979899955741355e-05,-4.477021102339621e-06,-2.00821068309519e-07,4.476579683054767e-06,4.999889927278721e-05,2.264793912081692e-08,9.999982062751679e-05,4.414148707044171e-10
3,3.686945064519569,0.0,-0.1860099743006442,4.308674352635629,1.779120888728538e-06,-4.248562296311589e-06,0.0,0.0,1.0,0.0,0.0,0.0,4.999897419622235e-05,2.179849155250229e-08,-9.999982208791114e-05,-4.24856229631159e-10,-9.981381033271047e-05,-4.309103461676117e-06,-1.860117534215329e-07,4.308678601197926e-06,4.999897419622235e-05,2.179849155250229e-08,9.999982208791114e-05,4.24856229631159e-10
3,3.831186849557281,0.0,-0.1722908829686906,4.147025436134957,1.76559203653291e-06,-4.089140653184609e-06,0.0,0.0,1.0,0.0,0.0,0.0,4.999904360405618e-05,2.098067420732127e-08,-9.999982344079635e-05,-4.08914065318461e-10,-9.982753079047004e-05,-4.14743844343007e-06,-1.722926485607271e-07,4.147029525275609e-06,4.999904360405618e-05,2.098067420732127e-08,9.999982344079635e-05,4.08914065318461e-10
3,3.981071705534965,0.0,-0.1595820111478266,3.991400650473028,1.75305939539402e-06,-3.9356590475125e-06,0.0,0.0,1.0,0.0,0.0,0.0,4.999910790096666e-05,2.01933342853086e-08,-9.999982469406047e-05,-3.935659047512501e-10,-9.984024092810016e-05,-3.991798155972493e-06,-1.59583764207222e-07,3.991404586132076e-06,4.999910790096666e-05,2.01933342853086e-08,9.999982469406047e-05,3.935659047512501e-10
3,4.136820402388499,0.0,-0.147809200199893,3.84157989354131,1.741449835012622e-06,-3.787900407444135e-06,0.0,0.0,1.0,0.0,0.0,0.0,4.999916746214843e-05,1.943535809410125e-08,-9.999982585501651e-05,-3.787900407444135e-10,-9.985201491162533e-05,-3.841962475270355e-06,-1.478109416497281e-07,3.841583681441718e-06,4.999916746214843e-05,1.943535809410125e-08,9.999982585501651e-05,3.787900407444135e-10
3,4.298662347082268,0.0,-0.1369037026744,3.697350625114638,1.730695561241585e-06,-3.645655117298537e-06,0.0,0.0,1.0,0.0,0.0,0.0,4.999922263540658e-05,1.870567043831583e-08,-9.999982693044388e-05,-3.645655117298537e-10,-9.986292149534322e-05,-3.697718839927138e-06,-1.369054333699613e-07,3.697354270769755e-06,4.999922263540658e-05,1.870567043831583e-08,9.999982693044388e-05,3.645655117298537e-10
3,4.466835921509622,0.0,-0.1268017921172303,3.558507660264348,1.720733731305289e-06,-3.508720813809272e-06,0.0,0.0,1.0,0.0,0.0,0.0,4.999927374314291e-05,1.800323317625877e-08,-9.999982792662688e-05,-3.508720813809272e-10,-9.987302441205518e-05,-3.558862044575263e-06,-1.268035128509616e-07,3.558511168985162e-06,4.999927374314291e-05,1.800323317625877e-08,9.999982792662688e-05,3.508720813809272e-10
3,4.641588833612769,0.0,-0.1174444003514311,3.424852962178017,1.711506096110147e-06,-3.376902181782366e-06,0.0,0.0,1.0,0.0,0.0,0.0,4.999932108420079e-05,1.732704444277029e-08,-9.99998288493904e-05,-3.376902181782366e-10,-9.988238273582135e-05,-3.425194032675285e-06,-1.174461118575272e-07,3.424856339080198e-06,4.999932108420079e-05,1.732704444277029e-08,9.99998288493904e-05,3.376902181782366e-10
3,4.823178482239296,0.0,-0.1087767803913858,3.296195435297107,1.702958667833063e-06,-3.250010750066355e-06,0.0,0.0,1.0,0.0,0.0,0.0,4.999936493555222e-05,1.667613751124595e-08,-9.999982970413323e-05,-3.250010750066355e-10,-9.98910512190802e-05,-3.296523689632869e-06,-1.087784833500536e-07,3.296198685307857e-06,4.999936493555222e-05,1.667613751124595e-08,9.999982970413321e-05,3.250010750066355e-10
3,5.011872336272711,0.0,-0.100748193260745,3.172350719556505,1.695041411082178e-06,-3.127864688607551e-06,0.0,0.0,1.0,0.0,0.0,0.0,4.999940555390069e-05,1.604957948912464e-08,-9.99998304958589e-05,-3.127864688607552e-10,-9.989908060586168e-05,-3.172666637017918e-06,-1.007498883021561e-07,3.172353847421193e-06,4.999940555390069e-05,1.604957948912464e-08,9.99998304958589e-05,3.127864688607552e-10
3,5.207948328595451,0.0,-0.09331161708921666,3.053140986396962,1.68770795602754e-06,-3.010288607252137e-06,0.0,0.0,1.0,0.0,0.0,0.0,4.999944317714009e-05,1.544647084604393e-08,-9.999983122920441e-05,-3.010288607252137e-10,-9.990651792271951e-05,-3.053445028556581e-06,-9.331330479717268e-08,3.053143996685569e-06,4.999944317714009e-05,1.544647084604393e-08,9.99998312292044e-05,3.010288607252137e-10
3,5.411695265464624,0.0,-0.08642347696355322,2.938394737121215,1.680915331998177e-06,-2.897113356857939e-06,0.0,0.0,1.0,0.0,0.0,0.0,4.999947802572078e-05,1.48659438872835e-08,-9.99998319084668e-05,-2.897113356857939e-10,-9.9913406748907e-05,-2.938687348467362e-06,-8.642515787888522e-08,2.938397634234572e-06,4.999947802572078e-05,1.48659438872835e-08,9.99998319084668e-05,2.897113356857939e-10
3,5.623413251903477,0.0,-0.08004339410363588,2.827946604075874,1.6746237201363e-06,-2.78817583319118e-06,0.0,0.0,1.0,0.0,0.0,0.0,4.999951030393158e-05,1.430716194885355e-08,-9.999983253762799e-05,-2.78817583319118e-10,-9.9919787467226e-05,-2.828228212623201e-06,-8.004506872735601e-08,2.827949392251707e-06,4.999951030393158e-05,1.430716194885355e-08,9.999983253762799e-05,2.78817583319118e-10
3,5.843414133735162,0.0,-0.07413395302547136,2.721637155062696,1.668796223788987e-06,-2.683318784006206e-06,0.0,0.0,1.0,0.0,0.0,0.0,4.999954020106422e-05,1.376931850931646e-08,-9.999983312037762e-05,-2.683318784006206e-10,-9.992569749688713e-05,-2.721908172943191e-06,-7.413562182169515e-08,2.72163983838148e-06,4.999954020106422e-05,1.376931850931646e-08,9.999983312037763e-05,2.683318784006206e-10
3,6.07202195690987,0.0,-0.0686604854391721,2.61931270131368,1.663398655402791e-06,-2.582390619637889e-06,0.0,0.0,1.0,0.0,0.0,0.0,4.999956789251308e-05,1.325163602405272e-08,-9.999983366013446e-05,-2.582390619637889e-10,-9.993117150963324e-05,-2.619573525348663e-06,-6.866214883782749e-08,2.619315283704299e-06,4.999956789251308e-05,1.325163602405272e-08,9.999983366013447e-05,2.582390619637889e-10
3,6.309573444801917,0.0,-0.06359086971161224,2.52082510930338,1.658399338767207e-06,-2.485245227376279e-06,0.0,0.0,1.0,0.0,0.0,0.0,4.999959354079009e-05,1.275336492606033e-08,-9.999983416006612e-05,-2.485245227376279e-10,-9.993624163029679e-05,-2.521076121556593e-06,-6.359252811095101e-08,2.520827594548608e-06,4.999959354079009e-05,1.275336492606033e-08,9.999983416006612e-05,2.485245227376279e-10
3,6.556418494179772,0.0,-0.05889534480061994,2.42603161661824,1.653768925528982e-06,-2.39174178984015e-06,0.0,0.0,1.0,0.0,0.0,0.0,4.999961729645882e-05,1.227378307084332e-08,-9.999983462310745e-05,-2.39174178984015e-10,-9.994093762288411e-05,-2.426273184930765e-06,-5.889699856954547e-08,2.42603400836003e-06,4.999961729645882e-05,1.227378307084332e-08,9.999983462310745e-05,2.39174178984015e-10
3,6.812920690579594,0.0,-0.05454633764027832,2.334794652055644,1.64948022497103e-06,-2.301744607519713e-06,0.0,0.0,1.0,0.0,0.0,0.0,4.999963929902138e-05,1.181219439026647e-08,-9.99998350519775e-05,-2.301744607519713e-10,-9.994528706320755e-05,-2.33502713056275e-06,-5.454798712050329e-08,2.334796953800251e-06,4.999963929902138e-05,1.181219439026647e-08,9.99998350519775e-05,2.301744607519713e-10
3,7.07945784384136,0.0,-0.05051830302544066,2.246981660084159,1.64550804611722e-06,-2.215122925618032e-06,0.0,0.0,1.0,0.0,0.0,0.0,4.999965967771465e-05,1.136792826805491e-08,-9.99998354491954e-05,-2.215122925618032e-10,-9.994931549901641e-05,-2.24720538971477e-06,-5.051994853348678e-08,2.246983875207085e-06,4.999965967771465e-05,1.136792826805491e-08,9.99998354491954e-05,2.215122925618032e-10
3,7.356422544596393,0.0,-0.04678757510795024,2.162464929760473,1.641829051287868e-06,-2.131750765285274e-06,0.0,0.0,1.0,0.0,0.0,0.0,4.999967855226838e-05,1.094033858222688e-08,-9.999983581709487e-05,-2.131750765285274e-10,-9.995304659851607e-05,-2.162680238719505e-06,-4.678921693700153e-08,2.162467061511238e-06,4.999967855226838e-05,1.094033858222688e-08,9.999983581709487e-05,2.131750765285274e-10
3,7.644222742525981,0.0,-0.04333222967755773,2.081121428167074,1.638421620290363e-06,-2.051506759308849e-06,0.0,0.0,1.0,0.0,0.0,0.0,4.999969603360423e-05,1.052880287242651e-08,-9.999983615783797e-05,-2.051506759308849e-10,-9.995650228810037e-05,-2.081328632401278e-06,-4.333386809917802e-08,2.081123479673833e-06,4.999969603360423e-05,1.052880287242651e-08,9.999983615783797e-05,2.051506759308849e-10
3,7.943282347242792,0.0,-0.04013195645724546,2.002832638407556,1.635265724485352e-06,-1.974273992295753e-06,0.0,0.0,1.0,0.0,0.0,0.0,4.999971222447421e-05,1.013272160440119e-08,-9.999983647342755e-05,-1.974273992295753e-10,-9.995970288006933e-05,-2.003032042055064e-06,-4.013359172296994e-08,2.002834612681548e-06,4.999971222447421e-05,1.013272160440119e-08,9.999983647342755e-05,1.974273992295753e-10
3,8.25404185268016,0.0,-0.03716794069584656,1.927484402172779,1.632342810021277e-06,-1.899939845360043e-06,0.0,0.0,1.0,0.0,0.0,0.0,4.999972722006714e-05,9.75151712916751e-09,-9.9999836765719e-05,-1.899939845360043e-10,-9.9962667191048e-05,-1.927676297997097e-06,-3.716957303865658e-08,1.927486302112624e-06,4.999972722006714e-05,9.75151712916751e-09,9.9999836765719e-05,1.899939845360043e-10
3,8.576958985908915,0.0,-0.03442275339058595,1.854966766870801,1.629635689579172e-06,-1.828395845308386e-06,0.0,0.0,1.0,0.0,0.0,0.0,4.999974110856009e-05,9.384633225044365e-09,-9.999983703643104e-05,-1.828395845308386e-10,-9.996541265177513e-05,-1.855151436679566e-06,-3.442438302627552e-08,1.854968595266647e-06,4.999974110856009e-05,9.384633225044365e-09,9.999983703643104e-05,1.828395845308386e-10
3,8.912509381337427,0.0,-0.03188024951872096,1.785173837296034,1.62712844201551e-06,-1.75953751829938e-06,0.0,0.0,1.0,0.0,0.0,0.0,4.999975397163359e-05,9.031534140085672e-09,-9.99998372871558e-05,-1.75953751829938e-10,-9.996795540888154e-05,-1.78535155234492e-06,-3.188187664716298e-08,1.785175596833552e-06,4.999975397163359e-05,9.031534140085672e-09,9.99998372871558e-05,1.75953751829938e-10
3,9.261187281287906,0.0,-0.02952547370095128,1.718003631798133,1.624806319333745e-06,-1.693264247937604e-06,0.0,0.0,1.0,0.0,0.0,0.0,4.999976588495129e-05,8.691703884313258e-09,-9.999983751936807e-05,-1.693264247937604e-10,-9.9970310419236e-05,-1.718174653180439e-06,-2.952709850727061e-08,1.718005325062381e-06,4.999976588495129e-05,8.691703884313258e-09,9.999983751936807e-05,1.693264247937604e-10
3,9.623506263980856,0.0,-0.02734457275987943,1.653357942898532,1.622655660455314e-06,-1.629479137750915e-06,0.0,0.0,1.0,0.0,0.0,0.0,4.99997769185973e-05,8.364645674605415e-09,-9.999983773443396e-05,-1.629479137750915e-10,-9.997249153739577e-05,-1.653522521920929e-06,-2.734619541553989e-08,1.65335957237767e-06,4.99997769185973e-05,8.364645674605415e-09,9.999983773443395e-05,1.629479137750915e-10
3,9.999999999999968,0.0,-0.02532471467470259,1.591142202291767,1.620663811298161e-06,-1.568088877988932e-06,0.0,0.0,1.0,0.0,0.0,0.0,4.999978713749386e-05,8.049880991007398e-09,-9.999983793361887e-05,-1.568088877988932e-10,-9.99745115966597e-05,-1.591300580836531e-06,-2.532633533851388e-08,1.591143770380645e-06,4.999978713749386e-05,8.049880991007398e-09,9.999983793361888e-05,1.568088877988932e-10
3,10.39122303835166,0.0,-0.02345401346867493,1.531265350159924,1.618819050705767e-06,-1.509003616671887e-06,0.0,0.0,1.0,0.0,0.0,0.0,4.999979660177365e-05,7.746949174275638e-09,-9.999983811809493e-05,-1.509003616671887e-10,-9.997638248418838e-05,-1.531417761034224e-06,-2.345563228772563e-08,1.53126685916354e-06,4.999979660177365e-05,7.746949174275638e-09,9.999983811809493e-05,1.509003616671887e-10
3,10.79775162327706,0.0,-0.02172145959881928,1.473639708721077,1.617110521802134e-06,-1.452136834811731e-06,0.0,0.0,1.0,0.0,0.0,0.0,4.999980536713579e-05,7.455406676477272e-09,-9.999983828894782e-05,-1.452136834811731e-10,-9.99781152106214e-05,-1.473786375993523e-06,-2.172307670934108e-08,1.473641160857912e-06,4.999980536713579e-05,7.455406676477272e-09,9.999983828894782e-05,1.452136834811731e-10
3,11.2201845430196,0.0,-0.02011685544808195,1.418180859926648,1.615528168378455e-06,-1.397405225721453e-06,0.0,0.0,1.0,0.0,0.0,0.0,4.999981348517336e-05,7.174826339345224e-09,-9.999983844718317e-05,-1.397405225721453e-10,-9.997971997459139e-05,-1.418321999251855e-06,-2.011847097625032e-08,1.418182257331873e-06,4.999981348517336e-05,7.174826339345224e-09,9.999983844718317e-05,1.397405225721453e-10
3,11.65914401179828,0.0,-0.0186307555486914,1.364807527217746,1.614062675945386e-06,-1.344728578323819e-06,0.0,0.0,1.0,0.0,0.0,0.0,4.999982100367223e-05,6.90479701957801e-09,-9.999983859373241e-05,-1.344728578323819e-10,-9.9981206222507e-05,-1.364943346148877e-06,-1.863236961136734e-08,1.364808871946324e-06,4.999982100367223e-05,6.90479701957801e-09,9.999983859373241e-05,1.344728578323819e-10
3,12.11527658628584,0.0,-0.01725441119211797,1.313441461246789,1.612705417111083e-06,-1.294029664366986e-06,0.0,0.0,1.0,0.0,0.0,0.0,4.99998279668942e-05,6.644922783928085e-09,-9.99998387294583e-05,-1.294029664366986e-10,-9.998258270394807e-05,-1.313572159536915e-06,-1.725602389753508e-08,1.313442755276453e-06,4.99998279668942e-05,6.644922783928085e-09,9.99998387294583e-05,1.294029664366986e-10
3,12.58925411794163,0.0,-0.01597971910576694,1.264007329467842,1.611448400969593e-06,-1.245234129451648e-06,0.0,0.0,1.0,0.0,0.0,0.0,4.999983441583542e-05,6.394822548379424e-09,-9.999983885515991e-05,-1.245234129451648e-10,-9.998385752299427e-05,-1.264133099360142e-06,-1.598133055416791e-08,1.264008574701972e-06,4.999983441583542e-05,6.394822548379424e-09,9.999983885515991e-05,1.245234129451648e-10
3,13.08177474260189,0.0,-0.01479917389958897,1.216432609497066,1.610284226206873e-06,-1.198270387772311e-06,0.0,0.0,1.0,0.0,0.0,0.0,4.99998403884675e-05,6.1541293634415e-09,-9.999983897157738e-05,-1.198270387772312e-10,-9.998503818578328e-05,-1.216553636004502e-06,-1.480078418381518e-08,1.216433807767454e-06,4.99998403884675e-05,6.1541293634415e-09,9.999983897157738e-05,1.198270387772312e-10
3,13.59356390878521,0.0,-0.01370582400719001,1.170647486143225,1.609206037652857e-06,-1.153069520473932e-06,0.0,0.0,1.0,0.0,0.0,0.0,4.999984591995964e-05,5.922490046387955e-09,-9.999983907939624e-05,-1.153069520473932e-10,-9.998613164457382e-05,-1.17076394731785e-06,-1.370743321322766e-08,1.170648639212746e-06,4.999984591995964e-05,5.922490046387955e-09,9.999983907939624e-05,1.153069520473932e-10
3,14.12537544622749,0.0,-0.01269323086594126,1.126584752007532,1.608207486027616e-06,-1.109565177524384e-06,0.0,0.0,1.0,0.0,0.0,0.0,4.999985104288597e-05,5.699564584511782e-09,-9.99998391792514e-05,-1.109565177524385e-10,-9.998714433856979e-05,-1.126696819200023e-06,-1.269483907342728e-08,1.12658586157271e-06,4.999985104288597e-05,5.699564584511782e-09,9.99998391792514e-05,1.109565177524385e-10
3,14.67799267622064,0.0,-0.01175543109907371,1.084179711551744,1.607282690647859e-06,-1.06769348300298e-06,0.0,0.0,1.0,0.0,0.0,0.0,4.999985578741656e-05,5.485025621647213e-09,-9.999983927173095e-05,-1.06769348300298e-10,-9.998808223174186e-05,-1.084287549661221e-06,-1.175703838176436e-08,1.084180779245227e-06,4.999985578741656e-05,5.485025621647213e-09,9.999983927173095e-05,1.06769348300298e-10
3,15.25222956539013,0.0,-0.01088690147994072,1.043370088533709,1.606426204877042e-06,-1.027392943705426e-06,0.0,0.0,1.0,0.0,0.0,0.0,4.999986018149454e-05,5.278558125102864e-09,-9.999983935737952e-05,-1.027392943705426e-10,-9.99889508478669e-05,-1.043473856248421e-06,-1.08885079061456e-08,1.043371115926653e-06,4.999986018149454e-05,5.278558125102864e-09,9.999983935737952e-05,1.027392943705426e-10
3,15.84893192461107,0.0,-0.01008252647458111,1.004095936710067,1.605632984118006e-06,-9.886043609661718e-07,0.0,0.0,1.0,0.0,0.0,0.0,4.99998642510006e-05,5.079858802794686e-09,-9.999983943670159e-05,-9.886043609661719e-11,-9.99897553029884e-05,-1.004195786739122e-06,-1.008413210756523e-08,1.004096925314428e-06,4.99998642510006e-05,5.079858802794686e-09,9.999983943670159e-05,9.886043609661719e-11
3,16.46897865482862,0.0,-0.009337568173545675,0.9662995537067608,1.604898356161766e-06,-9.512707455999994e-07,0.0,0.0,1.0,0.0,0.0,0.0,4.999986801990486e-05,4.888635714667958e-09,-9.999983951016439e-05,-9.512707455999995e-11,-9.999050033548758e-05,-9.663956330033328e-07,-9.339173071901837e-09,9.663005049775064e-07,4.999986801990486e-05,4.888635714667958e-09,9.999983951016438e-05,9.512707455999995e-11
3,17.11328304161774,0.0,-0.008647638437704155,0.9299253979591539,1.604217993719563e-06,-9.153372358658343e-07,0.0,0.0,1.0,0.0,0.0,0.0,4.999987151040781e-05,4.704607849424787e-09,-9.999983957820064e-05,-9.153372358658344e-11,-9.999119033394075e-05,-9.3001784793531e-07,-8.649242655697874e-09,9.299263132963897e-07,4.999987151040781e-05,4.704607849424787e-09,9.999983957820064e-05,9.153372358658344e-11
3,17.78279410038916,0.0,-0.008008673095529713,0.89492000862499,1.603587888977963e-06,-8.807510183571597e-07,0.0,0.0,1.0,0.0,0.0,0.0,4.999987474307082e-05,4.527504729007208e-09,-9.999983964121111e-05,-8.807510183571597e-11,-9.999182936292411e-05,-8.950089653585912e-07,-8.01027668341869e-09,8.949208893760083e-07,4.999987474307082e-05,4.527504729007208e-09,9.999983964121111e-05,8.807510183571597e-11
3,18.47849797422283,0.0,-0.007416908041206922,0.8612319283750193,1.603004330028406e-06,-8.474612517249896e-07,0.0,0.0,1.0,0.0,0.0,0.0,4.999987773693735e-05,4.357066068591411e-09,-9.9999839699567e-05,-8.474612517249896e-11,-9.999242118691847e-05,-8.613175228089094e-07,-7.418511045536951e-09,8.61232775836271e-07,4.999987773693735e-05,4.357066068591411e-09,9.9999839699567e-05,8.474612517249896e-11
3,19.20141938638794,0.0,-0.006868857093912408,0.8288116289678868,1.602463879033522e-06,-8.154189931410844e-07,0.0,0.0,1.0,0.0,0.0,0.0,4.999988050964486e-05,4.193041221476271e-09,-9.99998397536121e-05,-8.154189931410844e-11,-9.999296929245183e-05,-8.288939871016093e-07,-6.870459557791441e-09,8.288124443868799e-07,4.999988050964486e-05,4.193041221476271e-09,9.99998397536121e-05,8.154189931410844e-11
3,19.95262314968871,0.0,-0.006361291488824561,0.7976114395177764,1.601963352002537e-06,-7.8457712741096e-07,0.0,0.0,1.0,0.0,0.0,0.0,4.999988307752835e-05,4.035189033366609e-09,-9.99998398036648e-05,-7.8457712741096e-11,-9.999347690861063e-05,-7.976906825922257e-07,-6.362893452176564e-09,7.976122240949037e-07,4.999988307752835e-05,4.035189033366609e-09,9.99998398036648e-05,7.8457712741096e-11
3,20.73321573485946,0.0,-0.005891220879882138,0.767585477365297,1.601499800057474e-06,-7.548902986481977e-07,0.0,0.0,1.0,0.0,0.0,0.0,4.999988545571658e-05,3.883277384406228e-09,-9.999983985002e-05,-7.548902986481978e-11,-9.999394702603882e-05,-7.676617220403537e-07,-5.892822379682195e-09,7.675862322555956e-07,4.999988545571658e-05,3.883277384406228e-09,9.999983985001999e-05,7.548902986481978e-11
3,21.54434690031875,0.0,-0.005455875743100139,0.7386895814641888,1.601070492080483e-06,-7.263148444236196e-07,0.0,0.0,1.0,0.0,0.0,0.0,4.99998876582212e-05,3.737082814477681e-09,-9.999983989295079e-05,-7.263148444236196e-11,-9.99943824145361e-05,-7.38762939989794e-07,-5.45747681359222e-09,7.386903077790331e-07,4.99998876582212e-05,3.737082814477681e-09,9.999983989295079e-05,7.263148444236196e-11
3,22.3872113856833,0.0,-0.005052691077389812,0.7108812481985654,1.600672898640696e-06,-6.988087323049849e-07,0.0,0.0,1.0,0.0,0.0,0.0,4.999988969801918e-05,3.596390308096581e-09,-9.999983993271014e-05,-6.98808732304985e-11,-9.999478563935918e-05,-7.109518285793338e-07,-5.054291750288452e-09,7.108819470072976e-07,4.999988969801918e-05,3.596390308096581e-09,9.999983993271014e-05,6.98808732304985e-11
3,23.26305067153616,0.0,-0.004679291307387484,0.6841195695475859,1.60030467710641e-06,-6.723314987050137e-07,0.0,0.0,1.0,0.0,0.0,0.0,4.999989158712877e-05,3.46099289889469e-09,-9.99998399695323e-05,-6.723314987050138e-11,-9.999515907631993e-05,-6.841874757012951e-07,-4.68089161206459e-09,6.841202418790846e-07,4.999989158712877e-05,3.46099289889469e-09,9.99998399695323e-05,6.723314987050138e-11
3,24.17315480804093,0.0,-0.004333476299796949,0.658365173516689,1.599963657855351e-06,-6.468441899577273e-07,0.0,0.0,1.0,0.0,0.0,0.0,4.999989333668127e-05,3.330691371247501e-09,-9.999984000363423e-05,-6.468441899577273e-11,-9.99955049257708e-05,-6.584305054267143e-07,-4.335076263454804e-09,6.583658203608789e-07,4.999989333668127e-05,3.330691371247501e-09,9.999984000363421e-05,6.468441899577273e-11
3,25.11886431509569,0.0,-0.004013208411248226,0.6335801667567224,1.599647831502152e-06,-6.223093055452703e-07,0.0,0.0,1.0,0.0,0.0,0.0,4.999989495698532e-05,3.20529401741299e-09,-9.999984003521686e-05,-6.223093055452703e-11,-9.999582522555812e-05,-6.336430206188917e-07,-4.014808059079729e-09,6.335807890660278e-07,4.999989495698532e-05,3.20529401741299e-09,9.999984003521685e-05,6.223093055452703e-11
3,26.10157215682525,0.0,-0.003716600491689165,0.6097280792945637,1.599355337068115e-06,-5.986907433995907e-07,0.0,0.0,1.0,0.0,0.0,0.0,4.999989645758856e-05,3.08461631140362e-09,-9.99998400644663e-05,-5.986907433995907e-11,-9.999612186301989e-05,-6.09788547658335e-07,-3.718199847026233e-09,6.097286779853072e-07,4.999989645758856e-05,3.08461631140362e-09,9.99998400644663e-05,5.986907433995907e-11
3,27.12272579332016,0.0,-0.003441904772914656,0.5867738113010418,1.599084451023832e-06,-5.759537472055213e-07,0.0,0.0,1.0,0.0,0.0,0.0,4.999989784733322e-05,2.968480683472321e-09,-9.99998400915549e-05,-5.759537472055214e-11,-9.999639658609844e-05,-5.868319832054632e-07,-3.44350385736568e-09,5.86774387254789e-07,4.999989784733322e-05,2.968480683472321e-09,9.99998400915549e-05,5.759537472055214e-11
3,28.18382931264441,0.0,-0.003187502577004791,0.5646835818241864,1.598833577140355e-06,-5.540648556340037e-07,0.0,0.0,1.0,0.0,0.0,0.0,4.999989913440857e-05,2.85671621827063e-09,-9.999984011664229e-05,-5.540648556340038e-11,-9.999665101363289e-05,-5.647395429286649e-07,-3.189101410581931e-09,5.646841358890421e-07,4.999989913440857e-05,2.85671621827063e-09,9.99998401166423e-05,5.540648556340038e-11
3,29.28644564625223,0.0,-0.002951894784242868,0.5434248794180395,1.598601237089308e-06,-5.329918534363291e-07,0.0,0.0,1.0,0.0,0.0,0.0,4.999990032639903e-05,2.749158415456875e-09,-9.999984013987629e-05,-5.329918534363292e-11,-9.999688664489221e-05,-5.434787121282252e-07,-2.953493385479957e-09,5.434254124098929e-07,4.999990032639903e-05,2.749158415456875e-09,9.99998401398763e-05,5.329918534363292e-11
3,30.43219887107707,0.0,-0.002733693004525026,0.5229664145994158,1.598386061736742e-06,-5.127037243324095e-07,0.0,0.0,1.0,0.0,0.0,0.0,4.999990143032874e-05,2.64564898152938e-09,-9.999984016139383e-05,-5.127037243324096e-11,-9.999710486840488e-05,-5.230181981882799e-07,-2.735291390586763e-09,5.229669273031402e-07,4.999990143032874e-05,2.64564898152938e-09,9.999984016139383e-05,5.127037243324096e-11
3,31.62277660168364,0.0,-0.00253161140039424,0.5032780740671461,1.598186783079582e-06,-4.931706056281816e-07,0.0,0.0,1.0,0.0,0.0,0.0,4.999990245270299e-05,2.546035541862395e-09,-9.99998401813217e-05,-4.931706056281817e-11,-9.999730697013635e-05,-5.033278847914773e-07,-2.53320958717732e-09,5.032785672377516e-07,4.999990245270299e-05,2.546035541862395e-09,9.999984018132171e-05,4.931706056281817e-11
3,32.85993247600639,0.0,-0.002344459113647444,0.4843308766204352,1.598002226777271e-06,-4.743637444993012e-07,0.0,0.0,1.0,0.0,0.0,0.0,4.999990339954657e-05,2.450171470703212e-09,-9.999984019977732e-05,-4.743637444993013e-11,-9.999749414106345e-05,-4.843787878329925e-07,-2.34605711587422e-09,4.843313509841796e-07,4.999990339954657e-05,2.450171470703212e-09,9.999984019977732e-05,4.743637444993013e-11
3,34.14548873833585,0.0,-0.002171133251000297,0.4660969307150283,1.597831305234729e-06,-4.562554558803193e-07,0.0,0.0,1.0,0.0,0.0,0.0,4.999990427643936e-05,2.357915658719245e-09,-9.999984021686948e-05,-4.562554558803193e-11,-9.999766748418935e-05,-4.661430129723298e-07,-2.172731082305532e-09,4.660973869704841e-07,4.999990427643936e-05,2.357915658719245e-09,9.999984021686948e-05,4.562554558803193e-11
3,35.48133892335737,0.0,-0.002010612387574888,0.4485493935978936,1.597673011195953e-06,-4.388190819004819e-07,0.0,0.0,1.0,0.0,0.0,0.0,4.999990508854883e-05,2.26913229095344e-09,-9.999984023269889e-05,-4.388190819004819e-11,-9.999782802104062e-05,-4.485937147639872e-07,-2.012210060586084e-09,4.485498324169755e-07,4.999990508854883e-05,2.26913229095344e-09,9.999984023269888e-05,4.388190819004819e-11
3,36.86945064519557,0.0,-0.001861950550009289,0.4316624319631124,1.597526411810591e-06,-4.220289528092597e-07,0.0,0.0,1.0,0.0,0.0,0.0,4.999990584066099e-05,2.183690652535271e-09,-9.999984024735882e-05,-4.220289528092597e-11,-9.999797669768486e-05,-4.317050573093742e-07,-1.863548076421099e-09,4.316628539920651e-07,4.999990584066099e-05,2.183690652535271e-09,9.999984024735882e-05,4.220289528092597e-11
3,38.31186849557268,0.0,-0.001724271643804111,0.4154111840735849,1.597390643138596e-06,-4.058603493365669e-07,0.0,0.0,1.0,0.0,0.0,0.0,4.999990653720811e-05,2.101464965616749e-09,-9.999984026093569e-05,-4.058603493365669e-11,-9.999811439030386e-05,-4.154521763747287e-07,-1.725869034447249e-09,4.154115899339342e-07,4.999990653720811e-05,2.101464965616749e-09,9.999984026093569e-05,4.058603493365669e-11
3,39.81071705534952,0.0,-0.001596764292127428,0.3997717232950483,1.597264905060633e-06,-3.902894664344957e-07,0.0,0.0,1.0,0.0,0.0,0.0,4.999990718229515e-05,2.022334153450045e-09,-9.99998402735095e-05,-3.902894664344957e-11,-9.999824191035519e-05,-3.998111429214457e-07,-1.598361557032489e-09,3.997721135845147e-07,4.999990718229515e-05,2.022334153450045e-09,9.999984027350951e-05,3.902894664344957e-11
3,41.36820402388486,0.0,-0.001478677055715894,0.3847210229907346,1.597148456564302e-06,-3.75293378349161e-07,0.0,0.0,1.0,0.0,0.0,0.0,4.99999077797238e-05,1.946181725895766e-09,-9.999984028515435e-05,-3.75293378349161e-11,-9.999836000935306e-05,-3.847589279972439e-07,-1.480274204172458e-09,3.847213982841129e-07,4.99999077797238e-05,1.946181725895766e-09,9.999984028515434e-05,3.75293378349161e-11
3,42.98662347082254,0.0,-0.001369314005746809,0.3702369227267712,1.597040611378443e-06,-3.608500049730049e-07,0.0,0.0,1.0,0.0,0.0,0.0,4.999990833301494e-05,1.872895540031122e-09,-9.999984029593887e-05,-3.60850004973005e-11,-9.999846938329547e-05,-3.702733689381193e-07,-1.370911046358187e-09,3.702372835767761e-07,4.999990833301494e-05,1.872895540031122e-09,9.999984029593886e-05,3.60850004973005e-11
3,44.66835921509607,0.0,-0.001268030623630855,0.3562980957401721,1.596940733929824e-06,-3.469380794295922e-07,0.0,0.0,1.0,0.0,0.0,0.0,4.999990884542924e-05,1.802367696066542e-09,-9.999984030592661e-05,-3.469380794295922e-11,-9.99985706767653e-05,-3.563331368331321e-07,-1.269627564364784e-09,3.562984426782515e-07,4.999990884542924e-05,1.802367696066542e-09,9.999984030592661e-05,3.469380794295922e-11
3,46.41588833612754,0.0,-0.001174230003594141,0.342884017622939,1.596848235598433e-06,-3.335371168445776e-07,0.0,0.0,1.0,0.0,0.0,0.0,4.999990931998669e-05,1.734494346526101e-09,-9.999984031517644e-05,-3.335371168445777e-11,-9.999866448672778e-05,-3.429177052052794e-07,-1.17582685182974e-09,3.428843511600558e-07,4.999990931998669e-05,1.734494346526101e-09,9.999984031517644e-05,3.335371168445777e-11
3,48.2317848223928,0.0,-0.001087359335699853,0.3299749361774368,1.596762571249315e-06,-3.206273842581139e-07,0.0,0.0,1.0,0.0,0.0,0.0,4.999990975948399e-05,1.669175547061322e-09,-9.999984032374288e-05,-3.20627384258114e-11,-9.999875136604786e-05,-3.300073198638769e-07,-1.088956098271102e-09,3.29975256804821e-07,4.999990975948399e-05,1.669175547061322e-09,9.999984032374287e-05,3.20627384258114e-11
3,50.11872336272695,0.0,-0.001006906648606511,0.3175518423997862,1.596683236020557e-06,-3.081898716355115e-07,0.0,0.0,1.0,0.0,0.0,0.0,4.999991016651131e-05,1.606315114203861e-09,-9.99998403316764e-05,-3.081898716355115e-11,-9.999883182674788e-05,-3.175829698850122e-07,-1.008503331842531e-09,3.175521505896579e-07,4.999991016651131e-05,1.606315114203861e-09,9.99998403316764e-05,3.081898716355115e-11
3,52.07948328595435,0.0,-0.0009323977928879646,0.3055964425495552,1.596609762348495e-06,-2.9620626393446e-07,0.0,0.0,1.0,0.0,0.0,0.0,4.999991054346757e-05,1.545820474444579e-09,-9.999984033902377e-05,-2.9620626393446e-11,-9.999890634302454e-05,-3.056263596784189e-07,-9.33994402650313e-10,3.055967387558192e-07,4.999991054346757e-05,1.545820474444579e-09,9.999984033902377e-05,2.9620626393446e-11
3,54.11695265464607,0.0,-0.0008633936471544769,0.294091131265522,1.596541717212642e-06,-2.846589141885678e-07,0.0,0.0,1.0,0.0,0.0,0.0,4.999991089257427e-05,1.487602548007085e-09,-9.999984034582829e-05,-2.846589141885678e-11,-9.999897535404288e-05,-2.94119882100516e-07,-8.649901888716895e-10,2.940914159244361e-07,4.999991089257427e-05,1.487602548007085e-09,9.999984034582829e-05,2.846589141885678e-11
3,56.2341325190346,0.0,-0.000799487530524759,0.2830189656887211,1.596478699584113e-06,-2.735308175683704e-07,0.0,0.0,1.0,0.0,0.0,0.0,4.999991121588894e-05,1.43157561006987e-09,-9.999984035213005e-05,-2.735308175683704e-11,-9.999903926652435e-05,-2.830465925748254e-07,-8.01084009224343e-10,2.830192392195387e-07,4.999991121588894e-05,1.43157561006987e-09,9.999984035213005e-05,2.735308175683704e-11
3,58.43414133735143,0.0,-0.0007403028062127657,0.2723636405553806,1.596420338062509e-06,-2.628055863823143e-07,0.0,0.0,1.0,0.0,0.0,0.0,4.999991151531705e-05,1.377657146784268e-09,-9.99998403579662e-05,-2.628055863823144e-11,-9.999909845714322e-05,-2.723901841824128e-07,-7.418992265508281e-10,2.72363903360967e-07,4.999991151531705e-05,1.377657146784268e-09,9.99998403579662e-05,2.628055863823144e-11
3,60.7202195690985,0.0,-0.0006854906621170149,0.26210946422371,1.596366288687373e-06,-2.524674259815365e-07,0.0,0.0,1.0,0.0,0.0,0.0,4.999991179262331e-05,1.325767756395235e-09,-9.999984036337114e-05,-2.524674259815365e-11,-9.999915327474635e-05,-2.621349636862028e-07,-6.870870284057023e-10,2.621097166911359e-07,4.999991179262331e-05,1.325767756395235e-09,9.999984036337114e-05,2.524674259815365e-11
3,63.09573444801896,0.0,-0.0006347280553423683,0.2522413355998009,1.596316232911293e-06,-2.425011115335058e-07,0.0,0.0,1.0,0.0,0.0,0.0,4.999991204944212e-05,1.275831017402372e-09,-9.999984036837671e-05,-2.425011115335058e-11,-9.99992040424088e-05,-2.522658284545666e-07,-6.363243715752795e-10,2.522415781009124e-07,4.999991204944212e-05,1.275831017402372e-09,9.999984036837672e-05,2.425011115335058e-11
3,65.5641849417975,0.0,-0.0005877158085482059,0.2427447219291675,1.596269875722746e-06,-2.328919656308284e-07,0.0,0.0,1.0,0.0,0.0,0.0,4.999991228728703e-05,1.227773398354318e-09,-9.999984037301243e-05,-2.328919656308284e-11,-9.999925105933772e-05,-2.427682442505871e-07,-5.893120784239286e-10,2.427449548211331e-07,4.999991228728703e-05,1.227773398354318e-09,9.999984037301243e-05,2.328919656308284e-11
3,68.12920690579573,0.0,-0.0005441768469109796,0.2336056374216698,1.596226943907609e-06,-2.23625836702683e-07,0.0,0.0,1.0,0.0,0.0,0.0,4.999991250755982e-05,1.18152411733616e-09,-9.999984037730562e-05,-2.23625836702683e-11,-9.999929460263553e-05,-2.336282238548029e-07,-5.457730738548872e-10,2.336058610475065e-07,4.999991250755982e-05,1.18152411733616e-09,9.999984037730562e-05,2.23625836702683e-11
3,70.79457843841337,0.0,-0.0005038545653165774,0.2248106226787443,1.596187184439102e-06,-2.146890781974885e-07,0.0,0.0,1.0,0.0,0.0,0.0,4.999991271155874e-05,1.137015060437435e-09,-9.999984038128156e-05,-2.146890781974885e-11,-9.999933492893288e-05,-2.248323064903314e-07,-5.054507525010165e-10,2.248108373678225e-07,4.999991271155874e-05,1.137015060437435e-09,9.999984038128156e-05,2.146890781974885e-11
3,73.56422544596369,0.0,-0.0004665113161646514,0.2163467248930009,1.596150362986677e-06,-2.060685285065003e-07,0.0,0.0,1.0,0.0,0.0,0.0,4.999991290048607e-05,1.094180682872909e-09,-9.99998403849637e-05,-2.060685285065003e-11,-9.999937227590104e-05,-2.16367538020449e-07,-4.68107466527638e-10,2.163469309615294e-07,4.999991290048607e-05,1.094180682872909e-09,9.99998403849637e-05,2.060685285065003e-11
3,76.44222742525956,0.0,-0.0004319270088769881,0.2082014787913458,1.596116262535081e-06,-1.97751491599082e-07,0.0,0.0,1.0,0.0,0.0,0.0,4.999991307545529e-05,1.052957892756107e-09,-9.999984038837375e-05,-1.97751491599082e-11,-9.99994068636525e-05,-2.082214518897481e-07,-4.335231251395231e-10,2.082016765428374e-07,4.999991307545529e-05,1.052957892756107e-09,9.999984038837376e-05,1.97751491599082e-11
3,79.43282347242767,0.0,-0.0003998978128598565,0.2003628882938475,1.596084682105436e-06,-1.89725718341414e-07,0.0,0.0,1.0,0.0,0.0,0.0,4.999991323749765e-05,1.013285986914561e-09,-9.99998403915318e-05,-1.897257183414141e-11,-9.999943889603818e-05,-2.003820507811275e-07,-4.01493897541962e-10,2.003630780195658e-07,4.999991323749765e-05,1.013285986914561e-09,9.99998403915318e-05,1.897257183414141e-11
3,82.54041852680133,0.0,-0.0003702349562792195,0.1928194088615882,1.596055435570821e-06,-1.819793884713749e-07,0.0,0.0,1.0,0.0,0.0,0.0,4.999991338756815e-05,9.751065311938915e-10,-9.999984039445645e-05,-1.819793884713749e-11,-9.999946856184869e-05,-1.928377889618035e-07,-3.718310117147903e-10,1.928195908409767e-07,4.999991338756815e-05,9.751065311938915e-10,9.999984039445645e-05,1.819793884713749e-11
3,85.76958985908888,0.0,-0.0003427636135721498,0.1855599305077294,1.596028350559374e-06,-1.745010932032723e-07,0.0,0.0,1.0,0.0,0.0,0.0,4.999991352655134e-05,9.383632928036059e-10,-9.999984039716495e-05,-1.745010932032723e-11,-9.999949603592702e-05,-1.855775552926419e-07,-3.443596419227091e-10,1.855601050088226e-07,4.999991352655134e-05,9.383632928036059e-10,9.999984039716495e-05,1.745010932032723e-11
3,89.125093813374,0.0,-0.0003173218751400531,0.1785737614469704,1.596003267438442e-06,-1.672798184370027e-07,0.0,0.0,1.0,0.0,0.0,0.0,4.999991365526625e-05,9.030021657239953e-10,-9.999984039967326e-05,-1.672798184370027e-11,-9.999952148019887e-05,-1.785906568759114e-07,-3.189178784074915e-10,1.785739287267888e-07,4.999991365526625e-05,9.030021657239953e-10,9.999984039967326e-05,1.672798184370027e-11
3,92.61187281287877,0.0,-0.0002937597931535157,0.1718506123595004,1.595980038373806e-06,-1.603049285470864e-07,0.0,0.0,1.0,0.0,0.0,0.0,4.99999137744716e-05,8.68971059683841e-10,-9.999984040199617e-05,-1.603049285470865e-11,-9.999954504462703e-05,-1.718668033175883e-07,-2.953557731918895e-10,1.71850772664429e-07,4.99999137744716e-05,8.68971059683841e-10,9.999984040199617e-05,1.603049285470865e-11
3,96.23506263980825,0.0,-0.0002719384978468379,0.1653805812464261,1.595958526458433e-06,-1.535661507278604e-07,0.0,0.0,1.0,0.0,0.0,0.0,4.999991388486985e-05,8.362198567923352e-10,-9.999984040414736e-05,-1.535661507278604e-11,-9.999956686809503e-05,-1.653960915812143e-07,-2.735344563732963e-10,1.653807348125768e-07,4.999991388486985e-05,8.362198567923352e-10,9.999984040414736e-05,1.535661507278604e-11
3,99.99999999999936,0.0,-0.0002517293790953978,0.1591541388545135,1.595938604905618e-06,-1.47053559871913e-07,0.0,0.0,1.0,0.0,0.0,0.0,4.999991398711176e-05,8.047003213334672e-10,-9.999984040613951e-05,-1.47053559871913e-11,-9.99995870792259e-05,-1.591689914111137e-07,-2.533253177003035e-10,1.591542859080733e-07,4.999991398711176e-05,8.047003213334672e-10,9.999984040613951e-05,1.47053559871913e-11
3,103.9122303835162,0.0,-0.0002330133284535708,0.153162114648903,1.595920156301772e-06,-1.407575639596143e-07,0.0,0.0,1.0,0.0,0.0,0.0,4.99999140817999e-05,7.743660295097307e-10,-9.999984040798438e-05,-1.407575639596143e-11,-9.999960579713982e-05,-1.531763313036186e-07,-2.346092486098726e-10,1.53162255406467e-07,4.99999140817999e-05,7.743660295097307e-10,9.999984040798438e-05,1.407575639596143e-11
3,107.9775162327703,0.0,-0.0002156800371871712,0.1473956833132538,1.595903071914442e-06,-1.346688899383348e-07,0.0,0.0,1.0,0.0,0.0,0.0,4.999991416949234e-05,7.451723043900002e-10,-9.999984040969281e-05,-1.346688899383348e-11,-9.999962313215668e-05,-1.474092850058048e-07,-2.172759402590856e-10,1.473958179821437e-07,4.999991416949234e-05,7.451723043900002e-10,9.999984040969281e-05,1.346688899383348e-11
3,112.2018454301956,0.0,-0.0001996273461640373,0.1418463517575306,1.595887251051487e-06,-1.287785700706542e-07,0.0,0.0,1.0,0.0,0.0,0.0,4.999991425070586e-05,7.170761473879606e-10,-9.99998404112749e-05,-1.287785700706542e-11,-9.99996391864456e-05,-1.418593585218887e-07,-2.012232334150888e-10,1.418464805361007e-07,4.999991425070586e-05,7.170761473879606e-10,9.99998404112749e-05,1.287785700706542e-11
3,116.5914401179824,0.0,-0.0001847606437720554,0.1365059466143933,1.59587260046765e-06,-1.230779287315427e-07,0.0,0.0,1.0,0.0,0.0,0.0,4.999991432591921e-05,6.900361749447066e-10,-9.999984041273996e-05,-1.230779287315427e-11,-9.999965405462775e-05,-1.365183776082746e-07,-1.86356516372523e-10,1.365060696923221e-07,4.999991432591921e-05,6.900361749447066e-10,9.999984041273996e-05,1.230779287315427e-11
3,121.152765862858,0.0,-0.0001709923083168177,0.1313666022058484,1.595859033814999e-06,-1.175585696351467e-07,0.0,0.0,1.0,0.0,0.0,0.0,4.999991439557564e-05,6.640125621502368e-10,-9.999984041409662e-05,-1.175585696351467e-11,-9.999966782433339e-05,-1.313784757389401e-07,-1.725881673506327e-10,1.31366719764418e-07,4.999991439557564e-05,6.640125621502368e-10,9.999984041409662e-05,1.175585696351467e-11
3,125.8925411794159,0.0,-0.0001582411916130341,0.1264207489625135,1.595846471134034e-06,-1.122123634724373e-07,0.0,0.0,1.0,0.0,0.0,0.0,4.999991446008572e-05,6.389669785586906e-10,-9.999984041535289e-05,-1.122123634724373e-11,-9.999968057671898e-05,-1.264320825234343e-07,-1.598370380841681e-10,1.26420861174877e-07,4.999991446008572e-05,6.389669785586906e-10,9.99998404153529e-05,1.122123634724373e-11
3,130.8177474260185,0.0,-0.000146432140726705,0.1216611022785005,1.59583483838243e-06,-1.070314359415765e-07,0.0,0.0,1.0,0.0,0.0,0.0,4.999991451982962e-05,6.14862540483459e-10,-9.999984041651617e-05,-1.070314359415765e-11,-9.999969238694476e-05,-1.216719125605629e-07,-1.480279755650874e-10,1.216612093099364e-07,4.999991451982962e-05,6.14862540483459e-10,9.999984041651617e-05,1.070314359415765e-11
3,135.9356390878516,0.0,-0.0001354955550496659,0.1170806517855589,1.595824066998659e-06,-1.020081561534257e-07,0.0,0.0,1.0,0.0,0.0,0.0,4.99999145751595e-05,5.916637381388041e-10,-9.999984041759331e-05,-1.020081561534257e-11,-9.999970332461838e-05,-1.170909547113383e-07,-1.370913791166645e-10,1.17080753793715e-07,4.99999145751595e-05,5.916637381388041e-10,9.999984041759331e-05,1.020081561534257e-11
3,141.2537544622745,0.0,-0.0001253669760964752,0.1126726510307326,1.59581409349791e-06,-9.713512539517095e-08,0.0,0.0,1.0,0.0,0.0,0.0,4.99999146264014e-05,5.693364070169278e-10,-9.999984041859065e-05,-9.713512539517095e-12,-9.999971345420465e-05,-1.126824617755336e-07,-1.26962790189973e-10,1.126727481658579e-07,4.99999146264014e-05,5.693364070169278e-10,9.999984041859065e-05,9.713512539517095e-12
3,146.7799267622059,0.0,-0.0001159867076061757,0.1084306075423715,1.595804859097928e-06,-9.240516623555876e-08,0.0,0.0,1.0,0.0,0.0,0.0,4.999991467385741e-05,5.478476619684845e-10,-9.99998404195141e-05,-9.240516623555875e-12,-9.999972283540583e-05,-1.084399405565676e-07,-1.175825124652737e-10,1.084306999475378e-07,4.999991467385741e-05,5.478476619684845e-10,9.99998404195141e-05,9.240516623555875e-12
3,152.5222956539008,0.0,-0.0001072994637102757,0.1043482732699062,1.595796309372573e-06,-8.781131195573515e-08,0.0,0.0,1.0,0.0,0.0,0.0,4.999991471780718e-05,5.27165847762968e-10,-9.999984042036907e-05,-8.781131195573515e-12,-9.999973152351325e-05,-1.043571423002254e-07,-1.088952600196482e-10,1.043483610812182e-07,4.999991471780718e-05,5.27165847762968e-10,9.999984042036907e-05,8.781131195573515e-12
3,158.4893192461102,0.0,-9.925404309348902e-05,0.1004196353833406,1.595788393931045e-06,-8.334679629015652e-08,0.0,0.0,1.0,0.0,0.0,0.0,4.999991475850976e-05,5.072605052616085e-10,-9.999984042116062e-05,-8.334679629015653e-12,-9.999973956973331e-05,-1.004280534931125e-07,-1.008498314874201e-10,1.004197187301369e-07,4.999991475850976e-05,5.072605052616085e-10,9.99998404211606e-05,8.334679629015653e-12
3,164.6897865482857,0.0,-9.180302722702096e-05,0.09663890741894333,1.595781066120891e-06,-7.900504346249301e-08,0.0,0.0,1.0,0.0,0.0,0.0,4.999991479620506e-05,4.881023185083117e-10,-9.999984042189339e-05,-7.900504346249302e-12,-9.99997470214893e-05,-9.664688700733841e-08,-9.339880829314185e-11,9.66389864239868e-08,4.999991479620506e-05,4.881023185083117e-10,9.99998404218934e-05,7.900504346249302e-12
3,171.1328304161769,0.0,-8.490250089601146e-05,0.09300052075812515,1.595774282753057e-06,-7.477965850187663e-08,0.0,0.0,1.0,0.0,0.0,0.0,4.999991483111525e-05,4.696630661574061e-10,-9.999984042257173e-05,-7.477965850187663e-12,-9.99997539227008e-05,-9.300807357841407e-08,-8.64982751787645e-11,9.300059553778365e-08,4.999991483111525e-05,4.696630661574061e-10,9.999984042257173e-05,7.477965850187663e-12
3,177.827941003891,0.0,-7.851179337412808e-05,0.08949911642697611,1.59576800384733e-06,-7.066441782525535e-08,0.0,0.0,1.0,0.0,0.0,0.0,4.999991486344605e-05,4.519155876465402e-10,-9.999984042319962e-05,-7.066441782525535e-12,-9.999976031404248e-05,-8.950625360384177e-08,-8.01075613779754e-11,8.949918709139393e-08,4.999991486344605e-05,4.519155876465402e-10,9.999984042319962e-05,7.066441782525535e-12
3,184.7849797422278,0.0,-7.259323871995047e-05,0.08612953720440775,1.595762192396714e-06,-6.665326007200516e-08,0.0,0.0,1.0,0.0,0.0,0.0,4.999991489338804e-05,4.348337485022172e-10,-9.999984042378077e-05,-6.665326007200516e-12,-9.99997662331841e-05,-8.61362692503284e-08,-7.418900091234718e-11,8.612960385766782e-08,4.999991489338804e-05,4.348337485022172e-10,9.999984042378077e-05,6.665326007200516e-12
3,192.0141938638787,0.0,-6.711195378249595e-05,0.08288682002729554,1.595756814149316e-06,-6.274027717731916e-08,0.0,0.0,1.0,0.0,0.0,0.0,4.999991492111767e-05,4.183923830939252e-10,-9.999984042431859e-05,-6.274027717731917e-12,-9.999977171501225e-05,-8.289315685803127e-08,-6.870771059664526e-11,8.288688276757272e-08,4.999991492111767e-05,4.183923830939252e-10,9.999984042431859e-05,6.274027717731917e-12
3,199.5262314968865,0.0,-6.203563260756349e-05,0.07976618868145377,1.595751837406472e-06,-5.891970567124415e-08,0.0,0.0,1.0,0.0,0.0,0.0,4.999991494679841e-05,4.025672764195449e-10,-9.999984042481626e-05,-5.891970567124415e-12,-9.999977679183607e-05,-7.977213963064767e-08,-6.363138444496996e-11,7.976624760115944e-08,4.999991494679841e-05,4.025672764195449e-10,9.999984042481626e-05,5.891970567124415e-12
3,207.332157348594,0.0,-5.733435603325692e-05,0.07676304676769326,1.595747232835922e-06,-5.518591819056438e-08,0.0,0.0,1.0,0.0,0.0,0.0,4.999991497058162e-05,3.8733512247199e-10,-9.999984042527672e-05,-5.518591819056439e-12,-9.999978149357773e-05,-7.676862060061669e-08,-5.893010326609283e-11,7.676310195361146e-08,4.999991497058162e-05,3.8733512247199e-10,9.999984042527672e-05,5.518591819056439e-12
3,215.4434690031867,0.0,-5.298041535253757e-05,0.07387297093261541,1.595742973298932e-06,-5.153341519104431e-08,0.0,0.0,1.0,0.0,0.0,0.0,4.999991499260746e-05,3.72673481738487e-10,-9.999984042570268e-05,-5.153341519104431e-12,-9.99997858479486e-05,-7.387817585908286e-08,-5.45761583258365e-11,7.38730224660306e-08,4.999991499260746e-05,3.72673481738487e-10,9.999984042570268e-05,5.153341519104431e-12
3,223.8721138568323,0.0,-4.894814900354485e-05,0.07109170435418548,1.595739033690345e-06,-4.795681684783597e-08,0.0,0.0,1.0,0.0,0.0,0.0,4.99999150130057e-05,3.585607616849393e-10,-9.999984042609664e-05,-4.795681684783597e-12,-9.999978988061286e-05,-7.109654804064401e-08,-5.05438880372352e-11,7.109175231100232e-08,4.99999150130057e-05,3.585607616849393e-10,9.999984042609664e-05,4.795681684783597e-12
3,232.6305067153608,0.0,-4.521379132523067e-05,0.06841515047250084,1.595735390790611e-06,-4.445085513213185e-08,0.0,0.0,1.0,0.0,0.0,0.0,4.999991503189666e-05,3.449761742552066e-10,-9.999984042646093e-05,-4.445085513213186e-12,-9.999979361533851e-05,-6.841964005332089e-08,-4.680952671602127e-11,6.841519492335597e-08,4.999991503189666e-05,3.449761742552066e-10,9.999984042646092e-05,4.445085513213186e-12
3,241.7315480804085,0.0,-4.175533248692969e-05,0.06583936695653025,1.595732023128944e-06,-4.101036605240321e-08,0.0,0.0,1.0,0.0,0.0,0.0,4.999991504939159e-05,3.318997102839373e-10,-9.99998404267977e-05,-4.101036605240321e-12,-9.999979707413744e-05,-6.58435090445128e-08,-4.335106451005863e-11,6.58394079668963e-08,4.999991504939159e-05,3.318997102839373e-10,9.99998404267977e-05,4.101036605240321e-12
3,251.1886431509561,0.0,-3.855238876635084e-05,0.06336055989794742,1.595728910856768e-06,-3.763028204880415e-08,0.0,0.0,1.0,0.0,0.0,0.0,4.999991506559365e-05,3.193121104399538e-10,-9.999984042710892e-05,-3.763028204880415e-12,-9.99998002773955e-05,-6.336436059406464e-08,-4.014811767720761e-11,6.336059752822947e-08,4.999991506559365e-05,3.193121104399538e-10,9.999984042710892e-05,3.763028204880415e-12
3,261.0157215682516,0.0,-3.558608241145541e-05,0.06097507822351356,1.59572603563074e-06,-3.430562452954747e-08,0.0,0.0,1.0,0.0,0.0,0.0,4.999991508059834e-05,3.071948327001919e-10,-9.999984042739645e-05,-3.430562452954747e-12,-9.999980324399226e-05,-6.097854312589627e-08,-3.718180844708615e-11,6.097511252913809e-08,4.999991508059834e-05,3.071948327001919e-10,9.999984042739645e-05,3.430562452954747e-12
3,271.2272579332007,0.0,-3.283893037817152e-05,0.05867940831778734,1.595723380504632e-06,-3.103149653826578e-08,0.0,0.0,1.0,0.0,0.0,0.0,4.999991509449408e-05,2.95530030231979e-10,-9.999984042766195e-05,-3.103149653826577e-12,-9.999980599141246e-05,-5.868254252996882e-08,-3.443465375867615e-11,5.867943934928388e-08,4.999991509449408e-05,2.95530030231979e-10,9.999984042766195e-05,3.103149653826577e-12
3,281.8382931264431,0.0,-3.029474128820803e-05,0.05647016884824758,1.595720929829456e-06,-2.780307554156373e-08,0.0,0.0,1.0,0.0,0.0,0.0,4.999991510736278e-05,2.843005223364203e-10,-9.999984042790703e-05,-2.780307554156373e-12,-9.999980853584909e-05,-5.647297698668024e-08,-3.189046221803749e-11,5.647019665132312e-08,4.999991510736278e-05,2.843005223364203e-10,9.999984042790703e-05,2.780307554156373e-12
3,292.8644564625213,0.0,-2.793851999966737e-05,0.05434410578521219,1.59571866916123e-06,-2.461560632614381e-08,0.0,0.0,1.0,0.0,0.0,0.0,4.999991511928025e-05,2.734897679938691e-10,-9.99998404281331e-05,-2.461560632614382e-12,-9.999981089229869e-05,-5.434659198606649e-08,-2.95342386688286e-11,5.434413040081851e-08,4.999991511928025e-05,2.734897679938691e-10,9.999984042813308e-05,2.461560632614382e-12
3,304.3219887107697,0.0,-2.575637922802909e-05,0.05229808760922371,1.59571658517585e-06,-2.146439399504853e-08,0.0,0.0,1.0,0.0,0.0,0.0,4.999991513031679e-05,2.630818433125252e-10,-9.999984042834149e-05,-2.146439399504853e-12,-9.999981307464998e-05,-5.230025553448186e-08,-2.735209581320494e-11,5.22981090736177e-08,4.999991513031679e-05,2.630818433125252e-10,9.999984042834148e-05,2.146439399504853e-12
3,316.2277660168354,0.0,-2.373545769661944e-05,0.05032910069884595,1.595714665590554e-06,-1.834479705270744e-08,0.0,0.0,1.0,0.0,0.0,0.0,4.999991514053737e-05,2.530614202780755e-10,-9.999984042853345e-05,-1.834479705270744e-12,-9.999981509576535e-05,-5.033095354169357e-08,-2.533117236220999e-11,5.0329119043643e-08,4.999991514053737e-05,2.530614202780755e-10,9.999984042853344e-05,1.834479705270744e-12
3,328.5993247600628,0.0,-2.186384433417654e-05,0.04843424489208342,1.595712899091536e-06,-1.525222056860805e-08,0.0,0.0,1.0,0.0,0.0,0.0,4.999991515000232e-05,2.434137376970797e-10,-9.99998404287101e-05,-1.525222056860805e-12,-9.999981696755717e-05,-4.84357853816134e-08,-2.345955723326808e-11,4.843426014430399e-08,4.999991515000232e-05,2.434137376970797e-10,9.999984042871011e-05,1.525222056860805e-12
3,341.4548873833574,0.0,-2.013050807274632e-05,0.04661072921488829,1.59571127526726e-06,-1.218210940952438e-08,0.0,0.0,1.0,0.0,0.0,0.0,4.999991515876737e-05,2.341245855844616e-10,-9.999984042887248e-05,-1.218210940952438e-12,-9.999981870105742e-05,-4.66119596201211e-08,-2.172621934801358e-11,4.66107413969977e-08,4.999991515876737e-05,2.341245855844616e-10,9.999984042887248e-05,1.218210940952438e-12
3,354.8133892335725,0.0,-1.852523283215749e-05,0.04485586777046766,1.595709784547099e-06,-9.129941530338152e-09,0.0,0.0,1.0,0.0,0.0,0.0,4.999991516688418e-05,2.251802826121084e-10,-9.999984042902154e-05,-9.129941530338153e-13,-9.999982030648324e-05,-4.485678990369185e-08,-2.012094261670459e-11,4.485587690040919e-08,4.999991516688418e-05,2.251802826121084e-10,9.999984042902156e-05,9.129941530338153e-13
3,368.6945064519545,0.0,-1.703855730789314e-05,0.04316707578333818,1.595708418144921e-06,-6.091221313573271e-09,0.0,0.0,1.0,0.0,0.0,0.0,4.999991517440061e-05,2.165676531237868e-10,-9.99998404291582e-05,-6.091221313573271e-13,-9.999982179329676e-05,-4.316769100278126e-08,-1.863426572603806e-11,4.316708187455949e-08,4.999991517440061e-05,2.165676531237868e-10,9.999984042915818e-05,6.091221313573271e-13
3,383.1186849557256,0.0,-1.566171920747875e-05,0.0415418657923047,1.595707168007312e-06,-3.061472947835704e-09,0.0,0.0,1.0,0.0,0.0,0.0,4.999991518136092e-05,2.082740128236784e-10,-9.99998404292832e-05,-3.061472947835704e-13,-9.999982317026112e-05,-4.154217500413382e-08,-1.725742637548606e-11,4.154186885377765e-08,4.999991518136092e-05,2.082740128236784e-10,9.99998404292832e-05,3.061472947835704e-13
3,398.1071705534939,0.0,-1.43866036067304e-05,0.03997784398675704,1.595706026766108e-06,-3.623383540803215e-11,0.0,0.0,1.0,0.0,0.0,0.0,4.999991518780622e-05,2.002871453576158e-10,-9.999984042939733e-05,-3.623383540803215e-15,-9.9999824445492e-05,-3.997784764641186e-08,-1.598230963349651e-11,3.997784402299087e-08,4.999991518780622e-05,2.002871453576158e-10,9.999984042939733e-05,3.623383540803215e-15
3,413.6820402388472,0.0,-1.320569512148732e-05,0.03847270668089091,1.595704987694964e-06,2.988951980709768e-09,0.0,0.0,1.0,0.0,0.0,0.0,4.999991519377442e-05,1.925952858332129e-10,-9.999984042950124e-05,2.988951980709769e-13,-9.999982562650538e-05,-3.847240479375239e-08,-1.480140010918228e-11,3.847270369193892e-08,4.999991519377442e-05,1.925952858332129e-10,9.999984042950124e-05,-2.988951980709769e-13
3,429.8662347082241,0.0,-1.211203361294098e-05,0.03702423692066161,1.595704044669715e-06,6.018540379992636e-09,0.0,0.0,1.0,0.0,0.0,0.0,4.999991519930071e-05,1.851871058578781e-10,-9.999984042959553e-05,6.018540379992636e-13,-9.99998267202622e-05,-3.702362904206463e-08,-1.370773765761069e-11,3.702423090212123e-08,4.999991519930071e-05,1.851871058578781e-10,9.999984042959553e-05,-6.018540379992636e-13
3,446.6835921509593,0.0,-1.109917316548885e-05,0.03563030121847399,1.595703192132281e-06,9.056993727481522e-09,0.0,0.0,1.0,0.0,0.0,0.0,4.999991520441767e-05,1.780516927221363e-10,-9.99998404296808e-05,9.056993727481523e-13,-9.999982773320873e-05,-3.562938645305108e-08,-1.269487635762113e-11,3.563029216148026e-08,4.999991520441767e-05,1.780516927221363e-10,9.99998404296808e-05,-9.056993727481523e-13
3,464.1588833612739,0.0,-1.016114409534362e-05,0.03428884641080126,1.595702425057902e-06,1.210878744643883e-08,0.0,0.0,1.0,0.0,0.0,0.0,4.999991520915549e-05,1.711785379070886e-10,-9.99998404297575e-05,1.210878744643883e-12,-9.999982867131534e-05,-3.428762341115962e-08,-1.175684652040152e-11,3.428883430201381e-08,4.999991520915549e-05,1.711785379070886e-10,9.99998404297575e-05,-1.210878744643883e-12
3,482.3178482239265,0.0,-9.292417765986637e-06,0.03299789663410449,1.595701738925529e-06,1.517841661024789e-08,0.0,0.0,1.0,0.0,0.0,0.0,4.999991521354201e-05,1.645575162677339e-10,-9.999984042982612e-05,1.517841661024789e-12,-9.999982954011091e-05,-3.299636359884837e-08,-1.088811950491217e-11,3.299788145568788e-08,4.999991521354201e-05,1.645575162677339e-10,9.99998404298261e-05,-1.517841661024789e-12
3,501.187233627268,0.0,-8.487874003080853e-06,0.03175555041460079,1.595701129691179e-06,1.827040256326491e-08,0.0,0.0,1.0,0.0,0.0,0.0,4.999991521760317e-05,1.581788760583128e-10,-9.999984042988704e-05,1.827040256326491e-12,-9.999983034471619e-05,-3.175370508567056e-08,-1.008357513277203e-11,3.175553214419823e-08,4.999991521760317e-05,1.581788760583128e-10,9.999984042988704e-05,-1.827040256326491e-12
3,520.7948328595418,0.0,-7.742770916810892e-06,0.03055997786759349,1.595700593764093e-06,2.1389299580374e-08,0.0,0.0,1.0,0.0,0.0,0.0,4.999991522136288e-05,1.520332226692779e-10,-9.999984042994062e-05,2.1389299580374e-12,-9.999983108987342e-05,-3.055781752694524e-08,-9.338471510574985e-12,3.055995647829391e-08,4.999991522136288e-05,1.520332226692779e-10,9.999984042994062e-05,-2.1389299580374e-12
3,541.1695265464589,0.0,-7.052716953772314e-06,0.02940941800224091,1.595700127985579e-06,2.453970157505413e-08,0.0,0.0,1.0,0.0,0.0,0.0,4.999991522484326e-05,1.461115027979455e-10,-9.99998404299872e-05,2.453970157505413e-12,-9.999983177997441e-05,-2.940693946784214e-08,-8.648417081757893e-12,2.940939346253933e-08,4.999991522484326e-05,1.461115027979455e-10,9.99998404299872e-05,-2.453970157505413e-12
3,562.3413251903442,0.0,-6.413645013696505e-06,0.02830217612779423,1.59569972961039e-06,2.772624886583677e-08,0.0,0.0,1.0,0.0,0.0,0.0,4.999991522806487e-05,1.404049953412005e-10,-9.999984043002705e-05,2.772624886583677e-12,-9.99998324190866e-05,-2.82993757489325e-08,-8.009344743306895e-12,2.830214840154536e-08,4.999991522806487e-05,1.404049953412005e-10,9.999984043002705e-05,-2.772624886583677e-12
3,584.3414133735124,0.0,-5.821788478461766e-06,0.02723662135748484,1.59569939629055e-06,3.095363501112097e-08,0.0,0.0,1.0,0.0,0.0,0.0,4.999991523104668e-05,1.349052944819467e-10,-9.999984043006037e-05,3.095363501112097e-12,-9.99998330109768e-05,-2.723349500939488e-08,-7.417487874752314e-12,2.723659040384982e-08,4.999991523104668e-05,1.349052944819467e-10,9.999984043006037e-05,-3.095363501112097e-12
3,607.2021956909831,0.0,-5.273659012101414e-06,0.0262111842063852,1.595699126061508e-06,3.422661372241152e-08,0.0,0.0,1.0,0.0,0.0,0.0,4.999991523380628e-05,1.296042992807683e-10,-9.99998404300874e-05,3.422661372241153e-12,-9.999983355913353e-05,-2.620772728417163e-08,-6.869358138162921e-12,2.621114997977147e-08,4.999991523380628e-05,1.296042992807683e-10,9.99998404300874e-05,-3.422661372241153e-12
3,630.9573444801875,0.0,-4.766026000973224e-06,0.02522435427970569,1.595698917330566e-06,3.755000586616311e-08,0.0,0.0,1.0,0.0,0.0,0.0,4.999991523635991e-05,1.244942021833914e-10,-9.999984043010827e-05,3.755000586616311e-12,-9.999983406678767e-05,-2.522056169156333e-08,-6.36172491830379e-12,2.522431672969983e-08,4.999991523635991e-05,1.244942021833914e-10,9.999984043010827e-05,-3.755000586616311e-12
3,655.6418494179729,0.0,-4.295897512907116e-06,0.02427467804812279,1.595698768867487e-06,4.092870656454233e-08,0.0,0.0,1.0,0.0,0.0,0.0,4.999991523872263e-05,1.195674764439417e-10,-9.999984043012312e-05,4.092870656454234e-12,-9.999983453693113e-05,-2.427054420783151e-08,-5.891596281774603e-12,2.427463711941622e-08,4.999991523872263e-05,1.195674764439417e-10,9.999984043012312e-05,-4.092870656454234e-12
3,681.2920690579551,0.0,-3.860502663114824e-06,0.0233607567068625,1.595698679797248e-06,4.436769240556682e-08,0.0,0.0,1.0,0.0,0.0,0.0,4.999991524090838e-05,1.148168648492457e-10,-9.999984043013202e-05,4.436769240556682e-12,-9.999983497233496e-05,-2.335627552556144e-08,-5.456201342912072e-12,2.336071233917009e-08,4.999991524090838e-05,1.148168648492457e-10,9.999984043013202e-05,-4.436769240556682e-12
3,707.9457843841315,0.0,-3.457275282922485e-06,0.02248124411538585,1.59569864959488e-06,4.787202877324041e-08,0.0,0.0,1.0,0.0,0.0,0.0,4.999991524293001e-05,1.102353706115362e-10,-9.999984043013505e-05,4.787202877324041e-12,-9.999983537556542e-05,-2.247640899260727e-08,-5.052973932517364e-12,2.248119624335708e-08,4.999991524293001e-05,1.102353706115362e-10,9.999984043013505e-05,-4.787202877324041e-12
3,735.6422544596346,0.0,-3.083838795073229e-06,0.02163484481464207,1.595698678082372e-06,5.144687730848101e-08,0.0,0.0,1.0,0.0,0.0,0.0,4.999991524479946e-05,1.058162454422321e-10,-9.99998404301322e-05,5.144687730848101e-12,-9.999983574899902e-05,-2.162964862858745e-08,-4.6795374731556e-12,2.163479336776476e-08,4.999991524479946e-05,1.058162454422321e-10,9.99998404301322e-05,-5.144687730848101e-12
3,764.4222742525932,0.0,-2.737992206458749e-06,0.02082031211896958,1.595698765427628e-06,5.509750351183016e-08,0.0,0.0,1.0,0.0,0.0,0.0,4.999991524652777e-05,1.015529800109628e-10,-9.999984043012346e-05,5.509750351183016e-12,-9.999983609483679e-05,-2.081474721601664e-08,-4.333690971886378e-12,2.082025702146606e-08,4.999991524652777e-05,1.015529800109628e-10,9.999984043012346e-05,-5.509750351183016e-12
3,794.3282347242741,0.0,-2.417697135724301e-06,0.02003644627983427,1.595698912145453e-06,5.882928449914222e-08,0.0,0.0,1.0,0.0,0.0,0.0,4.999991524812508e-05,9.743929505511492e-11,-9.99998404301088e-05,5.882928449914223e-12,-9.999983641511706e-05,-2.003050446327043e-08,-4.013396047869754e-12,2.003638745054977e-08,4.999991524812508e-05,9.743929505511492e-11,9.99998404301088e-05,-5.882928449914223e-12
3,825.4041852680107,0.0,-2.121065799282596e-06,0.01928209271870091,1.595699119100584e-06,6.264771692167617e-08,0.0,0.0,1.0,0.0,0.0,0.0,4.999991524960085e-05,9.34691314051755e-11,-9.99998404300881e-05,6.264771692167618e-12,-9.999983671172753e-05,-1.927576523664389e-08,-3.71676491838318e-12,1.928203007098399e-08,4.999991524960085e-05,9.34691314051755e-11,9.99998404300881e-05,-6.264771692167618e-12
3,857.695898590886,0.0,-1.84634988493746e-06,0.01855614032643481,1.595699387512794e-06,6.655842506225594e-08,0.0,0.0,1.0,0.0,0.0,0.0,4.99999152509637e-05,8.963664087743831e-11,-9.999984043006125e-05,6.655842506225594e-12,-9.999983698641624e-05,-1.854941785894592e-08,-3.442049272450253e-12,1.855607376800974e-08,4.99999152509637e-05,8.963664087743831e-11,9.999984043006125e-05,-6.655842506225594e-12
3,891.2509381337371,0.0,-1.591930247531159e-06,0.0178575198267294,1.595699718964074e-06,7.056716911942359e-08,0.0,0.0,1.0,0.0,0.0,0.0,4.999991525222176e-05,8.593617900985329e-11,-9.99998404300281e-05,7.05671691194236e-12,-9.999983724080245e-05,-1.785039247208126e-08,-3.187629966495233e-12,1.785744925956028e-08,4.999991525222176e-05,8.593617900985329e-11,9.999984043002812e-05,-7.05671691194236e-12
3,926.1187281287847,0.0,-1.356307365890004e-06,0.01718520220114889,1.595700115407962e-06,7.467985369178695e-08,0.0,0.0,1.0,0.0,0.0,0.0,4.999991525338236e-05,8.236229530421122e-11,-9.999984042998846e-05,7.467985369178696e-12,-9.999983747638525e-05,-1.717765946124452e-08,-2.952007481297965e-12,1.71851275212952e-08,4.999991525338236e-05,8.236229530421122e-11,9.999984042998846e-05,-7.467985369178696e-12
3,962.3506263980794,0.0,-1.138092504817971e-06,0.01653819717346688,1.595700579181055e-06,7.890253647505931e-08,0.0,0.0,1.0,0.0,0.0,0.0,4.999991525445241e-05,7.890972520305198e-11,-9.999984042994209e-05,7.890253647505932e-12,-9.999983769455328e-05,-1.653022793838171e-08,-2.733793083999025e-12,1.653811827093041e-08,4.999991525445241e-05,7.890972520305198e-11,9.999984042994209e-05,-7.890253647505932e-12
3,999.9999999999903,0.0,-9.359995300466491e-07,0.01591555175106825,1.595701113016782e-06,8.324143718459876e-08,0.0,0.0,1.0,0.0,0.0,0.0,4.999991525543819e-05,7.557338380129653e-11,-9.99998404298887e-05,8.324143718459876e-12,-9.999983789659235e-05,-1.59071442826731e-08,-2.53170064306343e-12,1.591546850963107e-08,4.999991525543819e-05,7.557338380129653e-11,9.99998404298887e-05,-8.324143718459876e-12
3,1039.122303835159,0.0,-7.488373279093435e-07,0.01531634882126614,1.59570172006151e-06,8.770294671659194e-08,0.0,0.0,1.0,0.0,0.0,0.0,4.999991525634551e-05,7.234835641369238e-11,-9.9999840429828e-05,8.770294671659194e-12,-9.999983808369323e-05,-1.530749073594451e-08,-2.344539047970854e-12,1.531626111831942e-08,4.999991525634551e-05,7.234835641369238e-11,9.9999840429828e-05,-8.770294671659194e-12
3,1079.775162327699,0.0,-5.755027850516404e-07,0.01473970580046665,1.595702403893096e-06,9.229363656137372e-08,0.0,0.0,1.0,0.0,0.0,0.0,4.999991525717971e-05,6.92298934790683e-11,-9.999984042975962e-05,9.229363656137373e-12,-9.999983825695872e-05,-1.473038405087985e-08,-2.171205188944736e-12,1.473961350683008e-08,4.999991525717971e-05,6.92298934790683e-11,9.999984042975962e-05,-9.229363656137373e-12
3,1122.018454301952,0.0,-4.14974286804258e-07,0.01418477333419168,1.595703168541967e-06,9.702026848274788e-08,0.0,0.0,1.0,0.0,0.0,0.0,4.999991525794571e-05,6.62134010193599e-11,-9.999984042968315e-05,9.702026848274789e-12,-9.999983841740999e-05,-1.417497419005541e-08,-2.010677455346225e-12,1.418467631392319e-08,4.999991525794571e-05,6.62134010193599e-11,9.999984042968315e-05,-9.702026848274789e-12
3,1165.91440117982,0.0,-2.663056959018829e-07,0.01365073404604511,1.59570401851488e-06,1.018898044775665e-07,0.0,0.0,1.0,0.0,0.0,0.0,4.999991525864801e-05,6.329443641122622e-11,-9.999984042959815e-05,1.018898044775665e-11,-9.999983856599272e-05,-1.364044307390273e-08,-1.862009714416762e-12,1.365063215624063e-08,4.999991525864801e-05,6.329443641122622e-11,9.999984042959816e-05,-1.018898044775665e-11
3,1211.527658628577,0.0,-1.2862077605776e-07,0.01313680133377989,1.595704958821481e-06,1.069094170302362e-07,0.0,0.0,1.0,0.0,0.0,0.0,4.999991525929079e-05,6.046869992927785e-11,-9.999984042950412e-05,1.069094170302362e-11,-9.999983870358266e-05,-1.31260033757483e-08,-1.724325734879241e-12,1.313669442436286e-08,4.999991525929079e-05,6.046869992927785e-11,9.999984042950412e-05,-1.069094170302362e-11
3,1258.925411794155,0.0,-1.108027525174363e-09,0.01264221821069265,1.595705995003835e-06,1.120864996772557e-07,0.0,0.0,1.0,0.0,0.0,0.0,4.999991525987784e-05,5.773202975875226e-11,-9.99998404294005e-05,1.120864996772557e-11,-9.999983883099078e-05,-1.263089736214032e-08,-1.59681402252901e-12,1.264210612419297e-08,4.999991525987784e-05,5.773202975875226e-11,9.99998404294005e-05,-1.120864996772557e-11
3,1308.177474260181,0.0,1.169840957940077e-07,0.01216625619063941,1.595707133169086e-06,1.174286778973443e-07,0.0,0.0,1.0,0.0,0.0,0.0,4.999991526041255e-05,5.508039473136467e-11,-9.999984042928669e-05,1.174286778973443e-11,-9.999983894896793e-05,-1.215439577674154e-08,-1.478723037375078e-12,1.216613876196151e-08,4.999991526041255e-05,5.508039473136467e-11,9.999984042928669e-05,-1.174286778973443e-11
3,1359.356390878512,0.0,2.263516158725887e-07,0.01170821421503019,1.595708380025455e-06,1.229438203432037e-07,0.0,0.0,1.0,0.0,0.0,0.0,4.999991526089812e-05,5.250988922956346e-11,-9.9999840429162e-05,1.229438203432037e-11,-9.999983905820952e-05,-1.169579676623131e-08,-1.369356764152866e-12,1.170809127120985e-08,4.999991526089812e-05,5.250988922956346e-11,9.9999840429162e-05,-1.229438203432037e-11
3,1412.53754462274,0.0,3.276391328386893e-07,0.01126741762022209,1.595709742921776e-06,1.286400504314522e-07,0.0,0.0,1.0,0.0,0.0,0.0,4.999991526133744e-05,5.001672733184422e-11,-9.999984042902572e-05,1.286400504314522e-11,-9.999983915935942e-05,-1.125442484648934e-08,-1.268070610083087e-12,1.126728898017166e-08,4.999991526133744e-05,5.001672733184422e-11,9.999984042902572e-05,-1.286400504314522e-11
3,1467.799267622055,0.0,4.21443624175066e-07,0.01084321714378982,1.595711229890808e-06,1.34525758307805e-07,0.0,0.0,1.0,0.0,0.0,0.0,4.999991526173305e-05,4.759723652438319e-11,-9.999984042887702e-05,1.345257583078051e-11,-9.99998392530137e-05,-1.082962990767228e-08,-1.174267605715742e-12,1.084308261803151e-08,4.999991526173305e-05,4.759723652438319e-11,9.9999840428877e-05,-1.345257583078051e-11
3,1525.222956539003,0.0,5.083179632361246e-07,0.0104349879682102,1.595712849696585e-06,1.406096132051243e-07,0.0,0.0,1.0,0.0,0.0,0.0,4.999991526208728e-05,4.524785314739423e-11,-9.999984042871504e-05,1.406096132051243e-11,-9.999983933972446e-05,-1.042078625666685e-08,-1.08739488646046e-12,1.0434847358597e-08,4.999991526208728e-05,4.524785314739423e-11,9.999984042871503e-05,-1.406096132051243e-11
3,1584.893192461097,0.0,5.887741778258844e-07,0.01004212880055201,1.595714611886062e-06,1.469005762125369e-07,0.0,0.0,1.0,0.0,0.0,0.0,4.999991526240223e-05,4.296511664886374e-11,-9.999984042853882e-05,1.469005762125369e-11,-9.999983942000265e-05,-1.002729169545388e-08,-1.006940434060177e-12,1.00419818999758e-08,4.999991526240223e-05,4.296511664886374e-11,9.999984042853882e-05,-1.469005762125369e-11
3,1646.897865482852,0.0,6.632864680293322e-07,0.00966406098681557,1.59571652684539e-06,1.534079134744328e-07,0.0,0.0,1.0,0.0,0.0,0.0,4.99999152626798e-05,4.074566459722728e-11,-9.999984042834732e-05,1.534079134744328e-11,-9.999983949432153e-05,-9.648566634148191e-09,-9.324300588160582e-13,9.663907578902095e-09,4.99999152626798e-05,4.074566459722728e-11,9.999984042834732e-05,-1.534079134744328e-11
3,1711.328304161763,0.0,7.322940010972943e-07,0.00930022765961774,1.595718605861127e-06,1.601412098387785e-07,0.0,0.0,1.0,0.0,0.0,0.0,4.999991526292156e-05,3.858622834456765e-11,-9.999984042813942e-05,1.601412098387785e-11,-9.999983956311914e-05,-9.284053237283802e-09,-8.634246047638326e-13,9.300067518407901e-09,4.999991526292156e-05,3.858622834456765e-11,9.999984042813942e-05,-1.601412098387785e-11
3,1778.279410038904,0.0,7.962034998480566e-07,0.008950092917966808,1.595720861186762e-06,1.671103829748535e-07,0.0,0.0,1.0,0.0,0.0,0.0,4.999991526312899e-05,3.648362662982918e-11,-9.999984042791388e-05,1.671103829748535e-11,-9.999983962680081e-05,-8.933214602177542e-09,-7.995173613387057e-13,8.949925807583834e-09,4.999991526312899e-05,3.648362662982918e-11,9.999984042791388e-05,-1.671103829748535e-11
3,1847.849797422272,0.0,8.553916398480209e-07,0.008613141037919296,1.595723306114935e-06,1.74325697981198e-07,0.0,0.0,1.0,0.0,0.0,0.0,4.999991526330325e-05,3.443476281410948e-11,-9.99998404276694e-05,1.74325697981198e-11,-9.999983968574199e-05,-8.595533968094984e-09,-7.403316662669144e-13,8.612966712221314e-09,4.999991526330325e-05,3.443476281410948e-11,9.99998404276694e-05,-1.74325697981198e-11
3,1920.141938638781,0.0,9.102072694933537e-07,0.008288875712955905,1.595725955055782e-06,1.817977825052909e-07,0.0,0.0,1.0,0.0,0.0,0.0,4.999991526344542e-05,3.243661924281569e-11,-9.99998404274045e-05,1.817977825052909e-11,-9.999983974029008e-05,-8.27051395512691e-09,-6.855186855624279e-13,8.2886939151734e-09,4.999991526344542e-05,3.243661924281569e-11,9.99998404274045e-05,-1.817977825052909e-11
3,1995.262314968858,0.0,9.609734660880964e-07,0.007976819322957875,1.595728823621867e-06,1.895376423972247e-07,0.0,0.0,1.0,0.0,0.0,0.0,4.999991526355634e-05,3.048625236676255e-11,-9.999984042711764e-05,1.895376423972247e-11,-9.999983979076658e-05,-7.957675831535075e-09,-6.347553575337702e-13,7.976629785315478e-09,4.999991526355634e-05,3.048625236676255e-11,9.999984042711764e-05,-1.895376423972247e-11
3,2073.321573485933,0.0,1.007989440020357e-06,0.007676512230706942,1.595731928720198e-06,1.975566779204342e-07,0.0,0.0,1.0,0.0,0.0,0.0,4.999991526363662e-05,2.858078959799418e-11,-9.999984042680713e-05,1.975566779204343e-11,-9.99998398374689e-05,-7.656558808683001e-09,-5.877424886998411e-13,7.676314674029022e-09,4.999991526363662e-05,2.858078959799418e-11,9.999984042680713e-05,-1.975566779204343e-11
3,2154.434690031861,0.0,1.05153229828183e-06,0.007387512104872794,1.595735288651883e-06,2.058667005433539e-07,0.0,0.0,1.0,0.0,0.0,0.0,4.999991526368677e-05,2.671742432246253e-11,-9.999984042647113e-05,2.058667005433539e-11,-9.99998398806724e-05,-7.366719362246576e-09,-5.442029903700532e-13,7.387306238172251e-09,4.999991526368677e-05,2.671742432246253e-11,9.999984042647113e-05,-2.058667005433539e-11
3,2238.721138568315,0.0,1.091858677698824e-06,0.007109393268490692,1.595738923219984e-06,2.14479950336735e-07,0.0,0.0,1.0,0.0,0.0,0.0,4.999991526370706e-05,2.489341210532841e-11,-9.999984042610768e-05,2.14479950336735e-11,-9.99998399206317e-05,-7.087730579023775e-09,-5.038802455211607e-13,7.109178788540355e-09,4.999991526370706e-05,2.489341210532841e-11,9.999984042610768e-05,-2.14479950336735e-11
3,2326.305067153601,0.0,1.129206257527323e-06,0.006841746071969805,1.595742853846242e-06,2.234091140022464e-07,0.0,0.0,1.0,0.0,0.0,0.0,4.999991526369766e-05,2.310606608311131e-11,-9.999984042571462e-05,2.234091140022464e-11,-9.999983995758232e-05,-6.819181528044947e-09,-4.665365963189199e-13,6.841522662855803e-09,4.999991526369766e-05,2.310606608311131e-11,9.999984042571462e-05,-2.234091140022464e-11
3,2417.315480804078,0.0,1.163795160305207e-06,0.006584176289708619,1.59574710369733e-06,2.326673435589092e-07,0.0,0.0,1.0,0.0,0.0,0.0,4.999991526365845e-05,2.135275360267203e-11,-9.999984042528964e-05,2.326673435589093e-11,-9.999983999174196e-05,-6.560676655341401e-09,-4.319519433921236e-13,6.583943622365059e-09,4.999991526365845e-05,2.135275360267203e-11,9.999984042528964e-05,-2.326673435589093e-11
3,2511.886431509553,0.0,1.195829249231144e-06,0.00633630453942873,1.595751697821396e-06,2.422682757148913e-07,0.0,0.0,1.0,0.0,0.0,0.0,4.999991526358923e-05,1.963089220967426e-11,-9.999984042483022e-05,2.422682757148913e-11,-9.9999840023312e-05,-6.311835201310097e-09,-3.999224485902518e-13,6.336062271153015e-09,4.999991526358923e-05,1.963089220967426e-11,9.999984042483022e-05,-2.422682757148913e-11
3,2610.157215682508,0.0,1.225497329710811e-06,0.006097765723371792,1.595756663295693e-06,2.522260519531863e-07,0.0,0.0,1.0,0.0,0.0,0.0,4.999991526348959e-05,1.79379459080972e-11,-9.999984042433367e-05,2.522260519531863e-11,-9.999984005247858e-05,-6.07229063989776e-09,-3.70259333584882e-13,6.097513497319839e-09,4.999991526348959e-05,1.79379459080972e-11,9.999984042433368e-05,-2.522260519531863e-11
3,2712.272579331998,0.0,1.252974262157118e-06,0.005868208490536441,1.595762029386173e-06,2.625553393607632e-07,0.0,0.0,1.0,0.0,0.0,0.0,4.999991526335896e-05,1.627142087764735e-11,-9.999984042379707e-05,2.625553393607632e-11,-9.999984007941357e-05,-5.841690138703284e-09,-3.427877672290556e-13,5.86794593519708e-09,4.999991526335896e-05,1.627142087764735e-11,9.999984042379706e-05,-2.625553393607632e-11
3,2818.382931264422,0.0,1.278421992595806e-06,0.00564729471916323,1.59576782771997e-06,2.732713522318604e-07,0.0,0.0,1.0,0.0,0.0,0.0,4.999991526319652e-05,1.462886254642346e-11,-9.999984042321723e-05,2.732713522318604e-11,-9.999984010427563e-05,-5.619694039319742e-09,-3.173458351241638e-13,5.647021447810997e-09,4.999991526319652e-05,1.462886254642346e-11,9.999984042321723e-05,-2.732713522318604e-11
3,2928.644564625204,0.0,1.301990507160484e-06,0.005434699018705259,1.595774092471814e-06,2.84389874477243e-07,0.0,0.0,1.0,0.0,0.0,0.0,4.999991526300137e-05,1.300785152516959e-11,-9.999984042259076e-05,2.84389874477243e-11,-9.999984012721143e-05,-5.405975356991255e-09,-2.9378358531133e-13,5.434414628830782e-09,4.999991526300137e-05,1.300785152516959e-11,9.999984042259076e-05,-2.84389874477243e-11
3,3043.219887107688,0.0,1.323818716090664e-06,0.005230108250550937,1.595780860565446e-06,2.95927282872421e-07,0.0,0.0,1.0,0.0,0.0,0.0,4.999991526277231e-05,1.140600013783975e-11,-9.999984042191395e-05,2.95927282872421e-11,-9.999984014835603e-05,-5.200219299052705e-09,-2.719621444747814e-13,5.229812323268065e-09,4.999991526277231e-05,1.140600013783975e-11,9.999984042191395e-05,-2.95927282872421e-11
3,3162.277660168344,0.0,1.344035272456731e-06,0.005033221066792962,1.595788171891247e-06,3.079005711790738e-07,0.0,0.0,1.0,0.0,0.0,0.0,4.999991526250803e-05,9.820949060583298e-12,-9.999984042118282e-05,3.079005711790738e-11,-9.999984016783412e-05,-5.002122801204517e-09,-2.517528994345158e-13,5.032913166221783e-09,4.999991526250803e-05,9.820949060583298e-12,9.999984042118282e-05,-3.079005711790738e-11
3,3285.993247600617,0.0,1.362759330425556e-06,0.004843747466364148,1.595796069541348e-06,3.203273751751969e-07,0.0,0.0,1.0,0.0,0.0,0.0,4.999991526220695e-05,8.250363581259881e-12,-9.999984042039306e-05,3.20327375175197e-11,-9.999984018576051e-05,-4.811394081145272e-09,-2.330367391157916e-13,4.843427138988972e-09,4.999991526220695e-05,8.250363581259881e-12,9.999984042039306e-05,-3.20327375175197e-11
3,3414.548873833563,0.0,1.380101247542016e-06,0.004661408367886334,1.595804600063601e-06,3.332259986308378e-07,0.0,0.0,1.0,0.0,0.0,0.0,4.999991526186732e-05,6.691930265530792e-12,-9.999984041953999e-05,3.332259986308378e-11,-9.999984020224083e-05,-4.627752208798409e-09,-2.157033525215855e-13,4.661075141887703e-09,4.999991526186732e-05,6.691930265530792e-12,9.999984041954e-05,-3.332259986308378e-11
3,3548.133892335714,0.0,1.396163235164582e-06,0.004485935198603192,1.595813813735937e-06,3.466154402676711e-07,0.0,0.0,1.0,0.0,0.0,0.0,4.999991526148709e-05,5.143353785581076e-12,-9.999984041861862e-05,3.466154402676712e-11,-9.999984021737224e-05,-4.450926692515216e-09,-1.996505785713545e-13,4.485588583162925e-09,4.999991526148709e-05,5.143353785581076e-12,9.999984041861862e-05,-3.466154402676712e-11
3,3686.945064519533,0.0,1.411039960886871e-06,0.004317069498791497,1.595823764862691e-06,3.605154217421178e-07,0.0,0.0,1.0,0.0,0.0,0.0,4.999991526106406e-05,3.602353125425924e-12,-9.999984041762352e-05,3.605154217421178e-11,-9.999984023124389e-05,-4.280657080681582e-09,-1.847838039758204e-13,4.316708983369754e-09,4.999991526106406e-05,3.602353125425924e-12,9.999984041762352e-05,-3.605154217421178e-11
3,3831.186849557243,0.0,1.424819106500592e-06,0.004154562541068153,1.595834512094669e-06,3.749464166932113e-07,0.0,0.0,1.0,0.0,0.0,0.0,4.999991526059574e-05,2.066658436738894e-12,-9.99998404165488e-05,3.749464166932114e-11,-9.999984024393754e-05,-4.11669257803336e-09,-1.710154055940774e-13,4.154187594651459e-09,4.999991526059574e-05,2.066658436738894e-12,9.99998404165488e-05,-3.749464166932114e-11
3,3981.071705534926,0.0,1.437581884778805e-06,0.003998174964032262,1.595846118774824e-06,3.899296808979924e-07,0.0,0.0,1.0,0.0,0.0,0.0,4.999991526007934e-05,5.340078946806901e-13,-9.999984041538812e-05,3.899296808979924e-11,-9.999984025552801e-05,-3.958791676334645e-09,-1.582642339960188e-13,3.997785034351364e-09,4.999991526007934e-05,5.340078946806901e-13,9.999984041538812e-05,-3.899296808979924e-11
3,4136.820402388459,0.0,1.449403518138849e-06,0.003847676419702623,1.595858653311594e-06,4.054872835788336e-07,0.0,0.0,1.0,0.0,0.0,0.0,4.999991525951184e-05,-9.978560696877353e-13,-9.999984041413468e-05,4.054872835788336e-11,-9.999984026608368e-05,-3.806721798564246e-09,-1.464551351727447e-13,3.847270932419045e-09,4.999991525951184e-05,-9.978560696877353e-13,9.999984041413468e-05,-4.054872835788336e-11
3,4298.662347082227,0.0,1.460353681990483e-06,0.003702845234231338,1.595872189582093e-06,4.216421399087971e-07,0.0,0.0,1.0,0.0,0.0,0.0,4.99999152588899e-05,-2.531189805155009e-12,-9.999984041278105e-05,4.216421399087971e-11,-9.999984027566666e-05,-3.660258956458992e-09,-1.355185075916101e-13,3.702423592091429e-09,4.99999152588899e-05,-2.531189805155009e-12,9.999984041278104e-05,-4.216421399087971e-11
3,4466.835921509579,0.0,1.470496915400576e-06,0.003563468081393812,1.595886807367529e-06,4.384180447628863e-07,0.0,0.0,1.0,0.0,0.0,0.0,4.99999152582098e-05,-4.068251638738873e-12,-9.999984041131927e-05,4.384180447628863e-11,-9.999984028433346e-05,-3.519187420454743e-09,-1.253898919669524e-13,3.563029663349049e-09,4.99999152582098e-05,-4.068251638738873e-12,9.999984041131927e-05,-4.384180447628863e-11
3,4641.588833612725,0.0,1.479893001474655e-06,0.003429339668374207,1.595902592823431e-06,4.558397077648953e-07,0.0,0.0,1.0,0.0,0.0,0.0,4.999991525746761e-05,-5.611305751691425e-12,-9.999984040974072e-05,4.558397077648953e-11,-9.999984029213522e-05,-3.38329940205214e-09,-1.160095913487755e-13,3.428883828666442e-09,4.999991525746761e-05,-5.611305751691425e-12,9.999984040974072e-05,-4.558397077648953e-11
3,4823.178482239249,0.0,1.488597319713963e-06,0.003300262433383523,1.595919638987428e-06,4.739327896814491e-07,0.0,0.0,1.0,0.0,0.0,0.0,4.999991525665891e-05,-7.162624889986354e-12,-9.99998404080361e-05,4.739327896814491e-11,-9.999984029911789e-05,-3.252394747707629e-09,-1.07322319273465e-13,3.299788500593841e-09,4.999991525665891e-05,-7.162624889986354e-12,9.99998404080361e-05,-4.739327896814491e-11
3,5011.872336272663,0.0,1.496661172417752e-06,0.003176046254664942,1.595938046327608e-06,4.927239402168328e-07,0.0,0.0,1.0,0.0,0.0,0.0,4.999991525577896e-05,-8.724494023482376e-12,-9.999984040619538e-05,4.927239402168328e-11,-9.999984030532256e-05,-3.126280643970618e-09,-9.927687390985622e-14,3.175553530724726e-09,4.999991525577896e-05,-8.724494023482376e-12,9.999984040619538e-05,-4.927239402168328e-11
3,5207.948328595401,0.0,1.504132087047876e-06,0.003056508170457825,1.59595792333466e-06,5.122408372642483e-07,0.0,0.0,1.0,0.0,0.0,0.0,4.999991525482253e-05,-1.029921362561518e-11,-9.999984040420767e-05,5.122408372642483e-11,-9.999984031078587e-05,-3.004771333652574e-09,-9.182583628678442e-14,3.05599592962056e-09,4.999991525482253e-05,-1.029921362561518e-11,9.999984040420767e-05,-5.122408372642483e-11
3,5411.695265464572,0.0,1.511054096357113e-06,0.002941472109507844,1.595979387161301e-06,5.325122276712884e-07,0.0,0.0,1.0,0.0,0.0,0.0,4.999991525378401e-05,-1.188910308861388e-11,-9.999984040206129e-05,5.325122276712884e-11,-9.999984031554003e-05,-2.887687842016087e-09,-8.49252908041884e-14,2.940939597280172e-09,4.999991525378401e-05,-1.188910308861388e-11,9.999984040206129e-05,-5.325122276712884e-11
3,5623.413251903423,0.0,1.517467997910759e-06,0.00283076863172637,1.596002564312759e-06,5.53567969579647e-07,0.0,0.0,1.0,0.0,0.0,0.0,4.999991525265727e-05,-1.349650440976725e-11,-9.999984039974357e-05,5.535679695796471e-11,-9.999984031961298e-05,-2.774857713231692e-09,-7.853456640200014e-14,2.830215063756791e-09,4.999991525265727e-05,-1.349650440976725e-11,9.999984039974357e-05,-5.535679695796471e-11
3,5843.414133735106,0.0,1.523411594540143e-06,0.002724234678617091,1.596027591392374e-06,5.75439076401401e-07,0.0,0.0,1.0,0.0,0.0,0.0,4.999991525143571e-05,-1.512378498322232e-11,-9.999984039724087e-05,5.75439076401401e-11,-9.999984032302883e-05,-2.666114756464643e-09,-7.261599685223135e-14,2.723659239540689e-09,4.999991525143571e-05,-1.512378498322232e-11,9.999984039724087e-05,-5.75439076401401e-11
3,6072.021956909812,0.0,1.528919917152886e-06,0.002621713333102258,1.59605461590672e-06,5.981577624965875e-07,0.0,0.0,1.0,0.0,0.0,0.0,4.999991525011209e-05,-1.677334171992978e-11,-9.999984039453841e-05,5.981577624965876e-11,-9.999984032580765e-05,-2.561298800932861e-09,-6.713469875383458e-14,2.621115175339761e-09,4.999991525011209e-05,-1.677334171992978e-11,9.999984039453841e-05,-5.981577624965876e-11
3,6309.573444801856,0.0,1.534025431198543e-06,0.002523053588394814,1.596083797134982e-06,6.217574906193367e-07,0.0,0.0,1.0,0.0,0.0,0.0,4.99999152486786e-05,-1.844760427312173e-11,-9.99998403916203e-05,6.217574906193367e-11,-9.999984032796585e-05,-2.460255460078709e-09,-6.205836593643903e-14,2.522431830904194e-09,4.99999152486786e-05,-1.844760427312173e-11,9.99998403916203e-05,-6.217574906193367e-11
3,6556.418494179708,0.0,1.538758228016767e-06,0.002428110125575963,1.596115307067725e-06,6.462730212023857e-07,0.0,0.0,1.0,0.0,0.0,0.0,4.999991524712681e-05,-2.014903872457445e-11,-9.999984038846929e-05,6.462730212023858e-11,-9.99998403295161e-05,-2.362835904158447e-09,-5.735707905095742e-14,2.42746385255476e-09,4.999991524712681e-05,-2.014903872457445e-11,9.99998403884693e-05,-6.462730212023858e-11
3,6812.920690579529,0.0,1.543146202193403e-06,0.002336743099550572,1.596149331420578e-06,6.717404635525184e-07,0.0,0.0,1.0,0.0,0.0,0.0,4.999991524544756e-05,-2.188015116244993e-11,-9.999984038506686e-05,6.717404635525185e-11,-9.999984033046758e-05,-2.268896640984496e-09,-5.300312922717485e-14,2.336071359087019e-09,4.999991524544756e-05,-2.188015116244993e-11,9.999984038506686e-05,-6.717404635525185e-11
3,7079.457843841292,0.0,1.547215215966896e-06,0.002248817933065114,1.596186070728807e-06,6.981973290322881e-07,0.0,0.0,1.0,0.0,0.0,0.0,4.999991524363099e-05,-2.36434913268991e-11,-9.999984038139294e-05,6.981973290322882e-11,-9.999984033082587e-05,-2.178299304619449e-09,-4.897085476191103e-14,2.248119735736081e-09,4.999991524363099e-05,-2.36434913268991e-11,9.999984038139292e-05,-6.981973290322882e-11
3,7356.422544596322,0.0,1.550989251657603e-06,0.002164205118484794,1.596225741529241e-06,7.256825863062864e-07,0.0,0.0,1.0,0.0,0.0,0.0,4.999991524166636e-05,-2.544165648605698e-11,-9.999984037742585e-05,7.256825863062865e-11,-9.999984033059312e-05,-2.090910451571547e-09,-4.523648987163769e-14,2.163479435898487e-09,4.999991524166636e-05,-2.544165648605698e-11,9.999984037742584e-05,-7.256825863062865e-11
3,7644.222742525907,0.0,1.554490553017442e-06,0.002082780027037846,1.596268577636497e-06,7.542367187332625e-07,0.0,0.0,1.0,0.0,0.0,0.0,4.99999152395421e-05,-2.727729520361653e-11,-9.999984037314224e-05,7.542367187332626e-11,-9.999984032976793e-05,-2.006601364221446e-09,-4.177802461905453e-14,2.082025790319113e-09,4.99999152395421e-05,-2.727729520361653e-11,9.999984037314224e-05,-7.542367187332626e-11
3,7943.282347242715,0.0,1.557739756333575e-06,0.002004422725246061,1.59631483152104e-06,7.839017839885506e-07,0.0,0.0,1.0,0.0,0.0,0.0,4.999991523724569e-05,-2.915311122837413e-11,-9.999984036851686e-05,7.839017839885507e-11,-9.999984032834547e-05,-1.925247861156479e-09,-3.857507518746517e-14,2.003638823462072e-09,4.999991523724569e-05,-2.915311122837413e-11,9.999984036851686e-05,-7.839017839885507e-11
3,8254.04185268008,0.0,1.560756012051788e-06,0.001929017798271152,1.5963647757972e-06,8.147214760045342e-07,0.0,0.0,1.0,0.0,0.0,0.0,4.999991523476358e-05,-3.107186743798401e-11,-9.999984036352242e-05,8.147214760045341e-11,-9.999984032631728e-05,-1.846730114484219e-09,-3.56087637454117e-14,1.928203076795147e-09,4.999991523476358e-05,-3.107186743798401e-11,9.999984036352242e-05,-8.147214760045341e-11
3,8576.958985908834,0.0,1.563557097652836e-06,0.001856454179916756,1.596418704829907e-06,8.467411893202787e-07,0.0,0.0,1.0,0.0,0.0,0.0,4.999991523208116e-05,-3.303639002665698e-11,-9.999984035812952e-05,8.467411893202788e-11,-9.99998403236715e-05,-1.770932473055781e-09,-3.286160717707065e-14,1.855607438727436e-09,4.999991523208116e-05,-3.303639002665698e-11,9.999984035812952e-05,-8.467411893202788e-11
3,8912.509381337342,0.0,1.566159522426435e-06,0.001786624989035681,1.59647693646961e-06,8.800080859350045e-07,0.0,0.0,1.0,0.0,0.0,0.0,4.999991522918261e-05,-3.504957254378007e-11,-9.999984035230635e-05,8.800080859350046e-11,-9.999984032039246e-05,-1.697743292344183e-09,-3.031741404317497e-14,1.785744980949746e-09,4.999991522918261e-05,-3.504957254378007e-11,9.999984035230637e-05,-8.800080859350046e-11
3,9261.187281287817,0.0,1.56857862477747e-06,0.00171942737210143,1.596539813925632e-06,9.14571164763748e-07,0.0,0.0,1.0,0.0,0.0,0.0,4.999991522605088e-05,-3.711438019003294e-11,-9.999984034601862e-05,9.14571164763748e-11,-9.99998403164609e-05,-1.627054769886241e-09,-2.796118914816207e-14,1.718512800936666e-09,4.999991522605088e-05,-3.711438019003294e-11,9.999984034601862e-05,-9.14571164763748e-11
3,9623.506263980764,0.0,1.570828662628498e-06,0.001654762351712135,1.596607707788964e-06,9.504813337973615e-07,0.0,0.0,1.0,0.0,0.0,0.0,4.999991522266744e-05,-3.92338542761332e-11,-9.999984033922922e-05,9.504813337973616e-11,-9.999984031185358e-05,-1.558762786512671e-09,-2.577904516046609e-14,1.653811870378338e-09,4.999991522266744e-05,-3.92338542761332e-11,9.999984033922922e-05,-9.504813337973616e-11
3,9999.99999999987,0.0,1.572922897453625e-06,0.001592534680803747,1.596681018216447e-06,9.877914850729967e-07,0.0,0.0,1.0,0.0,0.0,0.0,4.999991521901241e-05,-4.141111658671273e-11,-9.999984033189819e-05,9.877914850729968e-11,-9.999984030654339e-05,-1.492766753031608e-09,-2.375812076282221e-14,1.591546889318674e-09,4.999991521901241e-05,-4.141111658671273e-11,9.999984033189819e-05,-9.877914850729968e-11
3,10391.22303835156,0.0,1.574873672441835e-06,0.001532652702357743,1.596760177289199e-06,1.0265565725653e-06,0.0,0.0,1.0,0.0,0.0,0.0,4.999991521506425e-05,-4.364937401524294e-11,-9.999984032398228e-05,1.0265565725653e-10,-9.999984030049901e-05,-1.428969461963868e-09,-2.188650484736341e-14,1.531626145785178e-09,4.999991521506425e-05,-4.364937401524294e-11,9.999984032398228e-05,-1.0265565725653e-10
3,10797.75162327696,0.0,1.576692485243331e-06,0.00147502821439673,1.596845651559196e-06,1.066833693112867e-06,0.0,0.0,1.0,0.0,0.0,0.0,4.999991521079962e-05,-4.595192323961623e-11,-9.999984031543485e-05,1.066833693112867e-10,-9.999984029368482e-05,-1.367276944553662e-09,-2.01531663158647e-14,1.473961380703618e-09,4.999991521079962e-05,-4.595192323961623e-11,9.999984031543485e-05,-1.066833693112867e-10
3,11220.18454301949,0.0,1.578390055738494e-06,0.001419576340069071,1.59693794479901e-06,1.108682170498911e-06,0.0,0.0,1.0,0.0,0.0,0.0,4.999991520619346e-05,-4.832215569588142e-11,-9.999984030620552e-05,1.108682170498911e-10,-9.999984028606068e-05,-1.307598332162884e-09,-1.854788906051593e-14,1.418467657898572e-09,4.999991520619346e-05,-4.832215569588142e-11,9.999984030620552e-05,-1.108682170498911e-10
3,11659.14401179817,0.0,1.579976389217903e-06,0.001366215402631186,1.597037600970908e-06,1.152163642809764e-06,0.0,0.0,1.0,0.0,0.0,0.0,4.99999152012186e-05,-5.076356249776739e-11,-9.999984029623991e-05,1.152163642809764e-10,-9.999984027758166e-05,-1.249845722537267e-09,-1.70612117530049e-14,1.365063238988377e-09,4.99999152012186e-05,-5.076356249776739e-11,9.999984029623991e-05,-1.152163642809764e-10
3,12115.27658628572,0.0,1.581460835352524e-06,0.001314866805143393,1.597145207432812e-06,1.197342153199567e-06,0.0,0.0,1.0,0.0,0.0,0.0,4.999991519584572e-05,-5.327973957304551e-11,-9.999984028547926e-05,1.197342153199567e-10,-9.999984026819776e-05,-1.193934050324678e-09,-1.568437208028747e-14,1.313669462990194e-09,4.999991519584572e-05,-5.327973957304551e-11,9.999984028547926e-05,-1.197342153199567e-10
3,12589.25411794151,0.0,1.582852143299755e-06,0.001265454914702076,1.59726139840001e-06,1.244284244194558e-06,0.0,0.0,1.0,0.0,0.0,0.0,4.999991519004313e-05,-5.587439292186305e-11,-9.999984027386017e-05,1.244284244194558e-10,-9.999984025785363e-05,-1.139780961767631e-09,-1.440925510025485e-14,1.264210630457882e-09,4.999991519004313e-05,-5.587439292186305e-11,9.999984027386017e-05,-1.244284244194558e-10
3,13081.77474260177,0.0,1.584158513270236e-06,0.00121790695103767,1.597386858683034e-06,1.293059055675476e-06,0.0,0.0,1.0,0.0,0.0,0.0,4.999991518377668e-05,-5.85513441867828e-11,-9.999984026131413e-05,1.293059055675476e-10,-9.99998402464884e-05,-1.087306693375082e-09,-1.322834541279764e-14,1.216613891981994e-09,4.999991518377668e-05,-5.85513441867828e-11,9.999984026131414e-05,-1.293059055675476e-10
3,13593.56390878508,0.0,1.585387644858474e-06,0.001172152879314365,1.597522327723693e-06,1.343738426682026e-06,0.0,0.0,1.0,0.0,0.0,0.0,4.999991517700938e-05,-6.131453619571582e-11,-9.999984024776723e-05,1.343738426682026e-10,-9.999984023403505e-05,-1.036433954463855e-09,-1.213468286521968e-14,1.170809140887683e-09,4.999991517700938e-05,-6.131453619571582e-11,9.999984024776723e-05,-1.343738426682026e-10
3,14125.37544622736,0.0,1.586546782421563e-06,0.001128125306973655,1.597668603953101e-06,1.396397001188888e-06,0.0,0.0,1.0,0.0,0.0,0.0,4.999991516970139e-05,-6.416803875557386e-11,-9.99998402331396e-05,1.396397001188889e-10,-9.999984022042011e-05,-9.870878134661756e-10,-1.112182153153821e-14,1.126728909972466e-09,4.999991516970139e-05,-6.416803875557386e-11,9.99998402331396e-05,-1.396397001188889e-10
3,14677.9926762205,0.0,1.587642757780321e-06,0.001085759384469754,1.597826549497338e-06,1.451112338008583e-06,0.0,0.0,1.0,0.0,0.0,0.0,4.999991516180957e-05,-6.711605471697037e-11,-9.999984021734506e-05,1.451112338008583e-10,-9.99998402055634e-05,-9.391955872349716e-10,-1.018379171701772e-14,1.084308272131746e-09,4.999991516180957e-05,-6.711605471697037e-11,9.999984021734506e-05,-1.451112338008583e-10
3,15252.22956538999,0.0,1.588682030481695e-06,0.001044992709750699,1.59799709525849e-06,1.507965024982507e-06,0.0,0.0,1.0,0.0,0.0,0.0,4.99999151532875e-05,-7.016292607957687e-11,-9.999984020029047e-05,1.507965024982507e-10,-9.999984018937745e-05,-8.926867342732645e-10,-9.31506477679472e-15,1.043484744725717e-09,4.99999151532875e-05,-7.016292607957687e-11,9.999984020029049e-05,-1.507965024982507e-10
3,15848.93192461092,0.0,1.589670725871464e-06,0.001005765236344423,1.598181246401002e-06,1.567038797627688e-06,0.0,0.0,1.0,0.0,0.0,0.0,4.99999151440849e-05,-7.33131404837241e-11,-9.999984018187537e-05,1.567038797627688e-10,-9.999984017176665e-05,-8.474927507452485e-10,-8.510520529538153e-15,1.004198197546795e-09,4.99999151440849e-05,-7.33131404837241e-11,9.999984018187536e-05,-1.567038797627688e-10
3,16468.97865482846,0.0,1.590614671196022e-06,0.000968019184914443,1.598380088275698e-06,1.628420662413327e-06,0.0,0.0,1.0,0.0,0.0,0.0,4.999991513414754e-05,-7.657133766811959e-11,-9.999984016199118e-05,1.628420662413327e-10,-9.999984015262738e-05,-8.0354706958232e-10,-7.765417079676545e-15,9.663907642520296e-10,4.999991513414754e-05,-7.657133766811959e-11,9.999984016199118e-05,-1.628420662413327e-10
3,17113.28304161757,0.0,1.591519429947118e-06,0.000931698958154855,1.598594792816338e-06,1.692201024847899e-06,0.0,0.0,1.0,0.0,0.0,0.0,4.999991512341684e-05,-7.994231648999273e-11,-9.999984014052073e-05,1.692201024847899e-10,-9.999984013184674e-05,-7.607849624451071e-10,-7.075362869220438e-15,9.30006757130007e-10,4.999991512341684e-05,-7.994231648999273e-11,9.999984014052073e-05,-1.692201024847899e-10
3,17782.79410038899,0.0,1.592390334652367e-06,0.0008967510588993107,1.598826625446435e-06,1.758473822564575e-06,0.0,0.0,1.0,0.0,0.0,0.0,4.999991511182958e-05,-8.34310417961594e-11,-9.999984011733746e-05,1.758473822564575e-10,-9.999984010930234e-05,-7.191434443544114e-10,-6.43629079406775e-15,8.949925850767461e-10,4.999991511182958e-05,-8.34310417961594e-11,9.999984011733746e-05,-1.758473822564575e-10
3,18478.49797422266,0.0,1.593232518303702e-06,0.0008631240113233409,1.59907695253701e-06,1.827336663600002e-06,0.0,0.0,1.0,0.0,0.0,0.0,4.999991509931744e-05,-8.704265193105299e-11,-9.999984009230475e-05,1.827336663600002e-10,-9.999984008486126e-05,-6.785611809637374e-10,-5.84443423330765e-15,8.612966746597408e-10,4.999991509931744e-05,-8.704265193105299e-11,9.999984009230475e-05,-1.827336663600002e-10
3,19201.41938638775,0.0,1.594050944609823e-06,0.0008307682851239611,1.599347249459246e-06,1.898890970068983e-06,0.0,0.0,1.0,0.0,0.0,0.0,4.99999150858067e-05,-9.078246612277976e-11,-9.999984006527506e-05,1.898890970068983e-10,-9.999984005837942e-05,-6.389783982595045e-10,-5.296304849423606e-15,8.288693941538921e-10,4.99999150858067e-05,-9.078246612277976e-11,9.999984006527506e-05,-1.898890970068983e-10
3,19952.62314968852,0.0,1.594850437251661e-06,0.0007996362225648882,1.599639109279469e-06,1.973242127445418e-06,0.0,0.0,1.0,0.0,0.0,0.0,4.999991507121771e-05,-9.465599239772011e-11,-9.999984003608907e-05,1.973242127445418e-10,-9.999984002970076e-05,-6.003367944603515e-10,-4.788672027808018e-15,7.976629804374427e-10,4.999991507121771e-05,-9.465599239772011e-11,9.999984003608907e-05,-1.973242127445418e-10
3,20733.21573485926,0.0,1.595635708311679e-06,0.0007696819682799,1.599954252147703e-06,2.050499639667968e-06,0.0,0.0,1.0,0.0,0.0,0.0,4.99999150554645e-05,-9.86689356984148e-11,-9.999984000457478e-05,2.050499639667968e-10,-9.99998399986563e-05,-5.625794541677417e-10,-4.318543836024203e-15,7.67631468640232e-10,4.99999150554645e-05,-9.86689356984148e-11,9.999984000457478e-05,-2.050499639667968e-10
3,21544.34690031854,0.0,1.596411386044647e-06,0.0007408614017309449,1.600294535435103e-06,2.130777290297319e-06,0.0,0.0,1.0,0.0,0.0,0.0,4.999991503845422e-05,-1.028272062182885e-10,-9.999983997054646e-05,2.130777290297319e-10,-9.999983996506303e-05,-5.256507646478192e-10,-3.883149390455554e-15,7.387306244406476e-10,4.999991503845422e-05,-1.028272062182885e-10,9.999983997054646e-05,-2.130777290297319e-10
3,22387.21138568308,0.0,1.597182042156552e-06,0.0007131320722215204,1.600661964680006e-06,2.214193309960627e-06,0.0,0.0,1.0,0.0,0.0,0.0,4.999991502008662e-05,-1.071369281971564e-10,-9.999983993380354e-05,2.214193309960628e-10,-9.999983992872293e-05,-4.894963337292039e-10,-3.479922523453931e-15,7.109178789115598e-10,4.999991502008662e-05,-1.071369281971564e-10,9.999983993380354e-05,-2.214193309960628e-10
3,23263.05067153593,0.0,1.597952218746775e-06,0.0006864531363695886,1.601058705407077e-06,2.300870550327792e-06,0.0,0.0,1.0,0.0,0.0,0.0,4.999991500025343e-05,-1.116044488115947e-10,-9.999983989412947e-05,2.300870550327792e-10,-9.999983988942189e-05,-4.540629099237619e-10,-3.106486660302037e-15,6.841522658192608e-10,4.999991500025343e-05,-1.116044488115947e-10,9.999983989412947e-05,-2.300870550327792e-10
3,24173.1548080407,0.0,1.598726455078401e-06,0.000660785297947935,1.601487095889184e-06,2.390936664873547e-06,0.0,0.0,1.0,0.0,0.0,0.0,4.999991497883781e-05,-1.162363476141857e-10,-9.999983985129042e-05,2.390936664873547e-10,-9.99998398469283e-05,-4.192983038541691e-10,-2.760640810782423e-15,6.583943612830615e-10,4.999991497883781e-05,-1.162363476141857e-10,9.999983985129042e-05,-2.390936664873547e-10
3,25118.86431509545,0.0,1.599509314329679e-06,0.0006360907500033544,1.601949660927181e-06,2.484524296689114e-06,0.0,0.0,1.0,0.0,0.0,0.0,4.999991495571345e-05,-1.210394461624942e-10,-9.999983980503391e-05,2.484524296689115e-10,-9.999983980099158e-05,-3.851513115056464e-10,-2.440346597501698e-15,6.336062257066652e-10,4.999991495571345e-05,-1.210394461624942e-10,9.999983980503391e-05,-2.484524296689115e-10
3,26101.572156825,0.0,1.600305410487369e-06,0.0006123331191694109,1.602449126728798e-06,2.581771273617243e-06,0.0,0.0,1.0,0.0,0.0,0.0,4.999991493074416e-05,-1.260208180749454e-10,-9.999983975508733e-05,2.581771273617243e-10,-9.99998397513412e-05,-3.515716387590023e-10,-2.143716241428872e-15,6.097513478957937e-10,4.999991493074416e-05,-1.260208180749454e-10,9.999983975508733e-05,-2.581771273617243e-10
3,27122.7257933199,0.0,1.601119435538604e-06,0.0005894774120907346,1.602988436974237e-06,2.682820810994833e-06,0.0,0.0,1.0,0.0,0.0,0.0,4.999991490378274e-05,-1.31187799439064e-10,-9.999983970115631e-05,2.682820810994833e-10,-9.999983969768431e-05,-3.185098273493662e-10,-1.8690014356331e-15,5.867945912797398e-10,4.999991490378274e-05,-1.31187799439064e-10,9.999983970115631e-05,-2.682820810994833e-10
3,28183.82931264413,0.0,1.601956187121834e-06,0.0005674899638799544,1.603570770163159e-06,2.787821722298275e-06,0.0,0.0,1.0,0.0,0.0,0.0,4.999991487467026e-05,-1.365479995822402e-10,-9.999983964292298e-05,2.787821722298275e-10,-9.999983963970483e-05,-2.859171821104029e-10,-1.614583041324383e-15,5.647021421576561e-10,4.999991487467026e-05,-1.365479995822402e-10,9.999983964292298e-05,-2.787821722298275e-10
3,29286.44564625194,0.0,1.602820596801148e-06,0.0005463383885313274,1.604199558345199e-06,2.89692863799773e-06,0.0,0.0,1.0,0.0,0.0,0.0,4.999991484323518e-05,-1.421093122863359e-10,-9.999983958004418e-05,2.89692863799773e-10,-9.999983957706098e-05,-2.537456991506183e-10,-1.378961544051293e-15,5.434414598933296e-10,4.999991484323518e-05,-1.421093122863359e-10,9.999983958004418e-05,-2.89692863799773e-10
3,30432.19887107678,0.0,1.603717759127561e-06,0.0005259915312180356,1.604878507344356e-06,3.010302232938257e-06,0.0,0.0,1.0,0.0,0.0,0.0,4.999991480929222e-05,-1.478799273580421e-10,-9.999983951214927e-05,3.010302232938257e-10,-9.999983950938364e-05,-2.21947995371827e-10,-1.160748216795335e-15,5.229812289850972e-10,4.999991480929222e-05,-1.478799273580421e-10,9.999983951214927e-05,-3.010302232938257e-10
3,31622.77660168334,0.0,1.604652961662205e-06,0.0005064194224028726,1.605611618596351e-06,3.128109462577669e-06,0.0,0.0,1.0,0.0,0.0,0.0,4.999991477264136e-05,-1.538683427142258e-10,-9.999983943883815e-05,3.128109462577669e-10,-9.999983943627389e-05,-1.904772385779147e-10,-9.58656934146499e-16,5.032913129402948e-10,4.999991477264136e-05,-1.538683427142258e-10,9.999983943883815e-05,-3.128109462577669e-10
3,32859.93247600607,0.0,1.605631716135579e-06,0.0004875932336947319,1.60640321272757e-06,3.250523808423429e-06,0.0,0.0,1.0,0.0,0.0,0.0,4.999991473306654e-05,-1.600833768772379e-10,-9.999983935967873e-05,3.250523808423429e-10,-9.999983935730084e-05,-1.592870785274075e-10,-7.714965919913268e-16,4.843427098863085e-10,4.999991473306654e-05,-1.600833768772379e-10,9.999983935967874e-05,-3.250523808423429e-10
3,34145.48873833552,0.0,1.606659790926639e-06,0.0004694852353858617,1.607257955014434e-06,3.377725533023809e-06,0.0,0.0,1.0,0.0,0.0,0.0,4.999991469033458e-05,-1.665341819005083e-10,-9.99998392742045e-05,3.377725533023809e-10,-9.999983927199907e-05,-1.283315788166455e-10,-5.981640877942792e-16,4.66107509852838e-10,4.999991469033458e-05,-1.665341819005083e-10,9.99998392742045e-05,-3.377725533023809e-10
3,35481.33892335703,0.0,1.607743245054149e-06,0.0004520687556073414,1.608180882873116e-06,3.509901944881745e-06,0.0,0.0,1.0,0.0,0.0,0.0,4.999991464419362e-05,-1.7323025679558e-10,-9.999983918191172e-05,3.509901944881745e-10,-9.999983917986589e-05,-9.756514927385309e-11,-4.376378189665904e-16,4.485588536624597e-10,4.999991464419362e-05,-1.7323025679558e-10,9.999983918191172e-05,-3.509901944881745e-10
3,36869.45064519521,0.0,1.60888846388037e-06,0.0004353181410426044,1.609177435541471e-06,3.647247673673683e-06,0.0,0.0,1.0,0.0,0.0,0.0,4.999991459437171e-05,-1.801814616028823e-10,-9.999983908225645e-05,3.647247673673683e-10,-9.99998390803583e-05,-6.694247875585974e-11,-2.889716611008881e-16,4.316708933689307e-10,4.999991459437171e-05,-1.801814616028823e-10,9.999983908225645e-05,-3.647247673673683e-10
3,38311.86849557231,0.0,1.610102196735722e-06,0.000419208719141138,1.610253486127905e-06,3.789964956169804e-06,0.0,0.0,1.0,0.0,0.0,0.0,4.999991454057527e-05,-1.873980317403265e-10,-9.999983897465139e-05,3.789964956169805e-10,-9.999983897288985e-05,-3.64184686034509e-11,-1.512893921826357e-16,4.154187541849682e-10,4.999991454057527e-05,-1.873980317403265e-10,9.999983897465139e-05,-3.789964956169805e-10
3,39810.71705534914,0.0,1.611391596687918e-06,0.0004037167617766903,1.611415376215893e-06,3.938263933266788e-06,0.0,0.0,1.0,0.0,0.0,0.0,4.999991448248721e-05,-1.948905931514942e-10,-9.999983885846238e-05,3.938263933266788e-10,-9.99998388568272e-05,-5.948166243125973e-12,-2.377952797508447e-17,3.997784978434235e-10,4.999991448248721e-05,-1.948905931514942e-10,9.999983885846238e-05,-3.938263933266788e-10
3,41368.20402388446,0.0,1.612764262688448e-06,0.0003888194502964437,1.612669953227794e-06,4.092362958559342e-06,0.0,0.0,1.0,0.0,0.0,0.0,4.999991441976523e-05,-2.026701778163504e-10,-9.999983873300468e-05,4.092362958559343e-10,-9.999983873148631e-05,2.451330089989627e-11,9.430946065400779e-17,3.847270873378844e-10,4.999991441976523e-05,-2.026701778163504e-10,9.999983873300468e-05,-4.092362958559343e-10
3,42986.62347082213,0.0,1.614228284345115e-06,0.0003744948419096652,1.614024610767944e-06,4.252488918892422e-06,0.0,0.0,1.0,0.0,0.0,0.0,4.99999143520397e-05,-2.107482400107282e-10,-9.999983859753893e-05,4.252488918892422e-10,-9.999983859612859e-05,5.501079138802163e-11,2.036735771708953e-16,3.702423529907728e-10,4.99999143520397e-05,-2.107482400107282e-10,9.999983859753893e-05,-4.252488918892422e-10
3,44668.35921509565,0.0,1.615792289584227e-06,0.0003607218373663073,1.615487332182373e-06,4.41887756735208e-06,0.0,0.0,1.0,0.0,0.0,0.0,4.999991427891145e-05,-2.191366730943545e-10,-9.999983845126679e-05,4.41887756735208e-10,-9.999983844995624e-05,8.558921580869963e-11,3.049574018539282e-16,3.563029597989552e-10,4.999991427891145e-05,-2.191366730943545e-10,9.999983845126679e-05,-4.41887756735208e-10
3,46415.88833612709,0.0,1.617465495482025e-06,0.0003474801498779427,1.617066737591553e-06,4.591773869169588e-06,0.0,0.0,1.0,0.0,0.0,0.0,4.999991419994957e-05,-2.278478269697208e-10,-9.999983829332625e-05,4.591773869169588e-10,-9.999983829210793e-05,1.16293602685048e-10,3.987578904718353e-16,3.428883760087732e-10,4.999991419994957e-05,-2.278478269697208e-10,9.999983829332624e-05,-4.591773869169588e-10
3,48231.78482239234,0.0,1.619257762565593e-06,0.0003347502752352317,1.618772134672839e-06,4.771432361030457e-06,0.0,0.0,1.0,0.0,0.0,0.0,4.999991411468869e-05,-2.368945261745269e-10,-9.999983812278653e-05,4.771432361030458e-10,-9.999983812165335e-05,1.471691646645731e-10,4.856278927541897e-16,3.299788428742011e-10,4.999991411468869e-05,-2.368945261745269e-10,9.999983812278653e-05,-4.771432361030458e-10
3,50118.72336272647,0.0,1.621179652902442e-06,0.0003225134630778919,1.620613573491407e-06,4.958117524297631e-06,0.0,0.0,1.0,0.0,0.0,0.0,4.999991402262638e-05,-2.462900887195073e-10,-9.999983793864266e-05,4.958117524297631e-10,-9.999983793758816e-05,1.782613650058862e-10,5.660794110349421e-16,3.175553455535942e-10,4.999991402262638e-05,-2.462900887195073e-10,9.999983793864266e-05,-4.958117524297631e-10
3,52079.48328595385,0.0,1.623242492319808e-06,0.000310751689274826,1.622601905702154e-06,5.152104172676117e-06,0.0,0.0,1.0,0.0,0.0,0.0,4.99999139232201e-05,-2.560483455835476e-10,-9.999983773980944e-05,5.152104172676116e-10,-9.999983773882742e-05,2.096159842677364e-10,6.405866176533473e-16,3.055995851021498e-10,4.99999139232201e-05,-2.560483455835476e-10,9.999983773980944e-05,-5.152104172676116e-10
3,54116.95265464555,0.0,1.625458437120843e-06,0.0002994476293737076,1.624748848470789e-06,5.353677854864915e-06,0.0,0.0,1.0,0.0,0.0,0.0,4.999991381588407e-05,-2.661836609948401e-10,-9.999983752511515e-05,5.353677854864915e-10,-9.99998375242e-05,2.412791876469147e-10,7.095886500532106e-16,2.940939515188427e-10,4.999991381588407e-05,-2.661836609948401e-10,9.999983752511515e-05,-5.353677854864915e-10
3,56234.13251903405,0.0,1.627840545688543e-06,0.0002885846330808798,1.627067053489924e-06,5.563135272761074e-06,0.0,0.0,1.0,0.0,0.0,0.0,4.999991369998573e-05,-2.767109534625025e-10,-9.999983729329465e-05,5.563135272761074e-10,-9.999983729244109e-05,2.732975926137013e-10,7.734921986191024e-16,2.830214978081187e-10,4.999991369998573e-05,-2.767109534625025e-10,9.999983729329465e-05,-5.563135272761074e-10
3,58434.14133735087,0.0,1.630402855399761e-06,0.000278146699733955,1.629570181495941e-06,5.780784715800159e-06,0.0,0.0,1.0,0.0,0.0,0.0,4.999991357484215e-05,-2.876457176213409e-10,-9.999983704298186e-05,5.780784715800159e-10,-9.999983704218496e-05,3.057183373539666e-10,8.326739038196208e-16,2.723659150181548e-10,4.999991357484215e-05,-2.876457176213409e-10,9.999983704298186e-05,-5.780784715800159e-10
3,60720.21956909792,0.0,1.633160465300802e-06,0.0002681184547309474,1.632272982724626e-06,6.006946512037375e-06,0.0,0.0,1.0,0.0,0.0,0.0,4.999991343971592e-05,-2.990040469050017e-10,-9.999983677270174e-05,6.006946512037375e-10,-9.999983677195693e-05,3.385891499331144e-10,8.874825761757143e-16,2.621115082189099e-10,4.999991343971592e-05,-2.990040469050017e-10,9.999983677270172e-05,-6.006946512037375e-10
3,63095.73444801835,0.0,1.636129625030377e-06,0.0002584851268811823,1.635191383778355e-06,6.241953496593823e-06,0.0,0.0,1.0,0.0,0.0,0.0,4.999991329381074e-05,-3.108026570509023e-10,-9.999983648086163e-05,6.241953496593824e-10,-9.999983648016468e-05,3.719584182290249e-10,9.382412520225623e-16,2.522431733845885e-10,4.999991329381074e-05,-3.108026570509023e-10,9.999983648086163e-05,-6.241953496593824e-10
3,65564.18494179688,0.0,1.639327830512648e-06,0.0002492325266445771,1.638342581415206e-06,6.486151498113216e-06,0.0,0.0,1.0,0.0,0.0,0.0,4.99999131362669e-05,-3.230589105961799e-10,-9.999983616574186e-05,6.486151498113216e-10,-9.999983616508878e-05,4.058752608212639e-10,9.852490974418581e-16,2.427463751464639e-10,4.99999131362669e-05,-3.230589105961799e-10,9.999983616574187e-05,-6.486151498113216e-10
3,68129.20690579507,0.0,1.642773926982355e-06,0.0002403470252271899,1.641745143810856e-06,6.739899843895259e-06,0.0,0.0,1.0,0.0,0.0,0.0,4.999991296615604e-05,-3.357908421698434e-10,-9.999983582548562e-05,6.739899843895259e-10,-9.999983582487268e-05,4.403895989067524e-10,1.028783171499167e-15,2.336071253832946e-10,4.999991296615604e-05,-3.357908421698434e-10,9.999983582548562e-05,-6.739899843895259e-10
3,70794.57843841269,0.0,1.646488219947194e-06,0.0002318155345021912,1.645419119887896e-06,7.003571884393546e-06,0.0,0.0,1.0,0.0,0.0,0.0,4.999991278247584e-05,-3.49017184870811e-10,-9.999983545808802e-05,7.003571884393547e-10,-9.999983545751171e-05,4.755522293941917e-10,1.069100059297613e-15,2.248119626177976e-10,4.999991278247584e-05,-3.49017184870811e-10,9.999983545808802e-05,-7.003571884393547e-10
3,73564.22544596299,0.0,1.650492594738486e-06,0.0002236254877266188,1.649386157354342e-06,7.277555537787207e-06,0.0,0.0,1.0,0.0,0.0,0.0,4.999991258414401e-05,-3.627573975607333e-10,-9.999983506138427e-05,7.277555537787208e-10,-9.999983506084132e-05,5.114148991403683e-10,1.106437384144298e-15,2.163479321888316e-10,4.999991258414401e-05,-3.627573975607333e-10,9.999983506138427e-05,-7.277555537787208e-10
3,76442.22742525882,0.0,1.654810645352216e-06,0.0002157648210254426,1.653669630144042e-06,7.562253855357643e-06,0.0,0.0,1.0,0.0,0.0,0.0,4.9999912369992e-05,-3.770316932460909e-10,-9.999983463303699e-05,7.562253855357644e-10,-9.999983463252435e-05,5.480303806116482e-10,1.141015208173486e-15,2.082025671700849e-10,4.9999912369992e-05,-3.770316932460909e-10,9.999983463303699e-05,-7.562253855357644e-10
3,79432.8234724269,0.0,1.659467813335895e-06,0.0002082219556155861,1.658294776006576e-06,7.858085608423531e-06,0.0,0.0,1.0,0.0,0.0,0.0,4.999991213875805e-05,-3.918610684953552e-10,-9.99998341705224e-05,7.858085608423532e-10,-9.999983417003715e-05,5.854525489199755e-10,1.173037329319007e-15,2.003638700071625e-10,4.999991213875805e-05,-3.918610684953552e-10,9.99998341705224e-05,-7.858085608423532e-10
3,82540.41852680054,0.0,1.66449153753596e-06,0.0002009857807436356,1.663288845053512e-06,8.16548589760945e-06,0.0,0.0,1.0,0.0,0.0,0.0,4.999991188907972e-05,-4.072673340013263e-10,-9.99998336711155e-05,8.16548589760945e-10,-9.999983367065489e-05,6.237364604063754e-10,1.20269248244827e-15,1.928202948460262e-10,4.999991188907972e-05,-4.072673340013263e-10,9.99998336711155e-05,-8.16548589760945e-10
3,85769.58985908805,0.0,1.669911415583516e-06,0.0001940456373120017,1.668681260131749e-06,8.484906785245438e-06,0.0,0.0,1.0,0.0,0.0,0.0,4.999991161948613e-05,-4.232731462734018e-10,-9.9999833131874e-05,8.484906785245438e-10,-9.999983313143548e-05,6.629384328955721e-10,1.230155451766397e-15,1.855607305267562e-10,4.999991161948613e-05,-4.232731462734018e-10,9.999983313187398e-05,-8.484906785245438e-10
3,89125.09381337314,0.0,1.675759378064717e-06,0.0001873913021693055,1.674503789963612e-06,8.816817951716683e-06,0.0,0.0,1.0,0.0,0.0,0.0,4.999991132838891e-05,-4.399020405614193e-10,-9.9999832549621e-05,8.816817951716683e-10,-9.999983254920207e-05,7.031161277686289e-10,1.255588101105806e-15,1.785744842175888e-10,4.999991132838891e-05,-4.399020405614193e-10,9.9999832549621e-05,-8.816817951716683e-10
3,92611.87281287787,0.0,1.68206987639537e-06,0.0001810129730417247,1.680790736067667e-06,9.161707376604248e-06,0.0,0.0,1.0,0.0,0.0,0.0,4.999991101407324e-05,-4.571784649399213e-10,-9.99998319209264e-05,9.161707376604248e-10,-9.999983192052475e-05,7.443286337058387e-10,1.279140327703732e-15,1.718512656651204e-10,4.999991101407324e-05,-4.571784649399213e-10,9.99998319209264e-05,-9.161707376604248e-10
3,96235.06263980732,0.0,1.688880085500219e-06,0.0001749012540829613,1.687579134554403e-06,9.520082045478649e-06,0.0,0.0,1.0,0.0,0.0,0.0,4.999991067468742e-05,-4.751278157561309e-10,-9.999983124208655e-05,9.52008204547865e-10,-9.999983124169992e-05,7.866365525927138e-10,1.300950945815779e-15,1.653811720374826e-10,4.999991067468742e-05,-4.751278157561309e-10,9.999983124208655e-05,-9.52008204547865e-10
3,99999.9999999984,0.0,1.69623012248222e-06,0.0001690471420213908,1.69490897397733e-06,9.892468683229115e-06,0.0,0.0,1.0,0.0,0.0,0.0,4.999991030823226e-05,-4.9377647435524e-10,-9.999983050910261e-05,9.892468683229116e-10,-9.999983050872883e-05,8.301020874528483e-10,1.321148504890237e-15,1.591546733381617e-10,4.999991030823226e-05,-4.9377647435524e-10,9.999983050910261e-05,-9.892468683229116e-10
3,103912.2303835152,0.0,1.704163282560324e-06,0.0001634420128838095,1.702823430513168e-06,1.027941451483065e-05,0.0,0.0,1.0,0.0,0.0,0.0,4.999990991254917e-05,-5.131518451948168e-10,-9.999982971765696e-05,1.027941451483065e-09,-9.999982971729396e-05,8.747891325215877e-10,1.339852047155836e-15,1.531625983689788e-10,4.999990991254917e-05,-5.131518451948168e-10,9.999982971765696e-05,-1.027941451483065e-09
3,107977.5162327692,0.0,1.712726293654653e-06,0.0001580776092760249,1.711369121845335e-06,1.068148805447018e-05,0.0,0.0,1.0,0.0,0.0,0.0,4.99999094853075e-05,-5.332823953551104e-10,-9.999982886308781e-05,1.068148805447018e-09,-9.99998288627336e-05,9.207633657140196e-10,1.357171809318238e-15,1.473961212215547e-10,4.99999094853075e-05,-5.332823953551104e-10,9.999982886308781e-05,-1.068148805447018e-09
3,112201.8454301945,0.0,1.721969591105234e-06,0.0001529460282013329,1.720596381233055e-06,1.10992799239704e-05,0.0,0.0,1.0,0.0,0.0,0.0,4.999990902399082e-05,-5.54197695502849e-10,-9.999982794036187e-05,1.10992799239704e-09,-9.99998279400145e-05,9.680923433992177e-10,1.373209872178615e-15,1.418467482773625e-10,4.999990902399082e-05,-5.54197695502849e-10,9.999982794036187e-05,-1.10992799239704e-09
3,116591.4401179813,0.0,1.731947614127631e-06,0.0001480397093986862,1.730559553365219e-06,1.153340370146586e-05,0.0,0.0,1.0,0.0,0.0,0.0,4.999990852588221e-05,-5.759284624321984e-10,-9.999982694404467e-05,1.153340370146586e-09,-9.999982694370221e-05,1.016845597861275e-09,1.388060762411806e-15,1.365063056972203e-10,4.999990852588221e-05,-5.759284624321984e-10,9.999982694404467e-05,-1.153340370146586e-09
3,121152.7658628569,0.0,1.742719125733236e-06,0.0001433514241830963,1.741317313723671e-06,1.198449680129992e-05,0.0,0.0,1.0,0.0,0.0,0.0,4.999990798804812e-05,-5.985066030549781e-10,-9.999982586826863e-05,1.198449680129992e-09,-9.999982586792911e-05,1.067094737236725e-09,1.401812009565021e-15,1.313669273817964e-10,4.999990798804812e-05,-5.985066030549781e-10,9.999982586826863e-05,-1.198449680129992e-09
3,125892.5411794147,0.0,1.754347557978303e-06,0.000138874264771517,1.752933013316167e-06,1.2453221386123e-05,0.0,0.0,1.0,0.0,0.0,0.0,4.999990740732139e-05,-6.219652601272787e-10,-9.999982470669867e-05,1.2453221386123e-09,-9.999982470636031e-05,1.118913548448334e-09,1.414544662135743e-15,1.26421043385394e-10,4.999990740732139e-05,-6.219652601272787e-10,9.999982470669867e-05,-1.2453221386123e-09
3,130817.7474260173,0.0,1.766901384549983e-06,0.0001346016340781302,1.765475050784942e-06,1.294026531218136e-05,0.0,0.0,1.0,0.0,0.0,0.0,4.99999067802824e-05,-6.463388595024167e-10,-9.999982345249493e-05,1.294026531218136e-09,-9.999982345215579e-05,1.172378102718436e-09,1.426333765041024e-15,1.216613687659488e-10,4.99999067802824e-05,-6.463388595024167e-10,9.999982345249493e-05,-1.294026531218136e-09
3,135935.6390878503,0.0,1.780454522856182e-06,0.0001305272359636101,1.779017274054092e-06,1.344634310879194e-05,0.0,0.0,1.0,0.0,0.0,0.0,4.99999061032391e-05,-6.716631591795811e-10,-9.99998220982726e-05,1.344634310879194e-09,-9.999982209793082e-05,1.227566864370415e-09,1.437248802090135e-15,1.170808928548182e-10,4.99999061032391e-05,-6.716631591795811e-10,9.99998220982726e-05,-1.344634310879194e-09
3,141253.7544622731,0.0,1.795086767953366e-06,0.0001266450659235557,1.793639413847916e-06,1.397219699300036e-05,0.0,0.0,1.0,0.0,0.0,0.0,4.999990537220541e-05,-6.979753000948103e-10,-9.999982063605862e-05,1.397219699300036e-09,-9.999982063571234e-05,1.284560802570213e-09,1.447354105449607e-15,1.126728689305553e-10,4.999990537220541e-05,-6.979753000948103e-10,9.999982063605862e-05,-1.397219699300036e-09
3,146779.9267622045,0.0,1.810884260829352e-06,0.0001229494022018764,1.809427551594523e-06,1.451859792041736e-05,0.0,0.0,1.0,0.0,0.0,0.0,4.999990458287763e-05,-7.253138586847897e-10,-9.999981905724484e-05,1.451859792041736e-09,-9.999981905689212e-05,1.343443506360758e-09,1.456709234828967e-15,1.084308042814591e-10,4.999990458287763e-05,-7.253138586847897e-10,9.999981905724485e-05,-1.451859792041736e-09
3,152522.2956538993,0.0,1.827939993753372e-06,0.0001194347973154843,1.826474624424855e-06,1.508634667322125e-05,0.0,0.0,1.0,0.0,0.0,0.0,4.999990373060943e-05,-7.537189013496798e-10,-9.999981735253756e-05,1.508634667322125e-09,-9.999981735217646e-05,1.404301303021505e-09,1.465369328517237e-15,1.043484506422631e-10,4.999990373060943e-05,-7.537189013496798e-10,9.999981735253756e-05,-1.508634667322125e-09
3,158489.3192461087,0.0,1.846354355616442e-06,0.0001160960699771775,1.844880970188048e-06,1.567627498630096e-05,0.0,0.0,1.0,0.0,0.0,0.0,4.999990281038439e-05,-7.832320407929493e-10,-9.999981551190299e-05,1.567627498630096e-09,-9.99998155115315e-05,1.467223379914496e-09,1.473385428394559e-15,1.004197949908766e-10,4.999990281038439e-05,-7.832320407929493e-10,9.999981551190298e-05,-1.567627498630096e-09
3,164689.7865482841,0.0,1.866235720411407e-06,0.0001129282974041169,1.864754915630698e-06,1.628924671249403e-05,0.0,0.0,1.0,0.0,0.0,0.0,4.999990181678666e-05,-8.138964943042821e-10,-9.999981352450844e-05,1.628924671249403e-09,-9.999981352412448e-05,1.532301909804659e-09,1.480804780708509e-15,9.663905069162288e-11,4.999990181678666e-05,-8.138964943042821e-10,9.999981352450845e-05,-1.628924671249403e-09
3,171132.8304161752,0.0,1.887701082245954e-06,0.0001099268079997748,1.886213411131347e-06,1.692615902784621e-05,0.0,0.0,1.0,0.0,0.0,0.0,4.999990074396941e-05,-8.457571440931324e-10,-9.99998113786589e-05,1.692615902784621e-09,-9.999981137826034e-05,1.599632179970083e-09,1.487671114607122e-15,9.300064897192859e-11,4.999990074396941e-05,-8.457571440931324e-10,9.99998113786589e-05,-1.692615902784621e-09
3,177827.9410038893,0.0,1.910876740543192e-06,0.0001070871743976926,1.909382715643338e-06,1.758794367778233e-05,0.0,0.0,1.0,0.0,0.0,0.0,4.999989958562026e-05,-8.78860599603468e-10,-9.999980906172844e-05,1.758794367778233e-09,-9.999980906131308e-05,1.669312724997843e-09,1.494024899854168e-15,8.949923071991029e-11,4.999989958562026e-05,-8.78860599603468e-10,9.999980906172845e-05,-1.758794367778233e-09
3,184784.979742226,0.0,1.935899039366038e-06,0.0001044052068558083,1.934399135780667e-06,1.827556826503143e-05,0.0,0.0,1.0,0.0,0.0,0.0,4.999989833492459e-05,-9.13255261960475e-10,-9.999980656008642e-05,1.827556826503143e-09,-9.999980655965191e-05,1.741445463480731e-09,1.499903585370149e-15,8.612963859077684e-11,4.999989833492459e-05,-9.13255261960475e-10,9.999980656008642e-05,-1.827556826503143e-09
3,192014.1938638769,0.0,1.962915165103491e-06,0.0001018769469905103,1.961409823283552e-06,1.899003758008988e-05,0.0,0.0,1.0,0.0,0.0,0.0,4.999989698452554e-05,-9.489913905136484e-10,-9.999980385901767e-05,1.899003758008989e-09,-9.99998038585616e-05,1.816135838635417e-09,1.505341819939016e-15,8.288690941042041e-11,4.999989698452554e-05,-9.489913905136484e-10,9.999980385901767e-05,-1.899003758008989e-09
3,199526.2314968846,0.0,1.992084007081325e-06,9.949866183994223e-05,1.990573635424852e-06,1.973239497493484e-05,0.0,0.0,1.0,0.0,0.0,0.0,4.999989552648102e-05,-9.861211715558878e-10,-9.999980094263646e-05,1.973239497493483e-09,-9.999980094215627e-05,1.893492963028238e-09,1.510371656472492e-15,7.976626686500739e-11,4.999989552648102e-05,-9.861211715558878e-10,9.999980094263646e-05,-1.973239497493483e-09
3,207332.157348592,0.0,2.023577086007309e-06,9.726683824641412e-05,2.022062063266412e-06,2.050372378061241e-05,0.0,0.0,1.0,0.0,0.0,0.0,4.999989395221737e-05,-1.02469878923554e-09,-9.999979779379368e-05,2.050372378061241e-09,-9.999979779328664e-05,1.973629767321165e-09,1.515022740897573e-15,7.676311446580172e-11,4.999989395221737e-05,-1.02469878923554e-09,9.999979779379368e-05,-2.050372378061241e-09
3,215443.4690031847,0.0,2.057579555534438e-06,9.51781775480789e-05,2.056060233047497e-06,2.130514876922133e-05,0.0,0.0,1.0,0.0,0.0,0.0,4.999989225247918e-05,-1.064780498676635e-09,-9.99997943939767e-05,2.130514876922133e-09,-9.999979439343997e-05,2.056663153291346e-09,1.519322486941777e-15,7.387302877885756e-11,4.999989225247918e-05,-1.064780498676635e-09,9.99997943939767e-05,-2.130514876922133e-09
3,223872.1138568301,0.0,2.094291282625094e-06,9.322959057029857e-05,2.092767986387396e-06,2.213783766068819e-05,0.0,0.0,1.0,0.0,0.0,0.0,4.999989041727541e-05,-1.106424701349665e-09,-9.999979072320137e-05,2.213783766068819e-09,-9.999979072263192e-05,2.142714150993601e-09,1.523296237697901e-15,7.109175290961038e-11,4.999989041727541e-05,-1.106424701349665e-09,9.999979072320137e-05,-2.213783766068819e-09
3,232630.5067153586,0.0,2.133928012827344e-06,9.141819290735273e-05,2.132401045412318e-06,2.300300267458473e-05,0.0,0.0,1.0,0.0,0.0,0.0,4.999988843582096e-05,-1.149692022677658e-09,-9.999978675989546e-05,2.300300267458473e-09,-9.999978675929003e-05,2.23190808022968e-09,1.526967415025812e-15,6.8415190232768e-11,4.999988843582096e-05,-1.149692022677658e-09,9.999978675989546e-05,-2.300300267458473e-09
3,241731.5480804062,0.0,2.176722627032637e-06,8.974130048533484e-05,2.175192269375033e-06,2.390190212706666e-05,0.0,0.0,1.0,0.0,0.0,0.0,4.999988629647412e-05,-1.194645391908052e-09,-9.999978248077306e-05,2.390190212706666e-09,-9.999978248012823e-05,2.324374716251295e-09,1.53035765760357e-15,6.583939835826817e-11,4.999988629647412e-05,-1.194645391908052e-09,9.999978248077306e-05,-2.390190212706666e-09
3,251188.6431509537,0.0,2.222926496774068e-06,8.819642539722693e-05,2.221393009825551e-06,2.483584207281393e-05,0.0,0.0,1.0,0.0,0.0,0.0,4.99998839866685e-05,-1.241350124229172e-09,-9.999977786069902e-05,2.483584207281393e-09,-9.99997778600111e-05,2.420248459798869e-09,1.533486948516422e-15,6.3360583324413e-11,4.99998839866685e-05,-1.241350124229172e-09,9.999977786069902e-05,-2.483584207281393e-09
3,261015.7215682491,0.0,2.272810945647655e-06,8.678127200124983e-05,2.271274571914604e-06,2.580617799162119e-05,0.0,0.0,1.0,0.0,0.0,0.0,4.999988149284027e-05,-1.289874005129632e-09,-9.999977287254281e-05,2.580617799162119e-09,-9.99997728718079e-05,2.519668511328684e-09,1.536373733051559e-15,6.097509400962864e-11,4.999988149284027e-05,-1.289874005129632e-09,9.999977287254282e-05,-2.580617799162119e-09
3,271227.2579331981,0.0,2.326668824997781e-06,8.549373327363863e-05,2.325129789970327e-06,2.681431651902033e-05,0.0,0.0,1.0,0.0,0.0,0.0,4.999987880034911e-05,-1.340287376929513e-09,-9.999976748702101e-05,2.681431651902033e-09,-9.999976748623489e-05,2.622779049459315e-09,1.539035027453336e-15,5.86794167546183e-11,4.999987880034911e-05,-1.340287376929513e-09,9.999976748702101e-05,-2.681431651902033e-09
3,281838.2931264404,0.0,2.38481621260352e-06,8.433188740699721e-05,2.383274726084257e-06,2.786171722000952e-05,0.0,0.0,1.0,0.0,0.0,0.0,4.999987589339354e-05,-1.392663227506175e-09,-9.999976167252739e-05,2.786171722000952e-09,-9.999976167168558e-05,2.729729413530262e-09,1.541486519263638e-15,5.647017018698769e-11,4.999987589339354e-05,-1.392663227506175e-09,9.999976167252739e-05,-2.786171722000952e-09
3,292864.4564625185,0.0,2.447594243736809e-06,8.329399464532941e-05,2.446050501076991e-06,2.894989440460937e-05,0.0,0.0,1.0,0.0,0.0,0.0,4.999987275491924e-05,-1.447077281064788e-09,-9.99997553949499e-05,2.894989440460937e-09,-9.999975539404757e-05,2.840674290113916e-09,1.543742659818305e-15,5.434410024072004e-11,4.999987275491924e-05,-1.447077281064788e-09,9.99997553949499e-05,-2.894989440460937e-09
3,304321.9887107668,0.0,2.515371084638209e-06,8.237849434672785e-05,2.51382526788871e-06,3.008041898356354e-05,0.0,0.0,1.0,0.0,0.0,0.0,4.999986936652036e-05,-1.50360809095358e-09,-9.999974861747322e-05,3.008041898356354e-09,-9.999974861650519e-05,2.955773903410344e-09,1.545816749498454e-15,5.229807536316431e-11,4.999986936652036e-05,-1.50360809095358e-09,9.999974861747322e-05,-3.008041898356354e-09
3,316227.7660168324,0.0,2.588544059172453e-06,8.158400226451653e-05,2.586996338156268e-06,3.125492036203909e-05,0.0,0.0,1.0,0.0,0.0,0.0,4.999986570833334e-05,-1.562337134356941e-09,-9.999974130036619e-05,3.125492036203909e-09,-9.999974129932692e-05,3.075194209223874e-09,1.547721016185213e-15,5.032908190247744e-11,4.999986570833334e-05,-1.562337134356941e-09,9.999974130036619e-05,-3.125492036203909e-09
3,328599.3247600597,0.0,2.667541940185897e-06,8.09093080373814e-05,2.665992473498499e-06,3.24750883686553e-05,0.0,0.0,1.0,0.0,0.0,0.0,4.999986175892225e-05,-1.623348908759649e-09,-9.999973340075266e-05,3.24750883686553e-09,-9.999973339963615e-05,3.19910709228246e-09,1.549466687397709e-15,4.84342196687261e-11,4.999986175892225e-05,-1.623348908759649e-09,9.999973340075266e-05,-3.24750883686553e-09
3,341454.8873833541,0.0,2.752827417892462e-06,8.035337287868261e-05,2.751276353835876e-06,3.374267521657253e-05,0.0,0.0,1.0,0.0,0.0,0.0,4.999985749515539e-05,-1.686731030020448e-09,-9.999972487236462e-05,3.374267521657253e-09,-9.999972487116441e-05,3.327690566670175e-09,1.551064056585671e-15,4.661069766211007e-11,4.999985749515539e-05,-1.686731030020448e-09,9.999972487236462e-05,-3.374267521657253e-09
3,354813.3892335691,0.0,2.844899758464368e-06,7.991532745470785e-05,2.843347235920489e-06,3.50594974926925e-05,0.0,0.0,1.0,0.0,0.0,0.0,4.999985289207246e-05,-1.752574331826276e-09,-9.999971566527642e-05,3.50594974926925e-09,-9.999971566398561e-05,3.46112897880395e-09,1.552522543879062e-15,4.485582996201535e-11,4.999985289207246e-05,-1.752574331826276e-09,9.999971566527642e-05,-3.50594974926925e-09
3,368694.506451951,0.0,2.944297666900094e-06,7.959446994109398e-05,2.942743816148337e-06,3.642743817025267e-05,0.0,0.0,1.0,0.0,0.0,0.0,4.999984792274127e-05,-1.820972966345873e-09,-9.99997057256184e-05,3.642743817025268e-09,-9.999970572422946e-05,3.599613212692801e-09,1.553850751756776e-15,4.316703177084131e-11,4.999984792274127e-05,-1.820972966345873e-09,9.999970572561838e-05,-3.642743817025268e-09
3,383118.6849557219,0.0,3.051602369183998e-06,7.939026424600215e-05,3.050047312668112e-06,3.784844863922657e-05,0.0,0.0,1.0,0.0,0.0,0.0,4.999984255810389e-05,-1.892024505753293e-09,-9.999969499526874e-05,3.784844863922656e-09,-9.99996949937737e-05,3.743340896764153e-09,1.55505651588598e-15,4.154181560677559e-11,4.999984255810389e-05,-1.892024505753293e-09,9.999969499526874e-05,-3.784844863922656e-09
3,398107.1705534901,0.0,3.167440929740209e-06,7.930233838786678e-05,3.165884782788726e-06,3.932455074795869e-05,0.0,0.0,1.0,0.0,0.0,0.0,4.999983676681062e-05,-1.965830044318069e-09,-9.999968341152173e-05,3.932455074795869e-09,-9.999968340991201e-05,3.892516611705487e-09,1.556146951482768e-15,3.997778763990809e-11,4.999983676681062e-05,-1.965830044318069e-09,9.999968341152173e-05,-3.932455074795869e-09
3,413682.0402388432,0.0,3.292489821216215e-06,7.93304830146418e-05,3.290932692720766e-06,4.085783884835379e-05,0.0,0.0,1.0,0.0,0.0,0.0,4.999983051504146e-05,-2.042494300680026e-09,-9.999967090673073e-05,4.08578388483538e-09,-9.999967090499694e-05,4.047352098510129e-09,1.557128495448662e-15,3.847264416628799e-11,4.999983051504146e-05,-2.042494300680026e-09,9.999967090673074e-05,-4.08578388483538e-09
3,429866.2347082199,0.0,3.427478764707485e-06,7.9474650050422e-05,3.425920757762948e-06,4.245048183569157e-05,0.0,0.0,1.0,0.0,0.0,0.0,4.99998237663143e-05,-2.122125719820871e-09,-9.999965740792423e-05,4.245048183569157e-09,-9.999965740605633e-05,4.208066465839446e-09,1.558006944537492e-15,3.702416821473043e-11,4.99998237663143e-05,-2.122125719820871e-09,9.999965740792423e-05,-4.245048183569157e-09
3,446683.5921509551,0.0,3.573194859650442e-06,7.973495145410664e-05,3.571636072160643e-06,4.410472517273241e-05,0.0,0.0,1.0,0.0,0.0,0.0,4.999981648127843e-05,-2.204836574311563e-09,-9.999964283639279e-05,4.410472517273241e-09,-9.999964283437995e-05,4.374886395715717e-09,1.55878748979957e-15,3.563022628137423e-11,4.999981648127843e-05,-2.204836574311563e-09,9.999964283639279e-05,-4.410472517273241e-09
3,464158.8833612694,0.0,3.730487023763082e-06,8.011165807338445e-05,3.728927549015584e-06,4.582289288620267e-05,0.0,0.0,1.0,0.0,0.0,0.0,4.999980861749238e-05,-2.290743064121449e-09,-9.999962710724511e-05,4.582289288620267e-09,-9.999962710507561e-05,4.548046346323132e-09,1.559474747497119e-15,3.428876518718178e-11,4.999980861749238e-05,-2.290743064121449e-09,9.999962710724511e-05,-4.582289288620267e-09
3,482317.8482239218,0.0,3.900270764595195e-06,8.060519857572962e-05,3.89871069180852e-06,4.760738952197765e-05,0.0,0.0,1.0,0.0,0.0,0.0,4.999980012918565e-05,-2.379965414385212e-09,-9.999961012893082e-05,4.760738952197765e-09,-9.999961012659217e-05,4.727788750534861e-09,1.560072786675198e-15,3.299780905375197e-11,4.999980012918565e-05,-2.379965414385212e-09,9.999961012893082e-05,-4.760738952197765e-09
3,501187.2336272631,0.0,4.083533305455971e-06,8.121615843628897e-05,4.081972720302399e-06,4.946070204329739e-05,0.0,0.0,1.0,0.0,0.0,0.0,4.99997909670021e-05,-2.472627970310272e-09,-9.999959180272797e-05,4.946070204329739e-09,-9.999959180020655e-05,4.914364208639779e-09,1.560585153572764e-15,3.175545639299158e-11,4.99997909670021e-05,-2.472627970310272e-09,9.999959180272797e-05,-4.946070204329739e-09
3,520794.8328595368,0.0,4.281339089706823e-06,8.194527896049235e-05,4.279778074813789e-06,5.138540165413325e-05,0.0,0.0,1.0,0.0,0.0,0.0,4.999978107772515e-05,-2.568859288375062e-09,-9.999957202219253e-05,5.138540165413325e-09,-9.999957201947377e-05,5.108031673508712e-09,1.561014893033977e-15,3.05598773063591e-11,4.999978107772515e-05,-2.568859288375062e-09,9.999957202219253e-05,-5.138540165413325e-09
3,541169.5265464537,0.0,4.494835688629171e-06,8.279345631689752e-05,4.493274324062139e-06,5.338414552734255e-05,0.0,0.0,1.0,0.0,0.0,0.0,4.9999770403982e-05,-2.668792222715365e-09,-9.999955067256759e-05,5.338414552734256e-09,-9.99995506696357e-05,5.309058626091282e-09,1.561364567031959e-15,2.940931078955497e-11,4.9999770403982e-05,-2.668792222715365e-09,9.999955067256759e-05,-5.338414552734256e-09
3,562341.3251903387,0.0,4.725260139287225e-06,8.376174055317473e-05,4.723698503016778e-06,5.545967841448581e-05,0.0,0.0,1.0,0.0,0.0,0.0,4.99997588839272e-05,-2.772564005635682e-09,-9.99995276301497e-05,5.545967841448581e-09,-9.999952762698766e-05,5.517721238990078e-09,1.561636270446901e-15,2.830206213868892e-11,4.99997588839272e-05,-2.772564005635682e-09,9.99995276301497e-05,-5.545967841448581e-09
3,584341.4133735067,0.0,4.973945739985076e-06,8.48513345652006e-05,4.972383908340869e-06,5.76148341110972e-05,0.0,0.0,1.0,0.0,0.0,0.0,4.999974645090248e-05,-2.880316320864143e-09,-9.999950276160918e-05,5.76148341110972e-09,-9.999950275819864e-05,5.734304525495606e-09,1.561831644206084e-15,2.723650045410339e-11,4.999974645090248e-05,-2.880316320864143e-09,9.999950276160918e-05,-5.76148341110972e-09
3,607202.1956909773,0.0,5.242329332045269e-06,8.606359298595058e-05,5.2407673801594e-06,5.98525367477738e-05,0.0,0.0,1.0,0.0,0.0,0.0,4.999973303307319e-05,-2.992195368139818e-09,-9.999947592326198e-05,5.985253674777381e-09,-9.99994759195832e-05,5.959102471076539e-09,1.561951885868407e-15,2.621105623817678e-11,4.999973303307319e-05,-2.992195368139818e-09,9.999947592326198e-05,-5.985253674777381e-09
3,630957.3444801815,0.0,5.531959097684558e-06,8.740002095720561e-05,5.530397099926794e-06,6.217580187363763e-05,0.0,0.0,1.0,0.0,0.0,0.0,4.999971855303778e-05,-3.108351917341817e-09,-9.999944696029002e-05,6.217580187363764e-09,-9.999944695632158e-05,6.192418144081241e-09,1.561997757763523e-15,2.522421908356798e-11,4.999971855303778e-05,-3.108351917341817e-09,9.999944696029002e-05,-6.217580187363764e-09
3,655641.8494179667,0.0,5.844502904701694e-06,8.886227274300448e-05,5.842940935108976e-06,6.458773729450682e-05,0.0,0.0,1.0,0.0,0.0,0.0,4.999970292741149e-05,-3.228941350477141e-09,-9.99994157059065e-05,6.458773729450682e-09,-9.999941570162555e-05,6.434563781740713e-09,1.561969592717781e-15,2.427453544849767e-11,4.999970292741149e-05,-3.228941350477141e-09,9.99994157059065e-05,-6.458773729450682e-09
3,681292.0690579485,0.0,6.181757229481225e-06,9.045215013921772e-05,6.180195362183762e-06,6.709154362342885e-05,0.0,0.0,1.0,0.0,0.0,0.0,4.99996860663793e-05,-3.354123689140367e-09,-9.999938198046378e-05,6.709154362342885e-09,-9.999938197584546e-05,6.685860847366077e-09,1.561867297463537e-15,2.336060651578886e-11,4.99996860663793e-05,-3.354123689140367e-09,9.99993819804638e-05,-6.709154362342885e-09
3,707945.7843841247,0.0,6.545656690415355e-06,9.217160062858525e-05,6.544095000061574e-06,6.969051449607106e-05,0.0,0.0,1.0,0.0,0.0,0.0,4.999966787322003e-05,-3.484063605339469e-09,-9.99993455905e-05,6.969051449607107e-09,-9.999934558551755e-05,6.946640053985711e-09,1.561690353780104e-15,2.248108613251418e-11,4.999966787322003e-05,-3.484063605339469e-09,9.99993455905e-05,-6.969051449607107e-09
3,735642.2544596274,0.0,6.938284224194707e-06,9.40227152249704e-05,6.936722786377323e-06,7.238803639775594e-05,0.0,0.0,1.0,0.0,0.0,0.0,4.999964824379725e-05,-3.618930412851933e-09,-9.999930632772137e-05,7.238803639775595e-09,-9.999930632234613e-05,7.217241348990074e-09,1.561437817384141e-15,2.163467882721445e-11,4.999964824379725e-05,-3.618930412851933e-09,9.999930632772137e-05,-7.238803639775595e-09
3,764422.2742525858,0.0,7.361881937460687e-06,9.600772594443138e-05,7.36032082914605e-06,7.518758804266293e-05,0.0,0.0,1.0,0.0,0.0,0.0,4.999962706601682e-05,-3.758898036183851e-09,-9.99992639679171e-05,7.518758804266293e-09,-9.999926396211791e-05,7.498013853958255e-09,1.561108314636388e-15,2.082013790176845e-11,4.999962706601682e-05,-3.758898036183851e-09,9.99992639679171e-05,-7.518758804266293e-09
3,794328.2347242665,0.0,7.81886266596999e-06,9.812900283393036e-05,7.8173019659329e-06,7.809273923882667e-05,0.0,0.0,1.0,0.0,0.0,0.0,4.999960421924879e-05,-3.904144953826057e-09,-9.999921826980341e-05,7.809273923882667e-09,-9.999921826354674e-05,7.78931575301513e-09,1.560700037090163e-15,2.003626359510369e-11,4.999960421924879e-05,-3.904144953826057e-09,9.999921826980341e-05,-7.809273923882667e-09
3,825404.1852680028,0.0,8.311822272613205e-06,0.0001003890504810659,8.310262061879297e-06,8.11071491650227e-05,0.0,0.0,1.0,0.0,0.0,0.0,4.999957957371306e-05,-4.054854112160867e-09,-9.999916897379382e-05,8.11071491650227e-09,-9.999916896704377e-05,8.091514122331411e-09,1.560210733907028e-15,1.928190131604321e-11,4.999957957371306e-05,-4.054854112160867e-09,9.999916897379382e-05,-8.11071491650227e-09
3,857695.8985908778,0.0,8.84355271425266e-06,0.0001027905039200715,8.841993076550537e-06,8.4234563977386e-05,0.0,0.0,1.0,0.0,0.0,0.0,4.99995529898256e-05,-4.211212805772436e-09,-9.999911580069235e-05,8.423456397738601e-09,-9.999911579340991e-05,8.404984692348988e-09,1.559637702123532e-15,1.855593994268551e-11,4.99995529898256e-05,-4.211212805772436e-09,9.999911580069235e-05,-8.423456397738601e-09
3,891250.9381337286,0.0,9.417055905289151e-06,0.0001053361238404562,9.415496927514268e-06,8.747881365464258e-05,0.0,0.0,1.0,0.0,0.0,0.0,4.999952431750554e-05,-4.373412519739272e-09,-9.999905845030726e-05,8.747881365464258e-09,-9.999905844245071e-05,8.730111534092873e-09,1.558977774883386e-15,1.78573101858136e-11,4.999952431750554e-05,-4.373412519739272e-09,9.999905845030725e-05,-8.747881365464258e-09
3,926118.7281287757,0.0,1.003555840299706e-05,0.0001080287909950144,1.003400017568952e-05,9.084380798109265e-05,0.0,0.0,1.0,0.0,0.0,0.0,4.999949339544089e-05,-4.541648728796264e-09,-9.999899659998243e-05,9.084380798109265e-09,-9.999899659150661e-05,9.067286658892025e-09,1.558227307539342e-15,1.71849830139218e-11,4.999949339544089e-05,-4.541648728796264e-09,9.999899659998243e-05,-9.084380798109265e-09
3,962350.6263980701,0.0,1.070252693583693e-05,0.0001108714996935039,1.070096955367516e-05,9.433353155596254e-05,0.0,0.0,1.0,0.0,0.0,0.0,4.999946005031277e-05,-4.716120647930863e-09,-9.999892990304464e-05,9.433353155596254e-09,-9.999892989390104e-05,9.41690952099382e-09,1.557382161764554e-15,1.653796813754136e-11,4.999946005031277e-05,-4.716120647930863e-09,9.999892990304464e-05,-9.433353155596254e-09
3,1000000.0,0.0,1.14216847909871e-05,0.0001138673502570385,1.142012835329952e-05,9.795203770640659e-05,0.0,0.0,1.0,0.0,0.0,0.0,4.999942409597474e-05,-4.897030927882869e-09,-9.999885798716467e-05,9.79520377064066e-09,-9.999885797730104e-05,9.779386410134008e-09,1.556437687578533e-15,1.591531255063187e-11,4.999942409597474e-05,-4.897030927882869e-09,9.999885798716467e-05,-9.79520377064066e-09
