case,frequency_real,frequency_imag,v(base)_real,v(base)_imag,v(col)_real,v(col)_imag,v(out)_real,v(out)_imag,v(em)_real,v(em)_imag,v(vcc)_real,v(vcc)_imag,i(vcc)_real,i(vcc)_imag,i(vin)_real,i(vin)_imag,i(rc)_real,i(rc)_imag,i(co)_real,i(co)_imag,i(vb)_real,i(vb)_imag,ic(q1)_real,ic(q1)_imag,ib(q1)_real,ib(q1)_imag,i(rl)_real,i(rl)_imag
1,10.0,0.0,0.0,0.0,34.20615786522579,-0.005348932438197226,34.19758064775723,0.5389224677492334,1.0,0.0,0.0,0.0,0.03420615786522579,-5.348932438197226e-06,-0.03475960332068516,-4.55173497522239e-08,-0.03420615786522579,5.348932438197226e-06,0.0003419758064775724,5.389224677491443e-06,0.0002114696489818022,5.225110457821802e-09,-0.03454813367170335,-4.02922392944021e-08,-0.0002114696489818046,-5.225110457821802e-09,0.0003419758064775724,5.389224677492334e-06
1,10.39122303835169,0.0,0.0,0.0,34.20615164295724,-0.005147913753818815,34.19820797965406,0.518641617541817,1.0,0.0,0.0,0.0,0.03420615164295725,-5.147913753818815e-06,-0.03475960337173562,-4.393195014917124e-08,-0.03420615164295725,5.147913753818815e-06,0.0003419820797965406,5.186416175420343e-06,0.0002114696489818358,5.429528548859397e-09,-0.03454813372275378,-3.850242160031184e-08,-0.0002114696489818393,-5.429528548859401e-09,0.0003419820797965406,5.186416175418171e-06
1,10.7977516232771,0.0,0.0,0.0,34.2061458801942,-0.004954463636174029,34.19878898400093,0.4991232837003121,1.0,0.0,0.0,0.0,0.0342061458801942,-4.954463636174029e-06,-0.03475960341901608,-4.241114478243985e-08,-0.0342061458801942,4.954463636174029e-06,0.0003419878898400094,4.991232836999724e-06,0.0002114696489818715,5.641943956639836e-09,-0.0345481337700342,-3.676920082580001e-08,-0.000211469648981874,-5.641943956639841e-09,0.0003419878898400094,4.991232837003121e-06
1,11.22018454301963,0.0,0.0,0.0,34.20614054301677,-0.004768298663280806,34.19932708061577,0.4803388699779644,1.0,0.0,0.0,0.0,0.03420614054301677,-4.768298663280806e-06,-0.03475960346280484,-4.095270605428404e-08,-0.03420614054301677,4.768298663280806e-06,0.0003419932708061577,4.803388699777209e-06,0.0002114696489819094,5.862669554240236e-09,-0.03454813381382291,-3.509003650004381e-08,-0.0002114696489819157,-5.862669554240234e-09,0.0003419932708061577,4.803388699779644e-06
1,11.65914401179831,0.0,0.0,0.0,34.20613560000698,-0.004589145978827303,34.19982543707139,0.462260844524919,1.0,0.0,0.0,0.0,0.03420613560000698,-4.589145978827303e-06,-0.03475960350335965,-3.955449687624173e-08,-0.03420613560000698,4.589145978827303e-06,0.0003419982543707139,4.622608445248923e-06,0.0002114696489819498,6.092030455067439e-09,-0.0345481338543777,-3.346246642117429e-08,-0.0002114696489819504,-6.092030455067441e-09,0.0003419982543707139,4.622608445249191e-06
1,12.11527658628588,0.0,0.0,0.0,34.20613102206455,-0.004416742908231132,34.20028698727265,0.4448627011407261,1.0,0.0,0.0,0.0,0.03420613102206455,-4.416742908231132e-06,-0.03475960354091927,-3.821446766868449e-08,-0.03420613102206455,4.416742908231132e-06,0.0003420028698727266,4.448627011405592e-06,0.0002114696489819929,6.33036449172739e-09,-0.03454813389193727,-3.188410317695711e-08,-0.0002114696489819989,-6.330364491727383e-09,0.0003420028698727266,4.448627011407262e-06
1,12.58925411794167,0.0,0.0,0.0,34.20612678223611,-0.004250836587654008,34.20071444866942,0.4281189218416964,1.0,0.0,0.0,0.0,0.03420612678223611,-4.250836587654008e-06,-0.03475960357570484,-3.693065347251209e-08,-0.03420612678223611,4.250836587654008e-06,0.0003420071444866941,4.281189218411946e-06,0.000211469648982039,6.578022713628998e-09,-0.0345481339267228,-3.03526307588831e-08,-0.0002114696489820406,-6.578022713628992e-09,0.0003420071444866942,4.281189218416964e-06
1,13.08177474260194,0.0,0.0,0.0,34.20612285555706,-0.004091183605825147,34.20111033820505,0.4120049407090325,1.0,0.0,0.0,0.0,0.03420612285555705,-4.091183605825147e-06,-0.0347596036079212,-3.57011711720171e-08,-0.03420612285555705,4.091183605825147e-06,0.0003420111033820506,4.120049407098095e-06,0.0002114696489820884,6.835369904055443e-09,-0.0345481339589391,-2.886580126796165e-08,-0.0002114696489820891,-6.835369904055447e-09,0.0003420111033820506,4.120049407090326e-06
1,13.59356390878525,0.0,0.0,0.0,34.20611921890496,-0.003937549658133703,34.20147698709291,0.3964971089836388,1.0,0.0,0.0,0.0,0.03420611921890496,-3.937549658133704e-06,-0.03475960363775803,-3.452421682472942e-08,-0.03420611921890496,3.937549658133704e-06,0.0003420147698709291,3.964971089842293e-06,0.0002114696489821413,7.102785117464503e-09,-0.03454813398877588,-2.742143170726491e-08,-0.0002114696489821447,-7.102785117464506e-09,0.0003420147698709291,3.964971089836389e-06
1,14.12537544622754,0.0,0.0,0.0,34.20611585086378,-0.003789709212866396,34.20181655450614,0.3815726613728752,1.0,0.0,0.0,0.0,0.03420611585086378,-3.789709212866396e-06,-0.03475960366539104,-3.33980630974719e-08,-0.03420611585086378,3.789709212866396e-06,0.0003420181655450615,3.815726613728375e-06,0.000211469648982198,7.38066223780934e-09,-0.03454813401640884,-2.601740085966256e-08,-0.0002114696489822002,-7.38066223780934e-09,0.0003420181655450615,3.815726613728752e-06
1,14.67799267622069,0.0,0.0,0.0,34.20611273159812,-0.003647445189102516,34.20213104026096,0.3672096835348413,1.0,0.0,0.0,0.0,0.03420611273159812,-3.647445189102516e-06,-0.03475960369098299,-3.232105680488162e-08,-0.03420611273159812,3.647445189102516e-06,0.0003420213104026097,3.672096835349569e-06,0.000211469648982259,7.669410558702079e-09,-0.03454813404200072,-2.465164624617954e-08,-0.0002114696489822626,-7.669410558702084e-09,0.0003420213104026096,3.672096835348414e-06
1,15.25222956539018,0.0,0.0,0.0,34.20610984273659,-0.003510548645895467,34.20242229656651,0.353387080705762,1.0,0.0,0.0,0.0,0.03420610984273659,-3.510548645895467e-06,-0.03475960371468459,-3.129161654762122e-08,-0.03420610984273659,3.510548645895467e-06,0.0003420242229656651,3.53387080705557e-06,0.0002114696489823245,7.969455386274765e-09,-0.03454813406570226,-2.332216116134645e-08,-0.0002114696489823251,-7.969455386274764e-09,0.0003420242229656652,3.533870807057621e-06
1,15.84893192461113,0.0,0.0,0.0,34.20610716726394,-0.003378818482577949,34.20269203891012,0.3400845474360644,1.0,0.0,0.0,0.0,0.03420610716726395,-3.378818482577948e-06,-0.03475960373663544,-3.030823044922117e-08,-0.03420610716726395,3.378818482577948e-06,0.0003420269203891012,3.400845474362518e-06,0.0002114696489823949,8.281238665625613e-09,-0.03454813408765304,-2.202699178359556e-08,-0.0002114696489824014,-8.281238665625618e-09,0.0003420269203891012,3.400845474360644e-06
1,16.46897865482867,0.0,0.0,0.0,34.20610468942097,-0.003252061149656616,34.20294185614114,0.3272825384014519,1.0,0.0,0.0,0.0,0.03420610468942097,-3.252061149656616e-06,-0.03475960375696485,-2.936945398745871e-08,-0.03420610468942097,3.252061149656616e-06,0.0003420294185614114,3.272825384018127e-06,0.0002114696489824707,8.60521963177331e-09,-0.03454813410798237,-2.07642343556854e-08,-0.0002114696489824777,-8.605219631773311e-09,0.0003420294185614114,3.27282538401452e-06
1,17.11328304161779,0.0,0.0,0.0,34.20610239461188,-0.003130090370119281,34.20317321981227,0.3149622402553464,1.0,0.0,0.0,0.0,0.03420610239461187,-3.130090370119281e-06,-0.03475960377579256,-2.84739079191212e-08,-0.03420610239461187,3.130090370119281e-06,0.0003420317321981227,3.149622402557438e-06,0.0002114696489825523,8.94187548607818e-09,-0.03454813412681,-1.953203243304302e-08,-0.000211469648982554,-8.941875486078176e-09,0.0003420317321981227,3.149622402553464e-06
1,17.78279410038921,0.0,0.0,0.0,34.2061002693185,-0.003012726870704765,34.20338749283289,0.3031055444898527,1.0,0.0,0.0,0.0,0.03420610026931851,-3.012726870704765e-06,-0.03475960379322948,-2.762027629477417e-08,-0.03420610026931851,3.012726870704765e-06,0.000342033874928329,3.031055444896496e-06,0.0002114696489826401,9.29170209912648e-09,-0.03454813414424684,-1.832857419564768e-08,-0.0002114696489826443,-9.291702099126481e-09,0.0003420338749283289,3.031055444898527e-06
1,18.47849797422289,0.0,0.0,0.0,34.20609830102075,-0.002899798122900627,34.20358593748472,0.2916950212727525,1.0,0.0,0.0,0.0,0.03420609830102075,-2.899798122900627e-06,-0.03475960380937834,-2.6807304561931e-08,-0.03420609830102075,2.899798122900627e-06,0.0003420358593748474,2.916950212727993e-06,0.0002114696489827348,9.655214741113186e-09,-0.03454813416039559,-1.715208982081781e-08,-0.0002114696489827414,-9.655214741113186e-09,0.0003420358593748473,2.916950212727525e-06
1,19.201419386388,0.0,0.0,0.0,34.20609647812294,-0.002791138093379509,34.2037697228471,0.2807138942287151,1.0,0.0,0.0,0.0,0.03420609647812294,-2.791138093379509e-06,-0.03475960382433425,-2.603379775458733e-08,-0.03420609647812294,2.791138093379509e-06,0.000342037697228471,2.807138942282395e-06,0.0002114696489828368,1.003294884079905e-08,-0.03454813417535142,-1.600084891378828e-08,-0.0002114696489828385,-1.003294884079905e-08,0.000342037697228471,2.807138942287151e-06
1,19.95262314968878,0.0,0.0,0.0,34.20609478988567,-0.002686587003348294,34.2039399316747,0.270146016133809,1.0,0.0,0.0,0.0,0.03420609478988567,-2.686587003348294e-06,-0.03475960383818536,-2.529861876515521e-08,-0.03420609478988567,2.686587003348294e-06,0.0003420393993167471,2.701460161344921e-06,0.0002114696489829467,1.042546077415981e-08,-0.03454813418920241,-1.48731579909954e-08,-0.0002114696489829496,-1.042546077415981e-08,0.0003420393993167471,2.70146016133809e-06
1,20.73321573485953,0.0,0.0,0.0,34.20609322636249,-0.002585991096903559,34.20409756676855,0.2599758454924829,1.0,0.0,0.0,0.0,0.03420609322636249,-2.585991096903559e-06,-0.03475960385101325,-2.460068669992696e-08,-0.03420609322636249,2.585991096903559e-06,0.0003420409756676854,2.599758454923289e-06,0.0002114696489830653,1.083332868388918e-08,-0.03454813420203019,-1.376735801603778e-08,-0.0002114696489830675,-1.083332868388918e-08,0.0003420409756676855,2.599758454924829e-06
1,21.54434690031881,0.0,0.0,0.0,34.20609177834154,-0.002489202417692967,34.20424355687709,0.2501884239677021,1.0,0.0,0.0,0.0,0.03420609177834154,-2.489202417692967e-06,-0.03475960386289351,-2.393897531269966e-08,-0.03420609177834154,2.489202417692967e-06,0.0003420424355687708,2.501884239679116e-06,0.0002114696489831932,1.125715333096272e-08,-0.03454813421391031,-1.268182198173693e-08,-0.0002114696489831924,-1.125715333096272e-08,0.0003420424355687709,2.501884239677021e-06
1,22.38721138568337,0.0,0.0,0.0,34.20609043729117,-0.002396078593816063,34.20437876216224,0.2407693546350349,1.0,0.0,0.0,0.0,0.03420609043729118,-2.396078593816063e-06,-0.03475960387389612,-2.331251151640628e-08,-0.03420609043729118,2.396078593816063e-06,0.0003420437876216223,2.407693546346448e-06,0.0002114696489833311,1.169755897951683e-08,-0.03454813422491278,-1.161495253688945e-08,-0.0002114696489833312,-1.169755897951683e-08,0.0003420437876216224,2.40769354635035e-06
1,23.26305067153623,0.0,0.0,0.0,34.20608919530983,-0.002306482630672262,34.20450397926228,0.231704781032474,1.0,0.0,0.0,0.0,0.03420608919530983,-2.306482630672262e-06,-0.03475960388408593,-2.272037397076302e-08,-0.03420608919530983,2.306482630672262e-06,0.0003420450397926229,2.317047810326063e-06,0.0002114696489834798,1.215519431634626e-08,-0.03454813423510245,-1.056517965441676e-08,-0.0002114696489834769,-1.215519431634626e-08,0.0003420450397926229,2.31704781032474e-06
1,24.17315480804101,0.0,0.0,0.0,34.20608804507951,-0.0022202827114566,34.2046199459814,0.222981366978543,1.0,0.0,0.0,0.0,0.03420608804507951,-2.2202827114566e-06,-0.03475960389352297,-2.216169174389933e-08,-0.03420608804507951,2.2202827114566e-06,0.0003420461994598141,2.229813669796918e-06,0.0002114696489836404,1.263073340637455e-08,-0.03454813424453933,-9.530958337524786e-09,-0.0002114696489836365,-1.263073340637455e-08,0.000342046199459814,2.22981366978543e-06
1,25.11886431509577,0.0,0.0,0.0,34.2060869798227,-0.002137352004952925,34.20472734563316,0.2145862771320712,1.0,0.0,0.0,0.0,0.0342060869798227,-2.137352004952925e-06,-0.03475960390226285,-2.163564304553597e-08,-0.0342060869798227,2.137352004952925e-06,0.0003420472734563317,2.145862771319665e-06,0.0002114696489838136,1.312487668550457e-08,-0.03454813425327903,-8.510766360031398e-09,-0.00021146964898381,-1.312487668550457e-08,0.0003420472734563316,2.145862771320712e-06
1,26.10157215682533,0.0,0.0,0.0,34.20608599326243,-0.002057568480631192,34.20482681106358,0.2065071582674255,1.0,0.0,0.0,0.0,0.03420608599326243,-2.057568480631192e-06,-0.03475960391035705,-2.114145403222259e-08,-0.03420608599326243,2.057568480631192e-06,0.0003420482681106357,2.065071582659984e-06,0.0002114696489840005,1.363835199231181e-08,-0.03454813426137306,-7.50310203991078e-09,-0.0002114696489839973,-1.363835199231181e-08,0.0003420482681106358,2.065071582674255e-06
1,27.12272579332025,0.0,0.0,0.0,34.20608507958532,-0.0019808147303636,34.20491892837737,0.1987321212404565,1.0,0.0,0.0,0.0,0.03420608507958532,-1.9808147303636e-06,-0.0347596039178533,-2.067839767948734e-08,-0.03420608507958532,1.9808147303636e-06,0.0003420491892837738,1.987321212413398e-06,0.0002114696489842023,1.417191564009974e-08,-0.03454813426886909,-6.506482039387598e-09,-0.0002114696489841986,-1.417191564009974e-08,0.0003420491892837737,1.987321212404565e-06
1,28.1838293126445,0.0,0.0,0.0,34.20608423340743,-0.001906977797006763,34.20500424038939,0.1912497236202433,1.0,0.0,0.0,0.0,0.03420608423340743,-1.906977797006763e-06,-0.03475960392479575,-2.024579272341976e-08,-0.03420608423340743,1.906977797006763e-06,0.000342050042403894,1.912497236209881e-06,0.00021146964898442,1.472635353089664e-08,-0.03454813427581132,-5.519439192523127e-09,-0.0002114696489844206,-1.472635353089664e-08,0.000342050042403894,1.912497236202434e-06
1,29.28644564625232,0.0,0.0,0.0,34.20608344974244,-0.001835949009281272,34.20508324982099,0.1840489529632952,1.0,0.0,0.0,0.0,0.03420608344974244,-1.835949009281272e-06,-0.03475960393122531,-1.984300266753418e-08,-0.03420608344974244,1.835949009281272e-06,0.0003420508324982098,1.840489529627967e-06,0.0002114696489846551,1.530248231303436e-08,-0.03454813428224065,-4.540520354499822e-09,-0.0002114696489846565,-1.530248231303436e-08,0.0003420508324982099,1.840489529632952e-06
1,30.43219887107717,0.0,0.0,0.0,34.20608272397236,-0.001767623822802618,34.20515642226081,0.1771192107071929,1.0,0.0,0.0,0.0,0.03420608272397236,-1.767623822802618e-06,-0.03475960393717987,-1.946943485424798e-08,-0.03420608272397236,1.767623822802618e-06,0.0003420515642226081,1.77119210707003e-06,0.0002114696489849088,1.590115058401444e-08,-0.03454813428819496,-3.568284270233541e-09,-0.0002114696489849063,-1.590115058401444e-08,0.0003420515642226081,1.771192107071929e-06
1,31.62277660168374,0.0,0.0,0.0,34.20608205182027,-0.001701901667153824,34.20522418890688,0.170450296661349,1.0,0.0,0.0,0.0,0.03420608205182028,-1.701901667153824e-06,-0.03475960394269453,-1.912453960062865e-08,-0.03420608205182028,1.701901667153824e-06,0.0003420522418890689,1.704502966609523e-06,0.0002114696489851827,1.652324014043291e-08,-0.03454813429370934,-2.601299460195732e-09,-0.0002114696489851839,-1.652324014043291e-08,0.0003420522418890689,1.70450296661349e-06
1,32.85993247600649,0.0,0.0,0.0,34.20608142932523,-0.001638685798613438,34.20528694910641,0.1640323940735687,1.0,0.0,0.0,0.0,0.03420608142932523,-1.638685798613438e-06,-0.03475960394780177,-1.880780939581488e-08,-0.03420608142932523,1.638685798613438e-06,0.0003420528694910641,1.640323940736169e-06,0.0002114696489854783,1.716966727680527e-08,-0.03454813429881629,-1.63814211900961e-09,-0.0002114696489854823,-1.716966727680528e-08,0.0003420528694910641,1.640323940735687e-06
1,34.14548873833596,0.0,0.0,0.0,34.20608085281882,-0.001577883158494886,34.20534507270794,0.1578560552514545,1.0,0.0,0.0,0.0,0.03420608085281882,-1.577883158494886e-06,-0.03475960395253171,-1.851877816034832e-08,-0.03420608085281882,1.577883158494886e-06,0.0003420534507270793,1.578560552509351e-06,0.0002114696489857975,1.784138413520431e-08,-0.0345481343035459,-6.773940251440092e-10,-0.0002114696489858015,-1.784138413520431e-08,0.0003420534507270794,1.578560552514545e-06
1,35.48133892335748,0.0,0.0,0.0,34.20608031890366,-0.001519404236718162,34.20539890224001,0.1519121877187312,1.0,0.0,0.0,0.0,0.03420608031890366,-1.519404236718162e-06,-0.0347596039569122,-1.82570205649271e-08,-0.03420608031890366,1.519404236718162e-06,0.0003420539890224,1.519121877172105e-06,0.0002114696489861421,1.853938010769899e-08,-0.03454813430792606,2.823595427718809e-10,-0.0002114696489861415,-1.853938010769899e-08,0.0003420539890224001,1.519121877187312e-06
1,36.86945064519569,0.0,0.0,0.0,34.20607982443327,-0.001463162940752034,34.20544875492882,0.1461920408867241,1.0,0.0,0.0,0.0,0.03420607982443327,-1.463162940752034e-06,-0.03475960396096907,-1.802215141036041e-08,-0.03420607982443327,1.463162940752034e-06,0.0003420544875492882,1.461920408880431e-06,0.0002114696489865141,1.926468329365989e-08,-0.03454813431198255,1.242531883299488e-09,-0.0002114696489865162,-1.926468329365989e-08,0.0003420544875492882,1.461920408867241e-06
1,38.31186849557281,0.0,0.0,0.0,34.20607936649363,-0.001409076469183568,34.20549492456714,0.1406871932227707,1.0,0.0,0.0,0.0,0.03420607936649363,-1.409076469183568e-06,-0.03475960396472623,-1.781382506329663e-08,-0.03420607936649363,1.409076469183568e-06,0.0003420549492456714,1.406871932222876e-06,0.0002114696489869158,2.001836201407794e-08,-0.03454813431573931,2.204536950781321e-09,-0.0002114696489869186,-2.001836201407795e-08,0.0003420549492456714,1.406871932227707e-06
1,39.81071705534965,0.0,0.0,0.0,34.206078942386,-0.001357065190402845,34.20553768324496,0.1353895398967564,1.0,0.0,0.0,0.0,0.034206078942386,-1.357065190402845e-06,-0.03475960396820581,-1.763173495242493e-08,-0.034206078942386,1.357065190402845e-06,0.0003420553768324496,1.353895398983138e-06,0.0002114696489873494,2.080152638512662e-08,-0.03454813431921845,3.169791432701693e-09,-0.0002114696489873558,-2.080152638512662e-08,0.0003420553768324496,1.353895398967564e-06
1,41.36820402388499,0.0,0.0,0.0,34.20607854961098,-0.001307052525717979,34.20557728295258,0.1302912808887692,1.0,0.0,0.0,0.0,0.03420607854961098,-1.307052525717979e-06,-0.03475960397142832,-1.74756131202549e-08,-0.03420607854961098,1.307052525717979e-06,0.0003420557728295258,1.302912808887168e-06,0.0002114696489878176,2.161532995328567e-08,-0.0345481343224405,4.139716833030773e-09,-0.0002114696489878137,-2.161532995328567e-08,0.0003420557728295258,1.302912808887692e-06
1,42.98662347082268,0.0,0.0,0.0,34.20607818585378,-0.001258964836973148,34.20561395706512,0.1253849095407195,1.0,0.0,0.0,0.0,0.03420607818585378,-1.258964836973148e-06,-0.03475960397441276,-1.734522983182311e-08,-0.03420607818585378,1.258964836973148e-06,0.0003420561395706513,1.253849095396709e-06,0.0002114696489883231,2.246097139443458e-08,-0.03454813432542443,5.115741562611477e-09,-0.0002114696489883203,-2.246097139443458e-08,0.0003420561395706512,1.253849095407195e-06
1,44.66835921509622,0.0,0.0,0.0,34.20607784897066,-0.001212731318392699,34.20564792171765,0.1206632015357184,1.0,0.0,0.0,0.0,0.03420607784897066,-1.212731318392699e-06,-0.03475960397717671,-1.724039323883629e-08,-0.03420607784897066,1.212731318392699e-06,0.0003420564792171765,1.206632015361259e-06,0.0002114696489888689,2.333969627941853e-08,-0.03454813432818783,6.099303040582235e-09,-0.0002114696489888684,-2.333969627941853e-08,0.0003420564792171765,1.206632015357184e-06
1,46.41588833612769,0.0,0.0,0.0,34.20607753697621,-0.00116828389269493,34.20567937707853,0.1161192042892608,1.0,0.0,0.0,0.0,0.03420607753697621,-1.16828389269493e-06,-0.03475960397973646,-1.716094910042116e-08,-0.03420607753697621,1.16828389269493e-06,0.0003420567937707854,1.161192042893066e-06,0.0002114696489894582,2.425279890868733e-08,-0.03454813433074699,7.091849808266166e-09,-0.0002114696489894582,-2.425279890868733e-08,0.0003420567937707854,1.161192042892608e-06
1,48.23178482239296,0.0,0.0,0.0,34.20607724803171,-0.001125557111023801,34.20570850852886,0.111746226737318,1.0,0.0,0.0,0.0,0.03420607724803171,-1.125557111023801e-06,-0.0347596039821071,-1.71067805576186e-08,-0.03420607724803171,1.125557111023801e-06,0.0003420570850852886,1.117462267353933e-06,0.0002114696489900945,2.520162421870972e-08,-0.03454813433311699,8.094843661091115e-09,-0.0002114696489900966,-2.520162421870972e-08,0.0003420570850852887,1.11746226737318e-06
1,50.11872336272711,0.0,0.0,0.0,34.20607698043426,-0.00108448805685876,34.20573548775474,0.1075378295063755,1.0,0.0,0.0,0.0,0.03420607698043426,-1.08448805685876e-06,-0.03475960398430259,-1.707780796381368e-08,-0.03420607698043426,1.08448805685876e-06,0.0003420573548775474,1.075378295051965e-06,0.0002114696489907815,2.618756976297088e-08,-0.03454813433531181,9.109761799157204e-09,-0.0002114696489907836,-2.618756976297088e-08,0.0003420573548775475,1.075378295063755e-06
1,52.07948328595451,0.0,0.0,0.0,34.20607673260677,-0.001045016253523799,34.20576047375896,0.1034878154515159,1.0,0.0,0.0,0.0,0.03420607673260678,-1.045016253523799e-06,-0.03475960398633589,-1.707398876890429e-08,-0.03420607673260678,1.045016253523799e-06,0.0003420576047375896,1.034878154519038e-06,0.0002114696489915234,2.721208777047136e-08,-0.03454813433734436,1.013809900156707e-08,-0.000211469648991526,-2.721208777047135e-08,0.0003420576047375896,1.034878154515159e-06
1,54.11695265464624,0.0,0.0,0.0,34.20607650308866,-0.001007083575310254,34.20578361379785,0.099590220548766,1.0,0.0,0.0,0.0,0.03420607650308866,-1.007083575310254e-06,-0.03475960398821896,-1.709531745827462e-08,-0.03420607650308866,1.007083575310254e-06,0.0003420578361379785,9.959022054849547e-07,0.0002114696489923243,2.827668728475888e-08,-0.03454813433922663,1.118136982648426e-08,-0.0002114696489923309,-2.827668728475888e-08,0.0003420578361379785,9.9590220548766e-07
1,56.23413251903477,0.0,0.0,0.0,34.20607629052724,-0.00097063416212585,34.20580504424903,0.09583930512852058,1.0,0.0,0.0,0.0,0.03420607629052724,-9.7063416212585e-07,-0.03475960398996292,-1.714182554683989e-08,-0.03420607629052724,9.7063416212585e-07,0.0003420580504424904,9.583930512888305e-07,0.0002114696489931891,2.938293638664437e-08,-0.03454813434096972,1.224111083980448e-08,-0.0002114696489931914,-2.938293638664437e-08,0.0003420580504424904,9.583930512852058e-07
1,58.43414133735162,0.0,0.0,0.0,34.20607609366975,-0.0009356143372474588,34.20582489141506,0.09222954543767048,1.0,0.0,0.0,0.0,0.03420607609366975,-9.356143372474588e-07,-0.03475960399157803,-1.721358162571799e-08,-0.03420607609366975,9.356143372474588e-07,0.0003420582489141505,9.22295454351433e-07,0.0002114696489941229,3.053246450387548e-08,-0.0345481343425839,1.33188828781575e-08,-0.0002114696489941212,-3.053246450387549e-08,0.0003420582489141506,9.222954543767048e-07
1,60.7202195690987,0.0,0.0,0.0,34.206075911356,-0.0009019725285271606,34.2058432722676,0.0887556255177516,1.0,0.0,0.0,0.0,0.034206075911356,-9.019725285271607e-07,-0.03475960399307381,-1.73106914654594e-08,-0.034206075911356,9.019725285271607e-07,0.0003420584327226761,8.87556255163301e-07,0.0002114696489951312,3.172696481117009e-08,-0.03454813434407868,1.44162733457107e-08,-0.0002114696489951343,-3.172696481117009e-08,0.000342058432722676,8.87556255177516e-07
1,63.09573444801917,0.0,0.0,0.0,34.2060757425115,-0.0008696591924542362,34.20586029513684,0.08541242938782599,1.0,0.0,0.0,0.0,0.0342060757425115,-8.696591924542362e-07,-0.03475960399445909,-1.743329817203806e-08,-0.0342060757425115,8.696591924542362e-07,0.0003420586029513685,8.541242938991178e-07,0.0002114696489962199,3.296819672414445e-08,-0.03454813434546287,1.553489855210638e-08,-0.0002114696489962237,-3.296819672414445e-08,0.0003420586029513685,8.5412429387826e-07
1,65.56418494179772,0.0,0.0,0.0,34.20607558614113,-0.0008386267412770224,34.20587606034982,0.08219503352043674,1.0,0.0,0.0,0.0,0.03420607558614113,-8.386267412770224e-07,-0.03475960399574203,-1.758158239842405e-08,-0.03420607558614113,8.386267412770224e-07,0.0003420587606034982,8.219503352141076e-07,0.0002114696489973954,3.425798849080961e-08,-0.03454813434674463,1.667640609238557e-08,-0.0002114696489973963,-3.425798849080961e-08,0.0003420587606034982,8.219503352043674e-07
1,68.12920690579594,0.0,0.0,0.0,34.2060754413233,-0.0008088294732720097,34.20589066082159,0.07909869959951271,1.0,0.0,0.0,0.0,0.0342060754413233,-8.088294732720098e-07,-0.03475960399693018,-1.775576261364721e-08,-0.0342060754413233,8.088294732720098e-07,0.0003420589066082159,7.909869959887103e-07,0.0002114696489986647,3.559823988445333e-08,-0.03454813434793151,1.784247727080613e-08,-0.0002114696489986662,-3.559823988445333e-08,0.0003420589066082159,7.909869959951272e-07
1,70.7945784384136,0.0,0.0,0.0,34.20607530720449,-0.0007802235050965954,34.20590418260285,0.07611886755065313,1.0,0.0,0.0,0.0,0.03420607530720449,-7.802235050965954e-07,-0.03475960399803055,-1.795609542186458e-08,-0.03420607530720449,7.802235050965954e-07,0.0003420590418260286,7.611886755058931e-07,0.0002114696490000352,3.699092500187344e-08,-0.03454813434903051,1.903482958000886e-08,-0.0002114696490000401,-3.699092500187345e-08,0.0003420590418260285,7.611886755065313e-07
1,73.56422544596393,0.0,0.0,0.0,34.20607518299425,-0.0007527667075367011,34.20591670538705,0.07325114883223705,1.0,0.0,0.0,0.0,0.03420607518299425,-7.527667075367011e-07,-0.03475960399904963,-1.818287594347685e-08,-0.03420607518299425,7.527667075367011e-07,0.0003420591670538705,7.32511488317453e-07,0.0002114696490015151,3.84380951710848e-08,-0.03454813435004812,2.025521922760796e-08,-0.000211469649001518,-3.84380951710848e-08,0.0003420591670538705,7.325114883223705e-07
1,76.44222742525982,0.0,0.0,0.0,34.20607506796051,-0.0007264186435273967,34.20592830297997,0.07049131997861122,1.0,0.0,0.0,0.0,0.03420607506796051,-7.264186435273967e-07,-0.03475960399999342,-1.843643825042736e-08,-0.03420607506796051,7.264186435273967e-07,0.0003420592830297997,7.049131998140075e-07,0.000211469649003113,3.994188197278229e-08,-0.0345481343509903,2.150544372235492e-08,-0.000211469649003114,-3.994188197278229e-08,0.0003420592830297997,7.049131997861123e-07
1,79.43282347242791,0.0,0.0,0.0,34.2060749614253,-0.0007011405083590913,34.20593904373477,0.06783531638593904,1.0,0.0,0.0,0.0,0.0342060749614253,-7.011405083590913e-07,-0.03475960400086749,-1.871715585635653e-08,-0.0342060749614253,7.011405083590913e-07,0.0003420593904373477,6.783531638269833e-07,0.0002114696490048383,4.150450038001047e-08,-0.03454813435186264,2.278734452365394e-08,-0.0002114696490048418,-4.150450038001047e-08,0.0003420593904373477,6.783531638593904e-07
1,82.5404185268016,0.0,0.0,0.0,34.20607486276072,-0.0006768950730308468,34.20594899095468,0.06527922633059322,1.0,0.0,0.0,0.0,0.03420607486276072,-6.768950730308469e-07,-0.03475960400167697,-1.902544227094519e-08,-0.03420607486276072,6.768950730308469e-07,0.0003420594899095468,6.527922632835552e-07,0.0002114696490067013,4.312825202066439e-08,-0.03454813435267026,2.41028097497192e-08,-0.0002114696490067014,-4.312825202066439e-08,0.0003420594899095468,6.527922633059322e-07
1,85.76958985908915,0.0,0.0,0.0,34.20607477138528,-0.0006536466290899005,34.20595820326622,0.06281928521293721,1.0,0.0,0.0,0.0,0.03420607477138529,-6.536466290899005e-07,-0.03475960400242666,-1.936175160632101e-08,-0.03420607477138529,6.536466290899005e-07,0.0003420595820326621,6.28192852091633e-07,0.0002114696490087129,4.481552856762683e-08,-0.03454813435341794,2.545377696130582e-08,-0.0002114696490087137,-4.481552856762683e-08,0.0003420595820326622,6.281928521293722e-07
1,89.12509381337428,0.0,0.0,0.0,34.20607468676042,-0.0006313609362103332,34.20596673496458,0.0604518700167495,1.0,0.0,0.0,0.0,0.03420607468676042,-6.313609362103332e-07,-0.03475960400312095,-1.972657924736758e-08,-0.03420607468676042,6.313609362103332e-07,0.0003420596673496458,6.045187001612665e-07,0.0002114696490108849,4.656881526153565e-08,-0.03454813435411006,2.684223601416807e-08,-0.0002114696490108925,-4.656881526153565e-08,0.0003420596673496458,6.045187001674951e-07
1,92.61187281287906,0.0,0.0,0.0,34.2060746083874,-0.0006100051717532767,34.20597463633369,0.05817349397687237,1.0,0.0,0.0,0.0,0.0342060746083874,-6.100051717532767e-07,-0.03475960400376396,-2.012046258134105e-08,-0.0342060746083874,6.100051717532767e-07,0.0003420597463633368,5.817349397544589e-07,0.0002114696490132302,4.839069457136986e-08,-0.03454813435475073,2.827023199002881e-08,-0.0002114696490132309,-4.839069457136986e-08,0.0003420597463633369,5.817349397687238e-07
1,96.23506263980856,0.0,0.0,0.0,34.20607453580428,-0.0005895478826874403,34.2059819539425,0.05598080144683161,1.0,0.0,0.0,0.0,0.03420607453580429,-5.895478826874404e-07,-0.03475960400435946,-2.054398179158633e-08,-0.03420607453580429,5.895478826874404e-07,0.000342059819539425,5.598080144533464e-07,0.0002114696490157626,5.028384999824621e-08,-0.0345481343553437,2.973986820665988e-08,-0.0002114696490157636,-5.028384999824622e-08,0.000342059819539425,5.598080144683161e-07
1,99.99999999999969,0.0,0.0,0.0,34.20607446858328,-0.0005699589389375197,34.20598873091946,0.05387056295977766,1.0,0.0,0.0,0.0,0.03420607446858328,-5.699589389375197e-07,-0.03475960400491097,-2.099776070945272e-08,-0.03420607446858328,5.699589389375197e-07,0.0003420598873091946,5.38705629608928e-07,0.0002114696490184971,5.225107002802914e-08,-0.03454813435589248,3.125330931857643e-08,-0.0002114696490184975,-5.225107002802915e-08,0.0003420598873091946,5.387056295977767e-07
1,103.9122303835166,0.0,0.0,0.0,34.20607440632823,-0.0005512094892385978,34.20599500720674,0.05183967047436987,1.0,0.0,0.0,0.0,0.03420607440632823,-5.512094892385978e-07,-0.03475960400542174,-2.148246773507307e-08,-0.03420607440632823,5.512094892385978e-07,0.0003420599500720674,5.18396704754793e-07,0.0002114696490214496,5.429525223857599e-08,-0.03454813435640029,3.281278450350291e-08,-0.0002114696490214465,-5.429525223857599e-08,0.0003420599500720674,5.183967047436988e-07
1,107.9775162327706,0.0,0.0,0.0,34.20607434867217,-0.0005332719187389324,34.20600081979552,0.04988513279933184,1.0,0.0,0.0,0.0,0.03420607434867218,-5.332719187389324e-07,-0.03475960400589477,-2.199881682268019e-08,-0.03420607434867218,5.332719187389324e-07,0.0003420600081979553,4.988513280418911e-07,0.0002114696490246377,5.641940756766685e-08,-0.03454813435687013,3.442059074498666e-08,-0.0002114696490246384,-5.641940756766685e-08,0.0003420600081979552,4.988513279933184e-07
1,112.201845430196,0.0,0.0,0.0,34.20607429527534,-0.0005161198081180139,34.20600620294415,0.04800407119014415,1.0,0.0,0.0,0.0,0.03420607429527533,-5.161198081180139e-07,-0.03475960400633286,-2.254756853051172e-08,-0.03420607429527533,5.161198081180139e-07,0.0003420600620294416,4.80040711899317e-07,0.0002114696490280801,5.862666474790608e-08,-0.03454813435730478,3.607909621739437e-08,-0.0002114696490280801,-5.862666474790608e-08,0.0003420600620294416,4.800407119014415e-07
1,116.5914401179828,0.0,0.0,0.0,34.20607424582299,-0.0004997278948900685,34.2060111883799,0.04619371511068838,1.0,0.0,0.0,0.0,0.03420607424582299,-4.997278948900685e-07,-0.03475960400673859,-2.312953114284231e-08,-0.03420607424582299,4.997278948900685e-07,0.0003420601118837991,4.61937151099505e-07,0.0002114696490317972,6.092027491512693e-08,-0.03454813435770678,3.77907437722846e-08,-0.0002114696490317994,-6.092027491512691e-08,0.0003420601118837991,4.619371511068838e-07
1,121.1527658628584,0.0,0.0,0.0,34.20607420002366,-0.0004840720360771258,34.20601580548605,0.04445139815438576,1.0,0.0,0.0,0.0,0.03420607420002367,-4.840720360771258e-07,-0.03475960400711434,-2.374556185956969e-08,-0.03420607420002367,4.840720360771258e-07,0.0003420601580548605,4.445139815478065e-07,0.0002114696490358107,6.330361639708789e-08,-0.03454813435807853,3.955805453751819e-08,-0.0002114696490358101,-6.330361639708789e-08,0.0003420601580548605,4.445139815438577e-07
1,125.8925411794163,0.0,0.0,0.0,34.20607415760744,-0.000469129172834417,34.20602008147502,0.04277455411820953,1.0,0.0,0.0,0.0,0.03420607415760744,-4.69129172834417e-07,-0.03475960400746234,-2.439656806033889e-08,-0.03420607415760744,4.69129172834417e-07,0.0003420602008147502,4.277455412611026e-07,0.0002114696490401445,6.578019968951389e-08,-0.03454813435842219,4.1383631629175e-08,-0.0002114696490401399,-6.578019968951389e-08,0.0003420602008147502,4.277455411820953e-07
1,130.8177474260189,0.0,0.0,0.0,34.20607411832431,-0.0004548772962122146,34.2060240415488,0.04116071322457297,1.0,0.0,0.0,0.0,0.03420607411832431,-4.548772962122146e-07,-0.03475960400778463,-2.50835086388004e-08,-0.03420607411832431,4.548772962122146e-07,0.000342060240415488,4.116071322144249e-07,0.0002114696490448239,6.835367262681139e-08,-0.0345481343587398,4.327016398801098e-08,-0.0002114696490448237,-6.835367262681137e-08,0.000342060240415488,4.116071322457297e-07
1,135.9356390878521,0.0,0.0,0.0,34.20607408194276,-0.0004412954152196563,34.20602770904739,0.03960749848433208,1.0,0.0,0.0,0.0,0.03420607408194276,-4.412954152196563e-07,-0.03475960400808311,-2.58073954189439e-08,-0.03420607408194276,4.412954152196563e-07,0.0003420602770904741,3.960749849096297e-07,0.0002114696490498767,7.102782575507412e-08,-0.03454813435903323,4.522043033613021e-08,-0.0002114696490498752,-7.102782575507412e-08,0.0003420602770904739,3.960749848433208e-07
1,141.2537544622749,0.0,0.0,0.0,34.20607404824835,-0.0004283635253256788,34.20603110558647,0.03811262219738076,1.0,0.0,0.0,0.0,0.03420607404824835,-4.283635253256787e-07,-0.03475960400835955,-2.656929464067917e-08,-0.03420607404824835,4.283635253256787e-07,0.0003420603110558648,3.811262220345228e-07,0.0002114696490553325,7.380659791529294e-08,-0.03454813435930421,4.723730327461377e-08,-0.0002114696490553361,-7.380659791529294e-08,0.0003420603110558647,3.811262219738076e-07
1,146.7799267622064,0.0,0.0,0.0,34.2060740170425,-0.0004160625793784816,34.2060342511847,0.03667388258367148,1.0,0.0,0.0,0.0,0.0342060740170425,-4.160625793784816e-07,-0.03475960400861557,-2.737032853348969e-08,-0.0342060740170425,4.160625793784816e-07,0.0003420603425118471,3.667388258296284e-07,0.0002114696490612235,7.66940820449938e-08,-0.03454813435955434,4.93237535115041e-08,-0.0002114696490612272,-7.669408204499379e-08,0.000342060342511847,3.667388258367149e-07
1,152.5222956539013,0.0,0.0,0.0,34.20607398814128,-0.0004043744596905593,34.20603716438175,0.03528916054092286,1.0,0.0,0.0,0.0,0.03420607398814128,-4.043744596905593e-07,-0.03475960400885268,-2.821167697054838e-08,-0.03420607398814128,4.043744596905593e-07,0.0003420603716438175,3.528916054352597e-07,0.0002114696490675846,7.969453120684928e-08,-0.03454813435978508,5.14828542363009e-08,-0.0002114696490675902,-7.969453120684928e-08,0.0003420603716438175,3.528916054092286e-07
1,158.4893192461107,0.0,0.0,0.0,34.20607396137434,-0.0003932819508230815,34.20603986234758,0.03395641652467609,1.0,0.0,0.0,0.0,0.03420607396137434,-3.932819508230815e-07,-0.03475960400907228,-2.909457920224384e-08,-0.03420607396137434,3.932819508230815e-07,0.0003420603986234757,3.395641651870287e-07,0.0002114696490744531,8.281236485314299e-08,-0.03454813435999782,5.371778565089915e-08,-0.0002114696490744528,-8.281236485314299e-08,0.0003420603986234758,3.395641652467609e-07
1,164.6897865482862,0.0,0.0,0.0,34.20607393658396,-0.0003827687151093199,34.20604236098361,0.03267368754403543,1.0,0.0,0.0,0.0,0.03420607393658395,-3.8276871510932e-07,-0.03475960400927566,-3.002033568873441e-08,-0.03420607393658395,3.8276871510932e-07,0.000342060423609836,3.267368754048186e-07,0.0002114696490818695,8.605217533531473e-08,-0.03454813436019378,5.603183964658032e-08,-0.0002114696490818774,-8.605217533531473e-08,0.0003420604236098361,3.267368754403543e-07
1,171.1328304161774,0.0,0.0,0.0,34.20607391362397,-0.0003728192674204882,34.20604467501641,0.03143908427213807,1.0,0.0,0.0,0.0,0.03420607391362398,-3.728192674204882e-07,-0.03475960400946402,-3.099031000583661e-08,-0.03420607391362398,3.728192674204882e-07,0.0003420604467501641,3.143908427826653e-07,0.0002114696490898775,8.94187346681734e-08,-0.03454813436037414,5.842842466233677e-08,-0.0002114696490898779,-8.94187346681734e-08,0.0003420604467501642,3.143908427213807e-07
1,177.8279410038916,0.0,0.0,0.0,34.20607389235909,-0.000363418953311676,34.20604681808462,0.03025078826293129,1.0,0.0,0.0,0.0,0.03420607389235909,-3.63418953311676e-07,-0.03475960400963848,-3.200593086130803e-08,-0.03420607389235909,3.63418953311676e-07,0.0003420604681808462,3.025078825517135e-07,0.0002114696490985244,9.291700155874219e-08,-0.03454813436053995,6.091107069743417e-08,-0.0002114696490985238,-9.291700155874219e-08,0.0003420604681808462,3.025078826293129e-07
1,184.7849797422283,0.0,0.0,0.0,34.206073872664,-0.0003545539271677951,34.20604880281917,0.02910704927351251,1.0,0.0,0.0,0.0,0.034206073872664,-3.545539271677951e-07,-0.03475960400980005,-3.306869419702641e-08,-0.034206073872664,3.545539271677951e-07,0.0003420604880281916,2.910704926455302e-07,0.0002114696491078611,9.655212871008804e-08,-0.03454813436069219,6.348343451306162e-08,-0.0002114696491078635,-9.655212871008804e-08,0.0003420604880281917,2.910704927351251e-07
1,192.0141938638794,0.0,0.0,0.0,34.20607385442257,-0.0003462111319230204,34.20605064091777,0.02800618268648972,1.0,0.0,0.0,0.0,0.03420607385442257,-3.462111319230204e-07,-0.03475960400994969,-3.418016539333545e-08,-0.03420607385442257,3.462111319230204e-07,0.0003420605064091777,2.80061826861896e-07,0.0002114696491179426,1.003294704108935e-07,-0.03454813436083175,6.614930501755803e-08,-0.0002114696491179457,-1.003294704108935e-07,0.0003420605064091777,2.800618268648972e-07
1,199.5262314968871,0.0,0.0,0.0,34.20607383752733,-0.0003383782791881854,34.20605234321397,0.02694656702970744,1.0,0.0,0.0,0.0,0.03420607383752733,-3.383782791881854e-07,-0.0347596040100883,-3.534198156948608e-08,-0.03420607383752733,3.383782791881854e-07,0.0003420605234321397,2.694656703538106e-07,0.0002114696491288284,1.042545904219507e-07,-0.03454813436095946,6.891260885246465e-08,-0.0002114696491288329,-1.042545904219507e-07,0.0003420605234321397,2.694656702970744e-07
1,207.3321573485946,0.0,0.0,0.0,34.20607382187868,-0.0003310438320006574,34.20605391974087,0.02592664158744624,1.0,0.0,0.0,0.0,0.03420607382187867,-3.310438320006574e-07,-0.03475960401021667,-3.65558540019713e-08,-0.03420607382187867,3.310438320006574e-07,0.0003420605391974088,2.592664158553113e-07,0.0002114696491405826,1.083332701711928e-07,-0.03454813436107609,7.177741616922145e-08,-0.0002114696491405804,-1.083332701711928e-07,0.0003420605391974088,2.592664158744624e-07
1,215.4434690031875,0.0,0.0,0.0,34.20607380738439,-0.0003241969876325,34.20605537979031,0.02494490410212113,1.0,0.0,0.0,0.0,0.03420607380738439,-3.241969876325001e-07,-0.03475960401033557,-3.78235706434868e-08,-0.03420607380738439,3.241969876325001e-07,0.0003420605537979031,2.49449040974547e-07,0.0002114696491532745,1.125715172693336e-07,-0.03454813436118229,7.47479466258468e-08,-0.0002114696491532717,-1.125715172693336e-07,0.0003420605537979032,2.494490410212114e-07
1,223.872113856833,0.0,0.0,0.0,34.20607379395904,-0.0003178276611562466,34.20605673196764,0.02399990856237337,1.0,0.0,0.0,0.0,0.03420607379395903,-3.178276611562466e-07,-0.03475960401044569,-3.914699875217323e-08,-0.03420607379395903,3.178276611562466e-07,0.0003420605673196764,2.39999085617936e-07,0.0002114696491669789,1.169755743586597e-07,-0.03454813436127872,7.782857560648642e-08,-0.000211469649166976,-1.169755743586597e-07,0.0003420605673196764,2.399990856237337e-07
1,232.6305067153616,0.0,0.0,0.0,34.20607378152349,-0.000311926471458321,34.20605798424239,0.02309026307258687,1.0,0.0,0.0,0.0,0.0342060737815235,-3.11926471458321e-07,-0.0347596040105477,-4.052808764907713e-08,-0.0342060737815235,3.11926471458321e-07,0.000342060579842424,2.309026308490044e-07,0.0002114696491817765,1.215519283080062e-07,-0.03454813436136592,8.102384065892908e-08,-0.0002114696491817766,-1.215519283080062e-07,0.000342060579842424,2.309026307258688e-07
1,241.7315480804093,0.0,0.0,0.0,34.20607377000448,-0.0003064847262034767,34.20605914399538,0.02221462780417126,1.0,0.0,0.0,0.0,0.03420607377000448,-3.064847262034767e-07,-0.03475960401064218,-4.19688715793731e-08,-0.03420607377000448,3.064847262034767e-07,0.0003420605914399536,2.221462779812546e-07,0.0002114696491977547,1.263073197674628e-07,-0.03454813436144442,8.433844818808968e-08,-0.0002114696491977569,-1.263073197674628e-07,0.0003420605914399538,2.221462780417126e-07
1,251.1886431509569,0.0,0.0,0.0,34.20607375933407,-0.0003014944105872566,34.20606021806196,0.02137171302073708,1.0,0.0,0.0,0.0,0.03420607375933408,-3.014944105872566e-07,-0.0347596040107297,-4.347147272142846e-08,-0.03420607375933408,3.014944105872566e-07,0.0003420606021806196,2.137171301093589e-07,0.0002114696492150074,1.312487530968802e-07,-0.03454813436151469,8.777728037545172e-08,-0.000211469649215007,-1.312487530968802e-07,0.0003420606021806196,2.137171302073708e-07
1,261.0157215682525,0.0,0.0,0.0,34.20607374944941,-0.0002969481741653123,34.2060612127726,0.0205602771799525,1.0,0.0,0.0,0.0,0.03420607374944941,-2.969481741653123e-07,-0.03475960401081078,-4.503810430142129e-08,-0.03420607374944941,2.969481741653123e-07,0.000342060612127726,2.056027717941047e-07,0.0002114696492336366,1.363835066828042e-07,-0.03454813436157713,9.134540238138297e-08,-0.0002114696492336379,-1.363835066828043e-07,0.000342060612127726,2.05602771799525e-07
1,271.2272579332016,0.0,0.0,0.0,34.20607374029223,-0.0002928393208879707,34.20606213398999,0.01977912510413965,1.0,0.0,0.0,0.0,0.03420607374029223,-2.928393208879707e-07,-0.03475960401088588,-4.667107386033427e-08,-0.03420607374029223,2.928393208879707e-07,0.0003420606213398999,1.977912510581746e-07,0.0002114696492537519,1.417191436590311e-07,-0.03454813436163212,9.504806979869687e-08,-0.0002114696492537538,-1.417191436590311e-07,0.0003420606213398999,1.977912510413965e-07
1,281.8382931264441,0.0,0.0,0.0,34.20607373180854,-0.0002891617986685877,34.20606298714366,0.01902710622057538,1.0,0.0,0.0,0.0,0.03420607373180854,-2.891617986685877e-07,-0.03475960401095544,-4.837278664813467e-08,-0.03420607373180854,2.891617986685877e-07,0.0003420606298714367,1.902710622932666e-07,0.0002114696492754718,1.472635230465758e-07,-0.03454813436167997,9.88907363984411e-08,-0.0002114696492754725,-1.472635230465758e-07,0.0003420606298714366,1.902710622057538e-07
1,292.8644564625223,0.0,0.0,0.0,34.20607372394835,-0.0002859101908750537,34.20606377726201,0.0183031128665015,1.0,0.0,0.0,0.0,0.03420607372394835,-2.859101908750537e-07,-0.0347596040110199,-5.014574916986915e-08,-0.03420607372394835,2.859101908750537e-07,0.0003420606377726201,1.830311287906202e-07,0.0002114696492989245,1.530248113294617e-07,-0.03454813436172097,1.028790621595926e-07,-0.000211469649298926,-1.530248113294617e-07,0.0003420606377726201,1.830311286650151e-07
1,304.3219887107707,0.0,0.0,0.0,34.20607371666535,-0.0002830797082875166,34.20606450900192,0.01760607865779417,1.0,0.0,0.0,0.0,0.03420607371666535,-2.830797082875166e-07,-0.03475960401107962,-5.199257287704603e-08,-0.03420607371666535,2.830797082875166e-07,0.0003420606450900192,1.760607865820019e-07,0.0002114696493242481,1.590114944833821e-07,-0.03454813436175537,1.07018921606336e-07,-0.000211469649324246,-1.590114944833821e-07,0.0003420606450900192,1.760607865779417e-07
1,316.2277660168364,0.0,0.0,0.0,34.20607370991659,-0.0002806661816388818,34.20606518667613,0.01693497691876254,1.0,0.0,0.0,0.0,0.03420607370991659,-2.806661816388818e-07,-0.03475960401113495,-5.391597801079598e-08,-0.03420607370991659,2.806661816388818e-07,0.0003420606518667615,1.693497693225139e-07,0.000211469649351592,1.652323904749498e-07,-0.03454813436178335,1.113164124641539e-07,-0.0002114696493515922,-1.652323904749498e-07,0.0003420606518667613,1.693497691876254e-07
1,328.5993247600638,0.0,0.0,0.0,34.20607370366231,-0.0002786660562532918,34.20606581427882,0.01628881916923922,1.0,0.0,0.0,0.0,0.03420607370366231,-2.786660562532918e-07,-0.03475960401118622,-5.591879761499268e-08,-0.03420607370366231,2.786660562532918e-07,0.0003420606581427882,1.628881916638219e-07,0.0002114696493811171,1.716966622499473e-07,-0.0345481343618051,1.157778646349546e-07,-0.0002114696493811172,-1.716966622499473e-07,0.0003420606581427882,1.628881916923922e-07
1,341.4548873833585,0.0,0.0,0.0,34.20607369786564,-0.0002770763862183907,34.20606639550898,0.01566665366929158,1.0,0.0,0.0,0.0,0.03420607369786564,-2.770763862183907e-07,-0.03475960401123373,-5.800398170427248e-08,-0.03420607369786564,2.770763862183907e-07,0.0003420606639550897,1.566665366454667e-07,0.0002114696494129977,1.784138312297063e-07,-0.03454813436182072,1.204098495254338e-07,-0.0002114696494130014,-1.784138312297063e-07,0.0003420606639550898,1.566665366929158e-07
1,354.8133892335737,0.0,0.0,0.0,34.20607369249241,-0.0002758948298396887,34.2060669337923,0.0150675640176545,1.0,0.0,0.0,0.0,0.03420607369249241,-2.758948298396887e-07,-0.03475960401127776,-6.017460160750563e-08,-0.03420607369249241,2.758948298396887e-07,0.000342060669337923,1.506756401142058e-07,0.0002114696494474215,1.853937913354968e-07,-0.03454813436183034,1.252191897279912e-07,-0.0002114696494474252,-1.853937913354968e-07,0.000342060669337923,1.50675640176545e-07
1,368.6945064519557,0.0,0.0,0.0,34.20607368751097,-0.0002751196471929065,34.20606743230138,0.01449066780099863,1.0,0.0,0.0,0.0,0.03420607368751097,-2.751196471929065e-07,-0.03475960401131858,-6.243385449986623e-08,-0.03420607368751097,2.751196471929065e-07,0.0003420606743230138,1.449066780807025e-07,0.0002114696494845915,1.926468235615836e-07,-0.03454813436183399,1.302129690617174e-07,-0.00021146964948459,-1.926468235615836e-07,0.0003420606743230139,1.449066780099863e-07
1,383.1186849557268,0.0,0.0,0.0,34.20607368289195,-0.0002747496959280057,34.20606789397439,0.01393511529588809,1.0,0.0,0.0,0.0,0.03420607368289195,-2.747496959280058e-07,-0.03475960401135642,-6.478506809864885e-08,-0.03420607368289195,2.747496959280058e-07,0.0003420606789397439,1.393511529041341e-07,0.0002114696495247268,2.001836111184128e-07,-0.03454813436183168,1.353985430197639e-07,-0.0002114696495247245,-2.001836111184128e-07,0.0003420606789397439,1.393511529588809e-07
1,398.1071705534952,0.0,0.0,0.0,34.20607367860811,-0.0002747844316188412,34.20606832153235,0.0134000882152164,1.0,0.0,0.0,0.0,0.03420607367860812,-2.747844316188412e-07,-0.0347596040113915,-6.72317055814375e-08,-0.03420607367860812,2.747844316188412e-07,0.0003420606832153235,1.340008820048947e-07,0.0002114696495680638,2.080152551682356e-07,-0.03454813436182343,1.407835495867981e-07,-0.0002114696495680649,-2.080152551682356e-07,0.0003420606832153235,1.34000882152164e-07
1,413.6820402388486,0.0,0.0,0.0,34.20607367463422,-0.0002752239056651713,34.20606871749522,0.01288479850426871,1.0,0.0,0.0,0.0,0.03420607367463422,-2.752239056651713e-07,-0.03475960401142403,-6.977737067649081e-08,-0.03420607367463422,2.752239056651713e-07,0.0003420606871749523,1.288479851509391e-07,0.000211469649614858,2.161532911763462e-07,-0.03454813436180917,1.463759204998554e-07,-0.0002114696496148608,-2.161532911763462e-07,0.0003420606871749522,1.288479850426871e-07
1,429.8662347082254,0.0,0.0,0.0,34.20607367094686,-0.0002760687647098785,34.20606908419681,0.01238848718067155,1.0,0.0,0.0,0.0,0.03420607367094686,-2.760687647098785e-07,-0.03475960401145421,-7.242581296537988e-08,-0.03420607367094686,2.760687647098785e-07,0.0003420606908419681,1.238848717447607e-07,0.0002114696496653853,2.246097059020166e-07,-0.03454813436178882,1.521838929366368e-07,-0.0002114696496653898,-2.246097059020166e-07,0.0003420606908419681,1.238848718067155e-07
1,446.6835921509607,0.0,0.0,0.0,34.20607366752429,-0.0002773202537859279,34.20606942379839,0.01191042321430677,1.0,0.0,0.0,0.0,0.03420607366752429,-2.773202537859279e-07,-0.03475960401148221,-7.5180933423865e-08,-0.03420607366752429,2.773202537859279e-07,0.0003420606942379839,1.19104232071677e-07,0.0002114696497199434,2.333969550541575e-07,-0.03454813436176227,1.582160216302925e-07,-0.0002114696497199434,-2.333969550541575e-07,0.0003420606942379839,1.191042321430677e-07
1,464.1588833612755,0.0,0.0,0.0,34.20607366434633,-0.0002789802159666967,34.20606973830153,0.01144990245277117,1.0,0.0,0.0,0.0,0.03420607366434634,-2.789802159666967e-07,-0.0347596040115082,-7.80467901498462e-08,-0.03420607366434634,2.789802159666967e-07,0.0003420606973830153,1.144990244868856e-07,0.0002114696497788539,2.425279816377079e-07,-0.03454813436172934,1.644811914878617e-07,-0.0002114696497788546,-2.425279816377079e-07,0.0003420606973830153,1.144990245277117e-07
1,482.317848223928,0.0,0.0,0.0,34.20607366139426,-0.0002810510966784792,34.20607002955986,0.01100624658264034,1.0,0.0,0.0,0.0,0.03420607366139426,-2.810510966784792e-07,-0.03475960401153232,-8.102760435376725e-08,-0.03420607366139426,2.810510966784792e-07,0.0003420607002955986,1.100624659781836e-07,0.000211469649842464,2.520162350177783e-07,-0.03454813436168986,1.709886306640111e-07,-0.0002114696498424634,-2.520162350177784e-07,0.0003420607002955986,1.100624658264034e-07
1,501.1872336272695,0.0,0.0,0.0,34.20607365865068,-0.0002835359455653502,34.20607029929007,0.01057880213212321,1.0,0.0,0.0,0.0,0.03420607365865068,-2.835359455653502e-07,-0.03475960401155473,-8.41277665619125e-08,-0.03420607365865068,2.835359455653502e-07,0.0003420607029929008,1.057880213539664e-07,0.0002114696499111485,2.618756907296278e-07,-0.03454813436164358,1.777479241677153e-07,-0.0002114696499111446,-2.618756907296278e-07,0.0003420607029929007,1.057880213212321e-07
1,520.7948328595435,0.0,0.0,0.0,34.20607365609942,-0.0002864384228996489,34.20607054908189,0.01016693950664815,1.0,0.0,0.0,0.0,0.03420607365609942,-2.864384228996489e-07,-0.03475960401157555,-8.735184309908646e-08,-0.03420607365609942,2.864384228996489e-07,0.0003420607054908189,1.016693949829594e-07,0.0002114696499853124,2.721208710636514e-07,-0.03454813436159024,1.84769027964565e-07,-0.0002114696499853144,-2.721208710636514e-07,0.0003420607054908189,1.016693950664815e-07
1,541.1695265464607,0.0,0.0,0.0,34.20607365372545,-0.0002897628041275937,34.20607078040756,0.009770052062380278,1.0,0.0,0.0,0.0,0.03420607365372545,-2.897628041275937e-07,-0.03475960401159491,-9.070458280755315e-08,-0.03420607365372545,2.897628041275937e-07,0.0003420607078040757,9.77005204971076e-08,0.0002114696500653928,2.827668664557017e-07,-0.03454813436152952,1.920622836481485e-07,-0.0002114696500653962,-2.827668664557017e-07,0.0003420607078040757,9.770052062380279e-08
1,562.341325190346,0.0,0.0,0.0,34.20607365151476,-0.000293513986163213,34.20607099463049,0.009387555212699234,1.0,0.0,0.0,0.0,0.03420607365151476,-2.93513986163213e-07,-0.03475960401161293,-9.419092404172066e-08,-0.03420607365151476,2.93513986163213e-07,0.000342060709946305,9.387555247745221e-08,0.0002114696501518615,2.938293577142465e-07,-0.03454813436146106,1.996384336725259e-07,-0.0002114696501518618,-2.938293577142465e-07,0.0003420607099463049,9.387555212699234e-08
1,584.3414133735142,0.0,0.0,0.0,34.20607364945432,-0.0002976974927498414,34.2060711930133,0.009018885569011481,1.0,0.0,0.0,0.0,0.03420607364945433,-2.976974927498414e-07,-0.03475960401162969,-9.781600192680366e-08,-0.03420607364945433,2.976974927498414e-07,0.0003420607119301331,9.01888557089562e-08,0.0002114696502452283,3.053246391171074e-07,-0.03454813436138446,2.075086371903037e-07,-0.0002114696502452246,-3.053246391171074e-07,0.0003420607119301331,9.018885569011482e-08
1,607.202195690985,0.0,0.0,0.0,34.20607364753202,-0.0003023194875142028,34.20607137672523,0.00866350010601472,1.0,0.0,0.0,0.0,0.03420607364753202,-3.023194875142028e-07,-0.03475960401164532,-1.01585155962854e-07,-0.03420607364753202,3.023194875142028e-07,0.0003420607137672524,8.663500117434222e-08,0.0002114696503460435,3.172696424117924e-07,-0.03454813436129926,2.156844864489384e-07,-0.0002114696503460467,-3.172696424117924e-07,0.0003420607137672523,8.663500106014721e-08
1,630.9573444801896,0.0,0.0,0.0,34.20607364573649,-0.0003073867774630383,34.20607154684905,0.008320875367454416,1.0,0.0,0.0,0.0,0.03420607364573649,-3.073867774630384e-07,-0.03475960401165989,-1.055039378436749e-07,-0.03420607364573649,3.073867774630384e-07,0.0003420607154684905,8.32087537693999e-08,0.0002114696504549012,3.296819617547799e-07,-0.03454813436120498,2.24178023911105e-07,-0.0002114696504549041,-3.296819617547799e-07,0.0003420607154684905,8.320875367454417e-08
1,655.6418494179751,0.0,0.0,0.0,34.20607364405717,-0.0003129068269696252,34.20607170438745,0.007990506691160543,1.0,0.0,0.0,0.0,0.03420607364405717,-3.129068269696252e-07,-0.03475960401167349,-1.095781196665703e-07,-0.03420607364405717,3.129068269696252e-07,0.0003420607170438746,7.990506702665153e-08,0.000211469650572443,3.425798796264826e-07,-0.03454813436110104,2.330017599599123e-07,-0.0002114696505724489,-3.425798796264826e-07,0.0003420607170438746,7.990506691160545e-08
1,681.2920690579573,0.0,0.0,0.0,34.20607364248415,-0.0003188877659325775,34.20607185026896,0.007671907468561361,1.0,0.0,0.0,0.0,0.03420607364248415,-3.188877659325775e-07,-0.03475960401168621,-1.138137024109761e-07,-0.03420607364248415,3.188877659325775e-07,0.0003420607185026896,7.671907475928067e-08,0.0002114696506993618,3.559823937600659e-07,-0.03454813436098685,2.421686913490898e-07,-0.0002114696506993613,-3.559823937600659e-07,0.0003420607185026896,7.671907468561362e-08
1,707.9457843841337,0.0,0.0,0.0,34.20607364100817,-0.0003253384044616934,34.20607198535338,0.007364608425241052,1.0,0.0,0.0,0.0,0.03420607364100817,-3.253384044616934e-07,-0.03475960401169811,-1.182169247997275e-07,-0.03420607364100817,3.253384044616934e-07,0.0003420607198535338,7.3646084287641e-08,0.0002114696508364055,3.699092451237836e-07,-0.0345481343608617,2.516923203240561e-07,-0.0002114696508364114,-3.699092451237836e-07,0.0003420607198535338,7.364608425241053e-08
1,735.6422544596369,0.0,0.0,0.0,34.20607363962053,-0.0003322682438340603,34.20607211043688,0.007068156931759976,1.0,0.0,0.0,0.0,0.03420607363962053,-3.322682438340603e-07,-0.03475960401170928,-1.227942724716842e-07,-0.03420607363962053,3.322682438340603e-07,0.0003420607211043688,7.068156919515302e-08,0.0002114696509843819,3.843809469980458e-07,-0.0345481343607249,2.615866745263616e-07,-0.0002114696509843833,-3.843809469980458e-07,0.0003420607211043688,7.068156931759976e-08
1,764.4222742525956,0.0,0.0,0.0,34.20607363831304,-0.0003396874911799009,34.20607222625667,0.006782116336279224,1.0,0.0,0.0,0.0,0.03420607363831304,-3.39687491179901e-07,-0.03475960401171977,-1.275524875402947e-07,-0.03420607363831304,3.39687491179901e-07,0.0003420607222625668,6.782116352399714e-08,0.0002114696511441632,3.994188151900504e-07,-0.03454813436057561,2.718663276497557e-07,-0.0002114696511441652,-3.994188151900504e-07,0.0003420607222625667,6.782116336279224e-08
1,794.3282347242767,0.0,0.0,0.0,34.20607363707801,-0.000347607073935311,34.20607233349542,0.006506065321991088,1.0,0.0,0.0,0.0,0.034206073637078,-3.47607073935311e-07,-0.03475960401172965,-1.324985785194867e-07,-0.034206073637078,3.47607073935311e-07,0.0003420607233349542,6.506065310574099e-08,0.000211469651316691,4.150449994304793e-07,-0.03454813436041296,2.825464209109927e-07,-0.0002114696513166939,-4.150449994304794e-07,0.0003420607233349543,6.506065321991088e-08
1,825.4041852680133,0.0,0.0,0.0,34.20607363590814,-0.0003560386582578443,34.20607243278515,0.006239597284234322,1.0,0.0,0.0,0.0,0.03420607363590814,-3.560386582578444e-07,-0.03475960401173898,-1.376398306657555e-07,-0.03420607363590814,3.560386582578444e-07,0.0003420607243278515,6.23959729586392e-08,0.0002114696515029823,4.312825159985059e-07,-0.03454813436023599,2.936426853327505e-07,-0.0002114696515029824,-4.312825159985059e-07,0.0003420607243278515,6.239597284234323e-08
1,857.6958985908889,0.0,0.0,0.0,34.20607363479655,-0.000364994662546815,34.20607252471107,0.005982319735262137,1.0,0.0,0.0,0.0,0.03420607363479655,-3.64994662546815e-07,-0.0347596040117478,-1.429838166787845e-07,-0.03420607363479655,3.64994662546815e-07,0.0003420607252471108,5.982319762524393e-08,0.000211469651704135,4.481552816231691e-07,-0.03454813436004366,3.051714649443847e-07,-0.000211469651704134,-4.481552816231691e-07,0.0003420607252471107,5.982319735262138e-08
1,891.25093813374,0.0,0.0,0.0,34.20607363373669,-0.0003744882781899705,34.206072609815,0.005733853723684497,1.0,0.0,0.0,0.0,0.03420607363373668,-3.744882781899706e-07,-0.03475960401175617,-1.485384078756473e-07,-0.03420607363373668,3.744882781899706e-07,0.00034206072609815,5.733853749976117e-08,0.0002114696519213347,4.656881487110449e-07,-0.03454813435983484,3.171497408353976e-07,-0.0002114696519213352,-4.656881487110449e-07,0.00034206072609815,5.733853723684498e-08
1,926.1187281287878,0.0,0.0,0.0,34.20607363272231,-0.0003845334889115112,34.20607268859852,0.005493833276385206,1.0,0.0,0.0,0.0,0.03420607363272231,-3.845334889115112e-07,-0.03475960401176415,-1.543117857840362e-07,-0.03420607363272231,3.845334889115112e-07,0.0003420607268859852,5.493833287583126e-08,0.0002114696521558615,4.839069419521085e-07,-0.03454813435960828,3.295951561680721e-07,-0.0002114696521558629,-4.839069419521084e-07,0.0003420607268859852,5.493833276385207e-08
1,962.3506263980825,0.0,0.0,0.0,34.20607363174742,-0.000395145090586328,34.20607276152596,0.005261904860255521,1.0,0.0,0.0,0.0,0.03420607363174741,-3.95145090586328e-07,-0.03475960401177178,-1.603124541866592e-07,-0.03420607363174741,3.95145090586328e-07,0.0003420607276152595,5.261904825636055e-08,0.0002114696524090977,5.028384963576984e-07,-0.03454813435936267,3.425260421710392e-07,-0.0002114696524090978,-5.028384963576985e-07,0.0003420607276152596,5.261904860255522e-08
1,999.9999999999936,0.0,0.0,0.0,34.20607363080629,-0.0004063387138515451,34.20607282902716,0.005037726860649535,1.0,0.0,0.0,0.0,0.03420607363080629,-4.063387138515451e-07,-0.03475960401177909,-1.665492516534317e-07,-0.03420607363080629,4.063387138515451e-07,0.0003420607282902716,5.037726850472821e-08,0.0002114696526825359,5.225106967866183e-07,-0.03454813435909656,3.559614451331867e-07,-0.0002114696526825319,-5.225106967866183e-07,0.0003420607282902716,5.037726860649536e-08
1,1039.122303835162,0.0,0.0,0.0,34.20607362989336,-0.0004181308448531915,34.20607289149996,0.004820969080488706,1.0,0.0,0.0,0.0,0.03420607362989336,-4.181308448531915e-07,-0.03475960401178615,-1.730313645413987e-07,-0.03420607362989336,4.181308448531915e-07,0.0003420607289149996,4.820969047384265e-08,0.0002114696529777877,5.429525190175854e-07,-0.03454813435880836,3.699211544761868e-07,-0.0002114696529777887,-5.429525190175854e-07,0.0003420607289149996,4.820969080488706e-08
1,1079.775162327703,0.0,0.0,0.0,34.20607362900326,-0.0004305388541516782,34.20607294931256,0.004611312249284645,1.0,0.0,0.0,0.0,0.03420607362900326,-4.305388541516782e-07,-0.03475960401179298,-1.797683405635233e-07,-0.03420607362900326,4.305388541516782e-07,0.0003420607294931257,4.611312233524935e-08,0.0002114696532965932,5.641940724285317e-07,-0.03454813435849639,3.844257318650083e-07,-0.0002114696532965962,-5.641940724285317e-07,0.0003420607294931257,4.611312249284645e-08
1,1122.018454301956,0.0,0.0,0.0,34.20607362813075,-0.000443581017002253,34.20607300280572,0.004408447558183429,1.0,0.0,0.0,0.0,0.03420607362813075,-4.43581017002253e-07,-0.03475960401179963,-1.867701028082759e-07,-0.03420607362813075,4.43581017002253e-07,0.0003420607300280571,4.408447572828293e-08,0.0002114696536408315,5.862666443456156e-07,-0.0345481343581588,3.994965415373398e-07,-0.0002114696536408348,-5.862666443456156e-07,0.0003420607300280572,4.40844755818343e-08
1,1165.914401179824,0.0,0.0,0.0,34.20607362727065,-0.0004572765438922381,34.2060730522947,0.0042120762014947,1.0,0.0,0.0,0.0,0.03420607362727066,-4.572765438922381e-07,-0.03475960401180614,-1.940469643853433e-07,-0.03420607362727066,4.572765438922381e-07,0.000342060730522947,4.212076201574821e-08,0.0002114696540125314,6.092027461272705e-07,-0.0345481343577936,4.151557817419272e-07,-0.0002114696540125374,-6.092027461272705e-07,0.000342060730522947,4.2120762014947e-08
1,1211.52765862858,0.0,0.0,0.0,34.20607362641795,-0.0004716456071154201,34.20607309807122,0.004021908938294864,1.0,0.0,0.0,0.0,0.03420607362641796,-4.716456071154202e-07,-0.03475960401181254,-2.016096436019977e-07,-0.03420607362641796,4.716456071154202e-07,0.0003420607309807121,4.021908933344481e-08,0.0002114696544138838,6.330361610511665e-07,-0.03454813435739865,4.314265174491688e-07,-0.000211469654413883,-6.330361610511665e-07,0.0003420607309807122,4.021908938294864e-08
1,1258.925411794159,0.0,0.0,0.0,34.20607362556758,-0.0004867093710761777,34.20607314040503,0.003837665665805281,1.0,0.0,0.0,0.0,0.03420607362556758,-4.867093710761777e-07,-0.03475960401181889,-2.094692797552698e-07,-0.03420607362556758,4.867093710761777e-07,0.0003420607314040503,3.837665639788861e-08,0.0002114696548472541,6.57801994074619e-07,-0.03454813435697163,4.483327143193491e-07,-0.0002114696548472517,-6.57801994074619e-07,0.0003420607314040503,3.837665665805281e-08
1,1308.177474260185,0.0,0.0,0.0,34.20607362471454,-0.0005024900239922634,34.20607317954568,0.003659075006292781,1.0,0.0,0.0,0.0,0.03420607362471454,-5.024900239922635e-07,-0.03475960401182519,-2.17637449543698e-07,-0.03420607362471454,5.024900239922635e-07,0.0003420607317954568,3.659074994801027e-08,0.0002114696553151967,6.835367235417426e-07,-0.03454813435651,4.658992739980445e-07,-0.0002114696553151968,-6.835367235417426e-07,0.0003420607317954568,3.659075006292782e-08
1,1359.356390878516,0.0,0.0,0.0,34.2060736238538,-0.0005190108100638007,34.20607321572384,0.003485873907863171,1.0,0.0,0.0,0.0,0.0342060736238538,-5.190108100638007e-07,-0.03475960401183151,-2.261261841147907e-07,-0.0342060736238538,5.190108100638007e-07,0.0003420607321572384,3.485873915667494e-08,0.0002114696558204694,7.102782549135044e-07,-0.03454813435601103,4.841520707987138e-07,-0.0002114696558204732,-7.102782549135045e-07,0.0003420607321572384,3.485873907863171e-08
1,1412.537544622744,0.0,0.0,0.0,34.20607362298029,-0.0005362960630409351,34.20607324915276,0.003317807257674759,1.0,0.0,0.0,0.0,0.03420607362298029,-5.362960630409352e-07,-0.03475960401183787,-2.349479867805747e-07,-0.03420607362298029,5.362960630409352e-07,0.0003420607324915276,3.317807254932465e-08,0.0002114696563660503,7.380659765998228e-07,-0.03454813435547181,5.031179898192481e-07,-0.0002114696563660576,-7.380659765998228e-07,0.0003420607324915276,3.317807257674759e-08
1,1467.799267622059,0.0,0.0,0.0,34.20607362208887,-0.0005543712416563524,34.20607328002945,0.003154627506585339,1.0,0.0,0.0,0.0,0.03420607362208886,-5.543712416563524e-07,-0.03475960401184432,-2.441158514307431e-07,-0.03420607362208886,5.543712416563524e-07,0.0003420607328002946,3.154627495321618e-08,0.000211469656955155,7.669408179759445e-07,-0.03454813435488915,5.228249665452014e-07,-0.0002114696569551558,-7.669408179759445e-07,0.0003420607328002946,3.154627506585339e-08
1,1525.222956539008,0.0,0.0,0.0,34.20607362117426,-0.0005732629706524066,34.2060733085359,0.00299609430100232,1.0,0.0,0.0,0.0,0.03420607362117426,-5.732629706524066e-07,-0.03475960401185088,-2.536432817006949e-07,-0.03420607362117426,5.732629706524066e-07,0.000342060733085359,2.996094242382176e-08,0.0002114696575912557,7.969453096685581e-07,-0.03454813435425962,5.433020279678633e-07,-0.0002114696575912581,-7.969453096685581e-07,0.000342060733085359,2.99609430100232e-08
1,1584.893192461102,0.0,0.0,0.0,34.2060736202311,-0.0005929990766798573,34.20607333484011,0.002841974132177111,1.0,0.0,0.0,0.0,0.03420607362023111,-5.929990766798573e-07,-0.0347596040118576,-2.635443108342282e-07,-0.03420607362023111,5.929990766798573e-07,0.0003420607333484011,2.84197416033047e-08,0.0002114696582781013,8.281236462004374e-07,-0.03454813435357951,5.645793353662093e-07,-0.0002114696582780975,-8.281236462004374e-07,0.0003420607333484011,2.841974132177112e-08
1,1646.897865482857,0.0,0.0,0.0,34.20607361925382,-0.0006136086288587795,34.20607335909715,0.002692039992689558,1.0,0.0,0.0,0.0,0.03420607361925383,-6.136086288587795e-07,-0.03475960401186453,-2.738335223500362e-07,-0.03420607361925383,6.136086288587795e-07,0.0003420607335909715,2.692039997062661e-08,0.0002114696590197402,8.605217510858881e-07,-0.03454813435284479,5.866882287358518e-07,-0.0002114696590197404,-8.60521751085888e-07,0.0003420607335909715,2.692039992689558e-08
1,1711.328304161769,0.0,0.0,0.0,34.20607361823665,-0.0006351219830692101,34.20607338144995,0.00254607104060864,1.0,0.0,0.0,0.0,0.03420607361823665,-6.351219830692101e-07,-0.0347596040118717,-2.845260715343046e-07,-0.03420607361823665,6.351219830692101e-07,0.0003420607338144995,2.54607094577277e-08,0.0002114696598205435,8.941873444728772e-07,-0.03454813435205115,6.096612729385726e-07,-0.0002114696598205512,-8.941873444728772e-07,0.0003420607338144995,2.54607104060864e-08
1,1778.27941003891,0.0,0.0,0.0,34.20607361717361,-0.0006575708281066694,34.20607340203027,0.002403852272764866,1.0,0.0,0.0,0.0,0.03420607361717361,-6.575708281066694e-07,-0.03475960401187914,-2.956377077752334e-07,-0.03420607361717361,6.575708281066694e-07,0.0003420607340203028,2.403852248664889e-08,0.000211469660685231,9.291700134314796e-07,-0.03454813435119391,6.335323056562463e-07,-0.0002114696606852345,-9.291700134314797e-07,0.0003420607340203028,2.403852272764866e-08
1,1847.849797422278,0.0,0.0,0.0,34.20607361605843,-0.0006809882290403717,34.20607342095942,0.002265174211383292,1.0,0.0,0.0,0.0,0.03420607361605842,-6.809882290403717e-07,-0.03475960401188691,-3.071847977335716e-07,-0.03420607361605842,6.809882290403717e-07,0.0003420607342095942,2.265174116454537e-08,0.0002114696616188991,9.655212849921691e-07,-0.03454813435026801,6.583364872585976e-07,-0.0002114696616188974,-9.655212849921691e-07,0.0003420607342095942,2.265174211383292e-08
1,1920.141938638787,0.0,0.0,0.0,34.20607361488452,-0.0007054086789633523,34.20607343834894,0.002129832592490249,1.0,0.0,0.0,0.0,0.03420607361488452,-7.054086789633523e-07,-0.03475960401189506,-3.191843494745702e-07,-0.03420607361488452,7.054086789633523e-07,0.0003420607343834894,2.129832577250787e-08,0.0002114696626270507,1.003294702041536e-06,-0.034548134349268,6.841103525669655e-07,-0.0002114696626270493,-1.003294702041536e-06,0.0003420607343834894,2.12983259249025e-08
1,1995.262314968865,0.0,0.0,0.0,34.20607361364498,-0.0007308681456142011,34.20607345430133,0.001997628069231351,1.0,0.0,0.0,0.0,0.03420607361364499,-7.308681456142011e-07,-0.03475960401190362,-3.316540374853468e-07,-0.03420607361364499,7.308681456142011e-07,0.0003420607345430134,1.997628139917192e-08,0.0002114696637156277,1.042545902187218e-06,-0.03454813434818799,7.108918647018712e-07,-0.0002114696637156299,-1.042545902187218e-06,0.0003420607345430133,1.997628069231351e-08
1,2073.32157348594,0.0,0.0,0.0,34.2060736123325,-0.0007574041305866665,34.20607346891062,0.001868365912016221,1.0,0.0,0.0,0.0,0.0342060736123325,-7.574041305866666e-07,-0.03475960401191266,-3.446122287592992e-07,-0.0342060736123325,7.574041305866666e-07,0.0003420607346891063,1.868365943813954e-08,0.0002114696648910462,1.083332699708213e-06,-0.03454813434702161,7.387204709489139e-07,-0.0002114696648910439,-1.083332699708213e-06,0.0003420607346891063,1.868365912016222e-08
1,2154.434690031867,0.0,0.0,0.0,34.20607361093936,-0.0007850557178162565,34.20607348226293,0.001741855728446346,1.0,0.0,0.0,0.0,0.03420607361093936,-7.850557178162565e-07,-0.03475960401192222,-3.580780097940201e-07,-0.03420607361093936,7.850557178162565e-07,0.0003420607348226294,1.741855769538778e-08,0.0002114696661602338,1.125715170711271e-06,-0.03454813434576198,7.676371609172511e-07,-0.00021146966616023,-1.125715170711271e-06,0.0003420607348226293,1.741855728446347e-08
1,2238.721138568323,0.0,0.0,0.0,34.20607360945731,-0.0008138636388506672,34.20607349443693,0.001617911175178121,1.0,0.0,0.0,0.0,0.03420607360945731,-8.138636388506672e-07,-0.03475960401193236,-3.720712147675715e-07,-0.03420607360945731,8.138636388506672e-07,0.0003420607349443693,1.617911205012781e-08,0.0002114696675306711,1.169755741618803e-06,-0.03454813434440169,7.976845268512316e-07,-0.0002114696675306685,-1.169755741618803e-06,0.0003420607349443693,1.617911175178121e-08
1,2326.305067153608,0.0,0.0,0.0,34.20607360787766,-0.000843870323201254,34.20607350550439,0.00149634969309563,1.0,0.0,0.0,0.0,0.03420607360787765,-8.43870323201254e-07,-0.03475960401194313,-3.866124546737273e-07,-0.03420607360787765,8.43870323201254e-07,0.000342060735055044,1.496349640982718e-08,0.0002114696690104353,1.215519281118639e-06,-0.0345481343429327,8.289068264449115e-07,-0.0002114696690104362,-1.215519281118639e-06,0.0003420607350550439,1.49634969309563e-08
1,2417.315480804085,0.0,0.0,0.0,34.20607360619107,-0.0008751199701404996,34.20607351553053,0.001376992229112268,1.0,0.0,0.0,0.0,0.03420607360619107,-8.751199701404996e-07,-0.03475960401195462,-4.017231477568451e-07,-0.03420607360619107,8.751199701404996e-07,0.0003420607351553053,1.376992198215604e-08,0.0002114696706082479,1.263073195711072e-06,-0.03454813434134637,8.613500479542267e-07,-0.0002114696706082483,-1.263073195711072e-06,0.0003420607351553054,1.376992229112268e-08
1,2511.886431509561,0.0,0.0,0.0,34.2060736043876,-0.0009076586083778306,34.20607352457444,0.001259662977864877,1.0,0.0,0.0,0.0,0.03420607360438761,-9.076586083778307e-07,-0.03475960401196687,-4.174255510149236e-07,-0.03420607360438761,9.076586083778307e-07,0.0003420607352457445,1.259663039966567e-08,0.0002114696723335262,1.312487528993923e-06,-0.03454813433963334,8.950619779789992e-07,-0.000211469672333528,-1.312487528993923e-06,0.0003420607352457444,1.259662977864877e-08
1,2610.157215682516,0.0,0.0,0.0,34.20607360245663,-0.0009415341631949136,34.20607353268943,0.001144189123426668,1.0,0.0,0.0,0.0,0.03420607360245664,-9.415341631949136e-07,-0.03475960401197997,-4.337427929771782e-07,-0.03420607360245664,9.415341631949136e-07,0.0003420607353268944,1.144189217615262e-08,0.0002114696741964389,1.363835064831865e-06,-0.03454813433778352,9.300922718546868e-07,-0.0002114696741964406,-1.363835064831865e-06,0.0003420607353268943,1.144189123426668e-08
1,2712.272579332007,0.0,0.0,0.0,34.20607360038679,-0.0009767965329052916,34.20607353992334,0.001030400578892551,1.0,0.0,0.0,0.0,0.03420607360038679,-9.767965329052915e-07,-0.03475960401199398,-4.506989078189028e-07,-0.03420607360038679,9.767965329052915e-07,0.0003420607353992335,1.030400643302128e-08,0.0002114696762079658,1.417191434561966e-06,-0.03454813433578601,9.664925267430628e-07,-0.0002114696762079635,-1.417191434561966e-06,0.0003420607353992334,1.030400578892551e-08
1,2818.382931264432,0.0,0.0,0.0,34.20607359816585,-0.001013497655057243,34.20607354631878,0.0009181297431469977,1.0,0.0,0.0,0.0,0.03420607359816585,-1.013497655057243e-06,-0.034759604012009,-4.683188707022918e-07,-0.03420607359816585,1.013497655057243e-06,0.0003420607354631879,9.181297549863008e-09,0.0002114696783799625,1.47263522839336e-06,-0.03454813433362903,1.004316357691068e-06,-0.0002114696783799691,-1.47263522839336e-06,0.0003420607354631878,9.181297431469977e-09
1,2928.644564625213,0.0,0.0,0.0,34.20607359578075,-0.001051691587555591,34.20607355191348,0.0008072112493780089,1.0,0.0,0.0,0.0,0.03420607359578075,-1.051691587555591e-06,-0.03475960401202511,-4.86628634601027e-07,-0.03420607359578075,1.051691587555591e-06,0.0003420607355191348,8.072112108078126e-09,0.0002114696807252307,1.530248111165133e-06,-0.03454813433129988,1.043619476564106e-06,-0.000211469680725232,-1.530248111165133e-06,0.0003420607355191348,8.072112493780089e-09
1,3043.219887107698,0.0,0.0,0.0,34.20607359321741,-0.001091434591648382,34.20607355674036,0.0006974817181402897,1.0,0.0,0.0,0.0,0.03420607359321741,-1.091434591648382e-06,-0.03475960401204241,-5.056551685547906e-07,-0.03420607359321741,1.091434591648382e-06,0.0003420607355674037,6.97481794693435e-09,0.000211469683257593,1.590114942632913e-06,-0.03454813432878481,1.084459774078122e-06,-0.0002114696832575952,-1.590114942632913e-06,0.0003420607355674037,6.974817181402897e-09
1,3162.277660168354,0.0,0.0,0.0,34.20607359046073,-0.001132785200927043,34.20607356082792,0.0005887795305775658,1.0,0.0,0.0,0.0,0.03420607359046073,-1.132785200927043e-06,-0.03475960401206099,-5.254264972789932e-07,-0.03420607359046073,1.132785200927043e-06,0.0003420607356082793,5.88779638575154e-09,0.0002114696859919749,1.652323902461357e-06,-0.03454813432606901,1.126897405182364e-06,-0.0002114696859919774,-1.652323902461357e-06,0.0003420607356082792,5.887795305775658e-09
1,3285.993247600628,0.0,0.0,0.0,34.20607358749448,-0.001175804322029317,34.20607356420025,0.0004809445758823376,1.0,0.0,0.0,0.0,0.03420607358749448,-1.175804322029316e-06,-0.03475960401208097,-5.459717425620839e-07,-0.03420607358749448,1.175804322029316e-06,0.0003420607356420025,4.809445089443958e-09,0.0002114696889444925,1.71696662010663e-06,-0.03454813432313648,1.170994877544546e-06,-0.0002114696889444975,-1.71696662010663e-06,0.0003420607356420025,4.809445758823376e-09
1,3414.548873833574,0.0,0.0,0.0,34.20607358430116,-0.001220555324152972,34.20607356687719,0.000373818015661425,1.0,0.0,0.0,0.0,0.03420607358430116,-1.220555324152972e-06,-0.03475960401210248,-5.673211661582909e-07,-0.03420607358430116,1.220555324152972e-06,0.0003420607356687719,3.738181261909593e-09,0.0002114696921325478,1.784138309780171e-06,-0.03454813431996993,1.21681714362188e-06,-0.0002114696921325446,-1.784138309780171e-06,0.0003420607356687719,3.73818015661425e-09
1,3548.133892335725,0.0,0.0,0.0,34.20607358086194,-0.001267104117380308,34.20607356887454,0.0002672420649920838,1.0,0.0,0.0,0.0,0.03420607358086194,-1.267104117380308e-06,-0.03475960401212562,-5.895062142378943e-07,-0.03420607358086194,1.267104117380308e-06,0.0003420607356887454,2.67242162185529e-09,0.0002114696955749307,1.853937910692571e-06,-0.03454813431655068,1.264431696454676e-06,-0.0002114696955749298,-1.85393791069257e-06,0.0003420607356887454,2.672420649920838e-09
1,3686.945064519545,0.0,0.0,0.0,34.20607357715657,-0.00131551926643516,34.20607357020408,0.0001610597433398192,1.0,0.0,0.0,0.0,0.03420607357715657,-1.31551926643516e-06,-0.03475960401215054,-6.125595638420588e-07,-0.03420607357715657,1.31551926643516e-06,0.0003420607357020408,1.610597114151922e-09,0.0002114696992919302,1.926468232784094e-06,-0.03454813431285861,1.313908668942035e-06,-0.0002114696992919288,-1.926468232784094e-06,0.0003420607357020408,1.610597433398193e-09
1,3831.186849557256,0.0,0.0,0.0,34.2060735731632,-0.00136587208392635,34.20607357087363,5.511465108468463e-05,1.0,0.0,0.0,0.0,0.03420607357316319,-1.36587208392635e-06,-0.03475960401217738,-6.365151709502703e-07,-0.03420607357316319,1.36587208392635e-06,0.0003420607357087362,5.511460271581792e-10,0.000211469703305454,2.001836108156523e-06,-0.03454813430887192,1.365320937206252e-06,-0.0002114697033054544,-2.001836108156523e-06,0.0003420607357087363,5.511465108468464e-10
1,3981.071705534939,0.0,0.0,0.0,34.20607356885829,-0.001418236735712777,34.20607357088713,-5.074926117099206e-05,1.0,0.0,0.0,0.0,0.03420607356885829,-1.418236735712777e-06,-0.03475960401220631,-6.614083204978051e-07,-0.03420607356885829,1.418236735712777e-06,0.0003420607357088715,-5.074922593753071e-10,0.0002114697076391572,2.080152548429354e-06,-0.03454813430456715,1.418744227931549e-06,-0.0002114697076391545,-2.080152548429354e-06,0.0003420607357088714,-5.074926117099206e-10
1,4136.820402388472,0.0,0.0,0.0,34.20607356421647,-0.001472690349998247,34.20607357024469,-0.000156687922306137,1.0,0.0,0.0,0.0,0.03420607356421647,-1.472690349998247e-06,-0.0347596040122375,-6.872756783467772e-07,-0.03420607356421647,1.472690349998247e-06,0.0003420607357024469,-1.566880453880381e-09,0.0002114697123185823,2.161532908252138e-06,-0.03454813429991891,1.474257229905361e-06,-0.0002114697123185849,-2.161532908252138e-06,0.0003420607357024469,-1.566879223061371e-09
1,4298.662347082241,0.0,0.0,0.0,34.20607355921038,-0.001529313135750644,34.20607356894249,-0.0002628573751679497,1.0,0.0,0.0,0.0,0.03420607355921038,-1.529313135750644e-06,-0.03475960401227112,-7.141553453318966e-07,-0.03420607355921038,1.529313135750644e-06,0.0003420607356894249,-2.628574558946933e-09,0.0002114697173713094,2.246097055213783e-06,-0.03454813429489981,1.531941709881887e-06,-0.000211469717371307,-2.246097055213783e-06,0.0003420607356894249,-2.628573751679497e-09
1,4466.835921509593,0.0,0.0,0.0,34.20607355381053,-0.001588188493661616,34.20607356697288,-0.00036941399922957,1.0,0.0,0.0,0.0,0.03420607355381053,-1.588188493661616e-06,-0.03475960401230738,-7.420869133214129e-07,-0.03420607355381053,1.588188493661616e-06,0.0003420607356697288,-3.694139441404208e-09,0.0002114697228271186,2.333969546399108e-06,-0.03454813428948025,1.591882633077695e-06,-0.0002114697228271234,-2.333969546399108e-06,0.0003420607356697288,-3.694139992295701e-09
1,4641.588833612739,0.0,0.0,0.0,34.20607354798507,-0.001649403142025212,34.20607356432424,-0.0004765147439613382,1.0,0.0,0.0,0.0,0.03420607354798507,-1.649403142025212e-06,-0.03475960401234648,-7.71111523558077e-07,-0.03420607354798507,1.649403142025212e-06,0.0003420607356432423,-4.76514790509246e-09,0.0002114697287181659,2.425279811852685e-06,-0.03454813428362832,1.654168288294608e-06,-0.000211469728718168,-2.425279811852685e-06,0.0003420607356432424,-4.765147439613382e-09
1,4823.178482239265,0.0,0.0,0.0,34.20607354169969,-0.00171304724541382,34.20607356098095,-0.0005843173609523214,1.0,0.0,0.0,0.0,0.03420607354169969,-1.71304724541382e-06,-0.03475960401238867,-8.012719272650829e-07,-0.03420607354169969,1.71304724541382e-06,0.0003420607356098097,-5.843173150485763e-09,0.0002114697350791723,2.520162345220212e-06,-0.0345481342773095,1.718890417955129e-06,-0.00021146973507917,-2.520162345220212e-06,0.0003420607356098095,-5.843173609523214e-09
1,5011.87233627268,0.0,0.0,0.0,34.20607353491733,-0.001779214547083829,34.20607355692334,-0.0006929806358669157,1.0,0.0,0.0,0.0,0.03420607353491733,-1.779214547083829e-06,-0.03475960401243419,-8.326125486123509e-07,-0.03420607353491733,1.779214547083829e-06,0.0003420607355692334,-6.929806268755623e-09,0.0002114697419476291,2.618756901848196e-06,-0.03454813427048656,1.786144353235846e-06,-0.0002114697419476341,-2.618756901848196e-06,0.0003420607355692334,-6.929806358669157e-09
1,5207.948328595417,0.0,0.0,0.0,34.20607352759802,-0.001848002508840766,34.20607355212745,-0.000802664624112886,1.0,0.0,0.0,0.0,0.03420607352759802,-1.848002508840767e-06,-0.03475960401248331,-8.651795501648988e-07,-0.03420607352759802,1.848002508840767e-06,0.0003420607355212746,-8.026645282801687e-09,0.0002114697493640181,2.721208704633763e-06,-0.03454813426311928,1.856029154468865e-06,-0.0002114697493640211,-2.721208704633763e-06,0.0003420607355212745,-8.02664624112886e-09
1,5411.695265464588,0.0,0.0,0.0,34.20607351969861,-0.001919512447174685,34.20607354656504,-0.0009135308791727447,1.0,0.0,0.0,0.0,0.03420607351969861,-1.919512447174686e-06,-0.03475960401253631,-8.990209008162118e-07,-0.03420607351969861,1.919512447174686e-06,0.0003420607354656504,-9.135307634723155e-09,0.0002114697573720507,2.827668657927771e-06,-0.03454813425516425,1.928647757111559e-06,-0.0002114697573720528,-2.827668657927771e-06,0.0003420607354656504,-9.135308791727447e-09
1,5623.413251903441,0.0,0.0,0.0,34.20607351117255,-0.001993849695503712,34.20607354020332,-0.001025742703572163,1.0,0.0,0.0,0.0,0.03420607351117255,-1.993849695503712e-06,-0.03475960401259352,-9.341864465498266e-07,-0.03420607351117255,1.993849695503712e-06,0.0003420607354020333,-1.02574275955051e-08,0.0002114697660189255,2.938293569806294e-06,-0.03454813424657458,2.004107123256467e-06,-0.0002114697660189277,-2.938293569806294e-06,0.0003420607354020333,-1.025742703572163e-08
1,5843.414133735124,0.0,0.0,0.0,34.20607350196959,-0.002071123745904019,34.20607353300479,-0.001139465375994387,1.0,0.0,0.0,0.0,0.03420607350196959,-2.071123745904019e-06,-0.03475960401265525,-9.70727983748893e-07,-0.03420607350196959,2.071123745904019e-06,0.000342060735330048,-1.139465219905223e-08,0.0002114697753556062,3.053246383037879e-06,-0.03454813423729964,2.082518399288986e-06,-0.0002114697753556119,-3.053246383037879e-06,0.0003420607353300479,-1.139465375994388e-08
1,6072.021956909831,0.0,0.0,0.0,34.2060734920355,-0.002151448415083086,34.20607352492705,-0.001254866399423257,1.0,0.0,0.0,0.0,0.0342060734920355,-2.151448415083086e-06,-0.03475960401272189,-1.008699335527189e-06,-0.0342060734920355,2.151448415083086e-06,0.0003420607352492705,-1.254866509877071e-08,0.0002114697854371219,3.172696415086762e-06,-0.03454813422728476,2.163997079559573e-06,-0.0002114697854371239,-3.172696415086762e-06,0.0003420607352492705,-1.254866399423257e-08
1,6309.573444801876,0.0,0.0,0.0,34.2060734813117,-0.002234942017812424,34.20607351592244,-0.001372115753652063,1.0,0.0,0.0,0.0,0.0342060734813117,-2.234942017812423e-06,-0.03475960401279382,-1.0481564310543e-06,-0.0342060734813117,2.234942017812423e-06,0.0003420607351592242,-1.372115869636185e-08,0.0002114697963228923,3.296819607505542e-06,-0.03454813421647093,2.248663176451242e-06,-0.0002114697963228954,-3.296819607505542e-06,0.0003420607351592244,-1.372115753652063e-08
1,6556.418494179729,0.0,0.0,0.0,34.20607346973502,-0.002321727534765676,34.20607350593793,-0.0014913861392206,1.0,0.0,0.0,0.0,0.03420607346973502,-2.321727534765676e-06,-0.03475960401287147,-1.089157387882626e-06,-0.03420607346973502,2.321727534765676e-06,0.0003420607350593793,-1.491385950989025e-08,0.0002114698080770767,3.425798785084683e-06,-0.03454813420479439,2.336641397202058e-06,-0.0002114698080770763,-3.425798785084684e-06,0.0003420607350593793,-1.4913861392206e-08
1,6812.920690579551,0.0,0.0,0.0,34.2060734572372,-0.002411932795275649,34.20607349491465,-0.001612853233406094,1.0,0.0,0.0,0.0,0.0342060734572372,-2.41193279527565e-06,-0.0347596040129553,-1.131762597563727e-06,-0.0342060734572372,2.41193279527565e-06,0.0003420607349491467,-1.612853094948483e-08,0.0002114698207689533,3.559823925140496e-06,-0.03454813419218634,2.428061327576769e-06,-0.0002114698207689517,-3.559823925140495e-06,0.0003420607349491466,-1.612853233406094e-08
1,7079.457843841315,0.0,0.0,0.0,34.20607344374458,-0.002505690663821072,34.20607348278764,-0.001736695947186626,1.0,0.0,0.0,0.0,0.03420607344374458,-2.505690663821072e-06,-0.03475960401304579,-1.176034814586122e-06,-0.03420607344374458,2.505690663821072e-06,0.0003420607348278765,-1.736695902313732e-08,0.0002114698344733262,3.699092437338295e-06,-0.03454813417857246,2.523057622752174e-06,-0.0002114698344733226,-3.699092437338295e-06,0.0003420607348278765,-1.736695947186627e-08
1,7356.422544596346,0.0,0.0,0.0,34.20607342917766,-0.002603139239567402,34.20607346948543,-0.001863096692605213,1.0,0.0,0.0,0.0,0.03420607342917766,-2.603139239567402e-06,-0.03475960401314349,-1.222039248839787e-06,-0.03420607342917766,2.603139239567402e-06,0.0003420607346948544,-1.863096541044064e-08,0.0002114698492709677,3.843809454462861e-06,-0.03454813416387251,2.621770205623073e-06,-0.0002114698492709718,-3.84380945446286e-06,0.0003420607346948544,-1.863096692605213e-08
1,7644.222742525932,0.0,0.0,0.0,34.20607341345057,-0.002704422055907615,34.20607345492962,-0.001992241647580372,1.0,0.0,0.0,0.0,0.03420607341345057,-2.704422055907615e-06,-0.03475960401324896,-1.269843661634026e-06,-0.03420607341345057,2.704422055907615e-06,0.0003420607345492962,-1.992241484964595e-08,0.0002114698652490933,3.994188134564483e-06,-0.03454813414799986,2.724344472930457e-06,-0.0002114698652491004,-3.994188134564483e-06,0.0003420607345492962,-1.992241647580372e-08
1,7943.282347242741,0.0,0.0,0.0,34.20607339647061,-0.002809688302381398,34.20607343903439,-0.002124321040637712,1.0,0.0,0.0,0.0,0.03420607339647061,-2.809688302381397e-06,-0.03475960401336283,-1.319518465591332e-06,-0.03420607339647061,2.809688302381397e-06,0.0003420607343903442,-2.124320768198209e-08,0.0002114698825018769,4.150449974925642e-06,-0.03454813413086095,2.83093150933431e-06,-0.000211469882501876,-4.150449974925642e-06,0.0003420607343903439,-2.124321040637712e-08
1,8254.041852680108,0.0,0.0,0.0,34.2060733781377,-0.002919093016756386,34.20607342170609,-0.002259529403438733,1.0,0.0,0.0,0.0,0.03420607337813771,-2.919093016756387e-06,-0.03475960401348577,-1.371136828133299e-06,-0.03420607337813771,2.919093016756387e-06,0.0003420607342170611,-2.259529372855769e-08,0.0002114699011310035,4.312825138310763e-06,-0.03454813411235476,2.941688310177463e-06,-0.0002114699011310089,-4.312825138310762e-06,0.0003420607342170609,-2.259529403438733e-08
1,8576.958985908861,0.0,0.0,0.0,34.20607335834381,-0.003032797351704155,34.20607340284257,-0.002398065895628559,1.0,0.0,0.0,0.0,0.03420607335834381,-3.032797351704155e-06,-0.03475960401361851,-1.424774779565492e-06,-0.03420607335834381,3.032797351704155e-06,0.0003420607340284256,-2.398065993152271e-08,0.0002114699212462718,4.481552791979583e-06,-0.03454813409237224,3.05677801241409e-06,-0.0002114699212462726,-4.481552791979583e-06,0.0003420607340284257,-2.398065895628559e-08
1,8912.509381337371,0.0,0.0,0.0,34.20607333697226,-0.003150968791124677,34.20607338233265,-0.002540134577142011,1.0,0.0,0.0,0.0,0.03420607333697226,-3.150968791124677e-06,-0.03475960401376182,-1.480511324892143e-06,-0.03420607333697226,3.150968791124677e-06,0.0003420607338233266,-2.540134375524507e-08,0.0002114699429662393,4.656881459963472e-06,-0.03454813407079559,3.176370135071328e-06,-0.0002114699429662387,-4.656881459963471e-06,0.0003420607338233266,-2.540134577142011e-08
1,9261.187281287846,0.0,0.0,0.0,34.20607331389709,-0.003273781383254563,34.20607336005547,-0.002685944695185797,1.0,0.0,0.0,0.0,0.03420607331389709,-3.273781383254563e-06,-0.03475960401391657,-1.538428560073564e-06,-0.03420607331389709,3.273781383254563e-06,0.0003420607336005548,-2.685944669364288e-08,0.0002114699664189204,4.839069389123586e-06,-0.03454813404749764,3.300640829050022e-06,-0.0002114699664189229,-4.839069389123586e-06,0.0003420607336005547,-2.685944695185797e-08
1,9623.506263980795,0.0,0.0,0.0,34.2060732889823,-0.003401416027856467,34.2060733358797,-0.002835711023273534,1.0,0.0,0.0,0.0,0.03420607328898231,-3.401416027856467e-06,-0.03475960401408364,-1.598611793200699e-06,-0.03420607328898231,3.401416027856467e-06,0.0003420607333587972,-2.835710875912751e-08,0.000211469991742543,5.028384929530015e-06,-0.0345481340223411,3.429773136329316e-06,-0.0002114699917425411,-5.028384929530016e-06,0.000342060733358797,-2.835711023273535e-08
1,9999.999999999904,0.0,0.0,0.0,34.20607326208105,-0.00353406071865155,34.20607330966288,-0.002989654153551886,1.0,0.0,0.0,0.0,0.03420607326208105,-3.534060718651551e-06,-0.03475960401426403,-1.661149669950921e-06,-0.03420607326208105,3.534060718651551e-06,0.0003420607330966285,-2.98965444182195e-08,0.0002114700190863614,5.225106929722195e-06,-0.03454813399517767,3.563957259771274e-06,-0.0002114700190863628,-5.225106929722196e-06,0.0003420607330966288,-2.989654153551886e-08
1,10391.22303835159,0.0,0.0,0.0,34.20607323303477,-0.003671910830508759,34.20607328125045,-0.003148000832005038,1.0,0.0,0.0,0.0,0.03420607323303478,-3.671910830508759e-06,-0.03475960401445881,-1.72613430424133e-06,-0.03420607323303478,3.671910830508759e-06,0.0003420607328125042,-3.148000916935865e-08,0.0002114700486115369,5.429525147432776e-06,-0.03454813396584726,3.703390843191445e-06,-0.0002114700486115437,-5.429525147432776e-06,0.0003420607328125046,-3.148000832005038e-08
1,10797.75162327699,0.0,0.0,0.0,34.20607320167227,-0.003815169421552964,34.20607325047497,-0.003310984306770305,1.0,0.0,0.0,0.0,0.03420607320167227,-3.815169421552964e-06,-0.03475960401466911,-1.793661414023743e-06,-0.03420607320167227,3.815169421552964e-06,0.00034206073250475,-3.310984045988305e-08,0.0002114700804920894,5.641940676379896e-06,-0.03454813393417702,3.848279262356153e-06,-0.0002114700804920905,-5.641940676379897e-06,0.0003420607325047498,-3.310984306770305e-08
1,11220.18454301952,0.0,0.0,0.0,34.20607316780872,-0.003964047483056682,34.20607321715509,-0.003478844622497631,1.0,0.0,0.0,0.0,0.03420607316780872,-3.964047483056682e-06,-0.03475960401489619,-1.863830461866903e-06,-0.03420607316780872,3.964047483056682e-06,0.0003420607321715505,-3.478844912758996e-08,0.0002114701149159172,5.862666389756495e-06,-0.03454813389998027,3.998835927889592e-06,-0.0002114701149159154,-5.862666389756495e-06,0.0003420607321715509,-3.478844622497631e-08
1,11659.1440117982,0.0,0.0,0.0,34.20607313124452,-0.004118764312413071,34.20607318109437,-0.003651829036116175,1.0,0.0,0.0,0.0,0.03420607313124452,-4.11876431241307e-06,-0.03475960401514137,-1.936744801968206e-06,-0.03420607313124452,4.11876431241307e-06,0.0003420607318109443,-3.651828809165728e-08,0.0002114701520859117,6.092027401069876e-06,-0.03454813386305545,4.15528259910167e-06,-0.0002114701520859116,-6.092027401069876e-06,0.0003420607318109437,-3.651829036116175e-08
1,12115.27658628577,0.0,0.0,0.0,34.20607309176416,-0.004279547781676133,34.20607314208031,-0.003830192326556968,1.0,0.0,0.0,0.0,0.03420607309176416,-4.279547781676133e-06,-0.03475960401540611,-2.012511831940333e-06,-0.03420607309176416,4.279547781676133e-06,0.0003420607314208027,-3.830192218293906e-08,0.000211470192221147,6.330361543010308e-06,-0.03454813382318496,4.317849711069974e-06,-0.000211470192221147,-6.330361543010306e-06,0.0003420607314208031,-3.830192326556968e-08
1,12589.25411794155,0.0,0.0,0.0,34.20607304913494,-0.00444663474410114,34.20607309988293,-0.004014197240925278,1.0,0.0,0.0,0.0,0.03420607304913494,-4.44663474410114e-06,-0.03475960401569195,-2.091243151582142e-06,-0.03420607304913494,4.44663474410114e-06,0.0003420607309988294,-4.014196928974142e-08,0.0002114702355581795,6.578019865053965e-06,-0.03454813378013377,4.486776713471823e-06,-0.0002114702355581824,-6.578019865053965e-06,0.0003420607309988293,-4.014197240925278e-08
1,13081.77474260181,0.0,0.0,0.0,34.20607300310564,-0.004620271276576392,34.20607305425357,-0.00420411477507221,1.0,0.0,0.0,0.0,0.03420607300310564,-4.620271276576392e-06,-0.0347596040160006,-2.173054726384133e-06,-0.03420607300310564,4.620271276576392e-06,0.0003420607305425355,-4.204114977288809e-08,0.0002114702823524291,6.835367150533188e-06,-0.03454813373364817,4.662312424149056e-06,-0.0002114702823524314,-6.835367150533189e-06,0.0003420607305425357,-4.20411477507221e-08
1,13593.56390878512,0.0,0.0,0.0,34.20607295340494,-0.004800713145839171,34.20607300492325,-0.00440022467651455,1.0,0.0,0.0,0.0,0.03420607295340494,-4.800713145839172e-06,-0.03475960401633387,-2.258067059188837e-06,-0.03420607295340494,4.800713145839172e-06,0.0003420607300492323,-4.400224516805765e-08,0.0002114703328796975,7.102782453935545e-06,-0.03454813368345417,4.844715394746708e-06,-0.0002114703328796944,-7.102782453935546e-06,0.0003420607300492326,-4.40022467651455e-08
1,14125.3754462274,0.0,0.0,0.0,34.20607289973992,-0.004988226136691174,34.20607295160126,-0.004602815807972207,1.0,0.0,0.0,0.0,0.03420607289973993,-4.988226136691175e-06,-0.03475960401669372,-2.346405367285096e-06,-0.03420607289973993,4.988226136691175e-06,0.0003420607295160132,-4.602815411884034e-08,0.0002114703874377878,7.380659659223228e-06,-0.03454813362925593,5.034254291938131e-06,-0.0002114703874377885,-7.380659659223227e-06,0.0003420607295160126,-4.602815807972208e-08
1,14677.99267622055,0.0,0.0,0.0,34.20607284179428,-0.005183086428700348,34.2060728939733,-0.004812186558062223,1.0,0.0,0.0,0.0,0.03420607284179428,-5.183086428700348e-06,-0.03475960401708227,-2.438199766723118e-06,-0.03420607284179428,5.183086428700348e-06,0.0003420607289397332,-4.812186386588634e-08,0.0002114704463482574,7.66940805999499e-06,-0.034548133570734,5.231208293271872e-06,-0.0002114704463482622,-7.66940805999499e-06,0.000342060728939733,-4.812186558062223e-08
1,15252.22956539003,0.0,0.0,0.0,34.2060727792265,-0.005385581047497303,34.20607283169972,-0.005028645325307549,1.0,0.0,0.0,0.0,0.03420607277922649,-5.385581047497303e-06,-0.03475960401750181,-2.533585464331478e-06,-0.03420607277922649,5.385581047497303e-06,0.0003420607283169983,-5.028644852926878e-08,0.0002114705099583197,7.969452962345247e-06,-0.03454813350754349,5.43586749801377e-06,-0.0002114705099583239,-7.969452962345247e-06,0.0003420607283169972,-5.02864532530755e-08
1,15848.93192461097,0.0,0.0,0.0,34.20607271166781,-0.005596008248936162,34.20607276441351,-0.005252510933778686,1.0,0.0,0.0,0.0,0.03420607271166781,-5.596008248936163e-06,-0.03475960401795482,-2.632702956550584e-06,-0.03420607271166781,5.596008248936163e-06,0.0003420607276441355,-5.252510252830149e-08,0.0002114705786428845,8.281236311308221e-06,-0.03454813343931194,5.648533354757638e-06,-0.0002114705786428819,-8.281236311308223e-06,0.0003420607276441351,-5.252510933778687e-08
1,16468.97865482852,0.0,0.0,0.0,34.20607263872001,-0.005814677974120175,34.20607269171806,-0.00548411311841484,1.0,0.0,0.0,0.0,0.03420607263872001,-5.814677974120175e-06,-0.03475960401844396,-2.735698236503079e-06,-0.03420607263872001,5.814677974120175e-06,0.000342060726917181,-5.484113061142191e-08,0.0002114706528067706,8.605217341809834e-06,-0.03454813336563719,5.869519105306755e-06,-0.0002114706528067722,-8.605217341809834e-06,0.0003420607269171806,-5.48411311841484e-08
1,17113.28304161763,0.0,0.0,0.0,34.20607255995318,-0.006041912315616254,34.20607261318493,-0.005723793020393397,1.0,0.0,0.0,0.0,0.03420607255995319,-6.041912315616254e-06,-0.03475960401897213,-2.842723009111045e-06,-0.03420607255995319,6.041912315616254e-06,0.0003420607261318492,-5.723792739900099e-08,0.0002114707328870931,8.94187325508613e-06,-0.03454813328608503,6.099150245975085e-06,-0.0002114707328870966,-8.94187325508613e-06,0.0003420607261318493,-5.723793020393397e-08
1,17782.79410038904,0.0,0.0,0.0,34.20607247490307,-0.006278045968750178,34.20607252835125,-0.005971903666482399,1.0,0.0,0.0,0.0,0.03420607247490307,-6.278045968750178e-06,-0.03475960401954242,-2.953934914357056e-06,-0.03420607247490307,6.278045968750178e-06,0.000342060725283511,-5.971903924240743e-08,0.0002114708193558355,9.291699921564496e-06,-0.03454813320018658,6.33776500720744e-06,-0.0002114708193558315,-9.291699921564496e-06,0.0003420607252835125,-5.9719036664824e-08
1,18478.49797422272,0.0,0.0,0.0,34.2060723830684,-0.006523426746306999,34.20607243671702,-0.006228810510741893,1.0,0.0,0.0,0.0,0.03420607238306839,-6.523426746307e-06,-0.03475960402015821,-3.069497759655058e-06,-0.03420607238306839,6.523426746307e-06,0.0003420607243671701,-6.22881089181148e-08,0.0002114709127226361,9.65521261124296e-06,-0.03454813310743556,6.585714851587904e-06,-0.0002114709127226388,-9.65521261124296e-06,0.0003420607243671702,-6.228810510741894e-08
1,19201.41938638781,0.0,0.0,0.0,34.2060722839079,-0.006778416067122808,34.20607233774216,-0.006494891949100055,1.0,0.0,0.0,0.0,0.0342060722839079,-6.778416067122808e-06,-0.03475960402082311,-3.189581760932716e-06,-0.0342060722839079,6.778416067122808e-06,0.000342060723377421,-6.494891769478531e-08,0.0002114710135377864,1.003294675264328e-05,-0.03454813300728533,6.843364991710567e-06,-0.0002114710135377867,-1.003294675264328e-05,0.0003420607233774216,-6.494891949100055e-08
1,19952.62314968858,0.0,0.0,0.0,34.20607217683715,-0.007043389530460025,34.20607223084333,-0.006770539918734557,1.0,0.0,0.0,0.0,0.03420607217683715,-7.043389530460025e-06,-0.03475960402154107,-3.314363793692452e-06,-0.03420607217683715,7.043389530460025e-06,0.0003420607223084327,-6.770540192411892e-08,0.0002114711223954836,1.042545872145571e-05,-0.03454813289914558,7.111094927763259e-06,-0.0002114711223954804,-1.042545872145571e-05,0.0003420607223084333,-6.770539918734557e-08
1,20733.21573485933,0.0,0.0,0.0,34.20607206122506,-0.007318737400868396,34.20607211539046,-0.00705616040699817,1.0,0.0,0.0,0.0,0.03420607206122506,-7.318737400868396e-06,-0.03475960402231629,-3.444027652975778e-06,-0.03420607206122506,7.318737400868396e-06,0.0003420607211539045,-7.0561608073685e-08,0.0002114712399373181,1.083332666003697e-05,-0.03454813278237897,7.389299007061194e-06,-0.0002114712399373178,-1.083332666003697e-05,0.0003420607211539046,-7.05616040699817e-08
1,21544.3469003186,0.0,0.0,0.0,34.20607193639025,-0.007604865264613344,34.2060719907031,-0.00735217413100571,1.0,0.0,0.0,0.0,0.03420607193639025,-7.604865264613344e-06,-0.03475960402315335,-3.57876432475003e-06,-0.03420607193639025,7.604865264613344e-06,0.0003420607199070305,-7.352174204324935e-08,0.0002114713668560723,1.125715132896844e-05,-0.03454813265629728,7.678387004218412e-06,-0.0002114713668560711,-1.125715132896844e-05,0.0003420607199070311,-7.352174131005711e-08
1,22387.21138568315,0.0,0.0,0.0,34.20607180159694,-0.007902194551833056,34.20607185604635,-0.007659017082077808,1.0,0.0,0.0,0.0,0.03420607180159694,-7.902194551833057e-06,-0.03475960402405719,-3.71877226660005e-06,-0.03420607180159694,7.902194551833057e-06,0.0003420607185604621,-7.6590170250035e-08,0.0002114715038997879,1.16975569919288e-05,-0.03454813252015739,7.978784725328746e-06,-0.0002114715038997947,-1.16975569919288e-05,0.0003420607185604635,-7.659017082077808e-08
1,23263.05067153601,0.0,0.0,0.0,34.20607165605067,-0.008211163222803275,34.20607171062656,-0.007977141233453302,1.0,0.0,0.0,0.0,0.03420607165605068,-8.211163222803274e-06,-0.03475960402503313,-3.864257700579995e-06,-0.03420607165605068,8.211163222803274e-06,0.0003420607171062664,-7.977142003226466e-08,0.0002114716518761887,1.215519233518435e-05,-0.03454813237315694,8.290934634604354e-06,-0.0002114716518761897,-1.215519233518435e-05,0.0003420607171062656,-7.977141233453302e-08
1,24173.15480804078,0.0,0.0,0.0,34.20607149889362,-0.008532226357228003,34.20607155358663,-0.008307015150220073,1.0,0.0,0.0,0.0,0.03420607149889362,-8.532226357228003e-06,-0.03475960402608692,-4.015434916506278e-06,-0.03420607149889362,8.532226357228003e-06,0.0003420607155358671,-8.30701469017513e-08,0.0002114718116574291,1.263073142305137e-05,-0.03454813221442949,8.615296506545092e-06,-0.0002114718116574335,-1.263073142305137e-05,0.0003420607155358663,-8.307015150220075e-08
1,25118.86431509553,0.0,0.0,0.0,34.20607132919954,-0.008865856847961954,34.20607138400103,-0.008649124702900513,1.0,0.0,0.0,0.0,0.03420607132919954,-8.865856847961955e-06,-0.03475960402722478,-4.172526587783697e-06,-0.03420607132919954,8.865856847961955e-06,0.0003420607138400068,-8.649126153381304e-08,0.0002114719841852392,1.312487469073762e-05,-0.03454813204303954,8.952348102953928e-06,-0.000211471984185238,-1.312487469073762e-05,0.0003420607138400103,-8.649124702900513e-08
1,26101.57215682508,0.0,0.0,0.0,34.20607114596823,-0.009212546132029192,34.20607120087017,-0.009003973817585356,1.0,0.0,0.0,0.0,0.03420607114596824,-9.212546132029192e-06,-0.03475960402845341,-4.335764099670734e-06,-0.03420607114596824,9.212546132029192e-06,0.0003420607120087009,-9.00397370254054e-08,0.0002114721704764847,1.363834997602536e-05,-0.03454813185797693,9.302585876354626e-06,-0.0002114721704764844,-1.363834997602536e-05,0.0003420607120087017,-9.003973817585356e-08
1,27122.72579331998,0.0,0.0,0.0,34.20607094811976,-0.00957280485450537,34.20607100311474,-0.009372085158211464,1.0,0.0,0.0,0.0,0.03420607094811976,-9.57280485450537e-06,-0.03475960402978006,-4.505387889601887e-06,-0.03420607094811976,9.57280485450537e-06,0.0003420607100311495,-9.372085244123401e-08,0.0002114723716291447,1.417191359131532e-05,-0.03454813165815091,9.666525701713437e-06,-0.0002114723716291483,-1.417191359131532e-05,0.0003420607100311474,-9.372085158211464e-08
1,28183.82931264423,0.0,0.0,0.0,34.20607073448806,-0.009947163629371683,34.2060707895692,-0.009754000905118706,1.0,0.0,0.0,0.0,0.03420607073448806,-9.947163629371684e-06,-0.03475960403121253,-4.681647801406706e-06,-0.03420607073448806,9.947163629371684e-06,0.0003420607078956947,-9.754000460184247e-08,0.0002114725888287845,1.472635143761058e-05,-0.03454813144238375,1.004470363620387e-05,-0.0002114725888287816,-1.472635143761058e-05,0.000342060707895692,-9.754000905118707e-08
1,29286.44564625204,0.0,0.0,0.0,34.20607050381398,-0.01033617386750258,34.20607055897492,-0.01015028360007411,1.0,0.0,0.0,0.0,0.03420607050381398,-1.033617386750258e-05,-0.03475960403275929,-4.864803453693286e-06,-0.03420607050381398,1.033617386750258e-05,0.0003420607055897499,-1.01502837946307e-07,0.0002114728233555563,1.530248016208087e-05,-0.03454813120940373,1.043767670838758e-05,-0.0002114728233555616,-1.530248016208087e-05,0.0003420607055897493,-1.015028360007412e-07
1,30432.19887107688,0.0,0.0,0.0,34.20607025473796,-0.0107404085673544,34.2060703099728,-0.01056151695335555,1.0,0.0,0.0,0.0,0.03420607025473796,-1.07404085673544e-05,-0.03475960403442943,-5.055124622071971e-06,-0.03420607025473796,1.07404085673544e-05,0.0003420607030997283,-1.056151746364836e-07,0.0002114730765917389,1.59011483609124e-05,-0.03454813095783768,1.084602373884043e-05,-0.0002114730765917436,-1.59011483609124e-05,0.0003420607030997281,-1.056151695335555e-07
1,31622.77660168344,0.0,0.0,0.0,34.20606998579198,-0.0111604631280304,34.20607004109526,-0.01098830667259448,1.0,0.0,0.0,0.0,0.03420606998579197,-1.11604631280304e-05,-0.03475960403623281,-5.252891636262343e-06,-0.03420606998579197,1.11604631280304e-05,0.0003420607004109536,-1.098830671918667e-07,0.0002114733500298753,1.652323782921449e-05,-0.03454813068620292,1.127034619295215e-05,-0.0002114733500298768,-1.652323782921449e-05,0.0003420607004109526,-1.098830667259448e-07
1,32859.93247600617,0.0,0.0,0.0,34.2060696953909,-0.01159695624439789,34.20606975075757,-0.01143128137307689,1.0,0.0,0.0,0.0,0.0342060696953909,-1.159695624439789e-05,-0.03475960403818005,-5.458395793148161e-06,-0.0342060696953909,1.159695624439789e-05,0.0003420606975075713,-1.143128189992839e-07,0.0002114736452815738,1.716966485982393e-05,-0.03454813039289847,1.171126906667577e-05,-0.0002114736452815749,-1.716966485982393e-05,0.0003420606975075757,-1.143128137307689e-07
1,34145.48873833563,0.0,0.0,0.0,34.20606938182312,-0.01205053086187868,34.20606943724849,-0.01189109354714578,1.0,0.0,0.0,0.0,0.03420606938182312,-1.205053086187868e-05,-0.03475960404028263,-5.671939786194236e-06,-0.03420606938182312,1.205053086187868e-05,0.0003420606943724807,-1.189109318152454e-07,0.0002114739640870222,1.784138159291983e-05,-0.0345481300761956,1.21694418067256e-05,-0.0002114739640870222,-1.784138159291983e-05,0.0003420606943724849,-1.189109354714578e-07
1,35481.33892335714,0.0,0.0,0.0,34.20606904324052,-0.01252185506410149,34.20606909872025,-0.01236842046591555,1.0,0.0,0.0,0.0,0.03420606904324052,-1.252185506410149e-05,-0.03475960404255295,-5.893838150805794e-06,-0.03420606904324052,1.252185506410149e-05,0.0003420606909872013,-1.236841974156043e-07,0.0002114743083252246,1.853937741843665e-05,-0.03454812973422772,1.264553926763086e-05,-0.0002114743083252296,-1.853937741843665e-05,0.0003420606909872025,-1.236842046591555e-07
1,36869.45064519533,0.0,0.0,0.0,34.20606867764752,-0.01301162305752446,34.2060687331776,-0.01286396517742702,1.0,0.0,0.0,0.0,0.03420606867764752,-1.301162305752446e-05,-0.03475960404500437,-6.124417727622001e-06,-0.03420606867764752,1.301162305752446e-05,0.0003420606873317807,-1.28639645581741e-07,0.0002114746800250747,1.926468043334063e-05,-0.03454812936497929,1.314026270571863e-05,-0.0002114746800250811,-1.926468043334063e-05,0.0003420606873317761,-1.286396517742702e-07
1,38311.86849557243,0.0,0.0,0.0,34.20606828288936,-0.01352055624556785,34.20606833846607,-0.01337845759380319,1.0,0.0,0.0,0.0,0.03420606828288936,-1.352055624556785e-05,-0.03475960404765137,-6.364018144352932e-06,-0.03420606828288936,1.352055624556785e-05,0.0003420606833846651,-1.337845628070751e-07,0.0002114750813773334,2.001835895591591e-05,-0.03454812896627403,1.365434081156298e-05,-0.0002114750813773311,-2.001835895591591e-05,0.0003420606833846607,-1.337845759380319e-07
1,39810.71705534926,0.0,0.0,0.0,34.20606785663941,-0.01404940422814814,34.2060679122593,-0.01391265550331597,1.0,0.0,0.0,0.0,0.0342060678566394,-1.404940422814814e-05,-0.03475960405050952,-6.612992315510314e-06,-0.0342060678566394,1.404940422814814e-05,0.0003420606791225942,-1.391265497367066e-07,0.0002114755147475163,2.080152309929023e-05,-0.034548128535762,1.418853078377991e-05,-0.0002114755147475181,-2.080152309929023e-05,0.0003420606791225931,-1.391265550331597e-07
1,41368.20402388459,0.0,0.0,0.0,34.20606739638537,-0.01459894598023505,34.20606745204526,-0.01446734576100425,1.0,0.0,0.0,0.0,0.03420606739638538,-1.459894598023505e-05,-0.03475960405359569,-6.871706962836845e-06,-0.03420606739638538,1.459894598023505e-05,0.000342060674520452,-1.446734612979715e-07,0.000211475982689866,2.161532640651756e-05,-0.03454812807090581,1.474361944368072e-05,-0.0002114759826898696,-2.161532640651756e-05,0.0003420606745204526,-1.446734576100425e-07
1,42986.62347082227,0.0,0.0,0.0,34.20606689941455,-0.01516999094089009,34.20606695511148,-0.01504334538931907,1.0,0.0,0.0,0.0,0.03420606689941455,-1.516999094089009e-05,-0.03475960405692805,-7.140543154983159e-06,-0.03420606689941455,1.516999094089009e-05,0.0003420606695511096,-1.504334644268455e-07,0.0002114764879623834,2.246096754962554e-05,-0.03454812756896566,1.532042439464238e-05,-0.0002114764879623879,-2.246096754962554e-05,0.0003420606695511148,-1.504334538931907e-07
1,44668.35921509578,0.0,0.0,0.0,34.20606636279789,-0.01576338019181318,34.20606641852912,-0.01564150276784013,1.0,0.0,0.0,0.0,0.03420606636279789,-1.576338019181318e-05,-0.03475960406052625,-7.419896868683046e-06,-0.03420606636279789,1.576338019181318e-05,0.0003420606641852813,-1.564150284646212e-07,0.0002114770335430755,2.333969209512978e-05,-0.03454812702698318,1.591979522644673e-05,-0.0002114770335430727,-2.333969209512978e-05,0.0003420606641852912,-1.564150276784013e-07
1,46415.88833612725,0.0,0.0,0.0,34.20606578337259,-0.01637998778507255,34.20606583913558,-0.01626269897175498,1.0,0.0,0.0,0.0,0.0342060657833726,-1.637998778507256e-05,-0.0347596040644115,-7.710179572728787e-06,-0.0342060657833726,1.637998778507256e-05,0.0003420606583913621,-1.626269731538313e-07,0.0002114776226475475,2.425279433861473e-05,-0.03454812644176395,1.654261476588594e-05,-0.0002114776226475462,-2.425279433861473e-05,0.0003420606583913559,-1.626269897175498e-07
1,48231.7848223925,0.0,0.0,0.0,34.20606515772364,-0.01702072189180052,34.20606521351605,-0.01690784893089928,1.0,0.0,0.0,0.0,0.03420606515772363,-1.702072189180052e-05,-0.0347596040686067,-8.011818832897923e-06,-0.03420606515772363,1.702072189180052e-05,0.0003420606521351695,-1.690784829293322e-07,0.0002114782587478912,2.520161921108292e-05,-0.0345481258098588,1.7189800378185e-05,-0.0002114782587478922,-2.520161921108293e-05,0.0003420606521351605,-1.690784893089928e-07
1,50118.72336272663,0.0,0.0,0.0,34.20606448216352,-0.01768652627909803,34.20606453798318,-0.01757790291661651,1.0,0.0,0.0,0.0,0.03420606448216352,-1.768652627909803e-05,-0.03475960407313657,-8.325258942870251e-06,-0.03420606448216352,1.768652627909803e-05,0.0003420606453798333,-1.757790322241222e-07,0.000211478945593214,2.61875642598795e-05,-0.03454812512754335,1.786230531700925e-05,-0.0002114789455932159,-2.61875642598795e-05,0.0003420606453798319,-1.757790291661651e-07
1,52079.48328595401,0.0,0.0,0.0,34.20606375271053,-0.01837838165266015,34.20606380855541,-0.01827384789396372,1.0,0.0,0.0,0.0,0.03420606375271053,-1.837838165266015e-05,-0.0347596040780278,-8.650961578251984e-06,-0.03420606375271053,1.837838165266015e-05,0.0003420606380855582,-1.827384530498741e-07,0.0002114796872317159,2.721208170710899e-05,-0.03454812439079608,1.856112012885701e-05,-0.0002114796872317234,-2.721208170710899e-05,0.0003420606380855542,-1.827384789396372e-07
1,54116.95265464572,0.0,0.0,0.0,34.20606296506541,-0.01909730701431063,34.20606302093367,-0.01899670888846573,1.0,0.0,0.0,0.0,0.0342060629650654,-1.909730701431064e-05,-0.03475960408330923,-8.98940647587823e-06,-0.0342060629650654,1.909730701431064e-05,0.0003420606302093433,-1.899670899176486e-07,0.0002114804880345009,2.82766805885754e-05,-0.03454812359527473,1.928727411269717e-05,-0.0002114804880345017,-2.82766805885754e-05,0.0003420606302093367,-1.899670888846573e-07
1,56234.13251903423,0.0,0.0,0.0,34.20606211458581,-0.01984436133282334,34.20606217047572,-0.01974755066580901,1.0,0.0,0.0,0.0,0.03420606211458582,-1.984436133282334e-05,-0.034759604089012,-9.34109214182599e-06,-0.03420606211458582,1.984436133282334e-05,0.0003420606217047537,-1.974755116918539e-07,0.0002114813527214322,2.938292897639474e-05,-0.03454812273629056,2.004183683456876e-05,-0.0002114813527214279,-2.938292897639475e-05,0.0003420606217047572,-1.974755066580902e-07
1,58434.14133735106,0.0,0.0,0.0,34.20606119625916,-0.0206206449163524,34.20606125216911,-0.0205274791128103,1.0,0.0,0.0,0.0,0.03420606119625916,-2.06206449163524e-05,-0.0347596040951697,-9.70653658414181e-06,-0.03420606119625916,2.06206449163524e-05,0.0003420606125216974,-2.052747761347251e-07,0.0002114822863888456,3.053245628855306e-05,-0.03454812180878085,2.082591970441125e-05,-0.0002114822863888491,-3.053245628855306e-05,0.0003420606125216911,-2.05274791128103e-07
1,60720.21956909812,0.0,0.0,0.0,34.20606020467297,-0.02142730117274109,34.20606026060148,-0.02133764300594249,1.0,0.0,0.0,0.0,0.03420606020467297,-2.142730117274109e-05,-0.03475960410181864,-1.008627807697727e-05,-0.03420606020467297,2.142730117274109e-05,0.000342060602606013,-2.133764324673087e-07,0.0002114832945396658,3.172695568880968e-05,-0.03454812080727897,2.164067761183241e-05,-0.0002114832945396619,-3.172695568880968e-05,0.0003420606026060148,-2.133764300594249e-07
1,63095.73444801856,0.0,0.0,0.0,34.20605913398285,-0.02226551828030144,34.20605918992855,-0.0221792356900218,1.0,0.0,0.0,0.0,0.03420605913398286,-2.226551828030144e-05,-0.03475960410899798,-1.048087595331967e-05,-0.03420605913398286,2.226551828030144e-05,0.0003420605918992934,-2.217923506875448e-07,0.000211484383115836,3.296818658047963e-05,-0.03454811972588215,2.248731062715996e-05,-0.0002114843831158356,-3.296818658047963e-05,0.0003420605918992855,-2.21792356900218e-07
1,65564.18494179708,0.0,0.0,0.0,34.20605797787842,-0.02313653079890077,34.20605803384004,-0.02305349669690428,1.0,0.0,0.0,0.0,0.03420605797787842,-2.313653079890077e-05,-0.03475960411675007,-1.089091142771014e-05,-0.03420605797787842,2.313653079890077e-05,0.0003420605803384036,-2.305349453355262e-07,0.0002114855585332479,3.42579771977667e-05,-0.03454811855821682,2.336706577005656e-05,-0.0002114855585332517,-3.42579771977667e-05,0.0003420605803384004,-2.305349669690428e-07
1,68129.20690579529,0.0,0.0,0.0,34.20605672954564,-0.02404162171367776,34.206056785522,-0.0239617137965252,1.0,0.0,0.0,0.0,0.03420605672954564,-2.404162171367776e-05,-0.03475960412512057,-1.131698845418082e-05,-0.03420605672954564,2.404162171367776e-05,0.0003420605678552329,-2.396171169013542e-07,0.0002114868277197034,3.559822729846131e-05,-0.03454811729740087,2.428123884428049e-05,-0.0002114868277197021,-3.559822729846131e-05,0.00034206056785522,-2.39617137965252e-07
1,70794.57843841292,0.0,0.0,0.0,34.20605538162707,-0.02498212410576325,34.20605543761708,-0.02490522467466757,1.0,0.0,0.0,0.0,0.03420605538162707,-2.498212410576325e-05,-0.03475960413415884,-1.17597346140402e-05,-0.03420605538162707,2.498212410576325e-05,0.0003420605543761811,-2.490522373599025e-07,0.0002114881981556,3.699091096196825e-05,-0.03454811593600324,2.523117634792805e-05,-0.0002114881981555988,-3.699091096196825e-05,0.0003420605543761708,-2.490522467466757e-07
1,73564.22544596322,0.0,0.0,0.0,34.20605392617819,-0.02595942327054438,34.20605398218085,-0.02588541905800861,1.0,0.0,0.0,0.0,0.0342060539261782,-2.595942327054438e-05,-0.03475960414391813,-1.221980204152647e-05,-0.0342060539261782,2.595942327054438e-05,0.0003420605398218095,-2.588541943820992e-07,0.0002114896779181246,3.843807949678225e-05,-0.03454811446600001,2.621827745525578e-05,-0.0002114896779181266,-3.843807949678226e-05,0.0003420605398218086,-2.588541905800861e-07
1,76442.22742525907,0.0,0.0,0.0,34.2060523546208,-0.02697495868671184,34.20605241063517,-0.02690374068969394,1.0,0.0,0.0,0.0,0.03420605235462081,-2.697495868671184e-05,-0.03475960415445598,-1.269786838377028e-05,-0.03420605235462081,2.697495868671184e-05,0.0003420605241063659,-2.690373746777606e-07,0.00021149127572881,3.994186446169181e-05,-0.03454811287872716,2.724399607792153e-05,-0.000211491275728809,-3.99418644616918e-05,0.0003420605241063517,-2.690374068969394e-07
1,79432.82347242715,0.0,0.0,0.0,34.20605065769239,-0.02803022610462756,34.20605071371761,-0.02796168942398659,1.0,0.0,0.0,0.0,0.03420605065769239,-2.803022610462756e-05,-0.03475960416583447,-1.319463779866044e-05,-0.03420605065769239,2.803022610462756e-05,0.0003420605071371717,-2.796169233831719e-07,0.0002114930010049103,4.150448080515775e-05,-0.03454811116482955,2.83098430064973e-05,-0.0002114930010049115,-4.150448080515775e-05,0.0003420605071371761,-2.796168942398659e-07
1,82540.4185268008,0.0,0.0,0.0,34.20604882539133,-0.02912677993303622,34.20604888142659,-0.02906082361902316,1.0,0.0,0.0,0.0,0.03420604882539133,-2.912677993303622e-05,-0.03475960417812069,-1.371084199352603e-05,-0.03420604882539133,2.912677993303622e-05,0.0003420604888143,-2.906082137269626e-07,0.0002114948639150556,4.312823012748737e-05,-0.03454810931420563,2.941738813396133e-05,-0.0002114948639150571,-4.312823012748736e-05,0.0003420604888142659,-2.906082361902316e-07
1,85769.58985908833,0.0,0.0,0.0,34.2060468469186,-0.03026623511849409,34.20604690296317,-0.03020276202205998,1.0,0.0,0.0,0.0,0.0342060468469186,-3.026623511849409e-05,-0.03475960419138704,-1.424724129952592e-05,-0.0342060468469186,3.026623511849409e-05,0.0003420604690296162,-3.020276385449019e-07,0.0002114968754388383,4.481550407060584e-05,-0.03454810731594819,3.056826277107992e-05,-0.0002114968754388449,-4.481550407060584e-05,0.0003420604690296317,-3.020276202205998e-07
1,89125.09381337342,0.0,0.0,0.0,34.20604471061294,-0.03145027018843046,34.2060447666661,-0.03138918681813255,1.0,0.0,0.0,0.0,0.03420604471061293,-3.145027018843046e-05,-0.03475960420571172,-1.480462579701481e-05,-0.03420604471061293,3.145027018843046e-05,0.0003420604476666869,-3.138918408476266e-07,0.0002114990474321001,4.656878784041147e-05,-0.03454810515827961,3.176416204339666e-05,-0.0002114990474321038,-4.656878784041147e-05,0.0003420604476666611,-3.138918681813256e-07
1,92611.87281287817,0.0,0.0,0.0,34.20604240388356,-0.03268062895145669,34.20604245994471,-0.03262184533575214,1.0,0.0,0.0,0.0,0.03420604240388356,-3.26806289514567e-05,-0.03475960422117914,-1.538381647294286e-05,-0.03420604240388356,3.26806289514567e-05,0.0003420604245994497,-3.262184860671962e-07,0.0002115013926961265,4.839066386690182e-05,-0.03454810282848302,3.300684739395897e-05,-0.0002115013926961284,-4.839066386690182e-05,0.0003420604245994472,-3.262184533575214e-07
1,96235.06263980764,0.0,0.0,0.0,34.2060399131348,-0.03395912365967449,34.20603996920334,-0.03390255321439849,1.0,0.0,0.0,0.0,0.0342060399131348,-3.395912365967449e-05,-0.03475960423788048,-1.598566643498467e-05,-0.0342060399131348,3.395912365967449e-05,0.0003420603996920489,-3.390255442578942e-07,0.0002115039250536269,5.028381560745172e-05,-0.03454810031282685,3.429814917246705e-05,-0.0002115039250536258,-5.028381560745172e-05,0.0003420603996920334,-3.390255321439849e-07
1,99999.9999999987,0.0,0.0,0.0,34.20603722368664,-0.0352876373653006,34.20603727976201,-0.035233196766134,1.0,0.0,0.0,0.0,0.03420603722368663,-3.52876373653006e-05,-0.03475960425591417,-1.661106216554262e-05,-0.03420603722368663,3.52876373653006e-05,0.0003420603727975932,-3.523319974704889e-07,0.0002115066594299148,5.22510314988431e-05,-0.03454809759648425,3.563996933330048e-05,-0.0002115066594299206,-5.22510314988431e-05,0.0003420603727976202,-3.523319676613401e-07
1,103912.2303835156,0.0,0.0,0.0,34.20603431968775,-0.03666812687397887,34.20603437576946,-0.03661573593371725,1.0,0.0,0.0,0.0,0.03420603431968775,-3.666812687397887e-05,-0.0347596042753865,-1.726092482894888e-05,-0.03420603431968775,3.666812687397887e-05,0.0003420603437576923,-3.661573715933469e-07,0.0002115096119410519,5.429520906385833e-05,-0.03454809466344544,3.703428423490944e-05,-0.000211509611941052,-5.429520906385833e-05,0.0003420603437576947,-3.661573593371725e-07
1,107977.5162327696,0.0,0.0,0.0,34.20603118402249,-0.03810262545931171,34.20603124011006,-0.03805220700975521,1.0,0.0,0.0,0.0,0.03420603118402249,-3.810262545931172e-05,-0.03475960429641223,-1.793621162690119e-05,-0.03420603118402249,3.810262545931172e-05,0.0003420603124010663,-3.805221099040144e-07,0.0002115127999886598,5.641935917847939e-05,-0.03454809149642356,3.848314755157821e-05,-0.0002115127999886626,-5.641935917847939e-05,0.0003420603124011007,-3.805220700975521e-07
1,112201.8454301949,0.0,0.0,0.0,34.20602779820954,-0.03959324605470933,34.20602785430254,-0.03954472583299927,1.0,0.0,0.0,0.0,0.03420602779820954,-3.959324605470933e-05,-0.03475960431911528,-1.863791720997136e-05,-0.03420602779820954,3.959324605470933e-05,0.0003420602785430255,-3.954472318493093e-07,0.0002115162423626959,5.862661050596858e-05,-0.03454808807675259,3.998869329599722e-05,-0.0002115162423626943,-5.862661050596858e-05,0.0003420602785430254,-3.954472583299927e-07
1,116591.4401179817,0.0,0.0,0.0,34.20602414229371,-0.04114218405724942,34.20602419839175,-0.04109549059648433,1.0,0.0,0.0,0.0,0.03420602414229371,-4.114218405724942e-05,-0.03475960434362948,-1.936707514012764e-05,-0.03420602414229371,4.114218405724942e-05,0.0003420602419838956,-4.109548913625971e-07,0.0002115199593518457,6.09202141043538e-05,-0.03454808438427762,4.155313896422617e-05,-0.0002115199593518483,-6.092021410435381e-05,0.0003420602419839175,-4.109549059648433e-07
1,121152.7658628573,0.0,0.0,0.0,34.20602019472739,-0.0427517209668852,34.20602025083007,-0.04270678549085501,1.0,0.0,0.0,0.0,0.03420602019472739,-4.27517209668852e-05,-0.03475960437009928,-2.01247594164279e-05,-0.03420602019472739,4.27517209668852e-05,0.0003420602025083391,-4.270678213275491e-07,0.0002115239728635699,6.3303548214091e-05,-0.03454808039723571,4.31787887976631e-05,-0.0002115239728635726,-6.3303548214091e-05,0.0003420602025083008,-4.270678549085502e-07
1,125892.5411794151,0.0,0.0,0.0,34.20601593224448,-0.04442422733926093,34.20601598835147,-0.04438098366114446,1.0,0.0,0.0,0.0,0.03420601593224448,-4.442422733926093e-05,-0.03475960439868072,-2.091208605360216e-05,-0.03420601593224448,4.442422733926093e-05,0.0003420601598835016,-4.438098144433983e-07,0.0002115283065527349,6.578012323294786e-05,-0.03454807609212798,4.486803717934569e-05,-0.0002115283065527371,-6.578012323294786e-05,0.0003420601598835148,-4.438098366114447e-07
1,130817.7474260177,0.0,0.0,0.0,34.20601132972237,-0.04616216666336004,34.20601138583336,-0.04612055108823639,1.0,0.0,0.0,0.0,0.03420601132972238,-4.616216666336004e-05,-0.03475960442954224,-2.173021472903289e-05,-0.03420601132972238,4.616216666336004e-05,0.0003420601138584167,-4.612054994546928e-07,0.0002115329859615097,6.835358688541791e-05,-0.03454807144358073,4.662337215638501e-05,-0.0002115329859615073,-6.83535868854179e-05,0.0003420601138583337,-4.61205510882364e-07
1,135935.6390878508,0.0,0.0,0.0,34.20600636003489,-0.04796809858256713,34.20600641614958,-0.04792804981359754,1.0,0.0,0.0,0.0,0.03420600636003489,-4.796809858256714e-05,-0.03475960446286573,-2.258035048753762e-05,-0.03420600636003489,4.796809858256714e-05,0.0003420600641614734,-4.792804789369648e-07,0.0002115380386693737,7.10277295942687e-05,-0.03454806642419635,4.844737910673109e-05,-0.0002115380386693774,-7.102772959426872e-05,0.0003420600641614958,-4.792804981359755e-07
1,141253.7544622736,0.0,0.0,0.0,34.20600099389128,-0.04984468310020147,34.20600105000938,-0.0498061421483433,1.0,0.0,0.0,0.0,0.03420600099389128,-4.984468310020147e-05,-0.03475960449884759,-2.346374551988986e-05,-0.03420600099389128,4.984468310020147e-05,0.0003420600105001574,-4.980613684410749e-07,0.0002115434944562512,7.380649006211374e-05,-0.03454806100439134,5.034274454222387e-05,-0.0002115434944562553,-7.380649006211374e-05,0.0003420600105000939,-4.98061421483433e-07
1,146779.926762205,0.0,0.0,0.0,34.20599519966452,-0.05179468412842448,34.2059952557858,-0.05175759422554453,1.0,0.0,0.0,0.0,0.03420599519966452,-5.179468412842448e-05,-0.03475960453769991,-2.438170100418303e-05,-0.03420599519966452,5.179468412842448e-05,0.0003420599525578516,-5.175759683045022e-07,0.0002115493854775188,7.669396107121521e-05,-0.03454805515222239,5.231226006703218e-05,-0.0002115493854775163,-7.669396107121522e-05,0.000342059952557858,-5.175759422554453e-07
1,152522.2956538998,0.0,0.0,0.0,34.20598894320465,-0.05382097369335832,34.20598899932886,-0.05378528020861729,1.0,0.0,0.0,0.0,0.03420598894320465,-5.382097369335832e-05,-0.03475960457965166,-2.533556902347761e-05,-0.03420598894320465,5.382097369335832e-05,0.0003420598899932203,-5.378527869708208e-07,0.0002115557464536934,7.969439551003485e-05,-0.03454804883319796,5.435882648655725e-05,-0.0002115557464536927,-7.969439551003485e-05,0.0003420598899932886,-5.37852802086173e-07
1,158489.3192461092,0.0,0.0,0.0,34.20598218763725,-0.05592653622947085,34.20598224376418,-0.05589218658885592,1.0,0.0,0.0,0.0,0.03420598218763726,-5.592653622947085e-05,-0.03475960462495009,-2.632675455785404e-05,-0.03420598218763726,5.592653622947085e-05,0.0003420598224376685,-5.589218563364253e-07,0.0002115626148751683,8.28122126353863e-05,-0.03454804201007492,5.648545807753228e-05,-0.0002115626148751701,-8.281221263538631e-05,0.0003420598224376418,-5.589218658885592e-07
1,164689.7865482846,0.0,0.0,0.0,34.20597489314661,-0.05811447281400921,34.20597494927605,-0.05808141642289622,1.0,0.0,0.0,0.0,0.03420597489314661,-5.811447281400921e-05,-0.0347596046738622,-2.735671755252932e-05,-0.03420597489314661,5.811447281400921e-05,0.0003420597494927238,-5.808142684976458e-07,0.000211570031222907,8.605200457938683e-05,-0.03454803464263929,5.869528702685752e-05,-0.0002115700312229074,-8.605200457938685e-05,0.0003420597494927606,-5.808141642289623e-07
1,171132.8304161757,0.0,0.0,0.0,34.20596701674003,-0.06038800605755234,34.20596707287179,-0.06035619422618341,1.0,0.0,0.0,0.0,0.03420596701674004,-6.038800605755234e-05,-0.03475960472667625,-2.842697507090735e-05,-0.03420596701674004,6.038800605755234e-05,0.0003420596707287192,-6.035618913560327e-07,0.0002115780392075712,8.941854311075857e-05,-0.03454802668746867,6.099156803985123e-05,-0.0002115780392075786,-8.941854311075857e-05,0.0003420596707287179,-6.035619422618342e-07
1,177827.9410038899,0.0,0.0,0.0,34.20595851199593,-0.0627504843974622,34.20595856812984,-0.06271987026922914,1.0,0.0,0.0,0.0,0.03420595851199593,-6.27504843974622e-05,-0.03475960478370353,-2.953910352539323e-05,-0.03420595851199593,6.27504843974622e-05,0.0003420595856812928,-6.271986784595168e-07,0.0002115866860263648,9.29167866604103e-05,-0.03454801809767716,6.337768313501707e-05,-0.0002115866860263674,-9.29167866604103e-05,0.0003420595856812984,-6.271987026922914e-07
1,184784.9797422266,0.0,0.0,0.0,34.20594932878895,-0.06520538740542525,34.20594938492486,-0.06517592588785301,1.0,0.0,0.0,0.0,0.03420594932878895,-6.520538740542525e-05,-0.03475960484528014,-3.069474100242459e-05,-0.03420594932878895,6.520538740542525e-05,0.000342059493849267,-6.517593173045948e-07,0.0002115960226418458,9.655188762160097e-05,-0.03454800882263829,6.585714661917638e-05,-0.0002115960226418481,-9.655188762160098e-05,0.0003420594938492486,-6.517592588785301e-07
1,192014.1938638775,0.0,0.0,0.0,34.20593941299612,-0.06775633049780348,34.20593946913387,-0.0677279781961321,1.0,0.0,0.0,0.0,0.03420593941299612,-6.775633049780349e-05,-0.03475960491176899,-3.189558967186064e-05,-0.03420593941299612,6.775633049780349e-05,0.0003420593946913536,-6.772798459095789e-07,0.000211606104081498,0.0001003291999354035,-0.0345479988076875,6.843361026354284e-05,-0.0002116061040814965,-0.0001003291999354035,0.0003420593946913387,-6.772797819613211e-07
1,199526.2314968852,0.0,0.0,0.0,34.20592870617585,-0.07040707077932284,34.2059287623153,-0.07037978593259003,1.0,0.0,0.0,0.0,0.03420592870617586,-7.040707077932285e-05,-0.03475960498356196,-3.314341829841917e-05,-0.03420592870617586,7.040707077932285e-05,0.0003420592876229154,-7.037979725237162e-07,0.0002116169897630249,0.0001042542869725822,-0.03454798799379893,7.111086867416308e-05,-0.0002116169897630263,-0.0001042542869725822,0.0003420592876231531,-7.037978593259004e-07
1,207332.1573485926,0.0,0.0,0.0,34.2059171452246,-0.07316151228945844,34.20591720136562,-0.07313525470898849,1.0,0.0,0.0,0.0,0.03420591714522461,-7.316151228945844e-05,-0.03475960506108217,-3.4440064844591e-05,-0.03420591714522461,7.316151228945844e-05,0.0003420591720136508,-7.313526270341941e-07,0.000211628743844007,0.000108332929723451,-0.03454797631723817,7.389286487886e-05,-0.0002116287438440057,-0.000108332929723451,0.0003420591720136563,-7.313525470898849e-07
1,215443.4690031854,0.0,0.0,0.0,34.20590466200478,-0.07602371178527742,34.20590471814725,-0.0759984427954862,1.0,0.0,0.0,0.0,0.03420590466200479,-7.602371178527742e-05,-0.03475960514478652,-3.578743917810445e-05,-0.03420590466200479,7.602371178527742e-05,0.0003420590471816088,-7.599843520973642e-07,0.0002116414356000808,0.0001125711353077056,-0.03454796370918643,7.678369612960112e-05,-0.0002116414356000823,-0.0001125711353077056,0.0003420590471814725,-7.599844279548621e-07
1,223872.1138568308,0.0,0.0,0.0,34.20589118294518,-0.07899788428488919,34.20589123908899,-0.07897356666631769,1.0,0.0,0.0,0.0,0.03420589118294518,-7.899788428488919e-05,-0.03475960523516832,-3.718752588149254e-05,-0.03420589118294518,7.899788428488919e-05,0.0003420589123908934,-7.897356807736134e-07,0.0002116551398322081,0.0001169751458167044,-0.03454795009533611,7.978761993521188e-05,-0.0002116551398322133,-0.0001169751458167044,0.00034205891239089,-7.89735666663177e-07
1,232630.5067153593,0.0,0.0,0.0,34.20587662860319,-0.08208841022134024,34.20587668474824,-0.08206500815583284,1.0,0.0,0.0,0.0,0.03420587662860319,-8.208841022134025e-05,-0.03475960533276026,-3.864238718301128e-05,-0.03420587662860319,8.208841022134025e-05,0.0003420587668476251,-8.206501350417121e-07,0.0002116699373096364,0.0001215514475011256,-0.03454793539545063,8.29090603181143e-05,-0.0002116699373096373,-0.0001215514475011256,0.0003420587668474824,-8.206500815583284e-07
1,241731.548080407,0.0,0.0,0.0,34.20586091319998,-0.08529984110376115,34.20586096934618,-0.08527732012170806,1.0,0.0,0.0,0.0,0.03420586091319999,-8.529984110376115e-05,-0.03475960543813753,-4.015416598767964e-05,-0.03420586091319999,8.529984110376115e-05,0.0003420586096933905,-8.527732341459508e-07,0.0002116859152441439,0.000126306780317477,-0.03454791952289338,8.615261432979737e-05,-0.0002116859152441475,-0.000126306780317477,0.0003420586096934619,-8.527732012170807e-07
1,251188.6431509545,0.0,0.0,0.0,34.20584394411423,-0.08863690643070775,34.20584400026149,-0.0886152333602736,1.0,0.0,0.0,0.0,0.03420584394411423,-8.863690643070775e-05,-0.03475960555192117,-4.172508903535823e-05,-0.03420584394411423,8.863690643070775e-05,0.0003420584400023602,-8.86152396940996e-07,0.0002117031678044509,0.0001312481478473988,-0.03454790238411672,8.952305881204057e-05,-0.0002117031678044515,-0.0001312481478473988,0.0003420584400026149,-8.861523336027361e-07
1,261015.72156825,0.0,0.0,0.0,34.20582562133578,-0.09210452072175061,34.20582567748401,-0.09208366364001469,1.0,0.0,0.0,0.0,0.03420582562133578,-9.210452072175061e-05,-0.0347596056747818,-4.335747018113164e-05,-0.03420582562133578,9.210452072175061e-05,0.0003420582567747505,-9.208366848313443e-07,0.000211721796671352,0.0001363828276042698,-0.03454788387811044,9.302535742313819e-05,-0.0002117217966713519,-0.0001363828276042698,0.0003420582567748402,-9.20836636400147e-07
1,271227.2579331989,0.0,0.0,0.0,34.20580583687609,-0.09570779078652908,34.20580589302521,-0.0956877189724651,1.0,0.0,0.0,0.0,0.03420580583687609,-9.570779078652908e-05,-0.03475960580744351,-4.505371380371943e-05,-0.03420580583687609,9.570779078652908e-05,0.000342058058930334,-9.56877194566667e-07,0.0002117419116370605,0.0001417183817421764,-0.03454786389580644,9.666466793845695e-05,-0.0002117419116370658,-0.0001417183817421764,0.0003420580589302522,-9.568771897246511e-07
1,281838.2931264414,0.0,0.0,0.0,34.20578447413452,-0.09945202275372388,34.20578453028448,-0.09943270664295009,1.0,0.0,0.0,0.0,0.03420578447413453,-9.945202275372388e-05,-0.03475960595068815,-4.681631834293045e-05,-0.03420578447413453,9.945202275372388e-05,0.000342057845302442,-9.943271565366527e-07,0.0002117636312508306,0.0001472626681828888,-0.03454784231943731,0.0001004463498399584,-0.0002117636312508331,-0.0001472626681828888,0.0003420578453028449,-9.94327066429501e-07
1,292864.4564625195,0.0,0.0,0.0,34.2057614072063,-0.1033427307693611,34.20576146335701,-0.1033241419105939,1.0,0.0,0.0,0.0,0.0342057614072063,-0.0001033427307693611,-0.03475960610535995,-4.864787998695194e-05,-0.0342057614072063,0.0001033427307693611,0.0003420576146336946,-1.033241385007994e-06,0.0002117870835200815,0.0001530238521770517,-0.03454781902183986,0.0001043759721900997,-0.0002117870835200847,-0.0001530238521770517,0.0003420576146335702,-1.033241419105939e-06
1,304321.9887107678,0.0,0.0,0.0,34.20573650014526,-0.1073856442611864,34.20573655629666,-0.1073677552743337,1.0,0.0,0.0,0.0,0.03420573650014526,-0.0001073856442611864,-0.03475960627237049,-5.055109648933905e-05,-0.03420573650014526,0.0001073856442611864,0.0003420573655630927,-1.073677483048962e-06,0.0002118124066623097,0.0001590104183164929,-0.03454779386570817,0.0001084593218271539,-0.0002118124066623137,-0.0001590104183164929,0.0003420573655629667,-1.073677552743337e-06
1,316227.7660168334,0.0,0.0,0.0,34.20570960615983,-0.1115867168719662,34.20570966231188,-0.1115695014077984,1.0,0.0,0.0,0.0,0.03420570960615983,-0.0001115867168719662,-0.03475960645270405,-5.252877114669687e-05,-0.03420570960615983,0.0001115867168719662,0.0003420570966230852,-1.115694925870929e-06,0.0002118397499210494,0.000165231183015104,-0.03454776670278299,0.0001127024118684072,-0.0002118397499210542,-0.000165231183015104,0.0003420570966231188,-1.115695014077984e-06
1,328599.3247600607,0.0,0.0,0.0,34.20568056675071,-0.1159521347938514,34.20568062290334,-0.1159355674951909,1.0,0.0,0.0,0.0,0.03420568056675071,-0.0001159521347938514,-0.03475960664742343,-5.458381692419924e-05,-0.03420568056675071,0.0001159521347938514,0.0003420568062288557,-1.15935565803395e-06,0.0002118692744439682,0.0001716953074764955,-0.03454773737297945,0.0001171114905522963,-0.000211869274443971,-0.0001716953074764955,0.0003420568062290335,-1.159355674951909e-06
1,341454.8873833552,0.0,0.0,0.0,34.20564921077246,-0.1204883265324558,34.20564926692563,-0.1204723829968274,1.0,0.0,0.0,0.0,0.03420564921077247,-0.0001204883265324558,-0.03475960685767621,-5.671926075156497e-05,-0.03420564921077247,0.0001204883265324558,0.0003420564926693103,-1.204723755458131e-06,0.0002119011542346692,0.0001784123111672464,-0.03454770570344153,0.0001216930504156814,-0.0002119011542346672,-0.0001784123111672464,0.0003420564926692563,-1.204723829968274e-06
1,354813.3892335703,0.0,0.0,0.0,34.20561535342921,-0.1252019717133874,34.20561540958286,-0.1251866284570754,1.0,0.0,0.0,0.0,0.03420561535342921,-0.0001252019717133874,-0.03475960708470151,-5.893824797611491e-05,-0.03420561535342921,0.0001252019717133874,0.0003420561540961309,-1.251866095826033e-06,0.0002119355771758851,0.0001853920858153709,-0.03454767150752562,0.000126453837839256,-0.0002119355771758868,-0.0001853920858153709,0.0003420561540958286,-1.251866284570754e-06
1,368694.5064519521,0.0,0.0,0.0,34.20557879518917,-0.1301000104824276,34.20557885134328,-0.130085244905886,1.0,0.0,0.0,0.0,0.03420557879518917,-0.0001301000104824276,-0.03475960732983727,-6.124404699209023e-05,-0.03420557879518917,0.0001301000104824276,0.0003420557885134746,-1.300852516155449e-06,0.0002119727461347831,0.0001926449099542878,-0.03454763458370248,0.0001314008629621975,-0.0002119727461347837,-0.0001926449099542878,0.0003420557885134328,-1.30085244905886e-06
1,383118.6849557231,0.0,0.0,0.0,34.20553932059545,-0.1351896555278586,34.20553937674995,-0.1351754458824232,1.0,0.0,0.0,0.0,0.03420553932059545,-0.0001351896555278586,-0.0347596075945282,-6.36400540695797e-05,-0.03420553932059545,0.0001351896555278586,0.000342055393766882,-1.351754441903328e-06,0.0002120128801651594,0.000200181464033306,-0.03454759471436303,0.0001365414099637263,-0.0002120128801651605,-0.000200181464033306,0.0003420553937674996,-1.351754458824232e-06
1,398107.1705534914,0.0,0.0,0.0,34.2054966970135,-0.1404784003991406,34.20549675316837,-0.1404647257549949,1.0,0.0,0.0,0.0,0.0342054966970135,-0.0001404784003991406,-0.03475960788033419,-6.612979833812433e-05,-0.0342054966970135,0.0001404784003991406,0.0003420549675310609,-1.404647254314766e-06,0.0002120562157894979,0.0002080128461166778,-0.03454755166454469,0.0001418830477785535,-0.0002120562157894995,-0.0002080128461166778,0.0003420549675316837,-1.404647257549949e-06
1,413682.0402388446,0.0,0.0,0.0,34.20545067324435,-0.1459740325950709,34.20545072939954,-0.1459608728104181,1.0,0.0,0.0,0.0,0.03420545067324435,-0.0001459740325950709,-0.03475960818893963,-6.871694700175777e-05,-0.03420545067324435,0.0001459740325950709,0.0003420545072942359,-1.459608601902189e-06,0.0002121030084007307,0.0002161505881936691,-0.0345475051805389,0.0001474336411919113,-0.0002121030084007297,-0.0002161505881936691,0.0003420545072939954,-1.459608728104181e-06
1,429866.2347082213,0.0,0.0,0.0,34.2054009780642,-0.1516846425892692,34.20540103421968,-0.1516719782806646,1.0,0.0,0.0,0.0,0.0342054009780642,-0.0001516846425892692,-0.03475960852216316,-7.14053107205427e-05,-0.0342054009780642,0.0001516846425892692,0.0003420540103420622,-1.516719721521316e-06,0.0002121535337568928,0.0002246066731234573,-0.03454745498840626,0.0001532013624029146,-0.0002121535337568925,-0.0002246066731234573,0.0003420540103421969,-1.516719782806647e-06
1,446683.5921509565,0.0,0.0,0.0,34.20534731860472,-0.1576186383400481,34.20534737476045,-0.1576064508538486,1.0,0.0,0.0,0.0,0.03420534731860472,-0.0001576186383400481,-0.03475960888196857,-7.419884924475083e-05,-0.03420534731860472,0.0001576186383400481,0.000342053473747564,-1.576064470441951e-06,0.0002122080896169168,0.0002333935522389553,-0.03454740079235164,0.0001591947029942044,-0.0002122080896169234,-0.0002333935522389553,0.0003420534737476046,-1.576064508538486e-06
1,464158.8833612709,0.0,0.0,0.0,34.20528937864002,-0.1637847560943844,34.20528943479598,-0.1637730274792731,1.0,0.0,0.0,0.0,0.03420528937864002,-0.0001637847560943844,-0.03475960927047626,-7.710167723440868e-05,-0.03420528937864002,0.0001637847560943844,0.0003420528943481966,-1.637730374635799e-06,0.00021226699748843,0.0002425241636351941,-0.03454734227298782,0.0001654224864007854,-0.0002122669974884347,-0.0002425241636351941,0.0003420528943479598,-1.637730274792731e-06
1,482317.8482239234,0.0,0.0,0.0,34.20522681672777,-0.1701920728558047,34.20522687288393,-0.1701807858363497,1.0,0.0,0.0,0.0,0.03420522681672777,-0.0001701920728558047,-0.03475960968997571,-8.011807031670838e-05,-0.03420522681672777,0.0001701920728558047,0.0003420522687284645,-1.701807973847193e-06,0.0002123306045197817,0.0002520119511683479,-0.03454727908545593,0.0001718938808516395,-0.0002123306045197781,-0.0002520119511683479,0.0003420522687288393,-1.701807858363497e-06
1,501187.2336272647,0.0,0.0,0.0,34.20515926418182,-0.1768500213506911,34.20515932033813,-0.1768391593019001,1.0,0.0,0.0,0.0,0.03420515926418182,-0.0001768500213506911,-0.03475961014293912,-8.325247139690274e-05,-0.03420515926418182,0.0001768500213506911,0.0003420515932038671,-1.768391545048818e-06,0.0002123992855531477,0.0002618708841925444,-0.03454721085738597,0.0001786184127956417,-0.0002123992855531456,-0.0002618708841925444,0.0003420515932033813,-1.768391593019001e-06
1,520794.8328595385,0.0,0.0,0.0,34.20508632292592,-0.1837684012862225,34.20508637908237,-0.1837579482090554,1.0,0.0,0.0,0.0,0.03420508632292592,-0.0001837684012862225,-0.0347596106320357,-8.650949718087647e-05,-0.03420508632292592,0.0001837684012862225,0.000342050863790277,-1.837579514013946e-06,0.0002124734453195581,0.0002721154780629794,-0.03454713718671613,0.000185605980882103,-0.0002124734453195637,-0.0002721154780629794,0.0003420508637908237,-1.837579482090554e-06
1,541169.5265464555,0.0,0.0,0.0,34.20500756311483,-0.1909573970430134,34.20500761927138,-0.1909473375408167,1.0,0.0,0.0,0.0,0.03420500756311484,-0.0001909573970430134,-0.03475961116014772,-8.98939450020859e-05,-0.03420500756311484,0.0001909573970430134,0.0003420500761934888,-1.909473240532915e-06,0.0002125535208402523,0.0002827608154340523,-0.03454705763930747,0.0001928668704319663,-0.0002125535208402501,-0.0002827608154340523,0.0003420500761927138,-1.909473375408167e-06
1,562341.3251903405,0.0,0.0,0.0,34.2049225206358,-0.1984275893896517,34.20492257679243,-0.1984179086454804,1.0,0.0,0.0,0.0,0.0342049225206358,-0.0001984275893896517,-0.03475961173038723,-9.341079986086884e-05,-0.0342049225206358,0.0001984275893896517,0.0003420492257671563,-1.984179245482472e-06,0.0002126399839837777,0.0002938225683834702,-0.03454697174640345,0.0002004117685226013,-0.000212639983983777,-0.0002938225683834702,0.0003420492257679244,-1.984179086454804e-06
1,584341.4133735087,0.0,0.0,0.0,34.20483069435463,-0.2061899729133096,34.2048307505113,-0.2061806566681027,1.0,0.0,0.0,0.0,0.03420483069435463,-0.0002061899729133097,-0.0347596123461145,-9.706524178229862e-05,-0.03420483069435463,0.0002061899729133097,0.0003420483075048755,-2.061806474053089e-06,0.0002127333442555509,0.0003053170213930521,-0.03454687900185895,0.0002082517796107535,-0.0002127333442555543,-0.0003053170213930521,0.000342048307505113,-2.061806566681027e-06
1,607202.1956909792,0.0,0.0,0.0,34.20473154316876,-0.2142559716463761,34.20473159932546,-0.2142470061779542,1.0,0.0,0.0,0.0,0.03420473154316876,-0.0002142559716463761,-0.03475961301095781,-0.0001008626534415128,-0.03420473154316876,0.0002142559716463761,0.000342047315993385,-2.142469906631414e-06,0.0002128341517962262,0.0003172610952191322,-0.03454677885916158,0.0002163984417776193,-0.0002128341517962304,-0.0003172610952191321,0.0003420473159932546,-2.142470061779543e-06
1,630957.3444801836,0.0,0.0,0.0,34.20462448282539,-0.2226374553936182,34.20462453898209,-0.2226288274964717,1.0,0.0,0.0,0.0,0.03420462448282539,-0.0002226374553936182,-0.03475961372883479,-0.0001048086280881102,-0.03420462448282539,0.0002226374553936182,0.0003420462453893093,-2.226288265276354e-06,0.0002129430006191118,0.0003296723716860667,-0.03454667072821567,0.0002248637435979565,-0.000212943000619116,-0.0003296723716860667,0.0003420462453898209,-2.226288274964717e-06
1,655641.8494179688,0.0,0.0,0.0,34.20450888247942,-0.2313467572353132,34.20450893863607,-0.2313384542011514,1.0,0.0,0.0,0.0,0.03420450888247942,-0.0002313467572353132,-0.03475961450397546,-0.0001089089777849933,-0.03420450888247942,0.0002313467572353132,0.0003420450893857192,-2.313384327667934e-06,0.0002130605321088374,0.0003425691194376035,-0.03454655397186662,0.0002336601416526101,-0.0002130605321088441,-0.0003425691194376034,0.0003420450893863607,-2.313384542011514e-06
1,681292.0690579507,0.0,0.0,0.0,34.20438406097989,-0.2403966914881858,34.2043841171365,-0.2403887010872185,1.0,0.0,0.0,0.0,0.03420438406097989,-0.0002403966914881859,-0.03475961534094718,-0.0001131697419676918,-0.03420438406097989,0.0002403966914881859,0.0003420438411711377,-2.403887123096075e-06,0.0002131874387974427,0.0003559703206821652,-0.03454642790214973,0.0002428005787144735,-0.0002131874387974464,-0.0003559703206821652,0.000342043841171365,-2.403887010872185e-06
1,707945.7843841269,0.0,0.0,0.0,34.20424928283968,-0.2498005737924295,34.20424933899621,-0.2497928842553531,1.0,0.0,0.0,0.0,0.03420424928283968,-0.0002498005737924295,-0.03475961624468166,-0.0001175971963502469,-0.03420424928283968,0.0002498005737924295,0.0003420424933891337,-2.497928932786606e-06,0.0002133244684518901,0.0003698956989691115,-0.03454629177622976,0.0002522985026188645,-0.0002133244684518962,-0.0003698956989691115,0.0003420424933899621,-2.497928842553532e-06
1,735642.2544596299,0.0,0.0,0.0,34.20410375394663,-0.2595722375941167,34.20410381010303,-0.2595648375947795,1.0,0.0,0.0,0.0,0.03420410375394663,-0.0002595722375941167,-0.03475961722050368,-0.0001221978621435182,-0.03420410375394663,0.0002595722375941167,0.0003420410381011701,-2.595648084221926e-06,0.0002134724284554318,0.0003843657480350522,-0.03454614479204825,0.000262167885891534,-0.0002134724284554371,-0.0003843657480350522,0.0003420410381010303,-2.595648375947795e-06
1,764422.2742525883,0.0,0.0,0.0,34.20394661685393,-0.2697260568053876,34.2039466730102,-0.2697189354441066,1.0,0.0,0.0,0.0,0.03420394661685393,-0.0002697260568053876,-0.03475961827416275,-0.0001269785156795553,-0.03420394661685393,0.0002697260568053876,0.0003420394667288846,-2.697189674287163e-06,0.0002136321905780835,0.0003994017617590077,-0.03454598608358466,0.0002724232460794525,-0.0002136321905780794,-0.0003994017617590078,0.000342039466730102,-2.697189354441066e-06
1,794328.234724269,0.0,0.0,0.0,34.20377694574584,-0.2802769658082987,34.20377700190194,-0.2802701125958051,1.0,0.0,0.0,0.0,0.03420377694574585,-0.0002802769658082987,-0.03475961941186675,-0.0001319461983834607,-0.03420377694574585,0.0002802769658082987,0.0003420377700172407,-2.80270108258594e-06,0.0002138046961014883,0.0004150258652683533,-0.03454581471576526,0.0002830796668848926,-0.0002138046961014869,-0.0004150258652683533,0.0003420377700190194,-2.802701125958051e-06
1,825404.1852680054,0.0,0.0,0.0,34.20359374099034,-0.2912404810945996,34.20359379714624,-0.2912338859365892,1.0,0.0,0.0,0.0,0.03420359374099034,-0.0002912404810945996,-0.03475962064031859,-0.0001371082271424127,-0.03420359374099034,0.0002912404810945996,0.0003420359379711315,-2.912338887915924e-06,0.0002139909613579841,0.000431261047237531,-0.0345456296789606,0.0002941528200951183,-0.0002139909613579835,-0.000431261047237531,0.0003420359379714624,-2.912338859365892e-06
1,857695.8985908806,0.0,0.0,0.0,34.20339592324402,-0.3026327245371125,34.20339597939969,-0.3026263777193772,1.0,0.0,0.0,0.0,0.03420339592324403,-0.0003026327245371125,-0.03475962196675562,-0.000142472205086828,-0.03420339592324403,0.0003026327245371125,0.0003420339597960092,-3.026263658535093e-06,0.0002141920837178059,0.0004481311934232134,-0.03454542988303782,0.0003056589883363854,-0.0002141920837178055,-0.0004481311934232134,0.0003420339597939969,-3.026263777193772e-06
1,891250.9381337314,0.0,0.0,0.0,34.20318232712855,-0.3144704451854921,34.20318238328396,-0.3144643373596117,1.0,0.0,0.0,0.0,0.03420318232712855,-0.0003144704451854921,-0.03475962339899214,-0.0001480460327737763,-0.03420318232712855,0.0003144704451854921,0.0003420318238352648,-3.14464374059718e-06,0.0002144092480321097,0.0004656611214814665,-0.03454521415096003,0.0003176150887076902,-0.0002144092480321144,-0.0004656611214814665,0.0003420318238328396,-3.144643373596117e-06
1,926118.7281287787,0.0,0.0,0.0,34.20295169433498,-0.3267710457859165,34.20295175049008,-0.3267651679554893,1.0,0.0,0.0,0.0,0.03420295169433499,-0.0003267710457859166,-0.03475962494546553,-0.0001538379198397288,-0.03420295169433499,0.0003267710457859166,0.0003420295175039206,-3.267651256094526e-06,0.0002146437336237984,0.0004838766171124258,-0.03454498121184173,0.000330038697272697,-0.0002146437336237941,-0.0004838766171124258,0.0003420295175049008,-3.267651679554894e-06
1,962350.6263980733,0.0,0.0,0.0,34.20270266627254,-0.3395526051887706,34.2027027224273,-0.3395469486961616,1.0,0.0,0.0,0.0,0.03420270266627254,-0.0003395526051887706,-0.03475962661528562,-0.0001598563970669946,-0.03420270266627254,0.0003395526051887706,0.0003420270272262839,-3.395469537982098e-06,0.0002148969217871997,0.00050280447158171,-0.03454472969349841,0.0003429480745147154,-0.0002148969217872013,-0.00050280447158171,0.0003420270272242731,-3.395469486961617e-06
1,999999.9999999839,0.0,0.0,0.0,34.20243377602881,-0.3528339071379386,34.2024338321832,-0.3528284636515284,1.0,0.0,0.0,0.0,0.03420243377602881,-0.0003528339071379385,-0.03475962841828856,-0.0001661103289674535,-0.03420243377602881,0.0003528339071379385,0.0003420243383229788,-3.528284467210204e-06,0.0002151703039371312,0.0005224725206659977,-0.03454445811435142,0.0003563621916985442,-0.000215170303937133,-0.0005224725206659977,0.000342024338321832,-3.528284636515284e-06
1,1039122.303835152,0.0,0.0,0.0,34.20214343976599,-0.3666344661270841,34.20214349591997,-0.3666292276289962,1.0,0.0,0.0,0.0,0.03420214343976599,-0.0003666344661270841,-0.03475963036509455,-0.0001726089268253594,-0.03420214343976599,0.0003666344661270841,0.0003420214349583625,-3.666292177187159e-06,0.0002154654903677111,0.0005429096850749025,-0.03454416487472683,0.0003703007582495431,-0.0002154654903677167,-0.0005429096850749025,0.0003420214349591997,-3.666292276289963e-06
1,1079775.162327692,0.0,0.0,0.0,34.20182994741859,-0.3809745550873878,34.20183000357211,-0.3809695138616792,1.0,0.0,0.0,0.0,0.03420182994741859,-0.0003809745550873878,-0.03475963246717017,-0.0001793617622572142,-0.03420182994741859,0.0003809745550873878,0.0003420183000381636,-3.809695121687545e-06,0.0002157842197149273,0.0005641460124002701,-0.03454384824745523,0.0003847842501430559,-0.0002157842197149304,-0.0005641460124002701,0.0003420183000357212,-3.809695138616792e-06
1,1122018.454301945,0.0,0.0,0.0,34.20149145261853,-0.3958752356129594,34.20149150877155,-0.3958703842342554,1.0,0.0,0.0,0.0,0.03420149145261853,-0.0003958752356129594,-0.03475963473689596,-0.0001863787813141581,-0.03420149145261853,0.0003958752356129594,0.0003420149150879938,-3.958703606298331e-06,0.0002161283691882812,0.0005862127206458317,-0.03454350636770767,0.0003998339393316736,-0.0002161283691882801,-0.0005862127206458317,0.0003420149150877156,-3.958703842342554e-06
1,1165914.401179813,0.0,0.0,0.0,34.20112596186684,-0.411358387133965,34.20112601801932,-0.4113537184565222,1.0,0.0,0.0,0.0,0.03420112596186684,-0.000411358387133965,-0.03475963718763903,-0.0001936703191178417,-0.03420112596186684,0.000411358387133965,0.0003420112601775767,-4.113537652119463e-06,0.000216499965591461,0.0006091422433925447,-0.03454313722204756,0.000415471924274703,-0.0002164999655914629,-0.0006091422433925447,0.0003420112601801933,-4.113537184565222e-06
1,1211527.658628569,0.0,0.0,0.0,34.20073132280194,-0.4274467390820507,34.20073137895381,-0.4274422462292318,1.0,0.0,0.0,0.0,0.03420073132280194,-0.0004274467390820507,-0.03475963983383171,-0.0002012471150841867,-0.03420073132280194,0.0004274467390820507,0.0003420073137886377,-4.274422746920283e-06,0.0002169011972405591,0.0006329682766543836,-0.03454273863659115,0.0004317211615701968,-0.0002169011972405557,-0.0006329682766543836,0.0003420073137895382,-4.274422462292318e-06
1,1258925.411794147,0.0,0.0,0.0,34.20030521155954,-0.4441639031712392,34.20030526771075,-0.4441595795253841,1.0,0.0,0.0,0.0,0.03420030521155954,-0.0004441639031712392,-0.03475964269105634,-0.0002091203287334837,-0.03420030521155954,0.0004441639031712392,0.0003420030526771659,-4.441595742282597e-06,0.0002173344268168702,0.0006577258274821699,-0.03454230826423946,0.0004486054987486862,-0.0002173344268168662,-0.0006577258274821699,0.0003420030526771076,-4.441595795253841e-06
1,1308177.474260173,0.0,0.0,0.0,34.19984511915246,-0.4615344060180973,34.19984517530295,-0.4615302452107758,1.0,0.0,0.0,0.0,0.03419984511915246,-0.0004615344060180973,-0.03475964577613653,-0.0002173015561115791,-0.03419984511915246,0.0004615344060180973,0.0003419984517560065,-4.615302213180213e-06,0.000217802205228231,0.0006834512643735354,-0.0345418435709083,0.0004661497082619563,-0.0002178022052282333,-0.0006834512643735354,0.0003419984517530296,-4.615302452107759e-06
1,1359356.390878503,0.0,0.0,0.0,34.19934833670504,-0.4795837254244673,34.19934839285476,-0.479579721327099,1.0,0.0,0.0,0.0,0.03419934833670504,-0.0004795837254244672,-0.03475964910723624,-0.0002258028468732368,-0.03419934833670504,0.0004795837254244672,0.000341993483925643,-4.795797318647016e-06,0.0002183072866031647,0.0007101823695468866,-0.03454134182063307,0.0004843795226736498,-0.0002183072866031657,-0.0007101823695468865,0.0003419934839285476,-4.795797213270991e-06
1,1412537.544622731,0.0,0.0,0.0,34.19881193955147,-0.4983383264863127,34.19881199570035,-0.4983344732011397,1.0,0.0,0.0,0.0,0.03419881193955147,-0.0004983383264863127,-0.0347596527039664,-0.0002346367220209434,-0.03419881193955147,0.0004983383264863127,0.0003419881199574193,-4.983344914296064e-06,0.0002188526444564895,0.0007379583931404355,-0.03454080005950991,0.000503321671119492,-0.0002188526444564867,-0.0007379583931404355,0.0003419881199570035,-4.983344732011398e-06
1,1467799.267622045,0.0,0.0,0.0,34.19823277013237,-0.5178256970308158,34.19823282628033,-0.5178219888822159,1.0,0.0,0.0,0.0,0.03419823277013237,-0.0005178256970308158,-0.03475965658749951,-0.0002438161923207935,-0.03419823277013237,0.0005178256970308158,0.000341982328259053,-5.178220315116065e-06,0.0002194414891067235,0.0007668201093974801,-0.03454021509839279,0.0005230039170766866,-0.0002194414891067281,-0.00076682010939748,0.0003419823282628033,-5.178219888822159e-06
1,1525222.956538993,0.0,0.0,0.0,34.19760741939786,-0.5380743890374339,34.19760747554482,-0.5380708205635605,1.0,0.0,0.0,0.0,0.03419760741939786,-0.0005380743890374339,-0.03475966078069448,-0.0002533547774767927,-0.03419760741939786,0.0005380743890374339,0.0003419760747467349,-5.380708212272334e-06,0.0002200772865439515,0.0007968098748963476,-0.03453958349415052,0.000543455097419555,-0.0002200772865439543,-0.0007968098748963477,0.0003419760747554482,-5.380708205635605e-06
1,1584893.192461087,0.0,0.0,0.0,34.19693220687025,-0.5591140569510509,34.19693226301612,-0.5591106228957883,1.0,0.0,0.0,0.0,0.03419693220687025,-0.0005591140569510508,-0.03475966530823018,-0.000263266526016759,-0.03419693220687025,0.0005591140569510508,0.000341969322629337,-5.591105655426468e-06,0.0002207637787247619,0.0008279716888904302,-0.03453890152950542,0.0005647051628736712,-0.000220763778724764,-0.0008279716888904302,0.0003419693226301613,-5.591106228957883e-06
1,1646897.865482841,0.0,0.0,0.0,34.19620315909587,-0.5809754985830048,34.19620321524057,-0.5809721938882263,1.0,0.0,0.0,0.0,0.03419620315909587,-0.0005809754985830048,-0.03475967019675,-0.0002735660359654206,-0.03419620315909587,0.0005809754985830048,0.0003419620321583116,-5.809722008179028e-06,0.0002215050054903635,0.0008603512558179953,-0.03453816519125964,0.0005867852198525748,-0.000221505005490362,-0.0008603512558179953,0.0003419620321524058,-5.809721938882264e-06
1,1711328.304161752,0.0,0.0,0.0,34.19541598637133,-0.6036906980891071,34.19541604251477,-0.6036875178872249,1.0,0.0,0.0,0.0,0.03419541598637133,-0.0006036906980891072,-0.03475967547501787,-0.0002842684763305215,-0.03419541598637133,0.0006036906980891072,0.0003419541604153737,-6.036875722634821e-06,0.000222305328229255,0.0008939960500435949,-0.03453737014678861,0.0006097275737130734,-0.0002223053282292553,-0.0008939960500435949,0.0003419541604251477,-6.036875178872249e-06
1,1778279.410038893,0.0,0.0,0.0,34.19456605744972,-0.6272928752791275,34.19456611359178,-0.6272898148859221,1.0,0.0,0.0,0.0,0.03419456605744972,-0.0006272928752791275,-0.03475968117408798,-0.0002953896094680232,-0.03419456605744972,0.0006272928752791275,0.0003419456611325291,-6.272898190756518e-06,0.0002231694555022162,0.0009289553828893529,-0.03453651171858576,0.0006335657734213297,-0.0002231694555022146,-0.0009289553828893529,0.0003419456611359178,-6.272898148859221e-06
1,1847849.79742226,0.0,0.0,0.0,34.19364837274537,-0.6518165226142916,34.19364842888594,-0.6518135775220133,1.0,0.0,0.0,0.0,0.03419364837274537,-0.0006518165226142916,-0.03475968732748427,-0.0003069458142058258,-0.03419364837274537,0.0006518165226142916,0.0003419364842883682,-6.518135176567597e-06,0.0002241024704392393,0.0009652804720286881,-0.03453558485704503,0.0006583346578228623,-0.00022410247043924,-0.0009652804720286881,0.0003419364842888594,-6.518135775220134e-06
1,1920141.938638769,0.0,0.0,0.0,34.19265753494552,-0.6772974570334456,34.19265759108449,-0.6772946229041744,1.0,0.0,0.0,0.0,0.03419265753494553,-0.0006772974570334456,-0.03475969397139757,-0.000318954109982386,-0.03419265753494553,0.0006772974570334456,0.0003419265759109398,-6.772945904707758e-06,0.0002251098605420024,0.001003024513285546,-0.03453458411085557,0.0006840704033031596,-0.0002251098605419999,-0.001003024513285546,0.0003419265759108449,-6.772946229041745e-06
1,1995262.314968846,0.0,0.0,0.0,34.1915877173596,-0.7037728712897892,34.19158777349683,-0.7037701439490454,1.0,0.0,0.0,0.0,0.0341915877173596,-0.0007037728712897892,-0.03475970114489792,-0.0003314321819095396,-0.0341915877173596,0.0007037728712897892,0.0003419158777271279,-7.037701802123799e-06,0.0002261975498088265,0.001042242754905103,-0.03453350359508909,0.0007108105729955635,-0.0002261975498088278,-0.001042242754905103,0.0003419158777349683,-7.037701439490454e-06
1,2073321.57348592,0.0,0.0,0.0,34.19043263003017,-0.7312813804488367,34.19043268616552,-0.7312787558794317,1.0,0.0,0.0,0.0,0.03419043263003017,-0.0007312813804488368,-0.03475970889016168,-0.000344398406760213,-0.03419043263003017,0.0007312813804488368,0.0003419043268682738,-7.312787618763562e-06,0.0002273719332610467,0.001082992574356258,-0.03453233695690062,0.0007385941675960447,-0.0002273719332610488,-0.001082992574356258,0.0003419043268616552,-7.312787558794318e-06
1,2154434.690031847,0.0,0.0,0.0,34.18918548310586,-0.759863072066135,34.18918553923917,-0.7598605464022548,1.0,0.0,0.0,0.0,0.03418918548310586,-0.000759863072066135,-0.03475971725271713,-0.0003578718799887282,-0.03418918548310586,0.000759863072066135,0.0003418918554009205,-7.598604669423709e-06,0.0002286399142231933,0.001125333557713327,-0.03453107733849393,0.0007674616777245993,-0.0002286399142231929,-0.001125333557713327,0.0003418918553923917,-7.598605464022548e-06
1,2238721.138568301,0.0,0.0,0.0,34.18783894694268,-0.7895595666420636,34.1878390030738,-0.7895571361635743,1.0,0.0,0.0,0.0,0.03418783894694268,-0.0007895595666420637,-0.03475972628171214,-0.000371872443877129,-0.03418783894694268,0.0007895595666420637,0.0003418783900301022,-7.895570753574326e-06,0.0002300089447335849,0.001169327581658544,-0.03452971733697856,0.0007974551377814145,-0.0002300089447335868,-0.001169327581658543,0.000341878390030738,-7.895571361635743e-06
1,2326305.067153586,0.0,0.0,0.0,34.18638510975162,-0.820414064433603,34.18638516588037,-0.8204117255605712,1.0,0.0,0.0,0.0,0.03418638510975162,-0.000820414064433603,-0.03475973603019799,-0.0003864207166520853,-0.03418638510975162,0.000820414064433603,0.0003418638516413064,-8.204117826968993e-06,0.0002314870687835433,0.001215038898173562,-0.03452824896141445,0.0008286181815214765,-0.0002314870687835438,-0.001215038898173562,0.0003418638516588037,-8.204117255605712e-06
1,2417315.480804062,0.0,0.0,0.0,34.18481543129535,-0.8524714076102028,34.18481548742152,-0.8524691568976224,1.0,0.0,0.0,0.0,0.03418481543129535,-0.0008524714076102028,-0.03475974655543996,-0.0004015381228526838,-0.03418481543129535,0.0008524714076102028,0.0003418481548731783,-8.524691145573918e-06,0.0002330829692679121,0.001262534221932361,-0.03452666358617205,0.0008609960990796773,-0.0002330829692679115,-0.001262534221932361,0.0003418481548742152,-8.524691568976224e-06
1,2511886.431509537,0.0,0.0,0.0,34.18312069336687,-0.8857781352432949,34.18312074949028,-0.8857759693760131,1.0,0.0,0.0,0.0,0.03418312069336687,-0.0008857781352432949,-0.03475975791924932,-0.0004172469248085058,-0.03418312069336687,0.0008857781352432949,0.0003418312074871612,-8.857760468509233e-06,0.0002348060184058387,0.001311882820451614,-0.03452495190084347,0.0008946358956431078,-0.0002348060184058434,-0.001311882820451614,0.0003418312074949028,-8.857759693760131e-06
1,2610157.215682491,0.0,0.0,0.0,34.18129094604581,-0.9203825467406153,34.18129100216623,-0.9203804625284493,1.0,0.0,0.0,0.0,0.03418129094604581,-0.0009203825467406153,-0.03475977018834382,-0.0004335702554019542,-0.03418129094604581,0.0009203825467406153,0.0003418129100058854,-9.203804709398358e-06,0.0002366663322828049,0.00136315660700776,-0.03452310385606101,0.0009295863516058061,-0.0002366663322828089,-0.00136315660700776,0.0003418129100216623,-9.203804625284493e-06
1,2712272.579331981,0.0,0.0,0.0,34.17931545025122,-0.95633475739231,34.17931550636839,-0.9563327517653475,1.0,0.0,0.0,0.0,0.03417931545025122,-0.00095633475739231,-0.03475978343473274,-0.0004505321520284643,-0.03417931545025122,0.00095633475739231,0.0003417931550917196,-9.563326589475493e-06,0.0002386748294016334,0.001416430236359467,-0.03452110860533109,0.0009658980843310028,-0.0002386748294016389,-0.001416430236359467,0.0003417931550636839,-9.563327517653475e-06
1,2818382.931264404,0.0,0.0,0.0,34.17718261541729,-0.9936867630357026,34.17718267153098,-0.9936848330397808,1.0,0.0,0.0,0.0,0.03417718261541729,-0.0009936867630357027,-0.03475979773613477,-0.0004681575919437049,-0.03417718261541729,0.0009936867630357027,0.0003417718267234054,-9.93684815277696e-06,0.0002408432940007627,0.00147178120326145,-0.03451895444213401,0.001003623611317745,-0.0002408432940007657,-0.00147178120326145,0.0003417718267153098,-9.936848330397809e-06
1,2928644.564625185,0.0,0.0,0.0,34.17487993219069,-1.032492507951173,34.1748799883006,-1.032490650743526,1.0,0.0,0.0,0.0,0.03417487993219069,-0.001032492507951173,-0.03475981317642958,-0.0004864725290009641,-0.03417487993219069,0.001032492507951173,0.0003417487999093965,-1.032490627080103e-05,0.0002431844443652636,0.001529289943770146,-0.03451662873206431,0.001042817414769181,-0.0002431844443652603,-0.001529289943770145,0.000341748799883006,-1.032490650743526e-05
1,3043219.887107668,0.0,0.0,0.0,34.17239390041458,-1.072807945328891,34.17239395652042,-1.072806158173964,1.0,0.0,0.0,0.0,0.03417239390041458,-0.001072807945328891,-0.03475982984614041,-0.0005055039317447671,-0.03417239390041458,0.001072807945328891,0.0003417239395355907,-1.072806189205358e-05,0.0002457120061821906,0.001589039939342304,-0.03451411783995822,0.001083536007597537,-0.0002457120061821888,-0.001589039939342304,0.0003417239395652042,-1.072806158173964e-05
1,3162277.660168324,0.0,0.0,0.0,34.16970995110106,-1.114691106292534,34.1697100072025,-1.114689386557951,1.0,0.0,0.0,0.0,0.03416970995110107,-0.001114691106292533,-0.03475984784295744,-0.0005252798230475748,-0.03416970995110107,0.001114691106292533,0.0003416971000310308,-1.11468944910058e-05,0.000248440791799396,0.001651117823666866,-0.03451140705115804,0.001125838000619291,-0.0002484407917993994,-0.001651117823666866,0.0003416971000720251,-1.114689386557951e-05
1,3285993.247600596,0.0,0.0,0.0,34.16681236269949,-1.158202164867122,34.16681241879618,-1.158200510019812,1.0,0.0,0.0,0.0,0.03416681236269949,-0.001158202164867122,-0.0347598672722991,-0.0005458293212439085,-0.03416681236269949,0.001158202164867122,0.00034166812417762,-1.15820052461302e-05,0.0002513867854451585,0.001715613492199773,-0.03450848048685394,0.001169784170955865,-0.0002513867854451596,-0.001715613492199773,0.0003416681241879618,-1.158200510019812e-05
1,3414548.873833541,0.0,0.0,0.0,34.16368417037268,-1.203403511958377,34.16368422646423,-1.203401919560839,1.0,0.0,0.0,0.0,0.03416368417037267,-0.001203403511958377,-0.03475988824792063,-0.0005671826829292969,-0.03416368417037267,0.001203403511958377,0.0003416368422084915,-1.203401934627331e-05,0.0002545672352909938,0.00178262021430165,-0.03450532101262963,0.001215437531372353,-0.0002545672352909992,-0.00178262021430165,0.0003416368422646423,-1.203401919560839e-05
1,3548133.892335691,0.0,0.0,0.0,34.16030706912774,-1.25035981806733,34.16030712521376,-1.250358285774045,1.0,0.0,0.0,0.0,0.03416030706912774,-0.00125035981806733,-0.03475991089256333,-0.0005893713473201594,-0.03416030706912774,0.00125035981806733,0.0003416030712477123,-1.250358234512145e-05,0.0002580007521717692,0.001852234747925952,-0.03450191014039156,0.001262863400605792,-0.0002580007521717706,-0.001852234747925952,0.0003416030712521376,-1.250358285774045e-05
1,3686945.06451951,0.0,0.0,0.0,34.15666130879231,-1.299138107256513,34.15666136487235,-1.299136632810488,1.0,0.0,0.0,0.0,0.03415666130879231,-0.001299138107256513,-0.03475993533865894,-0.0006124279824244437,-0.03415666130879231,0.001299138107256513,0.0003415666136002654,-1.299136698463655e-05,0.0002617074162435572,0.001924557456683384,-0.03449822792241538,0.00131212947425894,-0.0002617074162435604,-0.001924557456683383,0.0003415666136487235,-1.299136632810488e-05
1,3831186.849557219,0.0,0.0,0.0,34.15272558085108,-1.34980783247901,34.15272563692466,-1.349806413708452,1.0,0.0,0.0,0.0,0.03415272558085108,-0.00134980783247901,-0.03475996172908868,-0.0006363865330094612,-0.03415272558085108,0.00134980783247901,0.0003415272564062407,-1.349806270655222e-05,0.0002657088918492833,0.001999692429143106,-0.03449425283723939,0.001363305896133644,-0.0002657088918492853,-0.001999692429143106,0.0003415272563692466,-1.349806413708452e-05
1,3981071.705534901,0.0,0.0,0.0,34.14847689803089,-1.40244093381017,34.1484769540975,-1.402439568625288,1.0,0.0,0.0,0.0,0.03414847689803089,-0.00140244093381017,-0.03475999021799001,-0.000661282270285658,-0.03414847689803089,0.00140244093381017,0.0003414847695085209,-1.402439622552035e-05,0.0002700285504369374,0.002077747600239863,-0.03448996166755306,0.001416465329954205,-0.0002700285504369376,-0.002077747600239863,0.000341484769540975,-1.402439568625289e-05
1,4136820.402388433,0.0,0.0,0.0,34.14389046250754,-1.457111924755506,34.14389051856663,-1.457110611145433,1.0,0.0,0.0,0.0,0.03414389046250754,-0.001457111924755506,-0.03476002097164119,-0.0006871518437502279,-0.03414389046250754,0.001457111924755506,0.0003414389051817327,-1.457110707857447e-05,0.0002746916039395377,0.002158834874419136,-0.03448532936770166,0.001471683030668908,-0.0002746916039395378,-0.002158834874419135,0.0003414389051856663,-1.457110611145433e-05
1,4298662.3470822,0.0,0.0,0.0,34.13893952644715,-1.513897950047258,34.13893958249811,-1.513896686077085,1.0,0.0,0.0,0.0,0.03413893952644716,-0.001513897950047258,-0.03476005416939575,-0.0007140333348020383,-0.03413893952644716,0.001513897950047258,0.0003413893959510625,-1.513896687719658e-05,0.0002797252470662759,0.002243070250417063,-0.03448032892232948,0.001529036915615024,-0.0002797252470662717,-0.002243070250417063,0.0003413893958249811,-1.513896686077086e-05
1,4466835.921509551,0.0,0.0,0.0,34.13359524089524,-1.572878857138728,34.13359529693743,-1.57287764094666,1.0,0.0,0.0,0.0,0.03413359524089524,-0.001572878857138728,-0.03476009000469573,-0.0007419663125533862,-0.03413359524089524,0.001572878857138728,0.0003413359529403371,-1.572877728860934e-05,0.0002851588108826381,0.002330573947219712,-0.03447493119381308,0.001588607634666326,-0.0002851588108826394,-0.002330573947219712,0.0003413359529693743,-1.57287764094666e-05
1,4641588.833612694,0.0,0.0,0.0,34.12782649232745,-1.634137276928291,34.12782654836018,-1.634136106722897,1.0,0.0,0.0,0.0,0.03412782649232745,-0.001634137276928291,-0.03476012868616856,-0.000770991891884122,-0.03412782649232745,0.001634137276928291,0.0003412782654430215,-1.63413630900308e-05,0.0002910239284019197,0.00242147053080721,-0.03446910475776663,0.001650478638923089,-0.0002910239284019261,-0.002421470530807211,0.0003412782654836018,-1.634136106722897e-05
1,4823178.482239218,0.0,0.0,0.0,34.12159972960516,-1.697758675055362,34.12159978562765,-1.697757549112938,1.0,0.0,0.0,0.0,0.03412159972960516,-0.001697758675055362,-0.03476017043878642,-0.0008011527935062093,-0.03412159972960516,0.001697758675055362,0.0003412159978866334,-1.697757411802279e-05,0.0002973547111928875,0.002515889041397848,-0.03446281572759353,0.001714736247891639,-0.000297354711192889,-0.002515889041397848,0.0003412159978562765,-1.697757549112938e-05
1,5011872.336272631,0.0,0.0,0.0,34.11487877721705,-1.763831411918438,34.11487883322852,-1.763830328580469,1.0,0.0,0.0,0.0,0.03411487877721705,-0.001763831411918438,-0.03476021550511812,-0.0008324934064408206,-0.03411487877721705,0.001763831411918438,0.0003411487884046922,-1.763830327485483e-05,0.0003041879395111155,0.002613963120529603,-0.03445602756560701,0.001781469714088782,-0.0003041879395111191,-0.002613963120529603,0.0003411487883322852,-1.763830328580469e-05
1,5207948.328595368,0.0,0.0,0.0,34.10762463216831,-1.832446824699425,34.10762468816787,-1.832445782370139,1.0,0.0,0.0,0.0,0.03410762463216831,-0.001832446824699425,-0.03476026414669264,-0.0008650598531095865,-0.03410762463216831,0.001832446824699425,0.000341076246812956,-1.832445983612728e-05,0.0003115632677305652,0.002715831137269173,-0.03444870087896207,0.001850771284159586,-0.0003115632677305608,-0.002715831137269173,0.0003410762468816788,-1.832445782370139e-05
1,5411695.265464537,0.0,0.0,0.0,34.09979524927434,-1.903699273542637,34.09979530526104,-1.903698270686653,1.0,0.0,0.0,0.0,0.03409979524927434,-0.001903699273542637,-0.03476031664543802,-0.0008989000566611145,-0.03409979524927434,0.001903699273542637,0.0003409979530956475,-1.903698189624823e-05,0.0003195234431237398,0.002821636313137467,-0.03444079320231427,0.001922736256476353,-0.0003195234431237412,-0.002821636313137467,0.0003409979530526104,-1.903698270686653e-05
1,5623413.251903387,0.0,0.0,0.0,34.09134531109364,-1.977686183078442,34.09134536706647,-1.977685218218509,1.0,0.0,0.0,0.0,0.03409134531109364,-0.001977686183078442,-0.03476037330522324,-0.000934063810888916,-0.03409134531109364,0.001977686183078442,0.0003409134537170205,-1.977685187899125e-05,0.000328114540382554,0.00293152684483297,-0.03443225876484068,0.001997463033944054,-0.0003281145403825556,-0.002931526844832969,0.0003409134536706648,-1.977685218218509e-05
1,5843414.133735067,0.0,0.0,0.0,34.08222597905922,-2.054508098866217,34.08222603501709,-2.054507170581036,1.0,0.0,0.0,0.0,0.03408222597905922,-0.002054508098866217,-0.03476043445352765,-0.0009706028530056393,-0.03408222597905922,0.002054508098866217,0.0003408222605212852,-2.054507119672552e-05,0.0003373862141255079,0.003045656023697953,-0.03442304823940214,0.002075053170692314,-0.000337386214125511,-0.003045656023697953,0.0003408222603501709,-2.054507170581036e-05
1,6072021.956909773,0.0,0.0,0.0,34.07238462726462,-2.134268732758664,34.07238468320633,-2.134267839680793,1.0,0.0,0.0,0.0,0.03407238462726462,-0.002134268732758664,-0.03476050044322666,-0.001008570939168431,-0.03407238462726462,0.002134268732758664,0.0003407238467041577,-2.13426799818863e-05,0.0003473919691731888,0.003164182351013767,-0.03441310847405347,0.002155611411845336,-0.0003473919691731955,-0.003164182351013768,0.0003407238468320633,-2.134267839680793e-05
1,6309573.444801815,0.0,0.0,0.0,34.06176455946487,-2.217074984385837,34.06176461538914,-2.217074125199673,1.0,0.0,0.0,0.0,0.03406176455946487,-0.002217074984385837,-0.03476057165448846,-0.001048023922762911,-0.03406176455946487,0.002217074984385837,0.0003406176460471102,-2.217074214180409e-05,0.0003581894488473478,0.003287269648057374,-0.03440238220564111,0.002239245725294463,-0.00035818944884735,-0.003287269648057374,0.0003406176461538915,-2.217074125199673e-05
1,6556418.494179667,0.0,0.0,0.0,34.05030470544326,-2.303036961678107,34.05030476134872,-2.303036135117948,1.0,0.0,0.0,0.0,0.03405030470544326,-0.002303036961678107,-0.03476064849680982,-0.001089019835751289,-0.03405030470544326,0.002303036961678107,0.0003405030475677954,-2.303036170597758e-05,0.0003698407437968364,0.003415087159427756,-0.03439080775301297,0.002326067323676467,-0.0003698407437968398,-0.003415087159427756,0.0003405030476134872,-2.303036135117948e-05
1,6812920.690579485,0.0,0.0,0.0,34.03793929486606,-2.392268002287093,34.03793935075122,-2.392267207135271,1.0,0.0,0.0,0.0,0.03403793929486607,-0.002392268002287093,-0.03476073141120409,-0.001131618973221993,-0.03403793929486607,0.002392268002287093,0.0003403793935727157,-2.392266959513232e-05,0.000382412722864638,0.003547809648065935,-0.03437831868833945,0.002416190674843941,-0.0003824127228646418,-0.003547809648065934,0.0003403793935075122,-2.392267207135271e-05
1,7079457.843841247,0.0,0.0,0.0,34.0245975120591,-2.484884659923646,34.02459756792235,-2.484883895008732,1.0,0.0,0.0,0.0,0.03402459751205909,-0.002484884659923647,-0.03476082087251495,-0.00117588398097215,-0.03402459751205909,0.002484884659923647,0.0003402459757934936,-2.48488385623507e-05,0.0003959773848300212,0.003685617480576957,-0.03436484348768492,0.002509733499604807,-0.0003959773848300208,-0.003685617480576957,0.0003402459756792235,-2.484883895008732e-05
1,7356422.544596274,0.0,0.0,0.0,34.01020312514189,-2.581006694804036,34.01020318098151,-2.581005958999109,1.0,0.0,0.0,0.0,0.03401020312514189,-0.002581006694804036,-0.03476091739190394,-0.001221879946577145,-0.03401020312514189,0.002581006694804036,0.0003401020318017918,-2.581005894570155e-05,0.0004106122349226199,0.003828696700581028,-0.03435030515698131,0.002606816754003884,-0.0004106122349226207,-0.003828696700581028,0.0003401020318098151,-2.581005958999109e-05
1,7644222.742525859,0.0,0.0,0.0,33.99467409307373,-2.68075703178315,33.99467414888786,-2.680756324004137,1.0,0.0,0.0,0.0,0.03399467409307373,-0.00268075703178315,-0.03476102151948463,-0.001269674493785558,-0.03399467409307373,0.00268075703178315,0.0003399467414642838,-2.680756299694318e-05,0.0004264006848800938,0.003977239088277162,-0.03433462083460453,0.002707564594491603,-0.0004264006848800905,-0.003977239088277162,0.0003399467414888786,-2.680756324004137e-05
1,7943282.347242665,0.0,0.0,0.0,33.97792214522983,-2.784261713472213,33.97792220101645,-2.784261032676285,1.0,0.0,0.0,0.0,0.03397792214522983,-0.002784261713472213,-0.03476113384714249,-0.001319337880607097,-0.03397792214522983,0.002784261713472213,0.000339779222216249,-2.784260906497587e-05,0.0004434324798291454,0.004131442203510877,-0.03431770136731334,0.002812104322903781,-0.0004434324798291492,-0.004131442203510877,0.0003397792220101645,-2.784261032676285e-05
1,8254041.852680027,0.0,0.0,0.0,33.95985233670832,-2.891649817086831,33.95985239246528,-2.891649162270867,1.0,0.0,0.0,0.0,0.03395985233670833,-0.002891649817086831,-0.03476125501151604,-0.001370943100985698,-0.03395985233670833,0.002891649817086831,0.0003395985240735689,-2.891649122806804e-05,0.0004618041509084552,0.004291509409993519,-0.03429945086060757,0.002920566309007821,-0.0004618041509084556,-0.004291509409993519,0.0003395985239246528,-2.891649162270867e-05
1,8576958.985908778,0.0,0.0,0.0,33.94036257404069,-3.00305335976002,33.94036262976564,-3.003052729959121,1.0,0.0,0.0,0.0,0.03394036257404069,-0.00300305335976002,-0.03476138569717799,-0.001424565990416459,-0.03394036257404069,0.00300305335976002,0.0003394036261123017,-3.003052445139128e-05,0.0004816194968286352,0.004457649877351723,-0.03427976620034934,0.003033083886935264,-0.0004816194968286364,-0.004457649877351724,0.0003394036262976565,-3.003052729959122e-05
1,8912509.381337285,0.0,0.0,0.0,33.91934311502377,-3.11860716049046,33.91934317071421,-3.118606554776524,1.0,0.0,0.0,0.0,0.03391934311502377,-0.00311860716049046,-0.03476152663998831,-0.001480285335406281,-0.03391934311502377,0.00311860716049046,0.0003391934319610794,-3.11860619223877e-05,0.0005029900929478316,0.004630078558077595,-0.03425853654704047,0.003149793222671314,-0.0005029900929478387,-0.004630078558077595,0.0003391934317071422,-3.118606554776524e-05
1,9261187.281287758,0.0,0.0,0.0,33.89667604012707,-3.238448667806884,33.8966760957803,-3.238448085287235,1.0,0.0,0.0,0.0,0.03389667604012707,-0.003238448667806884,-0.03476167863063735,-0.001538182987021145,-0.03389667604012707,0.003238448667806884,0.000338966761008734,-3.23844794506722e-05,0.0005260358295446005,0.004809016135598544,-0.03423564280109274,0.003270833148577399,-0.0005260358295446008,-0.004809016135598544,0.000338966760957803,-3.238448085287236e-05
1,9623506.263980702,0.0,0.0,0.0,33.87223468761973,-3.362717785771351,33.87223474323284,-3.362717225587418,1.0,0.0,0.0,0.0,0.03387223468761973,-0.003362717785771352,-0.03476184251843728,-0.001598343978963925,-0.03387223468761973,0.003362717785771352,0.0003387223471450663,-3.362717319724491e-05,0.0005508854835551735,0.004994688938703033,-0.0342109570348821,0.003396344959739108,-0.000550885483555176,-0.004994688938703033,0.0003387223474323284,-3.362717225587418e-05
1,10000000.0,0.0,0.0,0.0,33.84588306841935,-3.491556605907272,33.84588312398919,-3.491556067233312,1.0,0.0,0.0,0.0,0.03384588306841935,-0.003491556605907272,-0.03476201921524223,-0.001660856649604692,-0.03384588306841935,0.003491556605907272,0.0003384588308697404,-3.491556151614206e-05,0.0005776773159146678,0.005187328819399413,-0.03418434189932756,0.003526472169794721,-0.0005776773159146681,-0.005187328819399413,0.0003384588312398919,-3.491556067233313e-05
2,10.0,0.0,0.0,0.0,72.96063542587261,-0.02457346539221141,72.94254996097138,1.136343273409402,1.0,0.0,0.0,0.0,0.03316392519357846,-1.116975699645973e-05,-0.03410482038303277,-2.032322532197096e-07,-0.03316392519357846,1.116975699645973e-05,0.0007294254996097138,1.136343273409405e-05,0.0002114696898445884,9.556515587590193e-09,-0.03389335069318818,-1.936757376321194e-07,-0.00021146968984459,-9.556515587590195e-09,0.0007294254996097139,1.136343273409402e-05
2,10.39122303835169,0.0,0.0,0.0,72.96060716787515,-0.02365000233442705,72.94385759959553,1.093578976614377,1.0,0.0,0.0,0.0,0.03316391234903416,-1.07500010611032e-05,-0.03410482061487487,-1.957190922356892e-07,-0.03316391234903416,1.07500010611032e-05,0.0007294385759959553,1.093578976614962e-05,0.0002114696898447534,9.930387189196746e-09,-0.03389335092503012,-1.857887050464925e-07,-0.0002114696898447496,-9.930387189196758e-09,0.0007294385759959554,1.093578976614377e-05
2,10.7977516232771,0.0,0.0,0.0,72.96058099671076,-0.02276131144702838,72.9450686700318,1.052422547013482,1.0,0.0,0.0,0.0,0.03316390045305034,-1.034605065774017e-05,-0.03410482082959559,-1.884936979482481e-07,-0.03316390045305034,1.034605065774017e-05,0.0007294506867003181,1.052422547013313e-05,0.0002114696898449286,1.031888555827886e-08,-0.03389335113975066,-1.781748123899692e-07,-0.00021146968984493,-1.031888555827887e-08,0.0007294506867003181,1.052422547013482e-05
2,11.22018454301963,0.0,0.0,0.0,72.96055675833011,-0.02190609055892057,72.94619030091178,1.01281367912035,1.0,0.0,0.0,0.0,0.0331638894356046,-9.95731389041844e-06,-0.03410482102845884,-1.815454837165439e-07,-0.0331638894356046,9.95731389041844e-06,0.000729461903009118,1.012813679120606e-05,0.000211469689845115,1.072258292583463e-08,-0.03389335133861372,-1.708229007907093e-07,-0.0002114696898451174,-1.072258292583465e-08,0.0007294619030091178,1.01281367912035e-05
2,11.65914401179831,0.0,0.0,0.0,72.96053431004701,-0.02108308605788545,72.94722909504098,0.9746943126588823,1.0,0.0,0.0,0.0,0.03316387923183955,-9.583220935402478e-06,-0.03410482121263527,-1.748642650945076e-07,-0.03316387923183955,9.583220935402478e-06,0.00072947229095041,9.74694312658894e-06,0.0002114696898453137,1.114207390992603e-08,-0.03389335152278996,-1.637221911845816e-07,-0.0002114696898453117,-1.114207390992603e-08,0.0007294722909504099,9.746943126588824e-06
2,12.11527658628588,0.0,0.0,0.0,72.96051351970125,-0.02029109112479187,72.94819116812691,0.9380085507638779,1.0,0.0,0.0,0.0,0.03316386978168238,-9.22322323854176e-06,-0.03410482138320919,-1.684402454919147e-07,-0.03316386978168238,9.22322323854176e-06,0.0007294819116812694,9.380085507642164e-06,0.0002114696898455259,1.157797639150984e-08,-0.03389335169336366,-1.568622691004048e-07,-0.0002114696898455268,-1.157797639150984e-08,0.0007294819116812691,9.380085507638779e-06
2,12.58925411794167,0.0,0.0,0.0,72.96049426488354,-0.01952894402741682,72.94908218466367,0.9027025809649789,1.0,0.0,0.0,0.0,0.03316386102949252,-8.876792739734919e-06,-0.03410482154118491,-1.62264002330339e-07,-0.03316386102949252,8.876792739734919e-06,0.0007294908218466366,9.027025809642796e-06,0.0002114696898457528,1.203093242453328e-08,-0.03389335185133915,-1.502330699058057e-07,-0.0002114696898457558,-1.203093242453329e-08,0.0007294908218466367,9.02702580964979e-06
2,13.08177474260194,0.0,0.0,0.0,72.96047643221662,-0.01879552647346262,72.94990739117915,0.8687245988801777,1.0,0.0,0.0,0.0,0.03316385292373483,-8.543421124301192e-06,-0.03410482168749262,-1.56326473690815e-07,-0.03316385292373483,8.543421124301192e-06,0.0007294990739117917,8.687245988814453e-06,0.0002114696898459957,1.25016091816347e-08,-0.03389335199764662,-1.438248645091803e-07,-0.0002114696898459986,-1.25016091816347e-08,0.0007294990739117916,8.687245988801778e-06
2,13.59356390878525,0.0,0.0,0.0,72.9604599166899,-0.0180897620199516,72.9506716470394,0.8360247345468018,1.0,0.0,0.0,0.0,0.03316384541667722,-8.222619099978e-06,-0.03410482182299389,-1.50618945430318e-07,-0.03316384541667722,8.222619099978e-06,0.0007295067164703942,8.360247345485386e-06,0.0002114696898462561,1.299069993684237e-08,-0.03389335213314763,-1.376282454934756e-07,-0.0002114696898462554,-1.299069993684235e-08,0.0007295067164703941,8.360247345468019e-06
2,14.12537544622754,0.0,0.0,0.0,72.96044462104258,-0.01741061453882747,72.9513794529872,0.8045549813148585,1.0,0.0,0.0,0.0,0.03316383846411027,-7.913915699467031e-06,-0.03410482194848668,-1.451330387659084e-07,-0.03316383846411027,7.913915699467031e-06,0.000729513794529872,8.045549813149248e-06,0.0002114696898465355,1.349892508671881e-08,-0.03389335225864014,-1.316341136791896e-07,-0.0002114696898465399,-1.349892508671881e-08,0.000729513794529872,8.045549813148585e-06
2,14.67799267622069,0.0,0.0,0.0,72.96043045519232,-0.01675708673586938,72.9520349775817,0.7742691272303655,1.0,0.0,0.0,0.0,0.03316383202508742,-7.616857607213355e-06,-0.03410482206471008,-1.398606983030492e-07,-0.03316383202508742,7.616857607213355e-06,0.000729520349775817,7.742691272296725e-06,0.0002114696898468356,1.402703321145469e-08,-0.03389335237486324,-1.258336650915945e-07,-0.0002114696898468382,-1.402703321145469e-08,0.0007295203497758171,7.742691272303655e-06
2,15.25222956539018,0.0,0.0,0.0,72.96041733570593,-0.0161282187220527,72.95264208169277,0.7451226888345699,1.0,0.0,0.0,0.0,0.03316382606168451,-7.331008510023952e-06,-0.03410482217234861,-1.347941805012585e-07,-0.03316382606168451,7.331008510023952e-06,0.0007295264208169278,7.451226888339567e-06,0.0002114696898471581,1.457580217747521e-08,-0.03389335248250144,-1.202183783237833e-07,-0.0002114696898471644,-1.457580217747522e-08,0.0007295264208169278,7.4512268883457e-06
2,15.84893192461113,0.0,0.0,0.0,72.96040518530901,-0.01552308663574088,72.95320434119229,0.7170728473062721,1.0,0.0,0.0,0.0,0.03316382053877683,-7.055948470791307e-06,-0.03410482227203626,-1.299260425641155e-07,-0.03316382053877683,7.055948470791307e-06,0.0007295320434119229,7.170728473057996e-06,0.0002114696898475049,1.51460402831832e-08,-0.03389335258218875,-1.147800022809323e-07,-0.0002114696898475113,-1.514604028318319e-08,0.000729532043411923,7.170728473062721e-06
2,16.46897865482867,0.0,0.0,0.0,72.96039393243173,-0.01494080131381105,72.95372506797486,0.6900783868755558,1.0,0.0,0.0,0.0,0.0331638154238326,-6.791273324459568e-06,-0.03410482236436024,-1.252491317383399e-07,-0.0331638154238326,6.791273324459568e-06,0.0007295372506797487,6.900783868756269e-06,0.0002114696898478782,1.573858744952618e-08,-0.03389335267451236,-1.095105442888138e-07,-0.0002114696898478791,-1.573858744952619e-08,0.0007295372506797486,6.900783868755558e-06
2,17.11328304161779,0.0,0.0,0.0,72.96038351078793,-0.01438050701078897,72.95420732943055,0.6640996354372152,1.0,0.0,0.0,0.0,0.03316381068672179,-6.536594095813168e-06,-0.03410482244986437,-1.207565750146583e-07,-0.03316381068672179,6.536594095813168e-06,0.0007295420732943054,6.64099635437287e-06,0.00021146968984828,1.635431645714142e-08,-0.0338933527600161,-1.044022585575169e-07,-0.0002114696898482815,-1.63543164571414e-08,0.0007295420732943055,6.640996354372152e-06
2,17.78279410038921,0.0,0.0,0.0,72.96037385898542,-0.01384138016351519,72.95465396648322,0.6390984072948811,1.0,0.0,0.0,0.0,0.03316380629953883,-6.291536437961449e-06,-0.03410482252905237,-1.164417692104334e-07,-0.03316380629953883,6.291536437961449e-06,0.0007295465396648324,6.390984072938269e-06,0.0002114696898487127,1.699413423190091e-08,-0.03389335283920365,-9.94476349785325e-08,-0.0002114696898487117,-1.699413423190091e-08,0.0007295465396648323,6.390984072948812e-06
2,18.47849797422289,0.0,0.0,0.0,72.96036492016479,-0.01332262820107491,72.95506761029986,0.6150379479658827,1.0,0.0,0.0,0.0,0.03316380223643854,-6.055740091397686e-06,-0.03410482260239072,-1.122983714321835e-07,-0.03316380223643854,6.055740091397686e-06,0.0007295506761029989,6.150379479662227e-06,0.000211469689849179,1.765898318074993e-08,-0.03389335291254154,-9.463938825143356e-08,-0.0002114696898491766,-1.765898318074993e-08,0.0007295506761029987,6.150379479658828e-06
2,19.201419386388,0.0,0.0,0.0,72.96035664166504,-0.0128234883974836,72.95545069776871,0.5918828809805126,1.0,0.0,0.0,0.0,0.03316379847348411,-5.828858362492547e-06,-0.03410482267031149,-1.083202898977484e-07,-0.03316379847348411,5.828858362492547e-06,0.0007295545069776872,5.918828809808385e-06,0.0002114696898496814,1.834984257980672e-08,-0.0338933529804618,-8.997044731794172e-08,-0.0002114696898496832,-1.834984257980673e-08,0.0007295545069776871,5.918828809805126e-06
2,19.95262314968878,0.0,0.0,0.0,72.96034897471371,-0.01234322676621178,72.95580548583632,0.5695991566092182,1.0,0.0,0.0,0.0,0.03316379498850623,-5.610557621005355e-06,-0.03410482273321482,-1.045016751109288e-07,-0.03316379498850623,5.610557621005355e-06,0.0007295580548583632,5.695991566092171e-06,0.0002114696898502231,1.906773001676792e-08,-0.03389335304336458,-8.543394509416086e-08,-0.0002114696898502244,-1.906773001676791e-08,0.0007295580548583632,5.695991566092183e-06
2,20.73321573485953,0.0,0.0,0.0,72.96034187413977,-0.01188113699526544,72.95613406478778,0.5481540024531428,1.0,0.0,0.0,0.0,0.03316379176097262,-5.400516816029745e-06,-0.03410482279147131,-1.00836911378428e-07,-0.03316379176097262,5.400516816029745e-06,0.0007295613406478777,5.481540024535906e-06,0.0002114696898508072,1.981370288974424e-08,-0.0338933531016205,-8.102320848868374e-08,-0.0002114696898508073,-1.981370288974424e-08,0.0007295613406478778,5.481540024531429e-06
2,21.54434690031881,0.0,0.0,0.0,72.96033529810805,-0.01143653942123897,72.95643837054803,0.527515875835318,1.0,0.0,0.0,0.0,0.03316378877186729,-5.198427009654076e-06,-0.03410482284542422,-9.732060865648224e-08,-0.03316378877186729,5.198427009654076e-06,0.0007295643837054802,5.275158758344518e-06,0.0002114696898514372,2.058885996473415e-08,-0.03389335315557278,-7.673174869174809e-08,-0.0002114696898514387,-2.058885996473415e-08,0.0007295643837054803,5.27515875835318e-06
2,22.38721138568337,0.0,0.0,0.0,72.96032920787277,-0.01100878004072481,72.95672019607562,0.5076544179314556,1.0,0.0,0.0,0.0,0.03316378600357853,-5.003990927602185e-06,-0.03410482289539141,-9.394759471431085e-08,-0.03316378600357853,5.003990927602185e-06,0.0007295672019607563,5.076544179317658e-06,0.0002114696898521166,2.139434299402951e-08,-0.03389335320553929,-7.255325172028133e-08,-0.0002114696898521187,-2.139434299402952e-08,0.0007295672019607563,5.076544179314557e-06
2,23.26305067153623,0.0,0.0,0.0,72.96032356754965,-0.01059722955850268,72.95698120191659,0.488540409579895,1.0,0.0,0.0,0.0,0.03316378343979529,-4.816922526592127e-06,-0.03410482294166731,-9.071290761005566e-08,-0.03316378343979529,4.816922526592127e-06,0.0007295698120191658,4.885404095792141e-06,0.0002114696898528497,2.223133839793707e-08,-0.03389335325181446,-6.848156921211859e-08,-0.0002114696898528542,-2.223133839793708e-08,0.000729569812019166,4.88540409579895e-06
2,24.17315480804101,0.0,0.0,0.0,72.96031834390455,-0.01020128247092813,72.95722292597948,0.4701457287129209,1.0,0.0,0.0,0.0,0.03316378106541116,-4.636946577694605e-06,-0.03410482298452459,-8.761178846666427e-08,-0.03316378106541116,4.636946577694605e-06,0.0007295722292597949,4.701457287131013e-06,0.0002114696898536406,2.310107901229281e-08,-0.03389335329467095,-6.451070945437145e-08,-0.0002114696898536383,-2.310107901229282e-08,0.0007295722292597949,4.701457287129209e-06
2,25.11886431509577,0.0,0.0,0.0,72.96031350615783,-0.009820356182773582,72.95744679258954,0.4524433093535041,1.0,0.0,0.0,0.0,0.03316377886643538,-4.463798264897082e-06,-0.03410482302421577,-8.463967453382167e-08,-0.03316377886643538,4.463798264897082e-06,0.0007295744679258954,4.524433093521485e-06,0.0002114696898544941,2.400484590434311e-08,-0.03389335333436128,-6.063482862947857e-08,-0.0002114696898544918,-2.400484590434311e-08,0.0007295744679258954,4.524433093535042e-06
2,26.10157215682533,0.0,0.0,0.0,72.96030902580327,-0.00945389015764991,72.95765412087482,0.4354071021213033,1.0,0.0,0.0,0.0,0.03316377682991058,-4.297222798931777e-06,-0.03410482306097474,-8.179219253743406e-08,-0.03316377682991058,4.297222798931777e-06,0.0007295765412087482,4.354071021180501e-06,0.0002114696898554151,2.494397025966746e-08,-0.03389335337111932,-5.684822227776659e-08,-0.0002114696898554147,-2.494397025966747e-08,0.0007295765412087483,4.354071021213034e-06
2,27.12272579332025,0.0,0.0,0.0,72.96030487643996,-0.009101345099024816,72.95784613253332,0.4190120361965342,1.0,0.0,0.0,0.0,0.03316377494383635,-4.13697504501128e-06,-0.0341048230950181,-7.906515229265558e-08,-0.03316377494383635,4.13697504501128e-06,0.0007295784613253333,4.190120361978863e-06,0.0002114696898564091,2.591983534292193e-08,-0.03389335340516168,-5.314531694973365e-08,-0.0002114696898564139,-2.591983534292193e-08,0.0007295784613253332,4.190120361965342e-06
2,28.1838293126445,0.0,0.0,0.0,72.96030103361713,-0.008762202162636595,72.95802395902746,0.4032339826881803,1.0,0.0,0.0,0.0,0.03316377319709869,-3.982819164834816e-06,-0.03410482312654645,-7.645454058750036e-08,-0.03316377319709869,3.982819164834816e-06,0.0007295802395902747,4.03233982688084e-06,0.000211469689857482,2.693387853529153e-08,-0.03389335343668896,-4.952066205220884e-08,-0.0002114696898574894,-2.693387853529153e-08,0.0007295802395902747,4.032339826881803e-06
2,29.28644564625232,0.0,0.0,0.0,72.96029747468985,-0.008435962197755689,72.95818864824682,0.3880497193579844,1.0,0.0,0.0,0.0,0.03316377157940448,-3.834528271707131e-06,-0.03410482315574558,-7.39565153166458e-08,-0.03316377157940448,3.834528271707131e-06,0.0007295818864824682,3.880497193584154e-06,0.0002114696898586401,2.798759345165236e-08,-0.03389335346588693,-4.596892186499344e-08,-0.0002114696898586413,-2.798759345165236e-08,0.0007295818864824682,3.880497193579844e-06
2,30.43219887107717,0.0,0.0,0.0,72.96029417868594,-0.008122145017323812,72.95834117067996,0.3734368966506912,1.0,0.0,0.0,0.0,0.03316377008122088,-3.691884098783551e-06,-0.03410482318278757,-7.156739986620087e-08,-0.03316377008122088,3.691884098783551e-06,0.0007295834117067996,3.73436896650996e-06,0.0002114696898598902,2.908253214056219e-08,-0.03389335349292768,-4.248486772563867e-08,-0.0002114696898598903,-2.90825321405622e-08,0.0007295834117067996,3.734368966506913e-06
2,31.62277660168374,0.0,0.0,0.0,72.9602911261823,-0.007820288694892485,72.95848242513013,0.3593740049846945,1.0,0.0,0.0,0.0,0.03316376869371922,-3.554676679496584e-06,-0.03410482320783177,-6.928367773293779e-08,-0.03316376869371922,3.554676679496584e-06,0.0007295848242513012,3.593740049843589e-06,0.0002114696898612396,3.022030737031968e-08,-0.03389335351797052,-3.90633703626181e-08,-0.0002114696898612434,-3.022030737031968e-08,0.0007295848242513014,3.593740049846946e-06
2,32.85993247600649,0.0,0.0,0.0,72.96028829919052,-0.007529948888391505,72.95861324400927,0.3458403432566849,1.0,0.0,0.0,0.0,0.03316376740872296,-3.422704040177957e-06,-0.03410482323102575,-6.710198737880886e-08,-0.03316376740872296,3.422704040177957e-06,0.0007295861324400927,3.458403432543585e-06,0.0002114696898626964,3.140259500445957e-08,-0.03389335354116305,-3.569939237434929e-08,-0.0002114696898627005,-3.140259500445957e-08,0.0007295861324400928,3.45840343256685e-06
2,34.14548873833596,0.0,0.0,0.0,72.96028568105098,-0.007250698189553401,72.95873439824116,0.3328159885166175,1.0,0.0,0.0,0.0,0.03316376621865953,-3.295771904342455e-06,-0.03410482325250622,-6.501911731170927e-08,-0.03316376621865953,3.295771904342455e-06,0.0007295873439824116,3.328159885168594e-06,0.0002114696898642691,3.263113647018271e-08,-0.03389335356264195,-3.238798084152655e-08,-0.0002114696898642687,-3.263113647018271e-08,0.0007295873439824116,3.328159885166176e-06
2,35.48133892335748,0.0,0.0,0.0,72.96028325633465,-0.00698212549678286,72.9588466018027,0.3202817667718421,1.0,0.0,0.0,0.0,0.03316376511651575,-3.173693407628573e-06,-0.03410482327239975,-6.303200137496244e-08,-0.03316376511651575,3.173693407628573e-06,0.000729588466018027,3.20281766770043e-06,0.000211469689865967,3.390774132335694e-08,-0.03389335358253378,-2.912426005160549e-08,-0.0002114696898659688,-3.390774132335695e-08,0.0007295884660180271,3.202817667718421e-06
2,36.86945064519569,0.0,0.0,0.0,72.96028101075224,-0.006723835413711195,72.95895051592964,0.3082192248762386,1.0,0.0,0.0,0.0,0.03316376409579647,-3.05628882441418e-06,-0.03410482329082357,-6.113771426454652e-08,-0.03316376409579647,3.05628882441418e-06,0.0007295895051592966,3.082192248787797e-06,0.0002114696898678001,3.523428991386651e-08,-0.03389335360095577,-2.590342435068e-08,-0.0002114696898678006,-3.523428991386651e-08,0.0007295895051592964,3.082192248762386e-06
2,38.31186849557281,0.0,0.0,0.0,72.96027893107004,-0.006475447667979133,72.95904675301219,0.2966106034693181,1.0,0.0,0.0,0.0,0.03316376315048638,-2.943385303626878e-06,-0.03410482330788628,-5.933346722995825e-08,-0.03316376315048638,2.943385303626878e-06,0.0007295904675301219,2.96610603467878e-06,0.0002114696898697791,3.661273615523638e-08,-0.03389335361801649,-2.272073107472188e-08,-0.0002114696898697782,-3.661273615523637e-08,0.0007295904675301219,2.966106034693181e-06
2,39.81071705534965,0.0,0.0,0.0,72.96027700503183,-0.006236596554395974,72.95913588020241,0.2854388109220216,1.0,0.0,0.0,0.0,0.03316376227501447,-2.834816615634534e-06,-0.03410482332368841,-5.761660399343791e-08,-0.03316376227501447,2.834816615634534e-06,0.0007295913588020241,2.854388109234501e-06,0.0002114696898719159,3.804511040261041e-08,-0.03389335363381649,-1.95714935908275e-08,-0.0002114696898719223,-3.804511040261041e-08,0.0007295913588020241,2.854388109220216e-06
2,41.36820402388499,0.0,0.0,0.0,72.96027522128689,-0.006006930397922383,72.959218422756,0.2746873982560002,1.0,0.0,0.0,0.0,0.03316376146422131,-2.730422908146538e-06,-0.03410482333832311,-5.598459685092117e-08,-0.03316376146422131,2.730422908146538e-06,0.00072959218422756,2.746873982609105e-06,0.0002114696898742228,3.9533522443323e-08,-0.03389335364844887,-1.645107440759817e-08,-0.000211469689874226,-3.9533522443323e-08,0.00072959218422756,2.746873982560002e-06
2,42.98662347082268,0.0,0.0,0.0,72.96027356932296,-0.005786111037613248,72.95929486712662,0.2643405349987735,1.0,0.0,0.0,0.0,0.03316376071332862,-2.630050471642386e-06,-0.0341048233518766,-5.443504296478857e-08,-0.03316376071332862,2.630050471642386e-06,0.0007295929486712663,2.643405349982096e-06,0.0002114696898767136,4.108016460446852e-08,-0.03389335366199988,-1.335487836032005e-08,-0.0002114696898767171,-4.108016460446852e-08,0.0007295929486712663,2.643405349987735e-06
2,44.66835921509622,0.0,0.0,0.0,72.96027203940432,-0.005573813329846251,72.95936566383193,0.2543829859412492,1.0,0.0,0.0,0.0,0.03316376001791106,-2.533551513566477e-06,-0.03410482336442878,-5.296566083545064e-08,-0.03316376001791106,2.533551513566477e-06,0.0007295936566383193,2.543829859414243e-06,0.000211469689879403,4.268731498204613e-08,-0.03389335367454938,-1.027834585340451e-08,-0.0002114696898794025,-4.268731498204613e-08,0.0007295936566383194,2.543829859412492e-06
2,46.41588833612769,0.0,0.0,0.0,72.9602706225145,-0.005369724671169674,72.95943123010832,0.2448000887633151,1.0,0.0,0.0,0.0,0.03316375937387023,-2.440783941440761e-06,-0.03410482337605362,-5.157428695531206e-08,-0.03316375937387023,2.440783941440761e-06,0.0007295943123010832,2.448000887590823e-06,0.0002114696898823067,4.435734079643643e-08,-0.03389335368617131,-7.216946158875634e-09,-0.0002114696898823099,-4.435734079643643e-08,0.0007295943123010833,2.448000887633151e-06
2,48.23178482239296,0.0,0.0,0.0,72.96026931030308,-0.005173544539229176,72.95949195236895,0.2355777324962776,1.0,0.0,0.0,0.0,0.03316375877741049,-2.35161115419508e-06,-0.03410482338681962,-5.02588726333146e-08,-0.03316375877741049,2.35161115419508e-06,0.0007295949195236895,2.35577732493697e-06,0.000211469689885442,4.609270187915173e-08,-0.03389335369693417,-4.166170754162866e-09,-0.0002114696898854462,-4.609270187915173e-08,0.0007295949195236896,2.355777324962776e-06
2,50.11872336272711,0.0,0.0,0.0,72.96026809503653,-0.004984984050701749,72.95954818848085,0.2267023367916269,1.0,0.0,0.0,0.0,0.0331637582250166,-2.265901841228068e-06,-0.03410482339679024,-4.901748098213669e-08,-0.0331637582250166,2.265901841228068e-06,0.0007295954818848085,2.267023367912147e-06,0.0002114696898888272,4.789595429599638e-08,-0.03389335370690141,-1.121526686140312e-09,-0.0002114696898888255,-4.789595429599638e-08,0.0007295954818848086,2.267023367916269e-06
2,52.07948328595451,0.0,0.0,0.0,72.96026696955266,-0.004803765537307058,72.95960026987353,0.2181608319645811,1.0,0.0,0.0,0.0,0.03316375771343303,-2.183529789685026e-06,-0.03410482340602424,-4.784828407773412e-08,-0.03316375771343303,2.183529789685026e-06,0.0007295960026987352,2.181608319631779e-06,0.0002114696898924823,4.976975411197333e-08,-0.03389335371613176,1.921470034239208e-09,-0.0002114696898924823,-4.976975411197332e-08,0.0007295960026987354,2.181608319645811e-06
2,54.11695265464624,0.0,0.0,0.0,72.96026592721833,-0.004629622137552891,72.95964850349178,0.2099406397853711,1.0,0.0,0.0,0.0,0.0331637572396447,-2.104373698887678e-06,-0.03410482341457605,-4.674956027293665e-08,-0.0331637572396447,2.104373698887678e-06,0.0007295964850349177,2.099406397852803e-06,0.0002114696898964289,5.171686130348255e-08,-0.03389335372467962,4.967301030545901e-09,-0.0002114696898964305,-5.171686130348255e-08,0.0007295964850349178,2.099406397853712e-06
2,56.23413251903477,0.0,0.0,0.0,72.96026496189049,-0.004462297404481887,72.95969317360458,0.202029654989674,1.0,0.0,0.0,0.0,0.03316375680085931,-2.028317002037221e-06,-0.03410482342249605,-4.571969166826919e-08,-0.03316375680085931,2.028317002037221e-06,0.000729596931736046,2.020296549893549e-06,0.0002114696899006902,5.374014382357381e-08,-0.03389335373259536,8.020452155304616e-09,-0.000211469689900691,-5.374014382357381e-08,0.0007295969317360458,2.020296549896741e-06
2,58.43414133735162,0.0,0.0,0.0,72.96026406787985,-0.004301544928749671,72.95973454348002,0.194416227481554,1.0,0.0,0.0,0.0,0.03316375639449084,-1.955247694886214e-06,-0.03410482342983093,-4.475716173551662e-08,-0.03316375639449084,1.955247694886214e-06,0.0007295973454348002,1.94416227480837e-06,0.0002114696899052914,5.584258182624125e-08,-0.03389335373992564,1.108542009072463e-08,-0.0002114696899052915,-5.584258182624125e-08,0.0007295973454348004,1.94416227481554e-06
2,60.7202195690987,0.0,0.0,0.0,72.96026323991745,-0.004147127976230794,72.9597728569368,0.1870891452034011,1.0,0.0,0.0,0.0,0.03316375601814429,-1.885058171013997e-06,-0.03410482343662392,-4.386055308849359e-08,-0.03316375601814429,1.885058171013997e-06,0.000729597728569368,1.870891452068033e-06,0.0002114696899102596,5.802727205598251e-08,-0.03389335374671366,1.416671896748893e-08,-0.0002114696899102597,-5.802727205598252e-08,0.000729597728569368,1.870891452034011e-06
2,63.09573444801917,0.0,0.0,0.0,72.96026247312356,-0.003998819139750458,72.95980833978092,0.1800376176479026,1.0,0.0,0.0,0.0,0.03316375566960162,-1.817645063522935e-06,-0.03410482344291506,-4.302854539881701e-08,-0.03316375566960162,1.817645063522935e-06,0.0007295980833978092,1.800376176494622e-06,0.0002114696899156239,6.029743240908718e-08,-0.03389335375299943,1.726888701027016e-08,-0.0002114696899156304,-6.029743240908717e-08,0.0007295980833978093,1.800376176479026e-06
2,65.56418494179772,0.0,0.0,0.0,72.960261762979,-0.003856400004740875,72.95984120113646,0.1732512599878094,1.0,0.0,0.0,0.0,0.03316375534680864,-1.752909093064034e-06,-0.03410482344874142,-4.225991345616956e-08,-0.03316375534680864,1.752909093064034e-06,0.0007295984120113646,1.732512599889664e-06,0.0002114696899214162,6.265640667337357e-08,-0.03389335375881999,2.039649321720401e-08,-0.0002114696899214175,-6.265640667337357e-08,0.0007295984120113646,1.732512599878094e-06
2,68.12920690579594,0.0,0.0,0.0,72.96026110529833,-0.003719660828554184,72.95987163467773,0.1667200778002139,1.0,0.0,0.0,0.0,0.03316375504786288,-1.690754922070084e-06,-0.03410482345413734,-4.155352537203804e-08,-0.03316375504786288,1.690754922070084e-06,0.0007295987163467773,1.66720077802038e-06,0.0002114696899276704,6.510766945335487e-08,-0.03389335376420966,2.355414408131683e-08,-0.0002114696899276694,-6.510766945335487e-08,0.0007295987163467773,1.66720077800214e-06
2,70.7945784384136,0.0,0.0,0.0,72.96026049620546,-0.0035884002308883,72.95989981977092,0.1604344523651987,1.0,0.0,0.0,0.0,0.03316375477100248,-1.631091014040136e-06,-0.03410482345913461,-4.090834090728731e-08,-0.03316375477100248,1.631091014040136e-06,0.0007295989981977092,1.604344523633715e-06,0.0002114696899344235,6.76548312880893e-08,-0.03389335376920018,2.674649038080199e-08,-0.0002114696899344279,-6.76548312880893e-08,0.0007295989981977093,1.604344523651987e-06
2,73.56422544596393,0.0,0.0,0.0,72.96025993211049,-0.003462424898069536,72.95992592253076,0.1543851265142504,1.0,0.0,0.0,0.0,0.03316375451459568,-1.573829499122516e-06,-0.03410482346376271,-4.032340994735903e-08,-0.03316375451459568,1.573829499122516e-06,0.0007295992592253075,1.543851265133297e-06,0.0002114696899417153,7.030164396925198e-08,-0.03389335377382099,2.997823402189295e-08,-0.0002114696899417137,-7.030164396925198e-08,0.0007295992592253076,1.543851265142504e-06
2,76.44222742525982,0.0,0.0,0.0,72.96025940968887,-0.003341549299116993,72.95995009679982,0.1485631910094656,1.0,0.0,0.0,0.0,0.03316375427713131,-1.518886045053178e-06,-0.03410482346804889,-3.979787110939869e-08,-0.03316375427713131,1.518886045053178e-06,0.000729599500967998,1.485631910113466e-06,0.0002114696899495888,7.305200606726263e-08,-0.0338933537780993,3.325413495786394e-08,-0.0002114696899495894,-7.305200606726263e-08,0.0007295995009679983,1.485631910094656e-06
2,79.43282347242791,0.0,0.0,0.0,72.96025892586155,-0.00322559541144663,72.95997248505486,0.1429600714354054,1.0,0.0,0.0,0.0,0.0331637540572098,-1.466179732475741e-06,-0.03410482347201843,-3.933095046511602e-08,-0.0331637540572098,1.466179732475741e-06,0.0007295997248505486,1.42960071431494e-06,0.0002114696899580902,7.590996867360754e-08,-0.03389335378206034,3.657901820849153e-08,-0.0002114696899580895,-7.590996867360754e-08,0.0007295997248505487,1.429600714354054e-06
2,82.5404185268016,0.0,0.0,0.0,72.96025847777695,-0.003114392460766199,72.9599932192466,0.1375675155795203,1.0,0.0,0.0,0.0,0.03316375385353498,-1.415632936711909e-06,-0.03410482347569472,-3.892196041815215e-08,-0.03316375385353498,1.415632936711909e-06,0.000729599932192466,1.375675155755898e-06,0.0002114696899672699,7.887974136781489e-08,-0.03389335378572745,3.995778094966274e-08,-0.0002114696899672697,-7.887974136781489e-08,0.0007295999321924661,1.375675155795203e-06
2,85.76958985908915,0.0,0.0,0.0,72.96025806279421,-0.003007776667798453,72.96001242157742,0.1323775812896944,1.0,0.0,0.0,0.0,0.03316375366490646,-1.36717121263566e-06,-0.03410482347909942,-3.857029867703745e-08,-0.03316375366490646,1.36717121263566e-06,0.0007296001242157742,1.323775812898398e-06,0.0002114696899771818,8.196569841787155e-08,-0.03389335378912223,4.33953997408341e-08,-0.0002114696899771853,-8.196569841787155e-08,0.0007296001242157742,1.323775812896944e-06
2,89.12509381337428,0.0,0.0,0.0,72.96025767846751,-0.002905591008525557,72.9600302052214,0.1273826247841008,1.0,0.0,0.0,0.0,0.03316375349021251,-1.320723185693435e-06,-0.03410482348225261,-3.827544738019966e-08,-0.03316375349021251,1.320723185693435e-06,0.0007296003020522141,1.273826247932657e-06,0.0002114696899878843,8.517238522321482e-08,-0.03389335379226472,4.689693784301517e-08,-0.0002114696899878851,-8.517238522321482e-08,0.000729600302052214,1.273826247841008e-06
2,92.61187281287906,0.0,0.0,0.0,72.9602573225317,-0.002807684982734005,72.96004667499143,0.1225752894011451,1.0,0.0,0.0,0.0,0.0331637533284235,-1.276220446697275e-06,-0.03410482348517286,-3.803697233179786e-08,-0.0331637533284235,1.276220446697275e-06,0.0007296004667499143,1.225752893938104e-06,0.0002114696899994407,8.850452500978845e-08,-0.03389335379517341,5.04675526779906e-08,-0.0002114696899994384,-8.850452500978845e-08,0.0007296004667499144,1.225752894011452e-06
2,96.23506263980856,0.0,0.0,0.0,72.96025699288897,-0.002713914392466211,72.96006192795673,0.1179484947710908,1.0,0.0,0.0,0.0,0.03316375317858589,-1.233597451121005e-06,-0.03410482348787738,-3.785452236323185e-08,-0.03316375317858589,1.233597451121005e-06,0.0007296006192795674,1.179484947717903e-06,0.0002114696900119188,9.196702578702514e-08,-0.03389335379786546,5.411250342379329e-08,-0.0002114696900119215,-9.196702578702514e-08,0.0007296006192795674,1.179484947710908e-06
2,99.99999999999969,0.0,0.0,0.0,72.96025668759648,-0.002624141129977137,72.96007605401519,0.1134954263935947,1.0,0.0,0.0,0.0,0.03316375303981658,-1.19279142271688e-06,-0.03410482349038213,-3.772782881876802e-08,-0.03316375303981658,1.19279142271688e-06,0.000729600760540152,1.134954263972119e-06,0.0002114696900253924,9.556498757700185e-08,-0.03389335380035674,5.783715875823383e-08,-0.0002114696900253898,-9.556498757700186e-08,0.000729600760540152,1.134954263935947e-06
2,103.9122303835166,0.0,0.0,0.0,72.9602564048549,-0.00253823297372335,72.960089136423,0.109209525607051,1.0,0.0,0.0,0.0,0.03316375291129768,-1.153742260783341e-06,-0.03410482349270186,-3.765670515500516e-08,-0.03316375291129768,1.153742260783341e-06,0.0007296008913642299,1.092095256028375e-06,0.0002114696900399409,9.930370992641661e-08,-0.03389335380266191,6.164700477141147e-08,-0.0002114696900399407,-9.930370992641661e-08,0.00072960089136423,1.09209525607051e-06
2,107.9775162327706,0.0,0.0,0.0,72.96025614299779,-0.002456063395195541,72.96010125228528,0.1050844799319367,1.0,0.0,0.0,0.0,0.03316375279227173,-1.11639245236161e-06,-0.03410482349485024,-3.764104667911819e-08,-0.03316375279227173,1.11639245236161e-06,0.0007296010125228528,1.050844799367925e-06,0.0002114696900556499,1.031886997124511e-07,-0.03389335380479459,6.554765303333289e-08,-0.0002114696900556504,-1.031886997124511e-07,0.000729601012522853,1.050844799319367e-06
2,112.201845430196,0.0,0.0,0.0,72.96025590048184,-0.002377511370570652,72.96011247301077,0.1011142137797474,1.0,0.0,0.0,0.0,0.0331637526820372,-1.080686986623024e-06,-0.03410482349683993,-3.768083037840645e-08,-0.0331637526820372,1.080686986623024e-06,0.0007296011247301077,1.011142137791363e-06,0.0002114696900726121,1.072256792540163e-07,-0.03389335380676731,6.954484887560988e-08,-0.000211469690072609,-1.072256792540163e-07,0.0007296011247301077,1.011142137797474e-06
2,116.5914401179828,0.0,0.0,0.0,72.96025567587769,-0.002302461204813653,72.96012286473233,0.09729287950599355,1.0,0.0,0.0,0.0,0.0331637525799444,-1.046573274915297e-06,-0.03410482349868266,-3.777611490577179e-08,-0.0331637525799444,1.046573274915297e-06,0.0007296012286473235,9.729287950965022e-07,0.0002114696900909274,1.114205947403294e-07,-0.03389335380859174,7.364447983455755e-08,-0.0002114696900909277,-1.114205947403294e-07,0.0007296012286473234,9.729287950599356e-07
2,121.1527658628584,0.0,0.0,0.0,72.96025546786157,-0.00223080235912633,72.96013248869698,0.09361484880297868,1.0,0.0,0.0,0.0,0.03316375248539162,-1.01400107233015e-06,-0.0341048235003893,-3.792704064854865e-08,-0.03316375248539162,1.01400107233015e-06,0.0007296013248869698,9.36148487993025e-07,0.0002114696901107038,1.157796249892351e-07,-0.03389335381027859,7.785258434068647e-08,-0.0002114696901107105,-1.157796249892351e-07,0.0007296013248869699,9.361484880297869e-07
2,125.8925411794163,0.0,0.0,0.0,72.96025527520744,-0.002162429290711751,72.96014140162669,0.09007470441051116,1.0,0.0,0.0,0.0,0.03316375239782157,-9.829224048689778e-07,-0.0341048235019699,-3.813382995645551e-08,-0.03316375239782157,9.829224048689778e-07,0.0007296014140162668,9.007470441322378e-07,0.0002114696901320578,1.203091905481739e-07,-0.03389335381183783,8.217536059171844e-08,-0.0002114696901320545,-1.20309190548174e-07,0.0007296014140162669,9.007470441051117e-07
2,130.8177474260189,0.0,0.0,0.0,72.96025509677986,-0.002097241293476147,72.9601496560528,0.08666723214352555,1.0,0.0,0.0,0.0,0.03316375231671812,-9.532914970346123e-07,-0.03410482350343377,-3.839678743758775e-08,-0.03316375231671812,9.532914970346123e-07,0.0007296014965605282,8.666723214658663e-07,0.0002114696901551153,1.250159631512e-07,-0.03389335381327865,8.661917571361229e-08,-0.0002114696901551194,-1.250159631512e-07,0.0007296014965605281,8.666723214352556e-07
2,135.9356390878521,0.0,0.0,0.0,72.96025493152719,-0.002035142355865377,72.96015730062558,0.0833874132084797,1.0,0.0,0.0,0.0,0.03316375224160327,-9.25064707211535e-07,-0.03410482350478954,-3.871630045770163e-08,-0.03316375224160327,9.25064707211535e-07,0.000729601573006256,8.338741321388743e-07,0.0002114696901800123,1.299068755459802e-07,-0.03389335381460953,9.11905750882786e-08,-0.0002114696901800092,-1.299068755459802e-07,0.0007296015730062559,8.33874132084797e-07
2,141.2537544622749,0.0,0.0,0.0,72.96025477847547,-0.001976041012945664,72.96016438040094,0.08023041681992764,1.0,0.0,0.0,0.0,0.03316375217203431,-8.982004604298473e-07,-0.03410482350604521,-3.909283965744034e-08,-0.03316375217203431,8.982004604298473e-07,0.0007296016438040094,8.023041682495589e-07,0.0002114696902068953,1.349891317052478e-07,-0.03389335381583831,9.589629204780743e-08,-0.0002114696902068974,-1.349891317052478e-07,0.0007296016438040094,8.023041681992765e-07
2,146.7799267622064,0.0,0.0,0.0,72.96025463672264,-0.001919850214815689,72.96017093710597,0.07719159308411888,1.0,0.0,0.0,0.0,0.0331637521076012,-8.726591885525861e-07,-0.03410482350720818,-3.95269596712639e-08,-0.0331637521076012,8.726591885525861e-07,0.0007296017093710599,7.719159308357382e-07,0.000211469690235923,1.402702174377512e-07,-0.03389335381697225,1.007432577664873e-07,-0.0002114696902359228,-1.402702174377512e-07,0.0007296017093710598,7.719159308411889e-07
2,152.5222956539013,0.0,0.0,0.0,72.96025450543318,-0.001866487200774959,72.96017700938485,0.0742664661495521,1.0,0.0,0.0,0.0,0.03316375204792418,-8.484032730795269e-07,-0.0341048235082853,-4.001929996396955e-08,-0.03316375204792418,8.484032730795269e-07,0.0007296017700938486,7.426646616431628e-07,0.0002114696902672663,1.457579114143286e-07,-0.03389335381801802,1.057386114503591e-07,-0.0002114696902672727,-1.457579114143286e-07,0.0007296017700938486,7.42664661495521e-07
2,158.4893192461107,0.0,0.0,0.0,72.96025438383337,-0.001815873371350611,72.9601826330268,0.07145072762213321,1.0,0.0,0.0,0.0,0.03316375199265154,-8.253969869775504e-07,-0.03410482350928291,-4.057058572275742e-08,-0.03316375199265154,8.253969869775504e-07,0.0007296018263302681,7.14507276216072e-07,0.00021146969030111,1.514602966253472e-07,-0.0338933538189818,1.108897109025898e-07,-0.0002114696903011137,-1.514602966253472e-07,0.0007296018263302681,7.145072762213322e-07
2,164.6897865482862,0.0,0.0,0.0,72.96025427120647,-0.001767934179868161,72.96018784117666,0.06874023021338581,1.0,0.0,0.0,0.0,0.03316375194145749,-8.036064453946185e-07,-0.0341048235102069,-4.118162898562037e-08,-0.03316375194145749,8.036064453946185e-07,0.0007296018784117667,6.87402302202969e-07,0.0002114696903376536,1.573857722863837e-07,-0.03389335381986925,1.162041433007633e-07,-0.0002114696903376539,-1.573857722863837e-07,0.0007296018784117667,6.874023021338582e-07
2,171.1328304161774,0.0,0.0,0.0,72.96025416688866,-0.001722599016258469,72.96019266453055,0.06613098163952778,1.0,0.0,0.0,0.0,0.0331637518940403,-7.829995528447587e-07,-0.03410482351106272,-4.185332978498453e-08,-0.0331637518940403,7.829995528447587e-07,0.0007296019266453057,6.613098164443197e-07,0.0002114696903771125,1.635430662096832e-07,-0.0338933538206856,1.216897364246987e-07,-0.0002114696903771154,-1.635430662096832e-07,0.0007296019266453056,6.613098163952779e-07
2,177.8279410038916,0.0,0.0,0.0,72.96025407026514,-0.001679801106392775,72.96019713151665,0.06361913873898217,1.0,0.0,0.0,0.0,0.03316375185012051,-7.635459574512614e-07,-0.0341048235118554,-4.258667750078692e-08,-0.03316375185012051,7.635459574512614e-07,0.0007296019713151666,6.361913874543059e-07,0.0002114696904197192,1.699412476596179e-07,-0.03389335382143568,1.27354570158831e-07,-0.0002114696904197202,-1.699412476596179e-07,0.0007296019713151666,6.361913873898218e-07
2,184.7849797422283,0.0,0.0,0.0,72.96025398076641,-0.001639477414095085,72.96020126846277,0.06120100181237625,1.0,0.0,0.0,0.0,0.03316375180943928,-7.452170064068568e-07,-0.03410482351258963,-4.338275232076616e-08,-0.03316375180943928,7.452170064068568e-07,0.0007296020126846279,6.120100181262391e-07,0.0002114696904657248,1.765897407110802e-07,-0.0338933538221239,1.33206988390314e-07,-0.0002114696904657251,-1.765897407110802e-07,0.0007296020126846277,6.120100181237626e-07
2,192.0141938638794,0.0,0.0,0.0,72.96025389786497,-0.001601568546902808,72.96020509975146,0.05887300917549098,1.0,0.0,0.0,0.0,0.0331637517717568,-7.279857031376399e-07,-0.03410482351326972,-4.424272682008721e-08,-0.0331637517717568,7.279857031376399e-07,0.0007296020509975148,5.887300919369058e-07,0.0002114696905154006,1.834983381304877e-07,-0.03389335382275432,1.392556113104005e-07,-0.0002114696905154076,-1.834983381304878e-07,0.0007296020509975147,5.887300917549098e-07
2,199.5262314968871,0.0,0.0,0.0,72.96025382107221,-0.001566018668252839,72.96020864796388,0.0566317319143349,1.0,0.0,0.0,0.0,0.03316375173685101,-7.11826667387654e-07,-0.03410482351389969,-4.516786768573106e-08,-0.03316375173685101,7.11826667387654e-07,0.0007296020864796388,5.663173191859163e-07,0.0002114696905690392,1.906772157998451e-07,-0.03389335382333065,1.455093481141141e-07,-0.0002114696905690452,-1.906772157998451e-07,0.0007296020864796389,5.663173191433491e-07
2,207.3321573485946,0.0,0.0,0.0,72.96025374993556,-0.001532775416360806,72.96021193401273,0.05447386883423078,1.0,0.0,0.0,0.0,0.03316375170451617,-6.96716098345821e-07,-0.03410482351448325,-4.615953759144668e-08,-0.03316375170451617,6.96716098345821e-07,0.0007296021193401273,5.447386881561216e-07,0.0002114696906269568,1.981369477051083e-07,-0.03389335382385629,1.519774101136616e-07,-0.0002114696906269573,-1.981369477051083e-07,0.0007296021193401274,5.447386883423079e-07
2,215.4434690031875,0.0,0.0,0.0,72.9602536840357,-0.001501789828454855,72.96021497726548,0.05239624159670449,1.0,0.0,0.0,0.0,0.03316375167456168,-6.826317402067522e-07,-0.03410482351502384,-4.721919721602462e-08,-0.03316375167456168,6.826317402067522e-07,0.000729602149772655,5.239624160874556e-07,0.0002114696906894948,2.058885215109276e-07,-0.03389335382433433,1.586693242949029e-07,-0.0002114696906894975,-2.058885215109275e-07,0.0007296021497726549,5.239624159670449e-07
2,223.872113856833,0.0,0.0,0.0,72.96025362298424,-0.001473016265009513,72.96021779565874,0.0503957900422658,1.0,0.0,0.0,0.0,0.03316375164681102,-6.695528477315966e-07,-0.03410482351552463,-4.834840736485e-08,-0.03316375164681102,6.695528477315966e-07,0.0007296021779565873,5.039579003154582e-07,0.0002114696907570218,2.139433547447114e-07,-0.03389335382476761,1.655949473798614e-07,-0.0002114696907570199,-2.139433547447114e-07,0.0007296021779565874,5.039579004226581e-07
2,232.6305067153616,0.0,0.0,0.0,72.96025356642137,-0.001446412346027136,72.96022040580372,0.04846956768003986,1.0,0.0,0.0,0.0,0.03316375162110062,-6.574601572850618e-07,-0.0341048235159886,-4.954883129761903e-08,-0.03316375162110062,6.574601572850618e-07,0.0007296022040580373,4.846956768313661e-07,0.0002114696908299358,2.223133116138479e-07,-0.03389335382515866,1.727644803162289e-07,-0.0002114696908299338,-2.223133116138479e-07,0.0007296022040580373,4.846956768003986e-07
2,241.7315480804093,0.0,0.0,0.0,72.96025351401369,-0.001421938884909918,72.96022282308431,0.04661473735197659,1.0,0.0,0.0,0.0,0.03316375159727895,-6.463358567772355e-07,-0.03410482351641846,-5.082223714780509e-08,-0.03316375159727895,6.463358567772355e-07,0.0007296022282308431,4.661473735296962e-07,0.0002114696909086665,2.310107204808537e-07,-0.03389335382550979,1.801884833330486e-07,-0.0002114696909086694,-2.310107204808537e-07,0.0007296022282308432,4.661473735197659e-07
2,251.1886431509569,0.0,0.0,0.0,72.96025346545233,-0.001399559835985805,72.96022506174765,0.04482856704909742,1.0,0.0,0.0,0.0,0.0331637515752056,-6.361635618117298e-07,-0.03410482351681676,-5.21705005700289e-08,-0.0331637515752056,6.361635618117298e-07,0.0007296022506174766,4.482856705085563e-07,0.0002114696909936779,2.400483920221925e-07,-0.03389335382582308,1.878778914521636e-07,-0.0002114696909936778,-2.400483920221926e-07,0.0007296022506174765,4.482856704909742e-07
2,261.0157215682525,0.0,0.0,0.0,72.96025342045108,-0.001379242236947731,72.96022713498817,0.04310842589228565,1.0,0.0,0.0,0.0,0.03316375155475049,-6.269282895216959e-07,-0.03410482351718584,-5.359560746610916e-08,-0.03316375155475049,6.269282895216959e-07,0.0007296022713498816,4.310842588066691e-07,0.0002114696910854711,2.494396380975073e-07,-0.03389335382610037,1.958440306313982e-07,-0.0002114696910854724,-2.494396380975073e-07,0.0007296022713498818,4.310842589228565e-07
2,271.2272579332016,0.0,0.0,0.0,72.96025337874468,-0.00136095616146635,72.96022905502522,0.04145178025636086,1.0,0.0,0.0,0.0,0.03316375153579304,-6.186164370301589e-07,-0.03410482351752788,-5.509965691970677e-08,-0.03316375153579304,6.186164370301589e-07,0.0007296022905502525,4.145178027905757e-07,0.0002114696911845871,2.591982913570607e-07,-0.03389335382634329,2.04098634437354e-07,-0.0002114696911845876,-2.591982913570607e-07,0.0007296022905502522,4.145178025636086e-07
2,281.8382931264441,0.0,0.0,0.0,72.96025334008736,-0.001344674676086383,72.96023083317537,0.0398561900375527,1.0,0.0,0.0,0.0,0.03316375151822153,-6.112157618574467e-07,-0.03410482351784489,-5.668486429613401e-08,-0.03316375151822153,6.112157618574467e-07,0.0007296023083317539,3.985619004577061e-07,0.0002114696912916102,2.693387256162639e-07,-0.03389335382655328,2.126538613201299e-07,-0.0002114696912916061,-2.693387256162639e-07,0.0007296023083317538,3.985619003755271e-07
2,292.8644564625223,0.0,0.0,0.0,72.96025330425124,-0.001330373799264763,72.96023247991874,0.03831930506095877,1.0,0.0,0.0,0.0,0.03316375150193238,-6.047153633021652e-07,-0.03410482351813875,-5.835356449484312e-08,-0.03316375150193238,6.047153633021652e-07,0.0007296023247991875,3.831930506723089e-07,0.000211469691407171,2.798758770273037e-07,-0.03389335382673157,2.215223125324605e-07,-0.0002114696914071734,-2.798758770273036e-07,0.0007296023247991875,3.831930506095877e-07
2,304.3219887107707,0.0,0.0,0.0,72.96025327102512,-0.001318032467637339,72.96023400496108,0.03683886161755162,1.0,0.0,0.0,0.0,0.0331637514868296,-5.991056671078814e-07,-0.03410482351841117,-6.010821540161412e-08,-0.0331637514868296,5.991056671078814e-07,0.0007296023400496109,3.683886161811228e-07,0.0002114696915319507,2.908252660790521e-07,-0.03389335382687922,2.307170506774379e-07,-0.0002114696915319486,-2.90825266079052e-07,0.0007296023400496109,3.683886161755162e-07
2,316.2277660168364,0.0,0.0,0.0,72.96025324021318,-0.001307632502285591,72.96023541729078,0.03541267913281594,1.0,0.0,0.0,0.0,0.03316375147282417,-5.943784101298142e-07,-0.03410482351866377,-6.195140148662801e-08,-0.03316375147282417,5.943784101298142e-07,0.0007296023541729079,3.5412679151288e-07,0.0002114696916666847,3.02203020457664e-07,-0.03389335382699709,2.40251618971036e-07,-0.0002114696916666811,-3.02203020457664e-07,0.0007296023541729078,3.541267913281594e-07
2,328.5993247600638,0.0,0.0,0.0,72.96025321163381,-0.001299158586783178,72.96023672523198,0.03403865695028262,1.0,0.0,0.0,0.0,0.03316375145983355,-5.9052663035599e-07,-0.03410482351889804,-6.388583765077966e-08,-0.03316375145983355,5.9052663035599e-07,0.0007296023672523201,3.403865695164117e-07,0.0002114696918121671,3.140258988015333e-07,-0.03389335382708587,2.501400611507537e-07,-0.0002114696918121689,-3.140258988015333e-07,0.0007296023672523199,3.403865695028263e-07
2,341.4548873833585,0.0,0.0,0.0,72.96025318511859,-0.001292598239888048,72.96023793649353,0.03271477124232633,1.0,0.0,0.0,0.0,0.03316375144778118,-5.875446544945674e-07,-0.03410482351911536,-6.591437318558387e-08,-0.03316375144778118,5.875446544945674e-07,0.0007296023793649353,3.271477122801141e-07,0.0002114696919692554,3.263113153855979e-07,-0.03389335382714611,2.60396942200014e-07,-0.0002114696919692516,-3.263113153855979e-07,0.0007296023793649353,3.271477124232633e-07
2,354.8133892335737,0.0,0.0,0.0,72.96025316051119,-0.001287941797872587,72.9602390582144,0.03143907202864629,1.0,0.0,0.0,0.0,0.03316375143659599,-5.854280899420849e-07,-0.03410482351931701,-6.803999597584202e-08,-0.03316375143659599,5.854280899420849e-07,0.000729602390582144,3.143907202730059e-07,0.0002114696921388754,3.390773657713508e-07,-0.03389335382717813,2.710373697955088e-07,-0.0002114696921388798,-3.390773657713508e-07,0.0007296023905821441,3.14390720286463e-07
2,368.6945064519557,0.0,0.0,0.0,72.9602531376666,-0.001285182403279123,72.96024009700591,0.03020968030122701,1.0,0.0,0.0,0.0,0.03316375142621209,-5.841738196723288e-07,-0.03410482351950418,-7.02658369251153e-08,-0.03316375142621209,5.841738196723288e-07,0.0007296024009700592,3.020968034978742e-07,0.000211469692322027,3.523428534603406e-07,-0.03389335382718215,2.820770165352253e-07,-0.0002114696923220319,-3.523428534603406e-07,0.0007296024009700591,3.020968030122702e-07
2,383.1186849557268,0.0,0.0,0.0,72.96025311645019,-0.00128431599046278,72.96024105899063,0.02902478526116765,1.0,0.0,0.0,0.0,0.03316375141656827,-5.837799956649e-07,-0.03410482351967797,-7.259517453158373e-08,-0.03316375141656827,5.837799956649e-07,0.0007296024105899065,2.902478527935233e-07,0.0002114696925197894,3.661273175904164e-07,-0.03389335382715818,2.935321430588326e-07,-0.0002114696925197904,-3.661273175904163e-07,0.0007296024105899064,2.902478526116765e-07
2,398.1071705534952,0.0,0.0,0.0,72.9602530967369,-0.001285341283985025,72.96024194983836,0.02788264164722695,1.0,0.0,0.0,0.0,0.03316375140760768,-5.842460381750113e-07,-0.0341048235198394,-7.503143975299687e-08,-0.03316375140760768,5.842460381750113e-07,0.0007296024194983836,2.788264161635007e-07,0.0002114696927333284,3.804510617155143e-07,-0.03389335382710607,3.054196219625174e-07,-0.0002114696927333348,-3.804510617155143e-07,0.0007296024194983837,2.788264164722695e-07
2,413.6820402388486,0.0,0.0,0.0,72.96025307841056,-0.001288259795936344,72.96024277479961,0.0267815671660697,1.0,0.0,0.0,0.0,0.03316375139927753,-5.855726345165202e-07,-0.03410482351998943,-7.757822105368232e-08,-0.03316375139927753,5.855726345165202e-07,0.0007296024277479962,2.678156717311343e-07,0.0002114696929639025,3.953351837113757e-07,-0.03389335382702553,3.177569626576933e-07,-0.0002114696929639004,-3.953351837113756e-07,0.0007296024277479962,2.67815671660697e-07
2,429.8662347082254,0.0,0.0,0.0,72.96025306136315,-0.001293075822188036,72.96024353873666,0.02571994002042675,1.0,0.0,0.0,0.0,0.0331637513915287,-5.877617373581982e-07,-0.03410482352012894,-8.02392696410783e-08,-0.0331637513915287,5.877617373581982e-07,0.0007296024353873667,2.571994002812289e-07,0.0002114696932128706,4.108016068512456e-07,-0.03389335382691607,3.305623372101673e-07,-0.0002114696932128679,-4.108016068512456e-07,0.0007296024353873667,2.571994002042675e-07
2,446.6835921509607,0.0,0.0,0.0,72.96025304549418,-0.001299796458455486,72.96024424615206,0.02469619651064096,1.0,0.0,0.0,0.0,0.03316375138431554,-5.908165720252207e-07,-0.03410482352025876,-8.301850507087723e-08,-0.03316375138431554,5.908165720252207e-07,0.0007296024424615206,2.469619650557368e-07,0.0002114696934817003,4.268731120973245e-07,-0.03389335382677705,3.438546070264473e-07,-0.0002114696934817015,-4.268731120973245e-07,0.0007296024424615206,2.469619651064096e-07
2,464.1588833612755,0.0,0.0,0.0,72.96025303071012,-0.001308431604046213,72.96024490121519,0.02370882873821795,1.0,0.0,0.0,0.0,0.03316375137759551,-5.947416382028241e-07,-0.03410482352037964,-8.592002096525957e-08,-0.03316375137759551,5.947416382028241e-07,0.0007296024490121519,2.370882873974525e-07,0.0002114696937719758,4.435733716555351e-07,-0.03389335382660766,3.576533506902755e-07,-0.0002114696937719762,-4.435733716555351e-07,0.000729602449012152,2.370882873821795e-07
2,482.317848223928,0.0,0.0,0.0,72.96025301692386,-0.001318993977387722,72.96024550778696,0.02275638238391044,1.0,0.0,0.0,0.0,0.03316375137132903,-5.99542716994419e-07,-0.0341048235204923,-8.894809105028211e-08,-0.03316375137132903,5.99542716994419e-07,0.0007296024550778696,2.27563824142876e-07,0.0002114696940854082,4.609269838430302e-07,-0.0338933538264069,3.719788927927481e-07,-0.0002114696940854061,-4.609269838430302e-07,0.0007296024550778697,2.275638238391044e-07
2,501.1872336272695,0.0,0.0,0.0,72.9602530040541,-0.001331499134768024,72.96024606944243,0.02183745456565398,1.0,0.0,0.0,0.0,0.03316375136547913,-6.052268794400111e-07,-0.03410482352059741,-9.210717545083725e-08,-0.03316375136547913,6.052268794400111e-07,0.0007296024606944243,2.183745454293277e-07,0.0002114696944238446,4.789595093197965e-07,-0.03389335382617356,3.868523338689593e-07,-0.0002114696944238506,-4.789595093197965e-07,0.0007296024606944244,2.183745456565398e-07
2,520.7948328595435,0.0,0.0,0.0,72.96025299202503,-0.001345965497643303,72.96024658949193,0.0209506917678733,1.0,0.0,0.0,0.0,0.03316375136001138,-6.118024989287741e-07,-0.03410482352069558,-9.540192729615883e-08,-0.03316375136001138,6.118024989287741e-07,0.0007296024658949194,2.095069177477859e-07,0.0002114696947892799,4.976975087377232e-07,-0.0338933538259063,4.022955814415645e-07,-0.0002114696947892805,-4.976975087377233e-07,0.0007296024658949194,2.09506917678733e-07
2,541.1695265464607,0.0,0.0,0.0,72.96025298076574,-0.001362414373520226,72.96024707100058,0.02009478785414218,1.0,0.0,0.0,0.0,0.03316375135489352,-6.192792606910119e-07,-0.0341048235207874,-9.883719952226918e-08,-0.03316375135489352,6.192792606910119e-07,0.000729602470710006,2.009478784547572e-07,0.0002114696951838678,5.171685818625877e-07,-0.03389335382560353,4.183313823403185e-07,-0.0002114696951838677,-5.171685818625877e-07,0.0007296024707100059,2.009478785414218e-07
2,562.341325190346,0.0,0.0,0.0,72.96025297020988,-0.001380869992366188,72.96024751680632,0.019268482138348,1.0,0.0,0.0,0.0,0.0331637513500954,-6.276681783482672e-07,-0.03410482352087339,-1.02418052061249e-07,-0.0331637513500954,6.276681783482672e-07,0.0007296024751680633,1.926848217882838e-07,0.0002114696956099341,5.374014082265839e-07,-0.03389335382526346,4.349833561653351e-07,-0.0002114696956099366,-5.37401408226584e-07,0.0007296024751680633,1.9268482138348e-07
2,584.3414133735142,0.0,0.0,0.0,72.96025296029521,-0.001401359532310644,72.9602479295367,0.01847055753781074,1.0,0.0,0.0,0.0,0.03316375134558873,-6.369816055957472e-07,-0.03410482352095408,-1.061497592122202e-07,-0.03316375134558873,6.369816055957472e-07,0.000729602479295367,1.847055753281338e-07,0.0002114696960699899,5.584257893712721e-07,-0.03389335382488409,4.522760301590519e-07,-0.0002114696960699922,-5.584257893712721e-07,0.0007296024792953672,1.847055753781074e-07
2,607.202195690985,0.0,0.0,0.0,72.9602529509633,-0.001423913178544058,72.96024831162428,0.01769983876176784,1.0,0.0,0.0,0.0,0.03316375134134695,-6.47233262974572e-07,-0.03410482352102994,-1.100378175648186e-07,-0.03316375134134695,6.47233262974572e-07,0.000729602483116243,1.769983878067639e-07,0.0002114696965667466,5.802726927431684e-07,-0.03389335382446319,4.702348751783497e-07,-0.0002114696965667476,-5.802726927431683e-07,0.0007296024831162429,1.769983876176784e-07
2,630.9573444801896,0.0,0.0,0.0,72.96025294215914,-0.001448564149019246,72.96024866532107,0.01695519059903931,1.0,0.0,0.0,0.0,0.03316375133734507,-6.584382495542028e-07,-0.03410482352110141,-1.140879539413759e-07,-0.03316375133734507,6.584382495542028e-07,0.0007296024866532108,1.695519057506121e-07,0.0002114696971031323,6.029742973066317e-07,-0.03389335382399828,4.888863433652559e-07,-0.000211469697103131,-6.029742973066318e-07,0.0007296024866532108,1.695519059903931e-07
2,655.6418494179751,0.0,0.0,0.0,72.96025293383087,-0.001475348753350328,72.9602489927117,0.01623551623599365,1.0,0.0,0.0,0.0,0.03316375133355949,-6.706130697046945e-07,-0.03410482352116891,-1.183061339139386e-07,-0.03316375133355949,6.706130697046945e-07,0.0007296024899271172,1.62355162490213e-07,0.0002114696976823082,6.265640409412321e-07,-0.03389335382348661,5.082579070272936e-07,-0.0002114696976823066,-6.265640409412322e-07,0.0007296024899271171,1.623551623599365e-07
2,681.2920690579573,0.0,0.0,0.0,72.9602529259294,-0.001504306442073668,72.96024929572579,0.01553975564525985,1.0,0.0,0.0,0.0,0.03316375132996791,-6.837756554880309e-07,-0.03410482352123285,-1.226985705565112e-07,-0.03316375132996791,6.837756554880309e-07,0.000729602492957258,1.553975565639475e-07,0.0002114696983076879,6.510766696934117e-07,-0.03389335382292516,5.283780991369005e-07,-0.0002114696983076883,-6.510766696934117e-07,0.0007296024929572579,1.553975564525985e-07
2,707.9457843841337,0.0,0.0,0.0,72.96025291840812,-0.001535479869830396,72.96024957614924,0.01486688401932558,1.0,0.0,0.0,0.0,0.03316375132654915,-6.979453953774526e-07,-0.0341048235212936,-1.272717336381161e-07,-0.03316375132654915,6.979453953774526e-07,0.0007296024957614923,1.486688404030023e-07,0.0002114696989829574,6.765482889549863e-07,-0.03389335382231064,5.4927655531687e-07,-0.0002114696989829537,-6.765482889549862e-07,0.0007296024957614924,1.486688401932558e-07
2,735.6422544596369,0.0,0.0,0.0,72.96025291122274,-0.001568914952123583,72.96024983563488,0.01421591026715433,1.0,0.0,0.0,0.0,0.03316375132328307,-7.13143160056174e-07,-0.03410482352135151,-1.320323591025092e-07,-0.03316375132328307,7.13143160056174e-07,0.0007296024983563487,1.421591023099046e-07,0.0002114696997120966,7.030164166438648e-07,-0.03389335382163941,5.709840575413557e-07,-0.0002114696997120996,-7.030164166438648e-07,0.0007296024983563489,1.421591026715433e-07
2,764.4222742525956,0.0,0.0,0.0,72.9602529043309,-0.001604660937067891,72.96025007571205,0.01358587555027332,1.0,0.0,0.0,0.0,0.03316375132015041,-7.293913350308595e-07,-0.03410482352140694,-1.369874590235519e-07,-0.03316375132015041,7.293913350308595e-07,0.0007296025007571207,1.358587556117917e-07,0.000211469700499403,7.305200384653244e-07,-0.03389335382090753,5.935325794417724e-07,-0.0002114697004994004,-7.305200384653243e-07,0.0007296025007571207,1.358587555027333e-07
2,794.3282347242767,0.0,0.0,0.0,72.96025289769197,-0.001642770473926548,72.96025029779577,0.01297585187448691,1.0,0.0,0.0,0.0,0.03316375131713271,-7.467138517847945e-07,-0.03410482352146019,-1.421443319006725e-07,-0.03316375131713271,7.467138517847945e-07,0.0007296025029779576,1.297585185582349e-07,0.0002114697013495169,7.590996653352289e-07,-0.03389335382011067,6.169553334345563e-07,-0.000211469701349519,-7.590996653352289e-07,0.0007296025029779578,1.297585187448691e-07
2,825.4041852680133,0.0,0.0,0.0,72.96025289126685,-0.001683299699853465,72.96025050319494,0.01238494071382453,1.0,0.0,0.0,0.0,0.0331637513142122,-7.651362272061206e-07,-0.0341048235215116,-1.475105734844732e-07,-0.0331637513142122,7.651362272061206e-07,0.0007296025050319496,1.238494078333153e-07,0.0002114697022674489,7.887973930497805e-07,-0.03389335381924415,6.412868195653073e-07,-0.0002114697022674444,-7.887973930497805e-07,0.0007296025050319495,1.238494071382453e-07
2,857.6958985908889,0.0,0.0,0.0,72.96025288501762,-0.001726308307359326,72.9602506931202,0.01181227170230532,1.0,0.0,0.0,0.0,0.03316375131137165,-7.846855942542392e-07,-0.03410482352156146,-1.53094087839869e-07,-0.03316375131137165,7.846855942542392e-07,0.0007296025069312021,1.181227169599147e-07,0.000211469703258609,8.196569642896865e-07,-0.03389335381830285,6.665628764498176e-07,-0.0002114697032586099,-8.196569642896867e-07,0.0007296025069312021,1.181227170230532e-07
2,891.25093813374,0.0,0.0,0.0,72.96025287890751,-0.00177185964497528,72.96025086869093,0.01125700133921864,1.0,0.0,0.0,0.0,0.03316375130859432,-8.053907477160364e-07,-0.03410482352161007,-1.589030990927549e-07,-0.03316375130859432,8.053907477160364e-07,0.0007296025086869093,1.125700135152624e-07,0.000211469704328839,8.517238330500716e-07,-0.03389335381728123,6.928207339573166e-07,-0.0002114697043288372,-8.517238330500716e-07,0.0007296025086869094,1.125700133921864e-07
2,926.1187281287878,0.0,0.0,0.0,72.96025287290044,-0.001820020808278622,72.9602510309419,0.01071831174899709,1.0,0.0,0.0,0.0,0.03316375130586384,-8.272821855811917e-07,-0.03410482352165771,-1.649461635248454e-07,-0.03316375130586384,8.272821855811917e-07,0.0007296025103094191,1.071831174961987e-07,0.0002114697054844468,8.850452315910377e-07,-0.03389335381617326,7.200990680661923e-07,-0.0002114697054844475,-8.850452315910377e-07,0.0007296025103094191,1.07183117489971e-07
2,962.3506263980825,0.0,0.0,0.0,72.96025286696107,-0.001870862735202038,72.96025118082946,0.01019540948006842,1.0,0.0,0.0,0.0,0.03316375130316412,-8.503921523645627e-07,-0.03410482352170466,-1.712321821476173e-07,-0.03316375130316412,8.503921523645627e-07,0.0007296025118082945,1.019540945902527e-07,0.0002114697067322434,9.196702400074833e-07,-0.03389335381497242,7.48438057859866e-07,-0.000211469706732241,-9.196702400074832e-07,0.0007296025118082946,1.019540948006842e-07
2,999.9999999999936,0.0,0.0,0.0,72.96025286105434,-0.001924460313122639,72.96025131923696,0.009687524333560979,1.0,0.0,0.0,0.0,0.03316375130047924,-8.747546877830178e-07,-0.0341048235217512,-1.777704138342308e-07,-0.03316375130047924,8.747546877830178e-07,0.0007296025131923698,9.68752432784443e-08,0.0002114697080795832,9.556498585206513e-07,-0.03389335381367162,7.778794446864203e-07,-0.0002114697080795869,-9.55649858520651e-07,0.0007296025131923697,9.68752433356098e-08
2,1039.122303835162,0.0,0.0,0.0,72.96025285514548,-0.001980892485951003,72.96025144698022,0.009193908232075484,1.0,0.0,0.0,0.0,0.0331637512977934,-9.00405675432274e-07,-0.03410482352179761,-1.845704889308276e-07,-0.0331637512977934,9.00405675432274e-07,0.0007296025144698022,9.193908160181719e-08,0.0002114697095344072,9.93037082597893e-07,-0.0338933538122632,8.084665936670654e-07,-0.0002114697095344092,-9.93037082597893e-07,0.0007296025144698022,9.193908232075485e-08
2,1079.775162327703,0.0,0.0,0.0,72.96025284919965,-0.002040242377283564,72.96025156481211,0.008713834110951032,1.0,0.0,0.0,0.0,0.03316375129509075,-9.273828987652564e-07,-0.03410482352184416,-1.916424234977519e-07,-0.03316375129509075,9.273828987652564e-07,0.0007296025156481212,8.713834041632874e-08,0.00021146971110529,1.031886981011285e-06,-0.03389335381073887,8.40244557513533e-07,-0.0002114697111052916,-1.031886981011285e-06,0.0007296025156481212,8.713834110951032e-08
2,1122.018454301956,0.0,0.0,0.0,72.96025284318178,-0.002102597401775214,72.9602516734271,0.008246594858417014,1.0,0.0,0.0,0.0,0.03316375129235535,-9.557260917160064e-07,-0.03410482352189112,-1.98996633971746e-07,-0.03316375129235535,9.557260917160064e-07,0.0007296025167342709,8.246594891859687e-08,0.0002114697128014903,1.072256776950081e-06,-0.03389335380908962,8.732601429783356e-07,-0.0002114697128014903,-1.072256776950081e-06,0.000729602516734271,8.246594858417014e-08
2,1165.914401179824,0.0,0.0,0.0,72.96025283705642,-0.002168049405425943,72.96025177346537,0.007791502262540183,1.0,0.0,0.0,0.0,0.0331637512895711,-9.854770024663377e-07,-0.03410482352193877,-2.066439526032395e-07,-0.0331637512895711,9.854770024663377e-07,0.0007296025177346539,7.791502354048529e-08,0.0002114697146330052,1.114205932306471e-06,-0.03389335380730576,9.075619797032315e-07,-0.0002114697146330044,-1.114205932306471e-06,0.0007296025177346537,7.791502262540183e-08
2,1211.52765862858,0.0,0.0,0.0,72.96025283078748,-0.002236694796229459,72.9602518655166,0.007347886002174374,1.0,0.0,0.0,0.0,0.03316375128672158,-1.016679452831572e-06,-0.03410482352198738,-2.145956433734788e-07,-0.03316375128672158,1.016679452831572e-06,0.000729602518655166,7.347885984978967e-08,0.0002114697166106296,1.157796235258785e-06,-0.03389335380537675,9.432005918853062e-07,-0.0002114697166106308,-1.157796235258785e-06,0.000729602518655166,7.347886002174375e-08
2,1258.925411794159,0.0,0.0,0.0,72.96025282433801,-0.002308634679105376,72.96025195012325,0.006915092666697724,1.0,0.0,0.0,0.0,0.03316375128379,-1.049379399593353e-06,-0.03410482352203726,-2.228634185275785e-07,-0.03316375128379,1.049379399593353e-06,0.0007296025195012326,6.915092669301826e-08,0.0002114697187460192,1.203091891281161e-06,-0.03389335380329123,9.802284727535824e-07,-0.0002114697187460199,-1.203091891281161e-06,0.0007296025195012326,6.915092666697725e-08
2,1308.177474260185,0.0,0.0,0.0,72.96025281766997,-0.002383975020816331,72.96025202778398,0.006492484777590793,1.0,0.0,0.0,0.0,0.03316375128075907,-1.083625009461969e-06,-0.03410482352208868,-2.314594559570861e-07,-0.03316375128075907,1.083625009461969e-06,0.0007296025202778399,6.492484847195539e-08,0.0002114697210517599,1.250159617713714e-06,-0.03389335380103692,1.018700161756628e-06,-0.0002114697210517588,-1.250159617713714e-06,0.0007296025202778399,6.492484777590793e-08
2,1359.356390878516,0.0,0.0,0.0,72.9602528107441,-0.002462826793467281,72.96025209895657,0.006079439862060229,1.0,0.0,0.0,0.0,0.03316375127761095,-1.11946672430331e-06,-0.03410482352214196,-2.403964170339347e-07,-0.03316375127761095,1.11946672430331e-06,0.0007296025209895657,6.079439930185071e-08,0.0002114697235414415,1.299068742032516e-06,-0.03389335379860051,1.058672324998581e-06,-0.0002114697235414409,-1.299068742032516e-06,0.0007296025209895658,6.07943986206023e-08
2,1412.537544622744,0.0,0.0,0.0,72.96025280351954,-0.002545306137280836,72.96025216406046,0.005675349536861028,1.0,0.0,0.0,0.0,0.03316375127432706,-1.156957335127653e-06,-0.03410482352219741,-2.496874652541907e-07,-0.03316375127432706,1.156957335127653e-06,0.0007296025216406048,5.675349649341536e-08,0.0002114697262297377,1.349891303964102e-06,-0.03389335379596767,1.100203838709911e-06,-0.0002114697262297419,-1.349891303964102e-06,0.0007296025216406047,5.675349536861029e-08
2,1467.799267622059,0.0,0.0,0.0,72.96025279595372,-0.002631534536223271,72.9602522234794,0.005279618607633004,1.0,0.0,0.0,0.0,0.03316375127088805,-1.196152061919669e-06,-0.03410482352225535,-2.593462856643749e-07,-0.03316375127088805,1.196152061919669e-06,0.0007296025222347938,5.279618539524424e-08,0.0002114697291324933,1.402702161594958e-06,-0.03389335379312285,1.143355875930583e-06,-0.0002114697291324893,-1.402702161594958e-06,0.000729602522234794,5.279618607633005e-08
2,1525.222956539008,0.0,0.0,0.0,72.9602527880021,-0.002721639004339436,72.96025227756358,0.004891664184825471,1.0,0.0,0.0,0.0,0.03316375126727368,-1.237108638336107e-06,-0.03410482352231613,-2.693871050792732e-07,-0.03316375126727368,1.237108638336107e-06,0.0007296025227756359,4.89166418444968e-08,0.0002114697322668166,1.457579101632229e-06,-0.0338933537900493,1.188191996552956e-06,-0.0002114697322668155,-1.457579101632229e-06,0.0007296025227756359,4.891664184825471e-08
2,1584.893192461102,0.0,0.0,0.0,72.96025277961772,-0.002815752257095191,72.96025232663173,0.004510914840883647,1.0,0.0,0.0,0.0,0.0331637512634626,-1.279887389588723e-06,-0.0341048235223801,-2.798247129079004e-07,-0.0331637512634626,1.279887389588723e-06,0.0007296025232663174,4.510914913071059e-08,0.0002114697356511811,1.514602953978096e-06,-0.03389335378672891,1.234778241070195e-06,-0.0002114697356511847,-1.514602953978096e-06,0.0007296025232663174,4.510914840883647e-08
2,1646.897865482857,0.0,0.0,0.0,72.96025277075123,-0.002914012914846567,72.96025237097312,0.004136809760588752,1.0,0.0,0.0,0.0,0.03316375125943238,-1.324551324930258e-06,-0.03410482352244764,-2.906744830028108e-07,-0.03316375125943238,1.324551324930258e-06,0.0007296025237097312,4.136809641932909e-08,0.0002114697393055338,1.573857710786551e-06,-0.03389335378314211,1.28318322778374e-06,-0.0002114697393055323,-1.573857710786551e-06,0.0007296025237097313,4.136809760588752e-08
2,1711.328304161769,0.0,0.0,0.0,72.96025276135035,-0.003016565710592458,72.96025241084904,0.003768797911443062,1.0,0.0,0.0,0.0,0.03316375125515925,-1.371166232087481e-06,-0.03410482352251915,-3.019523963340369e-07,-0.03316375125515925,1.371166232087481e-06,0.0007296025241084904,3.76879787944181e-08,0.0002114697432514131,1.635430650177958e-06,-0.03389335377926773,1.333478253843921e-06,-0.0002114697432514107,-1.635430650177958e-06,0.0007296025241084904,3.768797911443062e-08
2,1778.27941003891,0.0,0.0,0.0,72.96025275135968,-0.003123561697727326,72.96025244649454,0.00340633723746761,1.0,0.0,0.0,0.0,0.03316375125061803,-1.419800771694239e-06,-0.03410482352259506,-3.136750644834023e-07,-0.03316375125061803,1.419800771694239e-06,0.0007296025244649454,3.406337180753643e-08,0.0002114697475120755,1.6994124647936e-06,-0.03389335377508298,1.385737400310197e-06,-0.0002114697475120719,-1.6994124647936e-06,0.0007296025244649454,3.406337237467611e-08
2,1847.849797422278,0.0,0.0,0.0,72.9602527407203,-0.003235158472786351,72.96025247811968,0.003048893860538574,1.0,0.0,0.0,0.0,0.03316375124578196,-1.470526578539251e-06,-0.03410482352267579,-3.258597541143075e-07,-0.03316375124578196,1.470526578539251e-06,0.0007296025247811969,3.048893719482048e-08,0.000211469752112633,1.765897395379574e-06,-0.03389335377056316,1.440037641265266e-06,-0.0002114697521126349,-1.765897395379574e-06,0.0007296025247811969,3.048893860538575e-08
2,1920.141938638787,0.0,0.0,0.0,72.96025272936957,-0.003351520415324835,72.96025250591089,0.002695941286272312,1.0,0.0,0.0,0.0,0.03316375124062253,-1.523418370602197e-06,-0.03410482352276185,-3.385244124679105e-07,-0.03316375124062253,1.523418370602197e-06,0.0007296025250591089,2.695941346342542e-08,0.0002114697570802008,1.834983369596801e-06,-0.03389335376568164,1.49645895712889e-06,-0.0002114697570802029,-1.834983369596801e-06,0.0007296025250591089,2.695941286272312e-08
2,1995.262314968865,0.0,0.0,0.0,72.96025271724056,-0.003472818912805105,72.96025253003198,0.002346959645769412,1.0,0.0,0.0,0.0,0.03316375123510935,-1.578554051275048e-06,-0.03410482352285372,-3.516876936567759e-07,-0.03316375123510935,1.578554051275048e-06,0.0007296025253003199,2.346959677802683e-08,0.0002114697624440571,1.906772146261588e-06,-0.03389335376040967,1.555084452604813e-06,-0.0002114697624440581,-1.906772146261588e-06,0.0007296025253003198,2.346959645769412e-08
2,2073.32157348594,0.0,0.0,0.0,72.96025270426176,-0.003599232624035488,72.96025255062506,0.002001434918887657,1.0,0.0,0.0,0.0,0.03316375122920989,-1.63601482910704e-06,-0.03410482352295197,-3.653689862313075e-07,-0.03316375122920989,1.63601482910704e-06,0.0007296025255062507,2.001435136409307e-08,0.0002114697682358158,1.981369465229218e-06,-0.03389335375471614,1.61600047899791e-06,-0.0002114697682358141,-1.981369465229218e-06,0.0007296025255062506,2.001434918887657e-08
2,2154.434690031867,0.0,0.0,0.0,72.96025269035671,-0.003730947753318156,72.96025256781158,0.001658858166131,1.0,0.0,0.0,0.0,0.03316375122288941,-1.695885342417344e-06,-0.03410482352305715,-3.795884418279458e-07,-0.03316375122288941,1.695885342417344e-06,0.0007296025256781159,1.658858198190154e-08,0.000211469774489613,2.05888520314132e-06,-0.03389335374856753,1.679296761313374e-06,-0.0002114697744896102,-2.05888520314132e-06,0.0007296025256781158,1.658858166131e-08
2,2238.721138568323,0.0,0.0,0.0,72.96025267544341,-0.003868158311746283,72.96025258169276,0.001318724791986577,1.0,0.0,0.0,0.0,0.03316375121611064,-1.758253778066493e-06,-0.03410482352316989,-3.943670047447207e-07,-0.03316375121611064,1.758253778066493e-06,0.0007296025258169277,1.3187248447176e-08,0.0002114697812423079,2.139433535266433e-06,-0.03389335374192758,1.745066530521712e-06,-0.0002114697812423127,-2.139433535266433e-06,0.0007296025258169276,1.318724791986577e-08
2,2326.305067153608,0.0,0.0,0.0,72.96025265943402,-0.004011066397777209,72.96025259235047,0.000980533806882922,1.0,0.0,0.0,0.0,0.03316375120883364,-1.82321199898964e-06,-0.03410482352329085,-4.097264427481467e-07,-0.03316375120883364,1.82321199898964e-06,0.0007296025259235048,9.805337722235723e-09,0.0002114697885337002,2.223133103672145e-06,-0.03389335373475715,1.813406660923999e-06,-0.0002114697885337025,-2.223133103672146e-06,0.0007296025259235048,9.805338068829222e-09
2,2417.315480804085,0.0,0.0,0.0,72.96025264223414,-0.00415988250564873,72.96025259984748,0.0006437870785283746,1.0,0.0,0.0,0.0,0.03316375120101551,-1.890855684385786e-06,-0.03410482352342076,-4.256893792237349e-07,-0.03316375120101551,1.890855684385786e-06,0.0007296025259984748,6.437872819790764e-09,0.0002114697964067644,2.310107191976494e-06,-0.03389335372701399,1.88441781275276e-06,-0.0002114697964067658,-2.310107191976495e-06,0.0007296025259984748,6.437870785283747e-09
2,2511.886431509561,0.0,0.0,0.0,72.9602526237424,-0.004314825829511823,72.96025260422802,0.0003079886041080148,1.0,0.0,0.0,0.0,0.03316375119261018,-1.961284467959919e-06,-0.03410482352356037,-4.42279326450169e-07,-0.03316375119261018,1.961284467959919e-06,0.0007296025260422804,3.079887203421741e-09,0.0002114698049079037,2.400483906936049e-06,-0.03389335371865246,1.95820458048588e-06,-0.0002114698049079031,-2.400483906936049e-06,0.0007296025260422802,3.079886041080149e-09
2,2610.157215682516,0.0,0.0,0.0,72.96025260384984,-0.004476124588981133,72.96025260551788,-2.735622298630832e-05,1.0,0.0,0.0,0.0,0.03316375118356811,-2.034602085900515e-06,-0.03410482352371051,-4.595207202533436e-07,-0.03316375118356811,2.034602085900515e-06,0.0007296025260551789,-2.735605320927636e-10,0.0002114698140872227,2.494396367138125e-06,-0.03389335370962328,2.034875646884782e-06,-0.000211469814087227,-2.494396367138125e-06,0.0007296025260551789,-2.735622298630832e-10
2,2712.272579332007,0.0,0.0,0.0,72.96025258243918,-0.004644016363252565,72.96025260372467,-0.0003627413396426688,1.0,0.0,0.0,0.0,0.03316375117383599,-2.110916528751166e-06,-0.03410482352387206,-4.774389559819441e-07,-0.03316375117383599,2.110916528751166e-06,0.0007296025260372467,-3.627411251880332e-09,0.0002114698239988232,2.59198289907506e-06,-0.03389335369987324,2.114543943093116e-06,-0.0002114698239988264,-2.59198289907506e-06,0.0007296025260372467,-3.627413396426688e-09
2,2818.382931264432,0.0,0.0,0.0,72.96025255938426,-0.004818748455205799,72.96025259883785,-0.0006986607547282845,1.0,0.0,0.0,0.0,0.03316375116335648,-2.190340206911727e-06,-0.03410482352404598,-4.960604260292394e-07,-0.03316375116335648,2.190340206911727e-06,0.0007296025259883785,-6.986609352527982e-09,0.0002114698347011234,2.693387240889362e-06,-0.03389335368934485,2.197326814860123e-06,-0.0002114698347011265,-2.693387240889362e-06,0.0007296025259883786,-6.986607547282845e-09
2,2928.644564625213,0.0,0.0,0.0,72.96025253454916,-0.005000578221238224,72.96025259082856,-0.001035609242303888,1.0,0.0,0.0,0.0,0.0331637511520678,-2.272990100562829e-06,-0.03410482352423329,-5.154125584247888e-07,-0.0331637511520678,2.272990100562829e-06,0.0007296025259082854,-1.035609501968975e-08,0.0002114698462572011,2.798758754089821e-06,-0.03389335367797608,2.283346195665032e-06,-0.0002114698462572021,-2.798758754089821e-06,0.0007296025259082857,-1.035609242303888e-08
2,3043.219887107698,0.0,0.0,0.0,72.96025250778753,-0.005189773499620818,72.9602525796496,-0.001374083119679007,1.0,0.0,0.0,0.0,0.03316375113990342,-2.358987954373099e-06,-0.03410482352443509,-5.35523857638398e-07,-0.03316375113990342,2.358987954373099e-06,0.0007296025257964961,-1.37408297060699e-08,0.0002114698587351671,2.908252643550432e-06,-0.03389335366569991,2.372728785912034e-06,-0.0002114698587351721,-2.908252643550432e-06,0.0007296025257964961,-1.374083119679007e-08
2,3162.277660168354,0.0,0.0,0.0,72.96025247894163,-0.005386612948899126,72.96025256523512,-0.001714580922346432,1.0,0.0,0.0,0.0,0.03316375112679165,-2.448460431317784e-06,-0.03410482352465257,-5.564239461048928e-07,-0.03316375112679165,2.448460431317784e-06,0.0007296025256523515,-1.714580721302083e-08,0.0002114698722085648,3.022030186116166e-06,-0.033893353652444,2.465606240011273e-06,-0.0002114698722085681,-3.022030186116166e-06,0.0007296025256523513,-1.714580922346432e-08
2,3285.993247600628,0.0,0.0,0.0,72.96025244784147,-0.00559138649338328,72.96025254750019,-0.002057604173335432,1.0,0.0,0.0,0.0,0.03316375111265522,-2.541539315174218e-06,-0.03410482352488702,-5.78143608143429e-07,-0.03316375111265522,2.541539315174218e-06,0.000729602525475002,-2.057604218222512e-08,0.0002114698867568047,3.140258968152313e-06,-0.03389335363813022,2.562115360008884e-06,-0.0002114698867568057,-3.140258968152313e-06,0.0007296025254750019,-2.057604173335432e-08
2,3414.548873833574,0.0,0.0,0.0,72.96025241430372,-0.005804395772921494,72.96025252634021,-0.002403658144655242,1.0,0.0,0.0,0.0,0.03316375109741079,-2.638361714964316e-06,-0.03410482352513981,-6.007148354871773e-07,-0.03316375109741079,2.638361714964316e-06,0.0007296025252634021,-2.403658085070129e-08,0.0002114699024656331,3.263113132387273e-06,-0.03389335362267418,2.662398296900095e-06,-0.0002114699024656289,-3.263113132387273e-06,0.0007296025252634022,-2.403658144655242e-08
2,3548.133892335725,0.0,0.0,0.0,72.9602523781307,-0.006025954519852956,72.96025250163048,-0.002753252534183755,1.0,0.0,0.0,0.0,0.0331637510809685,-2.739070236296798e-06,-0.03410482352541245,-6.241708738524128e-07,-0.0331637510809685,2.739070236296798e-06,0.0007296025250163048,-2.75325242924328e-08,0.0002114699194276359,3.390773634412397e-06,-0.03389335360598481,2.766602760559984e-06,-0.000211469919427637,-3.390773634412397e-06,0.0007296025250163048,-2.753252534183756e-08
2,3686.945064519545,0.0,0.0,0.0,72.96025233910926,-0.006256389073034636,72.96025247322541,-0.003106902268337779,1.0,0.0,0.0,0.0,0.03316375106323148,-2.843813215015744e-06,-0.03410482352570652,-6.485462723331201e-07,-0.03316375106323148,2.843813215015744e-06,0.0007296025247322542,-3.10690240037844e-08,0.000211469937742785,3.523428509216669e-06,-0.03389335358796373,2.874882236883549e-06,-0.0002114699377427851,-3.523428509216669e-06,0.0007296025247322542,-3.106902268337779e-08
2,3831.186849557256,0.0,0.0,0.0,72.96025229700936,-0.006496038849032369,72.96025244095752,-0.003465128251040306,1.0,0.0,0.0,0.0,0.03316375104409516,-2.952744931378349e-06,-0.03410482352602377,-6.738769342115935e-07,-0.03316375104409516,2.952744931378349e-06,0.0007296025244095751,-3.465128217252036e-08,0.000211469957519028,3.661273148148793e-06,-0.03389335356850474,2.9873962139372e-06,-0.0002114699575190282,-3.661273148148794e-06,0.0007296025244095752,-3.465128251040306e-08
2,3981.071705534939,0.0,0.0,0.0,72.96025225158292,-0.006745256839013252,72.96025240463668,-0.003828458127931014,1.0,0.0,0.0,0.0,0.03316375102344678,-3.066025835915115e-06,-0.03410482352636608,-7.002001698164882e-07,-0.03316375102344678,3.066025835915115e-06,0.0007296025240463672,-3.828457904926675e-08,0.000211469978872924,3.804510586714676e-06,-0.03389335354749315,3.104310416898188e-06,-0.000211469978872926,-3.804510586714676e-06,0.0007296025240463668,-3.828458127931014e-08
2,4136.820402388472,0.0,0.0,0.0,72.96025220256216,-0.007004410118488593,72.96025236404881,-0.004197427053362993,1.0,0.0,0.0,0.0,0.03316375100116462,-3.183822781131179e-06,-0.03410482352673544,-7.275547513947427e-07,-0.03316375100116462,3.183822781131179e-06,0.000729602523640488,-4.197427170336763e-08,0.0002114700019303305,3.953351803634148e-06,-0.0338933535248051,3.225797052239405e-06,-0.0002114700019303362,-3.953351803634148e-06,0.0007296025236404882,-4.197427053362993e-08
2,4298.662347082241,0.0,0.0,0.0,72.96025214965816,-0.007273880408459515,72.96025231895464,-0.004572578499116646,1.0,0.0,0.0,0.0,0.03316375097711734,-3.306309276572507e-06,-0.03410482352713404,-7.559809703883299e-07,-0.03316375097711734,3.306309276572507e-06,0.0007296025231895466,-4.572578198260458e-08,0.0002114700268271454,4.108016031597454e-06,-0.03389335350030689,3.352035061209125e-06,-0.000211470026827143,-4.108016031597454e-06,0.0007296025231895465,-4.572578499116647e-08
2,4466.835921509593,0.0,0.0,0.0,72.96025209255913,-0.007554064615144606,72.96025226908846,-0.004954465032374893,1.0,0.0,0.0,0.0,0.03316375095116324,-3.433665734156639e-06,-0.03410482352756423,-7.855206965959713e-07,-0.03316375095116324,3.433665734156639e-06,0.0007296025226908849,-4.954464627077099e-08,0.0002114700537101077,4.268731080179207e-06,-0.03389335347385412,3.483210383583236e-06,-0.0002114700537101111,-4.268731080179207e-06,0.0007296025226908846,-4.954465032374893e-08
2,4641.588833612739,0.0,0.0,0.0,72.96025203092852,-0.007845375425393725,72.96025221415633,-0.005343649140414644,1.0,0.0,0.0,0.0,0.03316375092314933,-3.56607973881533e-06,-0.03410482352802856,-8.162174399330258e-07,-0.03316375092314933,3.56607973881533e-06,0.0007296025221415634,-5.343649074045607e-08,0.0002114700827376624,4.435733671385422e-06,-0.03389335344529089,3.619516231452396e-06,-0.0002114700827376623,-4.435733671385422e-06,0.0007296025221415634,-5.343649140414645e-08
2,4823.178482239265,0.0,0.0,0.0,72.96025196440307,-0.008148241940653724,72.96025215383446,-0.005740704085218039,1.0,0.0,0.0,0.0,0.03316375089291049,-3.703746336660784e-06,-0.03410482352852974,-8.481164147327548e-07,-0.03316375089291049,3.703746336660784e-06,0.0007296025215383446,-5.740703900502513e-08,0.0002114701140808957,4.609269788327887e-06,-0.03389335341444884,3.761153373595132e-06,-0.0002114701140808958,-4.609269788327887e-06,0.0007296025215383446,-5.74070408521804e-08
2,5011.87233627268,0.0,0.0,0.0,72.96025189259075,-0.008463110225262726,72.9602520877674,-0.006146214664105082,1.0,0.0,0.0,0.0,0.03316375086026852,-3.84686828421033e-06,-0.03410482352907074,-8.812646056568187e-07,-0.03316375086026852,3.84686828421033e-06,0.0007296025208776741,-6.146214823042167e-08,0.0002114701479245393,4.78959503753941e-06,-0.0338933533811462,3.908330431882593e-06,-0.000211470147924539,-4.789595037539411e-06,0.0007296025208776741,-6.146214664105082e-08
2,5207.948328595417,0.0,0.0,0.0,72.96025181506825,-0.008790444094623673,72.96025201556567,-0.006560778202251148,1.0,0.0,0.0,0.0,0.03316375082503102,-3.995656406647124e-06,-0.03410482352965474,-9.157108379764403e-07,-0.03316375082503102,3.995656406647124e-06,0.0007296025201556569,-6.560777871747634e-08,0.0002114701844680659,4.976975025463603e-06,-0.03389335334518667,4.061264187487164e-06,-0.0002114701844680641,-4.976975025463603e-06,0.0007296025201556568,-6.560778202251148e-08
2,5411.695265464588,0.0,0.0,0.0,72.96025173137865,-0.009130725663498186,72.96025193680377,-0.006985005297631378,1.0,0.0,0.0,0.0,0.03316375078699029,-4.15032984704463e-06,-0.0341048235302852,-9.515058483820551e-07,-0.03316375078699029,4.15032984704463e-06,0.0007296025193680376,-6.985005614546488e-08,0.0002114702239268575,5.171685749673746e-06,-0.03389335330635834,4.220179901291691e-06,-0.0002114702239268546,-5.171685749673746e-06,0.0007296025193680378,-6.985005297631378e-08
2,5623.413251903441,0.0,0.0,0.0,72.96025164102873,-0.009484456159881006,72.96025185101747,-0.007419520824141888,1.0,0.0,0.0,0.0,0.03316375074592215,-4.311116436309548e-06,-0.03410482353096581,-9.887023605661569e-07,-0.03316375074592215,4.311116436309548e-06,0.0007296025185101747,-7.419521167861066e-08,0.000211470266533481,5.374014005396953e-06,-0.03389335326443232,4.385311644830796e-06,-0.0002114702665334811,-5.374014005396953e-06,0.0007296025185101748,-7.419520824141889e-08
2,5843.414133735124,0.0,0.0,0.0,72.96025154348597,-0.00985215659323299,72.96025175770114,-0.007864964781954524,1.0,0.0,0.0,0.0,0.03316375070158453,-4.478252996924086e-06,-0.0341048235317006,-1.027355162306971e-06,-0.03316375070158453,4.478252996924086e-06,0.0007296025175770115,-7.86496460313712e-08,0.0002114703125390545,5.584257807942386e-06,-0.03389335321916154,4.556902645635415e-06,-0.0002114703125390555,-5.584257807942385e-06,0.0007296025175770115,-7.864964781954524e-08
2,6072.021956909831,0.0,0.0,0.0,72.96025143817546,-0.01023436856835498,72.96025165630485,-0.008321993286655716,1.0,0.0,0.0,0.0,0.03316375065371612,-4.651985712888628e-06,-0.0341048235324939,-1.067521186548238e-06,-0.03316375065371612,4.651985712888628e-06,0.0007296025165630486,-8.32199364259872e-08,0.0002114703622147302,5.802726831655767e-06,-0.03389335317027917,4.735205645107529e-06,-0.0002114703622147288,-5.802726831655767e-06,0.0007296025165630485,-8.321993286655717e-08
2,6309.573444801876,0.0,0.0,0.0,72.9602513244765,-0.01063165503929135,72.9602515462309,-0.008791279491816389,1.0,0.0,0.0,0.0,0.03316375060203477,-4.83257047240516e-06,-0.03410482353335037,-1.109259594897765e-06,-0.03316375060203477,4.83257047240516e-06,0.0007296025154623083,-8.791279671205277e-08,0.0002114704158532899,6.029742866046633e-06,-0.03389335311749708,4.920483271148868e-06,-0.0002114704158532946,-6.029742866046633e-06,0.000729602515462309,-8.79127949181639e-08
2,6556.418494179729,0.0,0.0,0.0,72.96025120171898,-0.0110446012088743,72.96025142683055,-0.009273514650852443,1.0,0.0,0.0,0.0,0.0331637505462359,-5.020273276761043e-06,-0.03410482353427507,-1.152631865345554e-06,-0.0331637505462359,5.020273276761043e-06,0.0007296025142683056,-9.273514730410968e-08,0.0002114704737708754,6.265640289760257e-06,-0.03389335306050419,5.113008424414702e-06,-0.000211470473770875,-6.265640289760256e-06,0.0007296025142683056,-9.273514650852444e-08
2,6812.920690579551,0.0,0.0,0.0,72.96025106917935,-0.01147381529976078,72.96025129740008,-0.009769409044266812,1.0,0.0,0.0,0.0,0.03316375048599061,-5.215370590800357e-06,-0.03410482353527346,-1.197701882070591e-06,-0.03316375048599061,5.215370590800357e-06,0.0007296025129740009,-9.769408899375886e-08,0.0002114705363088453,6.510766563092251e-06,-0.03389335299896461,5.31306468102166e-06,-0.0002114705363088498,-6.510766563092251e-06,0.0007296025129740008,-9.769409044266812e-08
2,7079.457843841315,0.0,0.0,0.0,72.96025092607645,-0.01191992951394572,72.96025115717663,-0.01027969308948667,1.0,0.0,0.0,0.0,0.03316375042094384,-5.418149779066236e-06,-0.03410482353635141,-1.244536030059952e-06,-0.03316375042094384,5.418149779066236e-06,0.0007296025115717662,-1.027969289157723e-07,0.0002114706038357913,6.765482739771343e-06,-0.03389335293251561,5.520946709711391e-06,-0.0002114706038357922,-6.765482739771343e-06,0.0007296025115717664,-1.027969308948667e-07
2,7356.422544596346,0.0,0.0,0.0,72.96025077156686,-0.01238360095800605,72.96025100533375,-0.01080511841077202,1.0,0.0,0.0,0.0,0.03316375035071221,-5.628909526366386e-06,-0.03410482353751527,-1.293203292840482e-06,-0.03316375035071221,5.628909526366386e-06,0.0007296025100533375,-1.080511818375287e-07,0.0002114706767497109,7.030163998764053e-06,-0.03389335286076556,5.736960705923571e-06,-0.0002114706767497102,-7.030163998764053e-06,0.0007296025100533375,-1.080511841077202e-07
2,7644.222742525932,0.0,0.0,0.0,72.96025060473994,-0.01286551255977703,72.96025084097651,-0.01134645889510988,1.0,0.0,0.0,0.0,0.03316375027488179,-5.847960254444107e-06,-0.03410482353877191,-1.343775353666687e-06,-0.03316375027488179,5.847960254444107e-06,0.0007296025084097656,-1.13464586900542e-07,0.0002114707554803484,7.305200196884631e-06,-0.03389335278329155,5.961424843217944e-06,-0.0002114707554803502,-7.30520019688463e-06,0.0007296025084097652,-1.134645889510988e-07
2,7943.282347242741,0.0,0.0,0.0,72.96025042461237,-0.01336637418207171,72.96025066313615,-0.01190451193991024,1.0,0.0,0.0,0.0,0.03316375019300562,-6.075624628214412e-06,-0.03410482354012873,-1.396326701989729e-06,-0.03316375019300562,6.075624628214412e-06,0.000729602506631363,-1.190451085350841e-07,0.0002114708404917368,7.590996443024058e-06,-0.03389335269963699,6.194669741034329e-06,-0.000211470840491737,-7.590996443024058e-06,0.0007296025066313615,-1.190451193991024e-07
2,8254.041852680108,0.0,0.0,0.0,72.96025023012255,-0.01388692350508711,72.96025047076459,-0.01248009946434463,1.0,0.0,0.0,0.0,0.03316375010460116,-6.312237956857778e-06,-0.03410482354159373,-1.450934741836455e-06,-0.03316375010460116,6.312237956857778e-06,0.0007296025047076461,-1.248009903655885e-07,0.0002114709322849193,7.887973694844031e-06,-0.03389335260930881,6.437038953007576e-06,-0.0002114709322849212,-7.887973694844031e-06,0.000729602504707646,-1.248009946434463e-07
2,8576.958985908861,0.0,0.0,0.0,72.96025002012416,-0.01442792731146448,72.96025026272795,-0.01307406931848442,1.0,0.0,0.0,0.0,0.03316375000914735,-6.558148777938401e-06,-0.03410482354317555,-1.507679907448794e-06,-0.03316375000914735,6.558148777938401e-06,0.0007296025026272789,-1.307406928092399e-07,0.0002114710314009191,8.196569378814624e-06,-0.03389335251177462,6.68888947136583e-06,-0.0002114710314009213,-8.196569378814624e-06,0.0007296025026272796,-1.307406931848442e-07
2,8912.509381337371,0.0,0.0,0.0,72.96024979337949,-0.01499018244579762,72.96025003780008,-0.01368729636221584,1.0,0.0,0.0,0.0,0.03316374990608158,-6.813719293544372e-06,-0.0341048235448835,-1.566645780363772e-06,-0.03316374990608158,6.813719293544372e-06,0.0007296025003780015,-1.368729593259804e-07,0.0002114711384239137,8.517238034508952e-06,-0.03389335240645958,6.95059225414518e-06,-0.000211471138423909,-8.517238034508952e-06,0.0007296025003780008,-1.368729636221584e-07
2,9261.187281287846,0.0,0.0,0.0,72.96024954855213,-0.01557451705685525,72.9602497946553,-0.01432068382237345,1.0,0.0,0.0,0.0,0.03316374979479642,-7.079325934934205e-06,-0.03410482354672766,-1.627919213085514e-06,-0.03316374979479642,7.079325934934205e-06,0.0007296024979465527,-1.432068336777555e-07,0.0002114712539846834,8.850451984103741e-06,-0.03389335229274297,7.222532771018227e-06,-0.0002114712539846852,-8.850451984103741e-06,0.000729602497946553,-1.432068382237345e-07
2,9623.506263980795,0.0,0.0,0.0,72.9602492841991,-0.01618179183123494,72.96024953186054,-0.01497516463697878,1.0,0.0,0.0,0.0,0.03316374967463595,-7.355359923288611e-06,-0.03410482354871889,-1.691590457126549e-06,-0.03316374967463595,7.355359923288611e-06,0.000729602495318606,-1.497516470016583e-07,0.0002114713787643309,9.196702028071895e-06,-0.03389335216995455,7.505111570945345e-06,-0.0002114713787643302,-9.196702028071893e-06,0.0007296024953186055,-1.497516463697878e-07
2,9999.999999999904,0.0,0.0,0.0,72.96024899876232,-0.01681290124414977,72.96024924786693,-0.01565170281244829,1.0,0.0,0.0,0.0,0.03316374954489196,-7.642227838249898e-06,-0.03410482355086893,-1.757753295802976e-06,-0.03316374954489196,7.642227838249898e-06,0.0007296024924786683,-1.565170374199945e-07,0.0002114715134982937,9.556498168091656e-06,-0.03389335203737063,7.79874487228868e-06,-0.0002114715134982972,-9.556498168091656e-06,0.0007296024924786694,-1.565170281244829e-07
2,10391.22303835159,0.0,0.0,0.0,72.96024869055947,-0.01746877487875036,72.96024894100059,-0.01635129484533002,1.0,0.0,0.0,0.0,0.03316374940479976,-7.940352217613802e-06,-0.03410482355319045,-1.82650518238571e-06,-0.03316374940479976,7.940352217613802e-06,0.0007296024894100025,-1.635129559821028e-07,0.0002114716589806792,9.930370358237147e-06,-0.03389335189420977,8.103865175851438e-06,-0.0002114716589806803,-9.930370358237147e-06,0.0007296024894100059,-1.635129484533002e-07
2,10797.75162327699,0.0,0.0,0.0,72.96024835777402,-0.01815037883111633,72.96024860945289,-0.01707497122585378,1.0,0.0,0.0,0.0,0.03316374925353364,-8.250172195961966e-06,-0.03410482355569713,-1.897947383935919e-06,-0.03316374925353364,8.250172195961966e-06,0.0007296024860945304,-1.707497028705555e-07,0.0002114718160689493,1.03188692855566e-05,-0.03389335173962818,8.420921901620687e-06,-0.0002114718160689533,-1.031886928555661e-05,0.000729602486094529,-1.707497122585379e-07
2,11220.18454301952,0.0,0.0,0.0,72.96024799844461,-0.01885871696103739,72.96024825126983,-0.01782379778356043,1.0,0.0,0.0,0.0,0.0331637490902021,-8.572144073198811e-06,-0.03410482355840375,-1.972185129051448e-06,-0.0331637490902021,8.572144073198811e-06,0.0007296024825126963,-1.782379820627124e-07,0.0002114719856889538,1.072256718118796e-05,-0.03389335157271479,8.750382052136515e-06,-0.0002114719856889588,-1.072256718118796e-05,0.0007296024825126984,-1.782379778356044e-07
2,11659.1440117982,0.0,0.0,0.0,72.96024761045337,-0.01959483269108809,72.96024786434019,-0.01859887757765358,1.0,0.0,0.0,0.0,0.03316374891384244,-8.906742132312767e-06,-0.03410482356132627,-2.049327765490417e-06,-0.03316374891384244,8.906742132312767e-06,0.0007296024786434057,-1.859887598517384e-07,0.0002114721688404251,1.11420586632064e-05,-0.03389335139248584,9.092730897715979e-06,-0.000211472168840432,-1.11420586632064e-05,0.0007296024786434019,-1.859887757765359e-07
2,12115.27658628577,0.0,0.0,0.0,72.96024719151353,-0.02035981015459853,72.96024744638358,-0.01940135213281104,1.0,0.0,0.0,0.0,0.03316374872341524,-9.254459161181151e-06,-0.0341048235644819,-2.129488918041989e-06,-0.03316374872341524,9.254459161181151e-06,0.0007296024744638343,-1.940135210117483e-07,0.000211472366602823,1.157796161244519e-05,-0.03389335119787907,9.4484726944032e-06,-0.0002114723666028218,-1.157796161244519e-05,0.0007296024744638358,-1.940135213281105e-07
2,12589.25411794155,0.0,0.0,0.0,72.96024673915586,-0.02115477625173725,72.96024699493645,-0.02023240357980103,1.0,0.0,0.0,0.0,0.03316374851779812,-9.615807387153294e-06,-0.03410482356788924,-2.212786659655513e-06,-0.03316374851779812,9.615807387153294e-06,0.0007296024699493655,-2.023240246697112e-07,0.0002114725801417557,1.203091808257974e-05,-0.03389335098774748,9.818131422924231e-06,-0.0002114725801417514,-1.203091808257975e-05,0.0007296024699493646,-2.023240357980104e-07
2,13081.77474260181,0.0,0.0,0.0,72.96024625071428,-0.02198090181460998,72.96024650733817,-0.02109325590193189,1.0,0.0,0.0,0.0,0.03316374829577922,-9.991319006640902e-06,-0.03410482357156838,-2.299343681294621e-06,-0.03316374829577922,9.991319006640902e-06,0.0007296024650733804,-2.109325593271353e-07,0.0002114728107157852,1.250159524581519e-05,-0.0338933507608526,1.020225156452057e-05,-0.0002114728107157834,-1.250159524581519e-05,0.0007296024650733817,-2.109325590193189e-07
2,13593.56390878512,0.0,0.0,0.0,72.96024572330994,-0.02283940366333559,72.96024598071482,-0.02198517706941588,1.0,0.0,0.0,0.0,0.03316374805604997,-1.038154711969799e-05,-0.034104823575541,-2.389287475372447e-06,-0.03316374805604997,1.038154711969799e-05,0.0007296024598071472,-2.198517739760944e-07,0.0002114730596838881,1.299068637557021e-05,-0.03389335051585711,1.060139890019776e-05,-0.0002114730596838935,-1.299068637557021e-05,0.0007296024598071482,-2.198517706941588e-07
2,14125.3754462274,0.0,0.0,0.0,72.96024515383434,-0.02373154640510413,72.96024541196248,-0.0229094809137679,1.0,0.0,0.0,0.0,0.03316374779719743,-1.078706654777461e-05,-0.03410482357983052,-2.482750523594593e-06,-0.03316374779719743,1.078706654777461e-05,0.0007296024541196263,-2.290947934210303e-07,0.0002114733285134687,1.349891186760443e-05,-0.03389335025131705,1.101616134400984e-05,-0.0002114733285134701,-1.349891186760443e-05,0.0007296024541196248,-2.29094809137679e-07
2,14677.99267622055,0.0,0.0,0.0,72.96024453893114,-0.02465864395908239,72.96024479772913,-0.02386752872521491,1.0,0.0,0.0,0.0,0.03316374751769597,-1.120847452685563e-05,-0.03410482358446222,-2.579870489324219e-06,-0.03316374751769597,1.120847452685563e-05,0.0007296024479772935,-2.386752821804233e-07,0.0002114736187889568,1.40270203010932e-05,-0.03389334996567326,1.144714981176898e-05,-0.0002114736187889613,-1.402702030109319e-05,0.0007296024479772914,-2.386752872521491e-07
2,15252.22956539003,0.0,0.0,0.0,72.96024387497609,-0.02562206197229493,72.96024413439444,-0.0248607317383513,1.0,0.0,0.0,0.0,0.03316374721589822,-1.164639180558861e-05,-0.03410482358946339,-2.680790424293428e-06,-0.03316374721589822,1.164639180558861e-05,0.0007296024413439475,-2.486073167348957e-07,0.0002114739322212186,1.45757895412123e-05,-0.03389334965724217,1.189499911691887e-05,-0.0002114739322212206,-1.45757895412123e-05,0.0007296024413439444,-2.48607317383513e-07
2,15848.93192461097,0.0,0.0,0.0,72.96024315805597,-0.02662321946445837,72.96024341804885,-0.02589055284412045,1.0,0.0,0.0,0.0,0.03316374689002544,-1.210146339293562e-05,-0.03410482359486352,-2.785658976300188e-06,-0.03316374689002544,1.210146339293562e-05,0.0007296024341804905,-2.589055213858253e-07,0.0002114742706575846,1.514602788485657e-05,-0.03389334932420592,1.236036890855638e-05,-0.0002114742706575898,-1.514602788485657e-05,0.0007296024341804885,-2.589055284412045e-07
2,16468.97865482852,0.0,0.0,0.0,72.96024238394533,-0.02766359100397053,72.96024264447028,-0.02695850883042317,1.0,0.0,0.0,0.0,0.03316374653815696,-1.257435954725933e-05,-0.03410482360069442,-2.894630608860748e-06,-0.03316374653815696,1.257435954725933e-05,0.000729602426444704,-2.695850886304425e-07,0.0002114746360927493,1.573857525117942e-05,-0.03389334896460167,1.284394464231868e-05,-0.0002114746360927511,-1.573857525117942e-05,0.0007296024264447029,-2.695850883042318e-07
2,17113.28304161763,0.0,0.0,0.0,72.9602415480816,-0.02874470908950343,72.96024180909932,-0.02806617282589702,1.0,0.0,0.0,0.0,0.03316374615821891,-1.306577685886519e-05,-0.03410482360699047,-3.007865830443779e-06,-0.03316374615821891,1.306577685886519e-05,0.0007296024180909898,-2.806617246345221e-07,0.0002114750306805647,1.635430441870676e-05,-0.03389334857630991,1.334643858826298e-05,-0.0002114750306805649,-1.635430441870676e-05,0.0007296024180909932,-2.806617282589703e-07
2,17782.79410038904,0.0,0.0,0.0,72.96024064553836,-0.02986816605182892,72.96024090701245,-0.0292151762615871,1.0,0.0,0.0,0.0,0.03316374574797198,-1.357643911446769e-05,-0.03410482361378878,-3.125531427972015e-06,-0.03316374574797198,1.357643911446769e-05,0.0007296024090701183,-2.921517690062599e-07,0.0002114754567466728,1.699412231084695e-05,-0.03389334815704211,1.386859088287493e-05,-0.0002114754567466778,-1.699412231084695e-05,0.0007296024090701245,-2.921517626158711e-07
2,18478.49797422272,0.0,0.0,0.0,72.96023967099606,-0.03103561670954198,72.96023993289279,-0.03040721158426129,1.0,0.0,0.0,0.0,0.03316374530499821,-1.410709850433726e-05,-0.03410482362112941,-3.247800715033912e-06,-0.03316374530499821,1.410709850433726e-05,0.0007296023993289253,-3.040721263337336e-07,0.0002114759168022679,1.765897133168989e-05,-0.03389334770432714,1.441117061665598e-05,-0.0002114759168022687,-1.765897133168989e-05,0.000729602399328928,-3.040721158426129e-07
2,19201.41938638781,0.0,0.0,0.0,72.96023861871092,-0.03224878057928333,72.96023888099907,-0.03164403452205652,1.0,0.0,0.0,0.0,0.03316374482668678,-1.465853662694697e-05,-0.03410482362905563,-3.374853785298383e-06,-0.03316374482668678,1.465853662694697e-05,0.0007296023888099882,-3.16440365882462e-07,0.0002114764135588549,1.834983075406236e-05,-0.03389334721549678,1.497497696876398e-05,-0.0002114764135588559,-1.834983075406236e-05,0.0007296023888099908,-3.164403452205653e-07
2,19952.62314968858,0.0,0.0,0.0,72.96023748248088,-0.03350944458284326,72.96023774513152,-0.03292746684491967,1.0,0.0,0.0,0.0,0.03316374431021858,-1.523156571947421e-05,-0.03410482363761416,-3.50687777921095e-06,-0.03316374431021858,1.523156571947421e-05,0.0007296023774513158,-3.292746819437088e-07,0.000211476949944264,1.90677181618835e-05,-0.03389334668766988,1.556084038267255e-05,-0.0002114769499442642,-1.90677181618835e-05,0.0007296023774513153,-3.292746684491967e-07
2,20733.21573485933,0.0,0.0,0.0,72.9602362556091,-0.03481946554864164,72.96023651859545,-0.03425939891741643,1.0,0.0,0.0,0.0,0.03316374375254959,-1.582702979483711e-05,-0.03410482364685543,-3.644067158567679e-06,-0.03316374375254959,1.582702979483711e-05,0.0007296023651859468,-3.425939885579828e-07,0.0002114775291198811,1.981369094894432e-05,-0.03389334611773554,1.616962379037663e-05,-0.0002114775291198814,-1.981369094894431e-05,0.0007296023651859546,-3.425939891741643e-07
2,21544.3469003186,0.0,0.0,0.0,72.96023493086456,-0.03618077309014661,72.96023519416181,-0.03564179262654637,1.0,0.0,0.0,0.0,0.03316374315039298,-1.644580595006664e-05,-0.03410482365683391,-3.786623994120782e-06,-0.03316374315039298,1.644580595006664e-05,0.0007296023519416214,-3.564179179345638e-07,0.0002114781544993111,2.058884787631826e-05,-0.0338933455023346,1.680222388219748e-05,-0.0002114781544993102,-2.058884787631826e-05,0.0007296023519416182,-3.564179262654637e-07
2,22387.21138568315,0.0,0.0,0.0,72.9602335004394,-0.03759537227866586,72.96023376402461,-0.03707668410207095,1.0,0.0,0.0,0.0,0.03316374250019972,-1.708880558121175e-05,-0.03410482366760843,-3.934758261825029e-06,-0.03316374250019972,1.708880558121175e-05,0.0007296023376402398,-3.707668535129156e-07,0.0002114788297684605,2.1394330690696e-05,-0.03389334483783997,1.745957242887097e-05,-0.0002114788297684564,-2.1394330690696e-05,0.0007296023376402462,-3.707668410207096e-07
2,23263.05067153601,0.0,0.0,0.0,72.96023195590278,-0.03906534672734111,72.96023221975466,-0.03856618684625489,1.0,0.0,0.0,0.0,0.03316374179813763,-1.775697578515505e-05,-0.03410482367924247,-4.088688153189813e-06,-0.03316374179813763,1.775697578515505e-05,0.0007296023221975485,-3.856618831954533e-07,0.0002114795589072907,2.223132580602712e-05,-0.03389334412033518,1.814263765283731e-05,-0.000211479558907289,-2.223132580602712e-05,0.0007296023221975466,-3.85661868462549e-07
2,24173.15480804078,0.0,0.0,0.0,72.96023028815148,-0.04059286157231682,72.96023055225031,-0.04011249475905948,1.0,0.0,0.0,0.0,0.03316374104006885,-1.845130071468946e-05,-0.03410482369180462,-4.248640395939387e-06,-0.03316374104006885,1.845130071468946e-05,0.0007296023055224979,-4.011249525880464e-07,0.0002114803462132541,2.310106605094506e-05,-0.03389334334559136,1.885242565500567e-05,-0.0002114803462132525,-2.310106605094506e-05,0.0007296023055225031,-4.011249475905948e-07
2,25118.86431509553,0.0,0.0,0.0,72.96022848735599,-0.04218016665949613,72.96022875168354,-0.0417178853672656,1.0,0.0,0.0,0.0,0.03316374022152545,-1.917280302704369e-05,-0.0341048237053689,-4.414850587947927e-06,-0.03316374022152545,1.917280302704369e-05,0.0007296022875168311,-4.17178871432346e-07,0.000211481196326621,2.400483248454765e-05,-0.03389334250904227,1.958998189659972e-05,-0.0002114811963266211,-2.400483248454765e-05,0.0007296022875168355,-4.17178853672656e-07
2,26101.57215682508,0.0,0.0,0.0,72.96022654290253,-0.04382960007395569,72.9602268074419,-0.04338472339466058,1.0,0.0,0.0,0.0,0.03316373933768297,-1.992254548816168e-05,-0.03410482372001527,-4.58756354602737e-06,-0.03316373933768297,1.992254548816168e-05,0.0007296022680744098,-4.338472451181654e-07,0.0002114821142578871,2.494395628320693e-05,-0.03389334160575738,2.035639273717956e-05,-0.0002114821142578938,-2.494395628320693e-05,0.0007296022680744191,-4.338472339466059e-07
2,27122.72579331998,0.0,0.0,0.0,72.96022444333073,-0.04554359129237808,72.96022470806625,-0.04511546395370756,1.0,0.0,0.0,0.0,0.03316373838333215,-2.07016324056264e-05,-0.03410482373583005,-4.767033664134846e-06,-0.03316373838333215,2.07016324056264e-05,0.0007296022470806777,-4.511546261624041e-07,0.000211483105417228,2.591982070118587e-05,-0.03389334063041282,2.115278703705102e-05,-0.0002114831054172289,-2.591982070118587e-05,0.0007296022470806626,-4.511546395370756e-07
2,28183.82931264423,0.0,0.0,0.0,72.96022217626609,-0.04732466478094145,72.96022244118328,-0.04691265618119488,1.0,0.0,0.0,0.0,0.03316373735284822,-2.15112112640643e-05,-0.03410482375290645,-4.953525288236908e-06,-0.03316373735284822,2.15112112640643e-05,0.0007296022244118417,-4.691265462046517e-07,0.0002114841756463858,2.69338631079484e-05,-0.03389333957726006,2.19803378197115e-05,-0.0002114841756463912,-2.69338631079484e-05,0.0007296022244118329,-4.691265618119489e-07
2,29286.44564625204,0.0,0.0,0.0,72.96021972834679,-0.04917544393585706,72.96021999343223,-0.04877894721511167,1.0,0.0,0.0,0.0,0.03316373624015763,-2.235247451629866e-05,-0.03410482377134512,-5.147313107495718e-06,-0.03316373624015763,2.235247451629866e-05,0.0007296021999343203,-4.877894699472759e-07,0.0002114853312531647,2.798757710516178e-05,-0.03389333844009195,2.284026399766606e-05,-0.0002114853312531681,-2.798757710516178e-05,0.0007296021999343223,-4.877894721511168e-07
2,30432.19887107688,0.0,0.0,0.0,72.96021708514499,-0.05109865488679171,72.96021735038626,-0.05071708603304026,1.0,0.0,0.0,0.0,0.03316373503870227,-2.322666131217805e-05,-0.03410482379125473,-5.348682558369603e-06,-0.03316373503870227,2.322666131217805e-05,0.000729602173503859,-5.071708668701932e-07,0.0002114865790485951,2.908251472650767e-05,-0.03389333721220612,2.373383216813807e-05,-0.0002114865790485976,-2.908251472650767e-05,0.0007296021735038626,-5.071708603304026e-07
2,31622.77660168344,0.0,0.0,0.0,72.96021423108208,-0.05309713026597528,72.96021449646764,-0.05272992725491711,1.0,0.0,0.0,0.0,0.03316373374140094,-2.413505921180694e-05,-0.03410482381275262,-5.55793024302059e-06,-0.03316373374140094,2.413505921180694e-05,0.0007296021449646796,-5.272992659141435e-07,0.0002114879263869968,3.022028872354019e-05,-0.03389333588636562,2.46623584805196e-05,-0.0002114879263869981,-3.02202887235402e-05,0.0007296021449646765,-5.272992725491712e-07
2,32859.93247600617,0.0,0.0,0.0,72.9602111493366,-0.05517381366262563,72.96021141485582,-0.05482043562984414,1.0,0.0,0.0,0.0,0.03316373234060754,-2.507900621028438e-05,-0.03410482383596551,-5.775364368503939e-06,-0.03316373234060754,2.507900621028438e-05,0.0007296021141485433,-5.482043749167168e-07,0.0002114893812094129,3.140257494095504e-05,-0.0338933344547561,2.562721057245109e-05,-0.0002114893812094135,-3.140257494095504e-05,0.0007296021141485582,-5.482043562984414e-07
2,34145.48873833563,0.0,0.0,0.0,72.96020782174507,-0.05733176387170422,72.96020808738805,-0.05699169031601122,1.0,0.0,0.0,0.0,0.03316373082806594,-2.605989266895646e-05,-0.0341048238610302,-6.001305200022597e-06,-0.03316373082806594,2.605989266895646e-05,0.0007296020808738695,-5.699169157580491e-07,0.0002114909520903878,3.263111478476587e-05,-0.03389333290893981,2.662980958474328e-05,-0.0002114909520903943,-3.263111478476588e-05,0.0007296020808738806,-5.699169031601123e-07
2,35481.33892335714,0.0,0.0,0.0,72.96020422869505,-0.05957415941675402,72.96020449445265,-0.05924688943352789,1.0,0.0,0.0,0.0,0.03316372919486139,-2.707916337125183e-05,-0.03410482388809443,-6.236085532798998e-06,-0.03316372919486139,2.707916337125183e-05,0.0007296020449445319,-5.924689181411716e-07,0.0002114926482885116,3.39077177870205e-05,-0.03389333123980592,2.76716322542215e-05,-0.0002114926482885138,-3.39077177870205e-05,0.0007296020449445266,-5.92468894335279e-07
2,36869.45064519533,0.0,0.0,0.0,72.96020034900968,-0.06190430303839568,72.96020061487341,-0.06158935458178376,1.0,0.0,0.0,0.0,0.03316372743136804,-2.813831956290713e-05,-0.03410482391731771,-6.480051180674123e-06,-0.03316372743136804,2.813831956290713e-05,0.0007296020061487395,-6.158935176400812e-07,0.0002114944798009142,3.5234264270831e-05,-0.03389332943751679,2.875421309015687e-05,-0.0002114944798009208,-3.5234264270831e-05,0.0007296020061487342,-6.158935458178376e-07
2,38311.86849557243,0.0,0.0,0.0,72.96019615982259,-0.06432562686810991,72.96019642578463,-0.0640225360410086,1.0,0.0,0.0,0.0,0.03316372552719209,-2.923892130368633e-05,-0.03410482394887227,-6.733561488003419e-06,-0.03316372552719209,2.923892130368633e-05,0.000729601964257872,-6.4022534502691e-07,0.0002114964574223032,3.661270811963928e-05,-0.03389332749144996,2.987914663163586e-05,-0.0002114964574223069,-3.661270811963928e-05,0.0007296019642578464,-6.402253604100861e-07
2,39810.71705534926,0.0,0.0,0.0,72.96019163644347,-0.06684169715643803,72.96019190249656,-0.06655001752720476,1.0,0.0,0.0,0.0,0.03316372347111067,-3.038258961656274e-05,-0.03410482398294409,-6.996989856262879e-06,-0.03316372347111067,3.038258961656274e-05,0.0007296019190249448,-6.655001836133783e-07,0.000211498592808456,3.804507965479333e-05,-0.03389332539013563,3.104808979853045e-05,-0.0002114985928084595,-3.804507965479333e-05,0.0007296019190249657,-6.655001752720476e-07
2,41368.20402388459,0.0,0.0,0.0,72.96018675221183,-0.06945622002913139,72.96018701834922,-0.06917552197402185,1.0,0.0,0.0,0.0,0.03316372125100538,-3.157100910415063e-05,-0.03410482401973399,-7.270724298173336e-06,-0.03316372125100538,3.157100910415063e-05,0.0007296018701834639,-6.91755196863733e-07,0.0002115008985451286,3.953348862566671e-05,-0.03389332312118886,3.226276432749338e-05,-0.0002115008985451305,-3.953348862566671e-05,0.0007296018701834922,-6.917552197402186e-07
2,42986.62347082227,0.0,0.0,0.0,72.96018147834087,-0.07217304628366886,72.96018174455635,-0.0719029163540313,1.0,0.0,0.0,0.0,0.0331637188537913,-3.280593012894039e-05,-0.0341048240594588,-7.555168003782558e-06,-0.0331637188537913,3.280593012894039e-05,0.0007296018174455693,-7.190291657617242e-07,0.0002115033882219522,4.108012731672212e-05,-0.03389332067123685,3.352495931293956e-05,-0.0002115033882219564,-4.108012731672211e-05,0.0007296018174455636,-7.19029163540313e-07
2,44668.35921509578,0.0,0.0,0.0,72.96017578374702,-0.07499617762491732,72.9601760500348,-0.07473621793821154,1.0,0.0,0.0,0.0,0.03316371626533955,-3.408917164768969e-05,-0.03410482410235267,-7.850739938961693e-06,-0.03316371626533955,3.408917164768969e-05,0.000729601760500321,-7.473621736785896e-07,0.0002115060765127724,4.26872737760873e-05,-0.03389331802583989,3.483653383712561e-05,-0.0002115060765127755,-4.26872737760873e-05,0.0007296017605003481,-7.473621793821155e-07
2,46415.88833612725,0.0,0.0,0.0,72.96016963486714,-0.0779297722152773,72.96016990122187,-0.07767959986902133,1.0,0.0,0.0,0.0,0.03316371347039416,-3.542262373421696e-05,-0.03410482414866838,-8.15787545969051e-06,-0.03316371347039416,3.542262373421696e-05,0.000729601699012239,-7.767959486752062e-07,0.0002115089792619813,4.435729517039385e-05,-0.0338933151694064,3.619941971070334e-05,-0.0002115089792619831,-4.435729517039385e-05,0.0007296016990122188,-7.767959986902134e-07
2,48231.7848223925,0.0,0.0,0.0,72.96016299546098,-0.08097815077295904,72.96016326187772,-0.08073739728074059,1.0,0.0,0.0,0.0,0.03316371045248226,-3.680825035134502e-05,-0.03410482419867893,-8.47702695309064e-06,-0.03316371045248226,3.680825035134502e-05,0.0007296016326188155,-8.073739353300746e-07,0.0002115121135778769,4.609265127081192e-05,-0.03389331208510105,3.761562431772128e-05,-0.0002115121135778802,-4.609265127081192e-05,0.0007296016326187773,-8.073739728074059e-07
2,50118.72336272663,0.0,0.0,0.0,72.96015582639662,-0.08414580335544188,72.9601560928708,-0.08391411410416352,1.0,0.0,0.0,0.0,0.03316370719381664,-3.824809243429176e-05,-0.03410482425267906,-8.808664507201757e-06,-0.03316370719381664,3.824809243429176e-05,0.0007296015609287301,-8.391411461638405e-07,0.0002115154979337104,4.789589807540693e-05,-0.03389330875474535,3.908723356820517e-05,-0.0002115154979337106,-4.789589807540693e-05,0.0007296015609287081,-8.391411410416353e-07
2,52079.48328595401,0.0,0.0,0.0,72.96014808542068,-0.08743739552589547,72.96014835194805,-0.08721442925345431,1.0,0.0,0.0,0.0,0.03316370367519122,-3.974427069358885e-05,-0.03410482431098705,-9.153276599721206e-06,-0.03316370367519122,3.974427069358885e-05,0.0007296014835194944,-8.721442895664293e-07,0.0002115191522763388,4.976969157314516e-05,-0.03389330515871072,4.061641497342396e-05,-0.0002115191522763377,-4.976969157314516e-05,0.0007296014835194806,-8.721442925345431e-07
2,54116.95265464572,0.0,0.0,0.0,72.96013972690932,-0.09085777534181094,72.96013999348592,-0.09064320363444332,1.0,0.0,0.0,0.0,0.03316369987586787,-4.129898879173225e-05,-0.03410482437394656,-9.511370818455358e-06,-0.03316369987586787,4.129898879173225e-05,0.0007296013999348587,-9.064320147474156e-07,0.0002115230981438395,5.171679165508109e-05,-0.03389330127580271,4.220542083662573e-05,-0.0002115230981438454,-5.171679165508109e-05,0.0007296013999348593,-9.064320363444333e-07
2,56234.13251903423,0.0,0.0,0.0,72.96013070159842,-0.09441198075459084,72.96013096822062,-0.09420548756314179,1.0,0.0,0.0,0.0,0.03316369577345383,-4.29145367066322e-05,-0.03410482444192866,-9.883474611085286e-06,-0.03316369577345383,4.29145367066322e-05,0.0007296013096822047,-9.420548509773741e-07,0.0002115273587926032,5.374006617847483e-05,-0.03389329708313605,4.385659156738954e-05,-0.0002115273587926028,-5.374006617847483e-05,0.0007296013096822063,-9.420548756314179e-07
2,58434.14133735106,0.0,0.0,0.0,72.96012095629462,-0.09810524652909088,72.96012122295906,-0.09790652770349575,1.0,0.0,0.0,0.0,0.03316369134377028,-4.459329387685949e-05,-0.03410482451533401,-1.02701360579515e-05,-0.03316369134377028,4.459329387685949e-05,0.0007296012122295814,-9.790652727137175e-07,0.0002115319593341082,5.584249518981447e-05,-0.0338932925559999,4.557235913186297e-05,-0.0002115319593341061,-5.584249518981447e-05,0.0007296012122295906,-9.790652770349577e-07
2,60720.21956909812,0.0,0.0,0.0,72.96011043356089,-0.1019430123279571,72.96011070026442,-0.1017517751692498,1.0,0.0,0.0,0.0,0.03316368656070949,-4.633773287634415e-05,-0.03410482459459527,-1.067192468240746e-05,-0.03316368656070949,4.633773287634415e-05,0.0007296011070026495,-1.01751771203931e-06,0.0002115369268831343,5.802717531294591e-05,-0.03389328766771213,4.735525063053845e-05,-0.000211536926883138,-5.802717531294591e-05,0.0007296011070026442,-1.017517751692498e-06
2,63095.73444801856,0.0,0.0,0.0,72.96009907137747,-0.1059309308641318,72.96009933811722,-0.1057468936933195,1.0,0.0,0.0,0.0,0.03316368139608067,-4.815042312005989e-05,-0.03410482468017958,-1.108943229084055e-05,-0.03316368139608067,4.815042312005989e-05,0.0007296009933812264,-1.05746889790263e-06,0.0002115422907176773,6.029732430875814e-05,-0.0338932823894619,4.920789201791758e-05,-0.0002115422907176742,-6.029732430875814e-05,0.0007296009933811722,-1.057468936933195e-06
2,65564.18494179708,0.0,0.0,0.0,72.96008680277853,-0.1100748755046537,72.96008706955182,-0.1098977672478235,1.0,0.0,0.0,0.0,0.03316367581944479,-5.003403432029715e-05,-0.03410482477259136,-1.152327383843819e-05,-0.03316367581944479,5.003403432029715e-05,0.0007296008706955568,-1.098977676281473e-06,0.0002115480824510214,6.265628581312283e-05,-0.03389327669014033,5.113301197468465e-05,-0.0002115480824510241,-6.265628581312283e-05,0.0007296008706955182,-1.098977672478235e-06
2,68129.20690579529,0.0,0.0,0.0,72.9600735554549,-0.1143809497930208,72.96007382225922,-0.1142105095820667,1.0,0.0,0.0,0.0,0.03316366979793405,-5.199134081500946e-05,-0.03410482487237527,-1.197408834212502e-05,-0.03316366979793405,5.199134081500946e-05,0.0007296007382226292,-1.142105072328539e-06,0.0002115543362186395,6.510753426004077e-05,-0.03389327053615662,5.313344591791576e-05,-0.0002115543362186389,-6.510753426004079e-05,0.0007296007382225923,-1.142105095820667e-06
2,70794.57843841292,0.0,0.0,0.0,72.96005925132886,-0.1188554960800563,72.96005951816191,-0.1186914728684385,1.0,0.0,0.0,0.0,0.03316366329605857,-5.402522549093467e-05,-0.03410482498011942,-1.244253981884591e-05,-0.03316366329605857,5.402522549093467e-05,0.0007296005951816716,-1.186914668801723e-06,0.0002115610888791541,6.765467999722818e-05,-0.03389326389124026,5.521214017838225e-05,-0.00021156108887916,-6.765467999722816e-05,0.0007296005951816192,-1.186914728684385e-06
2,73564.22544596322,0.0,0.0,0.0,72.96004380609594,-0.1235051042912668,72.96004407295561,-0.1233472564842381,1.0,0.0,0.0,0.0,0.03316365627549815,-5.613868376875766e-05,-0.03410482509645882,-1.292931825890641e-05,-0.03316365627549815,5.613868376875766e-05,0.0007296004407295927,-1.23347253325621e-06,0.0002115683802311175,7.030147460164957e-05,-0.0338932567162277,5.737215634274316e-05,-0.0002115683802311127,-7.030147460164957e-05,0.0007296004407295562,-1.233472564842381e-06
2,76442.22742525907,0.0,0.0,0.0,72.9600271287237,-0.12833662295525,72.96002739560801,-0.128184718054003,1.0,0.0,0.0,0.0,0.0331636486948744,-5.833482861602273e-05,-0.03410482522207916,-1.343514065312955e-05,-0.0331636486948744,5.833482861602273e-05,0.0007296002739561809,-1.281847174353041e-06,0.0002115762532485879,7.305181640279137e-05,-0.03389324896883057,5.961667574966183e-05,-0.0002115762532485868,-7.305181640279137e-05,0.0007296002739560801,-1.28184718054003e-06
2,79432.82347242715,0.0,0.0,0.0,72.960009120921,-0.1333571675584462,72.96000938782812,-0.1332109818176594,1.0,0.0,0.0,0.0,0.03316364050950955,-6.061689434474826e-05,-0.03410482535772082,-1.39607520347218e-05,-0.03316364050950955,6.061689434474826e-05,0.0007296000938783471,-1.332109823792933e-06,0.0002115847543330316,7.590975622179004e-05,-0.03389324060338778,6.194900418706824e-05,-0.0002115847543330343,-7.590975622179004e-05,0.0007296000938782813,-1.332109818176594e-06
2,82540.4185268008,0.0,0.0,0.0,72.95998967655132,-0.1385741331483242,72.95998994347954,-0.1384334512466002,1.0,0.0,0.0,0.0,0.03316363167115969,-6.298824234014735e-05,-0.03410482550418325,-1.450692659407417e-05,-0.03316363167115969,6.298824234014735e-05,0.0007295998994348756,-1.384334473371319e-06,0.0002115939335885476,7.887950333481221e-05,-0.03389323157059469,6.437257674073805e-05,-0.0002115939335885497,-7.887950333481223e-05,0.0007295998994347955,-1.384334512466002e-06
2,85769.58985908833,0.0,0.0,0.0,72.95996868101848,-0.1439952021381001,72.95996894796627,-0.1438598168608127,1.0,0.0,0.0,0.0,0.03316362212773567,-6.545236460822731e-05,-0.03410482566232963,-1.507446879376297e-05,-0.03316362212773567,6.545236460822731e-05,0.0007295996894796307,-1.438598282288208e-06,0.0002116038451144849,8.196543166945477e-05,-0.03389322181721514,6.68909628756918e-05,-0.000211603845114483,-8.196543166945477e-05,0.0007295996894796628,-1.438598168608127e-06
2,89125.09381337342,0.0,0.0,0.0,72.95994601057454,-0.1496283600606274,72.95994627754038,-0.1494980719947084,1.0,0.0,0.0,0.0,0.03316361182298843,-6.80128909366488e-05,-0.03410482583309209,-1.566421458988618e-05,-0.03316361182298843,6.80128909366488e-05,0.0007295994627755032,-1.494980627084738e-06,0.0002116145473282487,8.517208624320326e-05,-0.03389321128576384,6.950787165331708e-05,-0.0002116145473282441,-8.517208624320326e-05,0.0007295994627754039,-1.494980719947084e-06
2,92611.87281287817,0.0,0.0,0.0,72.95992153160873,-0.1554819025484852,72.95992179859131,-0.1553565197887033,1.0,0.0,0.0,0.0,0.03316360069618578,-7.067359206749326e-05,-0.03410482601747702,-1.627703262414071e-05,-0.03316360069618578,7.067359206749326e-05,0.0007295992179859726,-1.553565125307634e-06,0.0002116261033052374,8.850418985343528e-05,-0.03389319991417177,7.222715722929456e-05,-0.0002116261033052388,-8.850418985343528e-05,0.0007295992179859131,-1.553565197887033e-06
2,96235.06263980764,0.0,0.0,0.0,72.9598950998481,-0.1615644506741815,72.95989536684618,-0.1614437885404791,1.0,0.0,0.0,0.0,0.03316358868174914,-7.343838667008248e-05,-0.03410482621657115,-1.691382552888694e-05,-0.03316358868174914,7.343838667008248e-05,0.0007295989536684597,-1.614437919334498e-06,0.0002116385811534298,9.196665002870402e-05,-0.03389318763541772,7.505282449981709e-05,-0.000211638581153431,-9.196665002870403e-05,0.0007295989536684619,-1.614437885404791e-06
2,99999.9999999987,0.0,0.0,0.0,72.95986655951177,-0.167884962450863,72.95986682652418,-0.1677688432163354,1.0,0.0,0.0,0.0,0.03316357570886899,-7.631134656857411e-05,-0.03410482643154787,-1.757553124684622e-05,-0.03316357570886899,7.631134656857411e-05,0.0007295986682652054,-1.677688453886737e-06,0.0002116520544136536,9.556456625151575e-05,-0.03389317437713422,7.798903500466952e-05,-0.0002116520544136538,-9.556456625151574e-05,0.0007295986682652418,-1.677688432163354e-06
2,103912.2303835156,0.0,0.0,0.0,72.95983574238956,-0.1744527467986828,72.95983600941521,-0.1743409994277985,1.0,0.0,0.0,0.0,0.03316356170108616,-7.929670309031036e-05,-0.03410482666367422,-1.826312441896667e-05,-0.03316356170108616,7.929670309031036e-05,0.0007295983600942986,-1.743409964742698e-06,0.0002116666024938114,9.93032374631426e-05,-0.03389316006118041,8.104011304417595e-05,-0.000211666602493818,-9.930323746314261e-05,0.0007295983600941522,-1.743409994277986e-06
2,107977.5162327696,0.0,0.0,0.0,72.95980246685689,-0.1812774758644613,72.9598027338948,-0.1811699357611395,1.0,0.0,0.0,0.0,0.03316354657584404,-8.239885266566424e-05,-0.03410482691431826,-1.897761780859303e-05,-0.03316354657584404,8.239885266566424e-05,0.0007295980273388726,-1.811699383091001e-06,0.0002116823111353419,0.0001031881698614571,-0.03389314460318292,8.421055205286406e-05,-0.0002116823111353444,-0.0001031881698614571,0.0007295980273389481,-1.811699357611395e-06
2,112201.8454301949,0.0,0.0,0.0,72.95976653679612,-0.1883692010402186,72.95976680384535,-0.1882657098053896,1.0,0.0,0.0,0.0,0.03316353024399823,-8.562236410919027e-05,-0.03410482718495722,-1.972006380774727e-05,-0.03316353024399823,8.562236410919027e-05,0.0007295976680386224,-1.88265698359048e-06,0.0002116992729204988,0.0001072250850031541,-0.03389312791203672,8.750502119540681e-05,-0.0002116992729205014,-0.0001072250850031541,0.0007295976680384536,-1.882657098053896e-06
2,116591.4401179817,0.0,0.0,0.0,72.95972774044938,-0.1957383659638083,72.9597280075091,-0.1956387711621035,1.0,0.0,0.0,0.0,0.03316351260929518,-8.897198452900379e-05,-0.03410482747718614,-2.049155597243761e-05,-0.03316351260929518,8.897198452900379e-05,0.0007295972800749639,-1.956387690751208e-06,0.0002117175878158943,0.0001114199282222227,-0.03389310988937025,9.092837224978505e-05,-0.0002117175878158933,-0.0001114199282222227,0.0007295972800750911,-1.956387711621035e-06
2,121152.7658628573,0.0,0.0,0.0,72.95968584916346,-0.2033958233549522,72.95968611623286,-0.2032999782901769,1.0,0.0,0.0,0.0,0.03316349356780157,-9.245264697952374e-05,-0.03410482779272733,-2.129323064532788e-05,-0.03316349356780157,9.245264697952374e-05,0.0007295968611622182,-2.032999752685271e-06,0.0002117373637633422,0.0001157788773769103,-0.03389309042896398,9.44856467315824e-05,-0.0002117373637633424,-0.0001157788773769103,0.0007295968611623286,-2.03299978290177e-06
2,125892.5411794151,0.0,0.0,0.0,72.95964061604838,-0.2113528497922811,72.95964088312671,-0.2112606132913417,1.0,0.0,0.0,0.0,0.03316347300729472,-9.60694771783096e-05,-0.03410482813344045,-2.212626861959415e-05,-0.03316347300729472,9.60694771783096e-05,0.0007295964088314235,-2.112606091802158e-06,0.000211758717314483,0.0001203083519379646,-0.03389306941612596,9.818208331837045e-05,-0.000211758717314485,-0.0001203083519379646,0.0007295964088312671,-2.112606132913417e-06
2,130817.7474260177,0.0,0.0,0.0,72.95959177451606,-0.2196211635026633,72.95959204160263,-0.2195323997076288,1.0,0.0,0.0,0.0,0.03316345080659821,-9.982780159211967e-05,-0.03410482850133355,-2.299189688784758e-05,-0.03316345080659821,9.982780159211967e-05,0.0007295959204161441,-2.195323856936552e-06,0.0002117817743191755,0.0001250150224313561,-0.03389304672701438,0.0001020231255435086,-0.0002117817743191724,-0.0001250150224313561,0.0007295959204160264,-2.195323997076289e-06
2,135935.6390878508,0.0,0.0,0.0,72.95953903671703,-0.228212940227863,72.95953930381124,-0.2281275183958561,1.0,0.0,0.0,0.0,0.03316342683487138,-0.0001037331546490286,-0.03410482889857482,-2.389139043799662e-05,-0.03316342683487138,0.0001037331546490286,0.0007295953930382119,-2.281275162883285e-06,0.0002118066706652577,0.0001299058202492571,-0.03389302222790956,0.0001060144298112605,-0.0002118066706652544,-0.0001299058202492571,0.0007295953930381125,-2.281275183958561e-06
2,141253.7544622736,0.0,0.0,0.0,72.95948209183615,-0.237140832513838,72.95948235893738,-0.2370586268244597,1.0,0.0,0.0,0.0,0.03316340095083462,-0.00010779128750629,-0.03410482932750544,-2.48260741423573e-05,-0.03316340095083462,0.00010779128750629,0.0007295948235895137,-2.370586208527779e-06,0.0002118335530812219,0.0001349879478434977,-0.03389299577442422,0.0001101618737011404,-0.0002118335530812213,-0.0001349879478434977,0.0007295948235893739,-2.370586268244597e-06
2,146779.926762205,0.0,0.0,0.0,72.95942060427029,-0.2464179868022829,72.959420871378,-0.2463388761722878,1.0,0.0,0.0,0.0,0.03316337300194104,-0.0001120081758192195,-0.0341048297906533,-2.579732469644921e-05,-0.03316337300194104,0.0001120081758192195,0.0007295942087137641,-2.463388765333382e-06,0.0002118625799986115,0.0001402688893163476,-0.03389296721065469,0.0001144715646198984,-0.0002118625799986118,-0.0001402688893163476,0.0007295942087137801,-2.463388761722878e-06
2,152522.2956538998,0.0,0.0,0.0,72.95935421163797,-0.2560580647661448,72.95935447875165,-0.2559819326710941,1.0,0.0,0.0,0.0,0.0331633428234718,-0.0001163900294391567,-0.034104830290748,-2.680657266297761e-05,-0.0331633428234718,0.0001163900294391567,0.0007295935447871646,-2.559819407318303e-06,0.0002118939224886596,0.000145756421423928,-0.03389293636825934,0.0001189498487609504,-0.0002118939224886596,-0.000145756421423928,0.0007295935447875166,-2.559819326710941e-06
2,158489.3192461092,0.0,0.0,0.0,72.95928252265918,-0.2660752610755014,72.95928278977833,-0.2660019953781303,1.0,0.0,0.0,0.0,0.03316331023757235,-0.0001209433004888643,-0.03410483083073681,-2.785530455964821e-05,-0.03316331023757235,0.0001209433004888643,0.0007295928278980048,-2.660019922907498e-06,0.0002119277652666893,0.0001514586250082687,-0.03389290306547011,0.0001236033204486205,-0.0002119277652666909,-0.0001514586250082687,0.0007295928278977834,-2.660019953781303e-06
2,164689.7865482846,0.0,0.0,0.0,72.95920511483958,-0.2764843258172621,72.95920538196377,-0.2764138186023099,1.0,0.0,0.0,0.0,0.03316327505219981,-0.000125674693553301,-0.03410483141380211,-2.894506506114477e-05,-0.03316327505219981,0.000125674693553301,0.0007295920538195625,-2.764138233494108e-06,0.0002119643077829368,0.000157383896874468,-0.03389286710601917,0.0001284388318133232,-0.00021196430778294,-0.000157383896874468,0.0007295920538196378,-2.764138186023099e-06
2,171132.8304161757,0.0,0.0,0.0,72.95912153198117,-0.2873005860851078,72.95912179910998,-0.2872327335003657,1.0,0.0,0.0,0.0,0.03316323705999144,-0.0001305911754932308,-0.03410483204338016,-3.007745927325266e-05,-0.03316323705999144,0.0001305911754932308,0.0007295912179905602,-2.872327350456113e-06,0.0002120037653977292,0.000163540962130167,-0.03389282827798243,0.0001334635028569144,-0.0002120037653977266,-0.000163540962130167,0.0007295912179910998,-2.872327335003657e-06
2,177827.9410038899,0.0,0.0,0.0,72.95903128150363,-0.2985399672870717,72.95903154863667,-0.298474669390416,1.0,0.0,0.0,0.0,0.0331631960370471,-0.0001356999851304871,-0.03410483272318127,-3.12541550867084e-05,-0.0331631960370471,0.0001356999851304871,0.0007295903154862059,-2.984746730679966e-06,0.0002120463706481828,0.0001699388870051407,-0.03389278635253308,0.0001386847319184322,-0.0002120463706481862,-0.0001699388870051407,0.0007295903154863668,-2.98474669390416e-06
2,184784.9797422266,0.0,0.0,0.0,72.95893383152617,-0.3102190185559189,72.95893409866308,-0.3101561791681033,1.0,0.0,0.0,0.0,0.0331631517416028,-0.0001410086447981449,-0.03410483345721177,-3.247688564996377e-05,-0.0331631517416028,0.0001410086447981449,0.0007295893409866573,-3.101561777370236e-06,0.0002120923746220297,0.0001765870921693979,-0.03389274108258974,0.0001441102065194342,-0.0002120923746220318,-0.0001765870921693979,0.0007295893409866309,-3.101561791681033e-06
2,192014.1938638775,0.0,0.0,0.0,72.95882860775859,-0.3223549340371468,72.95882887489904,-0.3222944606001369,1.0,0.0,0.0,0.0,0.03316310391261754,-0.0001465249700168849,-0.03410483424979743,-3.374745189671653e-05,-0.03316310391261754,0.0001465249700168849,0.0007295882887486023,-3.222944710236184e-06,0.0002121420484311135,0.0001834953665690594,-0.03389269220136631,0.0001497479146723429,-0.0002121420484311187,-0.0001834953665690594,0.0007295882887489905,-3.222944606001369e-06
2,199526.2314968852,0.0,0.0,0.0,72.95871499008662,-0.3349655818411065,72.95871525723028,-0.3349073852817483,1.0,0.0,0.0,0.0,0.03316305226822119,-0.0001522570826550484,-0.03410483510560919,-3.506772522837666e-05,-0.03316305226822119,0.0001522570826550484,0.0007295871525723284,-3.349073995654261e-06,0.0002121956848159825,0.000190673881799671,-0.0338926394207932,0.0001556061565712944,-0.0002121956848159801,-0.000190673881799671,0.0007295871525723028,-3.349073852817483e-06
2,207332.1573485926,0.0,0.0,0.0,72.95859230894439,-0.348069527225277,72.95859257609095,-0.3480135218240985,1.0,0.0,0.0,0.0,0.03316299650406563,-0.000158213421466035,-0.03410483602969046,-3.643965024485095e-05,-0.03316299650406563,0.000158213421466035,0.0007295859257602055,-3.480135251723318e-06,0.0002122535998644371,0.0001981332070377487,-0.03389258242982602,0.0001616935567928978,-0.0002122535998644384,-0.0001981332070377487,0.0007295859257609096,-3.480135218240986e-06
2,215443.4690031854,0.0,0.0,0.0,72.95845984134972,-0.3616860620669441,72.95846010849888,-0.3616321653318963,1.0,0.0,0.0,0.0,0.0331629362915226,-0.0001644027554849746,-0.03410483702748705,-3.786524762633771e-05,-0.0331629362915226,0.0001644027554849746,0.0007295846010859123,-3.616321363819039e-06,0.0002123161348784037,0.0002058843245516705,-0.03389252089260864,0.0001680190769253328,-0.0002123161348784042,-0.0002058843245516706,0.0007295846010849889,-3.616321653318963e-06
2,223872.1138568308,0.0,0.0,0.0,72.95831680668454,-0.3758352291110066,72.95831707383607,-0.3757833616559587,1.0,0.0,0.0,0.0,0.0331628712757657,-0.0001708341950504576,-0.03410483810487885,-3.934661707554366e-05,-0.0331628712757657,0.0001708341950504576,0.0007295831707383079,-3.75783356930175e-06,0.0002123836583751612,0.0002139386458142378,-0.03389245444650368,0.0001745920287386941,-0.0002123836583751634,-0.0002139386458142378,0.0007295831707383607,-3.757833616559587e-06
2,232630.5067153593,0.0,0.0,0.0,72.95816236202818,-0.3905378582609963,72.95816262918181,-0.390487943688805,1.0,0.0,0.0,0.0,0.03316280107364917,-0.0001775172083004529,-0.03410483926821507,-4.088594046604129e-05,-0.03316280107364917,0.0001775172083004529,0.0007295816262918712,-3.904879417702303e-06,0.0002124565682742635,0.0002223080282394113,-0.0338923826999408,0.00018142208777337,-0.0002124565682742607,-0.0002223080282394113,0.0007295816262918182,-3.904879436888051e-06
2,241731.548080407,0.0,0.0,0.0,72.95799559726068,-0.4058155902395493,72.95799586441618,-0.4057675550295318,1.0,0.0,0.0,0.0,0.03316272527148213,-0.0001844616319270679,-0.03410484052435107,-4.248548499853054e-05,-0.03316272527148213,0.0001844616319270679,0.0007295799586441061,-4.057675571856979e-06,0.0002125352942252918,0.000231004792567495,-0.03389230523012577,0.0001885193075689644,-0.0002125352942252967,-0.0002310047925674949,0.0007295799586441618,-4.057675550295319e-06
2,251188.6431509545,0.0,0.0,0.0,72.95781552966142,-0.4216909122872832,72.95781579681856,-0.4216446856869259,1.0,0.0,0.0,0.0,0.03316264342257337,-0.0001916776874033106,-0.03410484188068909,-4.414760657176596e-05,-0.03316264342257337,0.0001916776874033106,0.0007295781579678345,-4.216447205494039e-06,0.0002126203001480614,0.0002400417409227366,-0.03389222158054103,0.0001958941343509706,-0.0002126203001480628,-0.0002400417409227366,0.0007295781579681857,-4.216446856869259e-06
2,261015.72156825,0.0,0.0,0.0,72.95762109813502,-0.4381871897237349,72.95762136529356,-0.4381427036444799,1.0,0.0,0.0,0.0,0.03316255504460683,-0.0001991759953289704,-0.03410484334522171,-4.587475323996604e-05,-0.03316255504460683,0.0001991759953289704,0.000729576213652167,-4.381427173999333e-06,0.0002127120869617252,0.0002494321755691387,-0.03389213125825997,0.0002035574223291726,-0.0002127120869617263,-0.0002494321755691387,0.0007295762136529356,-4.381427036444799e-06
2,271227.2579331989,0.0,0.0,0.0,72.95741115696475,-0.4553286999462381,72.95741142412447,-0.4552858888631935,1.0,0.0,0.0,0.0,0.03316245961680216,-0.0002069675908846537,-0.03410484492657889,-4.766946881536923e-05,-0.03316245961680216,0.0002069675908846537,0.0007295741142421608,-4.552858799846627e-06,0.0002128111955342472,0.0002591899183906115,-0.03389203373104464,0.0002115204495752423,-0.0002128111955342488,-0.0002591899183906116,0.0007295741142412448,-4.552858888631935e-06
2,281838.2931264414,0.0,0.0,0.0,72.95718446907175,-0.4731406674925414,72.95718473623248,-0.473099468347968,1.0,0.0,0.0,0.0,0.03316235657685079,-0.000215063939769337,-0.03410484663407879,-4.953439660955996e-05,-0.03316235657685079,0.000215063939769337,0.0007295718473611363,-4.730994992411748e-06,0.0002129182098660556,0.0002693293311227015,-0.03389192842421273,0.0002197949345131416,-0.0002129182098660545,-0.0002693293311227015,0.0007295718473623249,-4.73099468347968e-06
2,292864.4564625195,0.0,0.0,0.0,72.9569396986831,-0.4916493045489579,72.95693996584458,-0.4916096566593892,1.0,0.0,0.0,0.0,0.03316224531758323,-0.0002234769566131627,-0.03410484847778297,-5.147228335460435e-05,-0.03316224531758323,0.0002234769566131627,0.000729569399660014,-4.916096275289299e-06,0.0002130337605401427,0.0002798653363638305,-0.03389181471724283,0.0002283930530092261,-0.0002130337605401461,-0.0002798653363638304,0.0007295693996584459,-4.916096566593892e-06
2,304321.9887107678,0.0,0.0,0.0,72.95667540355517,-0.5108818423715428,72.95667567071726,-0.5108436873384026,1.0,0.0,0.0,0.0,0.03316212518343416,-0.0002322190192597922,-0.03410485046855494,-5.348598319005199e-05,-0.03316212518343416,0.0002322190192597922,0.0007295667567073688,-5.108436971731446e-06,0.0002131585284141118,0.0002908134393956856,-0.03389169194014083,0.0002373274562056337,-0.000213158528414116,-0.0002908134393956856,0.0007295667567071727,-5.108436873384026e-06
2,316227.7660168334,0.0,0.0,0.0,72.95639002637475,-0.5308665791077705,72.95639029353723,-0.5308298607313559,1.0,0.0,0.0,0.0,0.03316199546653398,-0.000241302990503532,-0.03410485261812501,-5.557846193041262e-05,-0.03316199546653398,0.000241302990503532,0.0007295639029353835,-5.308298418727822e-06,0.0002132932486542051,0.0003021897508417628,-0.0338915593694708,0.0002466112889113502,-0.0002132932486542047,-0.0003021897508417629,0.0007295639029353723,-5.308298607313559e-06
2,328599.3247600607,0.0,0.0,0.0,72.95608188570502,-0.5516329127643512,72.95608215286772,-0.5515975769610543,1.0,0.0,0.0,0.0,0.03316185540259319,-0.0002507422330747051,-0.03410485493915837,-5.775280136239114e-05,-0.03316185540259319,0.0002507422330747051,0.000729560821527808,-5.515975976784651e-06,0.000213438715036428,0.000314011010196371,-0.03389141622412194,0.0002562582088339799,-0.0002134387150364292,-0.0003140110101963711,0.0007295608215286773,-5.515975769610543e-06
2,341454.8873833552,0.0,0.0,0.0,72.95574916597927,-0.5732113916597193,72.95574943314199,-0.5731773863823656,1.0,0.0,0.0,0.0,0.03316170416635422,-0.0002605506325725997,-0.03410485744533059,-6.001220384313878e-05,-0.03316170416635422,0.0002605506325725997,0.0007295574943319086,-5.731773969779049e-06,0.000213595784644768,0.0003262946102546513,-0.03389126166068582,0.0002662824064115125,-0.0002135957846447697,-0.0003262946102546513,0.0007295574943314199,-5.731773863823656e-06
2,354813.3892335703,0.0,0.0,0.0,72.9553899068775,-0.59563375439511,72.95539017404003,-0.5956010295562969,1.0,0.0,0.0,0.0,0.0331615408667625,-0.0002707426156341409,-0.03410486015140755,-6.235999697623885e-05,-0.0331615408667625,0.0002707426156341409,0.0007295539017408351,-5.956010053998007e-06,0.0002137653829011447,0.0003390586224779028,-0.0338910947685064,0.0002766986255016639,-0.000213765382901146,-0.0003390586224779028,0.0007295539017404004,-5.956010295562969e-06
2,368694.5064519521,0.0,0.0,0.0,72.95500199182374,-0.6189329741382101,72.95500225898591,-0.6189014815365315,1.0,0.0,0.0,0.0,0.03316136454173806,-0.0002813331700628228,-0.03410486307333208,-6.479963849321433e-05,-0.03316136454173806,0.0002813331700628228,0.0007295500225903823,-6.189014658844931e-06,0.0002139485090037798,0.0003523218233275931,-0.03389091456432829,0.0002875221848343787,-0.0002139485090037821,-0.000352321823327593,0.0007295500225898592,-6.189014815365315e-06
2,383118.6849557231,0.0,0.0,0.0,72.95458313540165,-0.6431433143364046,72.95458340256329,-0.6431130075854534,1.0,0.0,0.0,0.0,0.03316117415245529,-0.0002923378701529112,-0.03410486622831883,-6.733472140560935e-05,-0.03316117415245529,0.0002923378701529112,0.0007295458340234336,-6.43113017155744e-06,0.0002141462418376183,0.0003661037216024875,-0.03389071998648122,0.0002987690001968782,-0.0002141462418376178,-0.0003661037216024876,0.0007295458340256329,-6.431130075854534e-06
2,398107.1705534914,0.0,0.0,0.0,72.9541308700538,-0.6683003695367902,72.9541311372147,-0.6682712039968345,1.0,0.0,0.0,0.0,0.03316096857729718,-0.0003037728952439955,-0.03410486963495439,-6.996897921859899e-05,-0.03316096857729718,0.0003037728952439955,0.0007295413113697622,-6.682712315815484e-06,0.00021435974628793,0.0003804245868166583,-0.03389050988866645,0.0003104556075980593,-0.0002143597462879315,-0.0003804245868166583,0.000729541311372147,-6.682712039968346e-06
2,413682.0402388446,0.0,0.0,0.0,72.95364253141923,-0.6944411252889054,72.95364279857918,-0.6944130580011372,1.0,0.0,0.0,0.0,0.03316074660519056,-0.0003156550569495025,-0.03410487331330775,-7.27062914920781e-05,-0.03316074660519056,0.0003156550569495025,0.0007295364279855462,-6.944130669396367e-06,0.0002145902801278892,0.0003953054786531934,-0.03389028303317985,0.0003225991871611152,-0.0002145902801278937,-0.0003953054786531933,0.0007295364279857919,-6.944130580011372e-06
2,429866.2347082213,0.0,0.0,0.0,72.95311524287885,-0.721603999842023,72.95311551003765,-0.7215769894652827,1.0,0.0,0.0,0.0,0.03316050692858129,-0.0003280018181100104,-0.03410487728504669,-7.555068945076987e-05,-0.03316050692858129,0.0003280018181100104,0.0007295311551005486,-7.215769969480403e-06,0.0002148392013657974,0.0004107682775343936,-0.03389003808368089,0.0003352175880836237,-0.0002148392013658004,-0.0004107682775343936,0.0007295311551003765,-7.215769894652828e-06
2,446683.5921509565,0.0,0.0,0.0,72.95254589835373,-0.7498289147643413,72.95254616551118,-0.7498029215142257,1.0,0.0,0.0,0.0,0.03316024813561533,-0.0003408313248928824,-0.03410488157356738,-7.850636203778309e-05,-0.03316024813561533,0.0003408313248928824,0.0007295254616524134,-7.498029624712432e-06,0.0002151079762989741,0.0004268357163437764,-0.03388977359726841,0.0003483293543059933,-0.0002151079762989783,-0.0004268357163437764,0.0007295254616551119,-7.498029215142257e-06
2,464158.8833612709,0.0,0.0,0.0,72.95193114423924,-0.7791573418454483,72.95193141139508,-0.7791323274357097,1.0,0.0,0.0,0.0,0.03315996870192692,-0.0003541624281115674,-0.03410488620413048,-8.157766198781165e-05,-0.03315996870192692,0.0003541624281115674,0.0007295193141120525,-7.791322985588867e-06,0.0002153981880892816,0.0004435314133442426,-0.03388948801604119,0.0003619537513564309,-0.0002153981880892858,-0.0004435314133442426,0.0007295193141139509,-7.791323274357098e-06
2,482317.8482239234,0.0,0.0,0.0,72.95126735967163,-0.8096323640869737,72.95126762682567,-0.8096082916731281,1.0,0.0,0.0,0.0,0.03315966698166892,-0.0003680147109486244,-0.03410489120400969,-8.476911223853973e-05,-0.03315966698166892,0.0003680147109486244,0.0007295126762645866,-8.096082797031938e-06,0.0002157115460750238,0.0004608799063303611,-0.03388917965793466,0.0003761107940918214,-0.0002157115460750259,-0.0004608799063303611,0.0007295126762682568,-8.096082916731281e-06
2,501187.2336272647,0.0,0.0,0.0,72.95055063511303,-0.8412987436343946,72.95055090226502,-0.8412755777594513,1.0,0.0,0.0,0.0,0.03315934119777865,-0.0003824085198338157,-0.03410489660265317,-8.808541263033296e-05,-0.03315934119777865,0.0003824085198338157,0.0007295055090246082,-8.412755767049273e-06,0.000216049895849733,0.0004789066880569339,-0.03388884670680344,0.000390821275426601,-0.0002160498958497306,-0.0004789066880569339,0.0007295055090226503,-8.412755777594513e-06
2,520794.8328595385,0.0,0.0,0.0,72.94977674957548,-0.8742029768962859,72.94977701672516,-0.8741806834385227,1.0,0.0,0.0,0.0,0.03315898943162521,-0.0003973649894983118,-0.034104902431855,-9.15314467412041e-05,-0.03315898943162521,0.0003973649894983118,0.0007294977701651486,-8.741806821868338e-06,0.0002164152300615145,0.0004976382429889304,-0.03388848720179348,0.0004061067962477263,-0.000216415230061516,-0.0004976382429889304,0.0007294977701672517,-8.741806834385229e-06
2,541169.5265464555,0.0,0.0,0.0,72.94894114561396,-0.9083933702596452,72.94894141276106,-0.9083719163823485,1.0,0.0,0.0,0.0,0.03315860961164271,-0.0004129060773907478,-0.03410490872594361,-9.511228914057538e-05,-0.03315860961164271,0.0004129060773907478,0.0007294894141320357,-9.083718500710554e-06,0.0002168097001697558,0.0005171020854124958,-0.03388809902577385,0.0004219897962719205,-0.0002168097001697539,-0.0005171020854124958,0.0007294894141276106,-9.083719163823486e-06
2,562341.3251903405,0.0,0.0,0.0,72.94803890273789,-0.9439201012954895,72.94803916988216,-0.9438994553985891,1.0,0.0,0.0,0.0,0.0331581995012445,-0.0004290545914979498,-0.03410491552198198,-9.883321278359304e-05,-0.0331581995012445,0.0004290545914979498,0.0007294803916977047,-9.438994575683108e-06,0.0002172356290402186,0.0005373267989555297,-0.03388767989294177,0.0004384935861719367,-0.0002172356290402189,-0.0005373267989555296,0.0007294803916988217,-9.438994553985891e-06
2,584341.4133735087,0.0,0.0,0.0,72.94706470833039,-0.9808352977591627,72.9470649754715,-0.9808154294326857,1.0,0.0,0.0,0.0,0.03315775668560472,-0.0004458342262541649,-0.03410492285998683,-0.0001026996968212115,-0.03315775668560472,0.0004458342262541649,0.0007294706497551277,-9.808153959730862e-06,0.0002176955246299254,0.0005583420775585439,-0.0338872273353569,0.0004556423807373324,-0.0002176955246299267,-0.000558342077558544,0.0007294706497547152,-9.808154294326859e-06
2,607202.1956909792,0.0,0.0,0.0,72.94601282660169,-1.019193105850988,72.94601309373935,-1.019173985830268,1.0,0.0,0.0,0.0,0.03315727855754622,-0.000463269593568631,-0.03410493078316229,-0.0001067174346025025,-0.03315727855754622,0.000463269593568631,0.0007294601309376345,-1.019173979232712e-05,0.0002181920946774904,0.0005801787679451909,-0.0338867386884848,0.0004734613333426885,-0.0002181920946774871,-0.0005801787679451909,0.0007294601309373935,-1.019173985830268e-05
2,630957.3444801836,0.0,0.0,0.0,72.94487706493692,-1.05904976687947,72.94487733207079,-1.059031367002043,1.0,0.0,0.0,0.0,0.03315676230224406,-0.0004813862576724866,-0.03410493933815349,-0.0001108923420372299,-0.03315676230224406,0.0004813862576724866,0.0007294487733146817,-1.059031371110176e-05,0.0002187282625924466,0.0006028689136356783,-0.03388621107556104,0.0004919765715984485,-0.0002187282625924492,-0.0006028689136356783,0.000729448773320708,-1.059031367002043e-05
2,655641.8494179688,0.0,0.0,0.0,72.94365073737318,-1.100463703376581,72.94365100450288,-1.1004459965407,1.0,0.0,0.0,0.0,0.03315620488062417,-0.0005002107742620822,-0.0341049485753217,-0.000115230566338721,-0.03315620488062417,0.0005002107742620822,0.0007294365100468491,-1.100445965408145e-05,0.0002193071846522285,0.0006264458005483948,-0.03388564139066946,0.0005112152342096739,-0.0002193071846522329,-0.0006264458005483948,0.0007294365100450289,-1.1004459965407e-05
2,681292.0690579507,0.0,0.0,0.0,72.94232662566586,-1.143495591600991,72.94232689279103,-1.143478551725712,1.0,0.0,0.0,0.0,0.0331556030116663,-0.0005197707234549961,-0.03410495854903746,-0.0001197384949696639,-0.0331556030116663,0.0005197707234549961,0.0007294232689290262,-1.143478541354675e-05,0.0002199322684479231,0.0006509440042404252,-0.03388502628058953,0.0005312055092707613,-0.0002199322684479227,-0.0006509440042404252,0.0007294232689279103,-1.143478551725712e-05
2,707945.7843841269,0.0,0.0,0.0,72.94089693667772,-1.188208456537953,72.94089720379795,-1.188192058524716,1.0,0.0,0.0,0.0,0.03315495315303533,-0.0005400947529717966,-0.03410496931800168,-0.0001244227650994296,-0.03315495315303533,0.0005400947529717966,0.0007294089720318985,-1.18819205847538e-05,0.000220607192931131,0.0006763994388258209,-0.03388436212507054,0.0005519766737263912,-0.000220607192931134,-0.0006763994388258208,0.0007294089720379795,-1.188192058524716e-05
2,735642.2544596299,0.0,0.0,0.0,72.93935325691,-1.234667753168511,72.93935352402484,-1.234651972864173,1.0,0.0,0.0,0.0,0.03315425148041364,-0.000561212615076596,-0.03410498094558806,-0.0001292902732885013,-0.03315425148041364,0.000561212615076596,0.0007293935352456512,-1.234651974556195e-05,0.000221335929926232,0.0007028494076245556,-0.03388364501566182,0.0005735591343360543,-0.0002213359299262294,-0.0007028494076245555,0.0007293935352402484,-1.234651972864173e-05
2,764422.2742525883,0.0,0.0,0.0,72.93768650329086,-1.282941455855884,72.93768677039985,-1.282926270017143,1.0,0.0,0.0,0.0,0.03315349386513221,-0.0005831552072072202,-0.03410499350021372,-0.0001343481855925906,-0.03315349386513221,0.0005831552072072202,0.0007293768676991869,-1.282926283244747e-05,0.0002221227673789722,0.0007303326555829091,-0.03388287073283475,0.0005959844699903186,-0.0002221227673789711,-0.0007303326555829092,0.0007293768677039986,-1.282926270017143e-05
2,794328.234724269,0.0,0.0,0.0,72.93588686962036,-1.333100163436252,72.93588713672298,-1.333085549695409,1.0,0.0,0.0,0.0,0.03315267584982744,-0.0006059546197437511,-0.03410500705574277,-0.0001396039481625462,-0.03315267584982744,0.0006059546197437511,0.0007293588713629505,-1.33308554064305e-05,0.0002229723345499851,0.0007588894235062134,-0.03388203472119278,0.0006192854753436672,-0.0002229723345499868,-0.0007588894235062134,0.0007293588713672299,-1.33308554969541e-05
2,825404.1852680054,0.0,0.0,0.0,72.93394376958011,-1.385217184865281,72.93394403667584,-1.385203121697296,1.0,0.0,0.0,0.0,0.03315179262253641,-0.0006296441749387638,-0.03410502169191539,-0.0001450652980660578,-0.03315179262253641,0.0006296441749387638,0.0007293394403536183,-1.385203173764365e-05,0.0002238896290109686,0.000788561504156348,-0.03388113206290441,0.0006434962060902903,-0.0002238896290109732,-0.000788561504156348,0.0007293394403667584,-1.385203121697296e-05
2,857695.8985908806,0.0,0.0,0.0,72.93184577469366,-1.439368643668865,72.93184604178188,-1.439355110359652,1.0,0.0,0.0,0.0,0.03315083898849712,-0.0006542584743949388,-0.03410503749481521,-0.0001507402746599459,-0.03315083898849712,0.0006542584743949388,0.0007293184604198282,-1.439355077282277e-05,0.000224880045901973,0.0008193923002445673,-0.03388015744891323,0.0006686520255846215,-0.0002248800459019804,-0.0008193923002445674,0.0007293184604178188,-1.439355110359652e-05
2,891250.9381337314,0.0,0.0,0.0,72.9295805474543,-1.495633583554431,72.9295808145344,-1.495620560170345,1.0,0.0,0.0,0.0,0.03314980933975195,-0.000679833447070196,-0.03410505455737307,-0.0001566372313838269,-0.03314980933975195,0.000679833447070196,0.0007292958081520995,-1.495620524167009e-05,0.0002259494094820624,0.0008514268843624652,-0.033879105147891,0.0006947896529786383,-0.0002259494094820624,-0.0008514268843624652,0.0007292958081453441,-1.495620560170345e-05
2,926118.7281287787,0.0,0.0,0.0,72.92713476921892,-1.554094076153588,72.92713503629025,-1.554081543512065,1.0,0.0,0.0,0.0,0.03314869762237223,-0.0007064063982516307,-0.03410507297991012,-0.0001627648479992896,-0.03314869762237223,0.0007064063982516307,0.0007292713503633107,-1.554081540698506e-05,0.0002271040071579361,0.0008847120608866586,-0.03387796897275218,0.000721947212887369,-0.0002271040071579328,-0.0008847120608866586,0.0007292713503629026,-1.554081543512066e-05
2,962350.6263980733,0.0,0.0,0.0,72.92449406296218,-1.61483531980654,72.92449433002399,-1.614823259447845,1.0,0.0,0.0,0.0,0.03314749730134645,-0.0007340160544575183,-0.03410509287071953,-0.0001691321432004002,-0.03314749730134645,0.0007340160544575183,0.0007292449433063901,-1.614823219330996e-05,0.000228350626064917,0.0009192964298947537,-0.0338767422446546,0.0007501642866943535,-0.0002283506260649174,-0.0009192964298947537,0.00072924494330024,-1.614823259447845e-05
2,999999.9999999839,0.0,0.0,0.0,72.92164290863997,-1.677945771940087,72.92164317569149,-1.677934166100117,1.0,0.0,0.0,0.0,0.03314620132210908,-0.0007627026236091302,-0.03410511434670425,-0.0001757484879621524,-0.03314620132210908,0.0007627026236091302,0.0007292164317528723,-1.677934178407859e-05,0.0002296965928352721,0.0009552304531025231,-0.03387541775386898,0.0007794819651403707,-0.0002296965928352684,-0.000955230453102523,0.0007292164317569149,-1.677934166100117e-05
2,1039122.303835152,0.0,0.0,0.0,72.91856455326688,-1.743517253534325,72.91856482030725,-1.74350608511845,1.0,0.0,0.0,0.0,0.03314480206966676,-0.0007925078425156022,-0.0341051375340542,-0.0001826236191403767,-0.03314480206966676,0.0007925078425156022,0.0007291856481972681,-1.743506087559698e-05,0.0002311498161691552,0.000992566521870864,-0.03387398771788504,0.0008099429027304875,-0.000231149816169153,-0.000992566521870864,0.0007291856482030726,-1.74350608511845e-05
2,1079775.162327692,0.0,0.0,0.0,72.91524091346723,-1.811645068194674,72.91524118049556,-1.811634320752553,1.0,0.0,0.0,0.0,0.03314329132430328,-0.0008234750309975792,-0.03410516256898025,-0.0001897676536908478,-0.03314329132430328,0.0008234750309975792,0.0007291524118124675,-1.811634304644987e-05,0.0002327188328567754,0.001031359027283206,-0.03387244373612346,0.0008415913735923582,-0.0002327188328567764,-0.001031359027283206,0.0007291524118049556,-1.811634320752553e-05
2,1122018.454301945,0.0,0.0,0.0,72.9116524699421,-1.88242813340999,72.9116527369574,-1.882417791111343,1.0,0.0,0.0,0.0,0.03314166021361004,-0.0008556491515499954,-0.03410518959850922,-0.0001971911035073798,-0.03314166021361004,0.0008556491515499954,0.0007291165273728792,-1.882417743261862e-05,0.000234412857512404,0.001071664432302313,-0.03387077674099681,0.0008744733287949335,-0.0002344128575124116,-0.001071664432302313,0.000729116527369574,-1.882417791111343e-05
2,1165914.401179813,0.0,0.0,0.0,72.90777815444599,-1.95596909966625,72.90777842144722,-1.955959147277538,1.0,0.0,0.0,0.0,0.03313989916111181,-0.000889076863484659,-0.03410521878133517,-0.0002049048906996881,-0.03313989916111181,0.000889076863484659,0.0007290777841911419,-1.955959199360382e-05,0.0002362418360186698,0.001113541346022194,-0.03386897694531649,0.000908636455322506,-0.0002362418360186691,-0.001113541346022194,0.0007290777842144723,-1.955959147277538e-05
2,1211527.658628569,0.0,0.0,0.0,72.90359522703832,-2.032374489975833,72.90359549402433,-2.032364912837821,1.0,0.0,0.0,0.0,0.03313799783047196,-0.0009238065863526512,-0.03410525028874407,-0.000212920363599413,-0.03313799783047196,0.0009238065863526512,0.000729035954937919,-2.032364972288681e-05,0.000238216503357191,0.001157050599989173,-0.03386703378538687,0.0009441302363897596,-0.0002382165033571956,-0.001157050599989173,0.0007290359549402434,-2.032364912837821e-05
2,1258925.411794147,0.0,0.0,0.0,72.89907914460017,-2.111754826675869,72.89907941156972,-2.111745610682033,1.0,0.0,0.0,0.0,0.03313594506572735,-0.0009598885575799407,-0.03410528430560415,-0.0002212493132444025,-0.03313594506572735,0.0009598885575799407,0.0007289907941140743,-2.111745602921184e-05,0.000240348445751325,0.001202255326593788,-0.03386493585985282,0.0009810060133493854,-0.0002403484457513261,-0.001202255326593788,0.0007289907941156972,-2.111745610682034e-05
2,1308177.474260173,0.0,0.0,0.0,72.8942034192842,-2.194224759383671,72.89420368623597,-2.194215890959418,1.0,0.0,0.0,0.0,0.03313372882694736,-0.0009973748906289413,-0.03410532103143187,-0.0002299039904781609,-0.03313372882694736,0.0009973748906289413,0.0007289420369116913,-2.194215831182751e-05,0.000242650167606502,0.001249221039496914,-0.03386267086382537,0.001019317049018753,-0.0002426501676065021,-0.001249221039496914,0.0007289420368623597,-2.194215890959418e-05
2,1359356.390878503,0.0,0.0,0.0,72.88893946467208,-2.279903217778092,72.88893973160467,-2.279894683860767,1.0,0.0,0.0,0.0,0.03313133612030549,-0.001036319644444587,-0.03410536068155107,-0.0002388971238825591,-0.03313133612030549,0.001036319644444587,0.0007288893972965434,-2.279894751791341e-05,0.0002451351639563811,0.001298015716024331,-0.03386022551759468,0.001059118592141772,-0.0002451351639563837,-0.001298015716024331,0.0007288893973160467,-2.279894683860767e-05
2,1412537.544622731,0.0,0.0,0.0,72.88325643059936,-2.368913555943303,72.8832566975112,-2.368905343962945,1.0,0.0,0.0,0.0,0.03312875292299971,-0.001076778889065138,-0.03410540348833709,-0.0002482419382956886,-0.03312875292299971,0.001076778889065138,0.0007288325669675682,-2.368905344954379e-05,0.0002478179983846885,0.001348709881490492,-0.03385758548995239,0.001100467943194804,-0.0002478179983846918,-0.001348709881490493,0.000728832566975112,-2.368905343962945e-05
2,1467799.267622045,0.0,0.0,0.0,72.87712102653859,-2.461383679057906,72.87712129342803,-2.461375776918733,1.0,0.0,0.0,0.0,0.03312596410297208,-0.001118810763208139,-0.03410544970254686,-0.0002579521738650458,-0.03312596410297208,0.001118810763208139,0.0007287712129099883,-2.461375830687333e-05,0.0002507143866588226,0.001401376695384971,-0.03385473531588804,0.001143424521519925,-0.0002507143866588221,-0.001401376695384971,0.0007287712129342804,-2.461375776918733e-05
2,1525222.956538993,0.0,0.0,0.0,72.87049732944098,-2.557446202176342,72.87049759630624,-2.557438598238932,1.0,0.0,0.0,0.0,0.03312295333156408,-0.001162475546443792,-0.03410549959476652,-0.0002680421060711151,-0.03312295333156408,0.001162475546443792,0.000728704975945682,-2.557438734715934e-05,0.0002538412872665712,0.001456092039272466,-0.03385165830749994,0.001188049933201351,-0.0002538412872665763,-0.001456092039272466,0.0007287049759630625,-2.557438598238932e-05
2,1584893.192461087,0.0,0.0,0.0,72.86334657737775,-2.657238601116005,72.86334684421686,-2.657231284180154,1.0,0.0,0.0,0.0,0.03311970298971716,-0.001207835727780002,-0.03410555345696582,-0.0002785265664211792,-0.03311970298971716,0.001207835727780002,0.0007286334684062158,-2.657231243779002e-05,0.0002572169987798206,0.001512934606311957,-0.033848336458186,0.001234408039890778,-0.0002572169987798203,-0.001512934606311957,0.0007286334684421686,-2.657231284180154e-05
2,1646897.865482841,0.0,0.0,0.0,72.855626948749,-2.760903346046089,72.8556272155599,-2.760896305334308,1.0,0.0,0.0,0.0,0.03311619406761319,-0.001254956066384586,-0.03410561160416091,-0.0002894209637652409,-0.03311619406761319,0.001254956066384586,0.0007285562721829508,-2.760896356462048e-05,0.0002608612643562664,0.001571985992257086,-0.03384475033980464,0.001282565028491845,-0.0002608612643562672,-0.001571985992257086,0.0007285562721555992,-2.760896305334308e-05
2,1711328.304161752,0.0,0.0,0.0,72.84729332217672,-2.868588069447686,72.84729358895716,-2.868581294589328,1.0,0.0,0.0,0.0,0.03311240605553487,-0.001303903667930766,-0.03410567437622325,-0.0003007413066883066,-0.03311240605553487,0.001303903667930766,0.0007284729358244782,-2.868581371798154e-05,0.0002647953848036511,0.001633330787688059,-0.03384087899141959,0.001332589480999753,-0.0002647953848036524,-0.001633330787688059,0.0007284729358895717,-2.868581294589328e-05
2,1778279.410038893,0.0,0.0,0.0,72.83829701949217,-2.980445715137988,72.8382972862397,-2.980439196153966,1.0,0.0,0.0,0.0,0.0331083168270419,-0.001354748052335449,-0.03410574213981554,-0.0003125042265730554,-0.0331083168270419,0.001354748052335449,0.0007283829728799663,-2.980439145705775e-05,0.0002690423399292936,0.001697056671311126,-0.03383669979988624,0.00138455244473807,-0.0002690423399292971,-0.001697056671311125,0.000728382972862397,-2.980439196153966e-05
2,1847849.79742226,0.0,0.0,0.0,72.82858552962597,-3.096634682714658,72.82858579633796,-3.096628410002749,1.0,0.0,0.0,0.0,0.03310390251346635,-0.001407561219415753,-0.03410581529047129,-0.0003247270014834321,-0.03310390251346635,0.001407561219415753,0.0007282858580151247,-3.096628307872069e-05,0.0002736269190012159,0.00176325450405047,-0.03383218837147007,0.001438527502567038,-0.0002736269190012214,-0.00176325450405047,0.0007282858579633797,-3.096628410002749e-05
2,1920141.938638769,0.0,0.0,0.0,72.81810221195408,-3.217318968544938,72.81810247862774,-3.217312932865636,1.0,0.0,0.0,0.0,0.03309913736907004,-0.001462417712974972,-0.03410589425482909,-0.0003374275809124602,-0.03309913736907004,0.001462417712974972,0.0007281810247955629,-3.217312973651704e-05,0.0002785758609908016,0.001832018423624249,-0.03382731839383828,0.001494590842711789,-0.0002785758609908026,-0.001832018423624249,0.0007281810247862775,-3.217312932865636e-05
2,1995262.314968846,0.0,0.0,0.0,72.80678597392578,-3.342668343524718,72.80678624055804,-3.342662535987616,1.0,0.0,0.0,0.0,0.03309399362451172,-0.001519394701602145,-0.03410597949306162,-0.0003506246117598746,-0.03309399362451172,0.001519394701602145,0.0007280678624353153,-3.342662701372325e-05,0.0002839180061647044,0.001903445939165961,-0.03382206148689691,0.001552821327406086,-0.0002839180061647018,-0.001903445939165961,0.0007280678624055804,-3.342662535987617e-05
2,2073321.57348592,0.0,0.0,0.0,72.79457092946981,-3.472858472478789,72.79457119605736,-3.472852884529489,1.0,0.0,0.0,0.0,0.03308844133157719,-0.001578572032944904,-0.034106071501448,-0.000364337464795769,-0.03308844133157719,0.001578572032944904,0.0007279457119276235,-3.472852961713821e-05,0.0002896844578648349,0.001977638025634375,-0.03381638704358315,0.001613300560838606,-0.0002896844578648347,-0.001977638025634375,0.0007279457119605736,-3.47285288452949e-05
2,2154434.690031847,0.0,0.0,0.0,72.78138602970377,-3.608071056629437,72.78138629624306,-3.608065680036937,1.0,0.0,0.0,0.0,0.03308244819531989,-0.001640032298467926,-0.03410617081515533,-0.000378586262316939,-0.03308244819531989,0.001640032298467926,0.0007278138629845413,-3.60806568786936e-05,0.0002959087568635939,0.002054699217395604,-0.03381026205829173,0.001676112955078665,-0.0002959087568635901,-0.002054699217395604,0.0007278138629624306,-3.608065680036937e-05
2,2238721.138568301,0.0,0.0,0.0,72.76715466427564,-3.748493990854928,72.76715493076283,-3.748488817699504,1.0,0.0,0.0,0.0,0.03307597939285256,-0.001703860904934058,-0.03410627801124225,-0.0003933919069680168,-0.03307597939285256,0.001703860904934058,0.0007276715493019179,-3.748488718041626e-05,0.0003026270690991023,0.002134737700409935,-0.03380365094214314,0.001741345793441918,-0.0003026270690991081,-0.002134737700409935,0.0007276715493076283,-3.748488817699504e-05
2,2326305.067153586,0.0,0.0,0.0,72.75179423683245,-3.894321479435257,72.75179450326343,-3.894316502096782,1.0,0.0,0.0,0.0,0.03306899738037838,-0.001770146127016026,-0.03410639371185618,-0.0004087761113069477,-0.03306899738037838,0.001770146127016026,0.0007275179450089293,-3.894316514181036e-05,0.0003098783864002841,0.00221786540250571,-0.03379651532545589,0.001809089291198763,-0.0003098783864002863,-0.00221786540250571,0.0007275179450326343,-3.894316502096783e-05
2,2417315.480804062,0.0,0.0,0.0,72.73521570933224,-4.045754147477822,72.73521597570252,-4.045749358624546,1.0,0.0,0.0,0.0,0.0330614616860601,-0.001838979157944465,-0.03410651858766536,-0.0004247614284634252,-0.0330614616860601,0.001838979157944465,0.00072735215984624,-4.045749292321355e-05,0.0003177047419010017,0.002304198080943108,-0.03378881384576435,0.001879436652479683,-0.0003177047419010079,-0.002304198080943108,0.0007273521597570252,-4.045749358624546e-05
2,2511886.431509537,0.0,0.0,0.0,72.71732310864134,-4.202999184799236,72.71732337494612,-4.202994577376974,1.0,0.0,0.0,0.0,0.03305332868574606,-0.001910454174908744,-0.03410665336157645,-0.0004413712842373731,-0.03305332868574606,0.001910454174908744,0.0007271732337083466,-4.20299459619582e-05,0.0003261514421613895,0.002393855406312097,-0.03378050191941506,0.001952484122074723,-0.0003261514421613876,-0.002393855406312096,0.0007271732337494612,-4.202994577376975e-05
2,2610157.215682491,0.0,0.0,0.0,72.69801300438388,-4.366270417504612,72.69801327061796,-4.366265984726351,1.0,0.0,0.0,0.0,0.03304455136562904,-0.001984668371593006,-0.03410679881266659,-0.0004586300098246443,-0.03304455136562904,0.001984668371593006,0.0007269801325947478,-4.366265956995937e-05,0.0003352673143814657,0.002486961042099035,-0.03377153149828512,0.00202833103227439,-0.0003352673143814655,-0.002486961042099034,0.0007269801327061797,-4.366265984726352e-05
2,2712272.579331981,0.0,0.0,0.0,72.67717394528108,-4.535788404448694,72.67717421143887,-4.535784139784584,1.0,0.0,0.0,0.0,0.03303507906603686,-0.002061722002022134,-0.03410695578042945,-0.0004765628760166953,-0.03303507906603686,0.002061722002022134,0.0007267717422354417,-4.535784090562345e-05,0.0003451049722250572,0.002583642718585052,-0.03376185080820439,0.002107079842568357,-0.0003451049722250563,-0.002583642718585052,0.0007267717421143887,-4.535784139784584e-05
2,2818382.931264404,0.0,0.0,0.0,72.65468585791206,-4.711780498879438,72.65468612398752,-4.71177639604717,1.0,0.0,0.0,0.0,0.03302485720814184,-0.002141718408581563,-0.03410712516930373,-0.0004951961284352935,-0.03302485720814184,0.002141718408581563,0.0007265468612537702,-4.71177659491711e-05,0.0003557210998600599,0.002684032300022128,-0.03375140406944366,0.002188836171586835,-0.000355721099860061,-0.002684032300022128,0.0007265468612398752,-4.71177639604717e-05
2,2928644.564625185,0.0,0.0,0.0,72.63041940096711,-4.894480910790968,72.63041966695371,-4.894476963746506,1.0,0.0,0.0,0.0,0.0330138270004396,-0.002224764050359531,-0.0341073079535377,-0.0005145570241471685,-0.0330138270004396,0.002224764050359531,0.00072630419672954,-4.894477009636843e-05,0.0003671767563910781,0.002788265843587941,-0.03374013119714662,0.002273708819440773,-0.0003671767563910786,-0.002788265843587942,0.0007263041966695372,-4.894476963746506e-05
2,3043219.887107668,0.0,0.0,0.0,72.6042352780672,-5.084130722701052,72.60423554395791,-5.084126925629725,1.0,0.0,0.0,0.0,0.03300192512639418,-0.00231096851031866,-0.03410750518236503,-0.0005346738693259277,-0.03300192512639418,0.00231096851031866,0.0007260423553097337,-5.084126881690022e-05,0.0003795377005198083,0.002896483648737162,-0.03372796748184522,0.002361809779411235,-0.0003795377005198081,-0.002896483648737162,0.0007260423554395792,-5.084126925629725e-05
2,3162277.660168324,0.0,0.0,0.0,72.57598350323472,-5.280977884896872,72.57598376902202,-5.280974232204792,1.0,0.0,0.0,0.0,0.03298908341056124,-0.002400444493134942,-0.03410771798553733,-0.0005555760582328993,-0.03298908341056124,0.002400444493134942,0.00072575983760183,-5.280974636906323e-05,0.00039287473739006,0.003008830295121817,-0.03371484324814727,0.002453254236888918,-0.0003928747373900601,-0.003008830295121817,0.0007257598376902202,-5.280974232204792e-05
2,3285993.247600596,0.0,0.0,0.0,72.54550261516769,-5.485277193917483,72.54550288084336,-5.485273680223293,1.0,0.0,0.0,0.0,0.03297522846143986,-0.002493307815417038,-0.03410794757924317,-0.0005772941136082164,-0.03297522846143986,0.002493307815417038,0.0007254550287664822,-5.48527383904038e-05,0.0004072640890898754,0.003125454667083827,-0.03370068349015329,0.002548160553475611,-0.0004072640890898788,-0.003125454667083827,0.0007254550288084337,-5.485273680223294e-05
2,3414548.873833541,0.0,0.0,0.0,72.51261884424753,-5.697290205751182,72.51261910980277,-5.697286825878117,1.0,0.0,0.0,0.0,0.03296028129283979,-0.002589677366250537,-0.03410819527238172,-0.0005998597281366376,-0.03296028129283979,0.002589677366250537,0.0007251261910892424,-5.697286809106382e-05,0.0004227877884531305,0.003246509962763312,-0.03368540748392859,0.002646650234626674,-0.00042278778845313,-0.003246509962763312,0.0007251261910980278,-5.697286825878117e-05
2,3548133.892335691,0.0,0.0,0.0,72.47714522273381,-5.917285129725589,72.47714548815915,-5.917281878693831,1.0,0.0,0.0,0.0,0.03294415691942446,-0.002689675058966177,-0.03410846247326528,-0.0006233058074312578,-0.03294415691942446,0.002689675058966177,0.0007247714547868923,-5.917281826567697e-05,0.0004395340989574235,0.00337215368516226,-0.03366892837430785,0.002748847877731002,-0.000439534098957424,-0.00337215368516226,0.0007247714548815916,-5.917281878693832e-05
2,3686945.06451951,0.0,0.0,0.0,72.43888063951698,-6.145536670622094,72.4388809048022,-6.145533543641419,1.0,0.0,0.0,0.0,0.03292676392705318,-0.002793425759373679,-0.03410875069673931,-0.0006476665143369793,-0.03292676392705318,0.002793425759373679,0.0007243888088132887,-6.145533560434717e-05,0.0004575979609293597,0.00350254761258004,-0.03365115273580994,0.00285488109824306,-0.0004575979609293609,-0.00350254761258004,0.0007243888090480221,-6.14553354364142e-05
2,3831186.849557219,0.0,0.0,0.0,72.39760883151638,-6.382325846166967,72.39760909665047,-6.382322838629666,1.0,0.0,0.0,0.0,0.03290800401432563,-0.002901057202803167,-0.03410906157178141,-0.0006729773148482211,-0.03290800401432563,0.002901057202803167,0.0007239760910484226,-6.382322922919302e-05,0.0004770814664140512,0.003637857745184422,-0.03363198010536735,0.002964880430336201,-0.0004770814664140505,-0.003637857745184422,0.0007239760909665047,-6.382322838629667e-05
2,3981071.705534901,0.0,0.0,0.0,72.353097333837,-6.627939634742315,72.35309759880809,-6.627936742216387,1.0,0.0,0.0,0.0,0.03288777151538046,-0.00301269983397378,-0.03410939684940458,-0.0006992750245230021,-0.03288777151538046,0.00301269983397378,0.0007235309759295187,-6.62793688568173e-05,0.0004980943579857445,0.003778254225369859,-0.03361130249141882,0.003078979200846857,-0.0004980943579857497,-0.003778254225369859,0.0007235309759880809,-6.627936742216388e-05
2,4136820.402388433,0.0,0.0,0.0,72.3050963398094,-6.882670719274911,72.3050966046047,-6.882667937497502,1.0,0.0,0.0,0.0,0.03286595288173155,-0.003128486690579505,-0.03410975841124889,-0.0007265978576558562,-0.03286595288173155,0.003128486690579505,0.0007230509662160865,-6.882667885608958e-05,0.0005207545633479322,0.003923911226314407,-0.03358900384790095,0.003197313368658551,-0.000520754563347936,-0.003923911226314407,0.000723050966046047,-6.882667937497503e-05
2,4298662.3470822,0.0,0.0,0.0,72.25333752223071,-7.146817013101454,72.25333778683645,-7.146814337972555,1.0,0.0,0.0,0.0,0.0328424261464685,-0.003248553187773388,-0.03411014827845717,-0.0007549854767097689,-0.0328424261464685,0.003248553187773388,0.0007225333783324985,-7.146813866470739e-05,0.0005451887540148738,0.004075006806797089,-0.03356495952444229,0.00332002133008732,-0.0005451887540148734,-0.004075006806797089,0.0007225333778683646,-7.146814337972556e-05
2,4466835.921509551,0.0,0.0,0.0,72.19753277866971,-7.420681167612118,72.19753304307112,-7.420678595188492,1.0,0.0,0.0,0.0,0.03281706035394077,-0.003373036894369145,-0.03411056862112678,-0.0007844790437331054,-0.03281706035394077,0.003373036894369145,0.0007219753301551703,-7.420678751686135e-05,0.0005715329369892922,0.004231722726330761,-0.03353903568413749,0.003447243682597656,-0.0005715329369892913,-0.004231722726330761,0.0007219753304307112,-7.420678595188493e-05
2,4641588.833612694,0.0,0.0,0.0,72.1373729100229,-7.704569989913336,72.137373174204,-7.704567516402662,1.0,0.0,0.0,0.0,0.03278971495910132,-0.003502077268142425,-0.03411102176826499,-0.0008151212732605968,-0.03278971495910132,0.003502077268142425,0.0007213737317511385,-7.704567662153599e-05,0.000599933077364456,0.004394244216031741,-0.03351108869090053,0.003579122942771143,-0.0005999330773644521,-0.004394244216031741,0.0007213737317420401,-7.704567516402662e-05
2,4823178.482239218,0.0,0.0,0.0,72.07252625127015,-7.998793673336193,72.07252651521375,-7.998791295091451,1.0,0.0,0.0,0.0,0.0327602392051228,-0.003635815306061906,-0.03411151021809884,-0.0008469564859919271,-0.0327602392051228,0.003635815306061906,0.0007207252655979591,-7.998790928038926e-05,0.0006305457473557269,0.004562759700786297,-0.0334809644707431,0.00371580321479437,-0.0006305457473557291,-0.004562759700786297,0.0007207252651521376,-7.998791295091452e-05
2,5011872.336272631,0.0,0.0,0.0,72.00263722267826,-8.303664988962554,72.00263748636593,-8.303662702476606,1.0,0.0,0.0,0.0,0.03272847146485375,-0.003774393176801161,-0.03411203664898994,-0.0008800306645619558,-0.03272847146485375,0.003774393176801161,0.0007200263748080734,-8.303662451612574e-05,0.0006635388089141053,0.004737460465279958,-0.03344849784007582,0.003857429800718001,-0.0006635388089141075,-0.004737460465279957,0.0007200263748636593,-8.303662702476606e-05
2,5207948.328595368,0.0,0.0,0.0,71.92732482258745,-8.619498325334963,71.92732508599933,-8.619496127235326,1.0,0.0,0.0,0.0,0.03269423855572157,-0.003917953784243165,-0.0341126039307885,-0.0009143915105759295,-0.03269423855572157,0.003917953784243165,0.0007192732506927557,-8.619496315615425e-05,0.0006990921244783343,0.004918540258356166,-0.03341351180631016,0.004004148747780238,-0.0006990921244783357,-0.004918540258356167,0.0007192732508599934,-8.619496127235327e-05
2,5411695.265464537,0.0,0.0,0.0,71.84618106396252,-8.946608569198311,71.84618132707723,-8.946606456242142,1.0,0.0,0.0,0.0,0.03265735502907387,-0.004066640258726505,-0.0341132151366105,-0.0009500885029556747,-0.03265735502907387,0.004066640258726505,0.0007184618130320838,-8.94660652352162e-05,0.0007373982945789843,0.005106194828759253,-0.03337581684203151,0.004156106325803578,-0.0007373982945789795,-0.005106194828759253,0.0007184618132707723,-8.946606456242142e-05
2,5623413.251903387,0.0,0.0,0.0,71.75876936882983,-9.285309777078716,71.75876963162443,-9.285307746147964,1.0,0.0,0.0,0.0,0.0326176224403772,-0.004220595353217598,-0.03411387355492831,-0.0009871729572932038,-0.0326176224403772,0.004220595353217598,0.0007175876966322126,-9.285307821195381e-05,0.0007786634179028011,0.005300621385406059,-0.0333352101370255,0.004313448428112854,-0.0007786634179028085,-0.005300621385406058,0.0007175876963162444,-9.285307746147965e-05
2,5843414.133735067,0.0,0.0,0.0,71.6646229094668,-9.635913695491046,71.66462317191662,-9.6359117435878,1.0,0.0,0.0,0.0,0.03257482859521219,-0.004379960770677749,-0.03411458270206483,-0.001025698086800929,-0.03257482859521219,0.004379960770677749,0.0007166462316416371,-9.635911631821259e-05,0.0008231078749116196,0.005502017973264581,-0.0332914748271532,0.004476319886463651,-0.0008231078749116189,-0.005502017973264581,0.0007166462317191662,-9.6359117435878e-05
2,6072021.956909773,0.0,0.0,0.0,71.56324289576955,-9.99872813454414,71.5632431578481,-9.998726258786117,1.0,0.0,0.0,0.0,0.03252874677080434,-0.00454487642479279,-0.03411534633509814,-0.00106571906501707,-0.03252874677080434,0.00454487642479279,0.0007156324317003302,-9.998726571058312e-05,0.0008709671331676004,0.005710582755634761,-0.03324437920193055,0.004644863690617691,-0.0008709671331676022,-0.005710582755634762,0.0007156324315784811,-9.998726258786118e-05
2,6309573.444801815,0.0,0.0,0.0,71.45409684733433,-10.3740550656582,71.45409710901318,-10.37405326327444,1.0,0.0,0.0,0.0,0.03247913493060652,-0.004715479575299184,-0.03411616846487708,-0.001107293089326554,-0.03247913493060652,0.004715479575299184,0.0007145409709722668,-0.0001037405365021268,0.0009224925629169266,0.005926513195443552,-0.03319367590196014,0.004819220106116996,-0.0009224925629169323,-0.005926513195443551,0.0007145409710901319,-0.0001037405326327444
2,6556418.494179667,0.0,0.0,0.0,71.33661687728156,-10.76218839060909,71.33661713853016,-10.76218665893573,1.0,0.0,0.0,0.0,0.03242573494421889,-0.004891903813913222,-0.03411705336893903,-0.001150479444991007,-0.03242573494421889,0.004891903813913222,0.0007133661712735096,-0.0001076218638670038,0.0009779522535996342,0.006150005127248748,-0.03313910111533939,0.00499952568225774,-0.0009779522535996385,-0.006150005127248747,0.0007133661713853017,-0.0001076218665893573
2,6812920.690579485,0.0,0.0,0.0,71.21019791114446,-11.16341167248519,71.2101981719301,-11.16341000896149,1.0,0.0,0.0,0.0,0.03236827177779294,-0.005074278032947812,-0.03411800560493954,-0.001195339572214402,-0.03236827177779294,0.005074278032947812,0.0007121019812277214,-0.0001116341000389743,0.001037631845181678,0.006381251703685024,-0.03308037375975786,0.00518591213147062,-0.001037631845181686,-0.006381251703685023,0.000712101981719301,-0.0001116341000896149
2,7079457.843841247,0.0,0.0,0.0,71.07419600339917,-11.57799531887408,71.07419626368673,-11.5779937210385,1.0,0.0,0.0,0.0,0.0323064527288178,-0.005262725144942765,-0.03411903002331967,-0.001241937132187442,-0.0323064527288178,0.005262725144942765,0.0007107419635434424,-0.0001157799312066335,0.001101835332108065,0.006620442215832753,-0.03301719469121159,0.005378505083645311,-0.001101835332108066,-0.006620442215832753,0.0007107419626368673,-0.000115779937210385
2,7356422.544596274,0.0,0.0,0.0,70.92792662404112,-12.0061936950314,70.92792688379303,-12.00619216051784,1.0,0.0,0.0,0.0,0.03223996664729142,-0.005457360770468818,-0.03412013178022406,-0.001290338076189075,-0.03223996664729142,0.005457360770468818,0.0007092792683586958,-0.0001200619220805337,0.001170885863801568,0.006867760766531337,-0.03294924591642248,0.005577422690342262,-0.001170885863801575,-0.006867760766531336,0.0007092792688379304,-0.0001200619216051784
2,7644222.742525859,0.0,0.0,0.0,70.77066308074932,-12.44824170125275,70.7706633399253,-12.44824022778694,1.0,0.0,0.0,0.0,0.03216848321852241,-0.005658291682387615,-0.03412131634937522,-0.001340610714058387,-0.03216848321852241,0.005658291682387615,0.0007077066332718979,-0.0001244824047181227,0.001245126496985339,0.007123384796062036,-0.03287618985238987,0.005782774082003649,-0.001245126496985341,-0.007123384796062036,0.0007077066333992531,-0.0001244824022778694
2,7943282.347242665,0.0,0.0,0.0,70.60163499066964,-12.9043511573108,70.60163524922662,-12.90434974270677,1.0,0.0,0.0,0.0,0.0320916522684862,-0.005865614162414001,-0.03412258953359203,-0.001392825785016334,-0.0320916522684862,0.005865614162414001,0.0007060163522730364,-0.0001290435004555728,0.001324920911908462,0.007387483440999688,-0.03279766862168357,0.005994657655983354,-0.001324920911908466,-0.007387483440999688,0.0007060163524922662,-0.0001290434974270677
2,8254041.852680027,0.0,0.0,0.0,70.42002692532873,-13.37470671124841,70.42002718322061,-13.37470535340511,1.0,0.0,0.0,0.0,0.03200910314787669,-0.006079412141476549,-0.03412395747499242,-0.001447056528667338,-0.03200910314787669,0.006079412141476549,0.0007042002719292428,-0.0001337470493467057,0.00141065405510915,0.007660215722759889,-0.03271330341988327,0.00621315919409255,-0.001410654055109151,-0.007660215722759889,0.0007042002718322061,-0.0001337470535340511
2,8576958.985908778,0.0,0.0,0.0,70.22497720687483,-13.85946143573761,70.2249774640524,-13.85946013263562,1.0,0.0,0.0,0.0,0.0319204441849431,-0.006299755198062549,-0.03412542666406675,-0.001503378757690857,-0.0319204441849431,0.006299755198062549,0.0007022497750670546,-0.0001385945966892974,0.001502732703324741,0.007941728551210326,-0.03262269396074201,0.006438349793519469,-0.001502732703324738,-0.007941728551210326,0.0007022497746405241,-0.0001385946013263562
2,8912509.381337285,0.0,0.0,0.0,70.01557698384677,-14.35873188655886,70.01557724025749,-14.3587306362572,1.0,0.0,0.0,0.0,0.03182526226538489,-0.006526696312072208,-0.03412700394662865,-0.001561870930531394,-0.03182526226538489,0.006526696312072208,0.0007001557741152984,-0.0001435873028806207,0.001601585907395985,0.008232154541919137,-0.03252541803923267,0.006670283611387742,-0.001601585907395987,-0.008232154541919137,0.0007001557724025749,-0.000143587306362572
2,9261187.281287758,0.0,0.0,0.0,69.79086953795704,-14.87259287523253,69.79086979354483,-14.87259167586559,1.0,0.0,0.0,0.0,0.0317231225172532,-0.006760269488742061,-0.03412869652904496,-0.001622614226339884,-0.0317231225172532,0.006760269488742061,0.0006979086982918044,-0.0001487259125663861,0.001707665313662242,0.0085316096309299,-0.03242103121538271,0.006908995404590016,-0.001707665313662239,-0.008531609630929901,0.0006979086979354484,-0.0001487259167586559
2,9623506.263980702,0.0,0.0,0.0,69.54984995637989,-15.40107175239616,69.54985021108503,-15.40107060217065,1.0,0.0,0.0,0.0,0.03161356816199086,-0.007000487160180075,-0.03413051198070664,-0.001685692620664446,-0.03161356816199086,0.007000487160180075,0.0006954985006976925,-0.0001540107071057303,0.001821445316915287,0.008840190488267789,-0.03230906666379135,0.007154497867603343,-0.001821445316915291,-0.00884019048826779,0.0006954985021108503,-0.0001540107060217065
2,10000000.0,0.0,0.0,0.0,69.29146525175697,-15.94414218307884,69.29146550551586,-15.94414108027092,1.0,0.0,0.0,0.0,0.03149612056898044,-0.007247337355944929,-0.03413245823311693,-0.001751192961911801,-0.03149612056898044,0.007247337355944929,0.0006929146539712749,-0.0001594414092318202,0.001943423009306572,0.009157971729638347,-0.03218903522381035,0.007406778767726546,-0.001943423009306576,-0.009157971729638347,0.0006929146550551586,-0.0001594414108027092
3,10.0,0.0,0.0,0.0,106.4303627911686,-0.05275503670015471,106.4042499022933,1.640721197093375,1.0,0.0,0.0,0.0,0.0322516250882329,-1.598637475762264e-05,-0.033527137313836,-4.34436428586005e-07,-0.0322516250882329,1.598637475762264e-05,0.001064042499022933,1.640721197093202e-05,0.0002114697265801653,1.359921527225397e-08,-0.03331566758725583,-4.20837213313751e-07,-0.0002114697265801629,-1.359921527225399e-08,0.001064042499022933,1.640721197093375e-05
3,10.39122303835169,0.0,0.0,0.0,106.4303027455966,-0.05077259920213707,106.4061187292951,1.578973938668034,1.0,0.0,0.0,0.0,0.03225160689260504,-1.538563612185972e-05,-0.03352713780647854,-4.182345097567117e-07,-0.03225160689260504,1.538563612185972e-05,0.001064061187292951,1.578973938668417e-05,0.0002114697265805444,1.413124493071278e-08,-0.03331566807989799,-4.04103264825999e-07,-0.0002114697265805446,-1.413124493071276e-08,0.001064061187292951,1.578973938668034e-05
3,10.7977516232771,0.0,0.0,0.0,106.4302471343865,-0.04886481446718048,106.4078495435322,1.519548298696464,1.0,0.0,0.0,0.0,0.03225159004072318,-1.480751953550924e-05,-0.03352713826273945,-4.026475403783467e-07,-0.03225159004072318,1.480751953550924e-05,0.001064078495435322,1.519548298695862e-05,0.000211469726580947,1.468408892696678e-08,-0.03331566853615851,-3.8796345145138e-07,-0.000211469726580947,-1.468408892696673e-08,0.001064078495435322,1.519548298696464e-05
3,11.22018454301963,0.0,0.0,0.0,106.4301956301895,-0.04702888678168002,106.4094525332335,1.462357193049118,1.0,0.0,0.0,0.0,0.03225157443339076,-1.425117781263031e-05,-0.03352713868530447,-3.876526794223046e-07,-0.03225157443339076,1.425117781263031e-05,0.001064094525332335,1.462357193048833e-05,0.0002114697265813754,1.525856156166286e-08,-0.03331566895872309,-3.723941178606417e-07,-0.0002114697265813772,-1.52585615616629e-08,0.001064094525332335,1.462357193049119e-05
3,11.65914401179831,0.0,0.0,0.0,106.4301479298038,-0.04526212471601965,106.4109371350936,1.407316780472311,1.0,0.0,0.0,0.0,0.03225155997872844,-1.37157953684908e-05,-0.0335271390766612,-3.732279452246678e-07,-0.03225155997872844,1.37157953684908e-05,0.001064109371350936,1.407316780471404e-05,0.0002114697265818322,1.585550899292221e-08,-0.03331566935007937,-3.573724362317456e-07,-0.0002114697265818352,-1.585550899292219e-08,0.001064109371350936,1.407316780472311e-05
3,12.11527658628588,0.0,0.0,0.0,106.430103752396,-0.04356193732958354,106.4123120896281,1.354346344357757,1.0,0.0,0.0,0.0,0.03225154659163514,-1.320058706957077e-05,-0.03352713943911375,-3.593521844977616e-07,-0.03225154659163514,1.320058706957077e-05,0.001064123120896281,1.354346344358526e-05,0.00021146972658232,1.647581048267236e-08,-0.03331566971253143,-3.428763740150893e-07,-0.0002114697265823209,-1.647581048267235e-08,0.001064123120896281,1.354346344357757e-05
3,12.58925411794167,0.0,0.0,0.0,106.4300628378527,-0.04192583050495333,106.4135854924643,1.303368178543675,1.0,0.0,0.0,0.0,0.0322515341932887,-1.270479712271313e-05,-0.03352713977479619,-3.460050424073825e-07,-0.0322515341932887,1.270479712271313e-05,0.001064135854924643,1.303368178542893e-05,0.0002114697265828418,1.712037969173875e-08,-0.03331567004821334,-3.288846627156438e-07,-0.0002114697265828483,-1.71203796917387e-08,0.001064135854924643,1.303368178543675e-05
3,13.08177474260194,0.0,0.0,0.0,106.4300249452543,-0.0403514034090268,106.4147648418619,1.254307477040045,1.0,0.0,0.0,0.0,0.03225152271068313,-1.222769800273539e-05,-0.03352714008568516,-3.331669336973427e-07,-0.03225152271068313,1.222769800273539e-05,0.001064147648418619,1.254307477040376e-05,0.0002114697265834006,1.779016602560347e-08,-0.03331567035910175,-3.153767676717393e-07,-0.0002114697265834034,-1.779016602560345e-08,0.001064147648418619,1.254307477040045e-05
3,13.59356390878525,0.0,0.0,0.0,106.42998985146,-0.03883634507593541,106.4158570827412,1.207092227572563,1.0,0.0,0.0,0.0,0.03225151207619999,-1.176858941695012e-05,-0.0335271403736114,-3.208190148195417e-07,-0.03225151207619999,1.176858941695012e-05,0.001064158570827412,1.207092227574272e-05,0.0002114697265839997,1.848615603281342e-08,-0.0333156706470274,-3.023328587867283e-07,-0.0002114697265840002,-1.84861560328134e-08,0.001064158570827412,1.207092227572563e-05
3,14.12537544622754,0.0,0.0,0.0,106.4299573497969,-0.03737843111031565,106.416868647473,1.16165310883573,1.0,0.0,0.0,0.0,0.03225150222721118,-1.132679730615626e-05,-0.03352714064027056,-3.089431570579489e-07,-0.03225150222721118,1.132679730615626e-05,0.00106416868647473,1.161653108835114e-05,0.0002114697265846426,1.920937485809752e-08,-0.03331567091368591,-2.897337821998514e-07,-0.0002114697265846455,-1.92093748580975e-08,0.00106416868647473,1.16165310883573e-05
3,14.67799267622069,0.0,0.0,0.0,106.4299272488466,-0.03597552050608994,106.4178054936683,1.117923391349077,1.0,0.0,0.0,0.0,0.03225149310571111,-1.090167288063331e-05,-0.03352714088723312,-2.975219206070094e-07,-0.03225149310571111,1.090167288063331e-05,0.001064178054936683,1.117923391349104e-05,0.0002114697265853331,1.996088775233349e-08,-0.03331567116064778,-2.77561032854676e-07,-0.0002114697265853324,-1.996088775233346e-08,0.001064178054936683,1.117923391349077e-05
3,15.25222956539018,0.0,0.0,0.0,106.4298993713198,-0.03462555257750373,106.418673139187,1.075838841809485,1.0,0.0,0.0,0.0,0.03225148465797571,-1.049259169015265e-05,-0.03352714111595366,-2.865385295780408e-07,-0.03225148465797571,1.049259169015265e-05,0.00106418673139187,1.075838841809507e-05,0.0002114697265860753,2.074180164158812e-08,-0.03331567138936758,-2.657967279364527e-07,-0.0002114697265860749,-2.07418016415881e-08,0.00106418673139187,1.075838841809485e-05
3,15.84893192461113,0.0,0.0,0.0,106.4298735530144,-0.0333265439997146,106.4194766945699,1.035337630832946,1.0,0.0,0.0,0.0,0.03225147683424678,-1.009895272718624e-05,-0.03352714132777936,-2.759768479117092e-07,-0.03225147683424678,1.009895272718624e-05,0.001064194766945699,1.035337630833207e-05,0.0002114697265868736,2.155326675754221e-08,-0.03331567160119248,-2.54423581154167e-07,-0.0002114697265868798,-2.155326675754219e-08,0.001064194766945699,1.035337630832946e-05
3,16.46897865482867,0.0,0.0,0.0,106.42984964185,-0.03207658595458553,106.4202208930822,0.9963602439820086,1.0,0.0,0.0,0.0,0.03225146958843941,-9.720177561995616e-06,-0.03352714152395797,-2.658213561611987e-07,-0.03225146958843941,9.720177561995616e-06,0.001064202208930822,9.963602439821136e-06,0.0002114697265877327,2.239647833170159e-08,-0.03331567179737024,-2.434248778294971e-07,-0.0002114697265877333,-2.239647833170157e-08,0.001064202208930822,9.963602439820087e-06
3,17.11328304161779,0.0,0.0,0.0,106.4298274969743,-0.03087384137964145,106.420910118545,0.9588493959743271,1.0,0.0,0.0,0.0,0.03225146287787099,-9.355709508982258e-06,-0.0335271417056451,-2.560571291296215e-07,-0.03225146287787099,9.355709508982258e-06,0.001064209101185449,9.588493959735533e-06,0.0002114697265886576,2.327267835588982e-08,-0.03331567197905644,-2.327844507737317e-07,-0.0002114697265886561,-2.327267835588981e-08,0.00106420910118545,9.588493959743272e-06
3,17.78279410038921,0.0,0.0,0.0,106.4298069879338,-0.02971654231528158,106.421548431116,0.922749947972369,1.0,0.0,0.0,0.0,0.03225145666301024,-9.0050128228126e-06,-0.03352714187391106,-2.466698143217153e-07,-0.03225145666301024,9.0050128228126e-06,0.00106421548431116,9.22749947972982e-06,0.0002114697265896537,2.418315741161558e-08,-0.0333156721473214,-2.224866569100997e-07,-0.0002114697265896553,-2.418315741161554e-08,0.00106421548431116,9.227499479723691e-06
3,18.47849797422289,0.0,0.0,0.0,106.4297879939074,-0.02860298734879462,106.4221395911715,0.888008827852757,1.0,0.0,0.0,0.0,0.03225145090724466,-8.667571923877159e-06,-0.03352714202974712,-2.376456111982242e-07,-0.03225145090724466,8.667571923877159e-06,0.001064221395911715,8.880088278515702e-06,0.000211469726590727,2.51292565710091e-08,-0.03331567230315638,-2.125163546272151e-07,-0.0002114697265907309,-2.512925657100909e-08,0.001064221395911715,8.880088278527571e-06
3,19.201419386388,0.0,0.0,0.0,106.4297704029951,-0.02753153915085605,106.4226870814275,0.8545749533586721,1.0,0.0,0.0,0.0,0.03225144557666519,-8.34289065177456e-06,-0.03352714217407136,-2.289712511978458e-07,-0.03225144557666519,8.34289065177456e-06,0.001064226870814275,8.54574953359029e-06,0.0002114697265918838,2.611236937212803e-08,-0.03331567244747947,-2.028588818257177e-07,-0.0002114697265918897,-2.611236937212802e-08,0.001064226870814275,8.545749533586722e-06
3,19.95262314968878,0.0,0.0,0.0,106.4297541115599,-0.02650062210108945,106.4231941274307,0.8223991580400077,1.0,0.0,0.0,0.0,0.03225144063986663,-8.030491545784681e-06,-0.03352714230773406,-2.206339784990452e-07,-0.03225144063986663,8.030491545784681e-06,0.001064231941274308,8.223991580417447e-06,0.0002114697265931309,2.713394387154169e-08,-0.03331567258114092,-1.935000346275035e-07,-0.0002114697265931387,-2.71339438715417e-08,0.001064231941274307,8.223991580400077e-06
3,20.73321573485953,0.0,0.0,0.0,106.4297390236175,-0.02550872000193689,106.4236637165391,0.791434119885585,1.0,0.0,0.0,0.0,0.03225143606776288,-7.729915152102087e-06,-0.03352714243152274,-2.126215315158988e-07,-0.03225143606776288,7.729915152102087e-06,0.001064236637165392,7.914341198844659e-06,0.0002114697265944757,2.819548477721744e-08,-0.03331567270492827,-1.844260467386814e-07,-0.0002114697265944779,-2.819548477721743e-08,0.001064236637165392,7.91434119885585e-06
3,21.54434690031881,0.0,0.0,0.0,106.4297250502721,-0.02455437387534555,106.4240986155025,0.7616342925588134,1.0,0.0,0.0,0.0,0.03225143183341578,-7.440719356165317e-06,-0.03352714254616674,-2.049221250832746e-07,-0.03225143183341578,7.440719356165317e-06,0.001064240986155025,7.616342925592633e-06,0.000211469726595926,2.929855566485056e-08,-0.03331567281957081,-1.75623569418424e-07,-0.0002114697265959281,-2.929855566485056e-08,0.001064240986155025,7.616342925588135e-06
3,22.38721138568337,0.0,0.0,0.0,106.4297121091927,-0.02363617984022945,106.4245013867468,0.7329558391471317,1.0,0.0,0.0,0.0,0.03225142791187657,-7.162478739463468e-06,-0.03352714265234153,-1.97524433314988e-07,-0.03225142791187657,7.162478739463468e-06,0.001064245013867468,7.329558391474039e-06,0.0002114697265974904,3.04447812809022e-08,-0.03331567292574403,-1.670796520340858e-07,-0.0002114697265974963,-3.04447812809022e-08,0.001064245013867468,7.329558391471318e-06
3,23.26305067153623,0.0,0.0,0.0,106.4297001241286,-0.02275278706866901,106.4248744034577,0.7053565683379782,1.0,0.0,0.0,0.0,0.03225142428003896,-6.89478396020273e-06,-0.03352714275067271,-1.904175731186211e-07,-0.03225142428003896,6.89478396020273e-06,0.001064248744034577,7.053565683381617e-06,0.0002114697265991782,3.163584993573751e-08,-0.03331567302407354,-1.587817231828836e-07,-0.0002114697265991755,-3.163584993573751e-08,0.001064248744034577,7.053565683379783e-06
3,24.17315480804101,0.0,0.0,0.0,106.4296890244605,-0.02190289581823866,106.4252198635509,0.6787958729370741,1.0,0.0,0.0,0.0,0.03225142091650317,-6.637241157042018e-06,-0.03352714284173969,-1.835910883460083e-07,-0.03225142091650317,6.637241157042018e-06,0.00106425219863551,6.787958729389881e-06,0.0002114697266009992,3.287351599038912e-08,-0.03331567311513869,-1.507175723556192e-07,-0.0002114697266010004,-3.287351599038911e-08,0.001064252198635509,6.787958729370742e-06
3,25.11886431509577,0.0,0.0,0.0,106.4296787447849,-0.02108525553548467,106.4255398026126,0.6532346706496208,1.0,0.0,0.0,0.0,0.03225141780144997,-6.389471374389293e-06,-0.03352714292607906,-1.770349345389842e-07,-0.03225141780144997,6.389471374389293e-06,0.001064255398026126,6.532346706484197e-06,0.0002114697266029643,3.415960244060853e-08,-0.03331567319947609,-1.428753320983757e-07,-0.0002114697266029711,-3.415960244060853e-08,0.001064255398026126,6.532346706496209e-06
3,26.10157215682533,0.0,0.0,0.0,106.4296692245287,-0.02029866303204346,106.4258361058843,0.6286353470409936,1.0,0.0,0.0,0.0,0.03225141491652385,-6.151110009710139e-06,-0.03352714300418778,-1.707394642830672e-07,-0.03225141491652385,6.151110009710139e-06,0.001064258361058843,6.28635347038315e-06,0.000211469726605085,3.549600360201163e-08,-0.03331567327758268,-1.352434606810556e-07,-0.0002114697266050874,-3.549600360201165e-08,0.001064258361058843,6.286353470409936e-06
3,27.12272579332025,0.0,0.0,0.0,106.4296604075928,-0.01954196072670264,106.4261105193638,0.6049617006041452,1.0,0.0,0.0,0.0,0.03225141224472511,-5.921806280818981e-06,-0.03352714307652612,-1.646954131145988e-07,-0.03225141224472511,5.921806280818981e-06,0.001064261105193638,6.049617006049942e-06,0.0002114697266073738,3.688468790027355e-08,-0.03331567334991874,-1.278107252143252e-07,-0.0002114697266073773,-3.688468790027355e-08,0.001064261105193638,6.049617006041453e-06
3,28.1838293126445,0.0,0.0,0.0,106.4296522420218,-0.0188140349540365,106.4263646600876,0.5821788898560176,1.0,0.0,0.0,0.0,0.03225140977030964,-5.701222713344394e-06,-0.03352714314352036,-1.588938859870051e-07,-0.03225140977030964,5.701222713344394e-06,0.001064263646600877,5.821788898570034e-06,0.0002114697266098442,3.832770077048227e-08,-0.03331567341691051,-1.205661852165229e-07,-0.0002114697266098475,-3.832770077048226e-08,0.001064263646600876,5.821788898560177e-06
3,29.28644564625232,0.0,0.0,0.0,106.4296446796976,-0.01811381433615468,106.4266000256529,0.560253382391736,1.0,0.0,0.0,0.0,0.03225140747869624,-5.489034647319599e-06,-0.03352714320556528,-1.533263442682892e-07,-0.03225140747869624,5.489034647319599e-06,0.001064266000256529,5.60253382390106e-06,0.0002114697266125108,3.982716766992185e-08,-0.03331567347895276,-1.134991765983674e-07,-0.0002114697266125121,-3.982716766992184e-08,0.001064266000256529,5.602533823917361e-06
3,30.43219887107717,0.0,0.0,0.0,106.4296376760564,-0.01744026821532495,106.426818003038,0.5391529058265047,1.0,0.0,0.0,0.0,0.03225140535638071,-5.284929762219681e-06,-0.03352714326302649,-1.479845932519087e-07,-0.03225140535638071,5.284929762219681e-06,0.001064268180030381,5.391529058287313e-06,0.0002114697266153892,4.13852972087227e-08,-0.03331567353641109,-1.06599296043186e-07,-0.0002114697266153917,-4.138529720872272e-08,0.001064268180030381,5.391529058265047e-06
3,31.62277660168374,0.0,0.0,0.0,106.4296311898261,-0.01679240514530477,106.4270198767718,0.5188464005573467,1.0,0.0,0.0,0.0,0.0322514033908564,-5.088607619789325e-06,-0.03352714331624262,-1.428607701638186e-07,-0.0322514033908564,5.088607619789325e-06,0.001064270198767718,5.188464005575022e-06,0.0002114697266184964,4.300438440299032e-08,-0.03331567358962412,-9.985638576082831e-08,-0.0002114697266184934,-4.300438440299033e-08,0.001064270198767718,5.188464005573467e-06
3,32.85993247600649,0.0,0.0,0.0,106.4296251827834,-0.01616927143971967,106.4272068364989,0.4993039742786144,1.0,0.0,0.0,0.0,0.03225140157054042,-4.899779224157475e-06,-0.03352714336552726,-1.379473326526105e-07,-0.03225140157054042,4.899779224157475e-06,0.001064272068364989,4.993039742782454e-06,0.0002114697266218508,4.468681405520375e-08,-0.0333156736389054,-9.32605185974068e-08,-0.0002114697266218518,-4.468681405520374e-08,0.001064272068364989,4.993039742786145e-06
3,34.14548873833596,0.0,0.0,0.0,106.4296196195282,-0.01556994977475036,106.4273799839878,0.4804968581884905,1.0,0.0,0.0,0.0,0.0322513998847055,-4.718166598409199e-06,-0.03352714341117086,-1.332370477408737e-07,-0.0322513998847055,4.718166598409199e-06,0.001064273799839878,4.804968581862512e-06,0.0002114697266254722,4.643506426686336e-08,-0.03331567368454538,-8.680198347401036e-08,-0.0002114697266254739,-4.643506426686337e-08,0.001064273799839878,4.804968581884905e-06
3,35.48133892335748,0.0,0.0,0.0,106.4296144672754,-0.01499355784439696,106.4275403396208,0.462397364824874,1.0,0.0,0.0,0.0,0.0322513983234168,-4.543502377089989e-06,-0.03352714345344239,-1.287229812241819e-07,-0.0322513983234168,4.543502377089989e-06,0.001064275403396208,4.623973648214184e-06,0.0002114697266293817,4.82517100885615e-08,-0.033315673726813,-8.047127113562041e-08,-0.0002114697266293805,-4.825171008856151e-08,0.001064275403396208,4.62397364824874e-06
3,36.86945064519569,0.0,0.0,0.0,106.429609695662,-0.01443924706788277,106.4276888484048,0.4449788474698777,1.0,0.0,0.0,0.0,0.03225139687747332,-4.375529414509929e-06,-0.03352714349259098,-1.243984875147523e-07,-0.03225139687747332,4.375529414509929e-06,0.001064276888484047,4.449788474730792e-06,0.0002114697266336026,5.013942731285224e-08,-0.03331567376595737,-7.42590602019001e-08,-0.0002114697266335994,-5.013942731285224e-08,0.001064276888484048,4.449788474698777e-06
3,38.31186849557281,0.0,0.0,0.0,106.4296052765675,-0.01390620134380332,106.4278263855386,0.4282156610691946,1.0,0.0,0.0,0.0,0.03225139553835378,-4.214000407213127e-06,-0.03352714352884733,-1.20257199886182e-07,-0.03225139553835378,4.214000407213127e-06,0.001064278263855386,4.282156610688718e-06,0.0002114697266381597,5.21009964155073e-08,-0.03331567380220917,-6.815620347067476e-08,-0.0002114697266381652,-5.210099641550728e-08,0.001064278263855386,4.282156610691946e-06
3,39.81071705534965,0.0,0.0,0.0,106.4296011839489,-0.01339363585417697,106.4279537615688,0.4120831246060621,1.0,0.0,0.0,0.0,0.03225139429816634,-4.058677531568781e-06,-0.03352714356242512,-1.16293021145841e-07,-0.03225139429816634,4.058677531568781e-06,0.001064279537615688,4.120831246075673e-06,0.0002114697266430798,5.413930665096266e-08,-0.03331567383578204,-6.21537144948783e-08,-0.0002114697266430848,-5.413930665096266e-08,0.001064279537615688,4.120831246060621e-06
3,41.36820402388499,0.0,0.0,0.0,106.4295973936872,-0.01290079591163884,106.4280717271656,0.3965574848814382,1.0,0.0,0.0,0.0,0.03225139314960218,-3.909332094436012e-06,-0.03352714359352223,-1.125001146801909e-07,-0.03225139314960218,3.909332094436012e-06,0.001064280717271656,3.96557484882856e-06,0.000211469726648392,5.625736030798906e-08,-0.03331567386687384,-5.624275437220186e-08,-0.0002114697266483931,-5.625736030798906e-08,0.001064280717271656,3.965574848814382e-06
3,42.98662347082268,0.0,0.0,0.0,106.4295938834448,-0.01242695585236039,106.4281809775447,0.3816158816445691,1.0,0.0,0.0,0.0,0.03225139208589235,-3.765744197684966e-06,-0.03352714362232193,-1.088728958949571e-07,-0.03225139208589235,3.765744197684966e-06,0.001064281809775447,3.816158816434618e-06,0.0002114697266541275,5.845827713185361e-08,-0.0333156738956678,-5.041461876310352e-08,-0.0002114697266541246,-5.84582771318536e-08,0.001064281809775447,3.816158816445691e-06
3,44.66835921509622,0.0,0.0,0.0,106.4295906325343,-0.01197141797009317,106.4282821565642,0.3672363140271803,1.0,0.0,0.0,0.0,0.03225139110076798,-3.62770241517975e-06,-0.03352714364899394,-1.054060240131699e-07,-0.03225139110076798,3.62770241517975e-06,0.001064282821565641,3.672363140266189e-06,0.0002114697266603202,6.074529891948706e-08,-0.03331567392233362,-4.466072509368282e-08,-0.000211469726660321,-6.074529891948706e-08,0.001064282821565642,3.672363140271803e-06
3,46.41588833612769,0.0,0.0,0.0,106.4295876217968,-0.01153351149176433,106.4283758605176,0.3533976082312942,1.0,0.0,0.0,0.0,0.03225139018842327,-3.495003482352827e-06,-0.03352714367369546,-1.020943942353859e-07,-0.03225139018842327,3.495003482352827e-06,0.001064283758605176,3.533976082285713e-06,0.0002114697266670065,6.312179429442454e-08,-0.03331567394702845,-3.897259994096133e-08,-0.0002114697266670101,-6.312179429442454e-08,0.001064283758605176,3.533976082312942e-06
3,48.23178482239296,0.0,0.0,0.0,106.4295848334885,-0.01111259159217834,106.4284626416477,0.3400793864252955,1.0,0.0,0.0,0.0,0.03225138934348136,-3.367451997629799e-06,-0.03352714369657206,-9.893313024285738e-08,-0.03225138934348136,3.367451997629799e-06,0.001064284626416477,3.400793864206172e-06,0.0002114697266742258,6.559126366855294e-08,-0.03331567396989783,-3.334186657430444e-08,-0.0002114697266742266,-6.559126366855294e-08,0.001064284626416477,3.400793864252955e-06
3,50.11872336272711,0.0,0.0,0.0,106.4295822511764,-0.01070803844681662,106.4285430114004,0.3272620368031425,1.0,0.0,0.0,0.0,0.03225138856096255,-3.244860135398977e-06,-0.03352714371775857,-9.591757703623988e-08,-0.03225138856096255,3.244860135398977e-06,0.001064285430114004,3.272620368016873e-06,0.0002114697266820208,6.815734439797338e-08,-0.03331567399107654,-2.77602326382665e-08,-0.0002114697266820259,-6.815734439797338e-08,0.001064285430114004,3.272620368031425e-06
3,52.07948328595451,0.0,0.0,0.0,106.4295798596416,-0.01031925632014639,106.428617443438,0.3149266847648282,1.0,0.0,0.0,0.0,0.03225138783625504,-3.12704736974133e-06,-0.03352714373737985,-9.304329408949854e-08,-0.03225138783625504,3.12704736974133e-06,0.00106428617443438,3.149266847660423e-06,0.0002114697266904374,7.082381614057317e-08,-0.03331567401068941,-2.221947794892538e-08,-0.0002114697266904358,-7.082381614057316e-08,0.00106428617443438,3.149266847648282e-06
3,54.11695265464624,0.0,0.0,0.0,106.4295776447895,-0.009945672690729612,106.4286863764308,0.3030551651739233,1.0,0.0,0.0,0.0,0.03225138716508771,-3.013840209312004e-06,-0.03352714375555155,-9.030604883053926e-08,-0.03225138716508771,3.013840209312004e-06,0.001064286863764308,3.030551651758714e-06,0.0002114697266995251,7.359460642319784e-08,-0.03331567402885201,-1.671144240734143e-08,-0.0002114697266995258,-7.359460642319784e-08,0.001064286863764308,3.030551651739233e-06
3,56.23413251903477,0.0,0.0,0.0,106.4295755935665,-0.00958673741025692,106.4287502166417,0.2916299956537336,1.0,0.0,0.0,0.0,0.03225138654350498,-2.905071942502097e-06,-0.03352714377238075,-8.770181042594306e-08,-0.03225138654350498,2.905071942502097e-06,0.001064287502166418,2.916299956542607e-06,0.0002114697267093375,7.64737964266245e-08,-0.0333156740456714,-1.122801399931857e-08,-0.0002114697267093374,-7.647379642662449e-08,0.001064287502166418,2.916299956537336e-06
3,58.43414133735162,0.0,0.0,0.0,106.4295736938835,-0.009241921893487048,106.4288093403203,0.2806343508852406,1.0,0.0,0.0,0.0,0.0322513859678435,-2.800582391965772e-06,-0.03352714378796664,-8.522674384604117e-08,-0.0322513859678435,2.800582391965772e-06,0.001064288093403203,2.806343508834023e-06,0.0002114697267199325,7.946562699685624e-08,-0.0333156740612467,-5.761116849184932e-09,-0.0002114697267199331,-7.946562699685624e-08,0.001064288093403203,2.806343508852407e-06
3,60.7202195690987,0.0,0.0,0.0,106.4295719345447,-0.008910718341820589,106.4288640959198,0.2700520378656932,1.0,0.0,0.0,0.0,0.0322513854347105,-2.700217679339572e-06,-0.03352714380240108,-8.287720423376552e-08,-0.0322513854347105,2.700217679339572e-06,0.001064288640959199,2.700520378667632e-06,0.0002114697267313725,8.257450489159242e-08,-0.0333156740756697,-3.026993421731e-10,-0.0002114697267313753,-8.257450489159242e-08,0.001064288640959199,2.700520378656932e-06
3,63.09573444801917,0.0,0.0,0.0,106.4295703051809,-0.00859263899590876,106.4289148061508,0.2598674720954343,1.0,0.0,0.0,0.0,0.0322513849409639,-2.60382999876023e-06,-0.03352714381576914,-8.064973154062865e-08,-0.0322513849409639,2.60382999876023e-06,0.001064289148061508,2.598674720992702e-06,0.0002114697267437249,8.580500927107537e-08,-0.03331567408902541,5.155277730446718e-09,-0.0002114697267437265,-8.580500927107537e-08,0.001064289148061508,2.598674720954344e-06
3,65.56418494179772,0.0,0.0,0.0,106.4295687961893,-0.008287215418589176,106.4289617698826,0.2500656546560087,1.0,0.0,0.0,0.0,0.03225138448369372,-2.511277399572478e-06,-0.03352714382814961,-7.85410454415641e-08,-0.03225138448369372,2.511277399572478e-06,0.001064289617698826,2.500656546547759e-06,0.0002114697267570625,8.916189844287383e-08,-0.03331567410139254,1.062085300130973e-08,-0.0002114697267570631,-8.916189844287384e-08,0.001064289617698826,2.500656546560087e-06
3,68.12920690579594,0.0,0.0,0.0,106.4295673986763,-0.007993997806854426,106.4290052639047,0.2406321501464804,1.0,0.0,0.0,0.0,0.03225138406020493,-2.422423577834674e-06,-0.03352714383961545,-7.654804051918473e-08,-0.03225138406020493,2.422423577834674e-06,0.001064290052639047,2.406321501438411e-06,0.000211469726771464,9.265011687053817e-08,-0.03331567411284399,1.610207635135344e-08,-0.0002114697267714613,-9.265011687053817e-08,0.001064290052639047,2.406321501464804e-06
3,70.7945784384136,0.0,0.0,0.0,106.4295661044054,-0.007712554328542034,106.429045544558,0.2315530654491698,1.0,0.0,0.0,0.0,0.03225138366800165,-2.337137675315768e-06,-0.03352714385023425,-7.466778168330692e-08,-0.03225138366800165,2.337137675315768e-06,0.00106429045544558,2.315530654524003e-06,0.0002114697267870142,9.627480245645015e-08,-0.03331567412344722,2.160702077314323e-08,-0.0002114697267870183,-9.627480245645015e-08,0.00106429045544558,2.315530654491698e-06
3,73.56422544596393,0.0,0.0,0.0,106.4295649057486,-0.007442470487480679,106.4290828492451,0.2228150292891794,1.0,0.0,0.0,0.0,0.03225138330477231,-2.255294087115357e-06,-0.03352714386006857,-7.289749985765287e-08,-0.03225138330477231,2.255294087115357e-06,0.00106429082849245,2.228150292884659e-06,0.0002114697268038048,1.000412941095947e-07,-0.03331567413326476,2.714379425194184e-08,-0.0002114697268038104,-1.000412941095947e-07,0.001064290828492451,2.228150292891795e-06
3,76.44222742525982,0.0,0.0,0.0,106.4295637956413,-0.007183348515080467,106.4291173978297,0.2144051725590053,1.0,0.0,0.0,0.0,0.03225138296837617,-2.176772277297111e-06,-0.0335271438691764,-7.123458791854041e-08,-0.03225138296837617,2.176772277297111e-06,0.001064291173978297,2.144051725681569e-06,0.0002114697268219347,1.039551396094003e-07,-0.03331567414235447,3.272055169085994e-08,-0.0002114697268219348,-1.039551396094004e-07,0.001064291173978297,2.144051725590053e-06
3,79.43282347242791,0.0,0.0,0.0,106.4295627675409,-0.006934806782331742,106.4291493939324,0.2063111093846766,1.0,0.0,0.0,0.0,0.03225138265683056,-2.101456600706588e-06,-0.0335271438776114,-6.967659683741265e-08,-0.03225138265683056,2.101456600706588e-06,0.001064291493939324,2.063111093818394e-06,0.0002114697268415108,1.080221037772312e-07,-0.03331567415076989,3.834550693981851e-08,-0.0002114697268415094,-1.080221037772312e-07,0.001064291493939324,2.063111093846766e-06
3,82.5404185268016,0.0,0.0,0.0,106.4295618153878,-0.006696479241407757,106.42917902613,0.1985209188957328,1.0,0.0,0.0,0.0,0.03225138236829934,-2.029236133759927e-06,-0.03352714388542329,-6.822123210407415e-08,-0.03225138236829934,2.029236133759927e-06,0.0010642917902613,1.985209188908295e-06,0.0002114697268626485,1.122481769675667e-07,-0.03331567415856063,4.402694486349251e-08,-0.0002114697268626523,-1.122481769675667e-07,0.0010642917902613,1.985209188957328e-06
3,85.76958985908915,0.0,0.0,0.0,106.4295609335704,-0.006468014884226364,106.4292064690678,0.1910231276842377,1.0,0.0,0.0,0.0,0.03225138210108195,-1.960004510371625e-06,-0.03352714389265811,-6.686635032836896e-08,-0.03225138210108195,1.960004510371625e-06,0.001064292064690678,1.910231276822441e-06,0.0002114697268854723,1.166395838913758e-07,-0.03331567416577264,4.977323356300683e-08,-0.0002114697268854743,-1.166395838913758e-07,0.001064292064690678,1.910231276842377e-06
3,89.12509381337428,0.0,0.0,0.0,106.4295601168915,-0.006249077227453468,106.4292318844881,0.1838066929169138,1.0,0.0,0.0,0.0,0.0322513818536035,-1.89365976589499e-06,-0.0335271438993585,-6.560995609963928e-08,-0.0322513818536035,1.89365976589499e-06,0.001064292318844881,1.838066929168633e-06,0.0002114697269101169,1.21202792784682e-07,-0.03331567417244838,5.55928366850427e-08,-0.0002114697269101212,-1.21202792784682e-07,0.001064292318844881,1.838066929169139e-06
3,92.61187281287906,0.0,0.0,0.0,106.4295593605378,-0.006039343816188895,106.4292554221839,0.1768609860827102,1.0,0.0,0.0,0.0,0.03225138162440538,-1.830104186723908e-06,-0.03352714390556395,-6.445019904190089e-08,-0.03225138162440538,1.830104186723908e-06,0.001064292554221838,1.768609860827247e-06,0.0002114697269367273,1.259445249358236e-07,-0.03331567417862722,6.14943258939227e-08,-0.0002114697269367249,-1.259445249358236e-07,0.001064292554221839,1.768609860827102e-06
3,96.23506263980856,0.0,0.0,0.0,106.4295586600513,-0.005838505750932147,106.4292772208813,0.1701757773466926,1.0,0.0,0.0,0.0,0.03225138141213676,-1.769244166949135e-06,-0.03352714391131104,-6.33853711041154e-08,-0.03225138141213676,1.769244166949135e-06,0.001064292772208813,1.701757773471216e-06,0.0002114697269654605,1.308717645854425e-07,-0.03331567418434557,6.748639348132712e-08,-0.0002114697269654658,-1.308717645854425e-07,0.001064292772208813,1.701757773466926e-06
3,99.99999999999969,0.0,0.0,0.0,106.4295580113037,-0.005646267231505664,106.4292974090574,0.1637412204929842,1.0,0.0,0.0,0.0,0.03225138121554657,-1.710990070153231e-06,-0.03352714391663363,-6.241390403541293e-08,-0.03225138121554657,1.710990070153231e-06,0.001064292974090574,1.637412204969321e-06,0.0002114697269964859,1.359917692137835e-07,-0.03331567418963714,7.357786517837059e-08,-0.0002114697269964896,-1.359917692137835e-07,0.001064292974090574,1.637412204929842e-06
3,103.9122303835166,0.0,0.0,0.0,106.4295574104712,-0.005462345121383651,106.4293161056973,0.1575478384305861,1.0,0.0,0.0,0.0,0.03225138103347613,-1.655256097388985e-06,-0.0335271439215631,-6.15343670753473e-08,-0.03225138103347613,1.655256097388985e-06,0.001064293161056973,1.575478384263596e-06,0.0002114697270299862,1.413120802304562e-07,-0.03331567419453311,7.977771315510892e-08,-0.0002114697270299906,-1.413120802304562e-07,0.001064293161056973,1.575478384305861e-06
3,107.9775162327706,0.0,0.0,0.0,106.4295568540129,-0.00528646853328841,106.4293334209956,0.1515865092393387,1.0,0.0,0.0,0.0,0.03225138086485238,-1.601960161602548e-06,-0.0335271439261285,-6.074546486811829e-08,-0.03225138086485238,1.601960161602548e-06,0.001064293334209956,1.515865092431897e-06,0.0002114697270661589,1.468405340824053e-07,-0.03331567419906233,8.609506921428703e-08,-0.0002114697270661631,-1.468405340824053e-07,0.001064293334209956,1.515865092393387e-06
3,112.201845430196,0.0,0.0,0.0,106.4295563386489,-0.005118378426858024,106.4293494570053,0.1458484527441606,1.0,0.0,0.0,0.0,0.03225138070868147,-1.551023765714553e-06,-0.03352714393035674,-6.004603552724713e-08,-0.03225138070868147,1.551023765714553e-06,0.001064293494570053,1.458484527450925e-06,0.0002114697271052173,1.525852737964502e-07,-0.03331567420325152,9.253923826920308e-08,-0.0002114697271052152,-1.525852737964502e-07,0.001064293494570053,1.458484527441606e-06
3,116.5914401179828,0.0,0.0,0.0,106.4295558613417,-0.004957827230167428,106.4293643082397,0.1403252175855034,1.0,0.0,0.0,0.0,0.03225138056404294,-1.502371887929524e-06,-0.03352714393427274,-5.943504894938191e-08,-0.03225138056404294,1.502371887929524e-06,0.001064293643082397,1.40325217587297e-06,0.0002114697271473914,1.585547609733951e-07,-0.03331567420712534,9.911971202401326e-08,-0.0002114697271473967,-1.585547609733952e-07,0.001064293643082397,1.403252175855034e-06
3,121.1527658628584,0.0,0.0,0.0,106.4295554192783,-0.004804578473320463,106.4293780622296,0.1350086687782873,1.0,0.0,0.0,0.0,0.03225138043008434,-1.455932870703171e-06,-0.03352714393789957,-5.891160528265496e-08,-0.03225138043008434,1.455932870703171e-06,0.001064293780622296,1.350086687709191e-06,0.00021146972719293,1.647577882513771e-07,-0.03331567421070664,1.058461829687222e-07,-0.0002114697271929367,-1.647577882513772e-07,0.001064293780622296,1.350086687782873e-06
3,125.8925411794163,0.0,0.0,0.0,106.4295550098532,-0.004658406443308594,106.4293908000386,0.1298909757313262,1.0,0.0,0.0,0.0,0.03225138030601613,-1.411638316154119e-06,-0.03352714394125862,-5.847493362720942e-08,-0.03225138030601613,1.411638316154119e-06,0.001064293908000386,1.298909757388926e-06,0.0002114697272421014,1.712034922568084e-07,-0.03331567421401652,1.127285586295989e-07,-0.0002114697272421057,-1.712034922568084e-07,0.001064293908000386,1.298909757313262e-06
3,130.8177474260189,0.0,0.0,0.0,106.4295546306533,-0.004519095845192973,106.4294025967412,0.1249646007240979,1.0,0.0,0.0,0.0,0.03225138019110707,-1.36942298339181e-06,-0.03352714394436969,-5.812439084755002e-08,-0.03225138019110707,1.36942298339181e-06,0.001064294025967413,1.249646007152862e-06,0.0002114697272951954,1.779013670619892e-07,-0.03331567421707449,1.197769762144392e-07,-0.0002114697272951951,-1.779013670619892e-07,0.001064294025967412,1.249646007240979e-06
3,135.9356390878521,0.0,0.0,0.0,106.4295542794437,-0.004386441495185513,106.4294135218653,0.1202222877978673,1.0,0.0,0.0,0.0,0.03225138008467991,-1.329224695510762e-06,-0.0335271439472511,-5.785946070889808e-08,-0.03225138008467991,1.329224695510762e-06,0.001064294135218654,1.202222878011559e-06,0.0002114697273525249,1.848612781692146e-07,-0.03331567421989858,1.270018174603165e-07,-0.0002114697273525243,-1.848612781692145e-07,0.001064294135218653,1.202222877978673e-06
3,141.2537544622749,0.0,0.0,0.0,106.4295539541544,-0.004260248008270922,106.4294236398019,0.1156570520817581,1.0,0.0,0.0,0.0,0.03225137998610739,-1.290984244930582e-06,-0.03352714394991985,-5.767975303348446e-08,-0.03225137998610739,1.290984244930582e-06,0.001064294236398019,1.156570520890993e-06,0.0002114697274144279,1.920934770419704e-07,-0.03331567422250541,1.34413724008486e-07,-0.0002114697274144331,-1.920934770419704e-07,0.00106429423639802,1.156570520817581e-06
3,146.7799267622064,0.0,0.0,0.0,106.4295536528681,-0.004140329516578074,106.4294330101846,0.1112621695014286,1.0,0.0,0.0,0.0,0.03225137989480853,-1.254645308053962e-06,-0.03352714395239165,-5.758500317638336e-08,-0.03225137989480853,1.254645308053962e-06,0.001064294330101846,1.112621694967541e-06,0.0002114697274812691,1.996086162046239e-07,-0.03331567422491037,1.420236130282406e-07,-0.0002114697274812755,-1.996086162046239e-07,0.001064294330101846,1.112621695014286e-06
3,152.5222956539013,0.0,0.0,0.0,106.4295533738092,-0.004026509395798478,106.4294416882409,0.1070311668775189,1.0,0.0,0.0,0.0,0.03225137981024522,-1.220154362363175e-06,-0.03352714395468108,-5.757507163725847e-08,-0.03225137981024522,1.220154362363175e-06,0.001064294416882409,1.070311668868949e-06,0.0002114697275534426,2.074177649328491e-07,-0.03331567422712764,1.498426932955906e-07,-0.00021146972755344,-2.074177649328491e-07,0.001064294416882409,1.070311668775189e-06
3,158.4893192461107,0.0,0.0,0.0,106.429553115333,-0.003918619998502268,106.4294497251181,0.1029578124000713,1.0,0.0,0.0,0.0,0.03225137973191908,-1.187460605606748e-06,-0.03352714395680163,-5.764994380132392e-08,-0.03225137973191908,1.187460605606748e-06,0.001064294497251181,1.029578123785066e-06,0.0002114697276313737,2.155324255578969e-07,-0.03331567422917026,1.578824817565729e-07,-0.0002114697276313776,-2.155324255578969e-07,0.001064294497251181,1.029578124000714e-06
3,164.6897865482862,0.0,0.0,0.0,106.4295528759159,-0.003816502419640135,106.4294571681843,0.09903610643924211,1.0,0.0,0.0,0.0,0.03225137965936845,-1.156515884739435e-06,-0.03352714395876581,-5.780973001983962e-08,-0.03225137965936845,1.156515884739435e-06,0.001064294571681843,9.903610645185348e-07,0.0002114697277155217,2.239645504087271e-07,-0.03331567423105029,1.661548203888875e-07,-0.0002114697277155186,-2.239645504087271e-07,0.001064294571681843,9.903610643924211e-07
3,171.1328304161774,0.0,0.0,0.0,106.4295526541469,-0.003720006249401567,106.4294640613079,0.09526027272328318,1.0,0.0,0.0,0.0,0.03225137959216572,-1.127274621030778e-06,-0.03352714396058518,-5.805466566528944e-08,-0.03225137959216572,1.127274621030778e-06,0.001064294640613079,9.526027272211926e-07,0.0002114697278063826,2.327265594169546e-07,-0.0333156742327788,1.746718937516652e-07,-0.0002114697278063835,-2.327265594169546e-07,0.001064294640613079,9.526027272328318e-07
3,177.8279410038916,0.0,0.0,0.0,106.4295524487189,-0.003628989358833631,106.4294704451161,0.0916247498250572,1.0,0.0,0.0,0.0,0.03225137952991482,-1.0996937451011e-06,-0.03352714396227048,-5.838511153682858e-08,-0.03225137952991482,1.0996937451011e-06,0.001064294704451161,9.16247498183582e-07,0.000211469727904492,2.418313584105424e-07,-0.03331567423436599,1.834462468737138e-07,-0.0002114697279044925,-2.418313584105424e-07,0.001064294704451161,9.16247498250572e-07
3,184.7849797422283,0.0,0.0,0.0,106.4295522584212,-0.003543317690058084,106.4294763572341,0.08812418297241514,1.0,0.0,0.0,0.0,0.03225137947224885,-1.073732633350935e-06,-0.03352714396383163,-5.880155438813124e-08,-0.03225137947224885,1.073732633350935e-06,0.001064294763572341,8.81241829585061e-07,0.000211469728010428,2.512923581231851e-07,-0.0333156742358212,1.924908037350539e-07,-0.0002114697280104286,-2.512923581231851e-07,0.001064294763572341,8.812418297241515e-07
3,192.0141938638794,0.0,0.0,0.0,106.4295520821322,-0.003462865058558365,106.4294818325071,0.08475341616261346,1.0,0.0,0.0,0.0,0.03225137941882794,-1.04935304804799e-06,-0.03352714396527783,-5.930460764225192e-08,-0.03225137941882794,1.04935304804799e-06,0.001064294818325071,8.475341616577425e-07,0.000211469728124815,2.611234939473846e-07,-0.03331567423715301,2.018188863051327e-07,-0.0002114697281248162,-2.611234939473846e-07,0.001064294818325071,8.475341616261347e-07
3,199.5262314968871,0.0,0.0,0.0,106.4295519188128,-0.003387512964088005,106.4294869032057,0.08150748457233163,1.0,0.0,0.0,0.0,0.03225137936933722,-1.026519080026668e-06,-0.03352714396661761,-5.989501226864928e-08,-0.03225137936933722,1.026519080026668e-06,0.001064294869032057,8.150748457236487e-07,0.0002114697282483273,2.713392464603099e-07,-0.03331567423836928,2.114442341916606e-07,-0.0002114697282483285,-2.713392464603099e-07,0.001064294869032058,8.150748457233164e-07
3,207.3321573485946,0.0,0.0,0.0,106.4295517675005,-0.003317150420545686,106.429491599216,0.07838160724150298,1.0,0.0,0.0,0.0,0.03225137932348501,-1.005197097135057e-06,-0.03352714396785886,-6.057363791082712e-08,-0.03225137932348501,1.005197097135057e-06,0.00106429491599216,7.838160723789122e-07,0.0002114697283816928,2.819546627526781e-07,-0.03331567423947717,2.21381024841851e-07,-0.0002114697283816941,-2.819546627526781e-07,0.00106429491599216,7.838160724150298e-07
3,215.4434690031875,0.0,0.0,0.0,106.4295516273035,-0.003251673792747426,106.4294959482155,0.075371180032015,1.0,0.0,0.0,0.0,0.03225137928100105,-9.853556947719472e-07,-0.03352714396900891,-6.134148416928475e-08,-0.03225137928100105,9.853556947719472e-07,0.001064294959482155,7.537118002764549e-07,0.0002114697285256975,2.929853785920679e-07,-0.03331567424048321,2.316438944227831e-07,-0.0002114697285257039,-2.929853785920678e-07,0.001064294959482155,7.537118003201501e-07
3,223.872113856833,0.0,0.0,0.0,106.4295514973954,-0.003190986637796918,106.4294999758367,0.07247176885298111,1.0,0.0,0.0,0.0,0.03225137924163497,-9.66965647817248e-07,-0.03352714397007452,-6.219968202477749e-08,-0.03225137924163497,9.66965647817248e-07,0.001064294999758367,7.247176882615111e-07,0.0002114697286811902,3.044476414533145e-07,-0.03331567424139333,2.42247959428537e-07,-0.0002114697286811906,-3.044476414533145e-07,0.001064294999758367,7.247176885298112e-07
3,232.6305067153616,0.0,0.0,0.0,106.4295513770106,-0.003134999571744543,106.4295037058179,0.06967910312169029,1.0,0.0,0.0,0.0,0.03225137920515472,-9.499998702256193e-07,-0.03352714397106199,-6.314949557565529e-08,-0.03225137920515472,9.499998702256193e-07,0.001064295037058179,6.967910313733242e-07,0.0002114697288490873,3.163583344499068e-07,-0.0333156742422129,2.532088388742516e-07,-0.000211469728849091,-3.163583344499068e-07,0.001064295037058179,6.967910312169029e-07
3,241.7315480804093,0.0,0.0,0.0,106.4295512654395,-0.003083630128200259,106.4295071601433,0.06698906948375347,1.0,0.0,0.0,0.0,0.03225137917134531,-9.344333721818967e-07,-0.03352714397197712,-6.419232381995537e-08,-0.03225137917134531,9.344333721818967e-07,0.001064295071601433,6.698906948774281e-07,0.0002114697290303785,3.28735001201635e-07,-0.03331567424294674,2.645426773816796e-07,-0.0002114697290303835,-3.28735001201635e-07,0.001064295071601433,6.698906948375347e-07
3,251.1886431509569,0.0,0.0,0.0,106.4295511620246,-0.003036802646258278,106.429510359172,0.06439770574563825,1.0,0.0,0.0,0.0,0.03225137914000747,-9.20243226138872e-07,-0.03352714397282532,-6.532970279308451e-08,-0.03225137914000747,9.20243226138872e-07,0.00106429510359172,6.439770575313548e-07,0.0002114697292261321,3.415958716751175e-07,-0.03331567424359918,2.76266168882033e-07,-0.0002114697292261367,-3.415958716751175e-07,0.00106429510359172,6.439770574563825e-07
3,261.0157215682525,0.0,0.0,0.0,106.4295510661564,-0.002994448154398743,106.4295133217588,0.06190119504383423,1.0,0.0,0.0,0.0,0.03225137911095648,-9.074085316359826e-07,-0.03352714397361158,-6.65633077920995e-08,-0.03225137911095648,9.074085316359826e-07,0.001064295133217588,6.190119504849136e-07,0.000211469729437502,3.54959889035271e-07,-0.03331567424417407,2.883965812431716e-07,-0.0002114697294375023,-3.549598890352711e-07,0.001064295133217588,6.190119504383424e-07
3,271.2272579332016,0.0,0.0,0.0,106.4295509772698,-0.002956504268183255,106.4295160653648,0.05949586022407889,1.0,0.0,0.0,0.0,0.03225137908402114,-8.959103842979561e-07,-0.03352714397434053,-6.789495583744281e-08,-0.03225137908402114,8.959103842979561e-07,0.001064295160653648,5.949586024796344e-07,0.000211469729665734,3.688467375472694e-07,-0.03331567424467479,3.009517817098266e-07,-0.0002114697296657364,-3.688467375472694e-07,0.001064295160653648,5.949586022407889e-07
3,281.8382931264441,0.0,0.0,0.0,106.4295508948409,-0.002922915097721056,106.4295186061606,0.05717815842624428,1.0,0.0,0.0,0.0,0.0322513790590427,-8.857318477942594e-07,-0.03352714397501648,-6.932660834398777e-08,-0.0322513790590427,8.857318477942594e-07,0.001064295186061606,5.717815843365755e-07,0.0002114697299121732,3.83276871570093e-07,-0.0333156742451043,3.139502632261053e-07,-0.0002114697299121712,-3.832768715700931e-07,0.001064295186061606,5.717815842624428e-07
3,292.8644564625223,0.0,0.0,0.0,106.4295508183839,-0.002893631170653249,106.4295209591211,0.05494467586103074,1.0,0.0,0.0,0.0,0.03225137903587391,-8.768579305009845e-07,-0.0335271439756434,-7.086037405359999e-08,-0.03225137903587391,8.768579305009845e-07,0.001064295209591212,5.494467589238228e-07,0.0002114697301782722,3.982715456843719e-07,-0.03331567424546512,3.274111716307719e-07,-0.0002114697301782709,-3.982715456843719e-07,0.001064295209591211,5.494467586103074e-07
3,304.3219887107707,0.0,0.0,0.0,106.4295507474482,-0.002868609353987644,106.4295231381146,0.05279212278733294,1.0,0.0,0.0,0.0,0.03225137901437825,-8.692755618144376e-07,-0.033527143976225,-7.249851209771728e-08,-0.03225137901437825,8.692755618144376e-07,0.001064295231381146,5.279212282394358e-07,0.0002114697304655992,4.13852845998899e-07,-0.0333156742457594,3.413543339011817e-07,-0.0002114697304655966,-4.138528459988989e-07,0.001064295231381146,5.279212278733294e-07
3,316.2277660168364,0.0,0.0,0.0,106.4295506816157,-0.002847812794325299,106.4295251559838,0.05071732866322843,1.0,0.0,0.0,0.0,0.032251378994429,-8.629735740379694e-07,-0.03352714397676469,-7.42434353557289e-08,-0.032251378994429,8.629735740379694e-07,0.001064295251559838,5.07173286543147e-07,0.0002114697307758477,4.300437226819281e-07,-0.03331567424598884,3.558002873261993e-07,-0.0002114697307758484,-4.300437226819282e-07,0.001064295251559838,5.071732866322843e-07
3,328.5993247600638,0.0,0.0,0.0,106.4295506204984,-0.002831210858087138,106.4295270246217,0.04871723748175453,1.0,0.0,0.0,0.0,0.0322513789759086,-8.579426842688297e-07,-0.03352714397726567,-7.60977139639284e-08,-0.0322513789759086,8.579426842688297e-07,0.001064295270246217,4.871723748412719e-07,0.0002114697311108464,4.468680237651688e-07,-0.03331567424615482,3.707703098012404e-07,-0.0002114697311108513,-4.468680237651688e-07,0.001064295270246217,4.871723748175453e-07
3,341.4548873833585,0.0,0.0,0.0,106.429550563736,-0.002818779095879634,106.4295287550418,0.04678890326037959,1.0,0.0,0.0,0.0,0.03225137895870788,-8.54175483599889e-07,-0.03352714397773088,-7.806407917897956e-08,-0.03225137895870788,8.54175483599889e-07,0.001064295287550418,4.678890326550699e-07,0.0002114697314725697,4.643505302702729e-07,-0.0333156742462583,3.862864510912933e-07,-0.0002114697314725689,-4.643505302702729e-07,0.001064295287550418,4.67889032603796e-07
3,354.8133892335737,0.0,0.0,0.0,106.4295505109941,-0.002810499194216318,106.4295303574431,0.04492948571425959,1.0,0.0,0.0,0.0,0.03225137894272547,-8.516664224897934e-07,-0.03352714397816306,-8.014542730022863e-08,-0.03225137894272547,8.516664224897934e-07,0.001064295303574431,4.492948568576741e-07,0.0002114697318631494,4.825169927095498e-07,-0.03331567424629991,4.023715654093212e-07,-0.0002114697318631453,-4.825169927095498e-07,0.001064295303574431,4.492948571425959e-07
3,368.6945064519557,0.0,0.0,0.0,106.4295504619617,-0.002806358959424666,106.4295318412698,0.04313624606200828,1.0,0.0,0.0,0.0,0.03225137892786717,-8.504118058862623e-07,-0.03352714397856477,-8.234482402502727e-08,-0.03225137892786717,8.504118058862623e-07,0.001064295318412698,4.313624608189565e-07,0.0002114697322848878,5.013941690146732e-07,-0.03331567424627987,4.190493449896459e-07,-0.0002114697322848913,-5.013941690146732e-07,0.001064295318412698,4.313624606200828e-07
3,383.1186849557268,0.0,0.0,0.0,106.4295504163498,-0.002806352290058275,106.4295332152676,0.04140654300146308,1.0,0.0,0.0,0.0,0.03225137891404541,-8.504097848661441e-07,-0.03352714397893836,-8.466550888530321e-08,-0.03225137891404541,8.504097848661441e-07,0.001064295332152676,4.140654302144134e-07,0.0002114697327402704,5.210098639492466e-07,-0.03331567424619808,4.363443550639434e-07,-0.000211469732740277,-5.210098639492466e-07,0.001064295332152676,4.140654300146308e-07
3,398.1071705534952,0.0,0.0,0.0,106.4295503738897,-0.002810479180344938,106.4295344875346,0.03973782880694955,1.0,0.0,0.0,0.0,0.03225137890117871,-8.516603576802844e-07,-0.03352714397928604,-8.7110900121188e-08,-0.03225137890117871,8.516603576802844e-07,0.001064295344875346,3.973782878936277e-07,0.0002114697332319812,5.413929700632794e-07,-0.03331567424605406,4.542820699420916e-07,-0.0002114697332319809,-5.413929700632796e-07,0.001064295344875346,3.973782880694956e-07
3,413.6820402388486,0.0,0.0,0.0,106.4295503343311,-0.002818745709841036,106.4295356655694,0.03812764558713325,1.0,0.0,0.0,0.0,0.03225137888919125,-8.541653666184959e-07,-0.03352714397960987,-8.968459963103571e-08,-0.03225137888919125,8.541653666184959e-07,0.001064295356655695,3.812764563299196e-07,0.0002114697337629183,5.625735102498958e-07,-0.03331567424584695,4.728889106188599e-07,-0.0002114697337629173,-5.625735102498956e-07,0.001064295356655694,3.812764558713325e-07
3,429.8662347082254,0.0,0.0,0.0,106.4295502974409,-0.002831164051477588,106.4295367563153,0.03657362166574781,1.0,0.0,0.0,0.0,0.03225137887801238,-8.57928500447754e-07,-0.03352714397991175,-9.239039826931241e-08,-0.03225137887801238,8.57928500447754e-07,0.001064295367563153,3.657362166033226e-07,0.0002114697343362109,5.845826819669591e-07,-0.03331567424557554,4.921922836976467e-07,-0.0002114697343362157,-5.845826819669591e-07,0.001064295367563153,3.657362166574781e-07
3,446.6835921509607,0.0,0.0,0.0,106.4295502630015,-0.00284775249799794,106.4295377662008,0.03507346807988216,1.0,0.0,0.0,0.0,0.0322513788675762,-8.629553024236183e-07,-0.03352714398019346,-9.523228150006254e-08,-0.0322513788675762,8.629553024236183e-07,0.001064295377662008,3.50734680878963e-07,0.0002114697349552382,6.074529031887503e-07,-0.03331567424523822,5.122206216886879e-07,-0.0002114697349552414,-6.074529031887503e-07,0.001064295377662008,3.507346807988216e-07
3,464.1588833612755,0.0,0.0,0.0,106.42955023081,-0.002868535484947063,106.4295387011782,0.03362497521254936,1.0,0.0,0.0,0.0,0.03225137885782122,-8.692531772566857e-07,-0.03352714398045666,-9.821443523477348e-08,-0.03225137885782122,8.692531772566857e-07,0.001064295387011782,3.362497522196172e-07,0.0002114697356236483,6.312178601553804e-07,-0.033315674244833,5.33003424920607e-07,-0.0002114697356236511,-6.312178601553805e-07,0.001064295387011782,3.362497521254937e-07
3,482.317848223928,0.0,0.0,0.0,106.4295502006768,-0.00289354362400614,106.4295395667582,0.03222600954081843,1.0,0.0,0.0,0.0,0.03225137884868993,-8.768314012139818e-07,-0.03352714398070289,-1.013412519761299e-07,-0.03225137884868993,8.768314012139818e-07,0.001064295395667582,3.222600957337045e-07,0.0002114697363453811,6.559125569902682e-07,-0.0333156742443575,5.545713050141383e-07,-0.0002114697363453863,-6.559125569902682e-07,0.001064295395667582,3.222600954081843e-07
3,501.1872336272695,0.0,0.0,0.0,106.429550172424,-0.002922813745523004,106.4295403680423,0.03087451049591936,1.0,0.0,0.0,0.0,0.0322513788401285,-8.857011350069708e-07,-0.03352714398093361,-1.04617337266873e-07,-0.0322513788401285,8.857011350069708e-07,0.001064295403680423,3.087451047891472e-07,0.0002114697371246901,6.815733672587711e-07,-0.03331567424380892,5.769560299918981e-07,-0.0002114697371246935,-6.815733672587711e-07,0.001064295403680423,3.087451049591936e-07
3,520.7948328595435,0.0,0.0,0.0,106.4295501458854,-0.002956388968630002,106.4295411097533,0.02956848741236829,1.0,0.0,0.0,0.0,0.03225137883208649,-8.958754450393944e-07,-0.0335271439811502,-1.080475166036433e-07,-0.03225137883208649,8.958754450393944e-07,0.001064295411097533,2.956848739192623e-07,0.0002114697379661687,7.082380875439057e-07,-0.03331567424318402,6.001905709402625e-07,-0.0002114697379661662,-7.082380875439057e-07,0.001064295411097533,2.95684874123683e-07
3,541.1695265464607,0.0,0.0,0.0,106.4295501209045,-0.002994318744923931,106.4295417962627,0.02830601661574876,1.0,0.0,0.0,0.0,0.0322513788245165,-9.073693166436155e-07,-0.0335271439813539,-1.116368423818929e-07,-0.0322513788245165,9.073693166436155e-07,0.001064295417962627,2.830601659337027e-07,0.0002114697388747763,7.359459931180745e-07,-0.03331567424247912,6.243091507361816e-07,-0.0002114697388747727,-7.359459931180745e-07,0.001064295417962627,2.830601661574876e-07
3,562.341325190346,0.0,0.0,0.0,106.4295500973339,-0.003036658948125032,106.4295424316166,0.02708523857250769,1.0,0.0,0.0,0.0,0.0322513788173739,-9.201996812500098e-07,-0.03352714398154594,-1.153906014757134e-07,-0.0322513788173739,9.201996812500098e-07,0.001064295424316166,2.708523862539184e-07,0.0002114697398558683,7.647378957927983e-07,-0.03331567424169007,6.493472943170848e-07,-0.0002114697398558699,-7.647378957927983e-07,0.001064295424316166,2.708523857250769e-07
3,584.3414133735142,0.0,0.0,0.0,106.4295500750348,-0.003083471928102238,106.4295430195599,0.02590435517931368,1.0,0.0,0.0,0.0,0.03225137881061661,-9.34385432758254e-07,-0.03352714398172743,-1.19314322793068e-07,-0.03225137881061661,9.34385432758254e-07,0.001064295430195599,2.590435516852569e-07,0.000211469740915227,7.946562040316637e-07,-0.03331567424081221,6.753418812385957e-07,-0.0002114697409152239,-7.946562040316637e-07,0.001064295430195599,2.590435517931368e-07
3,607.202195690985,0.0,0.0,0.0,106.4295500538758,-0.00313482665340808,106.4295435635578,0.02476162706392146,1.0,0.0,0.0,0.0,0.03225137880420478,-9.499474707297211e-07,-0.03352714398189946,-1.234137858354373e-07,-0.03225137880420478,9.499474707297211e-07,0.001064295435635578,2.476162708256664e-07,0.0002114697420590963,8.257449854150268e-07,-0.03331567423984036,7.023311995795895e-07,-0.0002114697420591005,-8.257449854150268e-07,0.001064295435635578,2.476162706392146e-07
3,630.9573444801896,0.0,0.0,0.0,106.4295500337321,-0.003190798754958673,106.4295440668165,0.02365537108114248,1.0,0.0,0.0,0.0,0.03225137879810065,-9.669087136238401e-07,-0.03352714398206303,-1.276950287355342e-07,-0.03225137879810065,9.669087136238401e-07,0.001064295440668165,2.365537101190747e-07,0.0002114697432942179,8.580500315484799e-07,-0.03331567423876881,7.303550028129457e-07,-0.0002114697432942167,-8.580500315484799e-07,0.001064295440668165,2.365537108114248e-07
3,655.6418494179751,0.0,0.0,0.0,106.4295500144851,-0.003251470682362354,106.4295445323022,0.02258395778879422,1.0,0.0,0.0,0.0,0.03225137879226821,-9.852941461704102e-07,-0.03352714398221911,-1.32164357519676e-07,-0.03225137879226821,9.852941461704102e-07,0.001064295445323022,2.258395778796756e-07,0.0002114697446278715,8.916189255106842e-07,-0.03331567423759123,7.594545679910082e-07,-0.0002114697446278721,-8.916189255106842e-07,0.001064295445323022,2.258395778879422e-07
3,681.2920690579573,0.0,0.0,0.0,106.4295499960213,-0.003316931795877674,106.4295449627585,0.02154580907716068,1.0,0.0,0.0,0.0,0.03225137878667311,-1.005130847235659e-06,-0.03352714398236861,-1.368283551542159e-07,-0.03225137878667311,1.005130847235659e-06,0.001064295449627585,2.154580911593198e-07,0.0002114697460679176,9.265011119399218e-07,-0.0333156742363007,7.89672756785706e-07,-0.0002114697460679146,-9.265011119399218e-07,0.001064295449627585,2.154580907716068e-07
3,707.9457843841337,0.0,0.0,0.0,106.4295499782318,-0.003387278520443091,106.4295453607223,0.02053939582216591,1.0,0.0,0.0,0.0,0.03225137878128236,-1.026448036497906e-06,-0.03352714398251243,-1.41693891425641e-07,-0.03225137878128236,1.026448036497906e-06,0.001064295453607223,2.053939578522156e-07,0.0002114697476228435,9.627479698625889e-07,-0.03331567423488958,8.21054078436948e-07,-0.0002114697476228444,-9.62747969862589e-07,0.001064295453607223,2.053939582216591e-07
3,735.6422544596369,0.0,0.0,0.0,106.4295499610119,-0.003462614469820298,106.4295457285393,0.01956323565098913,1.0,0.0,0.0,0.0,0.0322513787760642,-1.049277112066757e-06,-0.03352714398265141,-1.467681329125615e-07,-0.0322513787760642,1.049277112066757e-06,0.001064295457285393,1.95632356585217e-07,0.000211469749301814,1.00041288837091e-06,-0.03331567423334959,8.536447554583488e-07,-0.0002114697493018139,-1.00041288837091e-06,0.001064295457285393,1.956323565098913e-07
3,764.4222742525956,0.0,0.0,0.0,106.4295499442599,-0.003543050607520784,106.4295460683772,0.01861589075034392,1.0,0.0,0.0,0.0,0.03225137877098785,-1.073651699248722e-06,-0.03352714398278635,-1.520585536097652e-07,-0.03225137877098785,1.073651699248722e-06,0.001064295460683772,1.861589075512736e-07,0.0002114697511147245,1.039551345261337e-06,-0.03331567423167163,8.874927916515718e-07,-0.0002114697511147248,-1.039551345261337e-06,0.001064295460683773,1.861589075034392e-07
3,794.3282347242767,0.0,0.0,0.0,106.4295499278773,-0.003628705410031352,106.4295463822392,0.01769596574891496,1.0,0.0,0.0,0.0,0.03225137876602342,-1.099607700009501e-06,-0.03352714398291808,-1.575729459351188e-07,-0.03225137876602342,1.099607700009501e-06,0.001064295463822392,1.769596570353857e-07,0.0002114697530722603,1.080220988749463e-06,-0.03331567422984581,9.226480428143447e-07,-0.0002114697530722631,-1.080220988749464e-06,0.001064295463822392,1.769596574891496e-07
3,825.4041852680133,0.0,0.0,0.0,106.4295499117674,-0.003719705046132292,106.429546671975,0.01680210565727999,1.0,0.0,0.0,0.0,0.03225137876114163,-1.127183347312816e-06,-0.03352714398304734,-1.633194322467238e-07,-0.03225137876114163,1.127183347312816e-06,0.00106429546671975,1.680210569710006e-07,0.0002114697551859589,1.122481722381811e-06,-0.03331567422786138,9.591622901350876e-07,-0.0002114697551859612,-1.122481722381811e-06,0.00106429546671975,1.680210565727999e-07
3,857.6958985908889,0.0,0.0,0.0,106.4295498958352,-0.003816183547019755,106.4295469392923,0.01593299388783572,1.0,0.0,0.0,0.0,0.03225137875631371,-1.156419256672653e-06,-0.03352714398317492,-1.693064766776467e-07,-0.03225137875631371,1.156419256672653e-06,0.001064295469392923,1.593299394094257e-07,0.0002114697574682781,1.166395793269565e-06,-0.03331567422570664,9.970893165919186e-07,-0.0002114697574682814,-1.166395793269565e-06,0.001064295469392923,1.593299388783572e-07
3,891.25093813374,0.0,0.0,0.0,106.429549879987,-0.003918283015510315,106.4295471857667,0.01508735030378397,1.0,0.0,0.0,0.0,0.03225137875151122,-1.18735848954858e-06,-0.03352714398330155,-1.755428976996937e-07,-0.03225137875151122,1.18735848954858e-06,0.001064295471857667,1.508735032233797e-07,0.0002114697599326697,1.212027883774209e-06,-0.03331567422336888,1.036484986074515e-06,-0.0002114697599326712,-1.212027883774209e-06,0.001064295471857667,1.508735030378397e-07
3,926.1187281287878,0.0,0.0,0.0,106.4295498641292,-0.004026153842142358,106.4295474128508,0.01426392932679763,1.0,0.0,0.0,0.0,0.03225137874670583,-1.220046618831018e-06,-0.033527143983428,-1.820378811681449e-07,-0.03225137874670583,1.220046618831018e-06,0.001064295474128508,1.426392935766443e-07,0.0002114697625936584,1.259445206780116e-06,-0.03331567422083434,1.077407325611971e-06,-0.0002114697625936607,-1.259445206780116e-06,0.001064295474128508,1.426392932679763e-07
3,962.3506263980825,0.0,0.0,0.0,106.4295498481685,-0.004139954912081695,106.4295476218831,0.0134615181169909,1.0,0.0,0.0,0.0,0.03225137874186924,-1.254531791539908e-06,-0.033527143983555,-1.888009937320175e-07,-0.03225137874186924,1.254531791539908e-06,0.001064295476218831,1.346151804621897e-07,0.000211469765466928,1.308717604694422e-06,-0.03331567421808807,1.119916610962404e-06,-0.0002114697654669248,-1.308717604694421e-06,0.001064295476218831,1.346151811699091e-07
3,999.9999999999936,0.0,0.0,0.0,106.4295498320107,-0.004259853848810377,106.4295478140955,0.01267893477683827,1.0,0.0,0.0,0.0,0.03225137873697293,-1.290864802669811e-06,-0.0335271439836833,-1.958421970043446e-07,-0.03225137873697293,1.290864802669811e-06,0.001064295478140956,1.267893473566656e-07,0.0002114697685694132,1.359917652319994e-06,-0.03331567421511389,1.16407545531565e-06,-0.0002114697685694153,-1.359917652319994e-06,0.001064295478140955,1.267893477683827e-07
3,1039.122303835162,0.0,0.0,0.0,106.4295498155606,-0.004386027250918657,106.429547990621,0.01191502662043628,1.0,0.0,0.0,0.0,0.03225137873198805,-1.329099166945048e-06,-0.03352714398381366,-2.031718621520241e-07,-0.03225137873198805,1.329099166945048e-06,0.00106429547990621,1.191502653340265e-07,0.0002114697719193996,1.413120763753038e-06,-0.03331567421189426,1.209948901601014e-06,-0.0002114697719194022,-1.413120763753038e-06,0.00106429547990621,1.191502662043628e-07
3,1079.775162327703,0.0,0.0,0.0,106.4295497987212,-0.004518660970278085,106.4295481525,0.0111686684576297,1.0,0.0,0.0,0.0,0.03225137872688522,-1.369291203114571e-06,-0.03352714398394685,-2.108007853199611e-07,-0.03225137872688522,1.369291203114571e-06,0.001064295481525,1.116866841964199e-07,0.0002114697755366318,1.468405303462764e-06,-0.03331567420841022,1.257604518142803e-06,-0.0002114697755366338,-1.468405303462764e-06,0.001064295481525,1.11686684576297e-07
3,1122.018454301956,0.0,0.0,0.0,106.4295497813934,-0.004657950358029251,106.4295483006865,0.01043876096445078,1.0,0.0,0.0,0.0,0.03225137872163435,-1.411500108493713e-06,-0.03352714398408365,-2.187402033052878e-07,-0.03225137872163435,1.411500108493713e-06,0.001064295483006865,1.043876093565646e-07,0.0002114697794424292,1.525852701716766e-06,-0.03331567420464121,1.307112498411479e-06,-0.0002114697794424331,-1.525852701716766e-06,0.001064295483006865,1.043876096445079e-07
3,1165.914401179824,0.0,0.0,0.0,106.4295497634749,-0.004804100581837053,106.429548436054,0.009724229034381273,1.0,0.0,0.0,0.0,0.0322513787162045,-1.455788055102137e-06,-0.03352714398422486,-2.270018103505502e-07,-0.0322513787162045,1.455788055102137e-06,0.00106429548436054,9.724229116644176e-08,0.0002114697836598122,1.585547574522085e-06,-0.03331567420056505,1.358545764171535e-06,-0.0002114697836598095,-1.585547574522085e-06,0.00106429548436054,9.724229034381274e-08
3,1211.52765862858,0.0,0.0,0.0,106.4295497448602,-0.004957326910960604,106.4295485594003,0.00902402021192866,1.0,0.0,0.0,0.0,0.03225137871056368,-1.502220276048668e-06,-0.03352714398437133,-2.355977752279879e-07,-0.03225137871056368,1.502220276048668e-06,0.001064295485594003,9.024020268681051e-08,0.0002114697882136377,1.647577848258652e-06,-0.03331567419615768,1.411980073030665e-06,-0.000211469788213639,-1.647577848258652e-06,0.001064295485594003,9.02402021192866e-08
3,1258.925411794159,0.0,0.0,0.0,106.4295497254395,-0.005117855033508459,106.4295486714524,0.0083371031422589,1.0,0.0,0.0,0.0,0.03225137870467863,-1.55086516166923e-06,-0.0335271439845239,-2.445407591647512e-07,-0.03225137870467863,1.55086516166923e-06,0.001064295486714524,8.337103208591702e-08,0.0002114697931307453,1.712034889188671e-06,-0.03331567419139315,1.46749413002392e-06,-0.0002114697931307474,-1.712034889188671e-06,0.001064295486714524,8.3371031422589e-08
3,1308.177474260185,0.0,0.0,0.0,106.4295497050984,-0.005285921401281274,106.4295487728707,0.007662466039667242,1.0,0.0,0.0,0.0,0.03225137869851467,-1.601794364024628e-06,-0.0335271439846835,-2.538439345939046e-07,-0.03225137869851467,1.601794364024628e-06,0.001064295487728707,7.662466130836252e-08,0.0002114697984401159,1.779013638032705e-06,-0.03331567418624338,1.525169703438801e-06,-0.0002114697984401115,-1.779013638032705e-06,0.001064295487728707,7.662466039667243e-08
3,1359.356390878516,0.0,0.0,0.0,106.429549683717,-0.005461773565418585,106.4295488642529,0.006999115209922495,1.0,0.0,0.0,0.0,0.03225137869203546,-1.655082898611692e-06,-0.03352714398485104,-2.635210044528768e-07,-0.03225137869203546,1.655082898611692e-06,0.001064295488642529,6.999115242868041e-08,0.0002114698041730425,1.848612749810682e-06,-0.03331567418067799,1.585091745357805e-06,-0.0002114698041730464,-1.848612749810682e-06,0.001064295488642529,6.999115209922495e-08
3,1412.537544622744,0.0,0.0,0.0,106.4295496611693,-0.00564567053963306,106.4295489461377,0.006346073588019557,1.0,0.0,0.0,0.0,0.03225137868520282,-1.710809254434261e-06,-0.03352714398502752,-2.735862223555168e-07,-0.03225137868520282,1.710809254434261e-06,0.001064295489461377,6.346073619847958e-08,0.0002114698103633143,1.920934739153803e-06,-0.0333156741746642,1.647348516798286e-06,-0.00021146981036331,-1.920934739153803e-06,0.001064295489461377,6.346073588019558e-08
3,1467.799267622059,0.0,0.0,0.0,106.4295496373224,-0.005837883181836283,106.4295490190077,0.005702379298917177,1.0,0.0,0.0,0.0,0.03225137867797648,-1.769055509647358e-06,-0.03352714398521398,-2.8405441358763e-07,-0.03225137867797648,1.769055509647358e-06,0.001064295490190077,5.702379375241092e-08,0.0002114698170474158,1.996086131301375e-06,-0.03331567416816656,1.712031717713745e-06,-0.0002114698170474147,-1.996086131301375e-06,0.001064295490190077,5.702379298917177e-08
3,1525.222956539008,0.0,0.0,0.0,106.4295496120357,-0.006038694626341497,106.4295490832924,0.005067084207517972,1.0,0.0,0.0,0.0,0.03225137867031385,-1.829907462527726e-06,-0.03352714398541153,-2.949409972163714e-07,-0.03225137867031385,1.829907462527726e-06,0.001064295490832924,5.067084115290563e-08,0.0002114698242647427,2.07417761900499e-06,-0.03331567416114678,1.779236621788618e-06,-0.0002114698242647386,-2.07417761900499e-06,0.001064295490832924,5.067084207517973e-08
3,1584.893192461102,0.0,0.0,0.0,106.4295495851602,-0.006248400651695634,106.4295491393706,0.004439252571339036,1.0,0.0,0.0,0.0,0.03225137866216977,-1.893454742938071e-06,-0.03352714398562131,-3.062620083977548e-07,-0.03225137866216977,1.893454742938071e-06,0.001064295491393706,4.439252680454145e-08,0.0002114698320578331,2.155324225571142e-06,-0.03331567415356347,1.849062217173387e-06,-0.0002114698320578381,-2.155324225571142e-06,0.001064295491393706,4.439252571339037e-08
3,1646.897865482857,0.0,0.0,0.0,106.4295495565376,-0.00646731013127361,106.4295491875729,0.003817959647297586,1.0,0.0,0.0,0.0,0.03225137865349623,-1.959790948870791e-06,-0.03352714398584458,-3.180341221178371e-07,-0.03225137865349623,1.959790948870791e-06,0.001064295491875729,3.81795958059068e-08,0.0002114698404726185,2.239645474282448e-06,-0.03331567414537196,1.921611352164611e-06,-0.0002114698404726209,-2.239645474282448e-06,0.001064295491875729,3.817959647297586e-08
3,1711.328304161769,0.0,0.0,0.0,106.429549525999,-0.006695745502264179,106.4295492281833,0.00320229031559395,1.0,0.0,0.0,0.0,0.03225137864424211,-2.029013788564902e-06,-0.03352714398608264,-3.302746778689753e-07,-0.03225137864424211,2.029013788564902e-06,0.001064295492281833,3.202290234083674e-08,0.0002114698495586947,2.327265564447003e-06,-0.03331567413652394,1.996990886578028e-06,-0.0002114698495587,-2.327265564447004e-06,0.001064295492281833,3.202290315593951e-08
3,1778.27941003891,0.0,0.0,0.0,106.4295494933645,-0.006934043243851551,106.4295492614413,0.002591337728551507,1.0,0.0,0.0,0.0,0.03225137863435287,-2.101225225409561e-06,-0.0335271439863369,-3.430017052163876e-07,-0.03225137863435287,2.101225225409561e-06,0.001064295492614413,2.591337467216878e-08,0.0002114698593696142,2.418313554335182e-06,-0.03331567412696729,2.075311849118794e-06,-0.000211469859369616,-2.418313554335182e-06,0.001064295492614413,2.591337728551508e-08
3,1847.849797422278,0.0,0.0,0.0,106.4295494584418,-0.007182554346201185,106.4295492875429,0.00198420200151945,1.0,0.0,0.0,0.0,0.03225137862377023,-2.176531620060965e-06,-0.03352714398660887,-3.562339501360044e-07,-0.03225137862377023,2.176531620060965e-06,0.001064295492875428,1.984201800729405e-08,0.0002114698699632013,2.512923551273342e-06,-0.03331567411664566,2.156689601137337e-06,-0.0002114698699631976,-2.512923551273342e-06,0.001064295492875429,1.984202001519451e-08
3,1920.141938638787,0.0,0.0,0.0,106.429549421025,-0.00744164485760985,106.4295493066417,0.001379988857240813,1.0,0.0,0.0,0.0,0.03225137861243181,-2.255043896245409e-06,-0.03352714398690013,-3.699909028734802e-07,-0.03225137861243181,2.255043896245409e-06,0.001064295493066418,1.379988916435845e-08,0.0002114698814018938,2.611234909174424e-06,-0.03331567410549822,2.241244006300943e-06,-0.0002114698814018948,-2.611234909174423e-06,0.001064295493066417,1.379988857240813e-08
3,1995.262314968865,0.0,0.0,0.0,106.4295493808936,-0.007711696385676634,106.4295493188506,0.0007778083466382542,1.0,0.0,0.0,0.0,0.03225137860027078,-2.336877692629283e-06,-0.0335271439872124,-3.842928263402561e-07,-0.03225137860027078,2.336877692629283e-06,0.001064295493188506,7.778084522168335e-09,0.0002114698937531096,2.713392433796375e-06,-0.03331567409345929,2.329099607456119e-06,-0.000211469893753112,-2.713392433796375e-06,0.001064295493188506,7.778083466382543e-09
3,2073.32157348594,0.0,0.0,0.0,106.4295493378111,-0.007993106704225641,106.4295493242414,0.0001767734931409429,1.0,0.0,0.0,0.0,0.03225137858721548,-2.422153546735043e-06,-0.03352714398754754,-3.991607863273148e-07,-0.03225137858721548,2.422153546735043e-06,0.001064295493242414,1.767735773805279e-09,0.0002114699070896457,2.819546596030762e-06,-0.03331567408045789,2.420385809703447e-06,-0.0002114699070896453,-2.819546596030762e-06,0.001064295493242414,1.767734931409429e-09
3,2154.434690031867,0.0,0.0,0.0,106.4295492915235,-0.00828629030505378,106.4295493228458,-0.0004240009796238012,1.0,0.0,0.0,0.0,0.03225137857318894,-2.510997062137509e-06,-0.03352714398790752,-4.146166822534767e-07,-0.03225137857318894,2.510997062137509e-06,0.001064295493228458,-4.240009826893316e-09,0.0002114699214901059,2.929853753535686e-06,-0.0333156740664174,2.515237071282209e-06,-0.0002114699214901122,-2.929853753535686e-06,0.001064295493228458,-4.240009796238012e-09
3,2238.721138568323,0.0,0.0,0.0,106.4295492417581,-0.00859167903244075,106.4295493146557,-0.001025399975772453,1.0,0.0,0.0,0.0,0.03225137855810851,-2.603539100739621e-06,-0.03352714398829443,-4.306832796185625e-07,-0.03225137855810851,2.603539100739621e-06,0.001064295493146557,-1.025399780464024e-08,0.0002114699370393652,3.044476381039487e-06,-0.03331567405125507,2.613793101420925e-06,-0.0002114699370393616,-3.044476381039487e-06,0.001064295493146557,-1.025399975772453e-08
3,2326.305067153608,0.0,0.0,0.0,106.4295491882215,-0.00890972270846311,106.4295492996228,-0.001628309319804117,1.0,0.0,0.0,0.0,0.0322513785418853,-2.699915972261548e-06,-0.03352714398871059,-4.47384243447086e-07,-0.0322513785418853,2.699915972261548e-06,0.001064295492996228,-1.628309184504809e-08,0.0002114699538290693,3.163583309654435e-06,-0.03331567403488152,2.71619906620735e-06,-0.0002114699538290701,-3.163583309654435e-06,0.001064295492996228,-1.628309319804117e-08
3,2417.315480804085,0.0,0.0,0.0,106.4295491305981,-0.009240889785895661,106.4295492776585,-0.002233617051702374,1.0,0.0,0.0,0.0,0.03225137852442368,-2.800269632089595e-06,-0.03352714398915844,-4.647441730659693e-07,-0.03225137852442368,2.800269632089595e-06,0.001064295492776585,-2.233617002267872e-08,0.0002114699719581748,3.287349975552892e-06,-0.03331567401720027,2.822605802486922e-06,-0.0002114699719581795,-3.287349975552892e-06,0.001064295492776585,-2.233617051702374e-08
3,2511.886431509561,0.0,0.0,0.0,106.4295490685485,-0.009585668047091767,106.4295492486333,-0.002842214743837663,1.0,0.0,0.0,0.0,0.03225137850562076,-2.904747893058111e-06,-0.03352714398964062,-4.827886384105081e-07,-0.03225137850562076,2.904747893058111e-06,0.001064295492486333,-2.842214495855475e-08,0.0002114699915335325,3.415958678372241e-06,-0.03331567399810709,2.933170039961733e-06,-0.0002114699915335347,-3.415958678372241e-06,0.001064295492486333,-2.842214743837664e-08
3,2610.157215682516,0.0,0.0,0.0,106.4295490017068,-0.00994456533045095,106.4295492123761,-0.003454998822188893,1.0,0.0,0.0,0.0,0.03225137848536569,-3.013504645591197e-06,-0.03352714399015997,-5.015442177527245e-07,-0.03225137848536569,3.013504645591197e-06,0.001064295492123761,-3.454998810091664e-08,0.0002114700126705177,3.549598849729184e-06,-0.03331567397748945,3.048054631976459e-06,-0.0002114700126705227,-3.549598849729184e-06,0.001064295492123761,-3.454998822188893e-08
3,2712.272579332007,0.0,0.0,0.0,106.429548929679,-0.01031811025688633,106.4295491686733,-0.004072871865172747,1.0,0.0,0.0,0.0,0.03225137846353909,-3.126700077844343e-06,-0.03352714399071954,-5.210385366725578e-07,-0.03225137846353909,3.126700077844343e-06,0.001064295491686733,-4.072871660476363e-08,0.0002114700354937091,3.688467332238891e-06,-0.03331567395522583,3.167428795566333e-06,-0.0002114700354937105,-3.688467332238891e-06,0.001064295491686733,-4.072871865172747e-08
3,2818.382931264432,0.0,0.0,0.0,106.4295488520408,-0.01070685303905422,106.4295491172673,-0.004696743963686169,1.0,0.0,0.0,0.0,0.03225137844001236,-3.24450092092552e-06,-0.03352714399132265,-5.41300308999539e-07,-0.03225137844001236,3.24450092092552e-06,0.001064295491172673,-4.696743922069027e-08,0.0002114700601376242,3.832768669450005e-06,-0.03331567393118502,3.291468360450466e-06,-0.0002114700601376224,-3.832768669450005e-06,0.001064295491172673,-4.696743963686169e-08
3,2928.644564625213,0.0,0.0,0.0,106.4295487683344,-0.01111136625380016,106.4295490578551,-0.005327534023627598,1.0,0.0,0.0,0.0,0.03225137841464677,-3.367080682969747e-06,-0.03352714399197284,-5.623593787946619e-07,-0.03225137841464677,3.367080682969747e-06,0.001064295490578551,-5.327534370012315e-08,0.0002114700867475111,3.982715407122504e-06,-0.03331567390522532,3.420356028327842e-06,-0.0002114700867475172,-3.982715407122504e-06,0.001064295490578551,-5.327534023627598e-08
3,3043.219887107698,0.0,0.0,0.0,106.4295486780665,-0.01153224577093371,106.4295489900865,-0.005966171204789858,1.0,0.0,0.0,0.0,0.03225137838729287,-3.494619930585972e-06,-0.03352714399267395,-5.842467650093409e-07,-0.03225137838729287,3.494619930585972e-06,0.001064295489900865,-5.96617134734897e-08,0.0002114701154802074,4.13852840629223e-06,-0.03331567387719373,3.554281641282889e-06,-0.000211470115480214,-4.13852840629223e-06,0.001064295489900865,-5.966171204789858e-08
3,3162.277660168354,0.0,0.0,0.0,106.429548580705,-0.01197011146130331,106.4295489135621,-0.006613596119847723,1.0,0.0,0.0,0.0,0.03225137835778941,-3.627306503425246e-06,-0.0335271439934301,-6.069947057826861e-07,-0.03225137835778941,3.627306503425246e-06,0.001064295489135622,-6.613595881767125e-08,0.0002114701465050583,4.300437168583146e-06,-0.03331567384692503,3.693442462800459e-06,-0.0002114701465050564,-4.300437168583145e-06,0.001064295489135621,-6.613596119847723e-08
3,3285.993247600628,0.0,0.0,0.0,106.4295484756763,-0.01242560827270351,106.429548827831,-0.007270762382695087,1.0,0.0,0.0,0.0,0.03225137832596253,-3.765335840213186e-06,-0.03352714399424575,-6.306367072623834e-07,-0.03225137832596253,3.765335840213186e-06,0.00106429548827831,-7.270762716892847e-08,0.0002114701800049212,4.468680174246519e-06,-0.03331567381424083,3.838043466984136e-06,-0.000211470180004919,-4.468680174246519e-06,0.00106429548827831,-7.270762382695087e-08
3,3414.548873833574,0.0,0.0,0.0,106.4295483623612,-0.01289940715864869,106.4295487323877,-0.00793863799186216,1.0,0.0,0.0,0.0,0.0322513782916246,-3.908911260196572e-06,-0.03352714399512572,-6.552075927830669e-07,-0.0322513782916246,3.908911260196572e-06,0.001064295487323876,-7.938637918316654e-08,0.0002114702161772418,4.643505233424885e-06,-0.03331567377894848,3.988297640641818e-06,-0.0002114702161772411,-4.643505233424885e-06,0.001064295487323877,-7.938637991862161e-08
3,3548.133892335725,0.0,0.0,0.0,106.4295482400918,-0.01339220596116757,106.4295486266697,-0.008618206650836305,1.0,0.0,0.0,0.0,0.03225137825457327,-4.058244230656839e-06,-0.03352714399607519,-6.807435532933105e-07,-0.03225137825457327,4.058244230656839e-06,0.001064295486266697,-8.618206605172462e-08,0.0002114702552352148,4.825169851158228e-06,-0.03331567374083997,4.144426297864918e-06,-0.0002114702552352202,-4.825169851158228e-06,0.001064295486266697,-8.618206650836306e-08
3,3686.945064519545,0.0,0.0,0.0,106.4295481081475,-0.01390473055107994,106.429548510054,-0.009310469329392576,1.0,0.0,0.0,0.0,0.03225137821459016,-4.213554712448467e-06,-0.03352714399709975,-7.072822015845872e-07,-0.03225137821459016,4.213554712448467e-06,0.001064295485100541,-9.310469247490465e-08,0.000211470297409044,5.013941606669932e-06,-0.0333156736996907,4.306659405085344e-06,-0.0002114702974090471,-5.013941606669932e-06,0.001064295485100541,-9.310469329392576e-08
3,3831.186849557256,0.0,0.0,0.0,106.4295479657507,-0.01443773583033579,106.4295483818533,-0.01001644567113422,1.0,0.0,0.0,0.0,0.0322513781714396,-4.375071463738119e-06,-0.03352714399820544,-7.34862627144083e-07,-0.0322513781714396,4.375071463738119e-06,0.001064295483818533,-1.001644533205696e-07,0.0002114703429472969,5.210098547491183e-06,-0.03331567365525814,4.4752359203471e-06,-0.0002114703429473008,-5.210098547491184e-06,0.001064295483818533,-1.001644567113422e-07
3,3981.071705534939,0.0,0.0,0.0,106.4295478120621,-0.01499200689068274,106.4295482413119,-0.01073717554210595,1.0,0.0,0.0,0.0,0.03225137812486729,-4.543032391115982e-06,-0.03352714399939879,-7.635254541143406e-07,-0.03225137812486729,4.543032391115982e-06,0.00106429548241312,-1.073717512279749e-07,0.0002114703921183715,5.41392959900434e-06,-0.03331567360728041,4.650404144890001e-06,-0.0002114703921183778,-5.413929599004341e-06,0.001064295482413119,-1.073717554210595e-07
3,4136.820402388472,0.0,0.0,0.0,106.4295476461758,-0.01556836010796226,106.4295480876016,-0.01147372050035482,1.0,0.0,0.0,0.0,0.03225137807459871,-4.717684881200684e-06,-0.03352714400068681,-7.933129006203816e-07,-0.03225137807459871,4.717684881200684e-06,0.001064295480876015,-1.147372104872048e-07,0.0002114704452120755,5.62573499000845e-06,-0.03331567355547473,4.832422089388069e-06,-0.0002114704452120808,-5.62573499000845e-06,0.001064295480876016,-1.147372050035482e-07
3,4298.662347082241,0.0,0.0,0.0,106.4295474671141,-0.01616764444790887,106.4295479198163,-0.01222716546286556,1.0,0.0,0.0,0.0,0.0322513780203376,-4.899286196336022e-06,-0.03352714400207711,-8.24268841801866e-07,-0.0322513780203376,4.899286196336022e-06,0.001064295479198163,-1.222716507100627e-07,0.000211470502541339,5.845826694933735e-06,-0.03331567349953577,5.021557853131868e-06,-0.0002114705025413402,-5.845826694933735e-06,0.001064295479198163,-1.222716546286556e-07
3,4466.835921509593,0.0,0.0,0.0,106.4295472738217,-0.01679074259722838,106.4295477369671,-0.01299862018417842,1.0,0.0,0.0,0.0,0.03225137796176415,-5.088103817341932e-06,-0.03352714400357788,-8.564388734585894e-07,-0.03225137796176415,5.088103817341932e-06,0.001064295477369672,-1.299861999631898e-07,0.0002114705644440536,6.074528893356401e-06,-0.03331567343913383,5.218090019897811e-06,-0.0002114705644440523,-6.074528893356401e-06,0.001064295477369671,-1.299862018417842e-07
3,4641.588833612739,0.0,0.0,0.0,106.4295470651593,-0.01743857233376622,106.4295475379765,-0.01378922096101253,1.0,0.0,0.0,0.0,0.03225137789853313,-5.284415858717035e-06,-0.03352714400519797,-8.898703797844982e-07,-0.03225137789853313,5.284415858717035e-06,0.001064295475379764,-1.378922089713305e-07,0.0002114706312850671,6.312178447490533e-06,-0.0333156733739129,5.422308067706035e-06,-0.0002114706312850712,-6.312178447490533e-06,0.001064295475379765,-1.378922096101254e-07
3,4823.178482239265,0.0,0.0,0.0,106.4295468398972,-0.01811208786908765,106.4295473216714,-0.01460013229670904,1.0,0.0,0.0,0.0,0.03225137783027186,-5.488511475481107e-06,-0.03352714400694692,-9.246126030854733e-07,-0.03225137783027186,5.488511475481107e-06,0.001064295473216715,-1.460013170603074e-07,0.0002114707034583332,6.55912539836041e-06,-0.03331567330348859,5.634512795274937e-06,-0.0002114707034583316,-6.55912539836041e-06,0.001064295473216714,-1.460013229670904e-07
3,5011.87233627268,0.0,0.0,0.0,106.4295465967075,-0.01881228122784025,106.4295470867771,-0.01543254859033864,1.0,0.0,0.0,0.0,0.03225137775657803,-5.700691281163711e-06,-0.03352714400883504,-9.607167160954767e-07,-0.03225137775657803,5.700691281163711e-06,0.001064295470867771,-1.543254858204035e-07,0.0002114707813892323,6.815733481383997e-06,-0.0333156732274458,5.85501676528852e-06,-0.0002114707813892364,-6.815733481383997e-06,0.001064295470867771,-1.543254859033864e-07
3,5207.948328595417,0.0,0.0,0.0,106.429546334157,-0.01954018375585644,106.4295468319091,-0.01628769594288746,1.0,0.0,0.0,0.0,0.03225137767701728,-5.92126780480498e-06,-0.03352714401087346,-9.98235897735371e-07,-0.03225137767701728,5.92126780480498e-06,0.001064295468319092,-1.62876956689299e-07,0.0002114708655370811,7.08238066212703e-06,-0.03331567314533637,6.084144764391659e-06,-0.0002114708655370848,-7.08238066212703e-06,0.001064295468319091,-1.628769594288747e-07
3,5411.695265464588,0.0,0.0,0.0,106.4295460506983,-0.02029686760986348,106.4295465555653,-0.01716683393382776,1.0,0.0,0.0,0.0,0.03225137759112069,-6.150565942382872e-06,-0.03352714401307418,-1.037225411200632e-06,-0.03225137759112069,6.150565942382872e-06,0.001064295465555654,-1.716683423247398e-07,0.000211470956397838,7.359459693016772e-06,-0.03331567305667634,6.322234281816139e-06,-0.0002114709563978412,-7.359459693016771e-06,0.001064295465555653,-1.716683393382776e-07
3,5623.413251903441,0.0,0.0,0.0,106.4295457446606,-0.02108344732075836,106.4295462561169,-0.01807125746045333,1.0,0.0,0.0,0.0,0.03225137749838201,-6.388923430532838e-06,-0.0335271440154502,-1.077742685229429e-06,-0.03225137749838201,6.388923430532838e-06,0.001064295462561168,-1.807125733523421e-07,0.0002114710545070257,7.647378691835395e-06,-0.03331567296094317,6.569636006605966e-06,-0.0002114710545070286,-7.647378691835394e-06,0.001064295462561169,-1.807125746045333e-07
3,5843.414133735124,0.0,0.0,0.0,106.4295454142403,-0.02190108146723098,106.429545931799,-0.01900229867716978,1.0,0.0,0.0,0.0,0.03225137739825463,-6.636691353706356e-06,-0.03352714401801551,-1.119847398953668e-06,-0.03225137739825463,6.636691353706356e-06,0.00106429545931799,-1.900229864674396e-07,0.0002114711604428891,7.946561742845014e-06,-0.03331567285757261,6.826714343891347e-06,-0.0002114711604428929,-7.946561742845014e-06,0.00106429545931799,-1.900229867716978e-07
3,6072.021956909831,0.0,0.0,0.0,106.4295450574898,-0.02275097438616878,106.4295455807,-0.01996132896156412,1.0,0.0,0.0,0.0,0.03225137729014841,-6.894234662475389e-06,-0.03352714402078522,-1.163601569834195e-06,-0.03225137729014841,6.894234662475389e-06,0.001064295455807,-1.996132907035361e-07,0.0002114712748298036,8.257449521429787e-06,-0.03331567274595541,7.093847951595592e-06,-0.0002114712748298025,-8.257449521429787e-06,0.001064295455807,-1.996132896156412e-07
3,6309.573444801876,0.0,0.0,0.0,106.4295446723065,-0.023634377864668,106.4295452007508,-0.02094976085245512,1.0,0.0,0.0,0.0,0.0322513771734262,-7.161932686263031e-06,-0.03352714402377566,-1.209069644336296e-06,-0.0322513771734262,7.161932686263031e-06,0.001064295452007506,-2.09497612170949e-07,0.0002114713983419502,8.580499943174979e-06,-0.03331567262543372,7.371430298838683e-06,-0.0002114713983419475,-8.580499943174979e-06,0.001064295452007508,-2.094976085245512e-07
3,6556.418494179729,0.0,0.0,0.0,106.4295442564202,-0.02455259314470008,106.4295447897118,-0.02196905029133588,1.0,0.0,0.0,0.0,0.03225137704740005,-7.440179740818206e-06,-0.03352714402700447,-1.256318594174727e-06,-0.03225137704740005,7.440179740818206e-06,0.001064295447897118,-2.196904993984315e-07,0.0002114715317072991,8.91618883833908e-06,-0.03331567249529716,7.659870244164356e-06,-0.000211471531707301,-8.916188838339082e-06,0.001064295447897118,-2.196905029133588e-07
3,6812.920690579551,0.0,0.0,0.0,106.4295438073796,-0.02550697265190153,106.4295443451604,-0.02302069857902524,1.0,0.0,0.0,0.0,0.03225137691132716,-7.729385652091372e-06,-0.03352714403049066,-1.305418013417177e-06,-0.03225137691132716,7.729385652091372e-06,0.001064295443451605,-2.302069865242806e-07,0.0002114716757118881,9.265010652712279e-06,-0.03331567235477877,7.959592639295102e-06,-0.000211471675711887,-9.265010652712279e-06,0.001064295443451604,-2.302069857902524e-07
3,7079.457843841315,0.0,0.0,0.0,106.4295433225383,-0.0264989221473683,106.4295438644766,-0.02410625474674484,1.0,0.0,0.0,0.0,0.03225137676440555,-8.029976408293423e-06,-0.03352714403425479,-1.356440222302285e-06,-0.03225137676440555,8.029976408293423e-06,0.001064295438644766,-2.410625467521097e-07,0.0002114718312044663,9.627479175893542e-06,-0.03331567220305032,8.271038953591257e-06,-0.0002114718312044711,-9.627479175893542e-06,0.001064295438644767,-2.410625474674484e-07
3,7356.422544596346,0.0,0.0,0.0,106.4295427990386,-0.02752990267713928,106.4295433448273,-0.02522731771662953,1.0,0.0,0.0,0.0,0.03225137660576927,-8.342394750648267e-06,-0.03352714403831903,-1.409460372768713e-06,-0.03225137660576927,8.342394750648267e-06,0.001064295433448274,-2.522731733547803e-07,0.0002114719991014878,1.000412829805892e-05,-0.03331567203921754,8.594667925290212e-06,-0.0002114719991014938,-1.000412829805893e-05,0.001064295433448273,-2.522731771662953e-07
3,7644.222742525932,0.0,0.0,0.0,106.429542233795,-0.02860143279755069,106.4295427831496,-0.02638553873016361,1.0,0.0,0.0,0.0,0.03225137643448334,-8.667100847742633e-06,-0.03352714404270735,-1.464556559750402e-06,-0.03225137643448334,8.667100847742633e-06,0.001064295427831496,-2.638553927626149e-07,0.0002114721803925185,1.039551279633566e-05,-0.03331567186231484,8.930956236585256e-06,-0.0002114721803925176,-1.039551279633566e-05,0.001064295427831496,-2.638553873016361e-07
3,7943.282347242741,0.0,0.0,0.0,106.4295416234761,-0.02971509085576143,106.4295421761331,-0.0275826238241421,1.0,0.0,0.0,0.0,0.0322513762495382,-9.004572986594373e-06,-0.03352714404744562,-1.521809936564315e-06,-0.0322513762495382,9.004572986594373e-06,0.001064295421761334,-2.758262311495216e-07,0.0002114723761460725,1.080220915194017e-05,-0.03331567167129954,9.280399215375854e-06,-0.0002114723761460768,-1.080220915194017e-05,0.001064295421761331,-2.75826238241421e-07
3,8254.041852680108,0.0,0.0,0.0,106.4295409644847,-0.03087251708635825,106.4295415202002,-0.02882033611535386,1.0,0.0,0.0,0.0,0.03225137604984384,-9.35530820798735e-06,-0.03352714405256174,-1.581304832571442e-06,-0.03225137604984384,9.35530820798735e-06,0.001064295415202002,-2.882033574187089e-07,0.0002114725875158903,1.122481639928352e-05,-0.03331567146504585,9.643511566712073e-06,-0.0002114725875158943,-1.122481639928352e-05,0.001064295415202002,-2.882033611535386e-07
3,8576.958985908861,0.0,0.0,0.0,106.4295402529368,-0.03207541635166232,106.4295408114848,-0.030100498721885,1.0,0.0,0.0,0.0,0.03225137583422327,-9.719823136867369e-06,-0.03352714405808589,-1.643128880049255e-06,-0.03225137583422327,9.719823136867369e-06,0.00106429540811485,-3.010049850381872e-07,0.0002114728157477669,1.166395700829467e-05,-0.03331567124233812,1.002082812824541e-05,-0.0002114728157477652,-1.166395700829467e-05,0.001064295408114848,-3.0100498721885e-07
3,8912.509381337371,0.0,0.0,0.0,106.4295394846386,-0.03332556047741516,106.4295400458098,-0.03142499727298735,1.0,0.0,0.0,0.0,0.03225137560140563,-1.009865469012581e-05,-0.03352714406405061,-1.707373141828415e-06,-0.03225137560140563,1.009865469012581e-05,0.001064295400458099,-3.142499715327871e-07,0.0002114730621868794,1.212027780126124e-05,-0.03331567100186373,1.041290465943282e-05,-0.0002114730621868843,-1.212027780126124e-05,0.001064295400458098,-3.142499727298735e-07
3,9261.187281287846,0.0,0.0,0.0,106.4295386550618,-0.03462479075398302,106.4295392186625,-0.03279578257790742,1.0,0.0,0.0,0.0,0.03225137535001874,-1.049236083454031e-05,-0.03352714407049107,-1.77413224453123e-06,-0.03225137535001874,1.049236083454031e-05,0.001064295392186625,-3.2795783429621e-07,0.0002114733282857044,1.259445090553775e-05,-0.03331567074220537,1.082031866100652e-05,-0.0002114733282857009,-1.259445090553775e-05,0.001064295392186625,-3.279578257790742e-07
3,9623.506263980795,0.0,0.0,0.0,106.4295377593171,-0.03597502089734479,106.4295383251676,-0.03421487374818795,1.0,0.0,0.0,0.0,0.03225137507858094,-1.090152148404387e-05,-0.03352714407744523,-1.843504519992139e-06,-0.03225137507858094,1.090152148404387e-05,0.001064295383251676,-3.421487341291917e-07,0.0002114736156126026,1.308717474352458e-05,-0.03331567046183262,1.124367022353244e-05,-0.0002114736156126062,-1.308717474352458e-05,0.001064295383251677,-3.421487374818795e-07
3,9999.999999999904,0.0,0.0,0.0,106.429536792125,-0.03737823969741497,106.4295373600593,-0.03568436100123126,1.0,0.0,0.0,0.0,0.03225137478549242,-1.132673930224696e-05,-0.03352714408495406,-1.91559214869525e-06,-0.03225137478549242,1.132673930224696e-05,0.00106429537360059,-3.568436228977983e-07,0.0002114739258610464,1.359917506137553e-05,-0.03331567015909301,1.168358291268028e-05,-0.0002114739258610512,-1.359917506137553e-05,0.001064295373600593,-3.568436100123126e-07
3,10391.22303835159,0.0,0.0,0.0,106.429535747785,-0.0388365139238407,106.429536317649,-0.03720640871549178,1.0,0.0,0.0,0.0,0.03225137446902574,-1.176864058298203e-05,-0.03352714409306183,-1.990501310085863e-06,-0.03225137446902574,1.176864058298203e-05,0.00106429536317649,-3.720641001418327e-07,0.0002114742608595969,1.413120599794891e-05,-0.03331566983220223,1.214070468786305e-05,-0.000211474260859594,-1.413120599794891e-05,0.00106429536317649,-3.720640871549178e-07
3,10797.75162327699,0.0,0.0,0.0,106.4295346201417,-0.04035199170997118,106.4295351917928,-0.03878325895821651,1.0,0.0,0.0,0.0,0.03225137412731566,-1.222787627574884e-05,-0.03352714410181632,-2.068342341752988e-06,-0.03225137412731566,1.222787627574884e-05,0.00106429535191793,-3.878325790310038e-07,0.0002114746225827214,1.468405119557642e-05,-0.0333156694792336,1.261570885382343e-05,-0.0002114746225827246,-1.468405119557642e-05,0.001064295351917928,-3.878325895821652e-07
3,11220.18454301952,0.0,0.0,0.0,106.4295334025492,-0.04192690498045255,106.4295339758555,-0.04041723405139797,1.0,0.0,0.0,0.0,0.03225137375834823,-1.270512272134926e-05,-0.03352714411126913,-2.149229895906717e-06,-0.03225137375834823,1.270512272134926e-05,0.001064295339758549,-4.041723406596128e-07,0.0002114750131623436,1.525852495428552e-05,-0.03331566909810679,1.31092950583788e-05,-0.0002114750131623419,-1.525852495428552e-05,0.001064295339758555,-4.041723405139798e-07
3,11659.1440117982,0.0,0.0,0.0,106.4295320878309,-0.04356357364440553,106.42953266267,-0.04211074089810069,1.0,0.0,0.0,0.0,0.03225137335994875,-1.320108292254713e-05,-0.03352714412147598,-2.233283115683846e-06,-0.03225137335994875,1.320108292254713e-05,0.001064295326626708,-4.211073993941323e-07,0.0002114754349005169,1.585547343117492e-05,-0.03331566868657546,1.362219031549108e-05,-0.000211475434900521,-1.585547343117492e-05,0.0010642953266267,-4.211074089810069e-07
3,12115.27658628577,0.0,0.0,0.0,106.4295306682382,-0.04526440820691096,106.429531244497,-0.04386627372208299,1.0,0.0,0.0,0.0,0.03225137292976916,-1.371648733542756e-05,-0.03352714413249702,-2.32062580402809e-06,-0.03225137292976916,1.371648733542756e-05,0.001064295312444966,-4.386627538026393e-07,0.0002114758902828934,1.647577588670966e-05,-0.03331566824221412,1.415515008268157e-05,-0.0002114758902828986,-1.647577588670966e-05,0.00106429531244497,-4.3866273722083e-07
3,12589.25411794155,0.0,0.0,0.0,106.429529135404,-0.04703191410929165,106.4295297129775,-0.04568641853139034,1.0,0.0,0.0,0.0,0.03225137246527395,-1.425209518463383e-05,-0.0335271441443972,-2.411386612522945e-06,-0.03225137246527395,1.425209518463383e-05,0.001064295297129777,-4.568641895266308e-07,0.0002114763819934764,1.712034597977055e-05,-0.03331566776240373,1.470895936724761e-05,-0.0002114763819934737,-1.712034597977055e-05,0.001064295297129775,-4.568641853139034e-07
3,13081.77474260181,0.0,0.0,0.0,106.4295274802942,-0.04886869456126533,106.4295280590852,-0.04757385606917767,1.0,0.0,0.0,0.0,0.0322513719637255,-1.480869532159555e-05,-0.03352714415724668,-2.505699223845569e-06,-0.0322513719637255,1.480869532159555e-05,0.001064295280590852,-4.757385666157401e-07,0.0002114769129303246,1.779013311336556e-05,-0.03331566724431635,1.528443388951999e-05,-0.0002114769129303307,-1.779013311336556e-05,0.001064295280590852,-4.757385606917767e-07
3,13593.56390878512,0.0,0.0,0.0,106.4295256931535,-0.05077745510188979,106.4295262730722,-0.04953136648885571,1.0,0.0,0.0,0.0,0.03225137142216772,-1.538710760663327e-05,-0.03352714417112117,-2.603702554633478e-06,-0.03225137142216772,1.538710760663327e-05,0.001064295262730722,-4.953136752115126e-07,0.0002114774862227325,1.848612383298399e-05,-0.03331566668489844,1.588242127835051e-05,-0.0002114774862227303,-1.848612383298399e-05,0.001064295262730722,-4.953136648885572e-07
3,14125.3754462274,0.0,0.0,0.0,106.4295237634488,-0.05276100720412299,106.4295243444118,-0.05156183306855292,1.0,0.0,0.0,0.0,0.03225137083740872,-1.598818400124939e-05,-0.03352714418610247,-2.705540956977247e-06,-0.03225137083740872,1.598818400124939e-05,0.001064295243444126,-5.156183144974476e-07,0.0002114781052496214,1.920934327965322e-05,-0.03331566608085285,1.650380232267598e-05,-0.0002114781052496226,-1.920934327965322e-05,0.001064295243444118,-5.156183306855293e-07
3,14677.99267622055,0.0,0.0,0.0,106.4295216798067,-0.0548222723575412,106.4295222617369,-0.05366824639959761,1.0,0.0,0.0,0.0,0.03225137020600204,-1.661280980531551e-05,-0.03352714420227886,-2.811364430562137e-06,-0.03225137020600204,1.661280980531551e-05,0.001064295222617366,-5.366824519653461e-07,0.0002114787736594427,1.996085669983683e-05,-0.03331566542861941,1.714949226927469e-05,-0.0002114787736594501,-1.996085669983683e-05,0.001064295222617369,-5.366824639959762e-07
3,15252.22956539003,0.0,0.0,0.0,106.4295194299465,-0.05696428677634465,106.4295200127723,-0.05585370919630562,1.0,0.0,0.0,0.0,0.0322513695242262,-1.72619050837408e-05,-0.03352714421974567,-2.921328846928889e-06,-0.0322513695242262,1.72619050837408e-05,0.001064295200127731,-5.585370745054896e-07,0.0002114794953917458,2.074177101439765e-05,-0.03331566472435393,1.782044216746876e-05,-0.000211479495391749,-2.074177101439765e-05,0.001064295200127723,-5.585370919630562e-07
3,15848.93192461097,0.0,0.0,0.0,106.4295170006076,-0.05919020540845232,106.429517584263,-0.05812144040302517,1.0,0.0,0.0,0.0,0.03225136878806292,-1.793642588134919e-05,-0.03352714423860588,-3.035596175262759e-06,-0.03225136878806292,1.793642588134919e-05,0.001064295175842639,-5.81214392566999e-07,0.0002114802747003238,2.155323644893579e-05,-0.03331566396390555,1.851764027367303e-05,-0.000211480274700325,-2.155323644893579e-05,0.00106429517584263,-5.812144040302517e-07
3,16468.97865482852,0.0,0.0,0.0,106.4295143774721,-0.06150330679057651,106.4295149618957,-0.0604747801434737,1.0,0.0,0.0,0.0,0.03225136799317336,-1.863736569411409e-05,-0.03352714425897062,-3.154334722669948e-06,-0.03225136799317336,1.863736569411409e-05,0.001064295149618957,-6.047478087535205e-07,0.0002114811161783157,2.239644822790171e-05,-0.0333156631427923,1.924211350523176e-05,-0.0002114811161783164,-2.239644822790171e-05,0.001064295149618957,-6.04747801434737e-07
3,17113.28304161763,0.0,0.0,0.0,106.4295115450792,-0.0639069980503924,106.4295121302143,-0.06291719481362076,1.0,0.0,0.0,0.0,0.03225136713487248,-1.93657569849674e-05,-0.03352714428095994,-3.27771938350267e-06,-0.03225136713487248,1.93657569849674e-05,0.001064295121302139,-6.291719471686804e-07,0.0002114820247853121,2.327264833497854e-05,-0.03331566225617462,1.999492895147588e-05,-0.0002114820247853116,-2.327264833497855e-05,0.001064295121302143,-6.291719481362077e-07
3,17782.79410038904,0.0,0.0,0.0,106.4295084867353,-0.06640481965118267,106.4295090725293,-0.06545228191363073,1.0,0.0,0.0,0.0,0.0322513662081016,-2.012267262157051e-05,-0.03352714430470342,-3.405931894719962e-06,-0.0322513662081016,2.012267262157051e-05,0.00106429509072528,-6.545228415934166e-07,0.0002114830058765373,2.418312734232561e-05,-0.03331566129882688,2.077719544760565e-05,-0.0002114830058765338,-2.418312734232561e-05,0.001064295090725293,-6.545228191363073e-07
3,18478.49797422272,0.0,0.0,0.0,106.4295051844148,-0.06900045061461575,106.429505770819,-0.06808377535465239,1.0,0.0,0.0,0.0,0.03225136520739842,-2.090922745897447e-05,-0.03352714433034102,-3.539161103638723e-06,-0.03225136520739842,2.090922745897447e-05,0.001064295057708179,-6.808377649938132e-07,0.0002114840652344112,2.512922631137539e-05,-0.03331566026510661,2.159006520773667e-05,-0.000211484065234413,-2.51292263113754e-05,0.00106429505770819,-6.808377535465239e-07
3,19201.41938638781,0.0,0.0,0.0,106.4295016186544,-0.07169771400095344,106.4295022056238,-0.07081555101987493,1.0,0.0,0.0,0.0,0.03225136412686497,-2.172658000028892e-05,-0.03352714435802384,-3.677603246595474e-06,-0.03225136412686497,2.172658000028892e-05,0.00106429502205623,-7.081555228399416e-07,0.0002114852091026392,2.611233876798256e-05,-0.0333156591489212,2.243473552138708e-05,-0.0002114852091026354,-2.611233876798255e-05,0.001064295022056238,-7.081555101987493e-07
3,19952.62314968858,0.0,0.0,0.0,106.4294977684378,-0.07450058279381279,106.4294983559305,-0.0736516327270943,1.0,0.0,0.0,0.0,0.03225136296013267,-2.257593417994327e-05,-0.03352714438791504,-3.821462240070173e-06,-0.03225136296013267,2.257593417994327e-05,0.001064294983559304,-7.365163285171182e-07,0.000211486444223068,2.713391275483204e-05,-0.03331565794369196,2.331245051476187e-05,-0.0002114864442230718,-2.713391275483204e-05,0.001064294983559306,-7.365163272709431e-07
3,20733.21573485933,0.0,0.0,0.0,106.4294936110723,-0.07741318534346293,106.4294941990497,-0.07659619774688528,1.0,0.0,0.0,0.0,0.03225136170032494,-2.345854101317059e-05,-0.03352714442019078,-3.970949977688597e-06,-0.03225136170032494,2.345854101317059e-05,0.001064294941990481,-7.65961970868713e-07,0.0002114877778753353,2.819545296412755e-05,-0.03331565664231544,2.422450298643895e-05,-0.0002114877778753368,-2.819545296412755e-05,0.001064294941990497,-7.659619774688528e-07
3,21544.3469003186,0.0,0.0,0.0,106.4294891220551,-0.08043981154570978,106.4294897104815,-0.07965358305354228,1.0,0.0,0.0,0.0,0.0322513603400167,-2.437570046839691e-05,-0.03352714445504131,-4.126286643132108e-06,-0.0322513603400167,2.437570046839691e-05,0.00106429489710481,-7.965358398939138e-07,0.0002114892179197908,2.929852295369903e-05,-0.03331565523712151,2.517223631056693e-05,-0.0002114892179197955,-2.929852295369903e-05,0.001064294897104815,-7.965358305354228e-07
3,22387.21138568315,0.0,0.0,0.0,106.4294842749284,-0.08358491946209391,106.4294848637705,-0.08282829201462068,1.0,0.0,0.0,0.0,0.03225135887119043,-2.532876347336179e-05,-0.03352714449267202,-4.287701036926658e-06,-0.03225135887119043,2.532876347336179e-05,0.001064294848637708,-8.28282947351252e-07,0.0002114907728438966,3.044474744979076e-05,-0.03331565371982812,2.615704641286411e-05,-0.0002114907728439017,-3.044474744979076e-05,0.001064294848637705,-8.282829201462068e-07
3,23263.05067153601,0.0,0.0,0.0,106.4294790411238,-0.08685314157216141,106.4294796303509,-0.08612500070994018,1.0,0.0,0.0,0.0,0.03225135728518903,-2.631913380974588e-05,-0.03352714453330471,-4.455430910872964e-06,-0.03225135728518903,2.631913380974588e-05,0.001064294796303496,-8.612500037272313e-07,0.0002114924518121784,3.163581473991912e-05,-0.03331565208149253,2.718038382904616e-05,-0.0002114924518121786,-3.163581473991912e-05,0.001064294796303509,-8.612500070994019e-07
3,24173.15480804078,0.0,0.0,0.0,106.429473389794,-0.09024929161415901,106.4294739793776,-0.08954856483650012,1.0,0.0,0.0,0.0,0.03225135557266484,-2.734827018610879e-05,-0.03352714457717886,-4.629723318381269e-06,-0.03225135557266484,2.734827018610879e-05,0.001064294739793765,-8.954856540267072e-07,0.0002114942647202408,3.287347915932104e-05,-0.03331565031245861,2.824375584093977e-05,-0.0002114942647202453,-3.287347915932104e-05,0.001064294739793777,-8.954856483650012e-07
3,25118.86431509553,0.0,0.0,0.0,106.4294672876309,-0.09377837171987441,106.4294678775448,-0.09310402690512212,1.0,0.0,0.0,0.0,0.03225135372352453,-2.841768839996194e-05,-0.03352714462455306,-4.810834978729641e-06,-0.03225135372352453,2.841768839996194e-05,0.001064294678775421,-9.310403091527912e-07,0.000211496222253099,3.415956367465184e-05,-0.03331564840229995,2.93487286959222e-05,-0.0002114962222530964,-3.415956367465184e-05,0.001064294678775448,-9.310402690512213e-07
3,26101.57215682508,0.0,0.0,0.0,106.429460698669,-0.09744558006430626,106.4294612888887,-0.09679662394959557,1.0,0.0,0.0,0.0,0.03225135172686941,-2.952896365585038e-05,-0.03352714467570651,-4.999032657506716e-06,-0.03225135172686941,2.952896365585038e-05,0.001064294612888875,-9.679662483546968e-07,0.0002114983359482355,3.549596256873363e-05,-0.03331564633975827,3.049692991122692e-05,-0.0002114983359482389,-3.549596256873363e-05,0.001064294612888887,-9.679662394959557e-07
3,27122.72579331998,0.0,0.0,0.0,106.4294535840738,-0.1012563180737855,106.4294541745767,-0.1006317947920353,1.0,0.0,0.0,0.0,0.03225134957093147,-3.068373274963197e-05,-0.03352714473094073,-5.194593555860225e-06,-0.03225134957093147,3.068373274963197e-05,0.001064294541745774,-1.006317928913064e-06,0.0002115006182634773,3.688464423030468e-05,-0.03331564411267725,3.169005067444445e-05,-0.0002115006182634785,-3.688464423030468e-05,0.001064294541745767,-1.006317947920353e-06
3,28183.82931264423,0.0,0.0,0.0,106.4294459019135,-0.1052161982960245,106.4294464926786,-0.1046151879680118,1.0,0.0,0.0,0.0,0.03225134724300409,-3.188369645334076e-05,-0.03352714479058126,-5.397805718091003e-06,-0.03225134724300409,3.188369645334076e-05,0.001064294464926817,-1.046151853273386e-06,0.0002115030826503824,3.832765405287291e-05,-0.03331564170793087,3.292984833478191e-05,-0.0002115030826503814,-3.832765405287291e-05,0.001064294464926786,-1.046151879680119e-06
3,29286.44564625204,0.0,0.0,0.0,106.42943760691,-0.1093310534470358,106.429438197918,-0.1087526708264784,1.0,0.0,0.0,0.0,0.03225134472936666,-3.313062225667752e-05,-0.03352714485497958,-5.60896846232255e-06,-0.03225134472936666,3.313062225667752e-05,0.001064294381979172,-1.087526726931018e-06,0.0002115057436337605,3.982711744693726e-05,-0.03331563911134582,3.421814898461471e-05,-0.0002115057436337595,-3.982711744693726e-05,0.00106429438197918,-1.087526708264784e-06
3,30432.19887107688,0.0,0.0,0.0,106.4294286501736,-0.1136069443543447,106.4294292414066,-0.1130503375239944,1.0,0.0,0.0,0.0,0.03225134201520412,-3.442634677404384e-05,-0.03352714492451528,-5.828392816060251e-06,-0.03225134201520412,3.442634677404384e-05,0.001064294292414063,-1.130503368067762e-06,0.0002115086168970889,4.138524297000814e-05,-0.03331563630761818,3.555685015394789e-05,-0.0002115086168970881,-4.138524297000814e-05,0.001064294292414066,-1.130503375239944e-06
3,31622.77660168344,0.0,0.0,0.0,106.4294189789149,-0.1180501688563227,106.4294195703562,-0.1175145179731513,1.0,0.0,0.0,0.0,0.03225133908451967,-3.57727784413099e-05,-0.03352714499959818,-6.056401974085632e-06,-0.03225133908451967,3.57727784413099e-05,0.001064294195703561,-1.175145201120138e-06,0.0002115117193749291,4.30043255790289e-05,-0.03331563328022324,3.694792360494327e-05,-0.0002115117193749322,-4.30043255790289e-05,0.001064294195703562,-1.175145179731513e-06
3,32859.93247600617,0.0,0.0,0.0,106.4294085361333,-0.122667271142652,106.4294091277675,-0.1221517872302793,1.0,0.0,0.0,0.0,0.03225133592004039,-3.717190034625817e-05,-0.0335271450806708,-6.293331775027308e-06,-0.03225133592004039,3.717190034625817e-05,0.001064294091277626,-1.221517914645045e-06,0.0002115150693527482,4.468675000998072e-05,-0.03331563001131804,3.839341823495341e-05,-0.0002115150693527482,-4.468675000998072e-05,0.001064294091277675,-1.221517872302793e-06
3,34145.48873833563,0.0,0.0,0.0,106.4293972602801,-0.1274650519037153,106.429397852093,-0.1269689756903022,1.0,0.0,0.0,0.0,0.0322513325031152,-3.862577330415615e-05,-0.03352714516821097,-6.539531200215338e-06,-0.0322513325031152,3.862577330415615e-05,0.001064293978520914,-1.26968977823061e-06,0.000211518686574878,4.643499428963926e-05,-0.03331562648163609,3.989546308942391e-05,-0.0002115186865748811,-4.643499428963925e-05,0.00106429397852093,-1.269689756903022e-06
3,35481.33892335714,0.0,0.0,0.0,106.4293850848973,-0.1324505777439868,106.4293856768756,-0.1319731785438806,1.0,0.0,0.0,0.0,0.03225132881360523,-4.013653871029904e-05,-0.03352714526273466,-6.795362882755758e-06,-0.03225132881360523,4.013653871029904e-05,0.001064293856768762,-1.319731798720458e-06,0.0002115225923606724,4.8251633384646e-05,-0.03331562267037399,4.145627050189023e-05,-0.0002115225923606731,-4.825163338464599e-05,0.001064293856768756,-1.319731785438806e-06
3,36869.45064519533,0.0,0.0,0.0,106.4293719382252,-0.1376311916249706,106.4293725303567,-0.1371717662624562,1.0,0.0,0.0,0.0,0.03225132482976521,-4.170642170453654e-05,-0.03352714536479896,-7.061203641946827e-06,-0.03225132482976521,4.170642170453654e-05,0.001064293725303588,-1.37171766329623e-06,0.0002115268097301588,5.013934299325662e-05,-0.03331561855506879,4.307813935130978e-05,-0.0002115268097301615,-5.013934299325662e-05,0.001064293725303567,-1.371717662624562e-06
3,38311.86849557243,0.0,0.0,0.0,106.4293577427795,-0.1430145239698088,106.4293583350529,-0.14257239574338,1.0,0.0,0.0,0.0,0.03225132052811499,-4.33377345363057e-05,-0.03352714547500541,-7.337445040679694e-06,-0.03225132052811499,4.33377345363057e-05,0.001064293583350521,-1.425723921455734e-06,0.0002115313635398257,5.210090348533764e-05,-0.03331561411146558,4.476345844465795e-05,-0.0002115313635398311,-5.210090348533764e-05,0.001064293583350529,-1.4257239574338e-06
3,39810.71705534926,0.0,0.0,0.0,106.4293424148955,-0.1486085033995833,106.4293430073003,-0.1481830210852084,1.0,0.0,0.0,0.0,0.03225131588330166,-4.503287981805553e-05,-0.03352714559400356,-7.624493958059899e-06,-0.03225131588330166,4.503287981805553e-05,0.001064293430072959,-1.481830226820395e-06,0.000211536280628906,5.413920399640162e-05,-0.03331560931337466,4.651471003834172e-05,-0.0002115362806289073,-5.413920399640162e-05,0.001064293430073003,-1.481830210852084e-06
3,41368.20402388459,0.0,0.0,0.0,106.4293258642322,-0.15442136952893,106.4293264567587,-0.1540119064208445,1.0,0.0,0.0,0.0,0.03225131086794916,-4.679435440270605e-05,-0.03352714572249477,-7.922773197880784e-06,-0.03225131086794916,4.679435440270605e-05,0.001064293264567588,-1.540119060567598e-06,0.0002115415899780496,5.625724668169084e-05,-0.03331560413251672,4.833447348381006e-05,-0.0002115415899780482,-5.625724668169084e-05,0.001064293264567587,-1.540119064208445e-06
3,42986.62347082227,0.0,0.0,0.0,106.4293079932435,-0.1604616837012051,106.4293085858827,-0.1600676366888177,1.0,0.0,0.0,0.0,0.03225130545249804,-4.862475263672881e-05,-0.03352714586123633,-8.232722099889943e-06,-0.03225130545249804,4.862475263672881e-05,0.001064293085858846,-1.600676362957342e-06,0.0002115473228795157,5.845815113656263e-05,-0.03331559853835682,5.022542903667269e-05,-0.0002115473228795142,-5.845815113656263e-05,0.001064293085858827,-1.600676366888178e-06
3,44668.35921509578,0.0,0.0,0.0,106.4292886966008,-0.1667383425184857,106.4292892893443,-0.1663591311980387,1.0,0.0,0.0,0.0,0.03225129960503056,-5.052677046014718e-05,-0.03352714601104598,-8.554797194454451e-06,-0.03225129960503056,5.052677046014718e-05,0.001064292892893403,-1.663591339215887e-06,0.0002115535131220061,6.074515898965976e-05,-0.03331559249792396,5.219036179520531e-05,-0.0002115535131220064,-6.074515898965976e-05,0.001064292892893443,-1.663591311980388e-06
3,46415.88833612725,0.0,0.0,0.0,106.4292678605736,-0.1732605904880225,106.4292684534137,-0.1728956563076972,1.0,0.0,0.0,0.0,0.03225129329108291,-5.250320923879469e-05,-0.03352714617280664,-8.889472871246428e-06,-0.03225129329108291,5.250320923879469e-05,0.001064292684534208,-1.728956563202446e-06,0.0002115601971895929,6.31216386756126e-05,-0.03331558597561704,5.423216580436618e-05,-0.0002115601971895975,-6.312163867561261e-05,0.001064292684534137,-1.728956563076972e-06
3,48231.7848223925,0.0,0.0,0.0,106.4292453623584,-0.1800380338448991,106.4292459552879,-0.1796868392821081,1.0,0.0,0.0,0.0,0.03225128647344194,-5.455697995299972e-05,-0.03352714634747172,-9.237242079680303e-06,-0.03225128647344194,5.455697995299972e-05,0.001064292459552893,-1.796868340815638e-06,0.0002115674144768399,6.559109039427372e-05,-0.03331557893299487,5.635384831459342e-05,-0.0002115674144768445,-6.559109039427372e-05,0.001064292459552879,-1.796868392821081e-06
3,50118.72336272663,0.0,0.0,0.0,106.4292210693563,-0.1870806543737401,106.4292216623686,-0.1867426821433942,1.0,0.0,0.0,0.0,0.03225127911192615,-5.669110738598183e-05,-0.03352714653607063,-9.598617052308546e-06,-0.03225127911192615,5.669110738598183e-05,0.001064292216623658,-1.867426821968142e-06,0.0002115752075208014,6.815715126376191e-05,-0.03331557132854983,5.855853421145335e-05,-0.0002115752075208047,-6.81571512637619e-05,0.001064292216623686,-1.867426821433942e-06
3,52079.48328595401,0.0,0.0,0.0,106.4291948383882,-0.1943988249949306,106.4291954314772,-0.1940735772875136,1.0,0.0,0.0,0.0,0.03225127116314795,-5.890873484694865e-05,-0.03352714673971496,-9.974130066559007e-06,-0.03225127116314795,5.890873484694865e-05,0.001064291954314805,-1.940735736948101e-06,0.0002115836222522079,7.082360067486881e-05,-0.03331556311746275,6.08494706083098e-05,-0.0002115836222522094,-7.082360067486881e-05,0.001064291954314773,-1.940735772875137e-06
3,54116.95265464572,0.0,0.0,0.0,106.4291665148559,-0.2020033237311905,106.4291671080159,-0.2016903214795211,1.0,0.0,0.0,0.0,0.03225126258025937,-6.121312840339107e-05,-0.03352714695960493,-1.03643342179824e-05,-0.03225126258025937,6.121312840339107e-05,0.001064291671080166,-2.01690320043227e-06,0.0002115927082654345,7.359436585468464e-05,-0.03331555425133949,6.323003163670223e-05,-0.0002115927082654359,-7.359436585468463e-05,0.001064291671080159,-2.016903214795211e-06
3,56234.13251903423,0.0,0.0,0.0,106.4291359318256,-0.2099053509096972,106.4291365250513,-0.2096041330832956,1.0,0.0,0.0,0.0,0.03225125331267442,-6.360768209384763e-05,-0.03352714719703653,-1.07698042458144e-05,-0.03225125331267442,6.360768209384763e-05,0.001064291365250566,-2.096041326760749e-06,0.0002116025191115519,7.647352764758567e-05,-0.03331554467792498,6.570372340177126e-05,-0.0002116025191115506,-7.647352764758566e-05,0.001064291365250513,-2.096041330832956e-06
3,58434.14133735106,0.0,0.0,0.0,106.4291029090495,-0.2181165443028602,106.429103502336,-0.2178266672288831,1.0,0.0,0.0,0.0,0.03225124330577257,-6.609592251601824e-05,-0.03352714745340912,-1.119113736840232e-05,-0.03225124330577257,6.609592251601824e-05,0.00106429103502334,-2.178266655771928e-06,0.0002116131126131189,7.946532652206351e-05,-0.033315534340796,6.82741891536612e-05,-0.0002116131126131196,-7.946532652206352e-05,0.00106429103502336,-2.178266672288831e-06
3,60720.21956909812,0.0,0.0,0.0,106.4290672518999,-0.22664899721003,106.4290678452428,-0.2263700339197712,1.0,0.0,0.0,0.0,0.03225123250057572,-6.868151430606971e-05,-0.03352714773023369,-1.162895417058511e-05,-0.03225123250057572,6.868151430606971e-05,0.001064290678452423,-2.263700380870824e-06,0.0002116245512055207,8.257416881217915e-05,-0.03331552317902816,7.094521464159403e-05,-0.0002116245512055193,-8.257416881217913e-05,0.001064290678452428,-2.263700339197712e-06
3,63095.73444801856,0.0,0.0,0.0,106.4290287502215,-0.2355152763901741,106.4290293436165,-0.2352468159901693,1.0,0.0,0.0,0.0,0.03225122083340045,-7.136826557278002e-05,-0.03352714802914177,-1.208389951876362e-05,-0.03225122083340045,7.136826557278002e-05,0.001064290293436249,-2.352468089425393e-06,0.0002116369023050498,8.580463320278332e-05,-0.03331551112683672,7.372073368401971e-05,-0.0002116369023050443,-8.580463320278333e-05,0.001064290293436165,-2.352468159901693e-06
3,65564.18494179708,0.0,0.0,0.0,106.4289871770976,-0.2447284394038993,106.4289877705408,-0.2444700864707089,1.0,0.0,0.0,0.0,0.03225120823548411,-7.416013315269675e-05,-0.03352714835189505,-1.255664350116926e-05,-0.03225120823548411,7.416013315269675e-05,0.001064289877705476,-2.44470086903865e-06,0.0002116502387054158,8.916147746799112e-05,-0.03331549811318963,7.660483396682187e-05,-0.0002116502387054173,-8.916147746799114e-05,0.001064289877705408,-2.444700864707089e-06
3,68129.20690579529,0.0,0.0,0.0,106.4289422875078,-0.2543020550428334,106.4289428809956,-0.2540534290406112,1.0,0.0,0.0,0.0,0.03225119463257811,-7.70612288008586e-05,-0.03352714870039574,-1.30478824246826e-05,-0.03225119463257811,7.70612288008586e-05,0.0010642894288098,-2.540534273109858e-06,0.0002116646390075646,9.264964547275116e-05,-0.03331548406138817,7.960176304806858e-05,-0.0002116646390075624,-9.264964547275118e-05,0.001064289428809957,-2.540534290406113e-06
3,70794.57843841292,0.0,0.0,0.0,106.4288938168865,-0.2642502227264054,106.4288944104157,-0.2640109574463959,1.0,0.0,0.0,0.0,0.03225117994451106,-8.00758250686077e-05,-0.03352714907669779,-1.355833983562117e-05,-0.03225117994451106,8.00758250686077e-05,0.00106428894410407,-2.640109521144997e-06,0.0002116801880825029,9.62742744477501e-05,-0.03331546888861529,8.271593461212892e-05,-0.0002116801880825067,-9.62742744477501e-05,0.001064288944104157,-2.640109574463959e-06
3,73564.22544596322,0.0,0.0,0.0,106.4288414795631,-0.2745875933669236,106.4288420731305,-0.274357336388062,1.0,0.0,0.0,0.0,0.03225116408471609,-8.320836162634049e-05,-0.03352714948301902,-1.40887675862846e-05,-0.03225116408471609,8.320836162634049e-05,0.001064288420731234,-2.74357331517e-06,0.0002116969775715403,0.0001000407025482676,-0.03331545250544748,8.595193496198295e-05,-0.0002116969775715419,-0.0001000407025482676,0.001064288420731305,-2.74357336388062e-06
3,76442.22742525907,0.0,0.0,0.0,106.4287849670793,-0.2853293908197972,106.428785560682,-0.2851078029896177,1.0,0.0,0.0,0.0,0.03225114695972099,-8.646345176357493e-05,-0.03352714992175414,-1.463994694132987e-05,-0.03225114695972099,8.646345176357493e-05,0.00106428785560691,-2.851077973766979e-06,0.0002117151064262529,0.0001039544767080127,-0.03331543481532788,8.931452976668289e-05,-0.0002117151064262579,-0.0001039544767080128,0.00106428785560682,-2.851078029896178e-06
3,79432.82347242715,0.0,0.0,0.0,106.4287239463713,-0.2964914342127504,106.4287245400067,-0.2962781891478385,1.0,0.0,0.0,0.0,0.03225112846859736,-8.98458891553789e-05,-0.0335271503954889,-1.521268972775834e-05,-0.03225112846859736,8.98458891553789e-05,0.001064287245400044,-2.962781911211268e-06,0.0002117346814915361,0.0001080213607993916,-0.03331541571399736,9.280867107163328e-05,-0.000211734681491535,-0.0001080213607993916,0.001064287245400067,-2.962781891478386e-06
3,82540.4185268008,0.0,0.0,0.0,106.4286580578012,-0.3080901623305989,106.4286586514669,-0.3078849459358513,1.0,0.0,0.0,0.0,0.03225110850236401,-9.336065525169663e-05,-0.03352715090701534,-1.580783953959192e-05,-0.03225110850236401,9.336065525169663e-05,0.001064286586514991,-3.07884937756734e-06,0.000211755818136247,0.0001122473441120859,-0.03331539508887908,9.643950457249395e-05,-0.0002117558181362472,-0.0001122473441120859,0.001064286586514669,-3.078849459358513e-06
3,85769.58985908833,0.0,0.0,0.0,106.4285869130602,-0.3201426538756386,106.4285875067538,-0.3199451638816231,1.0,0.0,0.0,0.0,0.03225108694335158,-9.701292541686019e-05,-0.03352715145934809,-1.642627294801473e-05,-0.03225108694335158,9.701292541686019e-05,0.001064285875067098,-3.199451774079346e-06,0.0002117786409294512,0.0001166386501623165,-0.03331537281841863,0.0001002123772143018,-0.0002117786409294581,-0.0001166386501623165,0.001064285875067538,-3.199451638816232e-06
3,89125.09381337342,0.0,0.0,0.0,106.4285100928327,-0.3326666606700514,106.4285106865521,-0.3324766061877846,1.0,0.0,0.0,0.0,0.03225106366449477,-0.0001008080789909247,-0.03352715205574255,-1.706890085853951e-05,-0.03225106366449477,0.0001008080789909247,0.001064285106865851,-3.324765975746186e-06,0.0002118032843820558,0.0001212017458455082,-0.03331534877136048,0.0001041328449869687,-0.0002118032843820561,-0.0001212017458455082,0.001064285106865521,-3.324766061877846e-06
3,92611.87281287817,0.0,0.0,0.0,106.4284271443884,-0.345680623196815,106.4284277381316,-0.345497724289304,1.0,0.0,0.0,0.0,0.03225103852860253,-0.0001047517039990349,-0.03352715269971345,-1.773666976571053e-05,-0.03225103852860253,0.0001047517039990349,0.001064284277381357,-3.454977238640873e-06,0.0002118298937294053,0.0001259433509458192,-0.03331532280598404,0.0001082066811801087,-0.0002118298937294066,-0.0001259433509458192,0.001064284277381316,-3.454977242893041e-06
3,96235.06263980764,0.0,0.0,0.0,106.4283375788637,-0.3592037061434213,106.4283381726289,-0.3590276934133353,1.0,0.0,0.0,0.0,0.03225101138753446,-0.0001088496079222489,-0.03352715339505612,-1.843056321601979e-05,-0.03225101138753446,0.0001088496079222489,0.001064283381726595,-3.590276924059665e-06,0.0002118586257951806,0.0001308704480161202,-0.03331529476926093,0.0001124398848001004,-0.0002118586257951818,-0.0001308704480161202,0.001064283381726289,-3.590276934133353e-06
3,99999.9999999987,0.0,0.0,0.0,106.4282408684067,-0.373255822461973,106.4282414621922,-0.3730864366548401,1.0,0.0,0.0,0.0,0.03225098208133537,-0.0001131078249884767,-0.03352715414586852,-1.915160322243223e-05,-0.03225098208133537,0.0001131078249884767,0.001064282414622068,-3.730864423335664e-06,0.00021188964991146,0.0001359902926429212,-0.03331526449595706,0.000116838689420489,-0.0002118896499114648,-0.0001359902926429212,0.001064282414621922,-3.730864366548402e-06
3,103912.2303835156,0.0,0.0,0.0,106.42813644305,-0.3878576650714787,106.4281370368542,-0.3876946566938223,1.0,0.0,0.0,0.0,0.03225095043728787,-0.000117532625779236,-0.03352715495657561,-1.990085178923055e-05,-0.03225095043728787,0.000117532625779236,0.001064281370368586,-3.876946536829963e-06,0.0002119231489191132,0.0001413104241109874,-0.03331523180765649,0.0001214095723217569,-0.0002119231489191159,-0.0001413104241109874,0.001064281370368542,-3.876946566938223e-06
3,107977.5162327696,0.0,0.0,0.0,106.4280236873763,-0.4030307338425447,106.4280242811978,-0.4028738627943967,1.0,0.0,0.0,0.0,0.03225091626890191,-0.0001221305254068317,-0.03352715583195518,-2.067941244763694e-05,-0.03225091626890191,0.0001221305254068317,0.001064280242811608,-4.028738661986834e-06,0.0002119593202412922,0.0001468386764831404,-0.03331519651171388,0.0001261592640355034,-0.0002119593202412964,-0.0001468386764831404,0.001064280242811978,-4.028738627943967e-06
3,112201.8454301949,0.0,0.0,0.0,106.4279019368671,-0.418797370810526,106.4279025307044,-0.4186464060317763,1.0,0.0,0.0,0.0,0.03225087937480822,-0.0001269082941850079,-0.03352715677716623,-2.148843191036402e-05,-0.03225087937480822,0.0001269082941850079,0.001064279025307542,-4.186463905590896e-06,0.0002119983770507874,0.0001525831901111337,-0.03331515840011544,0.0001310947582007697,-0.0002119983770507844,-0.0001525831901111337,0.001064279025307044,-4.186464060317764e-06
3,116591.4401179817,0.0,0.0,0.0,106.427770474006,-0.4351807903743654,106.4277710678579,-0.4350355095044271,1.0,0.0,0.0,0.0,0.03225083953757757,-0.0001318729667801107,-0.0335271577977792,-2.232910173845662e-05,-0.03225083953757757,0.0001318729667801107,0.001064277710678514,-4.350355141348096e-06,0.000212040549522975,0.0001585524235942907,-0.03331511724825623,0.0001362233218558341,-0.0002120405495229724,-0.0001585524235942908,0.001064277710678579,-4.350355095044271e-06
3,121152.7658628573,0.0,0.0,0.0,106.4276285240383,-0.4522051150728093,106.4276291179036,-0.4520653041230961,1.0,0.0,0.0,0.0,0.03225079652243585,-0.0001370318530523665,-0.0335271588998089,-2.32026601094146e-05,-0.03225079652243585,0.0001370318530523665,0.001064276291178837,-4.520653067529929e-06,0.0002120860861940183,0.0001647551662030113,-0.03331507281361488,0.0001415525060935967,-0.0002120860861940174,-0.0001647551662030113,0.001064276291179037,-4.520653041230962e-06
3,125892.5411794151,0.0,0.0,0.0,106.4274752504132,-0.46989541016852,106.4274758442908,-0.4697608632072566,1.0,0.0,0.0,0.0,0.03225075007588278,-0.0001423925485359152,-0.03352716008974992,-2.41103936332294e-05,-0.03225075007588278,0.0001423925485359152,0.001064274758442941,-4.697608551519905e-06,0.0002121352554241498,0.0001712005507850374,-0.03331502483432576,0.000147090157151808,-0.0002121352554241493,-0.0001712005507850374,0.001064274758442908,-4.697608632072567e-06
3,130817.7474260177,0.0,0.0,0.0,106.4273097498564,-0.488277720275034,106.4273103437453,-0.4881482391239328,1.0,0.0,0.0,0.0,0.03225069992419891,-0.0001479629455378891,-0.0335271613746148,-2.505363924513277e-05,-0.03225069992419891,0.0001479629455378891,0.001064273103437525,-4.881482331260276e-06,0.000212188346978433,0.0001778980671729338,-0.03331497302763636,0.000152844427927801,-0.0002121883469784341,-0.0001778980671729338,0.001064273103437453,-4.881482391239329e-06
3,135935.6390878508,0.0,0.0,0.0,106.4271310470424,-0.507379108318723,106.4271316409416,-0.5072545022610813,1.0,0.0,0.0,0.0,0.03225064577183103,-0.0001537512449450676,-0.03352716276197552,-2.603378617980112e-05,-0.03225064577183103,0.0001537512449450676,0.001064271316409503,-5.072545042531234e-06,0.0002122456737349065,0.0001848575761119321,-0.03331491708824062,0.000158823789932131,-0.0002122456737349079,-0.0001848575761119321,0.001064271316409416,-5.072545022610813e-06
3,141253.7544622736,0.0,0.0,0.0,106.4269380888552,-0.5272276944794504,106.4269386827637,-0.5271077799792377,1.0,0.0,0.0,0.0,0.03225058729965308,-0.0001597659680240759,-0.03352716426000795,-2.705227801012081e-05,-0.03225058729965308,0.0001597659680240759,0.00106426938682787,-5.271077807065015e-06,0.0002123075735266977,0.0001920893237280223,-0.03331485668648125,0.0001650370457179015,-0.0002123075735267002,-0.0001920893237280223,0.001064269386827637,-5.271077799792378e-06
3,146779.926762205,0.0,0.0,0.0,106.4267297381877,-0.5478526971670697,106.4267303321048,-0.5477372975985926,1.0,0.0,0.0,0.0,0.03225052416308719,-0.000166015968838506,-0.03352716587754001,-2.811061476992585e-05,-0.03225052416308719,0.000166015968838506,0.001064267303321455,-5.477373018891966e-06,0.0002123744111316332,0.0001996039565568338,-0.03331479146640838,0.000171493341786908,-0.00021237441113163,-0.0001996039565568338,0.001064267303321048,-5.477372975985926e-06
3,152522.2956538998,0.0,0.0,0.0,106.4265047672302,-0.5692844772077922,106.4265053611549,-0.5691734225955363,1.0,0.0,0.0,0.0,0.03225045599006975,-0.0001725104476387249,-0.03352716762410383,-2.92103551729728e-05,-0.03225045599006975,0.0001725104476387249,0.001064265053611644,-5.691734283326867e-06,0.0002124465804231572,0.0002074125371545868,-0.03331472104368068,0.000178202181981614,-0.000212446580423159,-0.0002074125371545868,0.001064265053611549,-5.691734225955363e-06
3,158489.3192461092,0.0,0.0,0.0,106.4262618502364,-0.5915545822946804,106.426262444168,-0.5914477090629487,1.0,0.0,0.0,0.0,0.0322503823788595,-0.0001792589643317213,-0.03352716950999185,-3.035311890672024e-05,-0.0322503823788595,0.0001792589643317213,0.001064262624441354,-5.91447710024534e-06,0.000212524506690576,0.000215526560313211,-0.03331464500330127,0.0001851734414064908,-0.000212524506690577,-0.000215526560313211,0.001064262624441681,-5.914477090629488e-06
3,164689.7865482846,0.0,0.0,0.0,106.4259995557543,-0.6146957896389923,106.4260001496922,-0.6145929403709696,1.0,0.0,0.0,0.0,0.03225030289568311,-0.0001862714514057552,-0.03352717154631715,-3.154058898682759e-05,-0.03225030289568311,0.0001862714514057552,0.001064260001496205,-6.145929625590821e-06,0.0002126086491377275,0.0002239579699025257,-0.03331456289717942,0.0001924173809156982,-0.0002126086491377258,-0.0002239579699025257,0.001064260001496922,-6.145929403709696e-06
3,171132.8304161757,0.0,0.0,0.0,106.4257163381313,-0.6387421597647487,106.4257169320747,-0.638643182970637,1.0,0.0,0.0,0.0,0.03225021707216098,-0.000193558230231742,-0.03352717374507942,-3.277451428151307e-05,-0.03225021707216098,0.000193558230231742,0.001064257169321074,-6.386431839524292e-06,0.0002126995035978117,0.0002327191763628513,-0.03331447424148161,0.0001999446620813382,-0.000212699503597813,-0.0002327191763628513,0.001064257169320747,-6.386431829706371e-06
3,177827.9410038899,0.0,0.0,0.0,106.4254105284726,-0.6637290808451567,106.4254111224209,-0.6636338307390423,1.0,0.0,0.0,0.0,0.03225012440256744,-0.0002011300244985323,-0.03352717611923514,-3.405671203981691e-05,-0.03225012440256744,0.0002011300244985323,0.001064254111225009,-6.636338228448256e-06,0.0002127976054436552,0.0002418230748729009,-0.03331437851379149,0.0002077663628330839,-0.0002127976054436542,-0.0002418230748729009,0.001064254111224209,-6.636338307390423e-06
3,184784.9797422266,0.0,0.0,0.0,106.4250803247705,-0.6896933241723775,106.4250809187231,-0.6896016604574976,1.0,0.0,0.0,0.0,0.03225002434083955,-0.0002089979770219326,-0.03352717868277422,-3.538907059590289e-05,-0.03225002434083955,0.0002089979770219326,0.001064250809187815,-6.896016567013066e-06,0.0002129035327473898,0.0002512830642178153,-0.03331427515002682,0.0002158939936219124,-0.0002129035327473883,-0.0002512830642178153,0.001064250809187231,-6.896016604574976e-06
3,192014.1938638775,0.0,0.0,0.0,106.4247237813147,-0.7166730960429419,106.4247243752709,-0.7165848837050378,1.0,0.0,0.0,0.0,0.03224991629736808,-0.0002171736654675581,-0.03352718145080218,-3.677355213196197e-05,-0.03224991629736808,0.0002171736654675581,0.00106424724375219,-7.165848856083707e-06,0.0002130179096810233,0.000261113066383776,-0.03331416354112114,0.000224339514251814,-0.0002130179096810278,-0.000261113066383776,0.001064247243752709,-7.165848837050379e-06
3,199526.2314968852,0.0,0.0,0.0,106.424338797234,-0.744708093702433,106.4243393911933,-0.744623202810883,1.0,0.0,0.0,0.0,0.03224979963552544,-0.0002256691193037676,-0.03352718443962915,-3.821219556587526e-05,-0.03224979963552544,0.0002256691193037676,0.001064243393910312,-7.446232210241843e-06,0.0002131414101918316,0.0002713275469060299,-0.03331404302943732,0.0002331153513401547,-0.0002131414101918319,-0.00027132754690603,0.001064243393911933,-7.446232028108831e-06
3,207332.1573485926,0.0,0.0,0.0,106.4239231041154,-0.7738395641650873,106.4239236980772,-0.7737578696815282,1.0,0.0,0.0,0.0,0.03224967366791375,-0.000234496837625784,-0.03352718766686599,-3.97071195574995e-05,-0.03224967366791375,0.000234496837625784,0.001064239236981036,-7.737578921574323e-06,0.0002132747619723151,0.0002819415359982163,-0.03331391290489367,0.0002422344164407168,-0.000213274761972318,-0.0002819415359982164,0.001064239236980772,-7.737578696815283e-06
3,215443.4690031854,0.0,0.0,0.0,106.4234742526332,-0.8041103653115874,106.423474846597,-0.8040317469057418,1.0,0.0,0.0,0.0,0.0322495376523131,-0.000243669807670178,-0.03352719115152804,-4.126052563239976e-05,-0.0322495376523131,0.000243669807670178,0.00106423474846839,-8.040317189543434e-06,0.0002134187507468549,0.0002929706504917765,-0.03331377240078119,0.0002517101248593768,-0.0002134187507468535,-0.0002929706504917765,0.00106423474846597,-8.040317469057418e-06
3,223872.1138568308,0.0,0.0,0.0,106.4229895982409,-0.8355650210178669,106.4229901922061,-0.8354893628903052,1.0,0.0,0.0,0.0,0.03224939078734571,-0.0002532015215205657,-0.03352719491414628,-4.287470135923109e-05,-0.03224939078734571,0.0002532015215205657,0.001064229901920901,-8.354893710554685e-06,0.0002135742248793372,0.0003044311166154484,-0.03331362068926694,0.0002615564152562172,-0.0002135742248793385,-0.0003044311166154483,0.001064229901922061,-8.354893628903052e-06
3,232630.5067153593,0.0,0.0,0.0,106.4224662853969,-0.8682497997261076,106.4224668793631,-0.8681769904376826,1.0,0.0,0.0,0.0,0.03224923220769604,-0.0002631059999170023,-0.03352719897688971,-4.455202382609258e-05,-0.03224923220769604,0.0002631059999170023,0.001064224668794347,-8.681769902249559e-06,0.0002137421004000094,0.0003163397936443646,-0.0333134568764897,0.000271787769818272,-0.0002137421004000106,-0.0003163397936443645,0.001064224668793631,-8.681769904376826e-06
3,241731.548080407,0.0,0.0,0.0,106.4219012309743,-0.9022127676065403,106.4219018249409,-0.9021426999142463,1.0,0.0,0.0,0.0,0.03224906097908311,-0.0002733978083656183,-0.03352720336369422,-4.629496301922579e-05,-0.03224906097908311,0.0002733978083656183,0.001064219018247659,-9.021427001573562e-06,0.0002139233663622707,0.0003287141984520601,-0.03331327999733194,0.0002824192354328344,-0.0002139233663622786,-0.0003287141984520601,0.001064219018249409,-9.021426999142464e-06
3,251188.6431509545,0.0,0.0,0.0,106.421291105985,-0.9375038669019554,106.4212916999516,-0.9374364376009656,1.0,0.0,0.0,0.0,0.03224887609272274,-0.0002840920808793805,-0.03352720810040443,-4.810608552348039e-05,-0.03224887609272274,0.0002840920808793805,0.001064212916997786,-9.374364439761508e-06,0.0002141190906840854,0.0003415725309959562,-0.03331308900972034,0.0002934664454724758,-0.0002141190906840909,-0.0003415725309959562,0.001064212916999516,-9.374364376009658e-06
3,261015.72156825,0.0,0.0,0.0,106.4206323160197,-0.9741749864882502,106.4206329099856,-0.9741100962599037,1.0,0.0,0.0,0.0,0.0322486764593999,-0.0002952045413600758,-0.03352721321492557,-4.998805827858006e-05,-0.0322486764593999,0.0002952045413600758,0.001064206329098694,-9.741100919019252e-06,0.000214330426427364,0.0003549337007709119,-0.03331288278849821,0.0003049456424923318,-0.0002143304264273643,-0.0003549337007709119,0.001064206329099856,-9.741100962599038e-06
3,271227.2579331989,0.0,0.0,0.0,106.4199209801219,-1.012280035814894,106.4199215740867,-1.012217589080406,1.0,0.0,0.0,0.0,0.03224846090306725,-0.0003067515260045133,-0.03352721873738748,-5.194365248746952e-05,-0.03224846090306725,0.0003067515260045133,0.001064199215740552,-1.012217585467959e-05,0.0002145586185782445,0.0003688173542647391,-0.03331266011880923,0.0003168737017772697,-0.0002145586185782478,-0.0003688173542647392,0.001064199215740867,-1.012217589080406e-05
3,281838.2931264414,0.0,0.0,0.0,106.419152907999,-1.051875021030138,106.4191535019622,-1.05181492580982,1.0,0.0,0.0,0.0,0.03224822815393911,-0.000318750006372769,-0.03352722470032152,-5.397574767180727e-05,-0.03224822815393911,0.000318750006372769,0.001064191535015489,-1.051814950232879e-05,0.0002148050113642534,0.000383243903450935,-0.03331241968895727,0.0003292681557791277,-0.0002148050113642552,-0.000383243903450935,0.001064191535019622,-1.05181492580982e-05
3,292864.4564625195,0.0,0.0,0.0,106.4183235752234,-1.093018133860703,106.4183241691843,-1.092960301638481,1.0,0.0,0.0,0.0,0.03224797684097679,-0.000331217616321425,-0.03352723113885313,-5.608733596638574e-05,-0.03224797684097679,0.000331217616321425,0.001064183241690826,-1.09296029494084e-05,0.0002150710561850078,0.0003982345553540247,-0.03331216008266812,0.0003421472193876389,-0.0002150710561850053,-0.0003982345553540247,0.001064183241691843,-1.092960301638481e-05
3,304321.9887107678,0.0,0.0,0.0,106.4174280968193,-1.135769825569566,106.4174286907774,-1.135714171162604,1.0,0.0,0.0,0.0,0.03224770548388464,-0.0003441726744150201,-0.03352723809090685,-5.828152643066664e-05,-0.03224770548388464,0.0003441726744150201,0.001064174286909224,-1.135714148168122e-05,0.0002153583201162413,0.0004138113427261241,-0.03331187977079061,0.0003555298162954575,-0.0002153583201162379,-0.0004138113427261241,0.001064174286907774,-1.135714171162604e-05
3,316227.7660168334,0.0,0.0,0.0,106.416461198374,-1.1801929024445,106.4164617923289,-1.18013934387773,1.0,0.0,0.0,0.0,0.03224741248435577,-0.0003576342128619698,-0.03352724559743064,-6.056154968197664e-05,-0.03224741248435577,0.0003576342128619698,0.001064164617928345,-1.180139351437497e-05,0.0002156684951503324,0.0004299971558702798,-0.0333115771022803,0.0003694356061883032,-0.0002156684951503327,-0.0004299971558702798,0.001064164617923289,-1.18013934387773e-05
3,328599.3247600607,0.0,0.0,0.0,106.4154171852029,-1.226352608075292,106.4154177791538,-1.226301066460673,1.0,0.0,0.0,0.0,0.03224709611672814,-0.0003716220024470581,-0.03352725370263521,-6.293076257100159e-05,-0.03224709611672814,0.0003716220024470581,0.001064154177788051,-1.226301082429639e-05,0.0002160034081151607,0.0004468157756513864,-0.03331125029452004,0.0003838850130803848,-0.000216003408115166,-0.0004468157756513864,0.001064154177791538,-1.226301066460673e-05
3,341454.8873833552,0.0,0.0,0.0,106.4142899086995,-1.274316725333842,106.4142905026459,-1.274267124754161,1.0,0.0,0.0,0.0,0.03224675451778772,-0.0003861565834344977,-0.03352726245425532,-6.539265317553139e-05,-0.03224675451778772,0.0003861565834344977,0.001064142905028582,-1.274267110686162e-05,0.0002163650314396203,0.000464291907731649,-0.0333108974228157,0.0003988992545561176,-0.0002163650314396179,-0.000464291907731649,0.001064142905026459,-1.274267124754161e-05
3,354813.3892335703,0.0,0.0,0.0,106.4130727303109,-1.324155668604032,106.4130733242522,-1.324107936001083,1.0,0.0,0.0,0.0,0.03224638567585179,-0.0004012592935163732,-0.03352727190382944,-6.795084587694273e-05,-0.03224638567585179,0.0004012592935163732,0.001064130733247384,-1.324107907204262e-05,0.0002167554947266551,0.000482451218072727,-0.03331051640910278,0.0004145003721957842,-0.0002167554947266545,-0.0004824512180727269,0.001064130733242522,-1.324107936001083e-05
3,368694.5064519521,0.0,0.0,0.0,106.4117584826792,-1.375942579164389,106.4117590766147,-1.375896644231365,1.0,0.0,0.0,0.0,0.0322459874189937,-0.0004169522967164815,-0.03352728210700139,-7.060910663166224e-05,-0.0322459874189937,0.0004169522967164815,0.001064117590767764,-1.375896627486814e-05,0.000217177097240943,0.0005013203697443714,-0.03331010500976044,0.0004307112631127092,-0.0002171770972409434,-0.0005013203697443714,0.001064117590766147,-1.375896644231365e-05
3,383118.6849557231,0.0,0.0,0.0,106.4103394271332,-1.429753446029931,106.4103400210622,-1.429709241107866,1.0,0.0,0.0,0.0,0.03224555740216157,-0.0004332586200090701,-0.03352729312385042,-7.337134862725526e-05,-0.03224555740216157,0.0004332586200090701,0.001064103400212034,-1.429709240131322e-05,0.0002176323214786343,0.0005209270610781045,-0.03330966080237178,0.0004475557124508492,-0.0002176323214786308,-0.0005209270610781045,0.001064103400210622,-1.429709241107866e-05
3,398107.1705534914,0.0,0.0,0.0,106.4088072087437,-1.485667194552802,106.4088078026655,-1.485624654530912,1.0,0.0,0.0,0.0,0.0322450930935587,-0.0004502021801675159,-0.03352730501924008,-7.624163785662206e-05,-0.0322450930935587,0.0004502021801675159,0.00106408807801754,-1.485624701663704e-05,0.0002181238476637107,0.0005413000652132678,-0.03330918117157636,0.0004650584273566457,-0.0002181238476637107,-0.0005413000652132678,0.001064088078026655,-1.485624654530912e-05
3,413682.0402388446,0.0,0.0,0.0,106.407152806794,-1.543765816842485,106.4071534007077,-1.543724879062265,1.0,0.0,0.0,0.0,0.03224459175963455,-0.0004678078232856015,-0.0335273178632028,-7.922419922510438e-05,-0.03224459175963455,0.0004678078232856015,0.001064071534012831,-1.54372485603899e-05,0.0002186545695578121,0.000562469271069395,-0.03330866329364499,0.0004832450718442907,-0.0002186545695578163,-0.0005624692710693951,0.001064071534007077,-1.543724879062265e-05
3,429866.2347082213,0.0,0.0,0.0,106.4053664825495,-1.604134462766535,106.4053670764544,-1.604095066929472,1.0,0.0,0.0,0.0,0.03224405044925743,-0.0004861013523534955,-0.0335273317313453,-8.232342253141035e-05,-0.03224405044925743,0.0004861013523534955,0.001064053670766008,-1.604095054972014e-05,0.0002192276113269623,0.0005844657257959847,-0.03330810412001833,0.0005021423032645743,-0.0002192276113269637,-0.0005844657257959847,0.001064053670764544,-1.604095066929472e-05
3,446683.5921509565,0.0,0.0,0.0,106.4034377213079,-1.666861589098276,106.403438315203,-1.666823677177025,1.0,0.0,0.0,0.0,0.0322434659761539,-0.0005051095724540231,-0.03352734670529855,-8.55438691305946e-05,-0.0322434659761539,0.0005051095724540231,0.001064034383152754,-1.666823708235801e-05,0.0002198463459984547,0.0006073216787292298,-0.03330750035930009,0.0005217778095986352,-0.0002198463459984548,-0.0006073216787292298,0.001064034383152031,-1.666823677177025e-05
3,464158.8833612709,0.0,0.0,0.0,106.4013551712976,-1.732039064386399,106.4013557651821,-1.732002580539318,1.0,0.0,0.0,0.0,0.0322428349003932,-0.0005248603225413329,-0.03352736287319215,-8.889027844677505e-05,-0.0322428349003932,0.0005248603225413329,0.001064013557653437,-1.732002608426236e-05,0.0002205144151490206,0.0006310706269102251,-0.03330684845804312,0.0005421803484634501,-0.0002205144151490243,-0.0006310706269102252,0.001064013557651821,-1.732002580539318e-05
3,482317.8482239234,0.0,0.0,0.0,106.3991065770911,-1.799762300036728,106.399107170964,-1.799727190525626,1.0,0.0,0.0,0.0,0.03224215350820943,-0.0005453825151626448,-0.03352738033017118,-9.236757492229624e-05,-0.03224215350820943,0.0005453825151626448,0.001063991071707541,-1.79972718362279e-05,0.0002212357502555953,0.0006557473621965992,-0.03330614457991558,0.000563379787274303,-0.0002212357502555939,-0.0006557473621965992,0.00106399107170964,-1.799727190525626e-05
3,501187.2336272647,0.0,0.0,0.0,106.3966787075521,-1.870130391031004,106.3966793014122,-1.870096604141987,1.0,0.0,0.0,0.0,0.03224141779016729,-0.0005667061791003043,-0.03352739917895569,-9.598087527603829e-05,-0.03224141779016729,0.0005667061791003043,0.001063966793016222,-1.870096560672017e-05,0.000222014595767086,0.0006813880200090382,-0.0333053845831886,0.0005854071447329999,-0.000222014595767088,-0.0006813880200090383,0.001063966793014122,-1.870096604141987e-05
3,520794.8328595385,0.0,0.0,0.0,106.3940572788458,-1.943246239118945,106.3940578726921,-1.943213725086244,1.0,0.0,0.0,0.0,0.03224062341783206,-0.0005888624967027105,-0.03352741953043832,-9.973549585703606e-05,-0.03224062341783206,0.0005888624967027105,0.00106394057872697,-1.943213754082478e-05,0.0002228555338783623,0.0007080301297567704,-0.03330456399655995,0.0006082946338997345,-0.0002228555338783661,-0.0007080301297567706,0.001063940578726921,-1.943213725086244e-05
3,541169.5265464555,0.0,0.0,0.0,106.3912268702347,-2.01921671245203,106.3912274640659,-2.0191854233847,1.0,0.0,0.0,0.0,0.03223976571825295,-0.0006118838522581909,-0.03352744150433812,-0.0001036369605455985,-0.03223976571825295,0.0006118838522581909,0.001063912274658039,-2.019185388060502e-05,0.0002237635114432029,0.0007357126669693221,-0.03330367799289491,0.0006320757064237236,-0.0002237635114432021,-0.0007357126669693221,0.001063912274640659,-2.019185423384701e-05
3,562341.3251903405,0.0,0.0,0.0,106.3881708344724,-2.098152775657852,106.3881714282872,-2.098122665469234,1.0,0.0,0.0,0.0,0.03223883964680981,-0.0006358038714114703,-0.03352746522989608,-0.0001076910086701711,-0.03223883964680981,0.0006358038714114703,0.001063881714273282,-2.098122678869178e-05,0.0002247438688121997,0.0007644761071827035,-0.03330272136108387,0.0006567850985125323,-0.0002247438688122022,-0.0007644761071827035,0.001063881714282872,-2.098122665469234e-05
3,584341.4133735087,0.0,0.0,0.0,106.3848711999857,-2.180169654869262,106.3848717937827,-2.180140679209094,1.0,0.0,0.0,0.0,0.03223783975757143,-0.0006606574711725037,-0.03352749084663471,-0.0001119036034794185,-0.03223783975757143,0.0006606574711725037,0.001063848717931351,-2.180140695876567e-05,0.0002258023711286302,0.000794362481599858,-0.03330168847550607,0.0006824588781204395,-0.0002258023711286319,-0.000794362481599858,0.001063848717937827,-2.180140679209094e-05
3,607202.1956909792,0.0,0.0,0.0,106.3813085664892,-2.265386978734022,106.3813091602668,-2.265359094923117,1.0,0.0,0.0,0.0,0.03223676017166338,-0.0006864809026466734,-0.03352751850516823,-0.0001162809406962106,-0.03223676017166338,0.0006864809026466734,0.001063813091609707,-2.265359087817527e-05,0.0002269452419080471,0.0008254154345684881,-0.03330057326326017,0.0007091344938722774,-0.0002269452419080484,-0.000825415434568488,0.001063813091602668,-2.265359094923118e-05
3,630957.3444801836,0.0,0.0,0.0,106.3774619911589,-2.353928953987117,106.3774625849156,-2.353902120954501,1.0,0.0,0.0,0.0,0.03223559454277541,-0.0007133118042385203,-0.03352754836808645,-0.0001208294576451448,-0.03223559454277541,0.0007133118042385203,0.001063774625847262,-2.353902112394483e-05,0.0002281791994573462,0.0008576802828884263,-0.0332993691686291,0.0007368508252432815,-0.0002281791994573484,-0.0008576802828884263,0.001063774625849156,-2.353902120954501e-05
3,655641.8494179688,0.0,0.0,0.0,106.3733088670486,-2.445924517750236,106.3733094607826,-2.445898695972647,1.0,0.0,0.0,0.0,0.03223433602031776,-0.0007411892478031019,-0.03352758061089856,-0.0001255558424904851,-0.03223433602031776,0.0007411892478031019,0.001063733094608062,-2.445898694636541e-05,0.0002295114959668059,0.000891204076985535,-0.03329806911493174,0.0007656482344950499,-0.000229511495966804,-0.000891204076985535,0.001063733094607826,-2.445898695972648e-05
3,681292.0690579507,0.0,0.0,0.0,106.3688247910443,-2.54150751567607,106.3688253847537,-2.541482667119747,1.0,0.0,0.0,0.0,0.03223297720940736,-0.0007701537926291123,-0.0335276154230583,-0.0001304670439993881,-0.03223297720940736,0.0007701537926291123,0.001063688253847394,-2.541482707673875e-05,0.0002309499598190816,0.000926035663955777,-0.03329666546323921,0.000795568619956389,-0.0002309499598190795,-0.0009260356639557772,0.001063688253847537,-2.541482667119747e-05
3,707945.7843841269,0.0,0.0,0.0,106.3639834214249,-2.640816884484458,106.3639840151078,-2.640792972549114,1.0,0.0,0.0,0.0,0.03223151012770453,-0.000800247540752866,-0.0335276530090699,-0.0001355702816667393,-0.03223151012770453,0.000800247540752866,0.001063639840140761,-2.640793033345171e-05,0.0002325030412229922,0.0009622257524950292,-0.03329514996784691,0.00082665547082829,-0.0002325030412229923,-0.0009622257524950293,0.001063639840151078,-2.640792972549115e-05
3,735642.2544596299,0.0,0.0,0.0,106.358756325459,-2.743996815072781,106.358756919113,-2.743973804537699,1.0,0.0,0.0,0.0,0.03222992615923001,-0.0008315141863856913,-0.0335276935896711,-0.0001408730560190094,-0.03222992615923001,0.0008315141863856913,0.001063587569176464,-2.743973731418862e-05,0.0002341798612313378,0.0009998269797283042,-0.03329351372843976,0.000858953923709295,-0.0002341798612313442,-0.0009998269797283044,0.001063587569191131,-2.743973804537699e-05
3,764422.2742525883,0.0,0.0,0.0,106.3531128142582,-2.851196938147881,106.3531134078811,-2.851174795120026,1.0,0.0,0.0,0.0,0.03222821600432066,-0.0008639990721660245,-0.03352773740311522,-0.0001463831594546517,-0.03222821600432066,0.0008639990721660245,0.001063531134073308,-2.85117482737338e-05,0.0002359902647250672,0.001038893979919853,-0.03329174713839014,0.0008925108204652012,-0.0002359902647250736,-0.001038893979919853,0.001063531134078811,-2.851174795120026e-05
3,794328.234724269,0.0,0.0,0.0,106.3470197632325,-2.962572541352637,106.3470203568217,-2.962551233216739,1.0,0.0,0.0,0.0,0.03222636962522196,-0.0008977492549553445,-0.03352778470656539,-0.0001521086877085552,-0.03222636962522196,0.0008977492549553445,0.001063470203559033,-2.962551262727097e-05,0.0002379448777764858,0.001079483455041849,-0.0332898398287889,0.0009273747673332935,-0.0002379448777764873,-0.001079483455041849,0.001063470203568217,-2.962551233216739e-05
3,825404.1852680054,0.0,0.0,0.0,106.3404414220802,-3.078284725819049,106.340442015633,-3.078264221189561,1.0,0.0,0.0,0.0,0.03222437618850916,-0.0009328135532784998,-0.03352783577756929,-0.0001580580511995626,-0.03222437618850916,0.0009328135532784998,0.001063404420147104,-3.078264274282319e-05,0.0002400551689190972,0.00112165424721847,-0.03328778060865019,0.0009635961960189076,-0.0002400551689191038,-0.00112165424721847,0.001063404420156331,-3.078264221189561e-05
3,857695.8985908806,0.0,0.0,0.0,106.3333392063429,-3.198500633197521,106.3333397998563,-3.198480901872383,1.0,0.0,0.0,0.0,0.03222222400192207,-0.0009692426161204608,-0.03352789091567774,-0.0001642399873513518,-0.03222222400192207,0.0009692426161204608,0.001063333397986853,-3.198480852511346e-05,0.0002423335157708883,0.001165467412949016,-0.03328555739990684,0.001001227425597664,-0.0002423335157708886,-0.001165467412949015,0.001063333397998563,-3.198480901872383e-05
3,891250.9381337314,0.0,0.0,0.0,106.3256714753006,-3.323393632185824,106.3256720687716,-3.323374645101981,1.0,0.0,0.0,0.0,0.0322199004470608,-0.00100708897945025,-0.03352795044416876,-0.0001706635729917304,-0.0322199004470608,0.00100708897945025,0.001063256720672125,-3.323374690994349e-05,0.0002447932764269608,0.001210986299108027,-0.03328315716774179,0.001040322726116297,-0.0002447932764269578,-0.001210986299108027,0.001063256720687716,-3.323374645101982e-05
3,926118.7281287787,0.0,0.0,0.0,106.3173932911555,-3.453143534386104,106.3173938845804,-3.453125263576693,1.0,0.0,0.0,0.0,0.03221739190641074,-0.001046407131632153,-0.03352801471191735,-0.0001773382374195565,-0.03221739190641074,0.001046407131632153,0.001063173938844913,-3.453125172106115e-05,0.0002474488666261136,0.001258276620619243,-0.03328056584529124,0.001080938383199686,-0.0002474488666261154,-0.001258276620619243,0.001063173938845804,-3.453125263576693e-05
3,962350.6263980733,0.0,0.0,0.0,106.3084561612978,-3.587936787124849,106.3084567546731,-3.587919205678002,1.0,0.0,0.0,0.0,0.03221468368524176,-0.001087253571856015,-0.03352808409539613,-0.0001842737757265315,-0.03221468368524176,0.001087253571856015,0.001063084567585869,-3.587919152738502e-05,0.0002503158426111815,0.001307406539744617,-0.03327776825278494,0.001123132764018085,-0.0002503158426111832,-0.001307406539744617,0.001063084567546731,-3.587919205678003e-05
3,999999.9999999839,0.0,0.0,0.0,106.2988077571735,-3.727966722231954,106.2988083504952,-3.72794980425116,1.0,0.0,0.0,0.0,0.03221175992641622,-0.001129686885524834,-0.03352815900085838,-0.0001914803630396644,-0.03221175992641622,0.001129686885524834,0.001062988083496064,-3.727949837645745e-05,0.0002534109909448736,0.001358446746825586,-0.03327474800991351,0.001166966383785922,-0.0002534109909448704,-0.001358446746825586,0.001062988083504952,-3.72794980425116e-05
3,1039122.303835152,0.0,0.0,0.0,106.2883916162248,-3.873433737858523,106.2883922094884,-3.873417458424475,1.0,0.0,0.0,0.0,0.03220860352006811,-0.001173767799351068,-0.03352823986665161,-0.0001989685686941165,-0.03220860352006811,0.001173767799351068,0.001062883922068079,-3.873417456262733e-05,0.0002567524244811506,0.001411470542424429,-0.03327148744217046,0.001212501973730313,-0.0002567524244811575,-0.001411470542424429,0.001062883922094885,-3.873417458424476e-05
3,1079775.162327692,0.0,0.0,0.0,106.2771468179553,-4.024545527331679,106.2771474111564,-4.024529862465568,1.0,0.0,0.0,0.0,0.03220519600544101,-0.001219559250706569,-0.03352832716573252,-0.0002067493712908967,-0.03220519600544101,0.001219559250706569,0.001062771474145502,-4.024529677336556e-05,0.0002603596861801293,0.001466553920626786,-0.03326796747955239,0.00125980454933589,-0.0002603596861801352,-0.001466553920626786,0.001062771474111564,-4.024529862465568e-05
3,1122018.454301945,0.0,0.0,0.0,106.2650076351295,-4.181517309318986,106.265008228263,-4.181502235947177,1.0,0.0,0.0,0.0,0.03220151746519075,-0.00126712645736939,-0.0335284214083751,-0.0002148341742840524,-0.03220151746519075,0.00126712645736939,0.001062650082312054,-4.181502173381985e-05,0.0002642538608750773,0.001523775653335823,-0.03326416754750002,0.00130894147905177,-0.0002642538608750786,-0.001523775653335823,0.00106265008228263,-4.181502235947178e-05
3,1165914.401179813,0.0,0.0,0.0,106.251903160631,-4.344572029942399,106.2519037536915,-4.344557525862444,1.0,0.0,0.0,0.0,0.03219754641231243,-0.001316536978770424,-0.03352852314506723,-0.0002232348218770963,-0.03219754641231243,0.001316536978770424,0.00106251903753032,-4.344557598696295e-05,0.0002684576951954273,0.001583217375356925,-0.0332600654498718,0.001359982553479828,-0.0002684576951954287,-0.001583217375356925,0.001062519037536915,-4.344557525862445e-05
3,1211527.658628569,0.0,0.0,0.0,106.2377569033478,-4.513940598740069,106.2377574963296,-4.513926642587993,1.0,0.0,0.0,0.0,0.03219325966768116,-0.001367860787496991,-0.03352863296964826,-0.0002319636157581087,-0.03219325966768116,0.001367860787496991,0.001062377574918855,-4.513926645399797e-05,0.0002729957270149968,0.001644963669944588,-0.03325563724263327,0.001413000054186479,-0.0002729957270149949,-0.001644963669944588,0.001062377574963295,-4.513926642587994e-05
3,1258925.411794147,0.0,0.0,0.0,106.2224863549139,-4.689862105338057,106.2224869478105,-4.689848676556887,1.0,0.0,0.0,0.0,0.03218863222876178,-0.001421170334950926,-0.03352875152267262,-0.0002410333322598896,-0.03218863222876178,0.001421170334950926,0.0010622248694684,-4.689848639185501e-05,0.0002778944244576274,0.001709102154540066,-0.03325085709821499,0.001468068822280177,-0.0002778944244576295,-0.001709102154540066,0.001062224869478105,-4.689848676556887e-05
3,1308177.474260173,0.0,0.0,0.0,106.2060025238772,-4.872584033854488,106.2060031166819,-4.872571112663965,1.0,0.0,0.0,0.0,0.03218363712844763,-0.001476540616319542,-0.03352887949502627,-0.0002504572401081803,-0.03218363712844763,0.001476540616319542,0.001062060031204207,-4.872571052240365e-05,0.0002831823353550437,0.001775723566316903,-0.03324569715967122,0.001525266326208723,-0.0002831823353550492,-0.001775723566316903,0.001062060031166819,-4.872571112663966e-05
3,1359356.390878503,0.0,0.0,0.0,106.1882094373053,-5.062362449711975,106.1882100300109,-5.062350017079416,1.0,0.0,0.0,0.0,0.03217824528403192,-0.001534049227185447,-0.03352901763179542,-0.0002602491185744428,-0.03217824528403192,0.001534049227185447,0.001061882100311437,-5.062350051792875e-05,0.0002888902475211841,0.001844921847143045,-0.03324012738427422,0.001584672728568602,-0.000288890247521191,-0.001844921847143045,0.001061882100300109,-5.062350017079417e-05
3,1412537.544622731,0.0,0.0,0.0,106.1690035964929,-5.25946227362388,106.1690041890914,-5.25945031123613,1.0,0.0,0.0,0.0,0.03217242533227059,-0.001593776446552691,-0.03352916673649355,-0.0002704232770003438,-0.03217242533227059,0.001593776446552691,0.001061690041887458,-5.259450246946846e-05,0.0002950513623637014,0.001916794227304301,-0.03323411537412985,0.001646370950303957,-0.0002950513623636991,-0.001916794227304301,0.001061690041890914,-5.259450311236131e-05
3,1467799.267622045,0.0,0.0,0.0,106.1482734059884,-5.464157406427275,106.1482739984712,-5.464145896663727,1.0,0.0,0.0,0.0,0.03216614345636012,-0.001655805274674932,-0.03352932767549265,-0.0002809945737809489,-0.03216614345636012,0.001655805274674932,0.001061482739947872,-5.464146023891167e-05,0.0003017014791645743,0.001991441307748062,-0.03322762619632808,0.001710446733967113,-0.0003017014791645775,-0.001991441307748062,0.001061482739984712,-5.464145896663727e-05
3,1525222.956538993,0.0,0.0,0.0,106.1258985495499,-5.676730959370381,106.125899141908,-5.676719885277007,1.0,0.0,0.0,0.0,0.03215936319683331,-0.001720221502839509,-0.03352950138286874,-0.0002919784369235399,-0.03215936319683331,0.001720221502839509,0.001061258991389034,-5.676720016805193e-05,0.0003088791946824243,0.002068967139851205,-0.03322062218818631,0.001776988702927665,-0.0003088791946824279,-0.002068967139851205,0.00106125899141908,-5.676719885277007e-05
3,1584893.192461087,0.0,0.0,0.0,106.1017493233305,-5.897475441759812,106.1017499155538,-5.89746478702418,1.0,0.0,0.0,0.0,0.03215204524949408,-0.001787113770230246,-0.03352968886557898,-0.0003033908849954299,-0.03215204524949408,0.001787113770230246,0.001061017499165769,-5.897464827327931e-05,0.0003166261168775202,0.002149479302163359,-0.03321306274870146,0.001846088417167929,-0.000316626116877522,-0.002149479302163359,0.001061017499155538,-5.897464787024181e-05
3,1646897.865482841,0.0,0.0,0.0,106.075685926942,-6.126692879425519,106.0756865190199,-6.126682628352756,1.0,0.0,0.0,0.0,0.03214414725058848,-0.001856573599825915,-0.03352989120896442,-0.0003152485482728014,-0.03214414725058848,0.001856573599825915,0.001060756865257673,-6.126682616650673e-05,0.0003249870931269581,0.002233088973364588,-0.03320490411583746,0.001917840425091787,-0.0003249870931269563,-0.002233088973364588,0.001060756865190199,-6.126682628352757e-05
3,1711328.304161752,0.0,0.0,0.0,106.0475576931523,-6.364695009608567,106.0475582850733,-6.364685147098223,1.0,0.0,0.0,0.0,0.03213562354337948,-0.001928695457457142,-0.03353010958273139,-0.0003275686913167399,-0.03213562354337948,0.001928695457457142,0.001060475582761075,-6.36468529884862e-05,0.0003340104564987954,0.00231991100020538,-0.03319609912623259,0.00199234230888864,-0.0003340104564987997,-0.00231991100020538,0.001060475582850733,-6.364685147098223e-05
3,1778279.410038893,0.0,0.0,0.0,106.0172022700581,-6.611803389385003,106.0172028618097,-6.611793900908786,1.0,0.0,0.0,0.0,0.03212642493032064,-0.002003576784662122,-0.0335303452473003,-0.0003403692356721824,-0.03212642493032064,0.002003576784662122,0.001060172028608044,-6.611793933497297e-05,0.0003437482883802262,0.002410063959642746,-0.03318659695892007,0.002069694723970563,-0.0003437482883802273,-0.002410063959642746,0.001060172028618097,-6.611793900908787e-05
3,1847849.79742226,0.0,0.0,0.0,105.984444743695,-6.868349497054721,105.9844453352638,-6.868340368635089,1.0,0.0,0.0,0.0,0.03211649840718029,-0.002081318029410522,-0.03353059956061736,-0.0003536687833755716,-0.03211649840718029,0.002081318029410522,0.001059844453436956,-6.868340233761316e-05,0.0003542566999118519,0.002503670213809376,-0.03317634286070551,0.002150001430433804,-0.0003542566999118549,-0.002503670213809375,0.001059844453352638,-6.86834036863509e-05
3,1920141.938638769,0.0,0.0,0.0,105.949096705429,-7.134674760878953,105.9490972968006,-7.134665979068499,1.0,0.0,0.0,0.0,0.03210578688043303,-0.002162022654811804,-0.0335308739853936,-0.0003674866407680505,-0.03210578688043303,0.002162022654811804,0.001059490972897352,-7.134665995080066e-05,0.0003655961320755322,0.002600855956602657,-0.03316527785331807,0.002233369315834607,-0.0003655961320755338,-0.002600855956602657,0.001059490972968006,-7.1346659790685e-05
3,1995262.314968846,0.0,0.0,0.0,105.910955234973,-7.411130704659383,105.9109558261318,-7.411122256521001,1.0,0.0,0.0,0.0,0.03209422885908274,-0.002245797183230116,-0.03353117009700338,-0.0003818428442065749,-0.03209422885908274,0.002245797183230116,0.001059109558210617,-7.41112232585812e-05,0.0003778316796458531,0.002701751249809497,-0.03315333841735753,0.002319908405602922,-0.0003778316796458486,-0.002701751249809497,0.001059109558261318,-7.411122256521002e-05
3,2073321.57348592,0.0,0.0,0.0,105.8698018463795,-7.698078818037311,105.8698024373086,-7.698070691125116,1.0,0.0,0.0,0.0,0.03208175813526652,-0.002332751156981003,-0.03353148959166348,-0.0003967581844928833,-0.03208175813526652,0.002332751156981003,0.001058698024310628,-7.698070688669036e-05,0.0003910334320034746,0.002806490048104494,-0.03314045615966001,0.002409731863611611,-0.0003910334320034736,-0.002806490048104494,0.001058698024373086,-7.698070691125116e-05
3,2154434.690031847,0.0,0.0,0.0,105.8254013355677,-7.995890586078791,105.825401926249,-7.995882768419754,1.0,0.0,0.0,0.0,0.03206830343502051,-0.002422997147296603,-0.03353183429538262,-0.0004122542336276526,-0.03206830343502051,0.002422997147296603,0.001058254019386599,-7.995882623866605e-05,0.0004052768411871336,0.002915210209766743,-0.03312655745419549,0.00250295597613909,-0.0004052768411871369,-0.002915210209766743,0.00105825401926249,-7.995882768419756e-05
3,2238721.138568301,0.0,0.0,0.0,105.7775005642834,-8.30494737749762,105.7775011546973,-8.304939857573906,1.0,0.0,0.0,0.0,0.03205378804978284,-0.002516650720453824,-0.03353220617340196,-0.0004283533714641233,-0.03205378804978284,0.002516650720453824,0.001057775011557899,-8.304939764596361e-05,0.0004206431121706282,0.003028053491748052,-0.03311156306123132,0.002599700120283929,-0.0004206431121706322,-0.003028053491748052,0.001057775011546973,-8.304939857573907e-05
3,2326305.067153586,0.0,0.0,0.0,105.7258271677236,-8.625640262148353,105.7258277578491,-8.62563302888031,1.0,0.0,0.0,0.0,0.03203812944476471,-0.002613830382469198,-0.03353260734022772,-0.0004450788128848618,-0.03203812944476471,0.002613830382469198,0.001057258277629925,-8.62563299182823e-05,0.0004372196179545231,0.00314516552650103,-0.0330953877222732,0.002700086713616168,-0.0004372196179545235,-0.00314516552650103,0.001057258277578491,-8.625633028880311e-05
3,2417315.480804062,0.0,0.0,0.0,105.6700881761201,-8.958369789926767,105.6700887659347,-8.958362832656565,1.0,0.0,0.0,0.0,0.03202123884124853,-0.00271465751209902,-0.03353304007033286,-0.0004624546358114349,-0.03202123884124853,0.00271465751209902,0.001056700887578063,-8.958362872925707e-05,0.0004551003415503406,0.003266695777715729,-0.03307793972878251,0.002804241141904294,-0.0004551003415503435,-0.003266695777715729,0.001056700887659347,-8.958362832656566e-05
3,2511886.431509537,0.0,0.0,0.0,105.609968550178,-9.303545697324227,105.6099691396569,-9.303539005800113,1.0,0.0,0.0,0.0,0.0320030207727812,-0.002819256271916432,-0.0335335068095278,-0.0004805058098179432,-0.0320030207727812,0.002819256271916432,0.001056099691296367,-9.303539075939951e-05,0.0004743863453707808,0.003392797472027986,-0.03305912046415702,0.002912291662210042,-0.0004743863453707878,-0.003392797472027986,0.00105609969139657,-9.303539005800114e-05
3,2610157.215682491,0.0,0.0,0.0,105.5451296384325,-9.661586470346334,105.5451302275496,-9.66158003470748,1.0,0.0,0.0,0.0,0.03198337261770681,-0.002927753475862526,-0.03353401018693521,-0.0004992582248132069,-0.03198337261770681,0.002927753475862526,0.001055451302078123,-9.66158009928113e-05,0.0004951862671971281,0.003523627503690788,-0.03303882391973808,0.003024369278877581,-0.0004951862671971341,-0.003523627503690788,0.001055451302275496,-9.661580034707481e-05
3,2712272.579331981,0.0,0.0,0.0,105.4752075252088,-10.03291891683983,105.4752081139356,-10.03291272760174,1.0,0.0,0.0,0.0,0.03196218409854812,-0.003040278459648433,-0.03353455302781846,-0.0005187387211007423,-0.03196218409854812,0.003040278459648433,0.001054752081236211,-0.0001003291269892818,0.000517616848103181,0.003659346307732933,-0.03301693617971527,0.003140607586632191,-0.0005176168481031834,-0.003659346307732934,0.001054752081139356,-0.0001003291272760175
3,2818382.931264404,0.0,0.0,0.0,105.3998113168836,-10.41797745848309,105.3998119051896,-10.41797150652359,1.0,0.0,0.0,0.0,0.03193933676269199,-0.003156962866206996,-0.03353513836688232,-0.0005389751184921224,-0.03193933676269199,0.003156962866206996,0.001053998119068358,-0.0001041797144432807,0.0005418034850604525,0.003800117698975551,-0.03299333488182186,0.003261142580483429,-0.0005418034850604506,-0.003800117698975551,0.001053998119051896,-0.0001041797150652359
3,2928644.564625185,0.0,0.0,0.0,105.3185213036337,-10.81720346730662,105.3185218914861,-10.81719774385231,1.0,0.0,0.0,0.0,0.03191470342534356,-0.003277940444638371,-0.03353576946254727,-0.0005599962471987615,-0.03191470342534356,0.003277940444638371,0.001053185219024166,-0.0001081719767334549,0.000567880818432637,0.003946108670675636,-0.03296788864411463,0.003386112423476874,-0.0005678808184326409,-0.003946108670675635,0.001053185218914861,-0.0001081719774385231
3,3043219.887107668,0.0,0.0,0.0,105.230887042641,-11.23104437267917,105.2308876300042,-11.23103886929245,1.0,0.0,0.0,0.0,0.0318881475886791,-0.003403346779599749,-0.03353644981183022,-0.0005818319783115751,-0.0318881475886791,0.003403346779599749,0.001052308876200387,-0.0001123103905440631,0.0005959933471317742,0.004097489149234266,-0.03294045646469845,0.003515657170922691,-0.0005959933471317708,-0.004097489149234266,0.001052308876300042,-0.0001123103886929245
3,3162277.660168324,0.0,0.0,0.0,105.1364253495444,-11.65995260372076,105.1364259363804,-11.65994731228728,1.0,0.0,0.0,0.0,0.03185952283319528,-0.003533318970824474,-0.03353718316593713,-0.0006045132544645264,-0.03185952283319528,0.003533318970824474,0.001051364259158375,-0.0001165994741322432,0.0006262960734723223,0.004254431699262049,-0.0329108870924648,0.003649918444797522,-0.0006262960734723239,-0.004254431699262049,0.001051364259363804,-0.0001165994731228729
3,3285993.247600596,0.0,0.0,0.0,105.0346182004004,-12.10438434764737,105.0346187866681,-12.10437926036401,1.0,0.0,0.0,0.0,0.03182867218193951,-0.003667995256862839,-0.03353797354654993,-0.0006280721205874232,-0.03182867218193951,0.003667995256862839,0.001050346187648584,-0.0001210437964066475,0.0006589551771069474,0.004417111173205581,-0.03287901836944298,0.003789039052618158,-0.0006589551771069499,-0.004417111173205581,0.001050346187866681,-0.0001210437926036401
3,3414548.873833541,0.0,0.0,0.0,104.9249105216704,-12.56479821123529,104.9249111073258,-12.56479332059853,1.0,0.0,0.0,0.0,0.03179542743080922,-0.003807514609465241,-0.03353882526298796,-0.0006525417555329263,-0.03179542743080922,0.003807514609465241,0.001049249110799186,-0.0001256479344442583,0.0006941487211093154,0.004585704298236174,-0.03284467654187864,0.003933162542703247,-0.0006941487211093167,-0.004585704298236174,0.001049249111073258,-0.0001256479332059853
3,3548133.892335691,0.0,0.0,0.0,104.8067079375985,-13.04165348146252,104.8067085225941,-13.04164878025726,1.0,0.0,0.0,0.0,0.03175960846593894,-0.003952016206503794,-0.03353974292969088,-0.0006779565021522246,-0.03175960846593894,0.003952016206503794,0.001048067085162301,-0.0001304164884994761,0.0007320673784530603,0.004760389195872518,-0.03280767555123781,0.004082432693720293,-0.0007320673784530635,-0.004760389195872518,0.001048067085225942,-0.0001304164878025726
3,3686945.06451951,0.0,0.0,0.0,104.6793744014024,-13.53540831418639,104.6793749856873,-13.53540379547518,1.0,0.0,0.0,0.0,0.0317210225458795,-0.004101638883086784,-0.03354073148461234,-0.0007043518985960127,-0.0317210225458795,0.004101638883086784,0.001046793749699119,-0.0001353540398648715,0.0007729151894439012,0.004941344824029881,-0.03276781629516844,0.004236992925433869,-0.0007729151894438971,-0.004941344824029882,0.001046793749856873,-0.0001353540379547519
3,3831186.849557219,0.0,0.0,0.0,104.5422297603627,-14.04651763294572,104.5422303438822,-14.04651329005841,1.0,0.0,0.0,0.0,0.03167946356374628,-0.004256520494832034,-0.03354179620812642,-0.0007317647091288425,-0.03167946356374628,0.004256520494832034,0.001045422303671623,-0.0001404651310782189,0.0008169103406780707,0.00512875033490227,-0.03272488586744834,0.004396985625773428,-0.0008169103406780731,-0.00512875033490227,0.001045422303438822,-0.0001404651329005841
3,3981071.705534901,0.0,0.0,0.0,104.3945473238145,-14.57543051454299,104.3945479065097,-14.57542634106671,1.0,0.0,0.0,0.0,0.03163471131024682,-0.004416797125619087,-0.03354294274189815,-0.0007602329527020406,-0.03163471131024682,0.004416797125619087,0.00104394547892792,-0.0001457542651660494,0.0008642859527299648,0.005322784342761296,-0.03267865678916818,0.004562551390059256,-0.0008642859527299707,-0.005322784342761297,0.001043945479065097,-0.0001457542634106671
3,4136820.402388433,0.0,0.0,0.0,104.2355512867009,-15.1225876395915,104.2355518685086,-15.12258362936101,1.0,0.0,0.0,0.0,0.03158653069293966,-0.004582602315027728,-0.03354417710889865,-0.0007897959341228701,-0.03158653069293966,0.004582602315027728,0.001042355518779338,-0.0001512258372250515,0.0009152908973294339,0.005523624085826995,-0.03262888621156921,0.004733828151704125,-0.0009152908973294321,-0.005523624085826995,0.001042355518685086,-0.0001512258362936101
3,4298662.3470822,0.0,0.0,0.0,104.0644142259708,-15.68841803424579,104.0644148068233,-15.68841418133419,1.0,0.0,0.0,0.0,0.03153467097756691,-0.004754066070983573,-0.03354550573283331,-0.0008204942715480292,-0.03153467097756691,0.004754066070983573,0.001040644148984366,-0.0001568841369652589,0.0009701906067075455,0.005731444481090536,-0.03257531512612576,0.004910950209542506,-0.0009701906067075411,-0.005731444481090536,0.001040644148068233,-0.0001568841418133419
3,4466835.921509551,0.0,0.0,0.0,103.8802545615445,-16.27333557210519,103.8802551413691,-16.27333187081497,1.0,0.0,0.0,0.0,0.03147886501864986,-0.004931313809728845,-0.03354693545785318,-0.0008523699242482976,-0.03147886501864986,0.004931313809728845,0.001038802551898228,-0.0001627333199745819,0.00102926788843141,0.005946417056782024,-0.03251766756942177,0.005094047132533727,-0.001029267888431412,-0.005946417056782024,0.001038802551413691,-0.0001627333187081497
3,4641588.833612694,0.0,0.0,0.0,103.6821340001567,-16.87773519785932,103.6821345788755,-16.87773164271369,1.0,0.0,0.0,0.0,0.03141882848489597,-0.00511446521147252,-0.03354847356840956,-0.0008854662204253744,-0.03141882848489597,0.00511446521147252,0.001036821345149871,-0.0001687773179678125,0.001092823738212746,0.006168708751322341,-0.03245564983019681,0.005283242530896967,-0.001092823738212748,-0.006168708751322341,0.001036821345788755,-0.000168777316427137
3,4823178.482239218,0.0,0.0,0.0,103.4690551354162,-17.50198839984225,103.4690557129456,-17.5019849855768,1.0,0.0,0.0,0.0,0.03135425913194431,-0.005303632848437047,-0.03355012780787461,-0.000919827881290538,-0.03135425913194431,0.005303632848437047,0.00103469055783366,-0.0001750198441499278,0.001161178118070067,0.006398480575263154,-0.03238894968980455,0.005478652693972616,-0.001161178118070066,-0.006398480575263154,0.001034690557129457,-0.000175019849855768
3,5011872.336272631,0.0,0.0,0.0,103.2399590909244,-18.14643839889481,103.239959667175,-18.14643512044938,1.0,0.0,0.0,0.0,0.0312848360881589,-0.00549892072693782,-0.03355190639684077,-0.0009555010453518273,-0.0312848360881589,0.00549892072693782,0.001032399597572869,-0.0001814643477035156,0.001234670711118401,0.0066358861184209,-0.03231723568572237,0.005680385073069074,-0.001234670711118407,-0.006635886118420901,0.00103239959667175,-0.0001814643512044938
3,5207948.328595368,0.0,0.0,0.0,102.9937232958404,-18.81139485726264,102.9937238707167,-18.81139170977361,1.0,0.0,0.0,0.0,0.03121021918055771,-0.005700422684018983,-0.03355381805039546,-0.000992533291402271,-0.03121021918055771,0.005700422684018983,0.001029937238763509,-0.0001881139213284472,0.001313661631312154,0.006881069893513091,-0.0322401564190833,0.005888536602110819,-0.001313661631312156,-0.006881069893513091,0.001029937238707167,-0.0001881139170977361
3,5411695.265464537,0.0,0.0,0.0,102.7291594841797,-19.49712797029758,102.7291600575793,-19.49712494909021,1.0,0.0,0.0,0.0,0.03113004832853932,-0.005908220597059872,-0.03355587199365387,-0.001030973659188716,-0.03113004832853932,0.005908220597059872,0.001027291600279307,-0.0001949712513794949,0.001398532065020201,0.007134165508276207,-0.03215733992863366,0.006103191849087491,-0.001398532065020199,-0.007134165508276207,0.001027291600575793,-0.0001949712494909021
3,5623413.251903387,0.0,0.0,0.0,102.4450119798672,-20.20386192950728,102.4450125516807,-20.20385903008847,1.0,0.0,0.0,0.0,0.03104394302420217,-0.006122382402880995,-0.03355807797506829,-0.001070872667777879,-0.03104394302420217,0.006122382402880995,0.001024450126514411,-0.0002020385894839996,0.001489684824567886,0.007395293656997494,-0.0320683931505004,0.006324420989219613,-0.001489684824567891,-0.007395293656997493,0.001024450125516807,-0.0002020385903008848
3,5843414.133735067,0.0,0.0,0.0,102.1399563161792,-20.93176779835623,102.13995688629,-20.93176501640741,1.0,0.0,0.0,0.0,0.03095150191399368,-0.006342959938895829,-0.03356044627714148,-0.00111228233207432,-0.03095150191399368,0.006342959938895829,0.001021399570234628,-0.0002093176479969806,0.001587544794460119,0.007664559921989216,-0.03197290148268137,0.006552277589914896,-0.001587544794460119,-0.007664559921989216,0.0010213995688629,-0.0002093176501640742
3,6072021.956909773,0.0,0.0,0.0,101.8125981823252,-21.68095597411261,101.8125987506089,-21.68095330548287,1.0,0.0,0.0,0.0,0.0308523024794925,-0.006569986658822002,-0.03356298772462064,-0.00115525617903582,-0.0308523024794925,0.006569986658822002,0.001018125987266959,-0.0002168095340407595,0.001692559257875877,0.007942052372104614,-0.03187042846674476,0.006786796193068795,-0.001692559257875877,-0.007942052372104614,0.001018125987506089,-0.0002168095330548287
3,6309573.444801815,0.0,0.0,0.0,101.4614730033923,-22.4514676983489,101.4614735697161,-22.45146513904831,1.0,0.0,0.0,0.0,0.03074590091011888,-0.006803475060105727,-0.03356571368774515,-0.0011998492592753,-0.03074590091011888,0.006803475060105727,0.001014614734986396,-0.0002245146506753565,0.001805198041096036,0.008227838967006776,-0.03176051564664911,0.007027989707731477,-0.001805198041096037,-0.008227838967006776,0.001014614735697161,-0.0002245146513904831
3,6556418.494179667,0.0,0.0,0.0,101.0850460753338,-23.24326606235118,101.0850466395566,-23.24326360854429,1.0,0.0,0.0,0.0,0.03063183214404055,-0.007043413958288234,-0.03356863608119734,-0.001246118157843334,-0.03063183214404055,0.007043413958288234,0.001010850466463147,-0.0002324326392205506,0.001925953471135055,0.00852196475384283,-0.03164268261006228,0.007275846595999497,-0.001925953471135056,-0.00852196475384283,0.001010850466395566,-0.0002324326360854429
3,6812920.690579485,0.0,0.0,0.0,100.6817133468424,-24.05622651375492,100.6817139088139,-24.05622416175448,1.0,0.0,0.0,0.0,0.03050961010510376,-0.007289765610228764,-0.03357176735804816,-0.001294121004364287,-0.03050961010510376,0.007289765610228764,0.001006817139881241,-0.000240562242194626,0.002055340113484402,0.008824448854654296,-0.03151642724456376,0.007530327850290008,-0.002055340113484398,-0.008824448854654296,0.001006817139088139,-0.0002405622416175448
3,7079457.843841247,0.0,0.0,0.0,100.2498031971202,-24.89012640858417,100.2498037566808,-24.89012415484494,1.0,0.0,0.0,0.0,0.03037872824155156,-0.007542462548055808,-0.03357512049593565,-0.001343917478880518,-0.03037872824155156,0.007542462548055808,0.001002498037609542,-0.0002489012363478048,0.00219389421616599,0.009135281265861583,-0.03138122627976966,0.007791363786981066,-0.00219389421616599,-0.009135281265861585,0.001002498037566808,-0.0002489012415484495
3,7356422.544596274,0.0,0.0,0.0,99.78757905321505,-25.74463425255158,99.78757961019576,-25.74463209366438,1.0,0.0,0.0,0.0,0.03023866031915608,-0.007801404318955025,-0.03357870897675711,-0.001395568818830728,-0.03023866031915608,0.007801404318955025,0.000997875795139188,-0.0002574463200787129,0.002342172861511155,0.009454419458769228,-0.03123653611524596,0.008058850639938497,-0.002342172861511154,-0.009454419458769226,0.0009978757961019576,-0.0002574463209366438
3,7644222.742525859,0.0,0.0,0.0,99.29324317132316,-26.61929828529336,99.29324372554466,-26.61929621797912,1.0,0.0,0.0,0.0,0.03008886156706762,-0.008066454025846471,-0.03358254675731421,-0.001449137824415526,-0.03008886156706762,0.008066454025846471,0.0009929324364273972,-0.0002661929637677133,0.002500752752179957,0.009781784809415963,-0.03108179400513425,0.00833264698500044,-0.002500752752179959,-0.009781784809415967,0.0009929324372554467,-0.0002661929621797912
3,7943282.347242665,0.0,0.0,0.0,98.76494173569913,-27.51353449868046,98.76494228697182,-27.51353251978457,1.0,0.0,0.0,0.0,0.02992877022293913,-0.008337434696569836,-0.03358664822971733,-0.001504688863204091,-0.02992877022293913,0.008337434696569836,0.0009876494232073602,-0.0002751353212037623,0.002670228582917144,0.0101172588814132,-0.03091641964680018,0.008612570018209108,-0.002670228582917145,-0.0101172588814132,0.0009876494228697181,-0.0002751353251978457
3,8254041.852680027,0.0,0.0,0.0,98.20077130347133,-28.42661441132353,98.20077185159501,-28.4266125178102,1.0,0.0,0.0,0.0,0.0297578094859004,-0.008614125579188947,-0.03359102817135952,-0.001562287876741811,-0.0297578094859004,0.008614125579188947,0.0009820077206869095,-0.0002842661186287016,0.002851210967028562,0.01046067958140386,-0.03073981720433095,0.008898391704662055,-0.002851210967028561,-0.01046067958140386,0.00098200771851595,-0.000284266125178102
3,8576958.985908778,0.0,0.0,0.0,97.59878684536507,-29.35765254351071,97.59878739012869,-29.35765073245746,1.0,0.0,0.0,0.0,0.02957538995314093,-0.008896258346518398,-0.03359570168249818,-0.001622002388787556,-0.02957538995314093,0.008896258346518398,0.0009759878747160141,-0.0002935765083865792,0.003044323852669929,0.01081183723336845,-0.03055137782982825,0.009189834844580894,-0.003044323852669929,-0.01081183723336845,0.000975987873901287,-0.0002935765073245746
3,8912509.381337285,0.0,0.0,0.0,96.95701166375075,-30.30559357708866,96.95701220493218,-30.30559184568091,1.0,0.0,0.0,0.0,0.02938091262537901,-0.009183513205178382,-0.03360068410923007,-0.001683901515123822,-0.02938091262537901,0.009183513205178382,0.0009695701252878273,-0.0003030559107161074,0.003250201360243074,0.01117047063377238,-0.03035048274898699,0.009486569118648555,-0.003250201360243073,-0.01117047063377238,0.0009695701220493219,-0.0003030559184568091
3,9261187.281287758,0.0,0.0,0.0,96.27344894724536,-31.26919999564621,96.27344948461139,-31.26919834117202,1.0,0.0,0.0,0.0,0.02917377240825617,-0.009475515150195823,-0.03360599095382343,-0.001748055981595042,-0.02917377240825617,0.009475515150195823,0.000962734495739744,-0.0003126919834164955,0.003469484049265762,0.01153626311072167,-0.03013650690455766,0.00978820712912663,-0.003469484049265763,-0.01153626311072167,0.000962734494846114,-0.0003126919834117202
3,9623506.263980702,0.0,0.0,0.0,95.54609565465181,-32.24703958745935,95.54609618795801,-32.24703800730416,1.0,0.0,0.0,0.0,0.02895336231959146,-0.009771830178017986,-0.033611637766897,-0.001814538145303336,-0.02895336231959146,0.009771830178017986,0.0009554609593498638,-0.0003224703874924503,0.003702814488434935,0.01190883871230976,-0.02990882327846206,0.01009430056700643,-0.003702814488434937,-0.01190883871230976,0.0009554609618795802,-0.0003224703800730416
3,10000000.0,0.0,0.0,0.0,94.77295828837228,-33.23747391657673,94.77295881736309,-33.23747240821824,1.0,0.0,0.0,0.0,0.02871907826920372,-0.01007196179290204,-0.03361764002499718,-0.001883422028164063,-0.02871907826920372,0.01007196179290204,0.0009477295883485949,-0.0003323747286701414,0.003950832170781279,0.0122877585541628,-0.0296668078542159,0.01040433652599873,-0.003950832170781279,-0.0122877585541628,0.000947729588173631,-0.0003323747240821824
