case,frequency_real,frequency_imag,v(d1)_real,v(d1)_imag,v(fb)_real,v(fb)_imag,v(tail)_real,v(tail)_imag,v(vn)_real,v(vn)_imag,v(d2)_real,v(d2)_imag,v(in)_real,v(in)_imag,v(out)_real,v(out)_imag,v(vp)_real,v(vp)_imag,i(vp)_real,i(vp)_imag,i(vin)_real,i(vin)_imag,id(j2)_real,id(j2)_imag,i(it)_real,i(it)_imag,i(rd2)_real,i(rd2)_imag,i(rf)_real,i(rf)_imag,i(cf)_real,i(cf)_imag,i(vn)_real,i(vn)_imag,id(j1)_real,id(j1)_imag,i(rd1)_real,i(rd1)_imag,i(rg)_real,i(rg)_imag
1,10.0,0.0,-1.004895372208176e-06,1.167389182050145e-05,0.9999995937215048,-5.427116765200066e-06,0.998089872680573,-2.683994984781987e-06,0.0,0.0,1.009188903111635e-06,1.368775321749929e-05,1.0,0.0,1.999999188446585,-1.079699562288911e-05,0.0,0.0,-0.000499989723680469,9.082535010383152e-09,-1.002006230236881e-12,-5.723814397187091e-11,-5.045954608935794e-10,-6.843890296502858e-09,0.0,0.0,-5.045944515558176e-10,-6.843876608749645e-09,0.0009999995947250803,-5.369878857689045e-09,1.411887498235978e-13,1.256637182916252e-08,-0.0004999897303175627,-3.598287547076332e-09,5.025898793915176e-10,6.729414245019967e-09,5.024476861040878e-10,-5.836945910250725e-09,0.0009999995937215048,-5.427116765200065e-09
1,10.39122303835169,0.0,-1.00488439695749e-06,1.213060136311351e-05,0.9999995937168453,-5.639438076182787e-06,0.9980898726782697,-2.788999052041818e-06,0.0,0.0,1.009200735424542e-06,1.42232496575571e-05,1.0,0.0,1.9999991884374,-1.121939896604751e-05,0.0,0.0,-0.0004999897236724338,9.437864704559032e-09,-1.002013816688356e-12,-5.947743203115829e-11,-5.046013767275371e-10,-7.111639052028207e-09,0.0,0.0,-5.046003677122712e-10,-7.11162482877855e-09,0.0009999995947205544,-5.579960889864726e-09,1.524521052580826e-13,1.30579972458371e-08,-0.000499989730320935,-3.739060845739935e-09,5.025956549407256e-10,6.992684433678982e-09,5.02442198478745e-10,-6.065300681556756e-09,0.0009999995937168453,-5.639438076182787e-09
1,10.7977516232771,0.0,-1.004872543924907e-06,1.260517843520032e-05,0.9999995937118137,-5.860065885997811e-06,0.9980898726757826,-2.898111120321634e-06,0.0,0.0,1.009213512759288e-06,1.477969595202864e-05,1.0,0.0,1.999999188427479,-1.165832770112483e-05,0.0,0.0,-0.0004999897236637602,9.807095714980514e-09,-1.002022008350226e-12,-6.180432619825817e-11,-5.046077658868938e-10,-7.38986275571027e-09,0.0,0.0,-5.046067563796442e-10,-7.38984797601432e-09,0.0009999995947156657,-5.798261815127024e-09,1.64613996700452e-13,1.356885618141982e-08,-0.000499989730324571,-3.88534152016119e-09,5.026018909404318e-10,7.266254358641229e-09,5.024362719624534e-10,-6.302589217600162e-09,0.0009999995937118138,-5.86006588599781e-09
1,11.22018454301963,0.0,-1.004859751343529e-06,1.309832205567697e-05,0.9999995937063807,-6.089325164015468e-06,0.9980898726730965,-3.011491904085098e-06,0.0,0.0,1.009227305281968e-06,1.535791170748159e-05,1.0,0.0,1.999999188416768,-1.211442833952317e-05,0.0,0.0,-0.0004999897236544204,1.01907718931647e-08,-1.002030853503259e-12,-6.422225382593678e-11,-5.046146626874954e-10,-7.678971211652496e-09,0.0,0.0,-5.046136526409839e-10,-7.678955853740794e-09,0.0009999995947103878,-6.025103175507702e-09,1.77746105006551e-13,1.409970109547934e-08,-0.0004999897303285261,-4.037345031566409e-09,5.026086263278939e-10,7.550526969318793e-09,5.024298756717647e-10,-6.549161027838484e-09,0.0009999995937063806,-6.089325164015468e-09
1,11.65914401179831,0.0,-1.00484593134644e-06,1.36107585906885e-05,0.999999593700515,-6.327553593156406e-06,0.9980898726701971,-3.129308405315896e-06,0.0,0.0,1.009242202698601e-06,1.595874859538042e-05,1.0,0.0,1.999999188405205,-1.258837268565986e-05,0.0,0.0,-0.0004999897236442757,1.058945836735124e-08,-1.002040404279801e-12,-6.673477635289459e-11,-5.046221105778969e-10,-7.979390256438803e-09,0.0,0.0,-5.046211013493007e-10,-7.979374297690209e-09,0.0009999995947046901,-6.260819092503452e-09,1.919258293841267e-13,1.46513138855358e-08,-0.000499989730332745,-4.195295270523242e-09,5.026158962354973e-10,7.845920979432952e-09,5.024229656732202e-10,-6.805379295344252e-09,0.000999999593700515,-6.327553593156406e-09
1,12.11527658628588,0.0,-1.004831012043e-06,1.414324282349686e-05,0.9999995936941802,-6.575102067274998e-06,0.9980898726670658,-3.251734159500008e-06,0.0,0.0,1.009258288497961e-06,1.658309160653923e-05,1.0,0.0,1.999999188392716,-1.308085882648858e-05,0.0,0.0,-0.0004999897236333539,1.100374237489975e-08,-1.002050716971097e-12,-6.934559454952059e-11,-5.046301541696295e-10,-8.291562386361216e-09,0.0,0.0,-5.046291442489803e-10,-8.291545803269613e-09,0.0009999995946985358,-6.505756759213577e-09,2.07236743575281e-13,1.522450703874152e-08,-0.0004999897303373246,-4.359424886712625e-09,5.026237476634063e-10,8.152871483750272e-09,5.024155060215001e-10,-7.071621411748433e-09,0.0009999995936941803,-6.575102067274998e-09
1,12.58925411794167,0.0,-1.004814902208397e-06,1.469655906622373e-05,0.9999995936873409,-6.83233520800148e-06,0.9980898726636848,-3.378949491231365e-06,0.0,0.0,1.009275655938779e-06,1.723186035465127e-05,1.0,0.0,1.999999188379233,-1.359261215973267e-05,0.0,0.0,-0.0004999897236215856,1.143423412724753e-08,-1.002061852359013e-12,-7.205855396886615e-11,-5.046388372483674e-10,-8.615947409185989e-09,0.0,0.0,-5.046378279693898e-10,-8.615930177325633e-09,0.0009999995946918918,-6.760276951731189e-09,2.237690884309482e-13,1.582012482861775e-08,-0.0004999897303422929,-4.529975631607074e-09,5.026322254501569e-10,8.47183059894683e-09,5.024074511041983e-10,-7.348279533111866e-09,0.000999999593687341,-6.832335208001481e-09
1,13.08177474260194,0.0,-1.004797508251294e-06,1.527152231508761e-05,0.9999995936799555,-7.099631901804134e-06,0.998089872660034,-3.511141779817373e-06,0.0,0.0,1.00929441071429e-06,1.790601043081577e-05,1.0,0.0,1.999999188364673,-1.412438646234532e-05,0.0,0.0,-0.0004999897236088319,1.188156770870875e-08,-1.002073876074309e-12,-7.487765061087715e-11,-5.046482144257128e-10,-8.953023121418312e-09,0.0,0.0,-5.046472053571449e-10,-8.953005215407884e-09,0.0009999995946847172,-7.024754560541181e-09,2.416203037805837e-13,1.64390445586106e-08,-0.0004999897303476081,-4.707198714554341e-09,5.02641379415686e-10,8.80326812954448e-09,5.023987541256469e-10,-7.635761157543807e-09,0.0009999995936799556,-7.099631901804135e-09
1,13.59356390878525,0.0,-1.004778725289961e-06,1.58689794508363e-05,0.9999995936719817,-7.37738585806263e-06,0.9980898726560923,-3.648505735275563e-06,0.0,0.0,1.009314657629545e-06,1.860653481105686e-05,1.0,0.0,1.999999188348953,-1.467696500077039e-05,0.0,0.0,-0.000499989723595079,1.234640201043666e-08,-1.002086858983442e-12,-7.780703680822311e-11,-5.046583384235375e-10,-9.30328601206324e-09,0.0,0.0,-5.046573288147727e-10,-9.303267405528428e-09,0.000999999594676971,-7.299579142707761e-09,2.608956027318416e-13,1.708217785429775e-08,-0.0004999897303533535,-4.891355172789458e-09,5.026512630221721e-10,9.147672259900145e-09,5.023893626449804e-10,-7.934489725418152e-09,0.0009999995936719817,-7.377385858062631e-09
1,14.12537544622754,0.0,-1.004758444958722e-06,1.648981048614317e-05,0.9999995936633704,-7.66600618897444e-06,0.9980898726518356,-3.791243685127848e-06,0.0,0.0,1.00933652369406e-06,1.933446531890801e-05,1.0,0.0,1.999999188331976,-1.525116168463923e-05,0.0,0.0,-0.0004999897235802298,1.282942170092443e-08,-1.002100877606259e-12,-8.085102734239377e-11,-5.046692719112681e-10,-9.667251993919318e-09,0.0,0.0,-5.0466826184703e-10,-9.667232659454005e-09,0.0009999995946686057,-7.585155495664794e-09,2.817085917851036e-13,1.775047200614933e-08,-0.0004999897303595985,-5.082716255926183e-09,5.026619363869317e-10,9.505550273267268e-09,5.023792224793609e-10,-8.244905243071584e-09,0.0009999995936633705,-7.666006188974441e-09
1,14.67799267622069,0.0,-1.0047365452942e-06,1.713492986180416e-05,0.9999995936540742,-7.965918012148514e-06,0.9980898726472403,-3.939565872414823e-06,0.0,0.0,1.009360131476456e-06,2.009087414521585e-05,1.0,0.0,1.999999188313649,-1.584782226560264e-05,0.0,0.0,-0.0004999897235642148,1.333133823447281e-08,-1.002116014566983e-12,-8.401410579906995e-11,-5.046810751536048e-10,-1.004545716348207e-08,0.0,0.0,-5.046800657382278e-10,-1.004543707260792e-08,0.0009999995946595745,-7.881904253454127e-09,3.041819404177414e-13,1.844491136482057e-08,-0.0004999897303663153,-5.281563825487404e-09,5.026734588183646e-10,9.877429298988614e-09,5.023682726470998e-10,-8.56746493090208e-09,0.0009999995936540741,-7.965918012148514e-09
1,15.25222956539018,0.0,-1.004712899992348e-06,1.780528779364558e-05,0.9999995936440347,-8.27756307677387e-06,0.9980898726422774,-4.093690765369091e-06,0.0,0.0,1.009385624861636e-06,2.087687542740269e-05,1.0,0.0,1.999999188293857,-1.64678255830641e-05,0.0,0.0,-0.0004999897235468953,1.385289089911455e-08,-1.002132359081208e-12,-8.730093117213448e-11,-5.046938219753982e-10,-1.043845859057677e-08,0.0,0.0,-5.046928124308181e-10,-1.043843771370135e-08,0.000999999594649822,-8.190262506290229e-09,3.28448104084579e-13,1.916651879103157e-08,-0.0004999897303735873,-5.488190770068281e-09,5.026859026810367e-10,1.026385708892099e-08,5.023564499961739e-10,-8.90264389682279e-09,0.0009999995936440347,-8.27756307677387e-09
1,15.84893192461113,0.0,-1.00468736883111e-06,1.850187167212518e-05,0.9999995936331946,-8.60140041428525e-06,0.9980898726369188,-4.25384537920371e-06,0.0,0.0,1.00941315128722e-06,2.169362689051283e-05,1.0,0.0,1.999999188272485,-1.711208485864871e-05,0.0,0.0,-0.0004999897235282297,1.439484790553197e-08,-1.002150007481707e-12,-9.071634472604267e-11,-5.047075851588012e-10,-1.08468351388833e-08,0.0,0.0,-5.047065756436097e-10,-1.084681344525641e-08,0.0009999995946392908,-8.510684444363458e-09,3.546501048958236e-13,1.991635716216972e-08,-0.0004999897303814421,-5.70290143674061e-09,5.026993389664733e-10,1.066540282423546e-08,5.023436844155549e-10,-9.250935836062592e-09,0.0009999995936331946,-8.60140041428525e-09
1,16.46897865482867,0.0,-1.004659800330375e-06,1.922570751668975e-05,0.99999959362149,-8.93790701448437e-06,0.9980898726311328,-4.420265610489728e-06,0.0,0.0,1.0094428715135e-06,2.25423315524608e-05,1.0,0.0,1.999999188249411,-1.778154904131491e-05,0.0,0.0,-0.0004999897235079959,1.495800751857929e-08,-1.002169063786218e-12,-9.426537712666833e-11,-5.047224455522617e-10,-1.127118831856195e-08,0.0,0.0,-5.047214357567498e-10,-1.12711657762304e-08,0.0009999995946279206,-8.84364202683054e-09,3.829423745737138e-13,2.069553093783382e-08,-0.0004999897303898521,-5.926012079333993e-09,5.027138470162506e-10,1.108265795378144e-08,5.023299001651877e-10,-9.612853758344873e-09,0.00099999959362149,-8.937907014484371e-09
1,17.11328304161779,0.0,-1.004630031534476e-06,1.997786148702964e-05,0.9999995936088516,-9.287578528112612e-06,0.9980898726248854,-4.593196584615384e-06,0.0,0.0,1.009474964952517e-06,2.34242394959928e-05,1.0,0.0,1.999999188224494,-1.847720420509004e-05,0.0,0.0,-0.0004999897234862216,1.554319923307054e-08,-1.002189640310513e-12,-9.795325585112339e-11,-5.047384923331024e-10,-1.171214317223589e-08,0.0,0.0,-5.047374824762585e-10,-1.17121197479964e-08,0.0009999995946156426,-9.18962567697743e-09,4.13491664656165e-13,2.15051877866259e-08,-0.0004999897303990114,-6.157851324256742e-09,5.027295120190131e-10,1.151623706524958e-08,5.023150157672382e-10,-9.988930743514823e-09,0.0009999995936088516,-9.287578528112611e-09
1,17.78279410038921,0.0,-1.004597888452943e-06,2.075944145345802e-05,0.9999995935952047,-9.650929996909885e-06,0.9980898726181393,-4.772893016838645e-06,0.0,0.0,1.009509619009918e-06,2.434064970997109e-05,1.0,0.0,1.99999918819759,-1.920007500148844e-05,0.0,0.0,-0.000499989723462671,1.615128499556636e-08,-1.002211858330372e-12,-1.017854128874669e-10,-5.047558191730028e-10,-1.217034919563525e-08,0.0,0.0,-5.047548095049592e-10,-1.217032485498555e-08,0.0009999995946023855,-9.549145004578554e-09,4.464780293120617e-13,2.23465202765869e-08,-0.0004999897304088646,-6.39876065453921e-09,5.027464272237711e-10,1.196677879041645e-08,5.022989442264713e-10,-1.037972072672901e-08,0.0009999995935952048,-9.650929996909886e-09
1,18.47849797422289,0.0,-1.004563181812112e-06,2.157159862872586e-05,0.9999995935804695,-1.002849661223513e-05,0.9980898726108554,-4.959619587464994e-06,0.0,0.0,1.009547037078562e-06,2.529291200269385e-05,1.0,0.0,1.99999918816854,-1.995122616875146e-05,0.0,0.0,-0.0004999897234372608,1.678316047396353e-08,-1.002235848796369e-12,-1.057674927356438e-10,-5.047745281063989e-10,-1.264648129425893e-08,0.0,0.0,-5.04773518539281e-10,-1.264645600134692e-08,0.0009999995945880705,-9.922729556516335e-09,4.82095886560792e-13,2.322076763176605e-08,-0.0004999897304195089,-6.649094912812962e-09,5.027646911768787e-10,1.243494674580449e-08,5.022815909060558e-10,-1.078579931436293e-08,0.0009999995935804696,-1.002849661223513e-08
1,19.201419386388,0.0,-1.00452570431503e-06,2.241552926367823e-05,0.9999995935645593,-1.042083450336584e-05,0.9980898726029906,-5.153651331703048e-06,0.0,0.0,1.009587440314874e-06,2.628242899006861e-05,1.0,0.0,1.999999188137174,-2.073176410013273e-05,0.0,0.0,-0.0004999897234098521,1.743975637674802e-08,-1.002261753105681e-12,-1.099053607214398e-10,-5.047947292407976e-10,-1.314124077746329e-08,0.0,0.0,-5.047937201574371e-10,-1.31412144950343e-08,0.0009999995945726146,-1.031092959676689e-08,5.20555164150751e-13,2.41292175575113e-08,-0.0004999897304310413,-6.909222823972565e-09,5.027844113464881e-10,1.292143051014291e-08,5.022628521575151e-10,-1.120776463183911e-08,0.0009999995935645594,-1.042083450336584e-08
1,19.95262314968878,0.0,-1.004485239158234e-06,2.329247640924814e-05,0.9999995935473791,-1.082852155663755e-05,0.9980898725944979,-5.355274044772152e-06,0.0,0.0,1.009631064086136e-06,2.731065816156726e-05,1.0,0.0,1.999999188103304,-2.154283847353778e-05,0.0,0.0,-0.0004999897233802092,1.812203982386563e-08,-1.002289723935473e-12,-1.142051116356976e-10,-5.048165418926478e-10,-1.365535639144179e-08,0.0,0.0,-5.04815532043068e-10,-1.365532908078363e-08,0.000999999594555925,-1.071431691690023e-08,5.62082536850478e-13,2.507320813716924e-08,-0.0004999897304434342,-7.179527538278076e-09,5.028057063002713e-10,1.342694664006877e-08,5.022426195791171e-10,-1.164623820462407e-08,0.0009999995935473791,-1.082852155663755e-08
1,20.73321573485953,0.0,-1.004441546031525e-06,2.420373174738336e-05,0.999999593528828,-1.125215826663004e-05,0.9980898725853276,-5.564784702858795e-06,0.0,0.0,1.00967817129316e-06,2.837911402700622e-05,1.0,0.0,1.999999188066731,-2.238564394491943e-05,0.0,0.0,-0.0004999897233482209,1.883101577122254e-08,-1.002319926142748e-12,-1.186730787115165e-10,-5.048400956579905e-10,-1.418958539261713e-08,0.0,0.0,-5.048390856465801e-10,-1.418955701350311e-08,0.0009999995945379034,-1.113348567828939e-08,6.069227624448964e-13,2.605412980298838e-08,-0.000499989730456854,-7.460407195710545e-09,5.028287002081761e-10,1.395223972556496e-08,5.022207730157624e-10,-1.210186587369168e-08,0.000999999593528828,-1.125215826663004e-08
1,21.54434690031881,0.0,-1.004394368096564e-06,2.515063749360397e-05,0.9999995935087979,-1.16923686206539e-05,0.9980898725754258,-5.782491900541763e-06,0.0,0.0,1.009729034606721e-06,2.948937034731363e-05,1.0,0.0,1.999999188027243,-2.326142190792247e-05,0.0,0.0,-0.0004999897233136791,1.956772849091173e-08,-1.002352537736007e-12,-1.233158429526642e-10,-5.048655263246776e-10,-1.474471466302716e-08,0.0,0.0,-5.048645173033606e-10,-1.474468517365681e-08,0.0009999995945184452,-1.156905328726857e-08,6.553401243108733e-13,2.707342738412865e-08,-0.0004999897304713424,-7.752275512404687e-09,5.028535280787841e-10,1.449808348668916e-08,5.021971840482819e-10,-1.257531874680199e-08,0.0009999995935087978,-1.16923686206539e-08
1,22.38721138568337,0.0,-1.004343422613861e-06,2.61345883739917e-05,0.9999995934871694,-1.21498010178401e-05,0.9980898725647346,-6.008716305330344e-06,0.0,0.0,1.009783956007482e-06,3.064306245256884e-05,1.0,0.0,1.999999187984603,-2.417146232236956e-05,0.0,0.0,-0.0004999897232763617,2.033326310935841e-08,-1.002387750924403e-12,-1.281402428269347e-10,-5.048929880247533e-10,-1.532156186934687e-08,0.0,0.0,-5.048919780037409e-10,-1.532153122628442e-08,0.0009999995944974336,-1.202166130452946e-08,7.076199890744668e-13,2.813260223479352e-08,-0.0004999897304869549,-8.055562390020902e-09,5.028803355280702e-10,1.506528191320931e-08,5.021717113069304e-10,-1.306729418699585e-08,0.0009999995934871695,-1.21498010178401e-08
1,23.26305067153623,0.0,-1.004288416045298e-06,2.715703367952399e-05,0.9999995934638151,-1.262512922418674e-05,0.9980898725531899,-6.2437911299852e-06,0.0,0.0,1.009843260568744e-06,3.184188965072977e-05,1.0,0.0,1.999999187938561,-2.511710561428209e-05,0.0,0.0,-0.0004999897232360745,2.112874720562941e-08,-1.002425773250617e-12,-1.331533843387371e-10,-5.049226402070877e-10,-1.592097666725453e-08,0.0,0.0,-5.049216302843717e-10,-1.592094482536488e-08,0.000999999594474746,-1.249197639009535e-08,7.64070488530544e-13,2.923321444562008e-08,-0.0004999897305038303,-8.37071454896487e-09,5.029092828697253e-10,1.56546704488244e-08,5.021442080226492e-10,-1.357851683976199e-08,0.000999999593463815,-1.262512922418674e-08
1,24.17315480804101,0.0,-1.004229022316493e-06,2.821947940077832e-05,0.9999995934385982,-1.311905336496903e-05,0.9980898725407243,-6.488062623317398e-06,0.0,0.0,1.009907292903733e-06,3.3087617730594e-05,1.0,0.0,1.999999187888847,-2.609974465023364e-05,0.0,0.0,-0.0004999897231926231,2.195535247228269e-08,-1.00246682881407e-12,-1.383626514957394e-10,-5.04954656565104e-10,-1.654384195291472e-08,0.0,0.0,-5.049536464518667e-10,-1.6543808865297e-08,0.0009999995944502493,-1.298069128526461e-08,8.250243357377959e-13,3.037688514158312e-08,-0.0004999897305220657,-8.698196186371216e-09,5.029405393697312e-10,1.626711722171456e-08,5.021145111582464e-10,-1.410973970038916e-08,0.0009999995934385983,-1.311905336496903e-08
1,25.11886431509577,0.0,-1.004164886377588e-06,2.932349044615041e-05,0.9999995934113698,-1.3632300955975e-05,0.9980898725272647,-6.74189058018871e-06,0.0,0.0,1.009976434929172e-06,3.438208156268267e-05,1.0,0.0,1.999999187835168,-2.712082678894518e-05,0.0,0.0,-0.0004999897231456746,2.281429644118537e-08,-1.002511159591751e-12,-1.43775717184999e-10,-5.04989227747284e-10,-1.719107516342289e-08,0.0,0.0,-5.049882174645859e-10,-1.719104078134133e-08,0.0009999995944237976,-1.348852583297019e-08,8.908407859930223e-13,3.156529886979873e-08,-0.0004999897305417722,-9.03848965983613e-09,5.029742885022008e-10,1.690352432323308e-08,5.020824431887938e-10,-1.466174522307521e-08,0.0009999995934113699,-1.3632300955975e-08
1,26.10157215682533,0.0,-1.00409563792685e-06,3.047069294685545e-05,0.999999593381969,-1.416562797508526e-05,0.998089872512731,-7.005648871464282e-06,0.0,0.0,1.010051092542597e-06,3.572718780187611e-05,1.0,0.0,1.999999187777205,-2.818185601314323e-05,0.0,0.0,-0.0004999897230949929,2.370684427685497e-08,-1.002559026864411e-12,-1.494005544745906e-10,-5.050265566950985e-10,-1.786362962812586e-08,0.0,0.0,-5.050255462712983e-10,-1.786359390093806e-08,0.0009999995943952365,-1.401622803805797e-08,9.61907754242473e-13,3.280020608074465e-08,-0.0004999897305630469,-9.392096197894835e-09,5.030107306649648e-10,1.756482913662397e-08,5.02047818963425e-10,-1.523534647342773e-08,0.0009999995933819689,-1.416562797508526e-08
1,27.12272579332025,0.0,-1.004020864631386e-06,3.166277665210498e-05,0.9999995933502225,-1.471981997577547e-05,0.9980898724970376,-7.279725994698185e-06,0.0,0.0,1.010131707168682e-06,3.712491769578291e-05,1.0,0.0,1.999999187714618,-2.928439514482085e-05,0.0,0.0,-0.0004999897230402311,2.463431063995763e-08,-1.002610712756507e-12,-1.552454483573757e-10,-5.050668636235613e-10,-1.856249597280915e-08,0.0,0.0,-5.050658535843411e-10,-1.856245884789146e-08,0.0009999995943643957,-1.456457516904538e-08,1.038644101409992e-12,3.408342570655083e-08,-0.000499989730585973,-9.75953663829805e-09,5.030500805097246e-10,1.825200571772169e-08,5.020104323156928e-10,-1.583138832605249e-08,0.0009999995933502226,-1.471981997577547e-08
1,28.1838293126445,0.0,-1.003940123850184e-06,3.290149741798937e-05,0.9999995933159435,-1.529569324418172e-05,0.9980898724800927,-7.564525646363196e-06,0.0,0.0,1.010218752206526e-06,3.857733000297919e-05,1.0,0.0,1.999999187647039,-3.043006814716541e-05,0.0,0.0,-0.0004999897229811118,2.559806162371025e-08,-1.002666521899019e-12,-1.613190079542202e-10,-5.051103868792734e-10,-1.92887035788196e-08,0.0,0.0,-5.051093761032632e-10,-1.92886650014896e-08,0.0009999995943310953,-1.513437490298369e-08,1.121502103117381e-12,3.541684784015943e-08,-0.0004999897306107587,-1.014135219516633e-08,5.030925685429443e-10,1.896606622966735e-08,5.019700619250922e-10,-1.645074870899468e-08,0.0009999995933159436,-1.529569324418172e-08
1,29.28644564625232,0.0,-1.003852943963607e-06,3.418867979373068e-05,0.9999995932789304,-1.589409600143273e-05,0.9980898724617961,-7.860467316467347e-06,0.0,0.0,1.010312741023256e-06,4.008656402541554e-05,1.0,0.0,1.99999918757407,-3.16205625165423e-05,0.0,0.0,-0.0004999897229172601,2.659951676604223e-08,-1.002726783224921e-12,-1.676301791946297e-10,-5.051573809736125e-10,-2.004332209927179e-08,0.0,0.0,-5.05156370511628e-10,-2.004328201270777e-08,0.0009999995942951395,-1.572646651510958e-08,1.210970115347302e-12,3.680243651929915e-08,-0.0004999897306374873,-1.053810525616372e-08,5.031384458438243e-10,1.9708062433754e-08,5.019264719818035e-10,-1.709433989686534e-08,0.0009999995932789304,-1.589409600143273e-08
1,30.43219887107717,0.0,-1.003758807265967e-06,3.5526219709116e-05,0.9999995932389645,-1.651590965302015e-05,0.99808987244204,-8.16798690643337e-06,0.0,0.0,1.010414227842205e-06,4.165484275945896e-05,1.0,0.0,1.999999187495278,-3.285763176805896e-05,0.0,0.0,-0.000499989722848343,2.764015114047366e-08,-1.002791851907859e-12,-1.741882579934759e-10,-5.052081243805186e-10,-2.082746303457224e-08,0.0,0.0,-5.052071139211023e-10,-2.082742137972948e-08,0.000999999594256314,-1.634172211503882e-08,1.307575452759888e-12,3.824223261937512e-08,-0.0004999897306663809,-1.095038021085358e-08,5.031879830156742e-10,2.047908723859744e-08,5.018794036329836e-10,-1.7763109854558e-08,0.0009999995932389646,-1.651590965302014e-08
1,31.62277660168374,0.0,-1.003657164993657e-06,3.691608726706879e-05,0.9999995931958098,-1.716205008704716e-05,0.9980898724207072,-8.487537371150916e-06,0.0,0.0,1.010523810407449e-06,4.32844761702109e-05,1.0,0.0,1.999999187410201,-3.414309801836984e-05,0.0,0.0,-0.0004999897227739442,2.872149752879524e-08,-1.002862111455526e-12,-1.810029039432336e-10,-5.052629159298273e-10,-2.164228136958161e-08,0.0,0.0,-5.052619052037244e-10,-2.164223808510545e-08,0.0009999995942143907,-1.698104793132268e-08,1.411887496627497e-12,3.973835685953556e-08,-0.000499989730697592,-1.137878431146304e-08,5.03241473164081e-10,2.12802763099139e-08,5.018285824968283e-10,-1.845804363353439e-08,0.0009999995931958099,-1.716205008704716e-08
1,32.85993247600649,0.0,-1.003547409823828e-06,3.836032964547234e-05,0.9999995931492124,-1.783346902326734e-05,0.998089872397673,-8.819589386147368e-06,0.0,0.0,1.010642137089235e-06,4.497786459392351e-05,1.0,0.0,1.999999187318336,-3.547885466952632e-05,0.0,0.0,-0.0004999897226935779,2.984514867874804e-08,-1.002937975969984e-12,-1.880841545418799e-10,-5.05322079251652e-10,-2.248897727482634e-08,0.0,0.0,-5.053210685446175e-10,-2.248893229696176e-08,0.0009999995941691235,-1.764538564625898e-08,1.524521050705469e-12,4.129301292634193e-08,-0.0004999897307312734,-1.182394856732624e-08,5.032992297844088e-10,2.211280974327612e-08,5.017737049119142e-10,-1.918016482273617e-08,0.0009999995931492124,-1.783346902326734e-08
1,34.14548873833596,0.0,-1.0034289008161e-06,3.986107411251966e-05,0.999999593098898,-1.85311554149012e-05,0.9980898723728012,-9.164632040859873e-06,0.0,0.0,1.010769902443087e-06,4.673750227352709e-05,1.0,0.0,1.999999187219143,-3.686686919782533e-05,0.0,0.0,-0.0004999897226068278,3.101275965003279e-08,-1.003019892588372e-12,-1.954424399774344e-10,-5.053859616955695e-10,-2.336879787426581e-08,0.0,0.0,-5.053849512215436e-10,-2.336875113676354e-08,0.0009999995941202455,-1.833571378292413e-08,1.64613996481802e-12,4.290849071964523e-08,-0.000499989730767661,-1.228652867431098e-08,5.033615938641702e-10,2.297791380231132e-08,5.017144504080499e-10,-1.993053705625983e-08,0.000999999593098898,-1.85311554149012e-08
1,35.48133892335748,0.0,-1.003300937700957e-06,4.142053116002931e-05,0.9999995930445701,-1.925613690529476e-05,0.9980898723459453,-9.523173559029738e-06,0.0,0.0,1.01090785697977e-06,4.856598103247433e-05,1.0,0.0,1.999999187112038,-3.830918605176362e-05,0.0,0.0,-0.000499989722513125,3.222605025208985e-08,-1.003108344118257e-12,-2.030885984908928e-10,-5.054549393230327e-10,-2.428303908221819e-08,0.0,0.0,-5.054539284898851e-10,-2.428299051623716e-08,0.000999999594067468,-1.905304914646886e-08,1.777461047516237e-12,4.458716972544722e-08,-0.0004999897308069073,-1.276720598061984e-08,5.034289331511894e-10,2.387686272490141e-08,5.016504688504786e-10,-2.071026558001465e-08,0.0009999995930445702,-1.925613690529476e-08
1,36.86945064519569,0.0,-1.003162767042429e-06,4.304099775934515e-05,0.9999995929859076,-2.000948134156625e-05,0.9980898723169467,-9.89574204728041e-06,0.0,0.0,1.011056819599787e-06,5.046599409231491e-05,1.0,0.0,1.999999186996388,-3.980792966336728e-05,0.0,0.0,-0.0004999897224119282,3.348680757726553e-08,-1.003203851883259e-12,-2.110338923402007e-10,-5.055294207588289e-10,-2.523304751215155e-08,0.0,0.0,-5.055284097998936e-10,-2.523299704615746e-08,0.0009999995940104805,-1.979844832180104e-08,1.919258290869035e-12,4.633152252071646e-08,-0.0004999897308492901,-1.326668849036115e-08,5.035016448895192e-10,2.481098060004613e-08,5.015813835212144e-10,-2.152049887967257e-08,0.0009999995929859077,-2.000948134156625e-08
1,38.31186849557281,0.0,-1.003013573122737e-06,4.472486074461367e-05,0.9999995929225657,-2.079229834746967e-05,0.998089872285635,-1.028288627298131e-05,0.0,0.0,1.011217662494346e-06,5.244034003962109e-05,1.0,0.0,1.999999186871512,-4.136530757733041e-05,0.0,0.0,-0.00049998972230271,3.479688863306714e-08,-1.003306978795674e-12,-2.1929002438877e-10,-5.056098434107721e-10,-2.622022246015058e-08,0.0,0.0,-5.056088312471729e-10,-2.622017001981055e-08,0.000999999593948946,-2.057300922986074e-08,2.072367432287442e-12,4.814411841532049e-08,-0.0004999897308950868,-1.378571190639442e-08,5.035801566800262e-10,2.578164331815288e-08,5.015067865613683e-10,-2.236243037230684e-08,0.0009999995929225658,-2.079229834746967e-08
1,39.81071705534965,0.0,-1.002852478332781e-06,4.647460032842273e-05,0.9999995928541703,-2.160574095779285e-05,0.9980898722518251,-1.068517647254372e-05,0.0,0.0,1.011391341343426e-06,5.449192694810956e-05,1.0,0.0,1.999999186736673,-4.298361370257386e-05,0.0,0.0,-0.0004999897221848043,3.615822307740943e-08,-1.003418332674217e-12,-2.278691553429831e-10,-5.056966822432701e-10,-2.724601796598171e-08,0.0,0.0,-5.056956706717131e-10,-2.724596347405478e-08,0.000999999593882503,-2.137787274478101e-08,2.237690880269161e-12,5.002762723643859e-08,-0.0004999897309445611,-1.432504071396513e-08,5.036649322927306e-10,2.679028059762687e-08,5.014262391663905e-10,-2.323730016421137e-08,0.0009999995928541704,-2.160574095779285e-08
1,41.36820402388499,0.0,-1.002678528995716e-06,4.829279375498007e-05,0.9999995927803188,-2.245100731669637e-05,0.9980898722153184,-1.110320519133887e-05,0.0,0.0,1.011578874887675e-06,5.662377666202895e-05,1.0,0.0,1.999999186591078,-4.466523169101125e-05,0.0,0.0,-0.0004999897220574478,3.757281606085882e-08,-1.003538569826433e-12,-2.367839216640582e-10,-5.057904490861457e-10,-2.831194495479113e-08,0.0,0.0,-5.057894374438376e-10,-2.831188833101448e-08,0.0009999995938107594,-2.221422437431488e-08,2.416203033095166e-12,5.198482326102938e-08,-0.0004999897309979351,-1.488546930674385e-08,5.037564700481267e-10,2.783837809074558e-08,5.013392644978578e-10,-2.414639687749004e-08,0.0009999995927803189,-2.245100731669637e-08
1,42.98662347082268,0.0,-1.002490703827853e-06,5.018211909621286e-05,0.9999995927005759,-2.332934244249595e-05,0.9980898721758993,-1.15375881564756e-05,0.0,0.0,1.011781367132869e-06,5.883902924712479e-05,1.0,0.0,1.999999186433868,-4.641263844850121e-05,0.0,0.0,-0.0004999897219199329,3.904275118008697e-08,-1.003668398916916e-12,-2.460474541806785e-10,-5.058916956085692e-10,-2.941957346259164e-08,0.0,0.0,-5.058906835664345e-10,-2.94195146235624e-08,0.0009999995937332922,-2.308329600600526e-08,2.60895602182618e-12,5.40185893021458e-08,-0.0004999897310555973,-1.546782315690476e-08,5.038553105429704e-10,2.892747957192028e-08,5.012453519139264e-10,-2.509105954810643e-08,0.000999999592700576,-2.332934244249595e-08
1,44.66835921509622,0.0,-1.002287896968084e-06,5.214535919637861e-05,0.9999995926144714,-2.424204006148639e-05,0.9980898721333353,-1.198896518372302e-05,0.0,0.0,1.012000014455339e-06,6.114094761573416e-05,1.0,0.0,1.999999186264117,-4.822840778315472e-05,0.0,0.0,-0.0004999897217714544,4.057019354685745e-08,-1.003808585144088e-12,-2.556733974297803e-10,-5.060010191788327e-10,-3.05705349488147e-08,0.0,0.0,-5.060000072276694e-10,-3.057047380786708e-08,0.000999999593649646,-2.398636772166832e-08,2.817085911447556e-12,5.613192095511537e-08,-0.0004999897311178392,-1.607296003098902e-08,5.039620364190387e-10,3.005918921156683e-08,5.011439484840419e-10,-2.607267959818931e-08,0.0009999995926144713,-2.424204006148639e-08
1,46.41588833612769,0.0,-1.002068908322687e-06,5.418540577099884e-05,0.9999995925214977,-2.519044451350953e-05,0.998089872087376,-1.245800111991408e-05,0.0,0.0,1.012236104713793e-06,6.353292233282627e-05,1.0,0.0,1.999999186080824,-5.011521419637341e-05,0.0,0.0,-0.0004999897216110966,4.215739297708026e-08,-1.00395995475019e-12,-2.656759297540041e-10,-5.0611906456858e-10,-3.176652469933546e-08,0.0,0.0,-5.061180523568965e-10,-3.176646116641313e-08,0.0009999995935593266,-2.492476968286388e-08,3.041819396711512e-12,5.832793100984096e-08,-0.0004999897311850215,-1.670177125334327e-08,5.04077276004525e-10,3.12351739389358e-08,5.010344541613433e-10,-2.709270288549942e-08,0.0009999995925214977,-2.519044451350953e-08
1,48.23178482239296,0.0,-1.001832452646887e-06,5.630526366615154e-05,0.9999995924211074,-2.6175952732072e-05,0.9980898720377501,-1.29453868222181e-05,0.0,0.0,1.01249102701928e-06,6.601847661006564e-05,1.0,0.0,1.999999185882909,-5.207583682220171e-05,0.0,0.0,-0.0004999897214379989,4.380668730463934e-08,-1.004123399891084e-12,-2.760697841854006e-10,-5.062465261838916e-10,-3.300930432350944e-08,0.0,0.0,-5.0624551350964e-10,-3.300923830503282e-08,0.0009999995934618015,-2.589988409012971e-08,3.284481032141187e-12,6.060985403572116e-08,-0.0004999897312576163,-1.7355183018964e-08,5.042017090764036e-10,3.245716589738175e-08,5.009162263234434e-10,-2.815263183307577e-08,0.0009999995924211073,-2.6175952732072e-08
1,50.11872336272711,0.0,-1.001577132161177e-06,5.850805528439753e-05,0.9999995923127085,-2.720001630192954e-05,0.9980898719841654,-1.345184017572456e-05,0.0,0.0,1.012766285946043e-06,6.860127149525393e-05,1.0,0.0,1.999999185669205,-5.411316352079482e-05,0.0,0.0,-0.0004999897212510512,4.552050582484744e-08,-1.004299883894493e-12,-2.868702701461564e-10,-5.063841558258005e-10,-3.430070434889845e-08,0.0,0.0,-5.063831429730214e-10,-3.430063574762697e-08,0.0009999995933564964,-2.691314721886528e-08,3.546501038809411e-12,6.298105114594206e-08,-0.0004999897313359286,-1.803415775773048e-08,5.04336068629882e-10,3.372696499568801e-08,5.007885660805886e-10,-2.925402764219877e-08,0.0009999995923127085,-2.720001630192954e-08
1,52.07948328595451,0.0,-1.001301444499157e-06,6.079702518385863e-05,0.999999592195662,-2.826414359716912e-05,0.998089871926306,-1.397810715083723e-05,0.0,0.0,1.013063504196055e-06,7.128511126479495e-05,1.0,0.0,1.999999185438453,-5.623019513203332e-05,0.0,0.0,-0.0004999897210492266,4.730137287263818e-08,-1.004490446937773e-12,-2.980932959983018e-10,-5.065327652407084e-10,-3.564262691750874e-08,0.0,0.0,-5.065317520980272e-10,-3.564255563239748e-08,0.0009999995932427912,-2.79660515348642e-08,3.829423733904481e-12,6.544501494815997e-08,-0.0004999897314205692,-1.873969555198175e-08,5.044811466424601e-10,3.504644155920549e-08,5.006507222495784e-10,-3.039851259192931e-08,0.000999999592195662,-2.826414359716912e-08
1,54.11695265464624,0.0,-1.00100376188073e-06,6.317554485722157e-05,0.9999995920692775,-2.936990200293696e-05,0.9980898718638308,-1.452496290203573e-05,0.0,0.0,1.013384435921694e-06,7.407394902712461e-05,1.0,0.0,1.999999185189292,-5.843004989554748e-05,0.0,0.0,-0.0004999897208312482,4.915191154071834e-08,-1.004696212178588e-12,-3.09755392475614e-10,-5.066932313872366e-10,-3.703704858751133e-08,0.0,0.0,-5.066922179608469e-10,-3.70369745135623e-08,0.0009999995931200146,-2.906014789261052e-08,4.134916632765785e-12,6.800537468886491e-08,-0.0004999897315119128,-1.947283560958358e-08,5.046377985928505e-10,3.641753908470927e-08,5.00501880940365e-10,-3.158777242861079e-08,0.0009999995920692774,-2.936990200293696e-08
1,56.23413251903477,0.0,-1.000682333743328e-06,6.564711769770873e-05,0.9999995919328107,-3.05189202240863e-05,0.9980898717963714,-1.509321290962332e-05,0.0,0.0,1.013730966725745e-06,7.697189254536052e-05,1.0,0.0,1.999999184920254,-6.071596804366433e-05,0.0,0.0,-0.0004999897205959364,5.107484754321298e-08,-1.004918392374687e-12,-3.218737370322316e-10,-5.0686649790244e-10,-3.848602324457278e-08,0.0,0.0,-5.068654833628727e-10,-3.848594627268026e-08,0.000999999592987443,-3.019704781957802e-08,4.46478027703582e-12,7.06659015990043e-08,-0.0004999897316105839,-2.023465779459364e-08,5.048069478443747e-10,3.784227710303225e-08,5.003411668716642e-10,-3.282355884885437e-08,0.0009999995919328108,-3.05189202240863e-08
1,58.43414133735162,0.0,-1.000335263797925e-06,6.821538415932671e-05,0.9999995917854579,-3.171289068414396e-05,0.9980898717235306,-1.568369416614223e-05,0.0,0.0,1.014105142971289e-06,7.998321028774491e-05,1.0,0.0,1.999999184629754,-6.309131657403967e-05,0.0,0.0,-0.0004999897203418202,5.307301323043596e-08,-1.005158297031758e-12,-3.344661791438397e-10,-5.070535855872279e-10,-3.999168512708273e-08,0.0,0.0,-5.070525714856444e-10,-3.999160514387246e-08,0.000999999592844296,-3.137842588989572e-08,4.82095884685443e-12,7.343051444873816e-08,-0.0004999897317170959,-2.102628421783182e-08,5.049895907322422e-10,3.932275415369064e-08,5.001676318989627e-10,-3.410769207966336e-08,0.000999999591785458,-3.171289068414396e-08
1,60.7202195690987,0.0,-9.999605039443618e-07,7.0884127118997e-05,0.9999995916263499,-3.29535720181302e-05,0.9980898716448791,-1.629727640920437e-05,0.0,0.0,1.014509169117161e-06,8.311233771479626e-05,1.0,0.0,1.999999184316079,-6.555959420900722e-05,0.0,0.0,-0.0004999897200674425,5.514935176074961e-08,-1.00541734012151e-12,-3.475512665986978e-10,-5.072555991614519e-10,-4.155625196973584e-08,0.0,0.0,-5.072545845585808e-10,-4.155616885739813e-08,0.000999999592689729,-3.260602219087702e-08,5.205551619642547e-12,7.630328531950957e-08,-0.0004999897318320873,-2.184888088967154e-08,5.051868034829633e-10,4.086115087588395e-08,4.999802519721809e-10,-3.544206355949851e-08,0.0009999995916263498,-3.295357201813021e-08
1,63.09573444801917,0.0,-9.995558470685675e-07,7.365727744846446e-05,0.9999995914545491,-3.424279166290337e-05,0.9980898715599532,-1.693486340255299e-05,0.0,0.0,1.014945427257885e-06,8.636388381242758e-05,1.0,0.0,1.999999183977381,-6.8124436548948e-05,0.0,0.0,-0.0004999897197711517,5.730692143562637e-08,-1.005697048415472e-12,-3.611482728172344e-10,-5.074737283701307e-10,-4.318202827009761e-08,0.0,0.0,-5.074727136289426e-10,-4.318194190621379e-08,0.000999999592522832,-3.388164488604464e-08,5.6208253430121e-12,7.92884456019313e-08,-0.0004999897319562657,-2.270365943748028e-08,5.053997486035184e-10,4.245973322042164e-08,4.997779235342838e-10,-3.682863872423223e-08,0.000999999591454549,-3.424279166290336e-08
1,65.56418494179772,0.0,-9.991189104971676e-07,7.653891980419125e-05,0.9999995912690424,-3.558244854884412e-05,0.998089871468252,-1.759739426724245e-05,0.0,0.0,1.015416487781806e-06,8.974263788065435e-05,1.0,0.0,1.999999183611663,-7.078962142727105e-05,0.0,0.0,-0.0004999897194512687,5.954890020430388e-08,-1.005999070483614e-12,-3.752772252404421e-10,-5.077092591312512e-10,-4.487140868296506e-08,0.0,0.0,-5.07708243890903e-10,-4.487131894032718e-08,0.0009999995923426204,-3.520717287842693e-08,6.069227594726687e-12,8.239039222832284e-08,-0.0004999897320903807,-2.359187889027276e-08,5.056296824114807e-10,4.412085578730744e-08,4.995594552485838e-10,-3.826945990209562e-08,0.0009999995912690423,-3.558244854884412e-08
1,68.12920690579594,0.0,-9.986471187419304e-07,7.953329864376395e-05,0.9999995910687373,-3.697451589684479e-05,0.9980898713692354,-1.828584486489655e-05,0.0,0.0,1.01592512447013e-06,9.325357658789254e-05,1.0,0.0,1.99999918321677,-7.3559074474893e-05,0.0,0.0,-0.0004999897191058505,6.18785903446838e-08,-1.006325186410829e-12,-3.899589348288924e-10,-5.079635785688375e-10,-4.662688154752283e-08,0.0,0.0,-5.079625622350648e-10,-4.662678829394627e-08,0.0009999995921480325,-3.658455857804821e-08,6.553401208455099e-12,8.561369414907799e-08,-0.0004999897322351676,-2.451484753316331e-08,5.058779589508499e-10,4.584696529389736e-08,4.993235593709653e-10,-3.976664932188197e-08,0.0009999995910687373,-3.697451589684479e-08
1,70.7945784384136,0.0,-9.981376870411987e-07,8.264482447767601e-05,0.9999995908524524,-3.842104412472283e-05,0.9980898712623198,-1.900122923508315e-05,0.0,0.0,1.016474342030449e-06,9.690187130123547e-05,1.0,0.0,1.999999182790374,-7.643687490241233e-05,0.0,0.0,-0.0004999897187328572,6.429942332734741e-08,-1.006677318288559e-12,-4.052150267158214e-10,-5.082381874846648e-10,-4.845103255248902e-08,0.0,0.0,-5.082371710152245e-10,-4.845093565061774e-08,0.0009999995919379213,-3.80158307776895e-08,7.076199850341498e-12,8.896309906240236e-08,-0.0004999897323915009,-2.547392483437814e-08,5.061460416819536e-10,4.764060417873989e-08,4.990688435205993e-10,-4.1322412238838e-08,0.0009999995908524524,-3.842104412472283e-08
1,73.56422544596393,0.0,-9.975876187302834e-07,8.58780803656945e-05,0.9999995906189134,-3.992416386733982e-05,0.9980898711468749,-1.97446010889219e-05,0.0,0.0,1.017067370767677e-06,0.0001006928957035087,1.0,0.0,1.999999182329962,-7.942726150849517e-05,0.0,0.0,-0.0004999897183301377,6.681496486987193e-08,-1.0070575415434e-12,-4.210679720594373e-10,-5.085347027197868e-10,-5.034654854465008e-08,0.0,0.0,-5.085336853838385e-10,-5.034644785175437e-08,0.000999999591711049,-3.950309764115535e-08,7.640704838198821e-12,9.244354040733377e-08,-0.0004999897325603381,-2.64705234476514e-08,5.064355112190932e-10,4.950441434640617e-08,4.987938093651417e-10,-4.293904018284725e-08,0.0009999995906189135,-3.992416386733982e-08
1,76.44222742525982,0.0,-9.96993663724416e-07,8.923782866737638e-05,0.9999995903667441,-4.148608911487372e-05,0.9980898710222207,-2.051705536112522e-05,0.0,0.0,1.017707710992966e-06,0.0001046322337083189,1.0,0.0,1.999999181832822,-8.253463892332165e-05,0.0,0.0,-0.0004999897178952911,6.942892018886675e-08,-1.007468097169414e-12,-4.375411211413481e-10,-5.088548729068073e-10,-5.231622148639316e-08,0.0,0.0,-5.088538554964828e-10,-5.231611685415946e-08,0.0009999995914660774,-4.104854980844793e-08,8.250243302455659e-12,9.606014463034283e-08,-0.0004999897327426367,-2.750611129297005e-08,5.067480721220545e-10,5.144114105882599e-08,4.98496831862208e-10,-4.461891433368819e-08,0.000999999590366744,-4.148608911487372e-08
1,79.43282347242791,0.0,-9.963523292577073e-07,9.272901805668335e-05,0.999999590094458,-4.310912047386781e-05,0.998089870887622,-2.131972982275863e-05,0.0,0.0,1.018399131247349e-06,0.0001087256876847582,1.0,0.0,1.999999181296021,-8.576358409629062e-05,0.0,0.0,-0.0004999897174257223,7.21451394575012e-08,-1.007911404936328e-12,-4.546587377599005e-10,-5.092005841577071e-10,-5.436295256806678e-08,0.0,0.0,-5.091995656236747e-10,-5.436284384237909e-08,0.0009999995912015626,-4.265446362242281e-08,8.908407795895522e-12,9.981823873622168e-08,-0.0004999897329394515,-2.858221371871062e-08,5.070855680622323e-10,5.345363697886193e-08,4.981761646288537e-10,-4.636450902834167e-08,0.000999999590094458,-4.310912047386781e-08
1,82.5404185268016,0.0,-9.956598323780315e-07,9.635679081101996e-05,0.9999995898004498,-4.479564855585869e-05,0.9980898707422853,-2.215380675709571e-05,0.0,0.0,1.019145710046132e-06,0.000112979287003877,1.0,0.0,1.999999180716397,-8.911885303753747e-05,0.0,0.0,-0.0004999897169187251,7.496762347652898e-08,-1.00839007765136e-12,-4.724460349690372e-10,-5.095738747429242e-10,-5.648975648122552e-08,0.0,0.0,-5.095728550230661e-10,-5.648964350193852e-08,0.0009999995909159474,-4.432320448167878e-08,9.619077467765762e-12,1.037233581343773e-07,-0.0004999897331519898,-2.970041574836147e-08,5.074499889173783e-10,5.554486637207651e-08,4.978299161890157e-10,-4.817839540550998e-08,0.00099999958980045,-4.479564855585869e-08
1,85.76958985908915,0.0,-9.949120879495897e-07,0.0001001264903854368,0.9999995894829875,-4.654815749857409e-05,0.9980898705853549,-2.30205147010359e-05,0.0,0.0,1.01995185008974e-06,0.0001173992969195109,1.0,0.0,1.999999180090534,-9.260538782319236e-05,0.0,0.0,-0.0004999897163712463,7.790052956717606e-08,-1.008906936558825e-12,-4.909292122153521e-10,-5.099769449025369e-10,-5.869976585905237e-08,0.0,0.0,-5.099759250448699e-10,-5.869964845975544e-08,0.0009999995906075467,-4.605723032461827e-08,1.038644092705395e-11,1.077812547920899e-07,-0.0004999897333814451,-3.086236441515906e-08,5.078434798966872e-10,5.771790947288116e-08,4.974560439747948e-10,-5.006324519271842e-08,0.0009999995894829875,-4.654815749857409e-08
1,89.12509381337428,0.0,-9.941046953211605e-07,0.0001040436692831527,0.9999995891401992,-4.836922862488885e-05,0.9980898704159051,-2.392113025465076e-05,0.0,0.0,1.020822298691826e-06,0.0001219922277965484,1.0,0.0,1.999999179414742,-9.622832387470314e-05,0.0,0.0,-0.0004999897157801497,8.094817769458237e-08,-1.009465027968247e-12,-5.101354939280421e-10,-5.104121705173755e-10,-6.099623589050201e-08,0.0,0.0,-5.104111493459129e-10,-6.099611389827419e-08,0.000999999590274543,-4.785909524981429e-08,1.121502092968565e-11,1.11997905706745e-07,-0.0004999897336292886,-3.206977118803603e-08,5.082683623837365e-10,5.99759670214994e-08,4.970523476605803e-10,-5.202183464157633e-08,0.0009999995891401992,-4.836922862488886e-08
1,92.61187281287906,0.0,-9.932328938894315e-07,0.0001081140972339871,0.9999995887700645,-5.026154424492614e-05,0.998089870232937,-2.485697996152328e-05,0.0,0.0,1.021762188635478e-06,0.0001267648447002259,1.0,0.0,1.999999178685037,-9.999299752293817e-05,0.0,0.0,-0.000499989715141827,8.41150568307777e-08,-1.010067641208947e-12,-5.300931696185627e-10,-5.108821161609528e-10,-6.33825491149576e-08,0.0,0.0,-5.108810943177389e-10,-6.338242235011293e-08,0.0009999995899149729,-4.973145327801202e-08,1.210970103514654e-11,1.163795217095157e-07,-0.0004999897338968107,-3.332441449250562e-08,5.08727140971095e-10,6.232236497842491e-08,4.966164469447158e-10,-5.405704861699357e-08,0.0009999995887700645,-5.026154424492615e-08
1,96.23506263980856,0.0,-9.922915394624664e-07,0.0001123437696927509,0.9999995883704035,-5.222789160690503e-05,0.9980898700353736,-2.582944226265003e-05,0.0,0.0,1.022777056824964e-06,0.0001317241773605754,1.0,0.0,1.999999177897123,-0.0001039049538682135,0.0,0.0,-0.0004999897144526283,8.74058315666412e-08,-1.010718328016985e-12,-5.508316355490802e-10,-5.113895510524828e-10,-6.586222040446506e-08,0.0,0.0,-5.11388528412482e-10,-6.586208868028771e-08,0.0009999995895267194,-5.167706226130852e-08,1.307575438964032e-11,1.209325566134646e-07,-0.0004999897341857046,-3.462814233013223e-08,5.092225162505202e-10,6.476055942331951e-08,4.961457697312332e-10,-5.617188484637543e-08,0.0009999995883704035,-5.222789160690503e-08
1,99.99999999999969,0.0,-9.912750937807254e-07,0.0001167389166701132,0.9999995879388585,-5.427116700255408e-05,0.9980898698220486,-2.683994952678431e-05,0.0,0.0,1.023872885141941e-06,0.0001368775305267061,1.0,0.0,1.999999177046352,-0.0001079699549478221,0.0,0.0,-0.0004999897137084597,9.082534898247361e-08,-1.011420923468721e-12,-5.723814380311156e-10,-5.119374668233968e-10,-6.843890214088357e-08,0.0,0.0,-5.119364425709705e-10,-6.843876526335305e-08,0.0009999995891074932,-5.369878794526803e-08,1.411887480542711e-11,1.256637167195396e-07,-0.0004999897344976634,-3.598287500052768e-08,5.097574125592169e-10,6.729414164556637e-08,4.956375468903628e-10,-5.836945833505661e-08,0.0009999995879388585,-5.427116700255408e-08
1,103.9122303835166,0.0,-9.901775555613553e-07,0.0001213060119089469,0.9999995874728876,-5.639438003313677e-05,0.9980898695917062,-2.788999016021033e-05,0.0,0.0,1.025056134196234e-06,0.0001422324947261627,1.0,0.0,1.99999917612771,-0.0001121939882230919,0.0,0.0,-0.000499989712904908,9.437864578740673e-08,-1.012179568584281e-12,-5.947743184180698e-10,-5.12529092343808e-10,-7.111638959557606e-08,0.0,0.0,-5.125280670981169e-10,-7.111624736308136e-08,0.0009999995886548225,-5.579960818995513e-08,1.524521031951985e-11,1.305799706944617e-07,-0.000499989734834505,-3.739060792978656e-08,5.103349786998149e-10,6.992684343397637e-08,4.950887777806777e-10,-6.065300595447346e-08,0.0009999995874728877,-5.639438003313677e-08
1,107.9775162327706,0.0,-9.889924647780524e-07,0.0001260517824196768,0.9999995869697432,-5.860065804237334e-05,0.9980898693429878,-2.898111079905652e-05,0.0,0.0,1.026333777964794e-06,0.0001477969574452164,1.0,0.0,1.999999175135783,-0.0001165832753984781,0.0,0.0,-0.0004999897120372271,9.807095573810001e-08,-1.012998734734308e-12,-6.180432598580274e-10,-5.13167915719957e-10,-7.389862651956565e-08,0.0,0.0,-5.13166888982397e-10,-7.38984787226082e-08,0.0009999995881660396,-5.798261735610474e-08,1.646139942953063e-11,1.356885598350597e-07,-0.0004999897351982002,-3.885341460961761e-08,5.109586211694714e-10,7.266254257343903e-08,4.944962323890262e-10,-6.302589120983841e-08,0.0009999995869697433,-5.860065804237334e-08
1,112.201845430196,0.0,-9.877128320626477e-07,0.0001309832183886636,0.999999586426461,-6.089325072278704e-05,0.9980898690744282,-3.011491858737621e-05,0.0,0.0,1.027713345536085e-06,0.0001535791147465489,1.0,0.0,1.999999174064726,-0.0001211442815856737,0.0,0.0,-0.0004999897111003515,1.019077173476865e-07,-1.013883249993685e-12,-6.422225358755745e-10,-5.138577004987996e-10,-7.678971095238922e-08,0.0,0.0,-5.138566727680427e-10,-7.678955737327447e-08,0.000999999587638265,-6.025103086288667e-08,1.77746102202357e-11,1.409970087341635e-07,-0.0004999897355909416,-4.037344965143801e-08,5.116320140481341e-10,7.550526855661325e-08,4.938564160313239e-10,-6.549160919433182e-08,0.000999999586426461,-6.089325072278704e-08
1,116.5914401179828,0.0,-9.863311186195544e-07,0.0001361075834742303,0.9999995858398375,-6.327553490226068e-05,0.9980898687844437,-3.129308354435191e-05,0.0,0.0,1.029202969959897e-06,0.0001595874833414458,1.0,0.0,1.999999172908224,-0.0001258837248262412,0.0,0.0,-0.000499989710088744,1.058945818962784e-07,-1.014838327597686e-12,-6.673477608542903e-10,-5.146025140359868e-10,-7.979390125820627e-08,0.0,0.0,-5.146014849799485e-10,-7.979374167072291e-08,0.0009999995870683864,-6.260818992398049e-08,1.919258261146768e-11,1.465131363637704e-07,-0.0004999897360149913,-4.195295195995926e-08,5.123591281313921e-10,7.845920851907178e-08,4.931655593097772e-10,-6.805379173711515e-08,0.0009999995858398375,-6.327553490226068e-08
1,121.1527658628584,0.0,-9.848391770468028e-07,0.0001414324255054852,0.9999995852064165,-6.575101951785261e-05,0.998089868471326,-3.251734102410919e-05,0.0,0.0,1.030811427327194e-06,0.0001658309131342781,1.0,0.0,1.999999171659462,-0.0001308085859867873,0.0,0.0,-0.0004999897089964095,1.100374217549096e-07,-1.015869596668175e-12,-6.934559424941939e-10,-5.154067445881425e-10,-8.291562239805217e-08,0.0,0.0,-5.15405713663597e-10,-8.291545656713903e-08,0.000999999586453045,-6.505756646893467e-08,2.072367397633822e-11,1.522450675918081e-07,-0.000499989736472875,-4.359424803091521e-08,5.131442471511567e-10,8.152871340664004e-08,4.924195885234014e-10,-7.071621275274259e-08,0.0009999995852064166,-6.575101951785262e-08
1,125.8925411794163,0.0,-9.832282143848154e-07,0.0001469655875997066,0.9999995845224644,-6.832335078419858e-05,0.9980898681332293,-3.378949427176351e-05,0.0,0.0,1.032548200718963e-06,0.0001723186002577484,1.0,0.0,1.99999917031108,-0.0001359261190412581,0.0,0.0,-0.0004999897078169502,1.143423390350725e-07,-1.01698313539103e-12,-7.20585536321469e-10,-5.162751327216929e-10,-8.615947244747445e-08,0.0,0.0,-5.162741003594817e-10,-8.615930012887421e-08,0.0009999995857886159,-6.760276825705952e-08,2.237690839866008e-11,1.582012451494548e-07,-0.0004999897369672573,-4.529975537782611e-08,5.139919988931112e-10,8.471830438401391e-08,4.916141071924077e-10,-7.348279379985328e-08,0.0009999995845224644,-6.832335078419858e-08
1,130.8177474260189,0.0,-9.814887382820008e-07,0.0001527152197146602,0.9999995837839497,-7.099631756411167e-05,0.9980898677681607,-3.511141707946466e-05,0.0,0.0,1.034423522838779e-06,0.0001790601006181036,1.0,0.0,1.99999916885513,-0.0001412438617554971,0.0,0.0,-0.0004999897065433717,1.18815674576679e-07,-1.018185506840272e-12,-7.4877650233072e-10,-5.172127964739795e-10,-8.95302293691524e-08,0.0,0.0,-5.172117614193894e-10,-8.95300503090518e-08,0.0009999995850711804,-7.02475441913854e-08,2.416202985988552e-11,1.64390442066645e-07,-0.0004999897375010942,-4.707198609281508e-08,5.149073808236921e-10,8.803267949409537e-08,4.907443691410005e-10,-7.63576098573301e-08,0.0009999995837839497,-7.099631756411167e-08
1,135.9356390878521,0.0,-9.796104941663645e-07,0.0001586897906528651,0.9999995829865203,-7.377385694929036e-05,0.9980898673739691,-3.648505654635081e-05,0.0,0.0,1.036448451507965e-06,0.0001860653439702598,1.0,0.0,1.999999167283033,-0.0001467696467898042,0.0,0.0,-0.0004999897051682634,1.234640172876464e-07,-1.019483797660075e-12,-7.780703638431869e-10,-5.182252627866521e-10,-9.303285805047382e-08,0.0,0.0,-5.182242257539827e-10,-9.30326719851299e-08,0.000999999584296513,-7.299578984051388e-08,2.608955966903895e-11,1.708217745940775e-07,-0.0004999897380775636,-4.891355054671222e-08,5.158957862871249e-10,9.147672057785414e-08,4.898052470831823e-10,-7.934489532643254e-08,0.0009999995829865203,-7.377385694929037e-08
1,141.2537544622749,0.0,-9.775824127794756e-07,0.0001648981005354917,0.9999995821254758,-7.66600600593555e-05,0.9980898669483306,-3.791243594647744e-05,0.0,0.0,1.038634918515413e-06,0.0001933446485435773,1.0,0.0,1.999999165585522,-0.0001525116132358497,0.0,0.0,-0.0004999897036833956,1.282942138488272e-07,-1.020885659832636e-12,-8.085102686676497e-10,-5.193184979590445e-10,-9.66725176164372e-08,0.0,0.0,-5.193174592577066e-10,-9.667232427178867e-08,0.0009999995834600462,-7.585155317649426e-08,2.817085847412878e-11,1.775047156307546e-07,-0.0004999897386999824,-5.08271612339549e-08,5.169630426092004e-10,9.505550046490825e-08,4.887912063897378e-10,-8.244905026774587e-08,0.0009999995821254758,-7.66600600593555e-08
1,146.7799267622064,0.0,-9.753925420465272e-07,0.0001713492937642575,0.9999995811957407,-7.965917806775499e-05,0.9980898664887367,-3.939565770894475e-05,0.0,0.0,1.040995813994527e-06,0.0002009087362398187,1.0,0.0,1.99999916375259,-0.000158478218604931,0.0,0.0,-0.0004999897020801086,1.333133787986836e-07,-1.022399355778088e-12,-8.401410526540597e-10,-5.204989477229969e-10,-1.004545690286456e-07,0.0,0.0,-5.204979069972638e-10,-1.004543681199094e-07,0.0009999995825568488,-7.881904053717597e-08,3.041819322052555e-11,1.844491086768351e-07,-0.0004999897393720698,-5.281563676785497e-08,5.181154395016781e-10,9.877429044541257e-08,4.876962710232636e-10,-8.567464688212876e-08,0.0009999995811957407,-7.9659178067755e-08
1,152.5222956539013,0.0,-9.730279753555776e-07,0.0001780528724904203,0.9999995801918361,-8.277562846341565e-05,0.9980898659924783,-4.093690651461391e-05,0.0,0.0,1.043545046819361e-06,0.0002087687484256857,1.0,0.0,1.999999161773435,-0.0001646782512852372,0.0,0.0,-0.0004999897003488685,1.385289050124172e-07,-1.02403380705224e-12,-8.730093057335373e-10,-5.217735668813859e-10,-1.043845829815913e-07,0.0,0.0,-5.217725234096804e-10,-1.043843742128429e-07,0.0009999995815815994,-8.190262282182157e-08,3.284480945095235e-11,1.916651823323464e-07,-0.0004999897400977255,-5.4881906032224e-08,5.193597697147854e-10,1.026385680342637e-07,4.865139876777889e-10,-8.902643624521015e-08,0.000999999580191836,-8.277562846341564e-08
1,158.4893192461107,0.0,-9.704747722321677e-07,0.0001850187106106996,0.9999995791078445,-8.60140015573594e-05,0.998089865456631,-4.253845251397164e-05,0.0,0.0,1.04629764763331e-06,0.0002169362623431812,1.0,0.0,1.999999159636393,-0.00017112084348646,0.0,0.0,-0.000499989698479586,1.439484745911137e-07,-1.025798646929203e-12,-9.071634405419936e-10,-5.231498701978643e-10,-1.084683481078529e-07,0.0,0.0,-5.231488238166549e-10,-1.084681311715906e-07,0.0009999995805285487,-8.510684192910055e-08,3.546500937321284e-11,1.991635653631125e-07,-0.0004999897408813347,-5.702901249536461e-08,5.20703366072039e-10,1.066540250390522e-07,4.852373861160839e-10,-9.250935530534982e-08,0.0009999995791078445,-8.60140015573594e-08
1,164.6897865482862,0.0,-9.67717888604146e-07,0.0001922570683107448,0.9999995779373781,-8.937906724387293e-05,0.9980898648780365,-4.420265467088435e-05,0.0,0.0,1.049269834574318e-06,0.0002254233081619828,1.0,0.0,1.99999915732887,-0.000177815484690825,0.0,0.0,-0.0004999896964611034,1.495800701768708e-07,-1.027704277178795e-12,-9.426537637284778e-10,-5.246359665356766e-10,-1.127118795042996e-07,0.0,0.0,-5.24634917287159e-10,-1.127116540809914e-07,0.0009999995793914924,-8.843641744695204e-08,3.829423615578013e-11,2.06955302356091e-07,-0.0004999897417273941,-5.926011869287546e-08,5.221541479105202e-10,1.108265759436502e-07,4.83858944302073e-10,-9.61285341553724e-08,0.0009999995779373782,-8.937906724387294e-08
1,171.1328304161774,0.0,-9.647410742273659e-07,0.0001997786071775675,0.999999576673537,-9.28757820261833e-05,0.9980898642532843,-4.593196423716481e-05,0.0,0.0,1.052479129626249e-06,0.0002342423866989266,1.0,0.0,1.999999154837263,-0.000184772035630347,0.0,0.0,-0.0004999896942816523,1.554319867106031e-07,-1.029761929373352e-12,-9.795325500532301e-10,-5.262406172749803e-10,-1.1712142759185e-07,0.0,0.0,-5.262395648131247e-10,-1.171211933494633e-07,0.000999999578163726,-9.189625360416374e-08,4.134916494807257e-11,2.150518699871681e-07,-0.0004999897426410105,-6.157851088580561e-08,5.237206667893144e-10,1.151623666197771e-07,4.823705371136829e-10,-9.988930358878373e-08,0.000999999576673537,-9.28757820261833e-08
1,177.8279410038916,0.0,-9.615267844234273e-07,0.0002075944059031965,0.9999995753088728,-9.650929631699302e-05,0.9980898635786923,-4.77289283630711e-05,0.0,0.0,1.055944444772194e-06,0.000243406487830715,1.0,0.0,1.999999152146888,-0.0001920007428109052,0.0,0.0,-0.0004999896919283403,1.615128436498091e-07,-1.031983731085299e-12,-1.017854119384636e-09,-5.279732790685284e-10,-1.217034873218453e-07,0.0,0.0,-5.279722223860972e-10,-1.217032439153575e-07,0.000999999576838015,-9.54914464939122e-08,4.464780116187992e-11,2.234651939253838e-07,-0.0004999897436274853,-6.398760390105646e-08,5.254121549059135e-10,1.196677833793798e-07,4.807633922117137e-10,-1.037972029515983e-07,0.000999999575308873,-9.650929631699302e-08
1,184.7849797422283,0.0,-9.580560705445574e-07,0.0002157159766026866,0.9999995738353431,-0.0001002849620246213,0.9980898628502854,-4.959619384905288e-05,0.0,0.0,1.059686209003985e-06,0.0002529291096269545,1.0,0.0,1.999999149241888,-0.0001995122536045175,0.0,0.0,-0.0004999896893872341,1.678315976643471e-07,-1.034382777365637e-12,-1.057674916708441e-09,-5.298441642452822e-10,-1.264648077425869e-07,0.0,0.0,-5.298431045019925e-10,-1.264645548134772e-07,0.0009999995754065454,-9.922729157989616e-08,4.820958659319627e-11,2.32207666398473e-07,-0.0004999897446926332,-6.649094616114135e-08,5.272385799500704e-10,1.243494623811532e-07,4.790280352722787e-10,-1.078579883013433e-07,0.000999999573835343,-1.002849620246213e-07
1,192.0141938638794,0.0,-9.54308483600474e-07,0.0002241552817705143,0.9999995722442614,-0.0001042083404359297,0.998089862063769,-5.153651104427317e-05,0.0,0.0,1.063726472239068e-06,0.000262824278231712,1.0,0.0,1.99999914610514,-0.0002073176319320551,0.0,0.0,-0.0004999896866434705,1.743975558288761e-07,-1.036973207924636e-12,-1.099053595267156e-09,-5.318642999756635e-10,-1.314124019401342e-07,0.0,0.0,-5.318632361195342e-10,-1.31412139115856e-07,0.0009999995738608789,-1.031092914961254e-07,5.205551400993023e-11,2.412921644456017e-07,-0.0004999897458427965,-6.909222491070575e-08,5.292107101855748e-10,1.292142994050628e-07,4.77154241800237e-10,-1.120776408852572e-07,0.0009999995722442614,-1.042083404359297e-07
1,199.5262314968871,0.0,-9.502619320653816e-07,0.0002329247519003279,0.999999570526251,-0.0001082852104076391,0.9980898612145084,-5.355273789764591e-05,0.0,0.0,1.06808905009359e-06,0.0002731065685228684,1.0,0.0,1.999999142718158,-0.0002154283745594871,0.0,0.0,-0.0004999896836808265,1.812203893313968e-07,-1.039770290469575e-12,-1.14205110295195e-09,-5.340455926240351e-10,-1.365535573680027e-07,0.0,0.0,-5.340445250467951e-10,-1.365532842614342e-07,0.000999999572191907,-1.07143164151848e-07,5.620825088085477e-11,2.507320688841755e-07,-0.0004999897470847059,-7.179527164756028e-08,5.313401668798992e-10,1.342694600092596e-07,4.751309660326908e-10,-1.16462375950164e-07,0.000999999570526251,-1.082852104076391e-07
1,207.3321573485946,0.0,-9.45892564386681e-07,0.0002420373037940126,0.9999995686711861,-0.000112521576878103,0.9980898602974978,-5.564784416735607e-05,0.0,0.0,1.072799650891909e-06,0.0002837911255796943,1.0,0.0,1.999999139060978,-0.0002238564280316571,0.0,0.0,-0.0004999896804817744,1.883101477181095e-07,-1.042790510690803e-12,-1.186730772074475e-09,-5.364008980354951e-10,-1.418958465809727e-07,0.0,0.0,-5.363998254459545e-10,-1.418955627898471e-07,0.0009999995703897922,-1.113348511535541e-07,6.069227297504064e-11,2.605412840186593e-07,-0.0004999897484256471,-7.460406776612577e-08,5.336395013621738e-10,1.395223900843494e-07,4.729462821933405e-10,-1.210186518970063e-07,0.0009999995686711862,-1.12521576878103e-07
1,215.4434690031875,0.0,-9.411746292932341e-07,0.0002515063595870277,0.9999995666681334,-0.0001169236797120746,0.9980898593073328,-5.782491579506265e-05,0.0,0.0,1.07788604175596e-06,0.0002948936869902721,1.0,0.0,1.999999135112048,-0.0002326142062685373,0.0,0.0,-0.0004999896770275791,1.95677273695545e-07,-1.046051669426399e-12,-1.233158412650705e-09,-5.389440984108928e-10,-1.47447138388823e-07,0.0,0.0,-5.3894302087798e-10,-1.47446843495136e-07,0.0009999995684439149,-1.156905265564627e-07,6.553400861918961e-11,2.707342581204338e-07,-0.0004999897498736139,-7.752275042167952e-08,5.36122264883076e-10,1.449808268205605e-07,4.70587314646617e-10,-1.257531797935138e-07,0.0009999995666681333,-1.169236797120746e-07
1,223.872113856833,0.0,-9.360803218691908e-07,0.0002613458665180427,0.9999995645052867,-0.0001214980028914923,0.9980898582381772,-6.008715945122596e-05,0.0,0.0,1.083378198707408e-06,0.0003064306060316113,1.0,0.0,1.999999130848091,-0.0002417146088498683,0.0,0.0,-0.0004999896732977988,2.033326185117483e-07,-1.049572987578154e-12,-1.281402409334239e-09,-5.416901829308134e-10,-1.532156094464116e-07,0.0,0.0,-5.416890993537038e-10,-1.532153030158057e-07,0.000999999566342804,-1.20216605958376e-07,7.076199446310035e-11,2.813260047088488e-07,-0.0004999897514370716,-8.055561862407128e-08,5.388030915927191e-10,1.506528101039611e-07,4.680401609345955e-10,-1.306729332590214e-07,0.0009999995645052868,-1.214980028914923e-07
1,232.6305067153616,0.0,-9.305796187037184e-07,0.0002715703174719802,0.9999995621698984,-0.0001262512840658213,0.9980898570837289,-6.24379072582546e-05,0.0,0.0,1.089308493185115e-06,0.0003184188757566018,1.0,0.0,1.999999126243975,-0.0002511710400151214,0.0,0.0,-0.0004999896692704786,2.112874579392424e-07,-1.053375219397205e-12,-1.331533822141836e-09,-5.446553358021109e-10,-1.592097562971767e-07,0.0,0.0,-5.446542465925575e-10,-1.592094378783009e-07,0.0009999995640740768,-1.249197559493001e-07,7.64070436713272e-11,2.923321246648211e-07,-0.0004999897531252351,-8.370713956972653e-08,5.416977831694078e-10,1.565466943585135e-07,4.652898093518592e-10,-1.357851587359901e-07,0.0009999995621698984,-1.262512840658214e-07
1,241.7315480804093,0.0,-9.24640090984241e-07,0.0002821947723267284,0.9999995596482046,-0.000131190524476016,0.9980898558371849,-6.488062169842721e-05,0.0,0.0,1.095711877674432e-06,0.0003308761540232768,1.0,0.0,1.999999121272566,-0.0002609974284067603,0.0,0.0,-0.000499989664921846,2.195535088832308e-07,-1.057480774807016e-12,-1.383626491119508e-09,-5.478570344053104e-10,-1.654384078877925e-07,0.0,0.0,-5.478559388372162e-10,-1.654380770116384e-07,0.0009999995616243615,-1.298069039307443e-07,8.250242753232916e-11,3.037688292095376e-07,-0.0004999897549480825,-8.69819552214492e-08,5.448233976606894e-10,1.626711608514012e-07,4.623200454921205e-10,-1.410973861633642e-07,0.0009999995596482046,-1.31190524476016e-07
1,251.1886431509569,0.0,-9.182267383292696e-07,0.000293234880134961,0.9999995569253418,-0.0001363229992667181,0.9980898544911977,-6.741890071381757e-05,0.0,0.0,1.102626095317305e-06,0.0003438207895032491,1.0,0.0,1.999999115904562,-0.0002712082475858816,0.0,0.0,-0.0004999896602263382,2.281429466395329e-07,-1.061913851484705e-12,-1.437757145103446e-09,-5.513141504498236e-10,-1.71910738572414e-07,0.0,0.0,-5.513130476586525e-10,-1.719103947516245e-07,0.0009999995589792198,-1.348852483191635e-07,8.908407155548829e-11,3.156529637821167e-07,-0.0004999897569163414,-9.038488914562079e-08,5.481983585058111e-10,1.690352304797559e-07,4.591133691646348e-10,-1.466174400674805e-07,0.000999999556925342,-1.363229992667181e-07
1,261.0157215682525,0.0,-9.113017597652098e-07,0.0003047069021737245,0.9999995539852622,-0.0001416562682018809,0.9980898530378338,-7.00564830057349e-05,0.0,0.0,1.110091895739629e-06,0.000357271848707625,1.0,0.0,1.999999110108323,-0.0002818185373504518,0.0,0.0,-0.0004999896551562688,2.37068422827684e-07,-1.066700577479078e-12,-1.494005514735788e-09,-5.550470576403066e-10,-1.786362816256612e-07,0.0,0.0,-5.550459478698144e-10,-1.786359243538125e-07,0.0009999995561230611,-1.401622691485709e-07,9.619076721176324e-11,3.280020328513797e-07,-0.0004999897590416691,-9.392095361683496e-08,5.518425581879888e-10,1.756482770576154e-07,4.556508798826049e-10,-1.523534510868622e-07,0.0009999995539852623,-1.416562682018809e-07
1,271.2272579332016,0.0,-9.038243404962418e-07,0.0003166277358957473,0.9999995508106378,-0.0001471981867995956,0.9980898514685277,-7.279725354148193e-05,0.0,0.0,1.118153277523959e-06,0.0003712491440701942,1.0,0.0,1.99999910384969,-0.0002928439258875284,0.0,0.0,-0.0004999896496816897,2.463430840255538e-07,-1.071869165206036e-12,-1.552454449901851e-09,-5.59077756800367e-10,-1.856249432842412e-07,0.0,0.0,-5.590766387619795e-10,-1.856245720350971e-07,0.0009999995530390522,-1.456457390879329e-07,1.03864400565946e-10,3.408342256982862e-07,-0.0004999897613364723,-9.759535700053164e-08,5.55777474281309e-10,1.825200411226765e-07,4.519121702481209e-10,-1.583138679478737e-07,0.0009999995508106379,-1.471981867995956e-07
1,281.8382931264441,0.0,-8.957504066798114e-07,0.0003290149398177396,0.9999995473827571,-0.0001529569179025236,0.9980898497740301,-7.564524927654285e-05,0.0,0.0,1.126857759992106e-06,0.0003857732631292586,1.0,0.0,1.999999097091773,-0.0003043006527920994,0.0,0.0,-0.0004999896437703905,2.559805911330343e-07,-1.077450077728924e-12,-1.613190041761704e-09,-5.63430006836563e-10,-1.928870173378924e-07,0.0,0.0,-5.63428879996053e-10,-1.928866315646293e-07,0.000999999549709016,-1.513437348895759e-07,1.121501991480457e-10,3.541684432069924e-07,-0.0004999897638143791,-1.014135114243897e-07,5.600262983572853e-10,1.896606442831829e-07,4.478752033399057e-10,-1.645074699088698e-07,0.000999999547382757,-1.529569179025236e-07
1,292.8644564625223,0.0,-8.870323737987023e-07,0.000341886759382336,0.9999995436814167,-0.0001589409437009716,0.998089847944354,-7.860466510062698e-05,0.0,0.0,1.136256642553235e-06,0.0004008655988510765,1.0,0.0,1.999999089794743,-0.0003162055929864336,0.0,0.0,-0.0004999896373875101,2.659951394931976e-07,-1.083476208303869e-12,-1.67630174955588e-09,-5.681294583688621e-10,-2.004332002911371e-07,0.0,0.0,-5.681283212766176e-10,-2.004327994255383e-07,0.000999999546113326,-1.57264649285462e-07,1.210969985188207e-10,3.680243257039987e-07,-0.0004999897664899611,-1.05381040749839e-07,5.646140726358362e-10,1.970806041260715e-07,4.435161868993511e-10,-1.70943379691168e-07,0.0009999995436814168,-1.589409437009716e-07
1,304.3219887107707,0.0,-8.776188632269699e-07,0.0003552621538317718,0.9999995396848009,-0.0001651590782263157,0.9980898459687143,-8.167986001632484e-05,0.0,0.0,1.146405323559918e-06,0.0004165483811395721,1.0,0.0,1.99999908191559,-0.0003285762815751704,0.0,0.0,-0.0004999896304954538,2.764014798005922e-07,-1.089983074248301e-12,-1.741882532371942e-09,-5.73203808636874e-10,-2.082746071181672e-07,0.0,0.0,-5.732026617799591e-10,-2.08274190569786e-07,0.0009999995422307886,-1.634172033488546e-07,1.307575301005527e-10,3.824222818863736e-07,-0.0004999897693790112,-1.095037888554729e-07,5.695678392062325e-10,2.04790849708334e-07,4.38809431613485e-10,-1.776310769158859e-07,0.0009999995396848009,-1.651590782263157e-07
1,316.2277660168364,0.0,-8.674543833946345e-07,0.0003691608241328554,0.9999995353693556,-0.000171620480333174,0.9980898438354688,-8.487536355947631e-05,0.0,0.0,1.157363616499651e-06,0.0004328447095787218,1.0,0.0,1.999999073407878,-0.0003414309396727518,0.0,0.0,-0.0004999896230535594,2.872149398275119e-07,-1.097009026275252e-12,-1.810028986065967e-09,-5.786829660292238e-10,-2.164227876340705e-07,0.0,0.0,-5.786818082498257e-10,-2.164223547893609e-07,0.0009999995380385225,-1.698104593395778e-07,1.411887319694901e-10,3.973835188816605e-07,-0.000499989772498502,-1.137878282444588e-07,5.749167904338913e-10,2.128027376544082e-07,4.337271916973173e-10,-1.845804120664277e-07,0.0009999995353693555,-1.71620480333174e-07
1,328.5993247600638,0.0,-8.564790319236689e-07,0.0003836032419943818,0.9999995307096444,-0.0001783346671894471,0.9980898415320427,-8.819588247070571e-05,0.0,0.0,1.169196109707116e-06,0.0004497785874558344,1.0,0.0,1.999999064221461,-0.0003547885012412347,0.0,0.0,-0.0004999896150179733,2.984514470002214e-07,-1.104595474527308e-12,-1.880841485540751e-09,-5.84599223688884e-10,-2.248897435065047e-07,0.0,0.0,-5.845980548535579e-10,-2.248892937279172e-07,0.0009999995335118169,-1.764538340517876e-07,1.524520844417215e-10,4.129300734837371e-07,-0.0004999897758668492,-1.182394689886497e-07,5.806924567230154e-10,2.211280688833043e-07,4.282395159618345e-10,-1.918016209971909e-07,0.0009999995307096445,-1.783346671894471e-07
1,341.4548873833585,0.0,-8.446281192139037e-07,0.0003986106800196876,0.9999995256782036,-0.000185311528294087,0.9980898390448606,-9.1646307627947e-05,0.0,0.0,1.181972542951826e-06,0.0004673749571158162,1.0,0.0,1.999999054302196,-0.0003686686409779949,0.0,0.0,-0.0004999896063413861,3.101275518582819e-07,-1.112787132642257e-12,-1.954424332590068e-09,-5.90987453293984e-10,-2.336879459328652e-07,0.0,0.0,-5.909862714759129e-10,-2.336874785579081e-07,0.0009999995286239928,-1.833571126839078e-07,1.646139724303573e-10,4.290848446106196e-07,-0.0004999897795039121,-1.228652680226741e-07,5.869288772767425e-10,2.29779105990096e-07,4.223140596069519e-10,-1.993053400098438e-07,0.0009999995256782036,-1.853115282940871e-07
1,354.8133892335737,0.0,-8.31831802639898e-07,0.0004142052430387854,0.9999995202453795,-0.0001925613400432452,0.9980898363592632,-9.52317212501705e-05,0.0,0.0,1.195768216000204e-06,0.0004856597366985055,1.0,0.0,1.999999043591621,-0.000383091803294406,0.0,0.0,-0.0004999895969726165,3.222604524317111e-07,-1.121632281289058e-12,-2.030885909526935e-09,-5.978853032728373e-10,-2.428303540089895e-07,0.0,0.0,-5.978841080001019e-10,-2.428298683492528e-07,0.0009999995233462415,-1.905304632511608e-07,1.777460767096985e-10,4.458716270320143e-07,-0.0004999897834311456,-1.276720388015177e-07,5.936628090864304e-10,2.387685913073782e-07,4.15915901319949e-10,-2.071026215193927e-07,0.0009999995202453794,-1.925613400432452e-07
1,368.6945064519557,0.0,-8.180146538910147e-07,0.0004304099006661762,0.9999995143791507,-0.0002000947808662413,0.9980898334594217,-9.895740438291727e-05,0.0,0.0,1.210664440698395e-06,0.0005046598583131526,1.0,0.0,1.999999032026609,-0.0003980792324281532,0.0,0.0,-0.0004999895868564447,3.348680195716601e-07,-1.131183052727198e-12,-2.110338838822017e-09,-6.053334309443319e-10,-2.523304338164346e-07,0.0,0.0,-6.053322203491973e-10,-2.523299291565763e-07,0.000999999517647458,-1.979844515619119e-07,1.919257963924196e-10,4.633151464162716e-07,-0.0004999897876716564,-1.326668613359726e-07,6.009339416655212e-10,2.481097656732829e-07,4.090073269455073e-10,-2.152049503330881e-07,0.0009999995143791507,-2.000947808662414e-07
1,383.1186849557268,0.0,-8.030952403883997e-07,0.0004472485211323153,0.9999995080449433,-0.000207922946953646,0.9980898303282455,-0.0001028288446766634,0.0,0.0,1.226749013483186e-06,0.0005244033077062714,1.0,0.0,1.999999019538996,-0.0004136530037335273,0.0,0.0,-0.0004999895759332657,3.479688232721178e-07,-1.141495738066726e-12,-2.192900148987388e-09,-6.133757336681395e-10,-2.622021782564434e-07,0.0,0.0,-6.13374506741593e-10,-2.622016538531357e-07,0.0009999995114940525,-2.057300567798813e-07,2.072367051097751e-10,4.814410957483699e-07,-0.0004999897922504798,-1.378570926206132e-07,6.08785128531787e-10,2.578163879336912e-07,4.015476201941998e-10,-2.236242605661577e-07,0.0009999995080449433,-2.07922946953646e-07
1,398.1071705534952,0.0,-7.869856314415599e-07,0.0004647459064385292,0.9999995012054231,-0.0002160573686006364,0.9980898269472787,-0.0001068517444694706,0.0,0.0,1.244116734966383e-06,0.0005449191654812747,1.0,0.0,1.999999006055181,-0.0004298360561957809,0.0,0.0,-0.0004999895641386448,3.615821600212247e-07,-1.152631119039733e-12,-2.278691446949932e-09,-6.220596119627949e-10,-2.724601276598027e-07,0.0,0.0,-6.220583674831914e-10,-2.724595827406374e-07,0.0009999995048497582,-2.137786875951446e-07,2.237690435834622e-10,5.002761731725314e-07,-0.000499989797194525,-1.432503774697626e-07,6.172626464510809e-10,2.679027552073609e-07,3.934928157207799e-10,-2.323729532192646e-07,0.0009999995012054232,-2.160573686006364e-07
1,413.6820402388486,0.0,-7.695908750194199e-07,0.0004829278288871425,0.9999994938202796,-0.0002245100271896867,0.998089823296595,-0.0001110320291858206,0.0,0.0,1.262869969487213e-06,0.000566237649930574,1.0,0.0,1.999998991495694,-0.0004466522262174101,0.0,0.0,-0.0004999895514031238,3.757280812225589e-07,-1.164654826238722e-12,-2.367839097168182e-09,-6.314362477195971e-10,-2.831193912029368e-07,0.0,0.0,-6.314349847436063e-10,-2.83118824965287e-07,0.0009999994976754144,-2.221421990277234e-07,2.416202514922549e-10,5.19848121315205e-07,-0.0004999898025329907,-1.488546597772818e-07,6.264164588078321e-10,2.783837239438053e-07,3.8479543750971e-10,-2.414639144435713e-07,0.0009999994938202797,-2.245100271896867e-07
1,429.8662347082254,0.0,-7.50808449421257e-07,0.0005018210690406221,0.9999994858459856,-0.000233293372837607,0.9980898193546779,-0.0001153758560640057,0.0,0.0,1.283119244632758e-06,0.0005883901615432357,1.0,0.0,1.999998975774723,-0.0004641262827261281,0.0,0.0,-0.0004999895376516655,3.904274227282953e-07,-1.17763772593323e-12,-2.460474407756548e-09,-6.415609058293476e-10,-2.941956691617793e-07,0.0,0.0,-6.415596223163789e-10,-2.941950807716178e-07,0.0009999994899287372,-2.308329098885211e-07,2.60895541768127e-10,5.401857681463169e-07,-0.0004999898082973797,-1.546781942168589e-07,6.363005170344262e-10,2.892747318049369e-07,3.754042247106285e-10,-2.509105345203111e-07,0.0009999994858459857,-2.33293372837607e-07
1,446.6835921509607,0.0,-7.305276533731179e-07,0.0005214534551656082,0.9999994772355412,-0.0002424203427329038,0.9980898150982936,-0.0001198896232249183,0.0,0.0,1.304983910266344e-06,0.0006114093292536987,1.0,0.0,1.999998958799609,-0.000482283963656204,0.0,0.0,-0.0004999895228031542,4.057018355275001e-07,-1.191656337744478e-12,-2.556733823890965e-09,-6.524932597394635e-10,-3.057052760361788e-07,0.0,0.0,-6.524919551331721e-10,-3.057046646268493e-07,0.0009999994815640674,-2.398636209233003e-07,2.81708520706632e-10,5.613190694389434e-07,-0.0004999898145216092,-1.607295584000561e-07,6.469730777123881e-10,3.00591820402684e-07,3.652638266865589e-10,-2.607267275828041e-07,0.0009999994772355411,-2.424203427329038e-07
1,464.1588833612755,0.0,-7.086289549519948e-07,0.0005418539042199113,0.9999994679381966,-0.0002519043801904691,0.9980898105023556,-0.0001245799790955995,0.0,0.0,1.328592831306707e-06,0.0006353290584996677,1.0,0.0,1.999998940470301,-0.0005011520138568943,0.0,0.0,-0.0004999895067700905,4.215738176350754e-07,-1.206793285639676e-12,-2.656759128780799e-09,-6.642977449640251e-10,-3.176651645788922e-07,0.0,0.0,-6.642964156533537e-10,-3.176645292498339e-07,0.000999999472532104,-2.492476336664252e-07,3.041818575463302e-10,5.832791528899274e-07,-0.0004999898212423581,-1.67017665509826e-07,6.584970438614385e-10,3.123516589260677e-07,3.543144774759974e-10,-2.709269521099556e-07,0.0009999994679381966,-2.51904380190469e-07
1,482.317848223928,0.0,-6.849832859542957e-07,0.0005630524644428202,0.9999994578991561,-0.0002617594544516524,0.9980898055397762,-0.0001294538322014161,0.0,0.0,1.354085156002327e-06,0.0006601845811599354,1.0,0.0,1.999998920678772,-0.0005207582244837818,0.0,0.0,-0.0004999894894579665,4.380667472280296e-07,-1.223137784904011e-12,-2.760697652503026e-09,-6.770439328853453e-10,-3.300929507645487e-07,0.0,0.0,-6.770425780011635e-10,-3.300922905799677e-07,0.000999999462779616,-2.589987700321294e-07,3.284480074636094e-10,6.060983639663973e-07,-0.0004999898284992199,-1.735517774282999e-07,6.709403351919945e-10,3.245715686925229e-07,3.424916429771479e-10,-2.815262322214101e-07,0.0009999994578991562,-2.617594544516524e-07
1,501.1872336272695,0.0,-6.594512788747515e-07,0.0005850803596114261,0.9999994470592498,-0.0002720000812588589,0.9980898001813067,-0.0001345183613412836,0.0,0.0,1.381611136608285e-06,0.0006860125074456417,1.0,0.0,1.999998899308372,-0.000541131473931,0.0,0.0,-0.0004999894707648084,4.552049170779739e-07,-1.24078616796042e-12,-2.868702489006272e-09,-6.908069502453416e-10,-3.430069397353282e-07,0.0,0.0,-6.908055683041426e-10,-3.430062537228208e-07,0.0009999994522491224,-2.69131392672141e-07,3.546499922440465e-10,6.298103135456765e-07,-0.000499989836335063,-1.803415183780764e-07,6.843762912081493e-10,3.372695486596041e-07,3.297256394373758e-10,-2.925401798057131e-07,0.0009999994470592498,-2.720000812588589e-07
1,520.7948328595435,0.0,-6.318824541319103e-07,0.0006079700350281058,0.9999994353545895,-0.000282641344234975,0.9980897943953645,-0.0001397810261609183,0.0,0.0,1.411333001577475e-06,0.0007128508798213873,1.0,0.0,1.999998876233146,-0.0005623017703646258,0.0,0.0,-0.0004999894505803987,4.730135703304676e-07,-1.25984245213606e-12,-2.980932721604266e-09,-7.056679118794235e-10,-3.564261527615735e-07,0.0,0.0,-7.056665007887375e-10,-3.564254399106937e-07,0.000999999440878557,-2.796604261296507e-07,3.829422432313886e-10,6.544499274187321e-07,-0.0004999898447960033,-1.873968890972099e-07,6.988841023762414e-10,3.504643019346448e-07,3.159412270659552e-10,-3.03985017514053e-07,0.0009999994353545895,-2.82641344234975e-07
1,541.1695265464607,0.0,-6.021143249344501e-07,0.000631755205306863,0.9999994227161878,-0.000293698917099084,0.9980897881478481,-0.0001452495781396784,0.0,0.0,1.443425933445042e-06,0.0007407392290355543,1.0,0.0,1.999998851317091,-0.0005843002959198371,0.0,0.0,-0.000499989428785777,4.915189376840526e-07,-1.280418952721737e-12,-3.097553657290795e-09,-7.217144100779183e-10,-3.703703552570062e-07,0.0,0.0,-7.217129667225209e-10,-3.703696145177772e-07,0.0009999994286009027,-2.906013788207531e-07,4.134915115222609e-10,6.800534977300214e-07,-0.0004999898539318898,-1.947282815684425e-07,7.145492758955669e-10,3.641752633213845e-07,3.010571624672251e-10,-3.158776026534315e-07,0.000999999422716188,-2.93698917099084e-07
1,562.341325190346,0.0,-5.699714409947637e-07,0.000656470904028881,0.9999994090695563,-0.0003051890867511869,0.998089781401935,-0.0001509320720071744,0.0,0.0,1.47807908135178e-06,0.0007697186323423475,1.0,0.0,1.999998824413355,-0.0006071594526269185,0.0,0.0,-0.0004999894052524906,5.107482760235037e-07,-1.302636944937416e-12,-3.218737070221279e-09,-7.39041018435997e-10,-3.848600858898061e-07,0.0,0.0,-7.390395406758899e-10,-3.848593161711737e-07,0.0009999994153437983,-3.019703658757315e-07,4.464778507710435e-10,7.066587364294735e-07,-0.0004999898637966377,-2.023464943248219e-07,7.314641412296653e-10,3.784226279441293e-07,2.849857204973819e-10,-3.282354520144405e-07,0.0009999994090695563,-3.051890867511869e-07
1,584.3414133735142,0.0,-5.352643518615811e-07,0.0006821535353403524,0.9999993943342639,-0.0003171287772598955,0.9980897741178668,-0.0001568368776064468,0.0,0.0,1.51549668725437e-06,0.0007998317740012183,1.0,0.0,1.999998795363371,-0.0006309129101336894,0.0,0.0,-0.0004999893798418309,5.307299085642098e-07,-1.326627378705147e-12,-3.344661454719495e-09,-7.577498593369498e-10,-3.999166868323832e-07,0.0,0.0,-7.577483436271849e-10,-3.999158870006092e-07,0.0009999994010291067,-3.137841328737939e-07,4.820956783972551e-10,7.343048308152729e-07,-0.0004999898744483255,-2.102627483538966e-07,7.497283898958527e-10,3.93227380991562e-07,2.676321759307906e-10,-3.410767676701762e-07,0.000999999394334264,-3.171287772598955e-07
1,607.202195690985,0.0,-4.977885029311458e-07,0.0007088409275685596,0.9999993784234619,-0.0003295355747884234,0.9980897662527113,-0.0001629726922211815,0.0,0.0,1.555899288518958e-06,0.0008311230081427761,1.0,0.0,1.999998763995921,-0.0006555956552946394,0.0,0.0,-0.0004999893524039872,5.514932665669374e-07,-1.352531650441997e-12,-3.475512288182176e-09,-7.779512002150998e-10,-4.155623351943961e-07,0.0,0.0,-7.779496442594791e-10,-4.15561504071388e-07,0.000999999385572459,-3.26060080506216e-07,5.205549214498939e-10,7.630325012492135e-07,-0.0004999898859497087,-2.184887036239794e-07,7.694496708633152e-10,4.086113286240065e-07,2.488942514655729e-10,-3.544204637842798e-07,0.000999999378423462,-3.295355747884234e-07
1,630.9573444801896,0.0,-4.573230152207385e-07,0.0007365723889350959,0.9999993612433747,-0.0003424277534955471,0.9980897577601122,-0.0001693485533850994,0.0,0.0,1.599525006668046e-06,0.0008636384240936634,1.0,0.0,1.999998730126132,-0.0006812440436997246,0.0,0.0,-0.0004999893227773389,5.73068932684135e-07,-1.380502436421549e-12,-3.611482304268404e-09,-7.997641034172682e-10,-4.318200756852556e-07,0.0,0.0,-7.997625033340228e-10,-4.318192120468317e-07,0.0009999993688827574,-3.388162902041776e-07,5.620822538820643e-10,7.928840611295545e-07,-0.0004999898983686635,-2.270364762568461e-07,7.907442189236539e-10,4.245971300896175e-07,2.286615076103692e-10,-3.68286194467548e-07,0.0009999993612433747,-3.424277534955471e-07
1,655.6418494179751,0.0,-4.136293897650757e-07,0.0007653887654482205,0.9999993426927447,-0.0003558243024496667,0.9980897485900153,-0.0001759738521923772,0.0,0.0,1.64663097201867e-06,0.0008974259142565757,1.0,0.0,1.999998693554377,-0.0007078958532186821,0.0,0.0,-0.0004999892907871784,5.954886860017096e-07,-1.410704592615383e-12,-3.752771776776399e-09,-8.233171327332842e-10,-4.487138545542021e-07,0.0,0.0,-8.23315486009335e-10,-4.487129571282879e-07,0.0009999993508616317,-3.520715507690153e-07,6.069224325279614e-10,8.239034792096494e-07,-0.0004999899117783119,-2.359186563722325e-07,8.137375414270817e-10,4.412083310967743e-07,2.068146948825378e-10,-3.826943827241103e-07,0.0009999993426927447,-3.558243024496668e-07
1,681.2920690579573,0.0,-3.664501046000894e-07,0.0007953325010595553,0.9999993226622366,-0.0003697449535955741,0.9980897386883731,-0.0001828583471286872,0.0,0.0,1.697494818486689e-06,0.0009325352446453108,1.0,0.0,1.999998654065107,-0.0007355903396396651,0.0,0.0,-0.0004999892562450453,6.187855488426491e-07,-1.443316126317803e-12,-3.899588814625532e-09,-8.487491070003511e-10,-4.662685548579e-07,0.0,0.0,-8.487474092433445e-10,-4.662676223226554e-07,0.0009999993314028708,-3.65845386044091e-07,6.553397396559846e-10,8.561364443540703e-07,-0.0004999899262577295,-2.45148326629972e-07,8.385651581970435e-10,4.584693984917912e-07,1.832250523000447e-10,-3.976662505297777e-07,0.0009999993226622367,-3.697449535955741e-07
1,707.9457843841337,0.0,-3.155070862973631e-07,0.0008264477001736204,0.9999993010337933,-0.0003842102108150849,0.9980897279968272,-0.0001900121784432111,0.0,0.0,1.752416333822282e-06,0.0009690181281786483,1.0,0.0,1.999998611425579,-0.0007643682944840739,0.0,0.0,-0.0004999892189473248,6.429938354010585e-07,-1.478529245279894e-12,-4.052149668378072e-09,-8.762099195786237e-10,-4.845100331074521e-07,0.0,0.0,-8.762081669111411e-10,-4.845090640893242e-07,0.0009999993103917853,-3.801580836689891e-07,7.076195405998152e-10,8.896304328274883e-07,-0.000499989941892251,-2.547390814977658e-07,8.653733988728222e-10,4.764057562929782e-07,1.577535431486815e-10,-4.132238500868102e-07,0.0009999993010337933,-3.842102108150849e-07
1,735.6422544596369,0.0,-2.605000864913748e-07,0.0008587801926022019,0.9999992776799397,-0.0003992413801242936,0.9980897164523621,-0.0001974458830827732,0.0,0.0,1.811719214650509e-06,0.00100692830084091,1.0,0.0,1.999998565384478,-0.0007942721050826529,0.0,0.0,-0.0004999891786741234,6.68149202278551e-07,-1.516551490536056e-12,-4.210679048752028e-09,-9.058614192968139e-10,-5.034651573487554e-07,0.0,0.0,-9.058596073252546e-10,-5.034641504204549e-07,0.0009999992877045387,-3.950307249583593e-07,7.640699656475168e-10,9.244347782153618e-07,-0.0004999899587740109,-2.647050472722224e-07,8.943202694242439e-10,4.950438231340689e-07,1.302500432456874e-10,-4.29390096301101e-07,0.0009999992776799397,-3.992413801242937e-07
1,764.4222742525956,0.0,-2.011049000409931e-07,0.0008923776010591046,0.9999992524630319,-0.000414860601051887,0.9980897039869371,-0.0002051704102100695,0.0,0.0,1.875752984936696e-06,0.001046321600821254,1.0,0.0,1.999998515670449,-0.0008253458170012579,0.0,0.0,-0.0004999891351881586,6.942887009970251e-07,-1.557606959599032e-12,-4.375410457594028e-09,-9.378783679348456e-10,-5.231618467322275e-07,0.0,0.0,-9.37876492468348e-10,-5.231608004106269e-07,0.0009999992632074173,-4.104852159493709e-07,8.250237261009768e-10,9.6060074407927e-07,-0.0004999899770025129,-2.750609028830513e-07,9.255763772692043e-10,5.144110511721168e-07,1.005524500204965e-10,-4.461888005295523e-07,0.000999999252463032,-4.148606010518871e-07
1,794.3282347242767,0.0,-1.36971459327496e-07,0.0009272894112945765,0.9999992252344436,-0.0004310908792446785,0.9980896905270825,-0.0002131971373288228,0.0,0.0,1.944895054784013e-06,0.001087256050748152,1.0,0.0,1.99999846199048,-0.0008576351989081282,0.0,0.0,-0.0004999890882330937,7.214508325653735e-07,-1.601937627232209e-12,-4.546586531799708e-09,-9.724494721784945e-10,-5.436291126301272e-07,0.0,0.0,-9.724475273920063e-10,-5.436280253740762e-07,0.000999999236756036,-4.265443196634497e-07,8.908400752087175e-10,9.981815994537984e-07,-0.0004999899966852128,-2.858219015109087e-07,9.593259417687284e-10,5.345359665170986e-07,6.848572966374801e-11,-4.636447056472882e-07,0.0009999992252344436,-4.310908792446785e-07
1,825.4041852680133,0.0,-6.772177342773417e-08,0.000963567044972588,0.9999991958336937,-0.0004479561203483352,0.998089675993467,-0.0002215378870395865,0.0,0.0,2.019552933774094e-06,0.001129791943140023,1.0,0.0,1.999998404028188,-0.0008911878099781091,0.0,0.0,-0.0004999890375321919,7.496756041801671e-07,-1.649804771582882e-12,-4.72445940068801e-09,-1.009778486204716e-09,-5.648971013619545e-07,0.0,0.0,-1.009776466887047e-09,-5.648959715700113e-07,0.0009999992081944947,-4.432316896297739e-07,9.619069255288696e-10,1.037232697296043e-06,-0.0004999900179380873,-2.97003893050569e-07,9.957678804543987e-10,5.554482112427051e-07,3.386088671386709e-11,-4.81783522486294e-07,0.0009999991958336938,-4.479561203483352e-07
1,857.6958985908889,0.0,7.052306030203396e-09,0.00100126393539811,0.9999991640874992,-0.000465481165213128,0.9980896603004322,-0.0002302049444508439,0.0,0.0,2.100166642371448e-06,0.001173991929197684,1.0,0.0,1.999998341441957,-0.0009260530699329551,0.0,0.0,-0.0004999889827865811,7.790045881436676e-07,-1.701490514080861e-12,-4.909291057355461e-09,-1.05008542142596e-09,-5.869971385907711e-07,0.0,0.0,-1.050083321185724e-09,-5.869959645988419e-07,0.0009999991773544574,-4.60571904719827e-07,1.038643135200937e-09,1.077811556003104e-06,-0.0004999900408863833,-3.086233474528424e-07,1.035116974915844e-09,5.771785870401141e-07,-3.526153015101698e-12,-5.006319676990549e-07,0.0009999991640874993,-4.65481165213128e-07
1,891.25093813374,0.0,8.779149235641609e-08,0.001040435606205813,0.9999991298087509,-0.0004836918264764895,0.9980896433554858,-0.0002392110752710108,0.0,0.0,2.187211316950766e-06,0.001219921111069269,1.0,0.0,1.999998273862905,-0.0009622823318207402,0.0,0.0,-0.0004999889236736998,8.094809830862777e-07,-1.757299482177618e-12,-5.101353744557423e-09,-1.093607845715891e-09,-6.099617754557456e-07,0.0,0.0,-1.093605658475383e-09,-6.099605555346344e-07,0.0009999991440541544,-4.785905053442507e-07,1.121500976600411e-09,1.119977944117461e-06,-0.0004999900656654233,-3.206973789789225e-07,1.07760514300018e-09,5.997591005789494e-07,-4.389574617820805e-11,-5.202178031029064e-07,0.0009999991298087509,-4.836918264764895e-07
1,926.1187281287878,0.0,1.749716453994645e-07,0.001081139753125865,0.9999990927954168,-0.0005026149265761868,0.9980896250587563,-0.0002485695446079519,0.0,0.0,2.281199974696335e-06,0.001267647137723276,1.0,0.0,1.999998200892738,-0.0009999289576414295,0.0,0.0,-0.0004999888598450491,8.411496775828086e-07,-1.817560604724512e-12,-5.30093035568446e-09,-1.140602268506462e-09,-6.338248365087758e-07,0.0,0.0,-1.140599987348168e-09,-6.338235688616381e-07,0.0009999991080973214,-4.973140310652427e-07,1.210968801925052e-09,1.163793968344833e-06,-0.0004999900924211875,-3.332437714035198e-07,1.12348280448069e-09,6.232230106421469e-07,-8.748582269973226e-11,-5.405698765629325e-07,0.0009999990927954169,-5.026149265761869e-07
1,962.3506263980825,0.0,2.69106592092988e-07,0.001123436328947016,0.9999990528293431,-0.0005222783372499911,0.9980896053024052,-0.0002582941365036501,0.0,0.0,2.382686581370308e-06,0.001317240304570703,1.0,0.0,1.999998122101374,-0.001039048396929774,0.0,0.0,-0.0004999887909244716,8.740573162566455e-07,-1.882629050570301e-12,-5.508314851423933e-09,-1.191345673126424e-09,-6.586214695256561e-07,0.0,0.0,-1.191343290685154e-09,-6.586201522853513e-07,0.000999999069272031,-5.16770059679783e-07,1.307573921422104e-09,1.209324165013861e-06,-0.0004999901213113833,-3.462810042033181e-07,1.173020356534855e-09,6.47604877104024e-07,-1.34553296046494e-10,-5.61718164473508e-07,0.000999999052829343,-5.222783372499911e-07
1,999.9999999999936,0.0,3.707511517226481e-07,0.001167387631801918,0.9999990096749785,-0.0005427110205799363,0.9980895839699921,-0.0002683991742327553,0.0,0.0,2.492269272735825e-06,0.00136877365698278,1.0,0.0,1.999998037024434,-0.001079698268411122,0.0,0.0,-0.0004999887165057643,9.082523684686238e-07,-1.952888321802304e-12,-5.72381269272051e-09,-1.246137128878661e-09,-6.843881972650469e-07,0.0,0.0,-1.246134636367913e-09,-6.843868284913899e-07,0.0009999990273494553,-5.369872478311858e-07,1.41188571121889e-09,1.256635595112167e-06,-0.000499990152506305,-3.598282797696287e-07,1.226509764396844e-09,6.729406118235757e-07,-1.853755758613241e-10,-5.836938159009589e-07,0.0009999990096749784,-5.427110205799363e-07
1,1039.122303835162,0.0,4.805044034716964e-07,0.001213058396904405,0.9999989630779761,-0.0005639430716414889,0.9980895609357869,-0.0002788995413948473,0.0,0.0,2.610593922369731e-06,0.001422323097856435,1.0,0.0,1.999997945160483,-0.00112193844485014,0.0,0.0,-0.0004999886361503059,9.437851996919424e-07,-2.028752513966465e-12,-5.947741290673052e-09,-1.305299571468721e-09,-7.111629712513151e-07,0.0,0.0,-1.305296961184865e-09,-7.111615489282175e-07,0.0009999989820825073,-5.579953732086509e-07,1.524518969072075e-09,1.305797943038403e-06,-0.0004999901861898054,-3.739055516848442e-07,1.284266287029594e-09,6.992675315278045e-07,-2.402522017358482e-10,-6.065291984522024e-07,0.000999998963077976,-5.639430716414888e-07
1,1079.775162327703,0.0,5.990132100067855e-07,0.001260515891873556,0.9999989127637007,-0.0005860057628203324,0.998089536064029,-0.0002898107038314213,0.0,0.0,2.738357909315425e-06,0.001477967499385639,1.0,0.0,1.999997845968093,-0.001165831141217199,0.0,0.0,-0.0004999885493845446,9.807081456776162e-07,-2.110668756585348e-12,-6.180430474030006e-09,-1.369181693234222e-09,-7.38985227660319e-07,0.0,0.0,-1.369178954657713e-09,-7.389837496928195e-07,0.0009999989332043922,-5.79825378396867e-07,1.646137537811933e-09,1.356883619215493e-06,-0.0004999902225604202,-3.8853355410469e-07,1.346630333876936e-09,7.266244127628235e-07,-2.995066050033928e-10,-6.302579459367778e-07,0.0009999989127637008,-5.860057628203324e-07
1,1122.018454301956,0.0,7.269760478330967e-07,0.001309830015784591,0.9999988584356077,-0.0006089315898618748,0.9980895092081289,-0.0003011487323997978,0.0,0.0,2.876314262323376e-06,0.00153578881920283,1.0,0.0,1.999997738862637,-0.001211441006301962,0.0,0.0,-0.000499988455696973,1.019075589519756e-06,-2.199119848355648e-12,-6.422222974971441e-09,-1.438160008011278e-09,-7.678959453902342e-07,0.0,0.0,-1.438157131161688e-09,-7.67894409601415e-07,0.0009999988804270292,-6.025094164400876e-07,1.777458217835224e-09,1.409967866715787e-06,-0.0004999902618324503,-4.037338322891135e-07,1.413969466502398e-09,7.550515489934754e-07,-3.634880239165484e-10,-6.549150078922954e-07,0.0009999988584356077,-6.089315898618748e-07
1,1165.914401179824,0.0,8.651471081690819e-07,0.00136107340209211,0.9999987997734969,-0.0006327543197211637,0.9980894802098017,-0.0003129303266374286,0.0,0.0,3.025276066104254e-06,0.001595872221061127,1.0,0.0,1.999997623212854,-0.001258835217908824,0.0,0.0,-0.0004999883545355466,1.058944041733948e-06,-2.294627102553435e-12,-6.673474933893256e-09,-1.512641058795432e-09,-7.979377064027845e-07,0.0,0.0,-1.512638033052127e-09,-7.979361105305634e-07,0.0009999988234393575,-6.260808981876599e-07,1.919254991703614e-09,1.465128872054843e-06,-0.0004999903042374604,-4.195287743266629e-07,1.486680572669522e-09,7.845908099353873e-07,-4.32573554084541e-10,-6.805367010460548e-07,0.000999998799773497,-6.327543197211637e-07
1,1211.52765862858,0.0,1.014340749822602e-06,0.00141432152557682,0.999998736431624,-0.0006575090402834723,0.9980894488981372,-0.000325172839351348,0.0,0.0,3.18612128147322e-06,0.00165830620023454,1.0,0.0,1.999997498337126,-0.001308083581773994,0.0,0.0,-0.0004999882453039645,1.100372223465822e-06,-2.397753419414144e-12,-6.934556423936076e-09,-1.5930638269058e-09,-8.291547584234703e-07,0.0,0.0,-1.59306064073661e-09,-8.291531001172701e-07,0.0009999987619055016,-6.505745414905221e-07,2.072363585743495e-09,1.522447880316519e-06,-0.0004999903500253061,-4.359416440992615e-07,1.565192196687889e-09,8.15285703206584e-07,-5.07170374911301e-10,-7.071607627884103e-07,0.000999998736431624,-6.575090402834723e-07
1,1258.925411794159,0.0,1.17543628969542e-06,0.001469652813472803,0.9999986680366615,-0.0006832322120286166,0.9980894150885888,-0.000337894302168903,0.0,0.0,3.359797903002004e-06,0.001723182713820438,1.0,0.0,1.999997363499452,-0.001359258634349591,0.0,0.0,-0.0004999881273584222,1.143421152952829e-06,-2.509106603590949e-12,-7.205851996031278e-09,-1.679902310595614e-09,-8.61593080092933e-07,0.0,0.0,-1.679898951501002e-09,-8.615913569102193e-07,0.0009999986954627906,-6.760264223209748e-07,2.237686395528845e-09,1.582009314778474e-06,-0.0004999903994658411,-4.529966155355017e-07,1.649967075146014e-09,8.471814383892599e-07,-5.877181448477103e-10,-7.348264067364013e-07,0.0009999986680366616,-6.832322120286166e-07
1,1308.177474260185,0.0,1.349383201488924e-06,0.001527148760938417,0.9999985941855029,-0.0007099617217148384,0.9980893785818896,-0.0003511134520872646,0.0,0.0,3.547329543884814e-06,0.001790597316135536,1.0,0.0,1.999997217905127,-0.001412435749605591,0.0,0.0,-0.0004999880000037954,1.188154235365476e-06,-2.629342946239453e-12,-7.487761245265855e-09,-1.773668319082724e-09,-8.95300448665084e-07,0.0,0.0,-1.773664771942407e-09,-8.952986580677679e-07,0.0009999986237196243,-7.024740278907521e-07,2.416197804272689e-09,1.643900901213699e-06,-0.0004999904528504989,-4.707188082026171e-07,1.741504854796974e-09,8.803249935957313e-07,-6.74691600744462e-10,-7.635743804692084e-07,0.0009999985941855029,-7.099617217148385e-07
1,1359.356390878516,0.0,1.537206690377122e-06,0.001586894051040332,0.9999985144428826,-0.0007377369381610746,0.9980893391628755,-0.0003648497590607037,0.0,0.0,3.749821484433369e-06,0.001860649299404176,1.0,0.0,1.999997060696043,-0.001467693250006476,0.0,0.0,-0.0004999878624895038,1.234637356160317e-06,-2.759171092835194e-12,-7.780699399400554e-09,-1.874914491979805e-09,-9.303265103513873e-07,0.0,0.0,-1.874910742216684e-09,-9.303246497020878e-07,0.0009999985462531605,-7.299563118454017e-07,2.60894992546781e-09,1.70821379705053e-06,-0.0004999905104939167,-4.891343242898925e-07,1.840345043302709e-09,9.14765184636314e-07,-7.686033451885609e-10,-7.934470255201659e-07,0.0009999985144428826,-7.377369381610745e-07
1,1412.537544622744,0.0,1.740013756104065e-06,0.00164897667942669,0.9999984283388125,-0.0007665987702094817,0.9980892965992183,-0.0003791234546661163,0.0,0.0,3.968467174431112e-06,0.001933441839945412,1.0,0.0,1.99999689094564,-0.001525112521825455,0.0,0.0,-0.0004999877140050568,1.282938978081438e-06,-2.899356219513448e-12,-8.085097930406066e-09,-1.984237556097921e-09,-9.667228534145457e-07,0.0,0.0,-1.984233587215556e-09,-9.667209199727061e-07,0.0009999984626068276,-7.585137516159733e-07,2.817078803616868e-09,1.775042725580654e-06,-0.0004999905727358367,-5.082702870370985e-07,1.947070185638917e-09,9.505527368906308e-07,-8.700068780520323e-10,-8.244883397133448e-07,0.0009999984283388125,-7.665987702094817e-07
1,1467.799267622059,0.0,1.95899970563245e-06,0.001713488083872261,0.9999983353658125,-0.0007965897269532601,0.9980892506400566,-0.0003939555618888626,0.0,0.0,4.20455526928265e-06,0.002009082150073336,1.0,0.0,1.999996707653442,-0.001584778134965433,0.0,0.0,-0.0004999875536752518,1.33313024195273e-06,-3.05072454253828e-12,-8.401405189918489e-09,-2.102281839766743e-09,-1.004543084118818e-06,0.0,0.0,-2.102277634641325e-09,-1.004541075036668e-06,0.0009999983722876297,-7.881884080121724e-07,3.041811109591025e-09,1.844486115412025e-06,-0.0004999906399430626,-5.281548806650616e-07,2.062309298139416e-09,9.877403599878118e-07,-9.79499852816225e-10,-8.567440419361304e-07,0.0009999983353658126,-7.965897269532601e-07
1,1525.222956539008,0.0,2.195455194050572e-06,0.001780523278885535,0.9999982349759186,-0.0008277539803181105,0.998089201014516,-0.000409367926072599,0.0,0.0,4.459477223939246e-06,0.002087681635933471,1.0,0.0,1.999996509739163,-0.001646777967462504,0.0,0.0,-0.0004999873805551919,1.38528507140931e-06,-3.214168187470007e-12,-8.730087069548198e-09,-2.229743071477466e-09,-1.043842905648371e-06,0.0,0.0,-2.229738611969623e-09,-1.043840817966735e-06,0.000999998274763245,-8.190239871443934e-07,3.284471370070177e-09,1.91664624537115e-06,-0.000499990712511722,-5.488173918660478e-07,2.186741577613609e-09,1.026382825405105e-06,-1.097727597025286e-09,-8.902616394427675e-07,0.0009999982349759185,-8.277539803181105e-07
1,1584.893192461102,0.0,2.450773840657977e-06,0.001850180995575,0.9999981265774534,-0.0008601374300890799,0.998089147430114,-0.000425383247078487,0.0,0.0,4.73473549345016e-06,0.002169356061506605,1.0,0.0,1.999996296036336,-0.001711203334854496,0.0,0.0,-0.000499987193624582,1.439480281720709e-06,-3.390650446718329e-12,-9.071627687013865e-09,-2.367372481555155e-09,-1.084680200109364e-06,0.0,0.0,-2.36736774672508e-09,-1.084678030753303e-06,0.0009999981694588825,-8.510659047654162e-07,3.546489773664328e-09,1.991629395067181e-06,-0.00049999079086957,-5.702882529154228e-07,2.321100401989823e-09,1.066537047098686e-06,-1.225386920328989e-09,-9.250904977875e-07,0.0009999981265774534,-8.601374300890799e-07
1,1646.897865482857,0.0,2.726460439709723e-06,0.001922563826979542,0.9999980095315398,-0.000893787771478134,0.9980890895710356,-0.0004420251127009257,0.0,0.0,5.031952390766037e-06,0.002254225719020535,1.0,0.0,1.999996065285444,-0.001778149124604262,0.0,0.0,-0.0004999869917815952,1.495795692865964e-06,-3.581211456455756e-12,-9.426530099111151e-09,-2.515981227728015e-09,-1.127115113735986e-06,0.0,0.0,-2.515976195383018e-09,-1.127112859510268e-06,0.0009999980557539043,-8.843613531261279e-07,3.829410599712935e-09,2.069546001338466e-06,-0.0004999908754783483,-5.925990864678632e-07,2.46617765327077e-09,1.108262165284868e-06,-1.363230219854862e-09,-9.61281913489771e-07,0.0009999980095315398,-8.93787771478134e-07
1,1711.328304161769,0.0,3.024139825327661e-06,0.001997778379075766,0.9999978831483365,-0.0009287545653314125,0.998089027096273,-0.0004593180333887469,0.0,0.0,5.352879645315056e-06,0.002342415606019277,1.0,0.0,1.999995816126493,-0.001847713935774575,0.0,0.0,-0.000499986773836697,1.554314247026288e-06,-3.78697432633614e-12,-9.795317042564743e-09,-2.676445176144726e-09,-1.171210145425244e-06,0.0,0.0,-2.676439822657528e-09,-1.171207803009639e-06,0.0009999979329781566,-9.189593704431625e-07,4.134901319426923e-09,2.15051082081069e-06,-0.0004999909668367691,-6.157827521028198e-07,2.622828382602236e-09,1.151619633494429e-06,-1.51206991266383e-09,-9.98889189537883e-07,0.0009999978831483364,-9.287545653314125e-07
1,1778.27941003891,0.0,3.345566449297694e-06,0.00207593542768328,0.9999977466829701,-0.0009650893110790206,0.9980889596376147,-0.0004772874783227421,0.0,0.0,5.699408728965238e-06,0.002434055609349137,1.0,0.0,1.999995547091,-0.001920000224159294,0.0,0.0,-0.0004999865385053176,1.615122130666763e-06,-4.009151758128453e-12,-1.017853170385349e-08,-2.849710064259634e-09,-1.217030238730178e-06,0.0,0.0,-2.849704364482619e-09,-1.217027804674568e-06,0.0009999978004080297,-9.54910913080273e-07,4.464762422998794e-09,2.234643098804644e-06,-0.0004999910654832629,-6.398733946885135e-07,2.791975852589065e-09,1.196673309027577e-06,-1.672783224648847e-09,-1.03796771384164e-06,0.00099999774668297,-9.650893110790207e-07
1,1847.849797422278,0.0,3.692634718244297e-06,0.002157150081497489,0.9999975993311467,-0.001002845522534138,0.9980888867974749,-0.0004959599129023257,0.0,0.0,6.073581997334543e-06,0.002529280696330959,1.0,0.0,1.999995256593334,-0.001995114453083211,0.0,0.0,-0.0004999862844005526,1.678308901386681e-06,-4.249053192255513e-12,-1.057673851914087e-08,-3.03679707214453e-09,-1.264642877446176e-06,0.0,0.0,-3.036790998667272e-09,-1.264640348165479e-06,0.000999997657262187,-9.922689305490723e-07,4.820938030582209e-09,2.322066744840794e-06,-0.0004999911719992534,-6.649064946341636e-07,2.974616979323448e-09,1.24348954694197e-06,-1.846317359122148e-09,-1.078575040748745e-06,0.0009999975993311469,-1.002845522534138e-06
1,1920.141938638787,0.0,4.067390167269499e-06,0.002241541951488246,0.9999974402244147,-0.001042078806652332,0.9980888081465542,-0.0005153628376961795,0.0,0.0,6.477604729049347e-06,0.002628231113398174,1.0,0.0,1.99999494292138,-0.002073167250091226,0.0,0.0,-0.0004999860100246695,1.743967619722818e-06,-4.508092524334778e-12,-1.099052400548656e-08,-3.238808841193064e-09,-1.314118184930201e-06,0.0,0.0,-3.238802364524673e-09,-1.314115556699087e-06,0.0009999975026969655,-1.031088443438894e-06,5.205527349659374e-09,2.412910514997349e-06,-0.0004999912870124607,-6.909189201050563e-07,3.171828198460781e-09,1.292137297711274e-06,-2.033695083634749e-09,-1.120770975744123e-06,0.0009999974402244147,-1.042078806652333e-06
1,1995.262314968865,0.0,4.47204150251825e-06,0.002329235326911981,0.9999972684250398,-0.00108284694536627,0.9980887232213042,-0.0005355248289138448,0.0,0.0,6.913858125123795e-06,0.002731052592491208,1.0,0.0,1.999994604226437,-0.00215427356975603,0.0,0.0,-0.0004999857137606145,1.812194986099819e-06,-4.787796437175185e-12,-1.142049762456255e-08,-3.456935976675792e-09,-1.365529027298197e-06,0.0,0.0,-3.456929062561898e-09,-1.365526296245604e-06,0.0009999973358013974,-1.07142662438976e-06,5.620797046299759e-09,2.507308201388441e-06,-0.0004999914112007731,-7.179489812753298e-07,3.384771822799934e-09,1.342688208697124e-06,-2.236020751259125e-09,-1.164617663455991e-06,0.0009999972684250399,-1.08284694536627e-06
1,2073.32157348594,0.0,4.908973621667952e-06,0.002420359358194256,0.9999970829204846,-0.001125209980615427,0.9980886315211988,-0.0005564755804574112,0.0,0.0,7.384913345731547e-06,0.002837896565509852,1.0,0.0,1.999994238512332,-0.002238552862842247,0.0,0.0,-0.0004999853938623122,1.88309148312653e-06,-5.089813397304733e-12,-1.186729268014192e-08,-3.692464057736565e-09,-1.418951120651491e-06,0.0,0.0,-3.692456672865774e-09,-1.418948282754926e-06,0.0009999971555918476,-1.11334288222682e-06,6.06919460319556e-09,2.605398829039227e-06,-0.0004999915452961468,-7.460364866992644e-07,3.614702883215257e-09,1.395216729582742e-06,-2.454486810833976e-09,-1.210179679097128e-06,0.0009999970829204846,-1.125209980615427e-06
1,2154.434690031867,0.0,5.38076168021357e-06,0.002515048246949692,0.9999968826174412,-0.001169230302694972,0.998088532505786,-0.0005782459476147133,0.0,0.0,7.893546650095118e-06,0.002948920387136737,1.0,0.0,1.999993843623656,-0.0023261292520741,0.0,0.0,-0.0004999850484443541,1.956761523446644e-06,-5.41592336901725e-12,-1.233156725068063e-08,-3.946781218012148e-09,-1.474463142488756e-06,0.0,0.0,-3.946773325047559e-09,-1.474460193568369e-06,0.0009999969610062145,-1.156898949379127e-06,6.553362743170558e-09,2.707326860445323e-06,-0.0004999916900888662,-7.752228018822685e-07,3.862976522203043e-09,1.44980022192223e-06,-2.690380840106785e-09,-1.257524123474846e-06,0.0009999968826174413,-1.169230302694972e-06
1,2238.721138568323,0.0,5.890186245969632e-06,0.002613441443416434,0.9999966663353846,-0.001214972742052806,0.9980884255914987,-0.0006008679924578268,0.0,0.0,8.442755762061438e-06,0.003064287566357262,1.0,0.0,1.999993417233054,-0.002417131714763231,0.0,0.0,-0.0004999846754709936,2.03331360335967e-06,-5.768048303148796e-12,-1.281400515836281e-08,-4.22138632385052e-09,-1.532146847466197e-06,0.0,0.0,-4.221377881030719e-09,-1.532143783178631e-06,0.0009999967508976693,-1.202158972710425e-06,7.076155003133372e-09,2.813242408115113e-06,-0.0004999918464323461,-8.055509101370385e-07,4.131055990252018e-09,1.506519072965453e-06,-2.945093122984816e-09,-1.306720721708217e-06,0.0009999966663353846,-1.214972742052806e-06
1,2326.305067153608,0.0,6.440249700670113e-06,0.00271568385159267,0.9999964327996197,-0.001262504664668627,0.9980883101482191,-0.0006243750310130667,0.0,0.0,9.035777542187873e-06,0.003184168007013507,1.0,0.0,1.999992956827523,-0.00251169427256303,0.0,0.0,-0.0004999842727439613,2.112860462435214e-06,-6.148263462351193e-12,-1.331531697603279e-08,-4.517897806786744e-09,-1.59208718767476e-06,0.0,0.0,-4.517888771093937e-09,-1.592084003506754e-06,0.0009999965240279033,-1.249189607894404e-06,7.640652550219523e-09,2.92330145540469e-06,-0.0004999920152479326,-8.370654758145816e-07,4.420521259826212e-09,1.565456813924504e-06,-3.220124850335057e-09,-1.357841925796335e-06,0.0009999964327996197,-1.262504664668627e-06
1,2417.315480804085,0.0,7.034193928568741e-06,0.002821926042374027,0.9999961806337657,-0.001311896071154028,0.9980881854955638,-0.0006488016822712362,0.0,0.0,9.67610705782107e-06,0.003308738257742774,1.0,0.0,1.999992459693587,-0.002609956188626031,0.0,0.0,-0.0004999838378897947,2.195519249354507e-06,-6.558809649555834e-12,-1.383624107349383e-08,-4.838063205477537e-09,-1.654372437609644e-06,0.0,0.0,-4.838053528910535e-09,-1.654369128871387e-06,0.0009999962790598214,-1.298060117472003e-06,8.250182339180973e-09,3.037666085967181e-06,-0.0004999921975306215,-8.698129100006202e-07,4.733078340773278e-09,1.626700242854125e-06,-3.51709696428437e-09,-1.410963021187013e-06,0.0009999961806337657,-1.311896071154028e-06
1,2511.886431509561,0.0,7.675519427079172e-06,0.002932324475001781,0.9999959083516492,-0.001363219699717949,0.9980880508988761,-0.0006741839191094998,0.0,0.0,1.036751818350723e-05,0.003438181771664637,1.0,0.0,1.999991922901323,-0.002712062172451547,0.0,0.0,-0.0004999833683455857,2.281411694219569e-06,-7.002106411631203e-12,-1.437754470470988e-08,-5.183769459457204e-09,-1.71909432401409e-06,0.0,0.0,-5.183759091753615e-09,-1.719090885832319e-06,0.0009999960145496735,-1.348842472733599e-06,8.908336717977655e-09,3.156504722150391e-06,-0.000499992394354748,-9.038414387740326e-07,5.070569329043108e-09,1.690339552325029e-06,-3.837759713539586e-09,-1.466162237500891e-06,0.0009999959083516492,-1.363219699717949e-06
1,2610.157215682516,0.0,8.368005915296002e-06,0.003047041727143631,0.9999956143485424,-0.001416551133147258,0.9980879055648931,-0.0007005591211989549,0.0,0.0,1.111408582676887e-05,0.003572689176194304,1.0,0.0,1.999991343287077,-0.002818162592721546,0.0,0.0,-0.0004999828613440616,2.370664287580448e-06,-7.480766295975103e-12,-1.494002513750777e-08,-5.557054028055278e-09,-1.786348160786328e-06,0.0,0.0,-5.557042913384436e-09,-1.786344588097152e-06,0.0009999957289385342,-1.401611459574289e-06,9.618994597050595e-09,3.279992372689393e-06,-0.0004999926068802868,-9.392011741268488e-07,5.434983271209296e-09,1.75646846207585e-06,-4.184002957648001e-09,-1.523520863571816e-06,0.0009999956143485426,-1.416551133147258e-06
1,2712.272579332007,0.0,9.115734637709013e-06,0.003166246733941027,0.9999952968917112,-0.001471968909957957,0.9980877486370767,-0.0007279661299748011,0.0,0.0,1.192020996221288e-05,0.003712458553374346,1.0,0.0,1.999990717434841,-0.002928413698434158,0.0,0.0,-0.0004999823138971127,2.463408466441734e-06,-7.997610243975256e-12,-1.552451082743652e-08,-5.960116900663029e-09,-1.856232989145727e-06,0.0,0.0,-5.96010498110644e-09,-1.856229276687173e-06,0.00099999542054313,-1.4564447884762e-06,1.038634430696029e-08,3.408310890053782e-06,-0.0004999928363597639,-9.759441876469957e-07,5.828467871880703e-09,1.825184356836532e-06,-4.557867318854507e-09,-1.583123366970514e-06,0.0009999952968917111,-1.471968909957957e-06
1,2818.382931264432,0.0,9.92311238133617e-06,0.00329011503636958,0.9999949541101985,-0.00152955463987839,0.9980875791905597,-0.0007564453057489178,0.0,0.0,1.279064153525411e-05,0.003857695731131825,1.0,0.0,1.999990041656106,-0.00304297784865589,0.0,0.0,-0.0004999817227783615,2.559780807517289e-06,-8.555684211956893e-12,-1.613186263750946e-08,-6.39533355857711e-09,-1.928851723261644e-06,0.0,0.0,-6.395320767627055e-09,-1.928847865565912e-06,0.000999995087545908,-1.513423208777501e-06,1.121490827901086e-08,3.541649237823069e-06,-0.0004999930841456807,-1.014124587072539e-06,6.253342165419387e-09,1.896588429523244e-06,-4.961556190668085e-09,-1.64505751818479e-06,0.0009999949541101985,-1.52955463987839e-06
1,2928.644564625213,0.0,1.079489746446807e-05,0.003418829039272134,0.9999945839838059,-0.001589393123831869,0.9980873962267014,-0.00078603858704765,0.0,0.0,1.373051048148e-05,0.004008614585882985,1.0,0.0,1.999989311968139,-0.003162023751225719,0.0,0.0,-0.0004999810845039976,2.659923228013315e-06,-9.158277117452646e-12,-1.676297510561576e-08,-6.865268971145821e-09,-2.004311301556078e-06,0.0,0.0,-6.865255240739998e-09,-2.004307292941493e-06,0.0009999947279843335,-1.57263062739385e-06,1.210956969420804e-08,3.680203768477547e-06,-0.0004999933516983135,-1.053798595827425e-06,6.712110167507081e-09,1.970785830012443e-06,-5.397448732234035e-09,-1.709414519636067e-06,0.000999994583983806,-1.589393123831869e-06
1,3043.219887107698,0.0,1.173622777243969e-05,0.003552578279437606,0.9999941843311865,-0.001651572478592585,0.9980871986672013,-0.0008167895522607821,0.0,0.0,1.474535593537496e-05,0.004165437356923951,1.0,0.0,1.99998852407051,-0.003285726710756944,0.0,0.0,-0.0004999803953123494,2.763983194230973e-06,-9.808940216419178e-12,-1.741877776146317e-08,-7.372692713251469e-09,-2.082722843899333e-06,0.0,0.0,-7.37267796768748e-09,-2.082718678461976e-06,0.0009999943397393238,-1.634154232164359e-06,1.307560125748152e-08,3.824178512006725e-06,-0.0004999936405945538,-1.095024635653573e-06,7.207475635129678e-09,2.047885819709643e-06,-5.868113886219843e-09,-1.776289139718803e-06,0.0009999941843311865,-1.651572478592585e-06
1,3162.277660168354,0.0,1.275265102196765e-05,0.003691559704112649,0.9999937527969904,-0.00171618426629499,0.9980869853477431,-0.0008487434836908193,0.0,0.0,1.584115887887094e-05,0.004328394973061879,1.0,0.0,1.999987673319751,-0.003414268886295399,0.0,0.0,-0.0004999796511416382,2.872113938290019e-06,-1.0511508025438e-11,-1.810023649498163e-08,-7.92059528077175e-09,-2.164201814925912e-06,0.0,0.0,-7.920579439435472e-09,-2.164197486530939e-06,0.0009999939205227602,-1.698084620000409e-06,1.411869626660514e-08,3.973785475752376e-06,-0.0004999939525369423,-1.137863412458919e-06,7.74235800322515e-09,2.128001932136349e-06,-6.376325510983827e-09,-1.845779852056324e-06,0.0009999937527969903,-1.71618426629499e-06
1,3285.993247600628,0.0,1.38501574640286e-05,0.003835977960347429,0.9999932868379892,-0.001783323628983757,0.9980867550111383,-0.0008819474340951104,0.0,0.0,1.702437738515528e-05,0.004497727391958306,1.0,0.0,1.999986754701997,-0.003547839559006307,0.0,0.0,-0.0004999788476061362,2.984474683285094e-06,-1.127012091200856e-11,-1.880835497819386e-08,-8.51220571652986e-09,-2.248868193706545e-06,0.0,0.0,-8.512188692577638e-09,-2.248863695979153e-06,0.0009999934678640082,-1.764515930022551e-06,1.524500215874674e-08,4.129244955918816e-06,-0.0004999942893639392,-1.182378005505223e-06,8.319909576666488e-09,2.211252139767144e-06,-6.925078732014302e-09,-1.917988980173715e-06,0.0009999932868379891,-1.783323628983757e-06
1,3414.548873833574,0.0,1.50352151649329e-05,0.003986045695592072,0.9999927837080876,-0.0018530894283983,0.9980865062999146,-0.0009164502958167441,0.0,0.0,1.830198466112876e-05,0.004673683952673977,1.0,0.0,1.999985762803444,-0.003686635410275765,0.0,0.0,-0.0004999779799703258,3.101230877201183e-06,-1.208924948584888e-11,-1.954417614263712e-08,-9.151010631775416e-09,-2.336846650020941e-06,0.0,0.0,-9.150992330564378e-09,-2.336841976336988e-06,0.0009999929790953563,-1.833545981877465e-06,1.64611567321526e-08,4.290785861199196e-06,-0.0004999946530606231,-1.228633960063681e-06,8.94353411457114e-09,2.297759027357468e-06,-7.517607582466452e-09,-1.993022847796036e-06,0.0009999927837080877,-1.8530894283983e-06
1,3548.133892335725,0.0,1.631480812953888e-05,0.004141983869975196,0.9999922404421466,-0.001925584391193079,0.998086237748321,-0.0009523028726037357,0.0,0.0,1.968151014253294e-05,0.004856523741922459,1.0,0.0,1.999984691778449,-0.003830860810627298,0.0,0.0,-0.000499977043120825,3.222554435922619e-06,-1.297372093468481e-11,-2.030878371449871e-08,-9.840774752654196e-09,-2.428266727484971e-06,0.0,0.0,-9.840755071266472e-09,-2.42826187096123e-06,0.0009999924513363022,-1.905276419434219e-06,1.777432725620123e-08,4.45864604898308e-06,-0.000499995045770335,-1.276699383671778e-06,9.616906876509696e-09,2.387649972011612e-06,-8.157404064769441e-09,-2.070991934987598e-06,0.0009999922404421466,-1.925584391193079e-06
1,3686.945064519545,0.0,1.769647744206616e-05,0.004304022080712365,0.9999916538385116,-0.002000915259802312,0.9980859477736894,-0.000989557954219691,0.0,0.0,2.117108385313315e-05,0.005046515974558729,1.0,0.0,1.999983535315091,-0.003980728119868621,0.0,0.0,-0.000499976031536481,3.348623995685901e-06,-1.392874745943549e-11,-2.110330380971454e-08,-1.058556309750767e-08,-2.523263033795339e-06,0.0,0.0,-1.058554192656658e-08,-2.523257987279365e-06,0.000999991881476579,-1.979812860066309e-06,1.919225270004501e-08,4.633072674627882e-06,-0.0004999954698075293,-1.326645046129067e-06,1.034399628266132e-08,2.481057330249621e-06,-8.848238721033081e-09,-2.152011040356183e-06,0.0009999916538385117,-2.000915259802312e-06
1,3831.186849557256,0.0,1.918836569514133e-05,0.004472398899108068,0.9999910204401484,-0.002079192949165426,0.9980856346671112,-0.001028270393952918,0.0,0.0,2.2779484305957e-05,0.005243940388848136,1.0,0.0,1.999982286597979,-0.004136457998899085,0.0,0.0,-0.000499974939255729,3.479625175337062e-06,-1.495995697601183e-11,-2.192890659136327e-08,-1.138976493203031e-08,-2.621975438364457e-06,0.0,0.0,-1.13897421529785e-08,-2.621970194424068e-06,0.0009999912661578306,-2.057265049733659e-06,2.072328932838834e-08,4.814322554294261e-06,-0.0004999959276711097,-1.378544483375148e-06,1.112908729244823e-08,2.578118632341327e-06,-9.594182847570666e-09,-2.236199449554034e-06,0.0009999910204401485,-2.079192949165426e-06
1,3981.071705534939,0.0,2.079926496378445e-05,0.004647362220632216,0.9999903365142776,-0.002160532709537489,0.998085296583368,-0.001068497189134907,0.0,0.0,2.451619021393014e-05,0.005449087657081277,1.0,0.0,1.999980938268103,-0.004298279733624072,0.0,0.0,-0.0004999737598414683,3.615750848769578e-06,-1.607342626425221e-11,-2.278680799178093e-08,-1.225811962288949e-08,-2.724549277628296e-06,0.0,0.0,-1.225809510696507e-08,-2.724543828540638e-06,0.000999990601753825,-2.137747024086583e-06,2.237645993274181e-08,5.002662541863941e-06,-0.0004999964220594455,-1.432474105397732e-06,1.197680665111167e-08,2.678976784185609e-06,-1.039963248189222e-08,-2.323681110316108e-06,0.0009999903365142777,-2.160532709537489e-06
1,4136.820402388472,0.0,2.253866861558038e-05,0.004829169628569063,0.9999895980303821,-0.002245054295616964,0.9980849315300636,-0.001110297564783071,0.0,0.0,2.639143635363439e-05,0.005662259812120563,1.0,0.0,1.999979482379475,-0.004466431571438717,0.0,0.0,-0.0004999724863431892,3.757201427929822e-06,-1.727571675886444e-11,-2.367827150191265e-08,-1.319574456845054e-08,-2.831135568320093e-06,0.0,0.0,-1.31957181768172e-08,-2.831129906060281e-06,0.0009999898843490926,-2.221377275821753e-06,2.416150698785123e-08,5.198369920477126e-06,-0.0004999969558860673,-1.488513308324458e-06,1.289215014122837e-08,2.783780277022968e-06,-1.126933430779019e-08,-2.414584814284531e-06,0.0009999895980303821,-2.245054295616964e-06
1,4298.662347082241,0.0,2.44168272099917e-05,0.00501808877175468,0.9999888006364647,-0.002332882142231658,0.9980845373558823,-0.001153733060486881,0.0,0.0,2.841627382998979e-05,0.00588377069048587,1.0,0.0,1.999977910352325,-0.004641161070760277,0.0,0.0,-0.0004999711112558952,3.904185156793538e-06,-1.857391319273459e-11,-2.460461003051716e-08,-1.420816533118531e-08,-2.941891229013625e-06,0.0,0.0,-1.42081369149949e-08,-2.941885345242935e-06,0.00099998910971586,-2.30827892852862e-06,2.608895004605957e-08,5.40173280924618e-06,-0.0004999975322968198,-1.546744590858617e-06,1.388051202433994e-08,2.892683405280069e-06,-1.220841360499585e-08,-2.50904438587734e-06,0.0009999888006364647,-2.332882142231658e-06
1,4466.835921509593,0.0,2.644480890884661e-05,0.005214397756937125,0.9999879396334074,-0.002424145546832172,0.9980841117379194,-0.001198867620660689,0.0,0.0,3.060263520637818e-05,0.006113946392607914,1.0,0.0,1.999976212922547,-0.004822725464105381,0.0,0.0,-0.0004999696264761794,4.056918416730609e-06,-1.997566531967631e-11,-2.556718783593528e-08,-1.53013482058018e-08,-3.05697931025035e-06,0.0,0.0,-1.530131760318909e-08,-3.056973196303957e-06,0.0009999882732891398,-2.398579917273209e-06,2.817014770724632e-08,5.61305058572177e-06,-0.0004999981546886662,-1.607253675220492e-06,1.49477168081384e-08,3.005846492855451e-06,-1.322240445442331e-08,-2.607198878468563e-06,0.0009999879396334075,-2.424145546832171e-06
1,4641.588833612739,0.0,2.863456466136149e-05,0.005418385556312549,0.9999870099472954,-0.00251897885905131,0.9980836521679954,-0.001245767688291069,0.0,0.0,3.296340476754978e-05,0.006353125760900948,1.0,0.0,1.999974380087142,-0.005011392035226472,0.0,0.0,-0.0004999680232540965,4.21562604368804e-06,-2.148923296172709e-11,-2.65674225332435e-08,-1.648173534701764e-08,-3.176569233576236e-06,0.0,0.0,-1.648170238377489e-08,-3.176562880450474e-06,0.000999987370139847,-2.492413176175162e-06,3.041736452885396e-08,5.832634324708678e-06,-0.0004999988267292421,-1.670129632769365e-06,1.610005356314374e-08,3.123436128166844e-06,-1.431728233068075e-08,-2.709192778156275e-06,0.0009999870099472955,-2.518978859051309e-06
1,4823.178482239265,0.0,3.099899860635366e-05,0.005630352430809699,0.9999860060995216,-0.002617521677596768,0.9980831559378819,-0.001294502302310878,0.0,0.0,3.551249444910809e-05,0.006601660876328836,1.0,0.0,1.999972401045278,-0.005207438510839547,0.0,0.0,-0.0004999662921420234,4.380541657640191e-06,-2.312353464556769e-11,-2.760678717971679e-08,-1.775628273665914e-08,-3.300837039825294e-06,0.0,0.0,-1.775624722455405e-08,-3.300830438164418e-06,0.0009999863949457569,-2.589916833242779e-06,3.284384326950391e-08,6.060807254048864e-06,-0.0004999995523789769,-1.735465014478092e-06,1.734431296733497e-08,3.245625408291589e-06,-1.549949930317683e-08,-2.81517621540485e-06,0.0009999860060995215,-2.617521677596768e-06
1,5011.87233627268,0.0,3.355204408100377e-05,0.005850610369714977,0.9999849221745268,-0.002719919054754021,0.9980826201233518,-0.001345143198736985,0.0,0.0,3.826492574177109e-05,0.006859917574162667,1.0,0.0,1.999970264134691,-0.005411153467494323,0.0,0.0,-0.0004999644229385924,4.551908004766635e-06,-2.48882001136268e-11,-2.86868124416381e-08,-1.913250113592042e-08,-3.429965646998907e-06,0.0,0.0,-1.913246287088555e-08,-3.429958787081334e-06,0.0009999853419601639,-2.691234412740302e-06,3.546388289099868e-08,6.297905228011412e-06,-0.000500000335913936,-1.803355986446738e-06,1.868782729879206e-08,3.372594192543552e-06,-1.677602204050189e-08,-2.925305184857488e-06,0.0009999849221745268,-2.719919054754021e-06
1,5207.948328595417,0.0,3.630874567413642e-05,0.006079483547251026,0.9999837517849481,-0.002826321708785738,0.9980820415669525,-0.001397764915713297,0.0,0.0,4.123691820101527e-05,0.007128275979651817,1.0,0.0,1.999967956762974,-0.005622836754156786,0.0,0.0,-0.0004999624046290452,4.729977312838921e-06,-2.679362701811282e-11,-2.980908884560926e-08,-2.061850033764601e-08,-3.564145118101889e-06,0.0,0.0,-2.061845910050764e-08,-3.564137989825909e-06,0.000999984204978026,-2.796515045371048e-06,3.829292277728101e-08,6.544277218950649e-06,-0.0005000011819514122,-1.873902470641133e-06,2.013851363161074e-08,3.504529365841589e-06,-1.815437283706821e-08,-3.039741773625513e-06,0.0009999837517849482,-2.826321708785738e-06
1,5411.695265464588,0.0,3.92853478500668e-05,0.006317308796741401,0.9999824880340086,-0.002936886244524046,0.998081416859413,-0.001452444902605608,0.0,0.0,4.444598494224294e-05,0.007407131064355481,1.0,0.0,1.999965465333438,-0.0058427999310939,0.0,0.0,-0.0004999602253200203,4.91501166030681e-06,-2.885104213062146e-11,-3.097526911763339e-08,-2.2223036917211e-08,-3.703572939308803e-06,0.0,0.0,-2.222299247112147e-08,-3.70356553217774e-06,0.00099998297729943,-2.905913686569854e-06,4.134763366536745e-08,6.800285827916474e-06,-0.0005000020954768619,-1.947208291053703e-06,2.170492045490433e-08,3.641625112236979e-06,-1.96426739250334e-08,-3.1586543983707e-06,0.0009999824880340086,-2.936886244524046e-06
1,5623.413251903441,0.0,4.249939060805278e-05,0.006564436103016337,0.9999811234748942,-0.003051775382461853,0.9980807423195653,-0.001509263633299734,0.0,0.0,4.791103580892297e-05,0.007696893223906646,1.0,0.0,1.999962775165018,-0.006071366725670104,0.0,0.0,-0.0004999578721697068,5.107283359600666e-06,-3.107256742637786e-11,-3.218707061336815e-08,-2.39555658151004e-08,-3.848454308846546e-06,0.0,0.0,-2.395551790446149e-08,-3.848446611953323e-06,0.0009999816516901234,-3.019591343208251e-06,4.46460158226105e-08,7.066307814923845e-06,-0.0005000030818733681,-2.02338132548706e-06,2.339627801949775e-08,3.784083198979574e-06,-2.124969530402639e-08,-3.282218051508169e-06,0.0009999811234748942,-3.051775382461853e-06
1,5843.414133735124,0.0,4.596981275632102e-05,0.006821229113735344,0.9999796500669028,-0.00317115819665982,0.9980800139726642,-0.001568304723859491,0.0,0.0,5.165248870397932e-05,0.007997988878006651,1.0,0.0,1.999959870405821,-0.006308873505685731,0.0,0.0,-0.0004999553313120297,5.307075355172591e-06,-3.347129143059393e-11,-3.344627784307523e-08,-2.582629600534935e-08,-3.999002436992203e-06,0.0,0.0,-2.582624435198966e-08,-3.998994439003325e-06,0.0009999802203389187,-3.137715309025911e-06,4.820750504708938e-08,7.342734649611999e-06,-0.0005000041469532257,-2.102533663170595e-06,2.522255269908663e-08,3.932113271515218e-06,-2.298490637816051e-08,-3.410614556867672e-06,0.0009999796500669029,-3.17115819665982e-06
1,6072.021956909831,0.0,4.971706346138991e-05,0.007088065670323921,0.9999780591281002,-0.003295210361795919,0.9980792275269863,-0.001629655054706229,0.0,0.0,5.569238984026725e-05,0.008310861093474403,1.0,0.0,1.999956733939801,-0.006555669770908336,0.0,0.0,-0.0004999525877752292,5.514681636828661e-06,-3.606134624509131e-11,-3.475474509492055e-08,-2.784625061245377e-08,-4.155438857598294e-06,0.0,0.0,-2.784619492013363e-08,-4.155430546737201e-06,0.0009999786748117012,-3.260459409112417e-06,5.205308711372963e-08,7.629973083047497e-06,-0.0005000052969923591,-2.184781768421826e-06,2.7194505665957e-08,4.08593315981987e-06,-2.485853173069495e-08,-3.54403283516196e-06,0.0009999780591281003,-3.295210361795919e-06
1,6309.573444801876,0.0,5.376322262571736e-05,0.007365338359244904,0.9999763412841968,-0.003424114409695169,0.998078378348557,-0.001693404897486871,0.0,0.0,6.005454352653317e-05,0.008635970231201273,1.0,0.0,1.99995334728596,-0.006812118663468951,0.0,0.0,-0.0004999496253935698,5.730407668909279e-06,-3.885799070646864e-11,-3.611439916042621e-08,-3.002733181728924e-08,-4.317993751570868e-06,0.0,0.0,-3.002727176326658e-08,-4.317985115600636e-06,0.0009999770060017635,-3.388004253773782e-06,5.620542133817674e-08,7.928445741449865e-06,-0.0005000065387671393,-2.270246650578668e-06,2.932375626187132e-08,4.245769196489053e-06,-2.688161131285868e-08,-3.682669179622452e-06,0.0009999763412841967,-3.424114409695169e-06
1,6556.418494179729,0.0,5.813213090021153e-05,0.007653455084346113,0.9999744864133582,-0.003558059995687856,0.99807746143387,-0.001759648046802721,0.0,0.0,6.476465233529183e-05,0.00897379461788963,1.0,0.0,1.999949690489547,-0.007078597497816826,0.0,0.0,-0.0004999464267122222,5.954570835903575e-06,-4.187770016273724e-11,-3.752724216600723e-08,-3.238239093188338e-08,-4.486906282739434e-06,0.0,0.0,-3.238232616764592e-08,-4.486897308944815e-06,0.0009999752040761884,-3.52053750212897e-06,6.068897398376813e-08,8.238591742642682e-06,-0.0005000078795943524,-2.359054040428283e-06,3.162285040117972e-08,4.411856547014542e-06,-2.906606545010577e-08,-3.826727542173057e-06,0.0009999744864133582,-3.558059995687856e-06
1,6812.920690579551,0.0,6.284953002190735e-05,0.007952839661049423,0.9999724835866175,-0.00369724417515549,0.99807647138043,-0.001828481956976734,0.0,0.0,6.985046840313203e-05,0.009324831243480422,1.0,0.0,1.999945742004589,-0.007355498310948021,0.0,0.0,-0.0004999429728843735,6.187500905094692e-06,-4.513826339385636e-11,-3.899535451468064e-08,-3.492530405205586e-08,-4.662424946571453e-06,0.0,0.0,-3.492523420156601e-08,-4.662415621740211e-06,0.0009999732584179718,-3.658254135792531e-06,6.55301622944798e-08,8.560867336058185e-06,-0.0005000093273741235,-2.451334573370576e-06,3.410533443392936e-08,4.584439552693814e-06,-3.142476501095368e-08,-3.976419830524711e-06,0.0009999724835866176,-3.69724417515549e-06
1,7079.457843841315,0.0,6.794321434739158e-05,0.008263932433168406,0.9999703210035423,-0.003841871690634638,0.9980754023549523,-0.001900007884042294,0.0,0.0,7.534195680225508e-05,0.009689596485202704,1.0,0.0,1.999941478567058,-0.007643228433644846,0.0,0.0,-0.0004999392435605376,6.429540506853158e-06,-4.865888724307617e-11,-4.052089794218169e-08,-3.767105374229521e-08,-4.844807932197838e-06,0.0,0.0,-3.767097840112754e-08,-4.844798242601353e-06,0.0009999711575635157,-3.801356743010208e-06,7.075750999878391e-08,8.89574656714786e-06,-0.0005000108906366568,-2.547223979557491e-06,3.678583488178361e-08,4.763772086631227e-06,-3.397160717369579e-08,-4.131966216584203e-06,0.0009999703210035423,-3.841871690634639e-06
1,7356.422544596346,0.0,7.344319444813519e-05,0.008587190913164705,0.9999679859227796,-0.003992155269859874,0.9980742480590288,-0.001974331033142057,0.0,0.0,8.127147189540551e-05,0.01006862685920599,1.0,0.0,1.999936875057939,-0.007942211083485489,0.0,0.0,-0.0004999352167685267,6.681045633215982e-06,-5.246030957073e-11,-4.210611869188046e-08,-4.063581721896214e-08,-5.034323498229854e-06,0.0,0.0,-4.063573594770276e-08,-5.034313429602996e-06,0.0009999688891351598,-3.950055813625615e-06,7.64018151963044e-08,9.243721967076984e-06,-0.0005000125785922516,-2.646863281259495e-06,3.968014452878127e-08,4.950117923303717e-06,-3.672159722406759e-08,-4.293595456582352e-06,0.0009999679859227797,-3.992155269859874e-06
1,7644.222742525932,0.0,7.938187372213057e-05,0.00892309044667582,0.9999654645870683,-0.004148315935138065,0.998073001692059,-0.002051560711530858,0.0,0.0,8.767394776665327e-05,0.01046247980076361,1.0,0.0,1.999931904355405,-0.008252885980404991,0.0,0.0,-0.000499930868784304,6.942386155401725e-06,-5.656492119034093e-11,-4.375335081305547e-08,-4.383706155749335e-08,-5.231250362861605e-06,0.0,0.0,-4.383697388332663e-08,-5.231239900381805e-06,0.0009999664397683365,-4.104570045266926e-06,8.249633161137203e-08,9.605305268605765e-06,-0.0005000144011856195,-2.750398997714736e-06,4.280531536857511e-08,5.14375112217741e-06,-3.969093686106529e-08,-4.46154522333791e-06,0.0009999654645870683,-4.148315935138065e-06
1,7943.282347242741,0.0,8.579423907753266e-05,0.00927212490216867,0.999962742142286,-0.004310583324457244,0.9980716559112339,-0.002131810487382106,0.0,0.0,9.458710378584811e-05,0.01087173447406335,1.0,0.0,1.999926537175212,-0.008575709985610792,0.0,0.0,-0.000499926173992235,7.213946360936231e-06,-6.09968974988427e-11,-4.546501958724355e-08,-4.729364647895604e-08,-5.43587810876615e-06,0.0,0.0,-4.729355189292406e-08,-5.435867237031675e-06,0.0009999637950329258,-4.265126661153548e-06,8.907696427546341e-08,9.981028149084446e-06,-0.0005000163691542825,-2.857983357726454e-06,4.617975894272239e-08,5.344956425875207e-06,-4.289711953876633e-08,-4.636062451084335e-06,0.000999962742142286,-4.310583324457244e-06
1,8254.041852680108,0.0,9.271806678330658e-05,0.009634807386596368,0.9999598025500488,-0.00447919602474418,0.9980702027883304,-0.002215198354602497,0.0,0.0,0.0001020516665297677,0.01129699261262872,1.0,0.0,1.9999207418984,-0.00891115776467785,0.0,0.0,-0.0004999211047345964,7.496125511077779e-06,-6.578234056876932e-11,-4.724364508756206e-08,-5.102593531682227e-08,-5.64850760330697e-06,0.0,0.0,-5.102583326488386e-08,-5.648496306314359e-06,0.000999960939348351,-4.431961739933669e-06,9.618248078451259e-08,1.037144300151447e-05,-0.0005000184940918834,-2.969774520276221e-06,4.982335467457762e-08,5.554029673408898e-06,-4.635903339165329e-08,-4.817403693298184e-06,0.000999959802550049,-4.47919602474418e-06
1,8576.958985908861,0.0,0.0001001941447133406,0.0100116709879557,0.9999566284933589,-0.004654401917695517,0.9980686337630708,-0.002301846903865166,0.0,0.0,0.0001101116094037735,0.01173887939144113,1.0,0.0,1.999914484385281,-0.009259722475669845,0.0,0.0,-0.0004999156311486369,7.789338419247557e-06,-7.094943253054142e-11,-4.909184587607288e-08,-5.505591481357903e-08,-5.869451434599954e-06,0.0,0.0,-5.505580470188676e-08,-5.869439695720563e-06,0.0009999578558919217,-4.605320557974329e-06,1.038547393676556e-07,1.077712373465153e-05,-0.0005000207885163394,-3.085936803433982e-06,5.375756681717825e-08,5.771278229002698e-06,-5.009707235667031e-08,-5.005835493977852e-06,0.000999956628493359,-4.654401917695516e-06
1,8912.509381337371,0.0,0.0001082665122437606,0.01040326954566445,0.9999532012747432,-0.00483645853861786,0.9980669395927686,-0.002391883500076637,0.0,0.0,0.0001188144112633793,0.01219804433185992,1.0,0.0,1.99990772777462,-0.009621916483154028,0.0,0.0,-0.000499909720990982,8.094016051190048e-06,-7.652860113802124e-11,-5.101234284444429e-08,-5.940732444676383e-08,-6.099034363974289e-06,0.0,0.0,-5.940720563168966e-08,-6.09902216592996e-06,0.000999954526499877,-4.785457944536169e-06,1.121389351016389e-07,1.119866660314993e-05,-0.0005000232659434084,-3.206640921845391e-06,5.800557071309734e-08,5.997021427048154e-06,-5.413325612188031e-08,-5.201634772832227e-06,0.0009999532012747432,-4.83645853861786e-06
1,9261.187281287846,0.0,0.000116982719285854,0.01081017844969666,0.9999495007062903,-0.005025633448722187,0.9980651102979741,-0.002485440466497842,0.0,0.0,0.0001282113356859682,0.01267516224046181,1.0,0.0,1.999900432266852,-0.009998272098997353,0.0,0.0,-0.0004999033394480906,8.41060614760632e-06,-8.255269848049271e-11,-5.300796320334679e-08,-6.410579605399264e-08,-6.337593795393142e-06,0.0,0.0,-6.41056678429841e-08,-6.337581120230903e-06,0.0009999509315605619,-4.972638650275166e-06,1.210838657104113e-07,1.163669106876955e-05,-0.0005000259409662783,-3.332064233086828e-06,6.259238908432665e-08,6.231591033742772e-06,-5.849135964292699e-08,-5.405089224848331e-06,0.0009999495007062902,-5.025633448722187e-06
1,9623.506263980795,0.0,0.0001263941058534256,0.01123299546943322,0.9999455049909408,-0.005222204621327923,0.9980631351037883,-0.002582655275744414,0.0,0.0,0.0001383577323714746,0.01317093418294673,1.0,0.0,1.99989255489005,-0.01038934235085156,0.0,0.0,-0.0004998964489315444,8.739573870012178e-06,-8.905719387962896e-11,-5.508164462622498e-08,-6.917900454355775e-08,-6.585480262407547e-06,0.0,0.0,-6.917886618573732e-08,-6.585467091473365e-06,0.0009999470498991089,-5.167137729523635e-06,1.307422185029298e-07,1.209184069368911e-05,-0.0005000288293413729,-3.462390993184527e-06,6.754503918231981e-08,6.475331725977032e-06,-6.319705292671279e-08,-5.61649773471661e-06,0.000999945504990941,-5.222204621327922e-06
1,9999.999999999904,0.0,0.000136556103915194,0.01167234161320077,0.9999411905943447,-0.005426460842440911,0.9980610023765226,-0.002683670747895891,0.0,0.0,0.0001493133625771748,0.01368608849427889,1.0,0.0,1.999884049247298,-0.01079570177925275,0.0,0.0,-0.000499889008856863,9.081402470595998e-06,-9.608038209111277e-11,-5.723643955326781e-08,-7.465683060199372e-08,-6.843057933227939e-06,0.0,0.0,-7.465668128858738e-08,-6.843044247139447e-06,0.0009999428586529538,-5.369240936811834e-06,1.41170880124536e-07,1.25647840669876e-05,-0.0005000319480808618,-3.597812621597982e-06,7.28926916105291e-08,6.728601588045592e-06,-6.827805195759699e-08,-5.836170806600384e-06,0.0009999411905943448,-5.426460842440912e-06
1,10391.22303835159,0.0,0.0001475285632006588,0.01212886201948902,0.9999365321065251,-0.005638702126178137,0.9980586995553115,-0.00278863525594769,0.0,0.0,0.000161142750365606,0.01422138182625361,1.0,0.0,1.999874865243969,-0.01121794726427837,0.0,0.0,-0.0004998809754051953,9.436593986856374e-06,-1.036636080180272e-10,-5.947551966162151e-08,-8.057153632576781e-08,-7.110705134508628e-06,0.0,0.0,-8.0571375182803e-08,-7.110690913126802e-06,0.000999938333137444,-5.579245138100235e-06,1.524312709291142e-07,1.305621576537564e-05,-0.0005000353155527743,-3.738527975973146e-06,7.866684180001254e-08,6.991772626769104e-06,-7.376428160032939e-08,-6.064431009744508e-06,0.0009999365321065252,-5.638702126178137e-06
1,10797.75162327699,0.0,0.000159376102919318,0.01260322688084736,0.9999315020925543,-0.005859240145519542,0.9980562130783014,-0.002897702938843462,0.0,0.0,0.0001739155618141197,0.01477760023369897,1.0,0.0,1.999864948793337,-0.01165669888271986,0.0,0.0,-0.0004998723012657746,9.805669961822773e-06,-1.118515092370106e-10,-6.180218050807943e-08,-8.695795482255022e-08,-7.388814894449716e-06,0.0,0.0,-8.695778090705986e-08,-7.388800116849485e-06,0.000999933446700783,-5.797458737200321e-06,1.645897059212839e-07,1.356685734927297e-05,-0.0005000389515889964,-3.884743636971234e-06,8.490149508516392e-08,7.265231305622413e-06,-7.968805145965898e-08,-6.301613440423678e-06,0.0009999315020925543,-5.859240145519542e-06
1,11220.18454301952,0.0,0.0001721684914022051,0.01309613240147361,0.999926070931368,-0.00608839867887404,0.9980535283029688,-0.003011033922328742,0.0,0.0,0.0001877070142937143,0.0153555603005384,1.0,0.0,1.99985424149881,-0.01211260079674258,0.0,0.0,-0.000499862935357781,1.018917219065428e-05,-1.206922777393609e-10,-6.4219846350711e-08,-9.3853694854403e-08,-7.677795505829498e-06,0.0,0.0,-9.385350714685714e-08,-7.6777801502692e-06,0.000999928170567442,-6.024202117868539e-06,1.777177843709284e-07,1.409745839534248e-05,-0.0005000428776015253,-4.03667420349643e-06,9.163336650155215e-08,7.549379098473286e-06,-8.608424570110253e-08,-6.548066200736807e-06,0.000999926070931368,-6.08839867887404e-06
1,11659.1440117982,0.0,0.0001859810559002994,0.01360830178951478,0.99992020664178,-0.006326514072951967,0.9980506294201155,-0.003128794547869392,0.0,0.0,0.0002025983182907254,0.01595611030695237,1.0,0.0,1.999842680310927,-0.01258632217501576,0.0,0.0,-0.0004998528225304694,1.058766349444325e-05,-1.302379423980185e-10,-6.673207515609692e-08,-1.012993617436762e-07,-7.978071109586488e-06,0.0,0.0,-1.012991591453627e-07,-7.978055153476184e-06,0.0009999224736691468,-6.259808102063791e-06,1.918928103672038e-07,1.464879756660139e-05,-0.0005000471167085074,-4.194542598622399e-06,9.890209643564768e-08,7.84463306354221e-06,-9.299052795014969e-08,-6.804150894757391e-06,0.0009999202066417801,-6.326514072951967e-06
1,12115.27658628577,0.0,0.000200895124920355,0.01414048628510178,0.9999138746946804,-0.00657393572244024,0.9980474993610342,-0.003251157609880315,0.0,0.0,0.0002186771542911359,0.01658013143888783,1.0,0.0,1.99983019715711,-0.01307855814730306,0.0,0.0,-0.0004998419032394147,1.100172852203237e-05,-1.405446737881415e-10,-6.934256379906578e-08,-1.093387958230053e-07,-8.29008229957535e-06,0.0,0.0,-1.093385771455679e-07,-8.290065719443913e-06,0.0009999163224624292,-6.504622424862819e-06,2.07198246756672e-07,1.522168372123605e-05,-0.0005000516938699906,-4.358580386547837e-06,1.0675048340088e-07,8.15142643819886e-06,-1.004475624601775e-07,-7.07024314255089e-06,0.0009999138746946805,-6.57393572244024e-06
1,12589.25411794155,0.0,0.0002169985056392355,0.01469346622514204,0.9999070378103385,-0.00683102656697879,0.9980441196973081,-0.003378302601511051,0.0,0.0,0.0002360381874959572,0.01722853904116898,1.0,0.0,1.999816718542067,-0.01359003079350974,0.0,0.0,-0.0004998301131965283,1.143197458067366e-05,-1.516731131147622e-10,-7.205515346205104e-08,-1.18019329786535e-07,-8.614286749123524e-06,0.0,0.0,-1.180190937479786e-07,-8.61426952058449e-06,0.0009999096807317281,-6.759004226530954e-06,2.237242051013504e-07,1.581695706125088e-05,-0.000500056636034113,-4.52902810088899e-06,1.152247352836373e-07,8.470209255213638e-06,-1.084992528196177e-07,-7.34673311257102e-06,0.0009999070378103386,-6.83102656697879e-06
1,13081.77474260181,0.0,0.0002343859991927222,0.0152680521458859,0.9998996557396261,-0.007098163605936795,0.998040470532663,-0.003510415969234871,0.0,0.0,0.0002547836233617318,0.01790228391546252,1.0,0.0,1.999802165116475,-0.01412149016818253,0.0,0.0,-0.0004998173829933172,1.187903249634905e-05,-1.636887271358044e-10,-7.487383524141505e-08,-1.273920664645337e-07,-8.951159860015172e-06,0.0,0.0,-1.273918116808659e-07,-8.95114195773126e-06,0.0009999025093768486,-7.023326562245738e-06,2.415679744981706e-07,1.643549032207778e-05,-0.0005000619722956845,-4.706135584625279e-06,1.243747405158366e-07,8.801448981082694e-06,-1.171929995963611e-07,-7.634026072942953e-06,0.000999899655739626,-7.098163605936795e-06
1,13593.56390878512,0.0,0.0002531599568332918,0.01586508592427251,0.999891685027891,-0.007375738431485366,0.9980365303862457,-0.003647691376487072,0.0,0.0,0.0002750238072115607,0.01860235366434534,1.0,0.0,1.999786451211475,-0.01467371536145536,0.0,0.0,-0.0004998036376935022,1.234355750456351e-05,-1.766621911136826e-10,-7.780275596831415e-08,-1.375121786303288e-07,-9.30119543452633e-06,0.0,0.0,-1.375119036057804e-07,-9.301176832172668e-06,0.0009998947661835837,-7.297976929969992e-06,2.608345923227381e-07,1.707819000426481e-05,-0.0005000677340666615,-4.89016234201257e-06,1.342543607464276e-07,9.145631177042638e-06,-1.265799784166459e-07,-7.932542962136257e-06,0.0009998916850278911,-7.375738431485367e-06
1,14125.3754462274,0.0,0.000273430880125673,0.01648544195904348,0.9998830787601308,-0.00766415778045846,0.9980322760666533,-0.003790329976595713,0.0,0.0,0.0002968778713183795,0.01932977408270973,1.0,0.0,1.999769484336292,-0.01524751559742482,0.0,0.0,-0.0004997887963932857,1.282623017242156e-05,-1.906698019842302e-10,-8.084622425192279e-08,-1.484392325367827e-07,-9.664906371128947e-06,0.0,0.0,-1.484389356591898e-07,-9.664887041354865e-06,0.0009998864055761614,-7.583357816966357e-06,2.816374601984569e-07,1.774599764834861e-05,-0.0005000739552602079,-5.081377902766034e-06,1.449217467049914e-07,9.503260183384922e-06,-1.367154400628365e-07,-8.24272097952174e-06,0.0009998830787601308,-7.664157780458459e-06
1,14677.99267622055,0.0,0.0002953180687037379,0.0171300283925852,0.9998737862859735,-0.007963844105485621,0.9980276825359862,-0.003938540695244105,0.0,0.0,0.0003204744332654386,0.02008561059771994,1.0,0.0,1.99975116463605,-0.01584373137092377,0.0,0.0,-0.0004997727717475781,1.332775735277559e-05,-2.0579392409837e-10,-8.400871675305572e-08,-1.602375371069869e-07,-1.004282538447057e-05,0.0,0.0,-1.602372166327193e-07,-1.004280529885997e-05,0.0009998773783500769,-7.87988726543815e-06,3.040990087482156e-07,1.843989115399103e-05,-0.0005000806724898554,-5.280062198811399e-06,1.564396790789125e-07,9.874859827670046e-06,-1.47659034351869e-07,-8.5650141962926e-06,0.0009998737862859735,-7.963844105485621e-06
1,15252.22956539003,0.0,0.0003189503192670474,0.01779978837442865,0.9998637529228972,-0.008275236165869126,0.9980227227631386,-0.00409254052269881,0.0,0.0,0.0003459523495763506,0.02087096975850523,1.0,0.0,1.999731384306687,-0.01646323562364024,0.0,0.0,-0.0004997554694578937,1.384887317121232e-05,-2.221234700708546e-10,-8.729488469647778e-08,-1.729765207400199e-07,-1.043550575022237e-05,0.0,0.0,-1.729761747881753e-07,-1.043548487925261e-05,0.0009998676313837899,-8.187999457771117e-06,3.283514149612526e-07,1.91608861444306e-05,-0.0005000879252836515,-5.486505953895609e-06,1.688759363770137e-07,1.026097415742789e-05,-1.594751596335237e-07,-8.899894187214327e-06,0.0009998637529228971,-8.275236165869126e-06
1,15848.93192461097,0.0,0.0003444666799123652,0.01849570136728915,0.999852919635975,-0.008598789638661857,0.9980173675654894,-0.004252554816028969,0.0,0.0,0.0003734615289427978,0.02168700077673311,1.0,0.0,1.999710026963584,-0.01710693496049731,0.0,0.0,-0.0004997367877201259,1.439034004661866e-05,-2.397544194618571e-10,-9.070956063040924e-08,-1.867311379331542e-07,-1.084352207536733e-05,0.0,0.0,-1.867307644713989e-07,-1.084350038836655e-05,0.0009998571073276093,-8.508145321835454e-06,3.545373763037733e-07,1.991003737725645e-05,-0.0005000957563159741,-5.701011086326076e-06,1.823036918809938e-07,1.066216819791051e-05,-1.722333399561826e-07,-9.247850683644578e-06,0.000999852919635975,-8.598789638661858e-06
1,16468.97865482852,0.0,0.0003720172640275345,0.01921878449647395,0.9998412226922948,-0.008934977750382407,0.998011585438072,-0.004418817611532936,0.0,0.0,0.0004031638097803381,0.02253489711915526,1.0,0.0,1.999686966960277,-0.01777577090717126,0.0,0.0,-0.0004997166166286898,1.495294974602893e-05,-2.587903782222986e-10,-9.42577654419903e-08,-2.015823080540014e-07,-1.126747109447475e-05,0.0,0.0,-2.01581904890169e-07,-1.126744855957763e-05,0.0009998457442679824,-8.840793156788854e-06,3.828109460198911e-07,2.068844020246067e-05,-0.0005001042116571097,-5.923891125101679e-06,1.968019419888827e-07,1.10790287354392e-05,-1.860086320137673e-07,-9.609392248236977e-06,0.0009998412226922947,-8.934977750382407e-06
1,17113.28304161763,0.0,0.0004017641285324767,0.01997009394341674,0.9998285932880976,-0.009284291929777776,0.9980053423692566,-0.004591571947575297,0.0,0.0,0.0004352339070265998,0.02341589815315188,1.0,0.0,1.99966206865338,-0.01847072120957422,0.0,0.0,-0.0004996948375335514,1.553752447441023e-05,-2.793431820532506e-10,-9.794471563767334e-08,-2.176173887473925e-07,-1.170797249247409e-05,0.0,0.0,-2.176169535132999e-07,-1.170794907657594e-05,0.0009998334753652824,-9.186429279796443e-06,4.133384344109246e-07,2.149723206865741e-05,-0.0005001133410429265,-6.155471639665458e-06,2.124559683805486e-07,1.151216512685509e-05,-2.008820642662384e-07,-9.985046971708371e-06,0.0009998285932880976,-9.284291929777775e-06
1,17782.79410038904,0.0,0.0004338822213970531,0.02075072638401293,0.9998149571464742,-0.009647242482012222,0.9979986016418821,-0.004771070198021653,0.0,0.0,0.0004698604337418644,0.02433129084621872,1.0,0.0,1.999635185609466,-0.0191928011760656,0.0,0.0,-0.0004996713223463095,1.614491799998229e-05,-3.01533547064094e-10,-1.01775830897763e-07,-2.349306867311332e-07,-1.216566975440021e-05,0.0,0.0,-2.349302168709322e-07,-1.216564542310936e-05,0.000999820228462992,-9.545558694053377e-06,4.462993812475955e-07,2.233759407827643e-05,-0.0005001231981655863,-6.396090683496395e-06,2.293578366670442e-07,1.19622101355436e-05,-2.169411106985265e-07,-1.037536319200646e-05,0.0009998149571464742,-9.647242482012223e-06
1,18478.49797422272,0.0,0.0004685604038875155,0.02156182047233072,0.9998002340833433,-0.0100243592846219,0.9979913236187069,-0.00495757441643931,0.0,0.0,0.0005072470032283505,0.02528241152024174,1.0,0.0,1.999606159749417,-0.01994306506308031,0.0,0.0,-0.0004996459327918923,1.677601681560384e-05,-3.254917713647236e-10,-1.057567419145272e-07,-2.536240088615378e-07,-1.264123104253239e-05,0.0,0.0,-2.536235016141752e-07,-1.264120576012087e-05,0.000999805925666074,-9.91870577845841e-06,4.818876048628953e-07,2.321075259244021e-05,-0.0005001338409872796,-6.646099251717648e-06,2.476069343584719e-07,1.242982079445438e-05,-2.342802019437577e-07,-1.078091023616536e-05,0.0009998002340833433,-1.00243592846219e-05
1,19201.41938638781,0.0,0.0005060025533377833,0.0224045583701528,0.9997843375392345,-0.01041619250552802,0.997983465510954,-0.005151356691208813,0.0,0.0,0.0005476134179929204,0.02627064766128474,1.0,0.0,1.999574820425365,-0.02072260750477026,0.0,0.0,-0.0004996185196012304,1.74317413366707e-05,-3.513584914942658e-10,-1.098932985235264e-07,-2.738072566098704e-07,-1.313535010129003e-05,0.0,0.0,-2.738067089964602e-07,-1.313532383064237e-05,0.0009997904828861306,-1.030641499924224e-05,5.203123338950069e-07,2.41179808861155e-05,-0.0005001453320788302,-6.905861752859585e-06,2.673105512228779e-07,1.291567929648072e-05,-2.530012766688917e-07,-1.12022791850764e-05,0.0009997843375392345,-1.041619250552802e-05
1,19952.62314968858,0.0,0.0005464287527280811,0.02328016732266017,0.9997671740742208,-0.01082331334334517,0.9979749811286449,-0.005352699511663591,0.0,0.0,0.0005911969522829352,0.02729743978547177,1.0,0.0,1.999540983424974,-0.02153256498714529,0.0,0.0,-0.0004995889216399957,1.811304713587002e-05,-3.792854978733568e-10,-1.141915781379979e-07,-2.95599067338999e-07,-1.364874719017567e-05,0.0,0.0,-2.955984761414676e-07,-1.364871989273589e-05,0.000999773809350753,-1.070925164380012e-05,5.617994281014285e-07,2.506060085399003e-05,-0.0005001577389845968,-7.175756494892443e-06,2.885845053086885e-07,1.342049391249262e-05,-2.732143763640406e-07,-1.164008366133008e-05,0.000999767174074221,-1.082331334334517e-05
1,20733.21573485933,0.0,0.0005900765737501955,0.02418992128040687,0.9997486428231444,-0.01124631479015537,0.9979658206113002,-0.005561896145342307,0.0,0.0,0.0006382537354578943,0.02836428336137854,1.0,0.0,1.99950444989746,-0.02237411736707075,0.0,0.0,-0.0004995569649694775,1.882092621502559e-05,-4.094366137704416e-10,-1.186578944963385e-07,-3.191275059827998e-07,-1.418217004497263e-05,0.0,0.0,-3.191268677289472e-07,-1.418214168068927e-05,0.000999755807074316,-1.112780257691538e-05,6.065926951493116e-07,2.603998476736102e-05,-0.0005001711346162979,-7.456176185561018e-06,3.11553818197443e-07,1.394499993723629e-05,-2.950382868750977e-07,-1.209496064020343e-05,0.0009997486428231443,-1.124631479015537e-05
1,21544.3469003186,0.0,0.0006372024606528283,0.02513514256753609,0.9997286349080612,-0.01168581241684068,0.9979559301374951,-0.005779251026400066,0.0,0.0,0.0006890602439817428,0.02947273078914799,1.0,0.0,1.999465005195255,-0.02324848943632557,0.0,0.0,-0.0004995224618331295,1.955640831412492e-05,-4.419886425942838e-10,-1.232988067328844e-07,-3.445308110511607e-07,-1.473639486730478e-05,0.0,0.0,-3.445301219908714e-07,-1.4736365394574e-05,0.0009997363702871941,-1.156267701948489e-05,6.549553108046914e-07,2.705755708212672e-05,-0.0005001855976778102,-7.747528447025077e-06,3.363534432756936e-07,1.44899606632161e-05,-3.186012303264142e-07,-1.256757128376804e-05,0.0009997286349080613,-1.168581241684068e-05
1,22387.21138568315,0.0,0.000688083222589756,0.02611720359596782,0.9997070328046108,-0.01214244518097587,0.9979452516116382,-0.006005080155179571,0.0,0.0,0.0007439149104406795,0.03062439343631358,1.0,0.0,1.999422417624849,-0.02415695253074623,0.0,0.0,-0.00049948520956411,2.032056225746313e-05,-4.771323886674084e-10,-1.281211287823495e-07,-3.719581991348244e-07,-1.531222734255023e-05,0.0,0.0,-3.719574552203397e-07,-1.531219671815679e-05,0.0009997153848202384,-1.201450734977035e-05,7.071713504969354e-07,2.811479629774987e-05,-0.0005002012131231637,-8.050236344721035e-06,3.631290511186901e-07,1.505616838256236e-05,-3.44041611294878e-07,-1.305860179798391e-05,0.0009997070328046109,-1.214244518097588e-05
1,23263.05067153601,0.0,0.0007430176428308674,0.02713752862502259,0.9996837096587563,-0.0126168762571775,0.9979337223262167,-0.006239711508891234,0.0,0.0,0.0008031398585650606,0.03182094373004542,1.0,0.0,1.999376437099785,-0.02510082618427471,0.0,0.0,-0.0004994449894070163,2.111449733664976e-05,-5.15073756996921e-10,-1.331319391284193e-07,-4.015707324220179e-07,-1.591050368596644e-05,0.0,0.0,-4.015699292825304e-07,-1.591047186502271e-05,0.0009996927274410286,-1.248394992709721e-05,7.63547440826073e-07,2.921323686679765e-05,-0.0005002180726504102,-8.364738930289424e-06,3.920378763928052e-07,1.564444541675774e-05,-3.715088214154337e-07,-1.35687643125113e-05,0.0009996837096587564,-1.26168762571775e-05
1,24173.15480804078,0.0,0.0008023282138254423,0.02819759556564876,0.9996585285501042,-0.0131097938896829,0.9979212745976348,-0.00648348546329067,0.0,0.0,0.0008670827739241105,0.03306411730522225,1.0,0.0,1.999326793688343,-0.02608147982748766,0.0,0.0,-0.00049940156524729,2.193936473001584e-05,-5.560349379428e-10,-1.38338590907083e-07,-4.335422540444086e-07,-1.653209171672843e-05,0.0,0.0,-4.335413869620553e-07,-1.653205865261113e-05,0.0009996682651382393,-1.297168593780476e-05,8.244145402119273e-07,3.035447115436316e-05,-0.0005002362752340589,-8.691491798317472e-06,4.23249630970479e-07,1.625564517394322e-05,-4.011641069127212e-07,-1.409879778282438e-05,0.0009996585285501041,-1.31097938896829e-05
1,25118.86431509553,0.0,0.0008663630076844735,0.02929893782807422,0.9996313416976971,-0.0136219122667913,0.9979078353736146,-0.006736755225172085,0.0,0.0,0.0009361189206895659,0.03435571520737245,1.0,0.0,1.999273196047824,-0.02710033452990591,0.0,0.0,-0.0004993546822420064,2.279635895771084e-05,-6.002556830881038e-10,-1.437487223753816e-07,-4.68060396464062e-07,-1.717789195940143e-05,0.0,0.0,-4.68059460344783e-07,-1.717785760368623e-05,0.0009996418543501266,-1.347842226311461e-05,8.901298585569114e-07,3.154015144632429e-05,-0.0005002559276992974,-9.030967656538814e-06,4.569474883516916e-07,1.689065323334936e-05,-4.331815038422367e-07,-1.464946891403711e-05,0.000999631341697697,-1.36219122667913e-05
1,26101.57215682508,0.0,0.0009354976924484692,0.03044314621130634,0.999601989603925,-0.01415397241663743,0.9978933258100071,-0.006999887275416066,0.0,0.0,0.001010653315554499,0.03569760614911591,1.0,0.0,1.999215329736813,-0.02815886478506516,0.0,0.0,-0.0004993040653433617,2.368671937148488e-05,-6.479946790411485e-10,-1.493702677562565e-07,-5.053276684304088e-07,-1.784883877216411e-05,0.0,0.0,-5.053266577772497e-07,-1.784880307455795e-05,0.0009996133401328877,-1.400489236842773e-05,9.61078926511042e-07,3.277199200499751e-05,-0.0005002771453406774,-9.383656909022365e-06,4.933291447891051e-07,1.755038845619815e-05,-4.677488462242346e-07,-1.522157310565317e-05,0.000999601989603925,-1.415397241663743e-05
1,27122.72579331998,0.0,0.00101013770517102,0.03163187083245336,0.9995703001318336,-0.01470674312358105,0.9978776608146802,-0.007273261822237967,0.0,0.0,0.001091123070762201,0.03709172881826298,1.0,0.0,1.999152855396178,-0.02925860033696126,0.0,0.0,-0.0004992494177077228,2.461173167785146e-05,-6.995310263472914e-10,-1.55211468470193e-07,-5.455626265045005e-07,-1.85459015008603e-05,0.0,0.0,-5.455615353811006e-07,-1.854586440913149e-05,0.0009995825552643442,-1.455185721338021e-05,1.03767782568997e-06,3.405177117028679e-05,-0.0005003000525892476,-9.750068251719373e-06,5.326079629668539e-07,1.823580412218929e-05,-5.050688525855099e-07,-1.581593541622668e-05,0.0009995703001318336,-1.470674312358105e-05
1,28183.82931264423,0.0,0.001090720593658914,0.03286682309332252,0.9995360875108135,-0.01528102186428351,0.9978607485560018,-0.007557273264178091,0.0,0.0,0.001177999919026895,0.03854009423518678,1.0,0.0,1.999085406788855,-0.0304011280460655,0.0,0.0,-0.0004991904189809437,2.557272949291482e-05,-7.551658311557717e-10,-1.612808847642841e-07,-5.890011375139779e-07,-1.927008565768762e-05,0.0,0.0,-5.889999595134476e-07,-1.927004711759339e-05,0.0009995493192780413,-1.512010618178199e-05,1.120375592006372e-06,3.538133350390617e-05,-0.0005003247837311181,-1.013072927962162e-05,5.750142044561703e-07,1.894788909042181e-05,-5.453602968294572e-07,-1.643341154666126e-05,0.0009995360875108136,-1.528102186428351e-05
1,29286.44564625204,0.0,0.001177718539588724,0.03414977768116283,0.99949915126528,-0.01587763576229908,0.9978424899332572,-0.007852330662254556,0.0,0.0,0.00127179293400026,0.04004478815646687,1.0,0.0,1.999012588687816,-0.03158809379262595,0.0,0.0,-0.0004991267234508712,2.6571095926778e-05,-8.152239177757602e-10,-1.675874077492069e-07,-6.358977387931779e-07,-2.002243412302159e-05,0.0,0.0,-6.358964670001299e-07,-2.002239407823344e-05,0.0009995134374225364,-1.571045803032687e-05,1.209656805133472e-06,3.676259197365925e-05,-0.0005003514836817713,-1.052618710454547e-05,6.207963576208373e-07,1.968766898330017e-05,-5.888592697943619e-07,-1.707488884058141e-05,0.00099949915126528,-1.587763576229908e-05
1,30432.19887107688,0.0,0.001271641076515527,0.0354825745997534,0.9994592750605767,-0.01649744255973295,0.997822778006146,-0.00815885822056347,0.0,0.0,0.00137305146093869,0.04160797352110077,1.0,0.0,1.998933974600874,-0.03282120441442905,0.0,0.0,-0.00049905795805745,2.760826519491305e-05,-8.800556707631257e-10,-1.741402718544433e-07,-6.865271035203644e-07,-2.080402836852391e-05,0.0,0.0,-6.86525730469345e-07,-2.080398676055038e-05,0.0009994746995402976,-1.63237618546961e-05,1.306044378028205e-06,3.819753017408391e-05,-0.0005003803088205888,-1.093700898241391e-05,6.702225681295008e-07,2.045620739163262e-05,-6.358205382577635e-07,-1.77412872998767e-05,0.0009994592750605768,-1.649744255973294e-05
1,31622.77660168344,0.0,0.00137303801732334,0.03686712122628087,0.999416225459947,-0.01714133160420263,0.9978014973803181,-0.008477295774455182,0.0,0.0,0.001482368273209467,0.04323189293477883,1.0,0.0,1.998849104320149,-0.03410222967557382,0.0,0.0,-0.0004989837202491049,2.868572425336071e-05,-9.500390157048059e-10,-1.809490677117821e-07,-7.411856189733738e-07,-2.161598969928234e-05,0.0,0.0,-7.411841366047334e-07,-2.161594646738942e-05,0.0009994328788602022,-1.696089807137119e-05,1.410102561401448e-06,3.968820457900078e-05,-0.0005004114278890914,-1.136378294863075e-05,7.235821797017236e-07,2.125460709873912e-05,-6.8651900866167e-07,-1.843356061314043e-05,0.000999416225459947,-1.714133160420263e-05
1,32859.93247600617,0.0,0.001482502606577417,0.0383053943885909,0.9993697505859942,-0.01781022484898458,0.9977785235456944,-0.008808099285239982,0.0,0.0,0.001600382971346903,0.04491887118681625,1.0,0.0,1.998757481283253,-0.03543300426211284,0.0,0.0,-0.0004989035756744614,2.980501445400217e-05,-1.025581548407201e-09,-1.880237554768091e-07,-8.001930860562753e-07,-2.245948051227931e-05,0.0,0.0,-8.001914856734516e-07,-2.245943559340812e-05,0.0009993877306972588,-1.762277941312825e-05,1.522440179034777e-06,4.123674682063603e-05,-0.0005004450229584984,-1.180711845990157e-05,7.81187393243636e-07,2.208401132094618e-05,-7.412513032887085e-07,-1.915269719429545e-05,0.0009993697505859941,-1.781022484898458e-05
1,34145.48873833563,0.0,0.001600674914311123,0.03979944245643251,0.9993195786796042,-0.01850507786382295,0.997753722164104,-0.009151741340176574,0.0,0.0,0.00172778564248155,0.04667131779330735,1.0,0.0,1.998658569732338,-0.03681542979961713,0.0,0.0,-0.0004988170556976257,3.096773321543543e-05,-1.107122822747936e-09,-1.95374678597627e-07,-8.638945490268077e-07,-2.333570556797147e-05,0.0,0.0,-8.638928212407748e-07,-2.333565889665367e-05,0.0009993389910527338,-1.831035193579418e-05,1.6437141109073e-06,4.284536598900375e-05,-0.0005004812904714773,-1.226764704055769e-05,8.433750530765373e-07,2.294560496134504e-05,-8.003374571555616e-07,-1.989972122821625e-05,0.0009993195786796043,-1.850507786382295e-05
1,35481.33892335714,0.0,0.001728245488872289,0.04135138743921619,0.9992654165488607,-0.01922688085342338,0.9977269483025377,-0.009508711656272033,0.0,0.0,0.001865320799149472,0.04849172955891269,1.0,0.0,1.998551791656279,-0.03825147688682674,0.0,0.0,-0.0004987236547232543,3.217553570421076e-05,-1.195136808009399e-09,-2.030125780394869e-07,-9.326622648956424e-07,-2.42459132711859e-05,0.0,0.0,-9.326603995747362e-07,-2.424586477945635e-05,0.0009992863751074183,-1.902459603340336e-05,1.774633042211916e-06,4.451635094412192e-05,-0.0005005204423631227,-1.274602293109051e-05,9.105085695304146e-07,2.38406158731264e-05,-8.641227444361444e-07,-2.06756937196081e-05,0.0009992654165488608,-1.922688085342338e-05
1,36869.45064519533,0.0,0.001865959287522624,0.04296342708158007,0.9992069478999767,-0.01997665968013872,0.9976980456080787,-0.009879517586167086,0.0,0.0,0.002013791617677008,0.05038269314838072,1.0,0.0,1.99843652350027,-0.03974318713853343,0.0,0.0,-0.0004986228273186621,3.343013652028258e-05,-1.29013452707679e-09,-2.109486069733282e-07,-1.006897822630202e-06,-2.519139695688351e-05,0.0,0.0,-1.006895808838504e-06,-2.519134657419036e-05,0.000999229575600293,-1.976652745839471e-05,1.91596149750687e-06,4.625207263238327e-05,-0.00050056270726756,-1.324292373624603e-05,9.82979987786322e-07,2.477031612816617e-05,-9.329796437613121e-07,-2.148171354079004e-05,0.0009992069478999767,-1.997665968013872e-05
1,38311.86849557243,0.0,0.002014619904805571,0.04463783694666144,0.9991438315417817,-0.02075547688677499,0.9976668454203321,-0.01026468462409456,0.0,0.0,0.00217406449771218,0.05234688765743318,1.0,0.0,1.998312092626157,-0.04129267522970126,0.0,0.0,-0.0004985139851176046,3.473331137951842e-05,-1.392666887440658e-09,-2.191943459353586e-07,-1.087034422920811e-06,-2.617349617560424e-05,0.0,0.0,-1.08703224885609e-06,-2.617344382871659e-05,0.0009991682610843752,-2.053719834292627e-05,2.068524180463007e-06,4.805498639698781e-05,-0.0005006083318156579,-1.375905106959464e-05,1.061212213440246e-06,2.573602328582015e-05,-1.007309952402786e-06,-2.231891847333072e-05,0.0009991438315417817,-2.075547688677499e-05
1,39810.71705534926,0.0,0.002175094119763533,0.04637697247542109,0.999075699454778,-0.02156443271479296,0.9976331658169034,-0.0106647569095759,0.0,0.0,0.002347073965651703,0.05438708717098745,1.0,0.0,1.998177773505787,-0.04290213093154476,0.0,0.0,-0.0004983964934907048,3.608689878499419e-05,-1.503327717493597e-09,-2.27761818463844e-07,-1.173539329899338e-06,-2.71935979725809e-05,0.0,0.0,-1.173536982825851e-06,-2.719354358549373e-05,0.000999102074051009,-2.13376982167518e-05,2.233210640927294e-06,4.992763427075891e-05,-0.000500657582030703,-1.429513119100608e-05,1.145661405951207e-06,2.67391016560759e-05,-1.087547059881766e-06,-2.318848623771055e-05,0.000999075699454778,-2.156443271479296e-05
1,41368.20402388459,0.0,0.002348316784445643,0.04818327100860885,0.9990021547152279,-0.02240466611244823,0.9975968105872155,-0.01108029772615896,0.0,0.0,0.002533827946213485,0.05650616329482745,1.0,0.0,1.998032783628586,-0.04457382112884102,0.0,0.0,-0.00049826966796572,3.749280167752653e-05,-1.622757021135108e-09,-2.366635072180756e-07,-1.266916506934734e-06,-2.825313815357701e-05,0.0,0.0,-1.266913973106743e-06,-2.825308164741372e-05,0.0009990306289133577,-2.216915501639279e-05,2.410980292323506e-06,5.187264723787887e-05,-0.0005007107448288944,-1.485191563293988e-05,1.23681955178417e-06,2.77809635503035e-05,-1.174158392222822e-06,-2.409163550430443e-05,0.000999002154715228,-2.240466611244823e-05
1,42986.62347082227,0.0,0.002535296077443027,0.05005925375599798,0.9989227692642038,-0.02327735572658988,0.9975575681296877,-0.01151188999209306,0.0,0.0,0.002735413427752853,0.05870708764474374,1.0,0.0,1.997876279103506,-0.04631009180613033,0.0,0.0,-0.000498132770380813,3.895298905445214e-05,-1.751644464191669e-09,-2.459123705830924e-07,-1.36770944928963e-06,-2.935360252945952e-05,0.0,0.0,-1.367706713876427e-06,-2.935354382237187e-05,0.0009989535098393022,-2.303273607954046e-05,2.60286780374572e-06,5.389274744907973e-05,-0.0005007681296318733,-1.543018181084837e-05,1.335217229727793e-06,2.886307051182699e-05,-1.267648038721514e-06,-2.502962687799899e-05,0.0009989227692642037,-2.327735572658988e-05
1,44668.35921509578,0.0,0.002737119147477086,0.05200752769531697,0.9988370815109479,-0.02418372087091649,0.9975152102670066,-0.01196013673938246,0.0,0.0,0.002953002548315098,0.06099293427482697,1.0,0.0,1.997707349934347,-0.0481133699886447,0.0,0.0,-0.0004979850047519968,4.046949754410618e-05,-1.890733106602949e-09,-2.555218597621423e-07,-1.476504227160391e-06,-3.049652813034775e-05,0.0,0.0,-1.476501274157549e-06,-3.049646713741349e-05,0.0009988702684233996,-2.392964911772821e-05,2.809988892461105e-06,5.599075037258351e-05,-0.0005008300700990037,-1.603073361231477e-05,1.441426581603136e-06,2.998693451739731e-05,-1.368559573738543e-06,-2.600376384765848e-05,0.000998837081510948,-2.418372087091649e-05
1,46415.88833612725,0.0,0.002954958173432387,0.05403078738084656,0.9987445937593367,-0.02512502246245589,0.9974694909739561,-0.01242566157714869,0.0,0.0,0.003187859130963311,0.06336688202397238,1.0,0.0,1.99752501494638,-0.04998616562176865,0.0,0.0,-0.0004978255128353093,4.204443292161195e-05,-2.040823394703622e-09,-2.65505936356975e-07,-1.593932753340864e-06,-3.16835043788682e-05,0.0,0.0,-1.593929565481655e-06,-3.168344101198619e-05,0.0009987804211870435,-2.486114315931276e-05,3.03354654391469e-06,5.816956686057875e-05,-0.0005008969259873153,-1.665440195881395e-05,1.556064502240249e-06,3.11541191393681e-05,-1.477479086716194e-06,-2.701539369042328e-05,0.0009987445937593366,-2.512502246245589e-05
1,48231.7848223925,0.0,0.003190076868530489,0.05613181663890417,0.998644769445651,-0.02610256391688308,0.997420145011966,-0.01290910913466284,0.0,0.0,0.003441345698266041,0.06583221675673279,1.0,0.0,1.997328216340988,-0.05193107337056618,0.0,0.0,-0.0004976533693641233,4.367997154965109e-05,-2.202777428221421e-09,-2.75879090433944e-07,-1.720676290479045e-06,-3.291617421058314e-05,0.0,0.0,-1.72067284913302e-06,-3.29161083783664e-05,0.0009986834468953374,-2.58285094536831e-05,3.274837687707392e-06,6.043220510821793e-05,-0.0005009690851480869,-1.730204533310692e-05,1.679796063365201e-06,3.236624065694922e-05,-1.595038434265244e-06,-2.806590831945208e-05,0.000998644769445651,-2.610256391688308e-05
1,50118.72336272663,0.0,0.003443837457746818,0.05831349012437199,0.9985370301753187,-0.02711769199200409,0.997366886464291,-0.01341114547877311,0.0,0.0,0.003714930997346322,0.06839233347138536,1.0,0.0,1.997115813854053,-0.05395077431837179,0.0,0.0,-0.0004974675769397058,4.537836172562038e-05,-2.377523516791227e-09,-2.866563590713881e-07,-1.857469213604513e-06,-3.419623512802616e-05,0.0,0.0,-1.857465498673161e-06,-3.419616673569268e-05,0.000998578783678734,-2.683308232636771e-05,3.535260359382695e-06,6.27817724789945e-05,-0.0005010469656686195,-1.797455026438747e-05,1.813338186671764e-06,3.362496910331838e-05,-1.721918728873409e-06,-2.9156745062186e-05,0.0009985370301753187,-2.711769199200409e-05
1,52079.48328595401,0.0,0.003717708158731212,0.06057877470901565,0.9984207525457096,-0.02817179756729885,0.9973094071654246,-0.01393245849974345,0.0,0.0,0.004010198068242765,0.07105073824443849,1.0,0.0,1.996886578492586,-0.05604803754061517,0.0,0.0,-0.0004972670605527252,4.714192491411069e-05,-2.56606104082377e-09,-2.978533453810003e-07,-2.005103044319902e-06,-3.552544017295746e-05,0.0,0.0,-2.005099034121383e-06,-3.552536912221924e-05,0.0009984658259468762,-2.787623997331633e-05,3.816321379186899e-06,6.52214771668765e-05,-0.0005011310181684547,-1.867283176221158e-05,1.957463582113122e-06,3.493202923359396e-05,-1.858854079365606e-06,-3.028938735450783e-05,0.0009984207525457096,-2.817179756729884e-05
1,54116.95265464572,0.0,0.004013271197893749,0.06293073066853858,0.998295264741568,-0.02926631634582158,0.9972473750181278,-0.01447375825873124,0.0,0.0,0.004328852889726065,0.07381104997675275,1.0,0.0,1.996639185823201,-0.05822572152690624,0.0,0.0,-0.0004970506617129888,4.897305684088433e-05,-2.769465631426067e-09,-3.094862379926545e-07,-2.164430773715698e-06,-3.690559879942636e-05,0.0,0.0,-2.164426444863032e-06,-3.690552498837638e-05,0.0009983439210816333,-2.895940518108465e-05,4.119644580237746e-06,6.775462966169675e-05,-0.0005012217282599901,-1.939783368910732e-05,2.113004968019329e-06,3.628920139669678e-05,-2.006635598946875e-06,-3.146536533426929e-05,0.000998295264741568,-2.926631634582159e-05
1,56234.13251903423,0.0,0.00433223139428579,0.06537251263110866,0.9981598428891565,-0.03040272946298439,0.9971804321911728,-0.01503577728925526,0.0,0.0,0.004672733637860027,0.07667700190195224,1.0,0.0,1.996372208784952,-0.0604867754209115,0.0,0.0,-0.0004968171321632908,5.087422842146817e-05,-2.988894683714487e-09,-3.215718309885958e-07,-2.33637149166379e-06,-3.833857762797801e-05,0.0,0.0,-2.336366818930014e-06,-3.833850095097612e-05,0.0009982123658957955,-3.008404595792711e-05,4.446979619716892e-06,7.03846439799991e-05,-0.0005013196191835795,-2.01505290604552e-05,2.280859590342536e-06,3.76983222919321e-05,-2.166115697142895e-06,-3.268625631555433e-05,0.0009981598428891565,-3.040272946298439e-05
1,58434.14133735106,0.0,0.004676425345080223,0.06790737024541432,0.9980137071547555,-0.03158256398478289,0.9971081931907223,-0.01561927084403347,0.0,0.0,0.005043820593873427,0.07965244281280384,1.0,0.0,1.996084109998261,-0.06283424004367635,0.0,0.0,-0.0004965651271523069,5.284798649404831e-05,-3.225593217234372e-09,-3.34127544268774e-07,-2.521915340757494e-06,-3.982630105884473e-05,0.0,0.0,-2.521910296936713e-06,-3.982622140640192e-05,0.0009980704028435055,-3.125167605889347e-05,4.800211407756543e-06,7.31150386187639e-05,-0.0005014252546271109,-2.09319202588076e-05,2.461994058791067e-06,3.916128558868652e-05,-2.338212672540112e-06,-3.395368512270716e-05,0.0009980137071547554,-3.158256398478289e-05
1,60720.21956909812,0.0,0.005047831247205189,0.07053864852113514,0.9978560175727911,-0.03280739327584659,0.9970302427980501,-0.0162250170774938,0.0,0.0,0.005444246738663061,0.08274133795572254,1.0,0.0,1.995773233540922,-0.06527124866175678,0.0,0.0,-0.0004962931982415292,5.489695432262182e-05,-3.480900096249364e-09,-3.471714443245678e-07,-2.722128813578173e-06,-4.137075171919922e-05,0.0,0.0,-2.722123369331531e-06,-4.137066897786127e-05,0.0009979172159681306,-3.246385538591019e-05,5.181370189577084e-06,7.594943718415434e-05,-0.0005015392417409836,-2.174303914822618e-05,2.657449518143005e-06,4.068004238493825e-05,-2.523915623602595e-06,-3.526932426056757e-05,0.0009978560175727912,-3.280739327584659e-05
1,63095.73444801856,0.0,0.005448579390398108,0.07326978778899745,0.997685869588589,-0.03407883721528951,0.9969461338661965,-0.01685381715307199,0.0,0.0,0.005876309072108121,0.08594776953744394,1.0,0.0,1.9954377961616,-0.06780102745677774,0.0,0.0,-0.0004959997856204962,5.702383183218192e-05,-3.756254621322297e-09,-3.607222653929741e-07,-2.938160412363595e-06,-4.29739707164915e-05,0.0,0.0,-2.938154536054061e-06,-4.297388476872197e-05,0.0009977519265730107,-3.372219024148823e-05,5.59264231709947e-06,7.889156864158375e-05,-0.0005016622343595595,-2.258494707245949e-05,2.868347173321258e-06,4.225660147729725e-05,-2.724289695199054e-06,-3.663489389449873e-05,0.000997685869588589,-3.407883721528951e-05
1,65564.18494179708,0.0,0.005880963357247124,0.07610432322127975,0.9975022893005818,-0.03539856223568252,0.9968553849680527,-0.01750649526309796,0.0,0.0,0.006342480695719743,0.08927593678117017,1.0,0.0,1.995075877900947,-0.07042689564780448,0.0,0.0,-0.0004956832099035496,5.923139553311437e-05,-4.05320350179702e-09,-3.747994309576576e-07,-3.171246690340612e-06,-4.463805766652187e-05,0.0,0.0,-3.171240347859872e-06,-4.463796839058509e-05,0.0009975735886003656,-3.502833341212196e-05,6.036381746643226e-06,8.194526712696667e-05,-0.0005017949364392177,-2.345873471887435e-05,3.095894187056494e-06,4.38930294120036e-05,-2.940481678623562e-06,-3.805216161063988e-05,0.000997502289300582,-3.539856223568253e-05
1,68129.20690579529,0.0,0.006347451965891905,0.07904588384669753,0.9973042283867897,-0.03676828115754828,0.9967574778883723,-0.01818389854762886,0.0,0.0,0.006845423697184216,0.09273015546207952,1.0,0.0,1.994685412090418,-0.07315226521215176,0.0,0.0,-0.0004953416633828034,6.152249808695368e-05,-4.373408216419078e-09,-3.894230755568337e-07,-3.422718694015369e-06,-4.636517046119523e-05,0.0,0.0,-3.422711848592108e-06,-4.636507773103976e-05,0.0009973811837036288,-3.638398405460348e-05,6.515122299357251e-06,8.511447125192623e-05,-0.0005019381057250333,-2.436552182789398e-05,3.341389968959006e-06,4.559145028269364e-05,-3.173725982945953e-06,-3.952294192334877e-05,0.0009973042283867896,-3.676828115754828e-05
1,70794.57843841292,0.0,0.006850701990557862,0.08209819098598534,0.9970905587005358,-0.03818975278857077,0.9966518549522744,-0.01888689689700071,0.0,0.0,0.007388002875038602,0.09631485684394354,1.0,0.0,1.994264174699175,-0.07598064014393249,0.0,0.0,-0.0004949732007107771,6.390006746006486e-05,-4.718652766299172e-09,-4.046140668509586e-07,-3.694008825522531e-06,-4.815752473682861e-05,0.0,0.0,-3.694001437519301e-06,-4.815742842197177e-05,0.0009971736159986398,-3.779088735536172e-05,7.031590720633725e-06,8.840322282795226e-05,-0.0005020925576558893,-2.530645672541975e-05,3.606232874652372e-06,4.735404523676858e-05,-3.425350995278931e-06,-4.104909549299267e-05,0.0009970905587005359,-3.818975278857077e-05
1,73564.22544596322,0.0,0.007393571694299453,0.08526505602614828,0.9968600665207696,-0.03966478125319787,0.9965379161830106,-0.01961638262113375,0.0,0.0,0.007973300340664125,0.100034585929674,1.0,0.0,1.993809773000246,-0.07891561518271528,0.0,0.0,-0.000494575728987881,6.636710560579831e-05,-5.090851820600898e-09,-4.203940278953258e-07,-3.986658143632313e-06,-5.001739299942295e-05,0.0,0.0,-3.986650170332062e-06,-5.001729296483701e-05,0.0009969497064794765,-3.925083392951741e-05,7.588720573827683e-06,9.181566492597733e-05,-0.0005022591695194034,-2.628271565307313e-05,3.891927333105932e-06,4.918305164784715e-05,-3.696785847149727e-06,-4.263252801307414e-05,0.0009968600665207696,-3.966478125319787e-05
1,76442.22742525907,0.0,0.007979135206646192,0.08855037744226113,0.9966114464429695,-0.04119521501447727,0.9964150162820578,-0.02037326996672923,0.0,0.0,0.00860463103320619,0.1038939989288819,1.0,0.0,1.993319633528346,-0.08196087393709693,0.0,0.0,-0.0004941469972305629,6.892668660895846e-05,-5.492059250596586e-09,-4.367853595541801e-07,-4.30232412123489e-06,-5.194710335843987e-05,0.0,0.0,-4.302315516603094e-06,-5.194699946444095e-05,0.000996708187085376,-4.076565892261966e-05,8.189667002036178e-06,9.535603917853607e-05,-0.0005024388848664102,-2.72955018684037e-05,4.200091419577918e-06,5.108076190702809e-05,-3.989567603323096e-06,-4.427518872113057e-05,0.0009966114464429695,-4.119521501447727e-05
1,79432.82347242715,0.0,0.00861069777665989,0.09195813696576596,0.9963432948976048,-0.04278294554578907,0.9962824614251007,-0.0211584944614309,0.0,0.0,0.009285559180593594,0.1078978598349207,1.0,0.0,1.992790989303703,-0.08512018631975565,0.0,0.0,-0.0004936845851975791,7.158195421925681e-05,-5.924477041904312e-09,-4.538112629834753e-07,-4.64278887585647e-06,-5.394903781532019e-05,0.0,0.0,-4.642779590296798e-06,-5.394892991746037e-05,0.0009964476944060979,-4.233724077396659e-05,8.837822389349654e-06,9.90286822215342e-05,-0.000502632718194132,-2.834604448411285e-05,4.53246489032142e-06,5.304952178051421e-05,-4.305348888329945e-06,-4.597906848288298e-05,0.0009963432948976048,-4.278294554578907e-05
1,82540.4185268008,0.0,0.00929181192863944,0.09549239478747693,0.9960541032844369,-0.0444299056055988,0.9961395058681131,-0.02197301206178039,0.0,0.0,0.01001991573641092,0.1120510359923686,1.0,0.0,1.992220866298832,-0.08839740520160187,0.0,0.0,-0.0004931858915544068,7.433611869256482e-05,-6.390464567641507e-09,-4.714957620992093e-07,-5.009967888121643e-06,-5.602563004722029e-05,0.0,0.0,-5.009957868205462e-06,-5.602551799618432e-05,0.0009961667630143955,-4.396749959600308e-05,9.536832949727705e-06,0.0001028380211616586,-0.0005028417599070578,-2.943559701203656e-05,4.890917693596093e-06,5.509172827552536e-05,-4.64590596431972e-06,-4.774619739373847e-05,0.000996054103284437,-4.44299056055988e-05
1,85769.58985908833,0.0,0.01002629454350118,0.09915728367186344,0.9957422507127809,-0.04613806706345865,0.995985348358652,-0.02281779807937528,0.0,0.0,0.01081181681782617,0.1163584925234682,1.0,0.0,1.991606069128839,-0.09179646218298891,0.0,0.0,-0.0004926481213588796,7.719245285029656e-05,-6.892548196667004e-09,-4.898637259370575e-07,-5.40591922072975e-06,-5.817936262022665e-05,0.0,0.0,-5.405908408913085e-06,-5.817924626173413e-05,0.0009958638184160585,-4.565839511953026e-05,1.02906162673004e-05,0.0001067885679435765,-0.0005030671815620252,-3.056543557413121e-05,5.277458969255782e-06,5.720982695036119e-05,-5.01314727175059e-06,-4.957864183593172e-05,0.0009957422507127808,-4.613806706345865e-05
1,89125.09381337342,0.0,0.01081824488323226,0.1029570018466837,0.9954059963400994,-0.04790943822020248,0.9958191283485924,-0.02369384585702811,0.0,0.0,0.01166568316394478,0.1208252854686392,1.0,0.0,1.990943165950254,-0.09532136236952855,0.0,0.0,-0.0004920682728549175,8.01542872581407e-05,-7.433431200836329e-09,-5.089408907971349e-07,-5.83285324765603e-06,-6.041276355960503e-05,0.0,0.0,-5.832841581972392e-06,-6.041264273431958e-05,0.0009955371696101544,-4.741192414932607e-05,1.110337980626128e-05,0.0001108849124782752,-0.0005033102414035429,-3.173685673881106e-05,5.694246546400556e-06,5.940630859793151e-05,-5.409122441616128e-06,-5.147850092334187e-05,0.0009954059963400994,-4.790943822020248e-05
1,92611.87281287817,0.0,0.01167206356902094,0.1068958045186315,0.9950434713043338,-0.04974606055963353,0.9956399220060344,-0.02460216516393275,0.0,0.0,0.01258626062641532,0.1254565534818383,1.0,0.0,1.990228472559417,-0.09897617802892421,0.0,0.0,-0.0004914431235664152,8.32250044155887e-05,-8.016003912965563e-09,-5.287538820545901e-07,-6.293142899468129e-06,-6.272840219747263e-05,0.0,0.0,-6.293130313207662e-06,-6.272827674091915e-05,0.0009951850012550835,-4.923011746929068e-05,1.197964040137953e-05,0.0001151317143801955,-0.0005035722901918921,-3.2951174936925e-05,6.143596944805537e-06,6.168370522507524e-05,-5.836031784510469e-06,-5.344790225931573e-05,0.0009950434713043338,-4.974606055963353e-05
1,96235.06263980764,0.0,0.01259247251470075,0.1109779938513965,0.9946526702489483,-0.05165000486298053,0.9954467380258718,-0.02554378027586784,0.0,0.0,0.01357864169488998,0.1302575079062576,1.0,0.0,1.989458035688466,-0.1027650409933547,0.0,0.0,-0.0004907692156900095,8.6408031837318e-05,-8.643354072724277e-09,-5.493302355032092e-07,-6.789334426086801e-06,-6.51288842106367e-05,0.0,0.0,-6.789320847444991e-06,-6.51287539531288e-05,0.0009948053654395181,-5.111503613037422e-05,1.292424473126822e-05,0.0001195336931462192,-0.0005038547773255075,-3.420971940725111e-05,6.627995881445824e-06,6.404458524252717e-05,-6.296236257350374e-06,-5.548899692569824e-05,0.0009946526702489483,-5.165000486298053e-05
1,99999.9999999987,0.0,0.01358453580672605,0.115207907227438,0.9942314424442499,-0.05362336661103288,0.9952385132407888,-0.02651972770332009,0.0,0.0,0.01464828804849727,0.1352334210396846,1.0,0.0,1.988627615506028,-0.1066921336593927,0.0,0.0,-0.0004900428407927093,8.970683389644598e-05,-9.318777280599063e-09,-5.706984180843686e-07,-7.324158672536669e-06,-6.761684575326337e-05,0.0,0.0,-7.324144024248636e-06,-6.761671051984231e-05,0.0009943961730617783,-5.30687670483598e-05,1.394239076562666e-05,0.0001240956165941321,-0.000504159257254222,-3.551383061680801e-05,7.150109277727528e-06,6.649154777250595e-05,-6.792267903363024e-06,-5.760395361371901e-05,0.00099423144244425,-5.362336661103288e-05
1,103912.2303835156,0.0,0.01465368150870694,0.119589903598917,0.9937774825139488,-0.05566826059217329,0.9950141080371054,-0.02753105352710241,0.0,0.0,0.01580105411057264,0.140389612381869,1.0,0.0,1.987732667340397,-0.1107616784242428,0.0,0.0,-0.0004892600238302902,9.31249022881539e-05,-1.004578746004387e-08,-5.928878478386134e-07,-7.900542856340005e-06,-7.019494658054687e-05,0.0,0.0,-7.900527055286322e-06,-7.019480619093448e-05,0.0009939551848264477,-5.509341783206951e-05,1.50396501644169e-05,0.0001288222873619666,-0.0005044873961772695,-3.686485609638579e-05,7.712794756381857e-06,6.902721597260447e-05,-7.32684075435347e-06,-5.979495179945849e-05,0.0009937774825139489,-5.566826059217329e-05
1,107977.5162327696,0.0,0.01580572435310258,0.1241283477167241,0.9932883207825487,-0.05778681462756544,0.9947723015831922,-0.02857881029760135,0.0,0.0,0.01704321156731048,0.1457314326385586,1.0,0.0,1.986768322656038,-0.1149779253833616,0.0,0.0,-0.0004884165065132812,9.666574496011108e-05,-1.08281272045332e-08,-6.159289129010353e-07,-8.521622826866616e-06,-7.286586205071194e-05,0.0,0.0,-8.52160578365524e-06,-7.286571631927931e-05,0.0009934800018734898,-5.719111075579617e-05,1.622199159099588e-05,0.0001337185272527513,-0.0005048409790145009,-3.826414562664929e-05,8.31911360872048e-06,7.165422926604166e-05,-7.902862176551292e-06,-6.206417385836205e-05,0.0009932883207825487,-5.778681462756544e-05
1,112201.8454301949,0.0,0.01704688926397406,0.1288275920095578,0.9927613132669617,-0.05998116231758619,0.9945117868820016,-0.02966405345024413,0.0,0.0,0.01838147479099295,0.1512642452386815,1.0,0.0,1.985729369329681,-0.1193451381003835,0.0,0.0,-0.0004875077300612457,0.0001003328733437323,-1.166977785903913e-08,-6.398529893455048e-07,-9.190755776971427e-06,-7.563227388358597e-05,0.0,0.0,-9.190737395496474e-06,-7.563212261934077e-05,0.0009929680560627192,-5.936397578279735e-05,1.749580488223184e-05,0.0001387891591918225,-0.0005052219166337413,-3.971304570500947e-05,8.972343203355412e-06,7.437523435945164e-05,-8.52344463198703e-06,-6.441379600477892e-05,0.0009927613132669616,-5.998116231758619e-05
1,116591.4401179817,0.0,0.01838383563283669,0.1336919558677292,0.9921936313450188,-0.06225343470630639,0.9942311656638808,-0.03078783718617545,0.0,0.0,0.01982302708508854,0.1569934051026443,1.0,0.0,1.984610231290535,-0.1238675772459139,0.0,0.0,-0.0004865288174022153,0.0001041297877077798,-1.257496915395839e-08,-6.646924576662708e-07,-9.911533365571544e-06,-7.849685954472721e-05,0.0,0.0,-9.91151354254427e-06,-7.849670255132213e-05,0.0009924165999455159,-6.161414253960747e-05,1.886792599617587e-05,0.0001440389865461824,-0.0005056322533104757,-4.121289321807903e-05,9.675989795921687e-06,7.719287492036196e-05,-9.191917816418343e-06,-6.68459779338646e-05,0.0009921936313450187,-6.22534347063064e-05
1,121152.7658628573,0.0,0.0198236822437919,0.1387257020691165,0.9915822511444343,-0.06460575075354491,0.9939289431411849,-0.03195120976353478,0.0,0.0,0.02137554764076288,0.1629242343812448,1.0,0.0,1.983404947610702,-0.1285494818873947,0.0,0.0,-0.0004854745548923262,0.0001080599604431423,-1.354818817322245e-08,-6.904807176692266e-07,-1.068779519592939e-05,-8.146228011485679e-05,0.0,0.0,-1.068777382038144e-05,-8.146211719062241e-05,0.0009918226964662673,-6.394373113384975e-05,2.034566263150154e-05,0.0001494727695377527,-0.0005060741743885128,-4.276500823932172e-05,1.043380168592317e-05,8.010977977749239e-05,-9.91184112189595e-06,-6.936285103455825e-05,0.0009915822511444344,-6.460575075354491e-05
1,125892.5411794151,0.0,0.0213740327141517,0.1439330100678062,0.9909239427084456,-0.0670402064968982,0.993603522652488,-0.03315520814120516,0.0,0.0,0.02304723906231576,0.169061994866611,1.0,0.0,1.982107151156802,-0.1333950481982077,0.0,0.0,-0.0004843393736531643,0.0001121268170753793,-1.459418739666859e-08,-7.172522015294863e-07,-1.152364257839747e-05,-8.453116649530036e-05,0.0,0.0,-1.152361953115788e-05,-8.453099743330551e-05,0.000991183208448356,-6.635484170130946e-05,2.193682038219978e-05,0.0001550951984650951,-0.0005065500141002849,-4.437068586629882e-05,1.124978265109108e-05,8.312854949818209e-05,-1.068701635707585e-05,-7.19665050339031e-05,0.0009909239427084457,-6.704020649689819e-05
1,130817.7474260177,0.0,0.02304300128194955,0.1493179458498978,0.9902152590090465,-0.06955886277938214,0.9932532002314477,-0.03440085191355952,0.0,0.0,0.02484685528171848,0.1754118567593989,1.0,0.0,1.980710046942837,-0.1384084053408365,0.0,0.0,-0.0004831173306496933,0.0001163337147898945,-1.571799150915347e-08,-7.450423847573551e-07,-1.24234524877143e-05,-8.77061037915562e-05,0.0,0.0,-1.242342764085924e-05,-8.770592837969943e-05,0.0009904947879337902,-6.884954256145432e-05,2.364972925543767e-05,0.0001609108634317657,-0.0005070622634957833,-4.603118700699949e-05,1.212820557146149e-05,8.625174118887098e-05,-1.152150064097478e-05,-7.465897292494891e-05,0.0009902152590090464,-6.955886277938215e-05
1,135935.6390878508,0.0,0.02483923873172381,0.1548844280463372,0.9894525248956224,-0.07216373141215371,0.9928761591437232,-0.0356891364716813,0.0,0.0,0.02678372963956299,0.1819788634608233,1.0,0.0,1.979206390357679,-0.1435935882667515,0.0,0.0,-0.000481802089660352,0.0001206839182439547,-1.692490261478999e-08,-7.738877948020994e-07,-1.339189160351091e-05,-9.098961370927512e-05,0.0,0.0,-1.33918648197815e-05,-9.098943173041165e-05,0.0009897538654620567,-7.14298568545978e-05,2.549327033956246e-05,0.0001669242202645137,-0.0005076135784159996,-4.774772802024901e-05,1.307362613446198e-05,8.948185135691709e-05,-1.24196193658619e-05,-7.744221402316862e-05,0.0009894525248956224,-7.216373141215371e-05
1,141253.7544622736,0.0,0.02677195820426198,0.160636189980095,0.9886318260861021,-0.07485675963651084,0.9924704644449011,-0.03702102532393188,0.0,0.0,0.02886780286082846,0.188767892044709,1.0,0.0,1.977588465478625,-0.1489545071652915,0.0,0.0,-0.0004803869023245338,0.0001251805724306124,-1.822050343342175e-08,-8.038260170127399e-07,-1.443393029821753e-05,-9.438413479024655e-05,0.0,0.0,-1.443390143041423e-05,-9.43839460223545e-05,0.0009889566393925231,-7.409774752878068e-05,2.747690236245351e-05,0.0001731395522917412,-0.0005082067874332685,-4.952146911140539e-05,1.409089648836414e-05,9.28212966655036e-05,-1.338597910213099e-05,-8.03180949900475e-05,0.000988631826086102,-7.485675963651084e-05
1,146779.926762205,0.0,0.02885096058407607,0.1665767373155038,0.9877489983296643,-0.0776398127453613,0.99203405762321,-0.03839744150675564,0.0,0.0,0.0311096505981423,0.195783609054573,1.0,0.0,1.975848063725737,-0.1544949132859198,0.0,0.0,-0.0004788645894914234,0.0001298266723527546,-1.961065798752144e-08,-8.348956976685523e-07,-1.555485640872144e-05,-9.789200031089556e-05,0.0,0.0,-1.555482529907115e-05,-9.78918045272865e-05,0.0009880990653960723,-7.685510054055847e-05,2.961068782732458e-05,0.0001795609276429134,-0.0005088448996653921,-5.135350138151754e-05,1.518517868432609e-05,9.627239240842423e-05,-1.442548029203804e-05,-8.328836865775189e-05,0.0009877489983296643,-7.763981274536131e-05
1,152522.2956538998,0.0,0.03108665909983699,0.1727093009720248,0.9867996168947427,-0.08051465472203884,0.9915647514030224,-0.03981925801547107,0.0,0.0,0.03352051015258262,0.2030304212648713,1.0,0.0,1.973976463160444,-0.1602183608536799,0.0,0.0,-0.0004772275231346851,0.0001346250292613531,-2.110150921049356e-08,-8.671365437902261e-07,-1.676028859680192e-05,-0.0001015154136628569,0.0,0.0,-1.676025507629131e-05,-0.0001015152106324356,0.000987176846265701,-7.970370613164104e-05,3.190531835321144e-05,0.0001861921517239822,-0.0005095311123509277,-5.324483242659037e-05,1.636195771663388e-05,9.983732852866891e-05,-1.55433295499185e-05,-8.63546504860124e-05,0.0009867996168947428,-8.051465472203884e-05
1,158489.3192461092,0.0,0.03349010270761968,0.1790367849644175,0.9857789865637457,-0.08348292675424755,0.9910602247988238,-0.0412872871847481,0.0,0.0,0.03611230591191728,0.2105124210452828,1.0,0.0,1.971964408786466,-0.1661281647974923,0.0,0.0,-0.0004754676091476701,0.0001395782332118851,-2.2699472821444e-08,-9.005893194467817e-07,-1.805618906826502e-05,-0.0001052564210350624,0.0,0.0,-1.805615295595864e-05,-0.0001052562105226414,0.0009861854222227202,-8.264523804324471e-05,3.437213878038093e-05,0.0001930367145236064,-0.0005102688180551734,-5.519637038336501e-05,1.762705393646866e-05,0.0001035181430046129,-1.674505135380984e-05,-8.951839248220875e-05,0.0009857789865637457,-8.348292675424756e-05
1,164689.7865482846,0.0,0.03607299775397321,0.1855617088376514,0.9846821323466036,-0.08654612348363329,0.9905180185244948,-0.04280226894981521,0.0,0.0,0.03889767296813496,0.2182333259737943,1.0,0.0,1.969802094271708,-0.1722273540163053,0.0,0.0,-0.0004735762713855285,0.00014468861169766,-2.441122671649431e-08,-9.352958382856577e-07,-1.94488753817406e-05,-0.0001091168812202232,0.0,0.0,-1.944883648406748e-05,-0.0001091166629868972,0.000985119961925104,-8.568123053267206e-05,3.702316952650748e-05,0.0002000977324115107,-0.0005110616113526284,-5.72089063200238e-05,1.898663457652346e-05,0.0001073166924309763,-1.803649887698661e-05,-9.278085441882569e-05,0.0009846821323466037,-8.654612348363329e-05
1,171132.8304161757,0.0,0.03884772733590641,0.1922861443795559,0.9835037911590633,-0.08970556685771042,0.9899355308794741,-0.04436485792251964,0.0,0.0,0.04188997829052088,0.2261964123601455,1.0,0.0,1.967479145576456,-0.1785186199204124,0.0,0.0,-0.0004715444373790678,0.0001499581841292869,-2.624369502244604e-08,-9.71298952034882e-07,-2.094503103523892e-05,-0.0001130984323764851,0.0,0.0,-2.094498914526044e-05,-0.0001130982061800728,0.0009839753544173932,-8.881305306270198e-05,3.987112659756775e-05,0.0002073778841053639,-0.000511913294807223,-5.928309487475761e-05,2.044722408188776e-05,0.0001112346196294417,-1.942386366795321e-05,-9.614307218977794e-05,0.0009835037911590633,-8.970556685771043e-05
1,177827.9410038899,0.0,0.04182736768754808,0.1992116463190539,0.9822384047485321,-0.09296237746142237,0.9893100142515905,-0.04597560922157913,0.0,0.0,0.04510333873682182,0.2344044423679557,1.0,0.0,1.964984607046004,-0.1850042600060688,0.0,0.0,-0.0004693625262094242,0.0001553886119479431,-2.82040258450584e-08,-1.008642534759836e-06,-2.255171447174942e-05,-0.0001172024555884202,0.0,0.0,-2.255166936841091e-05,-0.0001172022211839778,0.0009827462022974722,-9.204188254464642e-05,4.292943856810644e-05,0.0002148793405080577,-0.0005128278840461076,-6.141943305265456e-05,2.201571289696445e-05,0.0001152733181368844,-2.091368384377404e-05,-9.960582315952693e-05,0.000982238404748532,-9.296237746142237e-05
1,184784.9797422266,0.0,0.04502570082913898,0.2063391767550148,0.9808801141900215,-0.09631744322136833,0.9886385723960089,-0.04763496300415099,0.0,0.0,0.04855263508423757,0.2428595844638253,1.0,0.0,1.96230693060425,-0.1916861162526337,0.0,0.0,-0.0004670204391009763,0.0001609811441872448,-3.029956162174508e-08,-1.047371462704694e-06,-2.427636609475388e-05,-0.0001214300350914972,0.0,0.0,-2.427631754211879e-05,-0.0001214297922319127,0.000981426816414228,-9.536867303126542e-05,4.621225974919625e-05,0.0002226036881553737,-0.000513809611692409,-6.361823710284396e-05,2.369936430892588e-05,0.0001194338934386895,-2.251285041456949e-05,-0.0001031695883775074,0.0009808801141900215,-9.631744322136833e-05
1,192014.1938638775,0.0,0.04845722261367308,0.2136690231125986,0.9794227563171259,-0.09977138539770072,0.9879181586706869,-0.04934322765670646,0.0,0.0,0.05225352115448079,0.2515633269774489,1.0,0.0,1.959433968768447,-0.1985655081748147,0.0,0.0,-0.0004645075533629278,0.0001667365583362512,-3.253780085772164e-08,-1.087531589613107e-06,-2.612681283076168e-05,-0.0001257819150520514,0.0,0.0,-2.612676057724039e-05,-0.0001257816634887244,0.0009800112124513213,-9.8794122777114e-05,4.973447865976892e-05,0.0002305518460671738,-0.0005148629298927926,-6.587961741369615e-05,2.55058188957095e-05,0.0001237171208418515,-2.422861130683654e-05,-0.0001068345115562993,0.0009794227563171259,-9.977138539770072e-05
1,199526.2314968852,0.0,0.05213714520119156,0.2212007094931019,0.977859862497473,-0.1033245218079751,0.9871455754307262,-0.05110056161766969,0.0,0.0,0.0562224269941245,0.2605163846310651,1.0,0.0,1.956352972293087,-0.2056431604203602,0.0,0.0,-0.0004618127203876721,0.0001726550964070029,-3.492634988679445e-08,-1.12916971750697e-06,-2.811126971948902e-05,-0.0001302584528319172,0.0,0.0,-2.811121349706225e-05,-0.0001302581923155326,0.000978493109795614,-0.0001023186386123851,5.351172080920227e-05,0.0002387239758660804,-0.0005159925111428987,-6.820345138493396e-05,2.744309607146153e-05,0.0001281233999188202,-2.606857260059578e-05,-0.0001106003547465509,0.0009778598624974732,-0.0001033245218079751
1,207332.1573485926,0.0,0.05608139288193043,0.2289329013724554,0.9761846602079907,-0.1069768272649816,0.9863174748067108,-0.05290695382294094,0.0,0.0,0.06047655495508764,0.2697185979923541,1.0,0.0,1.95305059334149,-0.2129191248780241,0.0,0.0,-0.000458924268492214,0.0001787363961748174,-3.747286315472098e-08,-1.172333563009331e-06,-3.023833795409862e-05,-0.0001348595687147751,0.0,0.0,-3.023827747754382e-05,-0.0001348592989961771,0.0009768659331334994,-0.0001059422976130425,5.756034468779497e-05,0.0002471193851189555,-0.0005172032470809468,-7.058935426304536e-05,2.951959216543659e-05,0.0001326527054998266,-2.804069644096521e-05,-0.0001144664506862277,0.0009761846602079907,-0.0001069768272649816
1,215443.4690031854,0.0,0.06030659005984135,0.2368633037155781,0.9743900779117443,-0.1107278912580307,0.9854303611150568,-0.0547622027888761,0.0,0.0,0.06503386740232475,0.2791688259252716,1.0,0.0,1.949512895175253,-0.2203926973542276,0.0,0.0,-0.0004558300114703567,0.0001849794176416938,-4.018497037685815e-08,-1.21707171943069e-06,-3.251699873503037e-05,-0.0001395846921314617,0.0,0.0,-3.251693370116238e-05,-0.0001395844129626358,0.0009751228172635087,-0.0001096648060961969,6.189742974939984e-05,0.0002557364239712899,-0.0005185002448852144,-7.303664796046334e-05,3.174407441288899e-05,0.0001373045352501971,-3.015329502992067e-05,-0.0001184316518577891,0.0009743900779117443,-0.0001107278912580307
1,223872.1138568308,0.0,0.06483004009992113,0.2449885527117057,0.9724687537836312,-0.1145768729655448,0.9844805951708993,-0.05666589437615161,0.0,0.0,0.06991306466020397,0.2888648312614591,1.0,0.0,1.945725369441533,-0.2280623289920225,0.0,0.0,-0.0004525172638006891,0.0001913823648738277,-4.307018877589305e-08,-1.263433615001015e-06,-3.495660224316651e-05,-0.0001444327044955608,0.0,0.0,-3.495653233010198e-05,-0.0001444324156307296,0.0009732566156579021,-0.0001134854560264777,6.654075506011987e-05,0.000264572375285898,-0.0005198888208790414,-7.554432792141776e-05,3.412567018011943e-05,0.0001420778539414926,-3.241502004996057e-05,-0.0001224942763558528,0.0009724687537836312,-0.0001145768729655448
1,232630.5067153593,0.0,0.0696696936409257,0.2533041015023654,0.9704130488753031,-0.1185224537573119,0.9834644007953602,-0.05861737831279797,0.0,0.0,0.07513355169985392,0.2988031600937733,1.0,0.0,1.9416729622232,-0.2359255327450578,0.0,0.0,-0.0004489728635313495,0.0001979426034860975,-4.613581846396578e-08,-1.311469467825236e-06,-3.756685098347858e-05,-0.0001494018788500467,0.0,0.0,-3.756677584992696e-05,-0.0001494015800468867,0.000971259913347897,-0.0001174030789877459,7.150876718257801e-05,0.0002736233386679396,-0.0005213744909155354,-7.811102814821169e-05,3.667385069242136e-05,0.0001469710346126554,-3.483484682046285e-05,-0.0001266520507511827,0.0009704130488753032,-0.0001185224537573119
1,241731.548080407,0.0,0.07484410488353724,0.2618041004715395,0.9682150653482557,-0.1225627874285023,0.9823778738280838,-0.06061574359607959,0.0,0.0,0.08071539197187327,0.3089790153059884,1.0,0.0,1.937340110092981,-0.2439787853844699,0.0,0.0,-0.0004451832039278486,0.0002046565741907289,-4.938881890176159e-08,-1.361230238371356e-06,-4.035777670132855e-05,-0.0001544898166320095,0.0,0.0,-4.035769598593663e-05,-0.0001544895076529942,0.0009691250447447253,-0.0001214159979559675,7.682053577183239e-05,0.0002828841089609735,-0.0005229629570859817,-8.073498456248086e-05,3.939840848595875e-05,0.0001519817969211033,-3.742205244176862e-05,-0.0001309020502357697,0.0009682150653482558,-0.0001225627874285023
1,251188.6431509545,0.0,0.08037237428929017,0.2704812728988057,0.9658666704355445,-0.1266954485054275,0.9812169939715153,-0.06265979294128408,0.0,0.0,0.08667924670879312,0.3193861252011091,1.0,0.0,1.932710787474929,-0.2522174257097117,0.0,0.0,-0.000441134275025859,0.000211519702996623,-5.283566425152631e-08,-1.41276758056999e-06,-4.333971003364346e-05,-0.0001596933819866797,0.0,0.0,-4.333962335439656e-05,-0.0001596930626005545,0.0009668441170393841,-0.0001255219772042843,8.249569528257347e-05,0.0002923480500356425,-0.000524660090273063,-8.341399694659218e-05,4.230942776555345e-05,0.0001571071431049666,-4.018618714464509e-05,-0.0001352406364494029,0.0009658666704355445,-0.0001266954485054275
1,261015.72156825,0.0,0.08627407607448062,0.2793267870423758,0.9633595268140946,-0.1309173790756451,0.9799776398040378,-0.06474801650115616,0.0,0.0,0.09304629796725727,0.3300166083765267,1.0,0.0,1.927768566659049,-0.260635549856534,0.0,0.0,-0.0004368117162668467,0.0002185263088400058,-5.648217534916672e-08,-1.466133792913372e-06,-4.652324202992645e-05,-0.0001650086342048718,0.0,0.0,-4.652314898362864e-05,-0.0001650083041882634,0.0009644090398449548,-0.0001297181707808889,8.855437113503291e-05,0.0003020069649651773,-0.0005264719080548264,-8.614538979209545e-05,4.541724682371666e-05,0.0001623432921172022,-4.313703803724031e-05,-0.0001396633935211879,0.0009633595268140946,-0.0001309173790756451
1,271227.2579331989,0.0,0.09256916886387556,0.2883301260203333,0.9606851300776181,-0.1352248347225607,0.9786556073030467,-0.06687856514276065,0.0,0.0,0.09983815365941062,0.3408608363179206,1.0,0.0,1.922496691830793,-0.2692259048469503,0.0,0.0,-0.0004322008814098138,0.0002256695096474783,-6.033332596155609e-08,-1.521381771292095e-06,-4.991917666785823e-05,-0.0001704307590197966,0.0,0.0,-4.991907682970531e-05,-0.0001704304181589603,0.0009618115617531751,-0.0001340010701243896,9.50170886674472e-05,0.0003118509639906261,-0.0005284045474587551,-8.892597247423667e-05,4.873241166634046e-05,0.0001676856126503336,-4.628458443193778e-05,-0.0001441650630101666,0.0009606851300776181,-0.0001352248347225607
1,281838.2931264414,0.0,0.09927788789104997,0.2974789571940497,0.9578348539907561,-0.1396133302867357,0.9772466322144076,-0.06904922363878213,0.0,0.0,0.1070767328469788,0.3519072955443045,1.0,0.0,1.91687816845866,-0.2779797818062849,0.0,0.0,-0.0004272869168952531,0.0002329411280776565,-6.439302097903044e-08,-1.578564965696981e-06,-5.353847350022285e-05,-0.0001759539996794477,0.0,0.0,-5.353836642348942e-05,-0.0001759536477721523,0.0009590433144679041,-0.0001383664515195492,0.0001019046632255104,0.0003218683320225462,-0.0005304642320730912,-9.175199927455822e-05,5.226562000209733e-05,0.0001731285559465641,-4.963894394552498e-05,-0.0001487394785970249,0.0009578348539907561,-0.0001396133302867357
1,292864.4564625195,0.0,0.1064206172053613,0.306759003125008,0.9548000041738713,-0.1440775863315129,0.9757464165893128,-0.07125738420708766,0.0,0.0,0.1147841296506735,0.3631424515309677,1.0,0.0,1.910895869321674,-0.2868869105789746,0.0,0.0,-0.0004220548547841652,0.0002403315984560242,-6.866384423120495e-08,-1.637737343339991e-06,-5.739217960946646e-05,-0.0001815715889079353,0.0,0.0,-5.739206482533676e-05,-0.0001815712257654839,0.0009560958651478031,-0.0001428093242474617,0.0001092380698146007,0.0003320453978020511,-0.0005326572330439372,-9.46191298859169e-05,5.602765479130264e-05,0.000178665589480544,-5.321030860268067e-05,-0.000153379501562504,0.0009548000041738713,-0.0001440775863315129
1,304321.9887107678,0.0,0.1140177404816529,0.316153916569994,0.9515718808102102,-0.1486114773571949,0.9741506597810335,-0.07350002091474399,0.0,0.0,0.1229824542740667,0.3745506170599032,1.0,0.0,1.904532658344702,-0.2959353578035214,0.0,0.0,-0.000416489721294655,0.0002478298767051718,-7.314677371869812e-08,-1.698953361205144e-06,-6.149135011948741e-05,-0.0001872756830805687,0.0,0.0,-6.149122713703337e-05,-0.0001872753085299516,0.0009529607775344919,-0.0001473238804463265,0.0001170382908800554,0.0003423664072474089,-0.0005349898235286477,-9.752239115505719e-05,6.002930662148784e-05,0.000184289132808495,-5.700887024082646e-05,-0.000158076958284997,0.0009515718808102102,-0.0001486114773571949
1,316227.7660168334,0.0,0.122089469238982,0.3256451623922129,0.9481418508781001,-0.1532079829826057,0.9724550941500506,-0.07577366554898872,0.0,0.0,0.1316936498673078,0.3861138280903529,1.0,0.0,1.89777153323399,-0.3051114308514414,0.0,0.0,-0.0004105766618067719,0.0002554233553742728,-7.784086223679263e-08,-1.762267951520219e-06,-6.584695662730343e-05,-0.0001930573001590046,0.0,0.0,-6.58468249336539e-05,-0.0001930569140451765,0.0009496296823558899,-0.0001519034478688357,0.0001253261409962368,0.0003528134039349831,-0.0005374682262419828,-0.0001004561409439809,6.428128428727696e-05,0.0001899904970937144,-6.1044734619491e-05,-0.0001628225811961064,0.0009481418508781001,-0.0001532079829826058
1,328599.3247600607,0.0,0.1306556475702051,0.3352119096864702,0.9445014302854713,-0.1578591434908321,0.9706555256640447,-0.07807438564562533,0.0,0.0,0.1409392842740722,0.3978117306937298,1.0,0.0,1.89059578765803,-0.3143995903861511,0.0,0.0,-0.000404301082987446,0.0002630977861785289,-8.274288164205985e-08,-1.827736524131688e-06,-7.046978307632022e-05,-0.0001989062631585956,0.0,0.0,-7.046964213703611e-05,-0.0001989058653468649,0.0009460943573725585,-0.000156540446895319,0.0001341220675483397,0.0003633661200940955,-0.0005400985538191183,-0.0001034140351205276,6.879411310759003e-05,0.000195759830038951,-6.532782378510254e-05,-0.0001676059548432351,0.0009445014302854714,-0.0001578591434908321
1,341454.8873833552,0.0,0.1397355328766949,0.3448309378306623,0.9406423761179117,-0.1625560213111794,0.9687478794971597,-0.08039776545193805,0.0,0.0,0.1507403161269361,0.4096214830418404,1.0,0.0,1.882989193391306,-0.3237823746434629,0.0,0.0,-0.0003976488124029232,0.0002708372127623697,-8.784692939101149e-08,-1.895414990250477e-06,-7.537030880378412e-05,-0.0002048111511424032,0.0,0.0,-7.537015806346803e-05,-0.0002048107415209202,0.0009423468172733942,-0.0001612263533322835,0.0001434459268927917,0.0003740018819195254,-0.0005428867418434263,-0.00010638899881504,7.357802071891198e-05,0.0002015860681732567,-6.986776643834747e-05,-0.0001724154689153312,0.0009406423761179117,-0.0001625560213111794
1,354813.3892335703,0.0,0.1493475525998086,0.3544765605652963,0.9365567890006931,-0.1672886701741833,0.9667282506287477,-0.08273889068268969,0.0,0.0,0.1611168352912644,0.4215176768555357,1.0,0.0,1.874936202422806,-0.3332403388605119,0.0,0.0,-0.0003906062756209167,0.0002786239166843139,-9.314399647086852e-08,-1.96535981249769e-06,-8.055857876246693e-05,-0.0002107592599454447,0.0,0.0,-8.055841764563221e-05,-0.0002107588384277678,0.0009383794134221128,-0.0001659516686863285,0.0001533167359920341,0.0003846955334043007,-0.0005458384745360007,-0.0001093732031996024,7.864281034457749e-05,0.000207456898645092,-7.467377629990432e-05,-0.0001772382802826482,0.0009365567890006931,-0.0001672886701741833
1,368694.5064519521,0.0,0.1595090375502499,0.3641205725453968,0.9322372253171359,-0.1720461138215005,0.9645929593142268,-0.08509233799943218,0.0,0.0,0.1720877783127195,0.4334722830887984,1.0,0.0,1.866422168522148,-0.3427520135659815,0.0,0.0,-0.0003831606903601098,0.0002864383798719741,-9.862149645332636e-08,-2.037628086590835e-06,-8.604406124413752e-05,-0.0002167365750166823,0.0,0.0,-8.604388915635975e-05,-0.0002167361415443992,0.0009341849432050126,-0.0001707058997444809,0.0001637524001439709,0.0003954193832463429,-0.0005489591032937641,-0.00011235804915102,8.39977218598082e-05,0.0002133587328530719,-7.975451877512496e-05,-0.0001820602862726984,0.000932237225317136,-0.0001720461138215005
1,383118.6849557231,0.0,0.1702359331602389,0.3737322230788653,0.9276768187192076,-0.1768163362666479,0.9623386111492098,-0.08745217019978693,0.0,0.0,0.1836706203015197,0.4454546269128864,1.0,0.0,1.857433587151735,-0.3522938856697304,0.0,0.0,-0.0003753002767145214,0.0002942592669926171,-1.042627561349374e-07,-2.112277660344149e-06,-9.183549382138068e-05,-0.0002227277589110701,0.0,0.0,-9.183531015075986e-05,-0.0002227273134564432,0.0009297567684325271,-0.0001754775494030825,0.0001747694181679786,0.0004061431796588162,-0.0005522535584820132,-0.0001153341592415071,8.965128135192601e-05,0.0002192766943871606,-8.511796658011944e-05,-0.0001868661115394327,0.0009276768187192077,-0.0001768163362666479
1,398107.1705534914,0.0,0.1815424908185868,0.3832782219329709,0.9228694100125618,-0.1815862856734682,0.9599621612731994,-0.0898119381384019,0.0,0.0,0.1958810455841613,0.4574313972450227,1.0,0.0,1.847958351915704,-0.361840406429859,0.0,0.0,-0.0003670144818716248,0.0003020634313073076,-1.10046469079315e-07,-2.189367295879963e-06,-9.79407186731263e-05,-0.0002287161560539086,0.0,0.0,-9.794052279208065e-05,-0.0002287156986225113,0.0009250889419031421,-0.0001802541207563908,0.0001863825672652516,0.0004168341180856583,-0.0005557262551458969,-0.0001182913795521497,9.561114031346723e-05,0.0002251946238409511,-9.077124540929338e-05,-0.0001916391109664854,0.0009228694100125619,-0.0001815862856734682
1,413682.0402388446,0.0,0.1934409423862329,0.3927227821240534,0.9178096841013564,-0.1863418939333727,0.9574609820629858,-0.09216469040829897,0.0,0.0,0.2087326004607419,0.4693666961020003,1.0,0.0,1.837986024953728,-0.371364030403292,0.0,0.0,-0.0003582942170555353,0.0003098259476007788,-1.159461143352834e-07,-2.268956881024716e-06,-0.000104366508962971,-0.0002346838174176963,0.0,0.0,-0.000104366300230371,-0.0002346833480510002,0.0009201763408523713,-0.0001850221364699193,0.0001986045707316797,0.0004274568868580271,-0.000559380993590125,-0.000121218792814657,0.0001018839060976207,0.0002310951030732181,-9.672047119311645e-05,-0.0001963613910620267,0.0009178096841013564,-0.0001863418939333727
1,429866.2347082213,0.0,0.205941162011599,0.4020277044719475,0.9124933122454886,-0.1910681139658754,0.9548329334519713,-0.0945029917833794,0.0,0.0,0.2222363325042691,0.4812221329154822,1.0,0.0,1.827508117834205,-0.3808352893745104,0.0,0.0,-0.0003491321036822037,0.0003175201756820817,-1.219293436519692e-07,-2.351107695758919e-06,-0.000111118388488467,-0.000240611547679874,0.0,0.0,-0.0001111181662521346,-0.0002406110664577411,0.0009150148055887162,-0.000189767175408635,0.0002114457527485486,0.0004379737556905529,-0.0005632208560913954,-0.0001241047443456059,0.0001084749658015871,0.0002369595014268747,-0.0001029705810057995,-0.0002010138522359737,0.0009124933122454886,-0.0001910681139658754
1,446683.5921509565,0.0,0.2190503204450271,0.4111525083675169,0.9069170974256683,-0.1957489766260175,0.9520764347856491,-0.09681895135319507,0.0,0.0,0.23640042199884,0.4929569685880204,1.0,0.0,1.816518378599616,-0.3902229049791771,0.0,0.0,-0.0003395227249221727,0.0003251178577071134,-1.279573416159441e-07,-2.435882739267658e-06,-0.0001182004473998424,-0.0002464789772509788,0.0,0.0,-0.00011820021099942,-0.0002464784842940102,0.0009096012811739477,-0.0001944739283531596,0.0002249136855827806,0.0004483447115751202,-0.0005672481013375003,-0.0001269368821356955,0.0001153883063099469,0.0002427680462388531,-0.0001095251602225136,-0.0002055762541837585,0.0009069170974256683,-0.0001957489766260175
1,464158.8833612709,0.0,0.2327725381526414,0.420054612639906,0.9010791201455051,-0.2003676688645842,0.9491905368929736,-0.0991042611635981,0.0,0.0,0.2512298122969812,0.5045283134654526,1.0,0.0,1.805013079697199,-0.3994939432706263,0.0,0.0,-0.0003294628780630693,0.0003325892521641206,-1.339841642558591e-07,-2.523347122566449e-06,-0.0001256151573783029,-0.0002522646612610397,0.0,0.0,-0.0001256149061484906,-0.0002522641567327263,0.0009039339595516935,-0.0001991262744060421,0.000239012835656718,0.0004585276460544968,-0.000571464058525345,-0.0001297022122840191,0.0001226263338078592,0.0002484999196799313,-0.0001163862690763207,-0.000210027306319953,0.000901079120145505,-0.0002003676688645841
1,482317.8482239234,0.0,0.2471085446056224,0.4286895695961614,0.8949788815442726,-0.2049066344426202,0.9461749928282014,-0.1013502460066361,0.0,0.0,0.2667258470326717,0.5158913825271388,1.0,0.0,1.792991300629677,-0.4086140137979288,0.0,0.0,-0.000318951822277258,0.000339903306768731,-1.399560627438283e-07,-2.613568530829938e-06,-0.0001333631902421831,-0.0002579462071549519,0.0,0.0,-0.0001333629235163358,-0.0002579456912635694,0.0008980124190854043,-0.0002037073793553086,0.0002537442160496636,0.0004684785970244609,-0.0005758690233799296,-0.0001323871707180208,0.0001301896966383077,0.0002541333835368105,-0.0001235542723028112,-0.0002143447847980807,0.0008949788815442726,-0.0002049066344426202
1,501187.2336272647,0.0,0.2620553521146247,0.4370113542254844,0.8886174402731228,-0.2093476980446369,0.9430303255297141,-0.1035479247771019,0.0,0.0,0.2828859231948933,0.5269998099352331,1.0,0.0,1.780455198330651,-0.4175475148626596,0.0,0.0,-0.0003079915156733032,0.0003470278717250842,-1.458107998065118e-07,-2.706617758413731e-06,-0.0001414432444833699,-0.0002635004319674265,0.0,0.0,-0.0001414429615974466,-0.0002634999049676166,0.0008918377580575279,-0.0002081998168180227,0.0002691050540118228,0.0004781520471064947,-0.0005804621586596032,-0.0001349777118090992,0.0001380771158991584,0.0002596459329823984,-0.0001310276760573124,-0.0002185056771127422,0.0008886174402731228,-0.0002093476980446369
1,520794.8328595385,0.0,0.277605953426569,0.4449727092115574,0.8819975392284933,-0.2136722130641916,0.9397578904648699,-0.1056880835310295,0.0,0.0,0.2997031699778914,0.5378060236356059,1.0,0.0,1.767410257561171,-0.4262579254958333,0.0,0.0,-0.0002965868348909634,0.00035392995382523,-1.514769672701929e-07,-2.802569318129884e-06,-0.0001498518846921161,-0.0002689035496238265,0.0,0.0,-0.0001498515849889457,-0.0002689030118178029,0.0008854127183326774,-0.0002125857124316417,0.0002850884829398997,0.0004875012792516348,-0.0005852414019747176,-0.000137459414079829,0.0001462852286206621,0.0002650144796731467,-0.0001388029767132845,-0.0002224863546057787,0.0008819975392284934,-0.0002136722130641916
1,541169.5265464555,0.0,0.2937490529322517,0.4525255447929351,0.8751237179688371,-0.2178612326570687,0.9363599311976298,-0.1077613600460565,0.0,0.0,0.3171661640037247,0.5482616789809842,1.0,0.0,1.753865513096282,-0.434708143358299,0.0,0.0,-0.0002847457700370787,0.0003605760106865502,-1.568733137244785e-07,-2.901502124632216e-06,-0.0001585833991680268,-0.000274131387752171,0.0,0.0,-0.0001585830820018623,-0.0002741308394904921,0.0008787417951274448,-0.0002168469107012303,0.0003016832689108726,0.0004964787885937125,-0.0005902033839384757,-0.0001398176027083142,0.0001548084486956937,0.0002702155636717005,-0.0001468745264661259,-0.0002262627723964675,0.0008751237179688372,-0.0002178612326570687
1,562341.3251903405,0.0,0.3104688416767599,0.4596213906852211,0.8680024064949126,-0.2218957028845713,0.9328396257435941,-0.1097583393015999,0.0,0.0,0.3352586918830909,0.558318148385577,1.0,0.0,1.739833735182696,-0.4428608662437664,0.0,0.0,-0.0002724795875083397,0.000366932283093431,-1.619080915179836e-07,-3.003500249823322e-06,-0.0001676296812002374,-0.0002791596325109369,0.0,0.0,-0.0001676293459415454,-0.0002791590741927885,0.000871831328687783,-0.0002209651633591951,0.0003188735822230706,0.0005050367476997383,-0.0005953433597754437,-0.0001420374879749255,0.0001636388509158491,0.0002752255927357374,-0.00015523442083838,-0.0002298106953426106,0.0008680024064949126,-0.0002218957028845713
1,584341.4133735087,0.0,0.3277448263521909,0.4662118952819281,0.8606419960785627,-0.2257566759244911,0.9292011215794028,-0.1116696588791196,0.0,0.0,0.3539595710687751,0.5679270618758281,1.0,0.0,1.725331569758171,-0.4506790131970803,0.0,0.0,-0.000259802953256047,0.0003729651619501888,-1.664784321200507e-07,-3.108653746071363e-06,-0.000176980139493958,-0.0002839640988649759,0.0,0.0,-0.0001769797855343876,-0.0002839635309379141,0.0008646895736796086,-0.0002249223372725893,0.0003366388243817151,0.0005131275203198618,-0.0006006551575092611,-0.0001441043181851787,0.0001727660834607932,0.0002800211064670028,-0.0001638724131760955,-0.000233105947640964,0.0008606419960785627,-0.0002257566759244911
1,607202.1956909792,0.0,0.345551722024253,0.4722493652559504,0.8530528830052541,-0.229425540440904,0.9254495572625913,-0.1134861228445681,0.0,0.0,0.3732425394985466,0.5770408911520222,1.0,0.0,1.710379625279145,-0.4581261795119953,0.0,0.0,-0.000246734009358221,0.0003786415848217317,-1.704697582276847e-07,-3.217059530803482e-06,-0.000186621642991813,-0.0002885210226169022,0.0,0.0,-0.0001866212697492733,-0.0002885204455760111,0.0008573267422738905,-0.0002287006390710913,0.0003549535205287981,0.0005207042165936265,-0.0006061311457196406,-0.0001460035449605962,0.0001821773139649496,0.0002845790617162861,-0.0001727758610121265,-0.0002361246826279752,0.0008530528830052541,-0.000229425540440904
1,630957.3444801836,0.0,0.3638594174572416,0.4776873365825305,0.8452474814703145,-0.2328842653148579,0.9215910688032073,-0.1151988222356319,0.0,0.0,0.3930762235737451,0.5856135675187671,1.0,0.0,1.695002498742396,-0.4651671181191138,0.0,0.0,-0.0002332943974139023,0.0003839294555035601,-1.737552398173276e-07,-3.328822323826828e-06,-0.0001965385048630964,-0.000292807369372951,0.0,0.0,-0.0001965381117868725,-0.0002928067837593836,0.0008497550172720817,-0.0002322828528042559,0.0003737872864095511,0.000527721280517124,-0.0006117622235883163,-0.0001477209981454661,0.0001918572138215128,0.0002888771345385222,-0.0001819297087286208,-0.0002388436682912652,0.0008452474814703145,-0.0002328842653148579
1,655641.8494179688,0.0,0.3826330205329735,0.4824811660052004,0.8372402024471629,-0.2361156520919616,0.9176327792143825,-0.1167992598581469,0.0,0.0,0.4134241925521911,0.5936011218948296,1.0,0.0,1.67922873462765,-0.4717682382059618,0.0,0.0,-0.0002195092232715884,0.000388798078601673,-1.761952996104966e-07,-3.444055626640877e-06,-0.0002067125097002881,-0.0002968011545485367,0.0,0.0,-0.0002067120962760956,-0.0002968005609474148,0.0008419885321804875,-0.0002356525861140003,0.0003931048775668602,0.0005341350984277005,-0.0006175378355335326,-0.0001492430669648021,0.000201787984667353,0.0002928940329439346,-0.0001913165102664868,-0.0002412405830026002,0.0008372402024471629,-0.0002361156520919616
1,681292.0690579507,0.0,0.4018329894135569,0.486588630187013,0.8290473961259274,-0.2391035907499704,0.9135827700546689,-0.1182794767238883,0.0,0.0,0.4342451054545524,0.6009623332015971,1.0,0.0,1.663090712027078,-0.4778981104262507,0.0,0.0,-0.0002054069589529639,0.0003932185998031523,-1.776371711453376e-07,-3.562882731178591e-06,-0.0002171229869723817,-0.0003004817675631318,0.0,0.0,-0.0002171225527272762,-0.0003004811666007985,0.0008340433159011503,-0.0002387945196762803,0.0004128663265657823,0.0005399046154403996,-0.0006234460121681967,-0.0001505568835235942,0.0002119494300260145,0.0002966098137582629,-0.0002009164947067785,-0.0002432943150935065,0.0008290473961259274,-0.0002391035907499704
1,707945.7843841269,0.0,0.4214153528114772,0.489970518352144,0.820687256487301,-0.2418333127811563,0.9094500342526979,-0.1196321771612351,0.0,0.0,0.4554929541307997,0.6076593698851916,1.0,0.0,1.64662445713434,-0.4835279668557301,0.0,0.0,-0.000191019279300958,0.0003971644414678711,-1.779145098624378e-07,-3.685437743987193e-06,-0.0002277469325583543,-0.0003038302926019657,0.0,0.0,-0.0002277464770653999,-0.0003038296849425958,0.0008259372006470395,-0.0002416946540745738,0.0004330271717098451,0.000544991945297986,-0.000629473438616357,-0.0001516505042970205,0.0002223190738887536,0.0003000061961513958,-0.0002107076764057386,-0.000244985259176072,0.000820687256487301,-0.0002418333127811563
1,735642.2544596299,0.0,0.441332020072892,0.4925912032436468,0.812179687699892,-0.2442916351696874,0.905244410060025,-0.120850849425283,0.0,0.0,0.4771174032825396,0.6136584082746811,1.0,0.0,1.62986938048215,-0.4886321830346239,0.0,0.0,-0.0001763808328226618,0.0004006117224561491,-1.76847054398911e-07,-3.811866610963733e-06,-0.0002385591787586736,-0.0003068298177957488,0.0,0.0,-0.0002385587016412698,-0.0003068292041373405,0.0008176896927822576,-0.0002443405478649366,0.0004535387779903752,0.0005493629580930609,-0.000635605550408827,-0.0001525130849606947,0.0002328723266219091,0.0003030668638800342,-0.000220666010036446,-0.0002462956016218234,0.000812179687699892,-0.0002442916351696874
1,764422.2742525883,0.0,0.4615311788537637,0.4944191748022594,0.8035461332664031,-0.24646718866587,0.9009764965895575,-0.1219298785458067,0.0,0.0,0.4990642250978348,0.6189302110255976,1.0,0.0,1.612867940757839,-0.493188729085173,0.0,0.0,-0.0001615289483338778,0.0004035396507992839,-1.742403317533052e-07,-3.942328127509232e-06,-0.0002495326116131422,-0.00030946572444301,0.0,0.0,-0.0002495321125489174,-0.0003094651055127988,0.0008093218074914355,-0.000246721540419303,0.0004743487480144166,0.000552987829889238,-0.0006418266562832342,-0.0001531350437813661,0.000243582697056356,0.0003057777480689338,-0.0002307655894268819,-0.0002472095874011297,0.0008035461332664032,-0.00024646718866587
1,794328.234724269,0.0,0.4819577751042494,0.4954275211836838,0.7948093701392595,-0.2483506238486838,0.8966575520372271,-0.1228646481957517,0.0,0.0,0.5212758228680445,0.623450649124729,1.0,0.0,1.595665239581862,-0.4971795770699569,0.0,0.0,-0.0001465032812490719,0.0004059308779747819,-1.698853962800154e-07,-4.076994919446326e-06,-0.0002606384327098454,-0.0003117259480130136,0.0,0.0,-0.0002606379114340223,-0.0003117253245623645,0.000800855869442603,-0.0002488289532212731,0.0004954014175201223,0.0005558415384855195,-0.00064812008627467,-0.0001535082088526887,0.0002544220480102227,0.0003081272824661565,-0.0002409788875521247,-0.0002477137605918419,0.0007948093701392595,-0.0002483506238486838
1,825404.1852680054,0.0,0.5025540670277218,0.4955943426185299,0.7859932713151281,-0.249934788842817,0.8922993763216766,-0.1236516285481971,0.0,0.0,0.5436918346857613,0.6272011518826315,1.0,0.0,1.578308554176773,-0.5005910524964519,0.0,0.0,-0.0001313454055871799,0.0004077718041954025,-1.63558588765164e-07,-4.21605438130567e-06,-0.0002718464610347153,-0.0003136012031424676,0.0,0.0,-0.0002718459173428807,-0.0003136005759413157,0.0007923152828616446,-0.0002506562636536348,0.0005166384269673615,0.0005579042904755873,-0.0006544683625498426,-0.0001536259447324183,0.0002653608908994333,0.0003101066235719799,-0.0002512770335138609,-0.0002477971713092649,0.000785993271315128,-0.000249934788842817
1,857695.8985908806,0.0,0.5232602418114183,0.49490308518013,0.7771225416304605,-0.2512148732163932,0.8879141804761695,-0.1242884474159743,0.0,0.0,0.5662498052454339,0.6301690710145561,1.0,0.0,1.560846817246711,-0.5034141191757311,0.0,0.0,-0.00011609835985818,0.000409052825260877,-1.550212983088784e-07,-4.359709560630897e-06,-0.0002831254688725223,-0.000315085165676349,0.0,0.0,-0.000283124902622717,-0.000315084535507278,0.0007837242756162507,-0.0002521992459593379,0.0005379993577543738,0.0005591618663518131,-0.0006608533895594154,-0.0001534832545150751,0.0002763687135884225,0.0003117098288586629,-0.0002616301209057092,-0.000247451542590065,0.0007771225416304605,-0.0002512148732163932
1,891250.9381337314,0.0,0.5440150814008564,0.4933427837164054,0.7682224325470836,-0.2521885135120304,0.8835144456543365,-0.1247739424260912,0.0,0.0,0.5888859110611513,0.6323479472608745,1.0,0.0,1.543330055492356,-0.5056445884713585,0.0,0.0,-0.0001008061568386343,0.0004097685131214251,-1.440197065737224e-07,-4.508179979733189e-06,-0.0002944435444164863,-0.0003161746059783846,0.0,0.0,-0.0002944429555305756,-0.0003161739736304373,0.0007751076229452729,-0.0002534560749593281,0.0005594224190272322,0.0005596058726469356,-0.0006672566593095147,-0.0001530768540445489,0.0002874143343117225,0.0003129339874459492,-0.0002720075407004282,-0.0002466713918582027,0.0007682224325470836,-0.0002521885135120303
1,926118.7281287787,0.0,0.5647566615610746,0.490908205934837,0.7593184425737742,-0.2528558570194859,0.8791127750349392,-0.1251081925523567,0.0,0.0,0.6115357222414981,0.6337376709300175,1.0,0.0,1.525808799876967,-0.5072832462548016,0.0,0.0,-8.551326872437148e-05,0.0004099177242974095,-1.302844913243891e-07,-4.661702389753397e-06,-0.0003057684726564713,-0.0003168694692026796,0.0,0.0,-0.0003057678611207491,-0.0003168688354650088,0.0007664903573031924,-0.0002544273892353157,0.0005808451689729279,0.0005592338929043801,-0.0006736594669326385,-0.0001524052158084141,0.0002984662734357292,0.0003137792990287558,-0.0002823783307805373,-0.0002454541029674185,0.0007593184425737742,-0.0002528558570194859
1,962350.6263980733,0.0,0.5854230670606682,0.4875998927766576,0.7504360105635253,-0.2532195817289321,0.8747217422043589,-0.1252925279874371,0.0,0.0,0.6341349824549671,0.6343445311233097,1.0,0.0,1.508333481930774,-0.5083358935095954,0.0,0.0,-7.026410017615947e-05,0.0004095036325981252,-1.135304642181366e-07,-4.820531455821416e-06,-0.0003170681253624663,-0.0003171728999061859,0.0,0.0,-0.0003170674912274836,-0.0003171722655616549,0.0007578974713672486,-0.0002551163117806633,0.0006022052530479275,0.0005580495324903171,-0.0006800431313078864,-0.0001514685810186794,0.0003094931340945263,0.0003142490985020956,-0.0002927115335303341,-0.0002437999463883288,0.0007504360105635253,-0.0002532195817289321
1,999999.9999999839,0.0,0.6059531051184419,0.4834240936191115,0.7416002094189467,-0.2532848718427329,0.8703537397402061,-0.1253295180468202,0.0,0.0,0.6566203879767487,0.6341811520515507,1.0,0.0,1.490953830958813,-0.5088132993655998,0.0,0.0,-5.510246227888316e-05,0.0004085336850672729,-9.345611660832221e-08,-4.984940376370857e-06,-0.0003283108506087627,-0.0003170912102069273,0.0,0.0,-0.0003283101939883744,-0.0003170905760257753,0.0007493536215398661,-0.000255528427522867,0.0006234411408835615,0.0005560623557443399,-0.0006863892152669249,-0.0001502689394256816,0.0003204639823712357,0.0003143498255106904,-0.000302976552559221,-0.0002417120468095557,0.0007416002094189467,-0.0002532848718427329
1,1039122.303835152,0.0,0.6262869993122089,0.478392598324708,0.7328354477111788,-0.2530593496950511,0.8660208317060756,-0.1252229375245373,0.0,0.0,0.6789303467768781,0.6332663185863022,1.0,0.0,1.473718286964237,-0.5087310682482783,0.0,0.0,-4.007106039126407e-05,0.0004070194826240395,-6.974304674300801e-08,-5.155221444076201e-06,-0.0003394658523187854,-0.0003166337925594697,0.0,0.0,-0.0003394651733884391,-0.0003166331592931511,0.0007408828392530585,-0.0002556717185532272,0.000644492843673266,0.0005532877175285219,-0.0006926797399422202,-0.0001488099774773106,0.0003313487177301624,0.0003140909399735696,-0.0003131434996561045,-0.000239196299162354,0.0007328354477111788,-0.0002530593496950511
1,1079775.162327692,0.0,0.6463670469605769,0.4725224715297716,0.7241651863723607,-0.2525529663547794,0.8617346135967517,-0.1249777126254732,0.0,0.0,0.7010056994864393,0.6316246968069007,1.0,0.0,1.456673443418314,-0.5081094256422544,0.0,0.0,-2.521100826655132e-05,0.0004049765893317167,-4.205524217267534e-08,-5.331686560234639e-06,-0.0003505035507489192,-0.0003158129800281471,0.0,0.0,-0.0003505028497432197,-0.0003158123484034504,0.0007325082570459535,-0.000255556459287475,0.0006653025946804902,0.0005497464946879653,-0.0006988973880617255,-0.0001470969964681643,0.0003421184248331546,0.000313484786400608,-0.0003231835234802885,-0.0002362612357648858,0.0007241651863723607,-0.0002525529663547794
1,1122018.454301945,0.0,0.6661382244995353,0.4658356976552649,0.7156116769803221,-0.2517778544937026,0.857506082956127,-0.1245998482448885,0.0,0.0,0.7227903857066962,0.629286458618142,1.0,0.0,1.439863532743488,-0.5069729295466664,0.0,0.0,-1.056137971970628e-05,0.0004024242764822036,-1.003819236619644e-08,-5.514667718523171e-06,-0.0003613959156437338,-0.0003146438585955295,0.0,0.0,-0.0003613951928533481,-0.000314643229309071,0.0007242518557631663,-0.0002551950750529638,0.0006858154770565157,0.0005454647260995969,-0.0007050256914588188,-0.0001451368032693058,0.0003527456986685235,0.0003125464114362674,-0.0003330691122497677,-0.0002329178488276324,0.0007156116769803222,-0.0002517778544937026
1,1165914.401179813,0.0,0.6855487274901662,0.4583587477765548,0.7071957272571701,-0.2507481482231483,0.8533455234466715,-0.1240963389200788,0.0,0.0,0.7442320414027184,0.6262868223577036,1.0,0.0,1.423329965606813,-0.5053501169131361,0.0,0.0,3.841192431103257e-06,0.0003993852096217665,2.668219163363526e-08,-5.704517477763671e-06,-0.0003721167649334006,-0.0003131440374656741,0.0,0.0,-0.0003721160207013592,-0.0003131434111788518,0.0007161342383496432,-0.0002546019686899878,0.000705979985326372,0.0005404731727017752,-0.0007110491987146195,-0.0001429375770410773,0.0003632049360325613,0.0003112933404547501,-0.0003427743637450831,-0.0002291793738882774,0.00070719572725717,-0.0002507481482231483
1,1211527.658628569,0.0,0.7045504344813351,0.4501220815837134,0.6989364983062225,-0.2494797754871464,0.8492624046069296,-0.1234750662164581,0.0,0.0,0.7652825159081744,0.6226655235558142,1.0,0.0,1.407110932957016,-0.5032730961039646,0.0,0.0,1.796286231391109e-05,0.0003958850881719649,6.85008713513617e-08,-5.901609446494471e-06,-0.0003826420232366035,-0.0003113333844434307,0.0,0.0,-0.0003826412579540872,-0.0003113327617779071,0.0007081744346507934,-0.0002537933206168182,0.000725748509554486,0.0005348068110405462,-0.0007169536196422049,-0.0001405087159721818,0.0003734725877633841,0.0003097453201266079,-0.0003522752172406676,-0.0002250610407918567,0.0006989364983062225,-0.0002494797754871464
1,1258925.411794147,0.0,0.7230992868569149,0.4411595991189678,0.6908513368796966,-0.2479902292139166,0.8452652989244611,-0.1227446856137624,0.0,0.0,0.7858983001948658,0.6184662315652281,1.0,0.0,1.391241077308421,-0.5007770976205824,0.0,0.0,3.177285613366332e-05,0.0003919522483602847,1.158352069912998e-07,-6.106338804699728e-06,-0.0003929499359957336,-0.0003092337342488455,0.0,0.0,-0.0003929491500974329,-0.000309233115782614,0.0007003897404287248,-0.0002527868684066658,0.0007450777341814414,0.0005285042753559783,-0.0007227259442142975,-0.0001378606685327188,0.0003835273676536972,0.000307924034636895,-0.0003615496434284575,-0.0002205797995594839,0.0006908513368796966,-0.0002479902292139166
1,1308177.474260173,0.0,0.7411555798556049,0.4315080577558948,0.6829556446726305,-0.2462983237546057,0.841361817210559,-0.1219145061197658,0.0,0.0,0.8060408613523555,0.6137359286072658,1.0,0.0,1.375751237216943,-0.4978999959993858,0.0,0.0,4.524369301203701e-05,0.0003876172407413052,1.691267308881924e-07,-6.319122889956361e-06,-0.0004030212367170391,-0.0003068685780395615,0.0,0.0,-0.0004030204306761778,-0.0003068679643036329,0.0006927955925443127,-0.0002516016722447801,0.0007639289466596275,0.0005216072640257843,-0.0007283545344732439,-0.0001350047539657,0.0003933504155762452,0.0003058528036397794,-0.0003705777899278024,-0.0002157540288779474,0.0006829556446726304,-0.0002462983237546057
1,1359356.390878503,0.0,0.758684162999082,0.4212064699928983,0.6752627853460371,-0.2444239431815372,0.8375585626241521,-0.120994365860321,0.0,0.0,0.8256768815032962,0.6085242678869195,1.0,0.0,1.360668266344014,-0.4946818158596114,0.0,0.0,5.835134029412437e-05,0.0003829123936649921,2.288431808906943e-07,-6.540401876543537e-06,-0.0004128392664285295,-0.0003042627424677277,0.0,0.0,-0.0004128384407516481,-0.0003042621339434598,0.0006854054809979773,-0.0002502578726780742,0.0007822682541411853,0.0005141599262906401,-0.0007338291888960707,-0.0001319529767729866,0.0004029254139574811,0.0003035562700877209,-0.000379342081499541,-0.0002106032349964492,0.0006752627853460372,-0.0002444239431815372
1,1412537.544622731,0.0,0.7756545510511386,0.410295497118239,0.6677840287575544,-0.2423877877975854,0.833861103086891,-0.1199945067854654,0.0,0.0,0.844778402488406,0.6028829268669795,1.0,0.0,1.346014926088632,-0.4911642346549284,0.0,0.0,7.107530419202257e-05,0.0003778713736692814,2.954808036996546e-07,-6.770639576788694e-06,-0.0004223900460226056,-0.0003014420663164166,0.0,0.0,-0.000422389201244203,-0.0003014414634334898,0.0006782308973310772,-0.0002487764468573431,0.0008000667094329024,0.0005062082446540026,-0.000739141179572772,-0.0001287178397922986,0.000412238658252782,0.0003010600857993858,-0.0003878272755255693,-0.0002051477485591195,0.0006677840287575544,-0.0002423877877975854
1,1467799.267622045,0.0,0.792040949229648,0.398816852745227,0.660528530774581,-0.2402111247573616,0.8302739612860226,-0.1189254514084268,0.0,0.0,0.8633228804548576,0.5968649706433313,1.0,0.0,1.331809848591478,-0.4873900937934651,0.0,0.0,8.339865853765338e-05,0.0003725287529973073,3.695669359479894e-07,-7.010324394204823e-06,-0.0004316623035503089,-0.0002984330821866363,0.0,0.0,-0.0004316614402274288,-0.0002984324853216657,0.0006712813178168971,-0.0002471789690361035,0.0008173003500997142,0.0004977994272606395,-0.0007442832633539204,-0.0001253121601352443,0.0004212790834439409,0.0002983906020711735,-0.000396020474614824,-0.0001994084263726135,0.0006605285307745809,-0.0002402111247573616
1,1525222.956538993,0.0,0.807822198607766,0.3868127287177278,0.6535033461042361,-0.237915548063517,0.8268006209966783,-0.1177978841792911,0.0,0.0,0.881293156868991,0.5905242387421719,1.0,0.0,1.318067565059602,-0.4834029285364874,0.0,0.0,9.530801603885308e-05,0.0003669195933408004,4.516628690158265e-07,-7.259970457933123e-06,-0.0004406474597276521,-0.0002952627098953247,0.0,0.0,-0.0004406465784344955,-0.000295262119371086,0.000664564218955366,-0.0002454873804729704,0.0008339501568716193,0.0004889813230184377,-0.000749249668801355,-0.0001217488917952675,0.0004300382497455379,0.000295574571846845,-0.0004039110993038831,-0.0001934063643588639,0.0006535033461042361,-0.000237915548063517
1,1584893.192461087,0.0,0.822981649406073,0.3743252540656395,0.6467134708234458,-0.235522752427332,0.82344354808392,-0.1166225397124174,0.0,0.0,0.8986773543797972,0.5839147666909952,1.0,0.0,1.304798592878575,-0.4792465255620395,0.0,0.0,0.0001067934477270577,0.0003610790535767197,5.42367002287829e-07,-7.520118967806102e-06,-0.000449339575867253,-0.0002919579672602644,0.0,0.0,-0.0004493386771898986,-0.0002919573833454976,0.0006580851220551292,-0.0002437237731347075,0.0008500019393225451,0.0004798018703579072,-0.0007540360613183805,-0.0001180409581742377,0.0004385102916378591,0.0002926388689998336,-0.0004114908247030365,-0.0001871626270328198,0.0006467134708234458,-0.000235522752427332
1,1646897.865482841,0.0,0.8375069711628869,0.3613959956690955,0.6401619107443548,-0.23305432462336,0.8202042242739551,-0.1154100996618643,0.0,0.0,0.9154687073500569,0.5770902515294345,1.0,0.0,1.292009573897648,-0.4749645153880676,0.0,0.0,0.0001178483572279593,0.000355042027782769,6.423182888080826e-07,-7.791339779134252e-06,-0.0004577352691437359,-0.0002885457028549687,0.0,0.0,-0.0004577343536750285,-0.0002885451257647172,0.000651847663153293,-0.0002419101907647076,0.0008654461581120199,0.0004703085884477253,-0.0007586394892298148,-0.0001142010971544906,0.0004466918350236055,0.000289610229217182,-0.0004187534855814434,-0.0001806979978345477,0.0006401619107443548,-0.00023305432462336
1,1711328.304161752,0.0,0.8513899095751751,0.3480655071863674,0.6338497714048935,-0.2305315550727786,0.8170831916131733,-0.1141710995966068,0.0,0.0,0.9316653377475195,0.5701035681491278,1.0,0.0,1.279703455591782,-0.4706000050877343,0.0,0.0,0.0001284693170792855,0.0003488428182746028,7.521999770599115e-07,-8.074233256263416e-06,-0.0004658336005390974,-0.000285052354178132,0.0,0.0,-0.0004658326688737598,-0.0002850517840745639,0.0006458536841868886,-0.0002400684500149557,0.0008802776939116596,0.0004605481175227366,-0.0007630583138303476,-0.0001102417206954552,0.0004545818877341625,0.0002865150158640455,-0.0004256949547875876,-0.0001740327535931837,0.0006338497714048935,-0.0002305315550727786
1,1778279.410038893,0.0,0.8646260001539767,0.3343729307191562,0.62777636532081,-0.2279752715038814,0.8140801054577815,-0.1129158467892499,0.0,0.0,0.9472699874769663,0.5630063410968542,1.0,0.0,1.267879706501012,-0.4661952549857805,0.0,0.0,0.0001386558745814226,0.0003425148468805747,8.727436528547647e-07,-8.36943242418551e-06,-0.0004736359410084707,-0.0002815037335547682,0.0,0.0,-0.0004736349937384832,-0.0002815031705484271,0.0006401033411802021,-0.000238219983481899,0.0008944955735049222,0.0004505658128411092,-0.0007672921265274163,-0.0001061747902931405,0.0004621817088019339,0.0002833790131086003,-0.0004323130000769884,-0.0001671864653595781,0.0006277763653208101,-0.0002279752715038814
1,1847849.79742226,0.0,0.8772142487824891,0.3203556537195108,0.6219393321538029,-0.2254056956984186,0.8111937938458286,-0.111654349416833,0.0,0.0,0.9622897181856738,0.555848574337624,1.0,0.0,1.25653455738291,-0.4617914013731499,0.0,0.0,0.0001484103346325177,0.0003360904062236457,1.004733585985996e-06,-8.677605448151675e-06,-0.0004811458213825548,-0.0002779248430173863,0.0,0.0,-0.0004811448590928369,-0.000277924287168812,0.0006345952252291069,-0.0002363857056747313,0.0009081026634987305,0.0004404053947609561,-0.0007713416561881681,-0.0001020117090332617,0.0004694946618932372,0.0002802272475455472,-0.0004386071243912446,-0.0001601778268597554,0.0006219393321538029,-0.0002254056956984187
1,1920141.938638769,0.0,0.8891567888634211,0.3060490218540931,0.6163347676148246,-0.2228423235684972,0.8084223211846978,-0.1103962572946641,0.0,0.0,0.9767355891553704,0.5486783395283571,1.0,0.0,1.245661259837117,-0.4574282257753444,0.0,0.0,0.0001577375267092646,0.0003296004514648093,1.149011387306109e-06,-8.999458472440283e-06,-0.0004883687713132744,-0.0002743397184425182,0.0,0.0,-0.0004883677945776852,-0.0002743391697641785,0.000629326492222292,-0.0002345859022068472,0.0009211053416816133,0.0004301086555844959,-0.0007752086696781457,-9.776323041672808e-05,0.0004765260580931138,0.0002770838386084278,-0.0004445783944317105,-0.0001530245109270466,0.0006163347676148246,-0.0002228423235684972
1,1995262.314968846,0.0,0.9004585240637898,0.2914861069830325,0.6109573572028193,-0.2203038281410591,0.8057630543261183,-0.1091508139340497,0.0,0.0,0.9906223231773783,0.541541521650373,1.0,0.0,1.235250354714074,-0.4531439699988043,0.0,0.0,0.0001666445626665181,0.0003230744318145386,1.306480983117795e-06,-9.335738851270379e-06,-0.0004953121522110124,-0.0002707713023667081,0.0,0.0,-0.0004953111615886892,-0.0002707707608251865,0.0006242929975112548,-0.0002328401418577452,0.0009335131553761133,0.0004197152222097465,-0.000778895868371654,-9.343938365389756e-05,0.0004832829928856943,0.0002739718772321238,-0.0004502292620318949,-0.0001457430534915162,0.0006109573572028193,-0.0002203038281410591
1,2073321.57348592,0.0,0.9111267647817043,0.2766975281110054,0.6058005112469214,-0.2178079844676904,0.803212729282514,-0.1079268194383255,0.0,0.0,1.003967969370713,0.5344816194208395,1.0,0.0,1.22528994334351,-0.4489751950829399,0.0,0.0,0.0001751405913890391,0.0003165401601583455,1.478113915124213e-06,-9.687238807397031e-06,-0.0005019849886533257,-0.0002672413441920393,0.0,0.0,-0.0005019839846853565,-0.0002672408097104198,0.0006194894320965892,-0.0002311672106152496,0.0009453384752363998,0.0004092623722852322,-0.0007824067831426404,-8.904941472029013e-05,0.000489774181718783,0.0002709133315322014,-0.0004555633823908521,-0.0001383487640555027,0.0006058005112469214,-0.0002178079844676904
1,2154434.690031847,0.0,0.9211708654399864,0.2617113221386202,0.6008564981451406,-0.2153716150312087,0.8007675170485836,-0.1067326035309616,0.0,0.0,1.016793570820098,0.5275395967610697,1.0,0.0,1.215765955454054,-0.4449566814123055,0.0,0.0,0.0001832365555885507,0.0003100237183780476,1.664954975550339e-06,-1.005479955723987e-05,-0.0005083978022036197,-0.0002637703259201314,0.0,0.0,-0.0005083967854100489,-0.0002637697983805348,0.000614909457308913,-0.0002295850663810968,0.0009565961519062563,0.0003987849004934118,-0.0007857456700331167,-8.46017421451406e-05,0.0004960097980153981,0.0002679289777127797,-0.0004605854327199932,-0.0001308556610693101,0.0006008564981451407,-0.0002153716150312087
1,2238721.138568301,0.0,0.9306018686189509,0.2465528604786413,0.5961165731481072,-0.2130105538852924,0.7984230872171495,-0.1055760078438131,0.0,0.0,1.029122843749257,0.5207537807382631,1.0,0.0,1.206662408550729,-0.4411213665902343,0.0,0.0,0.0001909449552493642,0.0003035493953787022,1.868128188314626e-06,-1.043931594552849e-05,-0.0005145624509974726,-0.0002603774111229122,0.0,0.0,-0.0005145614218746286,-0.0002603768903691315,0.000610545835402622,-0.0002281108127049419,0.0009673031818426167,0.0003883150307892147,-0.0007889174084608763,-8.010392626347368e-05,0.0005020013169312729,0.0002650383539970331,-0.0004653009343094755,-0.0001232764302393207,0.0005961165731481072,-0.0002130105538852924
1,2326305.067153586,0.0,0.9394321609302438,0.2312448070882298,0.5915711004993293,-0.2107396275324107,0.7961746683071144,-0.1044643764793811,0.0,0.0,1.040981873763678,0.5141598007994181,1.0,0.0,1.197961654426158,-0.4375003172284084,0.0,0.0,0.0001982796214187871,0.0002971396544403059,2.0888431481871e-06,-1.084174163743713e-05,-0.0005204919778637127,-0.0002570804145595098,0.0,0.0,-0.0005204909368818389,-0.0002570799003997091,0.0006063905539268287,-0.0002267606896959976,0.000977478387481684,0.0003778823698745812,-0.0007919274034872276,-7.556265049744881e-05,0.0005077613675844007,0.0002622597350856595,-0.0004697160804651219,-0.0001156224035441149,0.0005915711004993293,-0.0002107396275324107
1,2417315.480804062,0.0,0.9476751444503444,0.2158071131808399,0.5872096671946121,-0.208572650408006,0.7940171039443534,-0.1034045537930563,0.0,0.0,1.052398833543907,0.5077905637548339,1.0,0.0,1.189644609366329,-0.4341227305457233,0.0,0.0,0.000205255503255633,0.0002908151262854854,2.328401730607325e-06,-1.126309492206425e-05,-0.0005262004691707872,-0.0002538957896679807,0.0,0.0,-0.0005261994167719537,-0.0002538952818774169,0.0006024349421717173,-0.0002255500801377173,0.0009871421158246076,0.0003675138968731606,-0.0007947814933319808,-7.098371313637997e-05,0.000513303595924291,0.0002596101244756276,-0.0004738375722251722,-0.00010790355659042,0.000587209667194612,-0.000208572650408006
1,2511886.431509537,0.0,0.9553449265111951,0.2002570437899612,0.583021187048025,-0.2065224327823958,0.7919449042463038,-0.1024028883133738,0.0,0.0,1.063403725282965,0.5016762588112925,1.0,0.0,1.181690965443573,-0.4310159615690908,0.0,0.0,0.0002118884705083063,0.0002845946241672725,2.588205185142492e-06,-1.170446518792588e-05,-0.0005317029260452077,-0.0002508386310819051,0.0,0.0,-0.0005317018626414826,-0.0002508381294056463,0.0005986697783955478,-0.000224493528786695,0.0009963159584833515,0.0003572339840503022,-0.0007974858630092549,-6.637202804743447e-05,0.0005186425398828275,0.0002571052618982784,-0.0004776724632555976,-0.0001001285218949806,0.0005830211870480249,-0.0002065224327823958
1,2610157.215682491,0.0,0.9624560297114337,0.1846092314292374,0.5789939941395996,-0.2046007989022449,0.7899522919526595,-0.1014652417234131,0.0,0.0,1.07402815016556,0.495844386966055,1.0,0.0,1.17407938104688,-0.4282055717610385,0.0,0.0,0.0002181951329196935,0.0002784951773111138,2.869761625327083e-06,-1.216702013891593e-05,-0.00053701514911093,-0.0002479226893274146,0.0,0.0,-0.0005370140750827799,-0.0002479221934830275,0.0005950853869072805,-0.0002236047728587935,0.001005022495280323,0.0003470644434688971,-0.0008000469646679137,-6.173163276066915e-05,0.0005237935179685764,0.0002547596431450471,-0.0004812280148557169,-9.230461571461871e-05,0.0005789939941395996,-0.000204600798902245
1,2712272.579331981,0.0,0.969023123181137,0.1688757522968992,0.5751159250640936,-0.2028186132565882,0.7880332430146748,-0.100597001857655,0.0,0.0,1.084305106299565,0.4903198092163579,1.0,0.0,1.166787649469581,-0.4257153950363471,0.0,0.0,0.0002241926774537439,0.0002725320791678795,3.174693926722488e-06,-1.265201382798345e-05,-0.0005421536374548889,-0.0002451603949279882,0.0,0.0,-0.0005421525531497827,-0.0002451599046081789,0.0005916717244054874,-0.000222896781779759,0.001013285062653909,0.0003370245946473779,-0.0008024714449630793,-5.706570242299674e-05,0.000528772532040218,0.0002525865496231755,-0.0004845115615905685,-8.443787614844961e-05,0.0005751159250640936,-0.0002028186132565882
1,2818382.931264404,0.0,0.9750607754138219,0.153066220775908,0.571374389697218,-0.2011858129546563,0.7861815215023621,-0.09980309871912238,0.0,0.0,1.094268815739505,0.4851248082806021,1.0,0.0,1.159792844949486,-0.4235676173457064,0.0,0.0,0.0002298987237185288,0.0002667189471269558,3.504748043330489e-06,-1.316079559564796e-05,-0.0005471355021385685,-0.0002425628892651093,0.0,0.0,-0.0005471344078697526,-0.0002425624041403011,0.0005884184552522681,-0.0002223818043910501,0.001021127547394536,0.0003271313485600297,-0.0008047660795607661,-5.23765681957368e-05,0.0005335961846268491,0.0002505980851058553,-0.0004875303877069109,-7.653311038795402e-05,0.000571374389697218,-0.0002011858129546563
1,2928644.564625185,0.0,0.9805832283739243,0.1371878983560832,0.5677564304452493,-0.1997114443317552,0.7843907088121721,-0.09908802258535716,0.0,0.0,1.103954580588712,0.4802791588352808,1.0,0.0,1.153071446035694,-0.4217828662740538,0.0,0.0,0.0002353311975235375,0.000261067790579262,3.861801749843044e-06,-1.369482001147174e-05,-0.0005519783942489364,-0.0002401400596967992,0.0,0.0,-0.0005519772902943561,-0.0002401395794176404,0.0005853150155904444,-0.0002220714219422986,0.001028574205623776,0.0003173993036618106,-0.0008069377146854781,-4.766573877115765e-05,0.0005382816108535855,0.0002488052172958707,-0.0004902916141869622,-6.859394917804162e-05,0.0005677564304452493,-0.0001997114443317552
1,3043219.887107668,0.0,0.9856041920926348,0.1212458135260269,0.5642487701473488,-0.1984037020441123,0.7826542272582389,-0.09845584334324334,0.0,0.0,1.113398667626927,0.4758002016178788,1.0,0.0,1.14659943654182,-0.4203803074030986,0.0,0.0,0.0002405082221488899,0.0002555890844902452,4.247873813435421e-06,-1.425565792881207e-05,-0.000556700447212131,-0.000237900576609141,0.0,0.0,-0.0005566993338134634,-0.0002379001008089394,0.000582350666394471,-0.0002219766053589862,0.001035649506428955,0.0003078408500040294,-0.0008089932154626139,-4.293392379687427e-05,0.0005428464247784452,0.0002472178219952026,-0.0004928020960463175,-6.062290676301343e-05,0.0005642487701473487,-0.0001984037020441123
1,3162277.660168324,0.0,0.9901366585730638,0.1052428896297882,0.5608378489605045,-0.1972699690645184,0.7809653582095825,-0.09791023026722583,0.0,0.0,1.122638220474421,0.4717029171065934,1.0,0.0,1.140352384643396,-0.419377744502971,0.0,0.0,0.0002454480266205969,0.0002502918459272307,4.665133593709029e-06,-1.48450087766647e-05,-0.0005613202328754313,-0.0002358519302562138,0.0,0.0,-0.0005613191102372106,-0.0002358514585532967,0.0005795145356828911,-0.0002221077754384526,0.001042377999169945,0.0002984662779112668,-0.0008109394206779613,-3.818105811670067e-05,0.000547308679746755,0.0002458447278534833,-0.0004950683292865319,-5.262144481489409e-05,0.0005608378489605044,-0.0001972699690645184
1,3285993.247600596,0.0,0.9941927335280647,0.0891800781390178,0.5575098506790688,-0.1963168561399886,0.7793172549959493,-0.09745447152925082,0.0,0.0,1.13171119796074,0.467999994843137,1.0,0.0,1.134305500895634,-0.418791720931628,0.0,0.0,0.0002501688700677282,0.0002451837112703026,5.115911062722985e-06,-1.546471422726743e-05,-0.0005658567306915684,-0.0002340004654215632,0.0,0.0,-0.0005658555989803702,-0.0002339999974215685,0.0005767956502165657,-0.0002224748647916393,0.001048784203173561,0.0002892838880955327,-0.000812783103473734,-3.340632585722286e-05,0.000551686842216795,0.0002446937598459463,-0.0004970963667640324,-4.45900390695089e-05,0.0005575098506790688,-0.0001963168561399886
1,3414548.873833541,0.0,0.9977834842597262,0.0730564952427965,0.5542507190294161,-0.1955502394142971,0.7777029508486533,-0.09709149279868065,0.0,0.0,1.140656337102065,0.464701894799401,1.0,0.0,1.128433676095848,-0.4186376199202311,0.0,0.0,0.000254688981077722,0.0002402710121113469,5.602707228532158e-06,-1.611677339445753e-05,-0.0005703293092073694,-0.0002323514121015954,0.0,0.0,-0.0005703281685510327,-0.0002323509473997005,0.0005741829570664323,-0.0002230873805059341,0.001054892518312233,0.0002803001004766686,-0.0008145309374217105,-2.860818350704578e-05,0.0005559997783988857,0.0002437717797987749,-0.0004988917421298631,-3.652824762139825e-05,0.0005542507190294161,-0.0001955502394142971
1,3548133.892335691,0.0,1.000918801847523,0.05686956009495023,0.5510461645406883,-0.194975295047355,0.7761153621726012,-0.09682387435415774,0.0,0.0,1.149513138891552,0.4618168974905621,1.0,0.0,1.122711500002582,-0.4189297616987096,0.0,0.0,0.0002590265108558601,0.0002355588481043822,6.12820493493145e-06,-1.680335973565406e-05,-0.0005747577189589149,-0.0002309089105621785,0.0,0.0,-0.000574756569445776,-0.0002309084487452811,0.0005716653354618935,-0.0002239544666513546,0.001060727154815205,0.0002715195593475594,-0.0008161894673530123,-2.378438124664081e-05,0.0005602667529726414,0.0002430847224305242,-0.0005004594009237617,-2.843478004747512e-05,0.0005510461645406884,-0.000194975295047355
1,3686945.06451951,0.0,1.003607275731065,0.04061513347625001,0.5478816626304296,-0.1945965297765029,0.7745472874642874,-0.09665386618518121,0.0,0.0,1.158321874956412,0.4593511397977219,1.0,0.0,1.11711326196088,-0.4196814956610224,0.0,0.0,0.000263199498924678,0.0002310511552659211,6.695279996782917e-06,-1.752683984986182e-05,-0.0005791620958000808,-0.0002296760292500008,0.0,0.0,-0.0005791609374782059,-0.000229675569898861,0.0005692315993304501,-0.0002250849658845194,0.001066312080569651,0.0002629452328614131,-0.0008177650842786099,-1.893198189040213e-05,0.0005645074390968429,0.0002426376255081554,-0.0005018036378655326,-2.0307566738125e-05,0.0005478816626304296,-0.0001945965297765029
1,3831186.849557219,0.0,1.005856078742935,0.02428765602303667,0.5447424435645256,-0.1944178064594285,0.7729914022006555,-0.09658340060780131,0.0,0.0,1.167123613019199,0.4573086336767944,1.0,0.0,1.111612934479866,-0.4209052859791933,0.0,0.0,0.0002672258500605942,0.0002267507684342446,7.30701261388428e-06,-1.8289794385337e-05,-0.0005835629736332126,-0.0002286547741470309,0.0,0.0,-0.0005835618065095994,-0.0002286543168383972,0.0005668704909153408,-0.0002264874795197648,0.001071670984123828,0.0002545785051212046,-0.0008192640036997212,-1.404737689615632e-05,0.0005687419388962817,0.0002424346528220302,-0.0005029280393714676,-1.214382801151834e-05,0.0005447424435645256,-0.0001944178064594285
1,3981071.705534901,0.0,1.007670860657731,0.00788028554333059,0.5416134749595305,-0.194442363713105,0.7714402500279184,-0.09661410195558559,0.0,0.0,1.175960259003846,0.4556912650938328,1.0,0.0,1.106184140774156,-0.4226127892456066,0.0,0.0,0.000271123321148703,0.0002226594767783113,7.966698986246743e-06,-1.909504129357383e-05,-0.0005879813054621822,-0.0002278460882381814,0.0,0.0,-0.0005879801295019232,-0.0002278456325469164,0.0005645706658146255,-0.0002281704255325015,0.001076827251593062,0.0002464192594159548,-0.0008206922465806218,-9.12629898194503e-06,0.0005729908135933355,0.0002424791087640039,-0.0005038354303288655,-3.940142771665295e-06,0.0005416134749595305,-0.000194442363713105
1,4136820.402388433,0.0,1.009055648366833,-0.008614966712710254,0.538479437497159,-0.1946728288170378,0.7698862305801594,-0.09674729293345308,0.0,0.0,1.184874613534937,0.4544987706392873,1.0,0.0,1.100800107223163,-0.4248149228521391,0.0,0.0,0.000274909516636182,0.0002187780714011343,8.677863029195509e-06,-1.994566169108372e-05,-0.0005924384916420818,-0.0002272498398184143,0.0,0.0,-0.0005924373067674684,-0.0002272493853196437,0.0005623206697260039,-0.0002301420940351013,0.001081803955681498,0.0002384659513740723,-0.0008220556222321984,-4.163830965020487e-06,0.0005772751224424331,0.0002427734433453939,-0.0005045278241834165,4.307483356355127e-06,0.000538479437497159,-0.0001946728288170378
1,4298662.3470822,0.0,1.010012750857924,-0.02520710063678308,0.5353246945201967,-0.1951112230819447,0.7683215842571881,-0.09698399723797183,0.0,0.0,1.193910440477786,0.4537286893352949,1.0,0.0,1.095433601630096,-0.427521922901217,0.0,0.0,0.0002786018912721427,0.000215106384208439,9.444268057076007e-06,-2.084502861701304e-05,-0.0005969564141493335,-0.0002268647983963368,0.0,0.0,-0.000596955220238893,-0.0002268643446676474,0.0005601089071098989,-0.0002324106998192724,0.001086623855058421,0.000230715670991159,-0.0008233597123319183,8.455894951742149e-07,0.0005816164696167087,0.0002433192465166513,-0.0005050063754289618,1.260355031839154e-05,0.0005353246945201967,-0.0001951112230819447
1,4466835.921509551,0.0,1.010542667268509,-0.04190599220325747,0.5321332561809295,-0.1957589588969788,0.7667383742919436,-0.09732493805336076,0.0,0.0,1.203112545043204,0.4533762871631937,1.0,0.0,1.090056858082694,-0.4307433904871216,0.0,0.0,0.0002822177588299238,0.0002116433173135618,1.026992826858289e-05,-2.179683900287245e-05,-0.0006015574756341472,-0.000226688596957884,0.0,0.0,-0.0006015562725216019,-0.0002266881435815968,0.0005579236019017642,-0.0002349844315901428,0.001091309402358819,0.0002231641926405552,-0.0008246098552806766,5.908169508551941e-06,0.0005860370581818967,0.0002441172306481755,-0.0005052713336342547,2.095299610162873e-05,0.0005321332561809295,-0.0001957589588969788
1,4641588.833612694,0.0,1.010643996389948,-0.05872225797622518,0.5288887388217858,-0.1966168276601911,0.765128466441878,-0.09777053202795341,0.0,0.0,1.212526858820673,0.4534344518063604,1.0,0.0,1.084641489137474,-0.43448832518547,0.0,0.0,0.0002857743055121251,0.0002083868623254208,1.115911982369974e-05,-2.280514920032805e-05,-0.0006062646419371956,-0.0002267176793376319,0.0,0.0,-0.0006062634294103366,-0.0002267172259031802,0.0005557527503156888,-0.000237871497525279,0.001095882759105963,0.0002158060122920212,-0.0008258111300663978,1.103076512444165e-05,0.0005905597502669927,0.0002451672000023918,-0.000505321998194974,2.936112898811259e-05,0.0005288887388217858,-0.0001966168276601911
1,4823178.482239218,0.0,1.010313346120744,-0.07566711810772592,0.5255743202876888,-0.1976849777689353,0.7634835066484742,-0.09832087832165971,0.0,0.0,1.222200528893492,0.4538935550309484,1.0,0.0,1.079158385975128,-0.4387651445445366,0.0,0.0,0.0002892886067326211,0.0002053341089204783,1.211639125063266e-05,-2.387441444377423e-05,-0.0006111014866472745,-0.0002269472314090292,0.0,0.0,-0.0006111002644467458,-0.0002269467775154742,0.0005535840656874396,-0.0002410801667756013,0.001100365815871875,0.0002086343712509403,-0.0008269683387661861,1.622089021232481e-05,0.0005952081324981565,0.0002464680059719208,-0.0005051566730603721,3.783355905386296e-05,0.0005255743202876888,-0.0001976849777689353
1,5011872.336272631,0.0,1.009545241504693,-0.09275225647050495,0.5221726919050454,-0.1989628818003267,0.7617948970264816,-0.098975742291479,0.0,0.0,1.232182007914727,0.4547412800202283,1.0,0.0,1.073577607113256,-0.4435816882836401,0.0,0.0,0.0002927776459482889,0.0002024812421360413,1.314657285940601e-05,-2.500953265574159e-05,-0.0006160922361393715,-0.0002273710947513942,0.0,0.0,-0.0006160910039573636,-0.0002273706400101141,0.0005514049152082102,-0.0002446188064833133,0.001104780215993201,0.0002016412657911305,-0.0008280859867716636,2.148673015433047e-05,0.000600006585695613,0.0002480174867786392,-0.0005047726207523465,4.637612823525247e-05,0.0005221726919050454,-0.0001989628818003267
1,5207948.328595368,0.0,1.008332030142195,-0.109989676284328,0.5186660079180991,-0.2004492919479807,0.760053770571999,-0.09973453335000952,0.0,0.0,1.242521141668792,0.4559624108447311,1.0,0.0,1.067868256220813,-0.4489452057708363,0.0,0.0,0.0002962583341715938,0.0001998235278433784,1.425478476519873e-05,-2.621589303429954e-05,-0.0006212618133555376,-0.0002279816613847763,0.0,0.0,-0.0006212605708343959,-0.0002279812054223655,0.0005492022483027139,-0.0002484959138228556,0.001109147381139249,0.0001948174420935119,-0.0008291682597628691,2.683716039642361e-05,0.0006049803577361215,0.0002498123902253517,-0.0005041660150710975,5.499483814216399e-05,0.0005186660079180991,-0.0002004492919479807
1,5411695.265464537,0.0,1.006663783934888,-0.1273915493018854,0.5150358332545643,-0.2021421827016699,0.7582509650186497,-0.1005962764919396,0.0,0.0,1.253269250193962,0.4575385810999778,1.0,0.0,1.061998349563712,-0.4548623251739962,0.0,0.0,0.0002997475287297297,0.0001973552858698067,1.54464430370013e-05,-2.749942989138036e-05,-0.000626635878366231,-0.00022876974808857,0.0,0.0,-0.0006266346250969807,-0.0002287692905499889,0.0005469625163091482,-0.0002527201424723263,0.001113488536979877,0.0001881523759253539,-0.0008302189963826367,3.228176984460332e-05,0.0006101556383486489,0.0002518482779678459,-0.000503331891967444,6.36957746509427e-05,0.0005150358332545643,-0.0002021421827016699
1,5623413.251903387,0.0,1.004528196319849,-0.1449700563130285,0.5112630906046497,-0.2040386796633182,0.7563769963265958,-0.1015595769367029,0.0,0.0,1.264479197978947,0.4594479785885569,1.0,0.0,1.055934673631399,-0.461339002455365,0.0,0.0,0.0003032620497391281,0.0001950698502439195,1.672726338345853e-05,-2.88666822378388e-05,-0.0006322408634686717,-0.000229724448742257,0.0,0.0,-0.0006322395989894736,-0.0002297239892942785,0.0005446715830267495,-0.0002573003227920469,0.001117824737118152,0.0001816342365065765,-0.0008312416554775159,3.783088902120299e-05,0.0006155596344300313,0.0002541194096331467,-0.0005022640981599247,7.248502815651425e-05,0.0005112630906046497,-0.0002040386796633182
1,5843414.133735067,0.0,1.001910474377326,-0.1627372163990266,0.5073280079469387,-0.2061349732885477,0.7544220323630684,-0.1026225772831345,0.0,0.0,1.276205448052771,0.4616650027791982,1.0,0.0,1.049642633559414,-0.4683804481091376,0.0,0.0,0.0003068186926349081,0.0001929595160426942,1.810326166522935e-05,-3.032485963297284e-05,-0.0006381040002318336,-0.0002308329630546019,0.0,0.0,-0.0006381027240263855,-0.0002308325013895991,0.0005423146256124749,-0.0002622454748205899,0.001122176883330665,0.0001752498340169414,-0.0008322392766671044,4.349562280958272e-05,0.0006212206442315278,0.0002566186049536712,-0.0005009552371886629,8.136860819951328e-05,0.0005073280079469387,-0.0002061349732885477
1,6072021.956909773,0.0,0.9987932254650568,-0.180704702016976,0.5032100678482465,-0.2084262162313769,0.7523758674290257,-0.103782906515816,0.0,0.0,1.288504093941105,0.4641598716622979,1.0,0.0,1.043086093084335,-0.4759910292239989,0.0,0.0,0.0003104342349259034,0.0001910154723300146,1.958075037895638e-05,-3.188191483037312e-05,-0.0006442533354746463,-0.0002320803999910207,0.0,0.0,-0.0006442520469705524,-0.000232079935831149,0.0005398760252360884,-0.000267564812992622,0.001126565739991516,0.0001689845502087017,-0.0008332144328843452,4.928788750711149e-05,0.0006271681284657623,0.0002593370819218927,-0.0004993966127325284,9.035235100848799e-05,0.0005032100678482465,-0.0002084262162313769
1,6309573.444801815,0.0,0.9951563383553177,-0.1988836366144823,0.4988879601104302,-0.2109064028553344,0.7502278984084012,-0.1050376201451704,0.0,0.0,1.301432862441819,0.4668981745643976,1.0,0.0,1.036227206958616,-0.4841741440879856,0.0,0.0,0.0003141254351327546,0.000189227720701169,2.116633008884392e-05,-3.354662375462891e-05,-0.000650717732653772,-0.0002334495541803734,0.0,0.0,-0.0006507164312209098,-0.0002334490872821988,0.0005373392468481854,-0.0002732677412326512,0.001131011940338858,0.0001628222516121833,-0.0008341691733937395,5.522045176974133e-05,0.0006334327760048611,0.0002622642688030611,-0.0004975781691776589,9.944181830724114e-05,0.0004988879601104302,-0.0002109064028553344
1,6556418.494179667,0.0,0.9909768592435388,-0.2172843710638928,0.4943395396443027,-0.2135682293636188,0.7479671034687365,-0.1063831307073939,0.0,0.0,1.315051078953897,0.4698403675161219,1.0,0.0,1.029026247030017,-0.4929320661425975,0.0,0.0,0.0003179090216054933,0.000187584978996326,2.286687458454727e-05,-3.532867332976873e-05,-0.0006575268545280271,-0.0002349206535984285,0.0,0.0,-0.0006575255394769484,-0.000234920183758061,0.0005346867073857141,-0.0002793638367789787,0.001135535981969792,0.0001567451848677019,-0.0008351049556425405,6.13069808586518e-05,0.0006400465613711631,0.0002653875876840196,-0.0004954884296217695,0.0001086421855319464,0.0004943395396443027,-0.0002135682293636188
1,6812920.690579485,0.0,0.9862288634790358,-0.2359162347632852,0.4895417918294099,-0.2164029329025207,0.7455820244298621,-0.1078151278002202,0.0,0.0,1.329419585652799,0.4729412079305673,1.0,0.0,1.021441423573271,-0.5022657536396761,0.0,0.0,0.0003218016686022812,0.0001860745698299728,2.468950831513367e-05,-3.723875764407962e-05,-0.0006647111222459852,-0.0002364710769064915,0.0,0.0,-0.0006647097928263995,-0.0002364706039652836,0.0005318996317438612,-0.0002858628207371554,0.001140158208615049,0.0001507338537991689,-0.0008360225641350499,6.756208338098979e-05,0.0006470427906466679,0.0002686922070970465,-0.000493114431739518,0.0001179581173816426,0.0004895417918294099,-0.0002164029329025207
1,7079457.843841247,0.0,0.9808833244624016,-0.2547872567807679,0.4844708080797445,-0.2194001079176319,0.743060754146292,-0.1093284867919581,0.0,0.0,1.344600601117165,0.4761491256952001,1.0,0.0,1.013428703973781,-0.5121746208638129,0.0,0.0,0.0003258199566387524,0.0001846822937165461,2.664157438493575e-05,-3.928868286911517e-05,-0.0006723016451591838,-0.0002380750389967257,0.0,0.0,-0.0006723003005585826,-0.0002380745628476,0.0005289578958940365,-0.0002927745129461811,0.001144898774844352,0.0001447668779785191,-0.0008369220143453066,7.400135944168884e-05,0.0006544561317298272,0.0002721607611561596,-0.0004904416622312007,0.0001273936283903839,0.0004844708080797445,-0.0002194001079176319
1,7356422.544596274,0.0,0.9749079818882613,-0.2739038519262815,0.4791017748916053,-0.2225474980065866,0.7403909305252616,-0.1109171653217426,0.0,0.0,1.360657508054041,0.4794055283769656,1.0,0.0,1.004941631532533,-0.5226562662645622,0.0,0.0,0.000329980313684336,0.0001833922867731652,2.873059109519506e-05,-4.149148124306752e-05,-0.0006803301146845287,-0.0002397032435940112,0.0,0.0,-0.0006803287540270206,-0.0002397027641884828,0.0005258398566409277,-0.0003001087682579756,0.001149777589882514,0.0001388208327353403,-0.0008378024395047715,8.064144877957188e-05,0.0006623226240304016,0.0002757730326023326,-0.0004874539909441307,0.0001369519259631407,0.0004791017748916053,-0.0002225474980065866
1,7644222.742525859,0.0,0.9682672124193082,-0.2932704661337123,0.4734089803136092,-0.2258307615353485,0.7375597391322444,-0.1125740867184597,0.0,0.0,1.377654553524107,0.4826440391719815,1.0,0.0,0.9959311480209362,-0.5337061523119281,0.0,0.0,0.000334298933286549,0.0001821868632695921,3.096419467329717e-05,-4.386153426744085e-05,-0.0006888286544166065,-0.0002413225022300299,0.0,0.0,-0.0006888272767620534,-0.0002413220195859908,0.0005225221677073271,-0.0003078753907765795,0.001154814236173052,0.0001328700708664975,-0.0008386619579276652,8.750007703348453e-05,0.0006706796616961859,0.0002795055972038201,-0.0004841336062096541,0.0001466352330668562,0.0004734089803136092,-0.0002258307615353485
1,7943282.347242665,0.0,0.9609219069955373,-0.3128891750462981,0.4673658425628734,-0.2292332093935032,0.7345539267256828,-0.1142910095172764,0.0,0.0,1.39565644352471,0.4857896676027683,1.0,0.0,0.9863454247017786,-0.5453172313687049,0.0,0.0,0.0003387916651473588,0.0001810463436998054,3.335006544831999e-05,-4.641470503521138e-05,-0.0006978296174187987,-0.0002428953195910517,0.0,0.0,-0.0006978282217623551,-0.0002428948338013842,0.0005189795821389051,-0.0003160840219752017,0.001160027857710763,0.0001268865267252146,-0.0008394975183807427,9.459609775799849e-05,0.0006795659432910882,0.0002833314271375388,-0.0004804609534977686,0.0001564445875231491,0.0004673658425628734,-0.0002292332093935032
1,8254041.852680027,0.0,0.9528293603545868,-0.3327592292514647,0.4609449664273619,-0.232735513491555,0.7313598285185049,-0.1160583823629568,0.0,0.0,1.414727810950094,0.4887579149071611,1.0,0.0,0.9761297078911877,-0.5574795113985028,0.0,0.0,0.0003434738730622861,0.0001799488696002938,3.589583430901796e-05,-4.916847928882211e-05,-0.000707365320202858,-0.0002443794462114955,0.0,0.0,-0.000707363905475047,-0.0002443789574535806,0.0005151847414638258,-0.0003247439979069478,0.001165437012482066,0.0001208395039531057,-0.0008403047208844563,0.0001019495271646562,0.0006890213794754121,0.0002872194513380663,-0.0004764146801772934,0.0001663796146257323,0.0004609449664273619,-0.000232735513491555
1,8576958.985908778,0.0,0.943943180012223,-0.3528765392525674,0.4541182341510953,-0.2363153849929245,0.7279634124902387,-0.117865183779529,0.0,0.0,1.434932532839569,0.4914538187312535,1.0,0.0,0.9652261868135897,-0.5701795549470026,0.0,0.0,0.0003483602544746972,0.0001788702070756563,3.860896582310291e-05,-5.214211437378529e-05,-0.0007174677013523174,-0.0002457274008194455,0.0,0.0,-0.0007174662664197846,-0.0002457269093656267,0.0005111079526624945,-0.0003338641699540781,0.001171059482613313,0.0001146954489039906,-0.0008410776102729875,0.0001095815677869504,0.0006990869486640215,0.0002911340714068136,-0.0004719715900061115,0.0001764382696262837,0.0004541182341510953,-0.0002363153849929245
1,8912509.381337285,0.0,0.9342132239768555,-0.3732330930584738,0.4468569387003877,-0.2399472218795993,0.724350344672383,-0.1196987465834148,0.0,0.0,1.456332869501356,0.4937709453230403,1.0,0.0,0.9535738935476804,-0.5833999046135336,0.0,0.0,0.0003534646152130519,0.0001777835419560711,4.149661391467178e-05,-5.535679468012767e-05,-0.0007281678910835475,-0.0002468859664324654,0.0,0.0,-0.0007281664347506782,-0.0002468854726615202,0.0005067169548472928,-0.0003434526827339344,0.001176912035052967,0.000108417712844343,-0.0008418084398762252,0.0001175146163357836,0.000709804488851315,0.0002950346326066726,-0.0004671066119884277,0.0001866165465292369,0.0004468569387003877,-0.0002399472218795993
1,9261187.281287758,0.0,0.9235855788989218,-0.3938162993044046,0.4391319686508183,-0.2436017263404242,0.7205060799989966,-0.1215445671552474,0.0,0.0,1.478988394663136,0.4955903421457452,1.0,0.0,0.9411086473264093,-0.5971184282614621,0.0,0.0,0.0003587995923006668,0.0001766592707548656,4.45654455068562e-05,-5.883579141653973e-05,-0.0007394956763199627,-0.0002477956666632146,0.0,0.0,-0.000739494197331568,-0.0002477951710728726,0.0005019766786755911,-0.0003535167019210379,0.001183010124837086,0.0001019663073587857,-0.0008424874028598664,0.0001257722499108105,0.0007212164118020469,0.0002988748508272883,-0.0004617927894494609,0.0001969081496522023,0.0004391319686508183,-0.0002436017263404242
1,9623506.263980702,0.0,0.9120025932314705,-0.4146082492055128,0.4309140553988063,-0.2472454937268315,0.7164159840458363,-0.1233861004050857,0.0,0.0,1.502954682413864,0.4967794699450339,1.0,0.0,0.9277630583836558,-0.6113075776204385,0.0,0.0,0.0003643763171034958,0.0001754647931750605,4.782142706606937e-05,-6.260462360348977e-05,-0.0007514788441616143,-0.0002483902317519869,0.0,0.0,-0.0007514773412069321,-0.0002483897349725169,0.0004968490029848495,-0.000364062083893607,0.00118936753225997,9.529765910426726e-05,-0.0008431023291289239,0.0001343791834501271,0.0007333653236416411,0.0003026021983152725,-0.0004560012966157353,0.0002073041246027564,0.0004309140553988063,-0.0002472454937268315
1,10000000.0,0.0,0.8994029833371253,-0.4355848915404298,0.4221740949513416,-0.2508405765399131,0.7120654917566623,-0.1252045421151574,0.0,0.0,1.528281713614227,0.4971911410950642,1.0,0.0,0.913466609967882,-0.6259335548690725,0.0,0.0,0.0003702040105795917,0.0001741643138915214,5.126956857262824e-05,-6.669121596078313e-05,-0.000764142385088827,-0.0002485960677386732,0.0,0.0,-0.0007641408568071134,-0.0002485955705475321,0.0004912925150165404,-0.0003750929783291594,0.001195995924667802,8.836437221202983e-05,-0.000843638346336946,0.000143361189831194,0.0007462935335962567,0.0003061572535671364,-0.0004497014916685627,0.0002177924457702149,0.0004221740949513416,-0.0002508405765399131
2,10.0,0.0,-5.011412147850311e-06,5.793138987376633e-05,0.9999979760194002,-2.712750138481916e-05,0.9980890653780634,-1.341746134310912e-05,0.0,0.0,5.019567741904041e-06,6.796082490641343e-05,1.0,0.0,9.999979769285886,-0.0002707598778863478,0.0,0.0,-0.0004999488432846366,4.50640693212328e-08,-1.002367071376478e-12,-5.723850710955568e-11,-2.509788890698249e-09,-3.398048041403162e-08,0.0,0.0,-2.50978387095202e-09,-3.398041245320672e-08,0.0009999979770296096,-2.707026405572541e-08,2.065228144188581e-12,6.283175744610136e-08,-0.0004999488346725256,-1.788203872528184e-08,2.507776313548535e-09,3.386600457782832e-08,2.505706073925156e-09,-2.896569493688316e-08,0.0009999979760194001,-2.712750138481916e-08
2,10.39122303835169,0.0,-5.011257502454297e-06,6.019779930479025e-05,0.9999979759492802,-2.818879173392433e-05,0.9980890653433874,-1.394238334130346e-05,0.0,0.0,5.01974400091143e-06,7.061960894135673e-05,1.0,0.0,9.99997976859065,-0.000281352628071985,0.0,0.0,-0.000499948843167064,4.682707952930728e-08,-1.002403059853877e-12,-5.947780937426475e-11,-2.509877020536014e-09,-3.53098750902873e-08,0.0,0.0,-2.509872000455715e-09,-3.530980447067836e-08,0.0009999979769601522,-2.812931514867341e-08,2.229982054448139e-12,6.528988054585654e-08,-0.0004999488347203762,-1.858162527587087e-08,2.507863744557013e-09,3.519092069566213e-08,2.505628751227148e-09,-3.009889965239513e-08,0.0009999979759492802,-2.818879173392433e-08
2,10.7977516232771,0.0,-5.011090519310997e-06,6.255287589355363e-05,0.9999979758735672,-2.92916022062365e-05,0.9980890653059453,-1.448784149725848e-05,0.0,0.0,5.019934319783204e-06,7.338241073242317e-05,1.0,0.0,9.99997976783996,-0.0002923597910459791,0.0,0.0,-0.0004999488430397214,4.865906275791576e-08,-1.002441919317894e-12,-6.180471830236905e-11,-2.509972179480926e-09,-3.669127874862231e-08,0.0,0.0,-2.509967159891602e-09,-3.669120536621158e-08,0.0009999979768851549,-2.92297987599714e-08,2.40787923461178e-12,6.784417108370755e-08,-0.0004999488347715575,-1.930858126386312e-08,2.507958149698507e-09,3.656767058405485e-08,2.505545259655499e-09,-3.127643794677681e-08,0.0009999979758735671,-2.92916022062365e-08
2,11.22018454301963,0.0,-5.010910216044063e-06,6.500008850346417e-05,0.9999979757918128,-3.043755716459585e-05,0.9980890652655157,-1.505463923276031e-05,0.0,0.0,5.02013982295324e-06,7.625329969378359e-05,1.0,0.0,9.999979767029371,-0.0003037975795910002,0.0,0.0,-0.0004999488429026089,5.05627173904705e-08,-1.002483878801952e-12,-6.422266126834987e-11,-2.510074931509546e-09,-3.812672610019147e-08,0.0,0.0,-2.51006991147662e-09,-3.81266498468918e-08,0.0009999979768041732,-3.037333582515604e-08,2.599968191164471e-12,7.049839135130391e-08,-0.0004999488348274017,-2.006397744467293e-08,2.508060087686112e-09,3.799828209948332e-08,2.505455108022032e-09,-3.250004425173208e-08,0.0009999979757918129,-3.043755716459585e-08
2,11.65914401179831,0.0,-5.010715529479079e-06,6.754304170784848e-05,0.9999979757035373,-3.162834452065492e-05,0.9980890652218612,-1.564361140130419e-05,0.0,0.0,5.020361717456012e-06,7.923650444445581e-05,1.0,0.0,9.999979766154125,-0.0003156828407710865,0.0,0.0,-0.0004999488427541721,5.254084737734679e-08,-1.00252918561065e-12,-6.673519973347107e-11,-2.510185879805046e-09,-3.961833145873233e-08,0.0,0.0,-2.510180858728006e-09,-3.961825222222791e-08,0.0009999979767167319,-3.15616106944924e-08,2.807381075365373e-12,7.32564508298023e-08,-0.0004999488348873538,-2.084892646413901e-08,2.508170156465798e-09,3.948486243283635e-08,2.50535776473954e-09,-3.377152085392424e-08,0.0009999979757035374,-3.162834452065492e-08
2,12.11527658628588,0.0,-5.010505308585152e-06,7.018548109923508e-05,0.99999797560822,-3.286571822105398e-05,0.9980890651747246,-1.625562551777511e-05,0.0,0.0,5.020601316019224e-06,8.233641903676364e-05,1.0,0.0,9.999979765209059,-0.000328033080746187,0.0,0.0,-0.0004999488425940779,5.459636636591064e-08,-1.00257810677735e-12,-6.934603449156293e-11,-2.510305678865549e-09,-4.116829185480085e-08,0.0,0.0,-2.510300658009612e-09,-4.116820951838182e-08,0.0009999979766223154,-3.279637361390367e-08,3.031340356023135e-12,7.612241194825761e-08,-0.0004999488349520798,-2.166458449736038e-08,2.50828900520531e-09,4.102960121315899e-08,2.505252654292576e-09,-3.509274054961754e-08,0.00099999797560822,-3.286571822105398e-08
2,12.58925411794167,0.0,-5.010278320355729e-06,7.293129880634982e-05,0.999997975505298,-3.415150083086112e-05,0.9980890651238272,-1.689158303623624e-05,0.0,0.0,5.020860029958385e-06,8.555760942846712e-05,1.0,0.0,9.999979764188595,-0.0003408664905575038,0.0,0.0,-0.0004999488424211052,5.673230199212121e-08,-1.002630930638052e-12,-7.205901112003408e-11,-2.510435035666258e-09,-4.2778890271843e-08,0.0,0.0,-2.510430014979192e-09,-4.277880471423356e-08,0.0009999979765203664,-3.40794433029603e-08,3.273166024592881e-12,7.910049606729583e-08,-0.0004999488350220238,-2.251215295167479e-08,2.50841733620338e-09,4.263477373282214e-08,2.505139160177864e-09,-3.646564940317491e-08,0.000999997975505298,-3.415150083086112e-08
2,13.08177474260194,0.0,-5.010033223230089e-06,7.578453922694739e-05,0.9999979753941652,-3.54875862180829e-05,0.9980890650688693,-1.755242067770757e-05,0.0,0.0,5.021139380723127e-06,8.890482020809825e-05,1.0,0.0,9.999979763086722,-0.0003542019729216216,0.0,0.0,-0.0004999488422343656,5.895180034001538e-08,-1.002687968530798e-12,-7.487812564413601e-11,-2.510574711846494e-09,-4.445249900886933e-08,0.0,0.0,-2.510569690361564e-09,-4.445241010404912e-08,0.000999997976410284,-3.541270963372653e-08,3.534283375060999e-12,8.219508969688174e-08,-0.000499948835097519,-2.33928802362274e-08,2.50855590528699e-09,4.430274429886883e-08,2.505016611615045e-09,-3.789226961347369e-08,0.0009999979753941653,-3.54875862180829e-08
2,13.59356390878525,0.0,-5.00976857367119e-06,7.874940498492566e-05,0.9999979752741673,-3.687594234319857e-05,0.9980890650095274,-1.823911180989004e-05,0.0,0.0,5.021441017660777e-06,9.238298158340571e-05,1.0,0.0,9.999979761896949,-0.0003680591700728786,0.0,0.0,-0.0004999488420328602,6.125813057565556e-08,-1.002749556630675e-12,-7.780753042283004e-11,-2.510725530302999e-09,-4.619158317468444e-08,0.0,0.0,-2.510720508830389e-09,-4.619149079170286e-08,0.0009999979762914202,-3.67981364144089e-08,3.816231404471425e-12,8.541075095733977e-08,-0.0004999488351790093,-2.430806360082508e-08,2.508705527888828e-09,4.603596971547195e-08,2.504884286835595e-09,-3.937470249246283e-08,0.0009999979752741673,-3.687594234319857e-08
2,14.12537544622754,0.0,-5.009482808049973e-06,8.18302631204946e-05,0.9999979751445969,-3.831861415782758e-05,0.9980890649454519,-1.895266788086777e-05,0.0,0.0,5.021766717128173e-06,9.599721664320473e-05,1.0,0.0,9.999979760612264,-0.0003824584926949974,0.0,0.0,-0.0004999488418150344,6.365468976245097e-08,-1.002816057931189e-12,-8.085154026492152e-11,-2.510888380486438e-09,-4.7998704318819e-08,0.0,0.0,-2.510883358564087e-09,-4.799860832160236e-08,0.0009999979761630743,-3.823776428190776e-08,4.12067188360526e-12,8.875221629314467e-08,-0.00049994883526705,-2.52590510466226e-08,2.508867085799839e-09,4.783700290263428e-08,2.504741404024987e-09,-4.09151315602473e-08,0.0009999979751445969,-3.831861415782759e-08
2,14.67799267622069,0.0,-5.009174250334607e-06,8.503165152251898e-05,0.999997975004689,-3.981772661679936e-05,0.9980890648762639,-1.969413990889989e-05,0.0,0.0,5.022118399367059e-06,9.975284890332608e-05,1.0,0.0,9.999979759225088,-0.0003974211499845852,0.0,0.0,-0.0004999488415801112,6.614500786468976e-08,-1.002887864383723e-12,-8.401463878447266e-11,-2.511064222220664e-09,-4.987652420451193e-08,0.0,0.0,-2.51105919968353e-09,-4.987642445166304e-08,0.0009999979760244887,-3.973371370753176e-08,4.449399151275269e-12,9.222440744937088e-08,-0.0004999488353621961,-2.624724331173038e-08,2.509041534080163e-09,4.970849665645987e-08,2.504587125167304e-09,-4.251582576125949e-08,0.000999997975004689,-3.981772661679937e-08
2,15.25222956539018,0.0,-5.008841076168855e-06,8.835828561250966e-05,0.9999979748536206,-4.137548780806233e-05,0.9980890648015569,-2.046462003049652e-05,0.0,0.0,5.022498137385867e-06,0.0001036554101477804,1.0,0.0,9.999979757727251,-0.0004129691808907888,0.0,0.0,-0.0004999488413264253,6.873275294700325e-08,-1.002965399207629e-12,-8.730148500484924e-11,-2.511254091252484e-09,-5.182780872930033e-08,0.0,0.0,-2.511249068692934e-09,-5.182770507389021e-08,0.0009999979758748478,-4.128818812030294e-08,4.804350689961787e-12,9.583243872107655e-08,-0.0004999488354650028,-2.72740959343327e-08,2.509229897868367e-09,5.165320755653612e-08,2.504420538084427e-09,-4.417914280625483e-08,0.0009999979748536207,-4.137548780806234e-08
2,15.84893192461113,0.0,-5.008481322896651e-06,9.181506529010655e-05,0.9999979746905004,-4.299419220504164e-05,0.9980890647208901,-2.126524310905876e-05,0.0,0.0,5.022908170282392e-06,0.0001077106485766859,1.0,0.0,9.999979756109928,-0.0004291254865771127,0.0,0.0,-0.0004999488410522002,7.142173657715209e-08,-1.003049119384659e-12,-9.071692022113909e-11,-2.511459107801604e-09,-5.38554319989915e-08,0.0,0.0,-2.511454085141196e-09,-5.385532428834294e-08,0.0009999979757132698,-4.290347715245234e-08,5.187618545121611e-12,9.958162448629966e-08,-0.000499948835575692,-2.83411213966094e-08,2.509433288468289e-09,5.367400002618109e-08,2.504240661448326e-09,-4.590753264505328e-08,0.0009999979746905005,-4.299419220504164e-08
2,16.46897865482867,0.0,-5.008092869876999e-06,9.54070821502855e-05,0.999997974514368,-4.467622404623687e-05,0.9980890646337882,-2.209718840645254e-05,0.0,0.0,5.023350910349222e-06,0.000111924537272962,1.0,0.0,9.999979754363585,-0.0004459138641532173,0.0,0.0,-0.0004999488407563257,7.421591944016057e-08,-1.003139518352355e-12,-9.426597513103951e-11,-2.511680478222514e-09,-5.596238056101825e-08,0.0,0.0,-2.511675455174611e-09,-5.596226863648098e-08,0.000999997975538802,-4.458196001188671e-08,5.601461655474038e-12,1.03477487033762e-07,-0.0004999488356954851,-2.94498913525274e-08,2.509652904253671e-09,5.57738505515371e-08,2.5040464349385e-09,-4.770354107514275e-08,0.000999997974514368,-4.467622404623687e-08
2,17.11328304161779,0.0,-5.007673427995382e-06,9.913962698291802e-05,0.9999979743241836,-4.642406084703703e-05,0.9980890645397374,-2.29616813199781e-05,0.0,0.0,5.023828974159983e-06,0.0001163032830002588,1.0,0.0,9.99997975247792,-0.0004633590417263842,0.0,0.0,-0.0004999488404369146,7.711941717218157e-08,-1.003237128912321e-12,-9.795387724472293e-11,-2.511919510157052e-09,-5.815175780341241e-08,0.0,0.0,-2.511914487079991e-09,-5.81516415001294e-08,0.000999997975350415,-4.632610898659413e-08,6.048319166937445e-12,1.075257646968108e-07,-0.0004999488358247151,-3.060203894276139e-08,2.509890040725832e-09,5.79558520657248e-08,2.503836713997691e-09,-4.956981349145901e-08,0.0009999979743241837,-4.642406084703703e-08
2,17.78279410038921,0.0,-5.007220524861589e-06,0.0001030181975657308,0.9999979741188275,-4.824027704892568e-05,0.9980890644381839,-2.385999518729367e-05,0.0,0.0,5.024345171911193e-06,0.0001208533353450815,1.0,0.0,9.999979750441826,-0.0004814867148242695,0.0,0.0,-0.0004999488400916352,8.013650642249787e-08,-1.00334252637049e-12,-1.017860585845931e-10,-2.512177610388879e-09,-6.042678852587608e-08,0.0,0.0,-2.512172585955597e-09,-6.042666767254077e-08,0.000999997975147,-4.813849308614932e-08,6.530824808687147e-12,1.117324203055781e-07,-0.0004999488359641591,-3.179926120020982e-08,2.510146094449826e-09,6.022321850451517e-08,2.503610262430794e-09,-5.150909878286538e-08,0.0009999979741188276,-4.824027704892567e-08
2,18.47849797422289,0.0,-5.006731491708787e-06,0.0001070485067621435,0.9999979738970894,-5.012754781145138e-05,0.9980890643285288,-2.479345316195182e-05,0.0,0.0,5.024902549166654e-06,0.0001255813962165755,1.0,0.0,9.999979748243309,-0.0005003235842426023,0.0,0.0,-0.0004999488397194884,8.327163115274017e-08,-1.003456331927922e-12,-1.057681636862745e-10,-2.512456299670783e-09,-6.279082368968394e-08,0.0,0.0,-2.512451274583327e-09,-6.279069810828774e-08,0.0009999979749273577,-5.002178182568344e-08,7.051822416065595e-12,1.161036499698082e-07,-0.0004999488361150384,-3.304332154959252e-08,2.510422575072991e-09,6.257928954022975e-08,2.503365745854393e-09,-5.352425338107174e-08,0.0009999979738970894,-5.012754781145138e-08
2,19.201419386388,0.0,-5.006203445558029e-06,0.0001112364909359121,0.999997973657662,-5.208865295254798e-05,0.9980890642101261,-2.576343016231084e-05,0.0,0.0,5.025504393962876e-06,0.0001304944297179633,1.0,0.0,9.999979745869396,-0.0005198973953735614,0.0,0.0,-0.0004999488393170326,8.652940918251717e-08,-1.003579216342086e-12,-1.099060579126162e-10,-2.512757222162325e-09,-6.524734535341136e-08,0.0,0.0,-2.512752196981438e-09,-6.524721485898164e-08,0.0009999979746901928,-5.197874915789038e-08,7.614382691835002e-12,1.206458922052882e-07,-0.000499948836277575,-3.433605240484676e-08,2.510721111781041e-09,6.502753550084121e-08,2.503101722779015e-09,-5.561824546795607e-08,0.000999997973657662,-5.208865295254798e-08
2,19.95262314968878,0.0,-5.005633275294001e-06,0.0001155883186949719,0.9999979733991339,-5.41264810430098e-05,0.9980890640822775,-2.677135489669224e-05,0.0,0.0,5.026154248355397e-06,0.0001355996724041762,1.0,0.0,9.999979743306108,-0.0005402369790727787,0.0,0.0,-0.0004999488388828244,8.991463899114092e-08,-1.003711903880242e-12,-1.142058360929622e-10,-2.51308215068737e-09,-6.77999718017605e-08,0.0,0.0,-2.513077124177699e-09,-6.779983620208811e-08,0.0009999979744341081,-5.401227755886322e-08,8.221821304561608e-12,1.253658374173256e-07,-0.0004999488364533233,-3.567935786817056e-08,2.511043465030312e-09,6.757156248152095e-08,2.502816637647e-09,-5.779415934748597e-08,0.000999997973399134,-5.41264810430098e-08
2,20.73321573485953,0.0,-5.00501761718633e-06,0.0001201103999773582,0.9999979731199823,-5.624403366115134e-05,0.9980890639442306,-2.781871196776669e-05,0.0,0.0,5.026855947498632e-06,0.0001409046439407855,1.0,0.0,9.999979740538338,-0.0005613722941251395,0.0,0.0,-0.0004999488384138662,9.343230678547643e-08,-1.003855176588174e-12,-1.186738315004049e-10,-2.513433001033698e-09,-7.045246287503669e-08,0.0,0.0,-2.513427973749316e-09,-7.045232197039272e-08,0.0009999979741575952,-5.612536227377646e-08,8.877718430801208e-12,1.302704377552405e-07,-0.0004999488366429494,-3.707521653457257e-08,2.511391531921342e-09,7.02151176561614e-08,2.502508808593165e-09,-6.005519998867913e-08,0.0009999979731199822,-5.624403366115134e-08
2,21.54434690031881,0.0,-5.00435284711484e-06,0.0001248093954925905,0.9999979728185605,-5.844442981391867e-05,0.99808906379517,-2.890704405926811e-05,0.0,0.0,5.027613624086769e-06,0.0001464171581799352,1.0,0.0,9.99997973754976,-0.0005833344713719448,0.0,0.0,-0.0004999488379073824,9.708759384419166e-08,-1.004009878899508e-12,-1.23316625180256e-10,-2.513811840275948e-09,-7.320872550712581e-08,0.0,0.0,-2.513806812043384e-09,-7.320857908996762e-08,0.0009999979738590222,-5.832111572866957e-08,9.585939856265537e-12,1.353669173523872e-07,-0.0004999488368477856,-3.852568440629219e-08,2.511767368202249e-09,7.296209479669645e-08,2.50217642355742e-09,-6.240469774629523e-08,0.0009999979728185606,-5.844442981391868e-08
2,22.38721138568337,0.0,-5.003635043904559e-06,0.0001296922265324227,0.9999979724930937,-6.073091053096512e-05,0.9980890636342189,-3.00379542082573e-05,0.0,0.0,5.028431743880901e-06,0.0001521453346695915,1.0,0.0,9.999979734322778,-0.0006061558595644284,0.0,0.0,-0.0004999488373603755,1.008858841495108e-07,-1.004176922612684e-12,-1.281410556434597e-10,-2.514220900852464e-09,-7.607281948013045e-08,0.0,0.0,-2.514215871940451e-09,-7.607266733479577e-08,0.0009999979735366316,-6.060277211482925e-08,1.035065976033743e-11,1.40662782966789e-07,-0.000499948837068831,-4.003289792104737e-08,2.512173185060164e-09,7.581654000835113e-08,2.501817521952279e-09,-6.484611326621136e-08,0.0009999979724930937,-6.073091053096512e-08
2,23.26305067153623,0.0,-5.002859981181288e-06,0.0001347660851654121,0.9999979721416613,-6.310684363845655e-05,0.9980890634604267,-3.121310816628099e-05,0.0,0.0,5.029315131466205e-06,0.0001580976106130568,1.0,0.0,9.999979730838348,-0.0006298700730111585,0.0,0.0,-0.000499948836770403,1.048327723173842e-07,-1.004357292265017e-12,-1.331542289392443e-10,-2.514662595168135e-09,-7.9048963404139e-08,0.0,0.0,-2.514657565733103e-09,-7.904880530652841e-08,0.0009999979731885207,-6.297369215252243e-08,1.1176385318224e-11,1.461658350380568e-07,-0.000499948837307973,-4.159907709888399e-08,2.512611378910537e-09,7.878265768926563e-08,2.501429990590644e-09,-6.738304258270605e-08,0.0009999979721416613,-6.310684363845656e-08
2,24.17315480804101,0.0,-5.002023084340661e-06,0.0001400384448303234,0.9999979717621945,-6.557572871963944e-05,0.9980890632727712,-3.243423685290538e-05,0.0,0.0,5.030268988903686e-06,0.000164282753296369,1.0,0.0,9.99997972707596,-0.0006545120410895202,0.0,0.0,-0.0004999488361328019,1.089340718379159e-07,-1.004552050935427e-12,-1.383635291218267e-10,-2.515139525311564e-09,-8.214154093093776e-08,0.0,0.0,-2.515134494451843e-09,-8.214137664818449e-08,0.0009999979728126406,-6.543736804109787e-08,1.206798326575045e-11,1.518841791768809e-07,-0.0004999488375657668,-4.322652881221434e-08,2.513084527111149e-09,8.186481672327439e-08,2.501011542170331e-09,-7.001922241516172e-08,0.0009999979717621944,-6.557572871963944e-08
2,25.11886431509577,0.0,-5.001119422422786e-06,0.0001455170713439684,0.9999979713524554,-6.814120226947618e-05,0.9980890630701452,-3.370313890523643e-05,0.0,0.0,5.03129894280363e-06,0.0001707098730018861,1.0,0.0,9.999979723013421,-0.0006801180596941861,0.0,0.0,-0.0004999488354443526,1.131958236383281e-07,-1.004762346510135e-12,-1.437766291266127e-10,-2.515654502568162e-09,-8.535510721081602e-08,0.0,0.0,-2.515649471401815e-09,-8.535493650094303e-08,0.000999997972406774,-6.799742860274555e-08,1.303070858336402e-11,1.578262381040144e-07,-0.0004999488378440997,-4.491765018345596e-08,2.513595421638448e-09,8.506755691495882e-08,2.500559711211393e-09,-7.275853567198422e-08,0.0009999979713524554,-6.814120226947618e-08
2,26.10157215682533,0.0,-5.000143672316114e-06,0.0001512100343396979,0.9999979709100297,-7.080704305094194e-05,0.9980890628513549,-3.502168332718375e-05,0.0,0.0,5.032411058536468e-06,0.0001773884364270797,1.0,0.0,9.999979718626799,-0.0007067258446983716,0.0,0.0,-0.0004999488347010583,1.176243049806969e-07,-1.004989418448166e-12,-1.494015020718864e-10,-2.516210561598635e-09,-8.869439560197625e-08,0.0,0.0,-2.516205529268234e-09,-8.869421821353986e-08,0.0009999979719685298,-7.06576446274922e-08,1.40702354684087e-11,1.640007640563379e-07,-0.0004999488381447481,-4.667493211606133e-08,2.5141470722707e-09,8.839559567645464e-08,2.500071836158057e-09,-7.560501716984897e-08,0.0009999979709100298,-7.080704305094194e-08
2,27.12272579332025,0.0,-4.999090082387985e-06,0.0001571257191533907,0.9999979704323088,-7.357717766087103e-05,0.9980890626151103,-3.639181224236898e-05,0.0,0.0,5.033611895299828e-06,0.0001843282806283002,1.0,0.0,9.999979713890225,-0.0007343745875066074,0.0,0.0,-0.0004999488338984781,1.222260387080112e-07,-1.005234605086578e-12,-1.552464330026537e-10,-2.516810981613957e-09,-9.216432464243067e-08,0.0,0.0,-2.516805947649914e-09,-9.21641403141501e-08,0.000999997971495324,-7.342193442730404e-08,1.519269077821772e-11,1.704168516782755e-07,-0.0004999488384693773,-4.850096296324792e-08,2.514742731485673e-09,9.185383497586102e-08,2.499545041193993e-09,-7.856285957669537e-08,0.0009999979704323088,-7.357717766087103e-08
2,28.1838293126445,0.0,-4.997952442176426e-06,0.0001632728391744503,0.9999979699164778,-7.645568631355191e-05,0.9980890623600194,-3.781554375473442e-05,0.0,0.0,5.034908529211179e-06,0.0001915396275100537,1.0,0.0,9.999979708775793,-0.0007631050127808619,0.0,0.0,-0.000499948833031949,1.270078028517424e-07,-1.005499351528478e-12,-1.613200310939298e-10,-2.517459299662779e-09,-9.577000529465434e-08,0.0,0.0,-2.51745426460559e-09,-9.576981375502685e-08,0.0009999979709843683,-7.62943696074789e-08,1.640469014113349e-11,1.770839514175517e-07,-0.0004999488388200968,-5.039843234056125e-08,2.515385909308279e-09,9.544736855748739e-08,2.498976221088213e-09,-8.163641958722513e-08,0.000999997969916478,-7.645568631355192e-08
2,29.28644564625232,0.0,-4.996724045200266e-06,0.0001696604486799975,0.9999979693594968,-7.944680885058774e-05,0.9980890620845787,-3.929497492106412e-05,0.0,0.0,5.03630860038129e-06,0.0001990330988811286,1.0,0.0,9.999979703253361,-0.0007929594384250251,0.0,0.0,-0.0004999488320962531,1.319766406155369e-07,-1.005785218160298e-12,-1.67631242331447e-10,-2.518159336864888e-09,-9.95167484736632e-08,0.0,0.0,-2.518154300190645e-09,-9.951654944056432e-08,0.0009999979704326516,-7.927918106382638e-08,1.771337694828933e-11,1.840118834450179e-07,-0.0004999488391985718,-5.237013508746155e-08,2.516080396252462e-09,9.918148944457045e-08,2.498362022600133e-09,-8.483022433999876e-08,0.0009999979693594968,-7.944680885058775e-08
2,30.43219887107717,0.0,-4.99539765499673e-06,0.000176297956171166,0.9999979687580818,-8.255495098587717e-05,0.9980890617871643,-4.083228483979723e-05,0.0,0.0,5.037820366204926e-06,0.0002068197320997532,1.0,0.0,9.99997969729037,-0.0008239818379161283,0.0,0.0,-0.0004999488310858391,1.371398707491879e-07,-1.006093889848546e-12,-1.741893626884625e-10,-2.518915220452693e-09,-1.034100728696087e-07,0.0,0.0,-2.518910183102463e-09,-1.034098660498766e-07,0.000999997969836921,-8.238076521447235e-08,1.912646445596624e-11,1.912108521190546e-07,-0.0004999488396072449,-5.441897538391066e-08,2.516830287077082e-09,1.030616977355154e-07,2.497698827498365e-09,-8.814897808558301e-08,0.0009999979687580819,-8.255495098587718e-08
2,31.62277660168374,0.0,-4.99396544981291e-06,0.0001831951382311397,0.9999979681086892,-8.578469079491089e-05,0.9980890614660237,-4.242973786068176e-05,0.0,0.0,5.039452728894389e-06,0.0002149109963308219,1.0,0.0,9.999979690851681,-0.0008562179050740802,0.0,0.0,-0.000499948829994934,1.425050983287288e-07,-1.006427185870207e-12,-1.81004051818067e-10,-2.519731404000916e-09,-1.074557130764073e-07,0.0,0.0,-2.519726364447195e-09,-1.07455498165411e-07,0.000999997969193666,-8.560369047546326e-08,2.065228124667088e-11,1.986914610158497e-07,-0.0004999488400486696,-5.654797102804427e-08,2.517640000192291e-09,1.070937087051417e-07,2.496982724906455e-09,-9.159756911556987e-08,0.0009999979681086892,-8.578469079491089e-08
2,32.85993247600649,0.0,-4.992418989719955e-06,0.0001903621539253489,0.9999979674074913,-8.914078545794378e-05,0.9980890611192643,-4.408968691999705e-05,0.0,0.0,5.041215316303749e-06,0.000223318809439142,1.0,0.0,9.999979683899351,-0.0008897151213653451,0.0,0.0,-0.0004999488288169873,1.480802259581527e-07,-1.006787070635374e-12,-1.880853472811747e-10,-2.520612699345337e-09,-1.116596280383804e-07,0.0,0.0,-2.520607658151875e-09,-1.11659404719571e-07,0.0009999979684990955,-8.895270398971126e-08,2.229982031687749e-11,2.064647285476951e-07,-0.0004999488405251773,-5.876025788109586e-08,2.518514307803734e-09,1.112834612228668e-07,2.496209494859978e-09,-9.518107696267447e-08,0.0009999979674074912,-8.914078545794378e-08
2,34.14548873833596,0.0,-4.990749160161766e-06,0.0001978095597650302,0.9999979666503552,-9.262817826697455e-05,0.9980890607448423,-4.581457700625723e-05,0.0,0.0,5.043118513015088e-06,0.0002320555555435779,1.0,0.0,9.999979676392392,-0.0009245228258396762,0.0,0.0,-0.0004999488275447828,1.538734654093118e-07,-1.007175665265257e-12,-1.954436793311387e-10,-2.521564300142162e-09,-1.160280098273444e-07,0.0,0.0,-2.521559256507544e-09,-1.160277777717889e-07,0.0009999979677491153,-9.243273861918907e-08,2.407879208075111e-11,2.145421041923027e-07,-0.0004999488410395436,-6.105909448638261e-08,2.519458363104011e-09,1.156371265002278e-07,2.495374580080883e-09,-9.890477988251508e-08,0.0009999979666503553,-9.262817826697455e-08
2,35.48133892335748,0.0,-4.988946123166327e-06,0.0002055483252561938,0.9999979658328184,-9.625200590685259e-05,0.9980890603405501,-4.760694876150019e-05,0.0,0.0,5.045173538498204e-06,0.0002411341032579513,1.0,0.0,9.999979668286567,-0.0009606922878029254,0.0,0.0,-0.0004999488261715479,1.598933497172839e-07,-1.007595260093838e-12,-2.030898862767775e-10,-2.522591814088316e-09,-1.205672927630789e-07,0.0,0.0,-2.522586769249102e-09,-1.205670516289756e-07,0.0009999979669393054,-9.604892021067477e-08,2.599968160224991e-11,2.229354853570465e-07,-0.0004999488415952102,-6.344786686887188e-08,2.520477731873771e-09,1.201611171806243e-07,2.494473061583164e-09,-1.027741626280969e-07,0.0009999979658328185,-9.62520059068526e-08
2,36.86945064519569,0.0,-4.986999244327647e-06,0.000213589849056897,0.9999979649500624,-0.0001000176060212367,0.998089059904006,-4.946944222346645e-05,0.0,0.0,5.047392503954029e-06,0.0002505678246455625,1.0,0.0,9.999979659534095,-0.0009982767823329575,0.0,0.0,-0.000499948824688512,1.661487457489314e-07,-1.008048328166829e-12,-2.1103523044643e-10,-2.523701299442112e-09,-1.252841628906059e-07,0.0,0.0,-2.523696251977015e-09,-1.252839123227813e-07,0.0009999979660648927,-9.980657514574676e-08,2.807381039292589e-11,2.316572349029671e-07,-0.0004999488421951748,-6.593009352249765e-08,2.521578419735006e-09,1.248620967846695e-07,2.493499622163824e-09,-1.067949245284485e-07,0.0009999979649500624,-1.000176060212367e-07
2,38.31186849557281,0.0,-4.984897055972519e-06,0.0002219459757666258,0.999997963996884,-0.000103930525074551,0.9980890594326359,-5.140480071417994e-05,0.0,0.0,5.049788487809792e-06,0.0002603706149152533,1.0,0.0,9.999979650083393,-0.001037331668749916,0.0,0.0,-0.0004999488230870153,1.726488672631064e-07,-1.008537539817555e-12,-2.192914147765741e-10,-2.524899293924862e-09,-1.301855678282415e-07,0.0,0.0,-2.524894243904896e-09,-1.301853074576267e-07,0.0009999979651207232,-1.037112381861516e-07,3.031340313965355e-11,2.407201993543543e-07,-0.0004999488428427679,-6.850943059271466e-08,2.522766916490682e-09,1.297469895250656e-07,2.492448527986259e-09,-1.109729878833129e-07,0.0009999979639968841,-1.03930525074551e-07
2,39.81071705534965,0.0,-4.982627166754784e-06,0.000230629013372509,0.9999979629676661,-0.0001079965265215148,0.9980890589236623,-5.341587488065788e-05,0.0,0.0,5.052375609437831e-06,0.0002705569128880178,1.0,0.0,9.999979639878761,-0.00107791447215639,0.0,0.0,-0.000499948821358065,1.794032884818868e-07,-1.009065778405571e-12,-2.278706000494129e-10,-2.526192857572274e-09,-1.352787270009217e-07,0.0,0.0,-2.526187804718916e-09,-1.352784564440089e-07,0.0009999979641012327,-1.077686606260972e-07,3.273165975557112e-11,2.501377278207225e-07,-0.0004999488435423194,-7.118967726164253e-08,2.524050225670938e-09,1.348229905054547e-07,2.491313583377392e-09,-1.153145066862545e-07,0.0009999979629676662,-1.079965265215148e-07
2,41.36820402388499,0.0,-4.98017619393415e-06,0.0002396517513780636,0.999997961856342,-0.0001122215992962828,0.9980890583740856,-5.55056268937015e-05,0.0,0.0,5.055169122414327e-06,0.0002811417222643105,1.0,0.0,9.999979628860052,-0.001120084968167614,0.0,0.0,-0.0004999488194912249,1.864219581925702e-07,-1.009636157310872e-12,-2.367854228048428e-10,-2.527589616581963e-09,-1.405711422738775e-07,0.0,0.0,-2.527584561207164e-09,-1.405708611321553e-07,0.0009999979630004121,-1.119848187634812e-07,3.534283317889489e-11,2.599236916590541e-07,-0.0004999488442977151,-7.397478134412106e-08,2.525435910114476e-09,1.400975763182711e-07,2.490088096967075e-09,-1.198258756890318e-07,0.000999997961856342,-1.122215992962828e-07
2,42.98662347082268,0.0,-4.977529692375214e-06,0.0002490274796411754,0.999997960656362,-0.0001166119666336966,0.9980890577806665,-5.76771348109519e-05,0.0,0.0,5.058185488238109e-06,0.0002921406337233744,1.0,0.0,9.999979616962326,-0.001163905270956473,0.0,0.0,-0.000499948817475171,1.937152144016493e-07,-1.010252038283809e-12,-2.460490139531788e-10,-2.529097802554787e-09,-1.460706090023209e-07,0.0,0.0,-2.529092744119055e-09,-1.460703168616872e-07,0.0009999979618117738,-1.163659227025307e-07,3.816231337814342e-11,2.700925049052693e-07,-0.0004999488451130629,-7.686884510236776e-08,2.526932137272963e-09,1.45578516057202e-07,2.488764846187607e-09,-1.245137398205877e-07,0.000999997960656362,-1.166119666336966e-07
2,44.66835921509622,0.0,-4.974672068425799e-06,0.0002587700079490572,0.9999979593606536,-0.0001211740952356401,0.9980890571399068,-5.993359711063689e-05,0.0,0.0,5.061442482912071e-06,0.0003035698478871352,1.0,0.0,9.999979604115458,-0.001209439924742999,0.0,0.0,-0.0004999488152982456,2.012937995618413e-07,-1.010917051258869e-12,-2.556750181160466e-10,-2.530726302701885e-09,-1.517852275134155e-07,0.0,0.0,-2.530721241456035e-09,-1.517849239435676e-07,0.0009999979605283117,-1.209184255008177e-07,4.120671805888805e-11,2.806591455050134e-07,-0.0004999488459934698,-7.987613128837892e-08,2.528547727364854e-09,1.51273882760477e-07,2.4873360342129e-09,-1.293850039745286e-07,0.0009999979593606537,-1.211740952356401e-07
2,46.41588833612769,0.0,-4.971586476509297e-06,0.0002688936863590127,0.9999979579615796,-0.0001259147047960038,0.9980890564480308,-6.2278337402688e-05,0.0,0.0,5.06495930618911e-06,0.0003154461991824931,1.0,0.0,9.99997959024373,-0.001256755998863139,0.0,0.0,-0.0004999488129477925,2.0916887639484e-07,-1.01163511574908e-12,-2.656776137239286e-10,-2.532484718111219e-09,-1.577234150374457e-07,0.0,0.0,-2.532479653094555e-09,-1.577230995912466e-07,0.0009999979591424613,-1.256490326741262e-07,4.44939906066454e-11,2.916391773750368e-07,-0.0004999488469442648,-8.300106942275441e-08,2.530292200487362e-09,1.571920653018442e-07,2.485793238254648e-09,-1.344468431795063e-07,0.0009999979579615797,-1.259147047960038e-07
2,48.23178482239296,0.0,-4.968254732579184e-06,0.0002794134263349802,0.9999979564508943,-0.0001308407778982796,0.9980890557009598,-6.47148093241637e-05,0.0,0.0,5.068756681936293e-06,0.0003277871806371482,1.0,0.0,9.999979575265378,-0.001305923186556758,0.0,0.0,-0.0004999488104097116,2.173520443332888e-07,-1.012410463947201e-12,-2.760715338999836e-10,-2.534383410391143e-09,-1.638939181057547e-07,0.0,0.0,-2.534378340968146e-09,-1.638935903185741e-07,0.000999997957646054,-1.305647120731642e-07,4.804350584317437e-11,3.030487733276558e-07,-0.000499948847970888,-8.624826231882327e-08,2.532175840328587e-09,1.633417807467394e-07,2.484127366289592e-09,-1.397067131674901e-07,0.0009999979564508943,-1.308407778982796e-07
2,50.11872336272711,0.0,-4.964657195873243e-06,0.000290344722710967,0.9999979548196939,-0.000135959570300372,0.9980890548942917,-6.724660162619266e-05,0.0,0.0,5.072856996690689e-06,0.0003406109696454891,1.0,0.0,9.999979559092129,-0.001357013907620453,0.0,0.0,-0.0004999488076694591,2.25855356605754e-07,-1.013247665669768e-12,-2.868720881608688e-10,-2.5364335720563e-09,-1.703058254337141e-07,0.0,0.0,-2.536428498345344e-09,-1.703054848227445e-07,0.0009999979560302707,-1.356727041466757e-07,5.187618421949337e-11,3.149047388920632e-07,-0.0004999488490793347,-8.962249286239708e-08,2.534209746625111e-09,1.69732087191857e-07,2.482328597936622e-09,-1.451723613554835e-07,0.0009999979548196939,-1.35959570300372e-07
2,52.07948328595451,0.0,-4.960772667985885e-06,0.0003017036765137414,0.999997953058364,-0.0001412786216217688,0.9980890540232707,-6.987744345992641e-05,0.0,0.0,5.077284413346206e-06,0.0003539364547424904,1.0,0.0,9.999979541628653,-0.001410103415076319,0.0,0.0,-0.0004999488047104927,2.346913379902305e-07,-1.014151655291088e-12,-2.980951849665676e-10,-2.538647284518033e-09,-1.769685813077e-07,0.0,0.0,-2.538642206673103e-09,-1.769682273712452e-07,0.0009999979542855877,-1.409805326060612e-07,5.601461511865714e-11,3.272245370675729e-07,-0.0004999488502762661,-9.312873105652266e-08,2.536405909769505e-09,1.763723971070258e-07,2.480386333992942e-09,-1.508518382568707e-07,0.000999997953058364,-1.412786216217688e-07
2,54.11695265464624,0.0,-4.95657824712638e-06,0.0003135070186783856,0.999997951156524,-0.000146805766448813,0.9980890530827647,-7.26112098692889e-05,0.0,0.0,5.082065031025707e-06,0.0003677832634250523,1.0,0.0,9.999979522772028,-0.001465269906013793,0.0,0.0,-0.0004999488015153819,2.438730032621464e-07,-1.015127760825861e-12,-3.097573551523872e-10,-2.541037597576739e-09,-1.838919994957896e-07,0.0,0.0,-2.541032515512853e-09,-1.838916317125262e-07,0.0009999979524017227,-1.464960155072199e-07,6.048318999502429e-11,3.400263140452557e-07,-0.0004999488515686767,-9.677214134193378e-08,2.538777270320327e-09,1.832724911990442e-07,2.47828912356319e-09,-1.567535093391928e-07,0.000999997951156524,-1.468057664488131e-07
2,56.23413251903477,0.0,-4.952049220065435e-06,0.0003257721346916466,0.9999979491029641,-0.000152549145874434,0.9980890520672292,-7.545192749861175e-05,0.0,0.0,5.087227020084129e-06,0.0003821717910617632,1.0,0.0,9.999979502411112,-0.00152259463676783,0.0,0.0,-0.0004999487980654749,2.534138763642368e-07,-1.016181735331914e-12,-3.218757762776984e-10,-2.543618597619877e-09,-1.910862777026726e-07,0.0,0.0,-2.543613510042064e-09,-1.910858955308816e-07,0.000999997950367572,-1.522272767659329e-07,6.53082461347226e-11,3.533289259358518e-07,-0.0004999488529644491,-1.005580902038272e-07,2.541337807825381e-09,1.904425328178938e-07,2.476024610032718e-09,-1.628860673458233e-07,0.000999997949102964,-1.52549145874434e-07
2,58.43414133735162,0.0,-4.947158887605493e-06,0.0003385170901993728,0.9999979468855812,-0.0001585172194893323,0.9980890509706791,-7.840378052356272e-05,0.0,0.0,5.092800808625952e-06,0.0003971232309336604,1.0,0.0,9.9999794804259,-0.001582162042603061,0.0,0.0,-0.0004999487943402325,2.633280103258852e-07,-1.017319790818036e-12,-3.344682979272186e-10,-2.546405497300735e-09,-1.98562012590061e-07,0.0,0.0,-2.546400404312976e-09,-1.985616154668302e-07,0.0009999979481711465,-1.581827581237477e-07,7.051822188461743e-11,3.671519665433257e-07,-0.0004999488544712438,-1.044921540764012e-07,2.544102612670444e-09,1.978930829265491e-07,2.473579443802747e-09,-1.692585450996864e-07,0.0009999979468855813,-1.585172194893322e-07
2,60.7202195690987,0.0,-4.941878425306096e-06,0.0003517606576157616,0.9999979444913066,-0.0001647187778422803,0.9980890497866522,-8.147111681410175e-05,0.0,0.0,5.098819247706388e-06,0.0004126596054502389,1.0,0.0,9.999979456686816,-0.001644059862080186,0.0,0.0,-0.0004999487903180055,2.736300079625627e-07,-1.018548634856856e-12,-3.475534680021573e-10,-2.549414722817549e-09,-2.063302153847249e-07,0.0,0.0,-2.549409623853194e-09,-2.063298027251195e-07,0.000999997945799501,-1.643712315819895e-07,7.6143824264684e-11,3.815157962249703e-07,-0.0004999488560982757,-1.085801275562429e-07,2.547087978639633e-09,2.056351156564319e-07,2.470939212653048e-09,-1.758803288078808e-07,0.0009999979444913066,-1.647187778422803e-07
2,63.09573444801917,0.0,-4.936176715820103e-06,0.0003655223437736028,0.999997941906028,-0.0001711629553878908,0.9980890485081688,-8.465845433854212e-05,0.0,0.0,5.105317806730625e-06,0.0004288037985866807,1.0,0.0,9.99997943105394,-0.001708379266287795,0.0,0.0,-0.00049994878597448,2.843350433842846e-07,-1.019875510118511e-12,-3.611505600399232e-10,-2.552664009401227e-09,-2.144023280971389e-07,0.0,0.0,-2.552658903365313e-09,-2.144018992933404e-07,0.0009999979432386572,-1.708018123222116e-07,8.221820995166869e-11,3.964415718805649e-07,-0.0004999488578550926,-1.128280319376008e-07,2.550311504197682e-09,2.136800344714198e-07,2.468088357910052e-09,-1.827611718868014e-07,0.000999997941906028,-1.711629553878908e-07
2,65.56418494179772,0.0,-4.930020150292595e-06,0.000379822418656241,0.9999979391145088,-0.0001778592439409227,0.9980890471276945,-8.797048781814929e-05,0.0,0.0,5.112334791057549e-06,0.0004455795895900806,1.0,0.0,9.999979403376202,-0.001775214993129948,0.0,0.0,-0.000499948781284898,2.954588843460455e-07,-1.021308237058077e-12,-3.752796016026195e-10,-2.556172507862772e-09,-2.227902403746299e-07,0.0,0.0,-2.556167395528774e-09,-2.227897947950403e-07,0.0009999979404735214,-1.77483972132114e-07,8.877718070073434e-11,4.119512781147578e-07,-0.0004999488597522417,-1.172421240809156e-07,2.553792186126885e-09,2.220396889642188e-07,2.465010075146297e-09,-1.899112093281205e-07,0.000999997939114509,-1.778592439409227e-07
2,68.12920690579594,0.0,-4.923372446697197e-06,0.0003946819452535798,0.9999979361002952,-0.0001848175066569397,0.9980890456370921,-9.141209564207691e-05,0.0,0.0,5.119911554274381e-06,0.0004630116880043126,1.0,0.0,9.999979373490465,-0.001844665486867285,0.0,0.0,-0.0004999487762211707,3.070179154720935e-07,-1.022855260008443e-12,-3.899614037761808e-10,-2.559960897539197e-09,-2.315063070138443e-07,0.0,0.0,-2.55995577713719e-09,-2.315058440021563e-07,0.0009999979374877967,-1.844275533567051e-07,9.585939435687834e-11,4.280677596185684e-07,-0.0004999488618007142,-1.218289056290121e-07,2.557550541432934e-09,2.307263923098334e-07,2.461686223348598e-09,-1.973409726267899e-07,0.0009999979361002952,-1.848175066569397e-07
2,70.7945784384136,0.0,-4.916194419078214e-06,0.0004101228105860921,0.9999979328456224,-0.0001920479925599148,0.9980890440275773,-9.498834705282705e-05,0.0,0.0,5.128092758432956e-06,0.000481125770065119,1.0,0.0,9.999979341220588,-0.001916833043117204,0.0,0.0,-0.0004999487707533223,3.190291623894305e-07,-1.024525696950198e-12,-4.052175918235492e-10,-2.564051507425167e-09,-2.405633661583295e-07,0.0,0.0,-2.564046379216478e-09,-2.405628850325595e-07,0.000999997934263885,-1.916427833952544e-07,1.035065926997982e-10,4.448147548177022e-07,-0.0004999488640123895,-1.265951325833019e-07,2.561608718615395e-09,2.397529394018457e-07,2.458097209539107e-09,-2.050614052930461e-07,0.0009999979328456224,-1.920479925599147e-07
2,73.56422544596393,0.0,-4.908443764656746e-06,0.0004261677579425408,0.9999979293313075,-0.0001995613516381732,0.9980890422896628,-9.870450961281407e-05,0.0,0.0,5.136926619186966e-06,0.000499948516519032,1.0,0.0,9.999979306376375,-0.001991823959526648,0.0,0.0,-0.0004999487648492673,3.315103168050564e-07,-1.026329393251956e-12,-4.210706370370976e-10,-2.568468445962162e-09,-2.499747582080325e-07,0.0,0.0,-2.568463309593483e-09,-2.49974258259516e-07,0.0009999979307827853,-1.991402897653862e-07,1.117638474650902e-10,4.622169308372367e-07,-0.0004999488664007012,-1.315478252546584e-07,2.565990638324308e-09,2.491326256982084e-07,2.454221882328373e-09,-2.130838789712704e-07,0.0009999979293313075,-1.995613516381732e-07
2,76.44222742525982,0.0,-4.900074798723531e-06,0.0004428404203788719,0.9999979255366382,-0.0002073686505309109,0.9980890404131062,-0.0001025660569630321,0.0,0.0,5.14646519711448e-06,0.0005195076519218175,1.0,0.0,9.999979268752467,-0.002069748692339419,0.0,0.0,-0.0004999487584742557,3.444797625641713e-07,-1.028276979697771e-12,-4.375438898371503e-10,-2.573237745417785e-09,-2.597543454685606e-07,0.0,0.0,-2.57323259855724e-09,-2.597538259609088e-07,0.000999997927023981,-2.069311157565009e-07,1.206798259917973e-10,4.802999198341697e-07,-0.0004999488689795273,-1.366942786040087e-07,2.570722125615914e-09,2.588792668043134e-07,2.450037399361765e-09,-2.21420210189436e-07,0.0009999979255366383,-2.073686505309109e-07
2,79.43282347242791,0.0,-4.891038199303549e-06,0.0004601653555276322,0.9999979214392481,-0.0002154813888283883,0.9980890383868468,-0.0001065786768852504,0.0,0.0,5.156764721014895e-06,0.0005398319854743254,1.0,0.0,9.999979228127103,-0.002150722019088596,0.0,0.0,-0.0004999487515908729,3.579566027281253e-07,-1.03037993514373e-12,-4.546616141654118e-10,-2.578387517223979e-09,-2.699165325691482e-07,0.0,0.0,-2.578382360507447e-09,-2.699159927371627e-07,0.000999997922965317,-2.150267366955786e-07,1.303070780619962e-10,4.990903567513446e-07,-0.0004999488717641887,-1.420420729870075e-07,2.575831068565496e-09,2.690072188221731e-07,2.445519099651775e-09,-2.300826777638161e-07,0.0009999979214392481,-2.154813888283883e-07
2,82.5404185268016,0.0,-4.881280701598599e-06,0.0004781680817691733,0.9999979170149881,-0.0002239115160098085,0.9980890361989424,-0.0001107482796796125,0.0,0.0,5.167885890777768e-06,0.0005609514534558907,1.0,0.0,9.999979184260843,-0.002234863207653699,0.0,0.0,-0.0004999487441580408,3.719606877115113e-07,-1.032650654172933e-12,-4.724490232239149e-10,-2.583948113304621e-09,-2.804762876793988e-07,0.0,0.0,-2.583942945388884e-09,-2.804757267279454e-07,0.0009999979185828726,-2.234390768493211e-07,1.407023456230154e-10,5.186159185483559e-07,-0.0004999488747706726,-1.475990853191646e-07,2.581347577927168e-09,2.795313994956876e-07,2.4406403507993e-09,-2.390840408845867e-07,0.0009999979170149881,-2.239115160098084e-07
2,85.76958985908915,0.0,-4.870744800019597e-06,0.0004968751158179059,0.9999979122377823,-0.0002326714490438234,0.9980890338364975,-0.0001150810068699755,0.0,0.0,5.179894251305939e-06,0.0005828971633177729,1.0,0.0,9.999979136895146,-0.002322296191931539,0.0,0.0,-0.0004999487361321275,3.865126445198717e-07,-1.035102520147689e-12,-4.909323166121576e-10,-2.589952305710029e-09,-2.914491645560498e-07,0.0,0.0,-2.589947125652969e-09,-2.914485816588865e-07,0.0009999979138508182,-2.32180526987524e-07,1.519268972177435e-10,5.389053649672067e-07,-0.0004999488780169647,-1.533735006780957e-07,2.587304167867835e-09,2.904673101831381e-07,2.435372400009798e-09,-2.48437557908953e-07,0.0009999979122377824,-2.326714490438234e-07
2,89.12509381337428,0.0,-4.859368393592062e-06,0.0005163140117789692,0.999997907079474,-0.0002417740906775896,0.9980890312855883,-0.0001195832402498114,0.0,0.0,5.192860582425851e-06,0.0006057014395015741,1.0,0.0,9.999979085750839,-0.002413149754379502,0.0,0.0,-0.0004999487274663927,4.016339071317136e-07,-1.037749984089405e-12,-5.101387189171095e-10,-2.596435484562636e-09,-3.028513254522266e-07,0.0,0.0,-2.596430291212926e-09,-3.02850719750787e-07,0.0009999979087412629,-2.412639626335459e-07,1.640468890941094e-10,5.599885808927623e-07,-0.0004999488815223829,-1.593738243589425e-07,2.593735945290061e-09,3.018310586892658e-07,2.429684196796031e-09,-2.581570058894846e-07,0.0009999979070794741,-2.417740906775896e-07
2,92.61187281287906,0.0,-4.847084434487573e-06,0.0005365134017328339,0.9999979015096607,-0.0002512328484413089,0.9980890285311798,-0.0001242616112819928,0.0,0.0,5.206861304785093e-06,0.0006293978710501214,1.0,0.0,9.999979030526493,-0.002507557715700092,0.0,0.0,-0.0004999487181091,4.173467480683615e-07,-1.04060864985115e-12,-5.300965198129379e-10,-2.603435859579679e-09,-3.146995649229317e-07,0.0,0.0,-2.603430652392546e-09,-3.146989355250607e-07,0.0009999979032240926,-2.507027630287537e-07,1.771337551220631e-10,5.818966203703824e-07,-0.0004999488853075773,-1.656088944023695e-07,2.600680819412594e-09,3.136393829905637e-07,2.423542217243787e-09,-2.68256700866417e-07,0.0009999979015096608,-2.512328484413088e-07
2,96.23506263980856,0.0,-4.833820517347976e-06,0.0005575030379075955,0.9999978954955153,-0.0002610616543962412,0.9980890255570386,-0.0001291230108663047,0.0,0.0,5.221978938152461e-06,0.0006540213610809162,1.0,0.0,9.999978970896619,-0.002605659131946075,0.0,0.0,-0.0004999487080055154,4.33674311199557e-07,-1.043695366084815e-12,-5.508351157294955e-10,-2.610994691135316e-09,-3.27011334561819e-07,0.0,0.0,-2.610989469076231e-09,-3.270106805404581e-07,0.0009999978972667894,-2.605108308388705e-07,1.912646278161637e-10,6.046617523455547e-07,-0.0004999488893947523,-1.720878946117796e-07,2.608179719938095e-09,3.259096758887191e-07,2.416910258673988e-09,-2.787515189537977e-07,0.0009999978954955153,-2.610616543962412e-07
2,99.99999999999969,0.0,-4.819498473640658e-06,0.0005793138365010836,0.9999978890015897,-0.0002712749856552748,0.9980890223456336,-0.0001341745994890693,0.0,0.0,5.238302579257947e-06,0.0006796081781950275,1.0,0.0,9.999978906509751,-0.002707598499336545,0.0,0.0,-0.0004999486970956868,4.506406458319138e-07,-1.04702832554499e-12,-5.723850531509899e-10,-2.619156528486953e-09,-3.398047687056919e-07,0.0,0.0,-2.619151289628974e-09,-3.398040890975137e-07,0.0009999978908342402,-2.707026126312523e-07,2.065227929452226e-10,6.283175081928965e-07,-0.0004999488938078889,-1.788203680803632e-07,2.616276849662082e-09,3.386600106285184e-07,2.409749236820329e-09,-2.896569182505418e-07,0.0009999978890015897,-2.712749856552748e-07
2,103.9122303835166,0.0,-4.804033885596384e-06,0.0006019779232173119,0.9999978819896109,-0.0002818878857062708,0.998089018878039,-0.0001394238177698289,0.0,0.0,5.255928442693403e-06,0.000706196009897123,1.0,0.0,9.999978836986426,-0.002813525967085478,0.0,0.0,-0.0004999486853156654,4.6827074213132e-07,-1.050627172314731e-12,-5.947780736085111e-10,-2.627969477808647e-09,-3.530987111445714e-07,0.0,0.0,-2.627964221346702e-09,-3.530980049485615e-07,0.000999997883888535,-2.812931201532452e-07,2.229981804083934e-10,6.528987311045161e-07,-0.0004999488985729661,-1.858162312469382e-07,2.625019927114832e-09,3.519091675179371e-07,2.402016942798192e-09,-3.009889616086559e-07,0.000999997881989611,-2.818878857062708e-07
2,107.9775162327706,0.0,-4.787335606077169e-06,0.0006255286805843249,0.9999978744182504,-0.0002929159865695864,0.9980890151338168,-0.0001448783974206194,0.0,0.0,5.274960414247687e-06,0.0007338240181053142,1.0,0.0,9.999978761916857,-0.002923597558556238,0.0,0.0,-0.0004999486725959512,4.865905679307214e-07,-1.054513117585307e-12,-6.180471604328178e-10,-2.637485482121953e-09,-3.669127428766752e-07,0.0,0.0,-2.637480207123844e-09,-3.669120090526571e-07,0.0009999978763887342,-2.922979524429613e-07,2.407878942708549e-10,6.784416274104603e-07,-0.0004999489037184057,-1.930857885020106e-07,2.634460484503531e-09,3.656766615896173e-07,2.393667803038585e-09,-3.127643402921624e-07,0.0009999978744182503,-2.929159865695864e-07
2,112.201845430196,0.0,-4.769305219179995e-06,0.0006500007971231383,0.9999978662428833,-0.0003043755318224066,0.9980890110908984,-0.0001505463726339744,0.0,0.0,5.295510662861602e-06,0.0007625328968325654,1.0,0.0,9.999978680858607,-0.003037975401067729,0.0,0.0,-0.0004999486588612712,5.056271069779823e-07,-1.058709064672225e-12,-6.422265873361216e-10,-2.647760626896934e-09,-3.812672109491796e-07,0.0,0.0,-2.647755331430801e-09,-3.812664484162827e-07,0.0009999978682906359,-3.037333188050358e-07,2.599967850830298e-10,7.049838199068391e-07,-0.0004999489092741838,-2.006397473650328e-07,2.644654164211919e-09,3.799827713444728e-07,2.384652609589997e-09,-3.250003985615692e-07,0.0009999978662428833,-3.043755318224066e-07
2,116.5914401179828,0.0,-4.749836455722945e-06,0.0006754303184401567,0.9999978574153258,-0.0003162834005237895,0.998089006725456,-0.0001564360919164273,0.0,0.0,5.317700307649886e-06,0.0007923649321245987,1.0,0.0,9.999978593333926,-0.003156827964690554,0.0,0.0,-0.000499948644030912,5.254083986804871e-07,-1.063239744004376e-12,-6.673519688944839e-10,-2.65885547212211e-09,-3.961832584272313e-07,0.0,0.0,-2.658850153824943e-09,-3.961824660622994e-07,0.0009999978595465113,-3.15616062685196e-07,2.807380678564865e-10,7.325644032701405e-07,-0.0004999489152728298,-2.084892342552351e-07,2.655661045499204e-09,3.948485686197435e-07,2.374918227861472e-09,-3.377151592200784e-07,0.0009999978574153259,-3.162834005237895e-07
2,121.1527658628584,0.0,-4.728814571788402e-06,0.0007018547003183281,0.9999978478835477,-0.0003286571320756593,0.9980890020117591,-0.0001625562303849421,0.0,0.0,5.341660137325732e-06,0.0008233640643425702,1.0,0.0,9.999978498826948,-0.00328033031038491,0.0,0.0,-0.0004999486280177212,5.459635794034313e-07,-1.068131858881926e-12,-6.934603130051763e-10,-2.67083541060279e-09,-4.116828555353496e-07,0.0,0.0,-2.670830068662866e-09,-4.116820321712851e-07,0.0009999978501048223,-3.279636864788057e-07,3.031339893387714e-10,7.612240016393551e-07,-0.0004999489217505371,-2.166458108797756e-07,2.667546003880048e-09,4.102959496254909e-07,2.364407285894201e-09,-3.509273501591641e-07,0.0009999978478835477,-3.286571320756593e-07
2,125.8925411794163,0.0,-4.706115662276784e-06,0.000729312863885203,0.9999978375913704,-0.0003415149520563509,0.9980889969220266,-0.0001689158025443736,0.0,0.0,5.36753136781698e-06,0.0008555759528822238,1.0,0.0,9.999978396780655,-0.003408664347845523,0.0,0.0,-0.0004999486107269968,5.67322925384739e-07,-1.073414242861977e-12,-7.20590075396224e-10,-2.683771051728821e-09,-4.277888320170648e-07,0.0,0.0,-2.68376568390849e-09,-4.277879764411119e-07,0.0009999978399099206,-3.40794377309908e-07,3.27316548519959e-10,7.910048284506913e-07,-0.0004999489287450531,-2.251214912628427e-07,2.680379086034056e-09,4.26347667195226e-07,2.353057831138392e-09,-3.646564319426015e-07,0.0009999978375913705,-3.415149520563509e-07
2,130.8177474260189,0.0,-4.681605943735439e-06,0.0007578452529391386,0.9999978264781348,-0.0003548757990647561,0.9980889914262602,-0.0001755241755647794,0.0,0.0,5.395466471824761e-06,0.0008890480434248303,1.0,0.0,9.999978286593622,-0.003542019103433421,0.0,0.0,-0.0004999485920570423,5.895178973284608e-07,-1.079118029699656e-12,-7.487812162684795e-10,-2.69773863193321e-09,-4.445249107604585e-07,0.0,0.0,-2.697733235912381e-09,-4.445240217124152e-07,0.000999997828901721,-3.541270338187406e-07,3.534282746174606e-10,8.219507486129964e-07,-0.0004999489362973453,-2.339287594407022e-07,2.69423592848569e-09,4.430273642981744e-07,2.340802971867719e-09,-3.789226264695693e-07,0.000999997826478135,-3.548757990647561e-07
2,135.9356390878521,0.0,-4.655140958205739e-06,0.0007874938935180509,0.9999978144783388,-0.0003687593526145883,0.9980889854920687,-0.0001823910830781285,0.0,0.0,5.425630110522661e-06,0.000923829637818929,1.0,0.0,9.999978167616394,-0.003680590998588952,0.0,0.0,-0.0004999485718975016,6.125811867422465e-07,-1.08527683684616e-12,-7.780752591535856e-10,-2.712820480344246e-09,-4.619157427391023e-07,0.0,0.0,-2.71281505526133e-09,-4.619148189094645e-07,0.0009999978170153394,-3.679812939971515e-07,3.816230671243733e-10,8.541073431154312e-07,-0.0004999489444520444,-2.430805878494134e-07,2.70919820133349e-09,4.603596088625122e-07,2.32757047910287e-09,-3.937469467590255e-07,0.0009999978144783388,-3.687593526145883e-07
2,141.2537544622749,0.0,-4.62656472711723e-06,0.0008183024557984519,0.9999978015212572,-0.00038318606211985,0.9980889790844756,-0.0001895266395147258,0.0,0.0,5.458200051933204e-06,0.0009599719666957912,1.0,0.0,9.999978039147745,-0.003824584139136134,0.0,0.0,-0.0004999485501296919,6.365467640882545e-07,-1.091926963585318e-12,-8.085153520745597e-10,-2.729105484042915e-09,-4.799869433198623e-07,0.0,0.0,-2.729100025966602e-09,-4.799859833478956e-07,0.000999997804180721,-3.823775641129205e-07,4.120671028724551e-10,8.875219761625398e-07,-0.0004999489532573342,-2.525904564311008e-07,2.725354093328055e-09,4.78369929960858e-07,2.313282363558615e-09,-4.091512278992259e-07,0.0009999978015212572,-3.831860621198501e-07
2,146.7799267622064,0.0,-4.595708822918136e-06,0.0008503163184158695,0.9999977875305225,-0.0003981771770141753,0.9980889721657162,-0.0001969413550004607,0.0,0.0,5.493368266940024e-06,0.0009975282649254994,1.0,0.0,9.999977900430487,-0.003974210615904201,0.0,0.0,-0.0004999485266253823,6.614499288167236e-07,-1.099107604976364e-12,-8.401463310990292e-10,-2.746689627356066e-09,-4.987651299910145e-07,0.0,0.0,-2.746684133470012e-09,-4.987641324627497e-07,0.0009999977903222183,-3.973370487655584e-07,4.449398154557557e-10,9.22243864935552e-07,-0.0004999489627651732,-2.624723724889487e-07,2.742798822820956e-09,4.970848554112989e-07,2.297854411459068e-09,-4.251581592079348e-07,0.0009999977875305224,-3.981771770141753e-07
2,152.5222956539013,0.0,-4.562391383732484e-06,0.0008835826353014121,0.999997772423676,-0.0004137547780483961,0.9980889646950122,-0.0002046461508368127,0.0,0.0,5.531342029740927e-06,0.001036553850024766,1.0,0.0,9.999977750647053,-0.004129690817109066,0.0,0.0,-0.000499948501246017,6.873273613578314e-07,-1.106861082863952e-12,-8.730147863787725e-10,-2.765676546228468e-09,-5.182779615662328e-07,0.0,0.0,-2.765671014870463e-09,-5.182769250123829e-07,0.0009999977753581532,-4.128817821178522e-07,4.804349527874282e-10,9.583241520826513e-07,-0.0004999489730312945,-2.727408913171827e-07,2.76163520734695e-09,5.165319508493103e-07,2.281195691866242e-09,-4.417913176507061e-07,0.000999997772423676,-4.137547780483961e-07
2,158.4893192461107,0.0,-4.526416043719729e-06,0.0009181504051328209,0.9999977561116784,-0.0004299418098124135,0.9980889566283314,-0.0002126523755864086,0.0,0.0,5.572345154192249e-06,0.001077106203631915,1.0,0.0,9.999977588914618,-0.004291253752954563,0.0,0.0,-0.000499948473842049,7.142171771465399e-07,-1.115233095316827e-12,-9.071691307727934e-10,-2.786178149614652e-09,-5.385541789221609e-07,0.0,0.0,-2.786172577096125e-09,-5.385531018159574e-07,0.0009999977592003266,-4.290346603491278e-07,5.187617190227074e-10,9.95815981044918e-07,-0.0004999489841165383,-2.834111376394605e-07,2.781974267702476e-09,5.367398603281028e-07,2.263208021859865e-09,-4.590752025664105e-07,0.0009999977561116783,-4.299418098124134e-07
2,164.6897865482862,0.0,-4.487570766612211e-06,0.0009540705435023187,0.9999977384983894,-0.0004467621145292608,0.9980889479181304,-0.0002209718217878136,0.0,0.0,5.61661930831292e-06,0.001119245056169013,1.0,0.0,9.999977414279963,-0.004459137392931481,0.0,0.0,-0.0004999484442518298,7.421589827609032e-07,-1.124272985965336e-12,-9.426596711549725e-10,-2.80831527093872e-09,-5.596236473295627e-07,0.0,0.0,-2.80830965415646e-09,-5.596225280845068e-07,0.000999997741753508,-4.458194753780245e-07,5.601460075783028e-10,1.034774574328874e-06,-0.0004999489960861858,-2.944988278854048e-07,2.80393587856521e-09,5.577383485071714e-07,2.243785383306106e-09,-4.770352717511594e-07,0.0009999977384983895,-4.467621145292608e-07
2,171.1328304161774,0.0,-4.445626602374006e-06,0.0009913959579074551,0.9999977194799985,-0.0004642404671711026,0.9980889385130722,-0.0002296167433241629,0.0,0.0,5.664425437146292e-06,0.001163032474815754,1.0,0.0,9.99997722571381,-0.004633589016310856,0.0,0.0,-0.0004999484123011655,7.711939342571047e-07,-1.134034034825157e-12,-9.795386825113667e-10,-2.83221838308757e-09,-5.815174004403517e-07,0.0,0.0,-2.832212718573146e-09,-5.81516237407877e-07,0.000999997722914868,-4.632609499044171e-07,6.048317325152987e-10,1.07525731484084e-06,-0.0004999490090106251,-3.060202933380753e-07,2.827649479174189e-09,5.79558344491155e-07,2.222813301187003e-09,-4.956979789537276e-07,0.0009999977194799984,-4.642404671711026e-07
2,177.8279410038916,0.0,-4.400336339354612e-06,0.001030181625675385,0.9999976989444126,-0.0004824026119488751,0.998088928357724,-0.0002385998734712056,0.0,0.0,5.716045305526052e-06,0.001208532954924643,1.0,0.0,9.999977022104765,-0.004814865576347635,0.0,0.0,-0.0004999483778016511,8.013647977852222e-07,-1.144573772321299e-12,-1.017860484936241e-09,-2.858028369414157e-09,-6.042676859952763e-07,0.0,0.0,-2.858022652763026e-09,-6.042664774623215e-07,0.0009999977025733726,-4.813847738220844e-07,6.530822661324185e-10,1.117323830402867e-06,-0.0004999490229661285,-3.179925041878347e-07,2.85325483613211e-09,6.022319873835495e-07,2.200168169677306e-09,-5.150908128376923e-07,0.0009999976989444126,-4.824026119488752e-07
2,184.7849797422283,0.0,-4.35143303791464e-06,0.00107048467493527,0.9999976767705987,-0.0005012753002292842,0.9980889173922325,-0.0002479344436513313,0.0,0.0,5.771783156305332e-06,0.001255813515012046,1.0,0.0,9.999976802252792,-0.005003234078730798,0.0,0.0,-0.0004999483405497829,8.327160125770096e-07,-1.155954318363096e-12,-1.057681523640209e-09,-2.885897350507726e-09,-6.279080133195377e-07,0.0,0.0,-2.885891578152666e-09,-6.279067575060228e-07,0.0009999976806091327,-5.002176420557239e-07,7.051819912424254e-10,1.161036081574647e-06,-0.0004999490380349636,-3.304330945263253e-07,2.88090286142401e-09,6.257926736223376e-07,2.17571651895732e-09,-5.352423374676348e-07,0.0009999976767705986,-5.012753002292841e-07
2,192.0141938638794,0.0,-4.298628472518652e-06,0.001112364468758012,0.9999976528278663,-0.0005208863299349757,0.998088905551967,-0.0002576342029211823,0.0,0.0,5.831967498259871e-06,0.001304943795464936,1.0,0.0,9.999976564862104,-0.005198971974837091,0.0,0.0,-0.0004999483003262917,8.652937563973125e-07,-1.16824274846865e-12,-1.099060452088394e-09,-2.91598958110175e-09,-6.524732026762634e-07,0.0,0.0,-2.915983749129936e-09,-6.524718977324681e-07,0.000999997656892693,-5.197872938780128e-07,7.614379772803607e-10,1.206458452910686e-06,-0.0004999490543058371,-3.43360388318397e-07,2.910756512540543e-09,6.502751061672118e-07,2.149314236259326e-09,-5.56182234379006e-07,0.0009999976528278663,-5.208863299349757e-07
2,199.5262314968871,0.0,-4.24161141606454e-06,0.001155882692587157,0.9999976269751002,-0.0005412645864858765,0.998088892767144,-0.0002677134382215437,0.0,0.0,5.896953053863285e-06,0.001355996161108631,1.0,0.0,9.999976308533547,-0.005402367570367194,0.0,0.0,-0.0004999482568940339,8.991460135553109e-07,-1.181511489096466e-12,-1.142058218390903e-09,-2.948482423984786e-09,-6.779994365504766e-07,0.0,0.0,-2.948476526931643e-09,-6.779980805543155e-07,0.000999997631284272,-5.401225537645908e-07,8.221817901220975e-10,1.253657847787071e-06,-0.0004999490718748945,-3.56793426389986e-07,2.942991739900428e-09,6.757153456108002e-07,2.12080570803227e-09,-5.779413462935785e-07,0.0009999976269751002,-5.412645864858765e-07
2,207.3321573485946,0.0,-4.180045819128623e-06,0.001201103445089684,0.9999975990599279,-0.0005624400853419726,0.9980888789624104,-0.0002781869954193125,0.0,0.0,5.967122834071859e-06,0.001409045807786515,1.0,0.0,9.999976031756367,-0.00561372044996592,0.0,0.0,-0.000499948209996659,9.3432264557607e-07,-1.195838744514309e-12,-1.186738155072983e-09,-2.983567384628357e-09,-7.045243129390649e-07,0.0,0.0,-2.983561417035929e-09,-7.045229038932574e-07,0.0009999976036329378,-5.612533738471052e-07,8.877714462797493e-10,1.302703786937412e-06,-0.0004999490908451643,-3.707519944717635e-07,2.977798535615299e-09,7.021508632891249e-07,2.090022909564312e-09,-6.005517225448419e-07,0.0009999975990599278,-5.624400853419727e-07
2,215.4434690031875,0.0,-4.113568822862626e-06,0.001248093332560357,0.9999975689178192,-0.0005844440162101355,0.9980888640564024,-0.0002890703011725196,0.0,0.0,6.042890419166724e-06,0.001464170873108579,1.0,0.0,9.99997573289925,-0.005833341918451273,0.0,0.0,-0.0004999481593581656,9.708754646376187e-07,-1.211308957721004e-12,-1.233166072356962e-09,-3.021451252368179e-09,-7.320869007251626e-07,0.0,0.0,-3.021445209583362e-09,-7.320854365542895e-07,0.0009999975737757145,-5.832108780267931e-07,9.585935229913033e-10,1.353668510842975e-06,-0.0004999491113290011,-3.852566523390743e-07,3.015382047940278e-09,7.296205964694636e-07,2.056784411431313e-09,-6.240466662801787e-07,0.0009999975689178192,-5.844440162101355e-07
2,223.872113856833,0.0,-4.041788614026311e-06,0.001296921567018623,0.9999975363711222,-0.0006073087889800652,0.9980888479612673,-0.0003003793856505848,0.0,0.0,6.12470236749374e-06,0.00152145255153182,1.0,0.0,9.999975410200788,-0.006061555459301926,0.0,0.0,-0.0004999481046801257,1.00885830987802e-06,-1.228013308137717e-12,-1.281410355093328e-09,-3.0623573087568e-09,-7.607277972184615e-07,0.0,0.0,-3.06235118374687e-09,-7.607262757659102e-07,0.0009999975415366296,-6.060274078135401e-07,1.035065436640662e-09,1.406627086127722e-06,-0.0004999491334469752,-4.00328764092728e-07,3.055963785862394e-09,7.581650056968438e-07,2.020894307013155e-09,-6.484607835093114e-07,0.0009999975363711223,-6.073087889800652e-07
2,232.6305067153616,0.0,-3.96428213892798e-06,0.001347660068142382,0.9999975012280096,-0.0006310680814569482,0.9980888305821408,-0.0003121309061432402,0.0,0.0,6.213040870228781e-06,0.001580975213941819,1.0,0.0,9.999975061759033,-0.006298697211077739,0.0,0.0,-0.0004999480456399086,1.048327126689473e-06,-1.246050249001936e-12,-1.331542063483829e-09,-3.106526648101519e-09,-7.90489187946123e-07,0.0,0.0,-3.106520435114391e-09,-7.904876069709093e-07,0.0009999975067256693,-6.297365699578657e-07,1.117637902936268e-09,1.461657516114815e-06,-0.0004999491573294268,-4.159905296229798e-07,3.099782936817882e-09,7.878261343835569e-07,1.98214106946399e-09,-6.738300340711908e-07,0.0009999975012280095,-6.310680814569483e-07
2,241.7315480804093,0.0,-3.880592578575703e-06,0.001400383569188644,0.9999974632813524,-0.000655756888961076,0.9980888118165931,-0.0003243421715928664,0.0,0.0,6.308426582002369e-06,0.001642826531911495,1.0,0.0,9.999974685520309,-0.006545116462474469,0.0,0.0,-0.0004999479818900143,1.089340049112799e-06,-1.265526087631188e-12,-1.38363503774465e-09,-3.154219599754678e-09,-8.21414908782279e-07,0.0,0.0,-3.154213291001185e-09,-8.214132659557473e-07,0.000999997469137662,-6.543732859459325e-07,1.206797593347682e-09,1.518840855707281e-06,-0.0004999491831169101,-4.322650173050561e-07,3.147097764037353e-09,8.186476707293908e-07,1.940296289287851e-09,-7.001917845943221e-07,0.0009999974632813524,-6.55756888961076e-07
2,251.1886431509569,0.0,-3.790226679978391e-06,0.001455169727056941,0.9999974223074989,-0.0006814115758674076,0.9980887915540232,-0.0003370311680863387,0.0,0.0,6.411421695773356e-06,0.00170709760681988,1.0,0.0,9.999974279267121,-0.006801176166741153,0.0,0.0,-0.0004999479130542994,1.131957485454068e-06,-1.286555611976469e-12,-1.437766006864069e-09,-3.20571725933408e-09,-8.535505105075466e-07,0.0,0.0,-3.205710847886678e-09,-8.535488034099398e-07,0.000999997428551069,-6.799738434304162e-07,1.303070003456102e-09,1.578261330761888e-06,-0.0004999492109618586,-4.49176197972901e-07,3.198187133409082e-09,8.50675012063691e-07,1.895113339989195e-09,-7.275848635284703e-07,0.000999997422307499,-6.814115758674076e-07
2,261.0157215682525,0.0,-3.692651831271626e-06,0.001512099236657396,0.9999973780649544,-0.0007080699291609088,0.9980887696750061,-0.0003502165853438923,0.0,0.0,6.522633249517185e-06,0.001773883104020879,1.0,0.0,9.999973840605065,-0.007067253476217029,0.0,0.0,-0.0004999478387271994,1.176242207250652e-06,-1.309262767157817e-12,-1.494014701614517e-09,-3.26132314781998e-09,-8.869433258935433e-07,0.0,0.0,-3.261316624758593e-09,-8.869415520104394e-07,0.000999997384726679,-7.065759496729023e-07,1.407022550123671e-09,1.640006462131857e-06,-0.0004999492410279194,-4.667489802221e-07,3.253352158692274e-09,8.839553317039226e-07,1.846325915635813e-09,-7.560496183286978e-07,0.0009999973780649544,-7.080699291609088e-07
2,271.2272579332016,0.0,-3.587292951639193e-06,0.001571255949751743,0.9999973302929581,-0.0007357712140864623,0.9980887460505886,-0.0003639178442439762,0.0,0.0,6.642716710913987e-06,0.001843281392259419,1.0,0.0,9.99997336694872,-0.007343740297774444,0.0,0.0,-0.0004999477584709533,1.222259441716316e-06,-1.33378138596932e-12,-1.552463971985599e-09,-3.321364998127138e-09,-9.216425394111015e-07,0.0,0.0,-3.321358355456994e-09,-9.216406961297092e-07,0.0009999973374061957,-7.342187870764424e-07,1.519267915734903e-09,1.704167194560917e-06,-0.000499949273492839,-4.85009247093264e-07,3.312917978629456e-09,9.185376484290962e-07,1.793646475819597e-09,-7.856279748758714e-07,0.0009999973302929582,-7.357712140864624e-07
2,281.8382931264441,0.0,-3.473529060130311e-06,0.001632726998442087,0.9999972787099501,-0.0007645562319752153,0.998088720541533,-0.0003781551254245914,0.0,0.0,6.772379831154751e-06,0.001915394688540082,1.0,0.0,9.999972855506433,-0.007631043869984878,0.0,0.0,-0.000499947671811829,1.270076967802079e-06,-1.360255977658557e-12,-1.613199909210781e-09,-3.386196688359269e-09,-9.576992596647296e-07,0.0,0.0,-3.386189915577376e-09,-9.57697344270041e-07,0.0009999972863107204,-7.629430708899626e-07,1.640467659219619e-09,1.770838030618308e-06,-0.0004999493085472428,-5.039838941895422e-07,3.377235662390296e-09,9.54472898670266e-07,1.736764530065155e-09,-8.163634992210435e-07,0.0009999972787099502,-7.645562319752153e-07
2,292.8644564625223,0.0,-3.350689651946794e-06,0.001696602923489058,0.9999972230119055,-0.000794467380332417,0.9980886929974916,-0.0003929493990031763,0.0,0.0,6.91238683625528e-06,0.001990329208661299,1.0,0.0,9.999972303263815,-0.007929587362857008,0.0,0.0,-0.00049994757823979,1.319765216013281e-06,-1.388842579629315e-12,-1.676311972567696e-09,-3.456200330047644e-09,-9.951665946598577e-07,0.0,0.0,-3.45619341812764e-09,-9.951646043306494e-07,0.000999997231139101,-7.927911091693992e-07,1.77133611513893e-09,1.840117169871724e-06,-0.0004999493463985205,-5.237008692862135e-07,3.446684291440515e-09,9.918140115242724e-07,1.675344825973397e-09,-8.483014617445291e-07,0.0009999972230119055,-7.94467380332417e-07
2,304.3219887107707,0.0,-3.218050727831105e-06,0.001762977807648088,0.999997162870549,-0.0008255487152751375,0.9980886632561239,-0.0004083224554587621,0.0,0.0,7.063562896370001e-06,0.002068195323636537,1.0,0.0,9.999971706966038,-0.008239810501029052,0.0,0.0,-0.0004999474772030554,1.371397372130437e-06,-1.41970967708674e-12,-1.741893121138457e-09,-3.531788512300515e-09,-1.034099730013592e-06,0.0,0.0,-3.531781448185001e-09,-1.034097661818268e-06,0.0009999971715661654,-8.238068650837682e-07,1.912644603813431e-09,1.912106653502936e-06,-0.0004999493872691607,-5.44189213488248e-07,3.52167318593411e-09,1.030615986701085e-06,1.609025363915552e-09,-8.81488903824044e-07,0.000999997162870549,-8.255487152751375e-07
2,316.2277660168364,0.0,-3.074830534523291e-06,0.001831949414219852,0.999997097931416,-0.0008578460164116785,0.9980886311421387,-0.0004242969377218075,0.0,0.0,7.226799029425024e-06,0.002149107722232502,1.0,0.0,9.99997106309861,-0.00856217021133176,0.0,0.0,-0.0004999473681059907,1.425049484987282e-06,-1.453039196044805e-12,-1.810039950724184e-09,-3.61340674140877e-09,-1.074556010223973e-06,0.0,0.0,-3.613399514712512e-09,-1.074553861116251e-06,0.0009999971072407992,-8.560360216577869e-07,2.06522597730571e-09,1.986912514578697e-06,-0.0004999494314001929,-5.654791039967698e-07,3.60264431904948e-09,1.070935975519358e-06,1.537415267261645e-09,-9.159747071099262e-07,0.000999997097931416,-8.578460164116786e-07
2,328.5993247600638,0.0,-2.920184951399246e-06,0.001903619331018643,0.9999970278117642,-0.0008914068542580728,0.9980885964662607,-0.0004408963745188945,0.0,0.0,7.403057320942708e-06,0.00223318557986332,1.0,0.0,9.99997036786666,-0.008897141295674213,0.0,0.0,-0.0004999472503054436,1.480800578461373e-06,-1.489027575548201e-12,-1.880852836115155e-09,-3.701536064018035e-09,-1.116595023117239e-06,0.0,0.0,-3.701528660471354e-09,-1.11659278993166e-06,0.0009999970377838772,-8.895260490462378e-07,2.229979528048406e-09,2.064644934197942e-06,-0.0004999494790516312,-5.876018985496371e-07,3.690074923694358e-09,1.112833365069289e-06,1.460092475699623e-09,-9.518096655093216e-07,0.0009999970278117643,-8.914068542580728e-07
2,341.4548873833585,0.0,-2.753202519911018e-06,0.00197809311997028,0.9999969520983185,-0.0009262806602908163,0.9980885590241153,-0.0004581452150213267,0.0,0.0,7.593376617265335e-06,0.002320552734089103,1.0,0.0,9.999969617172596,-0.009245217130242045,0.0,0.0,-0.0004999471231077468,1.538732767845518e-06,-1.527886925427331e-12,-1.954436078926131e-09,-3.796695902360553e-09,-1.160278687597286e-06,0.0,0.0,-3.796688308632668e-09,-1.160276367044551e-06,0.000999996962786031,-9.243262744390253e-07,2.407876289046213e-09,2.145418403744828e-06,-0.0004999495305048063,-6.105901815980463e-07,3.784480302699397e-09,1.156369865666568e-06,1.376601259955509e-09,-9.890465599851402e-07,0.0009999969520983185,-9.262806602908163e-07
2,354.8133892335737,0.0,-2.572899071411071e-06,0.002055480472559506,0.999996870344837,-0.0009625187997387793,0.9980885185950249,-0.0004760688648485435,0.0,0.0,7.79887862467632e-06,0.00241133786697679,1.0,0.0,9.999968806591955,-0.009606910392035537,0.0,0.0,-0.0004999469857626115,1.598931380768307e-06,-1.569846276409466e-12,-2.0308980612144e-09,-3.89944711132838e-09,-1.205671344826262e-06,0.0,0.0,-3.89943931233816e-09,-1.205668933488395e-06,0.0009999968818052353,-9.604879546996398e-07,2.5999647568875e-09,2.229351893486133e-06,-0.0004999495860623648,-6.344778122906636e-07,3.886416865471941e-09,1.201609601725909e-06,1.286449535705536e-09,-1.027740236279753e-06,0.000999996870344837,-9.625187997387794e-07
2,368.6945064519557,0.0,-2.378211927859525e-06,0.002135895371355271,0.9999967820694748,-0.001000174647221302,0.9980884749407053,-0.0004946937234792796,0.0,0.0,8.020774545869358e-06,0.00250567469459133,1.0,0.0,9.999967931347278,-0.0099827538138157,0.0,0.0,-0.0004999468374607963,1.661485082844793e-06,-1.615152929952969e-12,-2.11035140510673e-09,-4.010395293243651e-09,-1.252839852970359e-06,0.0,0.0,-4.010387272934679e-09,-1.252837347295665e-06,0.0009999967943642005,-9.98064351843822e-07,2.80737707129282e-09,2.31656902776078e-06,-0.0004999496460521557,-6.592999743304994e-07,3.996485413757109e-09,1.248619206187773e-06,1.189105963929763e-09,-1.067947685677636e-06,0.000999996782069475,-1.000174647221302e-06
2,383.1186849557268,0.0,-2.167993631052589e-06,0.002219456257851329,0.9999966867519531,-0.001039303665343641,0.9980884278038658,-0.0005140472231254528,0.0,0.0,8.260372192481213e-06,0.002603702163895705,1.0,0.0,9.999966986280027,-0.01037330096856786,0.0,0.0,-0.0004999466773284444,1.726486008236223e-06,-1.664073915759267e-12,-2.192913138670062e-09,-4.130194356504031e-09,-1.301853685650016e-06,0.0,0.0,-4.130186096240607e-09,-1.301851081947852e-06,0.0009999966999475638,-1.037110811469357e-06,3.031335687617813e-09,2.407198267018985e-06,-0.0004999497108278961,-6.850932277860031e-07,4.115334671899172e-09,1.297467918637063e-06,1.083996815526295e-09,-1.109728128925664e-06,0.000999996686751953,-1.039303665343641e-06
2,398.1071705534952,0.0,-1.94100518992824e-06,0.002306286206868638,0.9999965838304845,-0.001079963486365215,0.9980883769066894,-0.0005341578691258791,0.0,0.0,8.519083721125753e-06,0.002705564657349028,1.0,0.0,9.999965965820124,-0.0107791270846351,0.0,0.0,-0.0004999465044212004,1.794029895318917e-06,-1.716897565551701e-12,-2.278704868270292e-09,-4.259550380244229e-09,-1.352785034239171e-06,0.0,0.0,-4.259541860562877e-09,-1.352782328674514e-06,0.000999996597998849,-1.077684844252209e-06,3.273160581632559e-09,2.50137309697842e-06,-0.0004999497807706144,-7.118955629224592e-07,4.243665118127424e-09,1.348227687257895e-06,9.705025949641202e-10,-1.153143103434319e-06,0.0009999965838304846,-1.079963486365215e-06
2,413.6820402388486,0.0,-1.69590877294562e-06,0.002396513107775821,0.9999964726984671,-0.001122213997060643,0.9980883219491963,-0.0005550552819191679,0.0,0.0,8.798433936085814e-06,0.002811412205503309,1.0,0.0,9.99996486395314,-0.01120082989271919,0.0,0.0,-0.0004999463177207675,1.864216227652178e-06,-1.773935212395399e-12,-2.367852957672572e-09,-4.399225766178948e-09,-1.405708914163859e-06,0.0,0.0,-4.399216968042908e-09,-1.405706102751655e-06,0.000999996487917186,-1.119846210628727e-06,3.534277029036017e-09,2.59923222517529e-06,-0.0004999498562934246,-7.397464561423751e-07,4.382233111842803e-09,1.400973274774271e-06,8.479543864728101e-10,-1.198256553887911e-06,0.0009999964726984671,-1.122213997060643e-06
2,429.8662347082254,0.0,-1.431259820400575e-06,0.002490269852793759,0.9999963527009094,-0.001166117426898206,0.9980882626074772,-0.0005767702406574406,0.0,0.0,9.100069271461564e-06,0.002921400707911121,1.0,0.0,9.999963674184885,-0.01163903050599307,0.0,0.0,-0.0004999461161260266,1.937148380460403e-06,-1.835523025571878e-12,-2.460488714146845e-09,-4.550043735549933e-09,-1.460703275356269e-06,0.0,0.0,-4.550034635730782e-09,-1.46070035395556e-06,0.0009999963690537751,-1.163657008788318e-06,3.816224005550577e-09,2.700919785198966e-06,-0.000499949937840749,-7.68686928109396e-07,4.531855347030835e-09,1.455782368532234e-06,7.156299102002876e-10,-1.24513492639688e-06,0.0009999963527009095,-1.166117426898206e-06
2,446.6835921509607,0.0,-1.145498541029006e-06,0.002587694532660816,0.9999962231305646,-0.001211738439665181,0.9980881985317815,-0.0005993347285248948,0.0,0.0,9.425767519388728e-06,0.003035692162668475,1.0,0.0,9.999962389503045,-0.01209437433461675,0.0,0.0,-0.000499945898449039,2.012933772839562e-06,-1.902023991821147e-12,-2.556748581852505e-09,-4.712893185880751e-09,-1.5178491170264e-06,0.0,0.0,-4.712883759694364e-09,-1.517846081334238e-06,0.0009999962407080535,-1.20918176610573e-06,4.120663257098231e-09,2.806585548910037e-06,-0.0004999500258936473,-7.987596041462812e-07,4.693413673089507e-09,1.512735694885097e-06,5.727492705145029e-10,-1.293847266330408e-06,0.0009999962231305645,-1.211738439665181e-06
2,464.1588833612755,0.0,-8.369407078500771e-07,0.002688930639945835,0.99999608322377,-0.001259144228674593,0.9980881293444595,-0.0006227819798277698,0.0,0.0,9.777448284786772e-06,0.003154454904929936,1.0,0.0,9.999961002335956,-0.01256753203599989,0.0,0.0,-0.0004999456634070532,2.091684025913457e-06,-1.973830054625577e-12,-2.656774342786547e-09,-4.888733920566679e-09,-1.577230606919873e-06,0.0,0.0,-4.888724142393386e-09,-1.577227452464968e-06,0.0009999961021235763,-1.256487534147255e-06,4.449389093508181e-09,2.916385146953306e-06,-0.0004999501209709267,-8.300087769928625e-07,4.867860283951314e-09,1.571917138049749e-06,4.184703539250386e-10,-1.344465319972918e-06,0.00099999608322377,-1.259144228674593e-06
2,482.317848223928,0.0,-5.03767737955024e-07,0.002794127280307323,0.9999959321559407,-0.001308404615693076,0.9980880546377334,-0.0006471465289247921,0.0,0.0,1.015718430963375e-05,0.003277863854745966,1.0,0.0,9.999959504507903,-0.01305920050220491,0.0,0.0,-0.0004999454096146216,2.173515127171233e-06,-2.051364424141981e-12,-2.760713325591102e-09,-5.078602312055674e-09,-1.638935205236838e-06,0.0,0.0,-5.078592154816875e-09,-1.638931927372983e-06,0.0009999959524835515,-1.305643987390204e-06,4.804338963468417e-09,3.030480297889316e-06,-0.0004999502236330278,-8.624804720158176e-07,5.056223336179202e-09,1.633413863608374e-06,2.518838689775121e-10,-1.397063640153661e-06,0.0009999959321559408,-1.308404615693076e-06
2,501.1872336272695,0.0,-1.440159784374696e-07,0.002903439392008684,0.9999957690367116,-0.001359592153734977,0.998087973971296,-0.0006724642610699035,0.0,0.0,1.056721368186686e-05,0.003406100774586078,1.0,0.0,9.99995788719098,-0.01357010388593976,0.0,0.0,-0.000499945135576052,2.25854760122705e-06,-2.135084071392779e-12,-2.868718622527397e-09,-5.283617408426525e-09,-1.703053793393813e-06,0.0,0.0,-5.28360684093343e-09,-1.703050387293039e-06,0.00099999579090603,-1.356723525800531e-06,5.187604873036783e-09,3.149039046280574e-06,-0.000499950334485022,-8.96222514969354e-07,5.259613006310086e-09,1.69731644683684e-06,7.200798921873481e-11,-1.451719696004342e-06,0.0009999957690367115,-1.359592153734977e-06
2,520.7948328595435,0.0,2.444348814401238e-07,0.003017027974011387,0.999995592904691,-0.001412782233873505,0.9980878868697162,-0.000698772465241842,0.0,0.0,1.100995303637831e-05,0.003539354536925575,1.0,0.0,9.999956140853044,-0.0141009946666451,0.0,0.0,-0.0004999448396758588,2.346906687253998e-06,-2.225482421412801e-12,-2.980949314935303e-09,-5.504987528495806e-09,-1.769680807817324e-06,0.0,0.0,-5.504976518189154e-09,-1.769677268462788e-06,0.000999995616438706,-1.409801381419066e-06,5.601445714996805e-09,3.272236010081616e-06,-0.0004999504541799427,-9.312846024005879e-07,5.479228030357474e-09,1.76371900604795e-06,-1.222174407200619e-10,-1.508513987005694e-06,0.000999995592904691,-1.412782233873506e-06
2,541.1695265464607,0.0,6.638742864076666e-07,0.003135060322980488,0.9999954027217931,-0.001468053196225492,0.9980877928196349,-0.0007261098890380253,0.0,0.0,1.14880117862981e-05,0.003677821402288117,1.0,0.0,9.999954255201544,-0.01465265475823894,0.0,0.0,-0.0004999445201706587,2.438722523348449e-06,-2.323092261220616e-12,-3.09757070751028e-09,-5.744017381223811e-09,-1.838914378965461e-06,0.0,0.0,-5.744005893149051e-09,-1.838910701144059e-06,0.0009999954280533055,-1.464955729112606e-06,6.048300581709706e-09,3.400252637695631e-06,-0.0004999505834236695,-9.677183748094467e-07,5.716362774645154e-09,1.832719341145065e-06,-3.319371432038333e-10,-1.567530161490244e-06,0.000999995402721793,-1.468053196225492e-06
2,562.341325190346,0.0,1.116774322654983e-06,0.003257710279549797,0.9999951973671212,-0.001525486445272445,0.9980876912667406,-0.0007545167957131981,0.0,0.0,1.200420750091524e-05,0.003821705308151663,1.0,0.0,9.999952219122855,-0.01522589666014242,0.0,0.0,-0.0004999441751768474,2.534130338101206e-06,-2.42848887974825e-12,-3.218754571742046e-09,-6.002115754871286e-09,-1.910856475781139e-06,0.0,0.0,-6.002103750457622e-09,-1.910852654075831e-06,0.000999995224639526,-1.522267801652219e-06,6.530803139907813e-09,3.533277475074347e-06,-0.0004999507229779265,-1.005577492662734e-06,5.972414861977694e-09,1.90441907758917e-06,-5.583871613274916e-10,-1.628855139774898e-06,0.0009999951973671212,-1.525486445272446e-06
2,584.3414133735142,0.0,1.605804285741518e-06,0.003385158484207403,0.9999949756303597,-0.001585166569686842,0.9980875816125042,-0.0007840350234464034,0.0,0.0,1.256158253415407e-05,0.003971218169140997,1.0,0.0,9.999950020616774,-0.01582156465327296,0.0,0.0,-0.0004999438026611625,2.633270649648675e-06,-2.542293458229569e-12,-3.344679398873046e-09,-6.280803828605086e-09,-1.985613055788668e-06,0.0,0.0,-6.280791267077035e-09,-1.985609084570498e-06,0.0009999950049984906,-1.581822009287346e-06,7.051797152130411e-09,3.671506443252485e-06,-0.0004999508736647229,-1.044917715383028e-06,6.24889340349881e-09,1.978923815990299e-06,-8.029021428707591e-10,-1.692579242103702e-06,0.0009999949756303596,-1.585166569686842e-06
2,607.202195690985,0.0,2.133846401291937e-06,0.003517592643176224,0.9999947362046433,-0.001647181466839145,0.9980874632106481,-0.0008147080469230735,0.0,0.0,1.31634219187049e-05,0.004126580188946557,1.0,0.0,9.999947646725815,-0.01644053604275659,0.0,0.0,-0.0004999434004284709,2.736289472503838e-06,-2.665176731022922e-12,-3.475530662748849e-09,-6.581724123259656e-09,-2.063294221053465e-06,0.0,0.0,-6.581710959352449e-09,-2.063290094473278e-06,0.0009999947678356858,-1.643706063990827e-06,7.614353236257577e-09,3.815143126723154e-06,-0.0004999510363727921,-1.085796983415631e-06,6.547427902255313e-09,2.056343287542401e-06,-1.066923200645969e-09,-1.758796321588112e-06,0.0009999947362046434,-1.647181466839145e-06
2,630.9573444801896,0.0,2.704012821564035e-06,0.003655207804678662,0.9999944776788557,-0.001711622472167777,0.9980873353633408,-0.0008465810413223805,0.0,0.0,1.38132727514062e-05,0.004288020184425924,1.0,0.0,9.999945083458849,-0.01708372244917822,0.0,0.0,-0.0004999429661077803,2.843338532460622e-06,-2.797862938436038e-12,-3.611501092946514e-09,-6.906650189053596e-09,-2.144014380233147e-06,0.0,0.0,-6.906636375703102e-09,-2.144010092212962e-06,0.0009999945117533326,-1.708011108556716e-06,8.221786961890317e-09,3.964399073076277e-06,-0.0004999512120608118,-1.128275503509092e-06,6.869777847269104e-09,2.136791515529142e-06,-1.352006410782017e-09,-1.827603902339331e-06,0.0009999944776788558,-1.711622472167777e-06
2,655.6418494179751,0.0,3.3196639651771e-06,0.00379820664598946,0.9999941985293114,-0.001778584493601326,0.9980871973170824,-0.0008797009488034561,0.0,0.0,1.451496508408923e-05,0.004455775922362358,1.0,0.0,9.999942315708632,-0.01775207115025919,0.0,0.0,-0.0004999424971393607,2.954575489893803e-06,-2.941134094841156e-12,-3.752790958582789e-09,-7.257497057512054e-09,-2.227892416957101e-06,0.0,0.0,-7.257482542044614e-09,-2.227887961181179e-06,0.0009999942352421467,-1.774831850739763e-06,8.877678390199551e-09,4.119494104338329e-06,-0.0004999514017640649,-1.172415837319787e-06,7.217843088191527e-09,2.220386983136954e-06,-1.65983198258855e-09,-1.89910332299473e-06,0.0009999941985293114,-1.778584493601326e-06
2,681.2920690579573,0.0,3.984428318683023e-06,0.003946799771696406,0.9999938971107757,-0.001848166151229542,0.998087048258265,-0.000914116547587703,0.0,0.0,1.527263451439609e-05,0.004630094469372539,1.0,0.0,9.999939327162759,-0.01844656647492396,0.0,0.0,-0.0004999419907589786,3.070164171777826e-06,-3.09583459722496e-12,-3.89960836321903e-09,-7.636332530271229e-09,-2.315051864780738e-06,0.0,0.0,-7.636317257198044e-09,-2.31504723468627e-06,0.0009999939366724428,-1.844266702632713e-06,9.585893172368276e-09,4.280656640468663e-06,-0.000499951606600546,-1.218282993478031e-06,7.593675028780241e-09,2.30725280782069e-06,-1.992214159341511e-09,-1.973399885848203e-06,0.0009999938971107757,-1.848166151229542e-06
2,707.9457843841337,0.0,4.702223817495208e-06,0.004101206023604603,0.9999935716467705,-0.001920469922427233,0.9980868873083765,-0.0009498785237381508,0.0,0.0,1.609074653607934e-05,0.004811232555475092,1.0,0.0,9.999936100207563,-0.01916823125179349,0.0,0.0,-0.0004999414439829097,3.190274812762961e-06,-3.262876201322284e-12,-4.0521695512963e-09,-8.04538935881414e-09,-2.405621088970102e-06,0.0,0.0,-8.045373268039669e-09,-2.405616277737546e-06,0.0009999936142845325,-1.91641792548514e-06,1.035060533093049e-08,4.448124035485037e-06,-0.0004999518277780668,-1.265944523247994e-06,7.999488720323185e-09,2.397516922476713e-06,-2.351111908747604e-09,-2.050603011802301e-06,0.0009999935716467705,-1.920469922427233e-06
2,735.6422544596369,0.0,5.477280942034666e-06,0.004261652802736813,0.9999932202191057,-0.001995602292643002,0.998086713518825,-0.0009870395457406908,0.0,0.0,1.697412286194577e-05,0.004999456951850667,1.0,0.0,9.999932615824314,-0.01991812831422065,0.0,0.0,-0.0004999408535879546,3.315084305658854e-06,-3.443243394647118e-12,-4.210699226550745e-09,-8.487078404964685e-09,-2.499733475382286e-06,0.0,0.0,-8.487061430972886e-09,-2.499728475925334e-06,0.0009999932661783565,-1.991391780175295e-06,1.117632185822129e-08,4.622142926709237e-06,-0.000499952066599918,-1.315470619923671e-06,8.43767591052672e-09,2.491312263688029e-06,-2.738640471017333e-09,-2.130826401368407e-06,0.0009999932202191058,-1.995602292643002e-06
2,764.4222742525956,0.0,6.314167640773409e-06,0.004428376403899609,0.9999928407565731,-0.00207367391207289,0.9980865258653476,-0.001025654341996023,0.0,0.0,1.792796984378953e-05,0.005195044863344915,1.0,0.0,9.999928853477105,-0.02069736206406428,0.0,0.0,-0.0004999402160945632,3.444776461699857e-06,-3.637999198071194e-12,-4.375430882877078e-09,-8.964002850083861e-09,-2.597527626717319e-06,0.0,0.0,-8.963984921894763e-09,-2.597522431672458e-06,0.0009999928903022814,-2.069298683554599e-06,1.206790927685296e-08,4.802969597642359e-06,-0.0004999523244735293,-1.366934222100762e-06,8.910819142317203e-09,2.588776967316151e-06,-3.157083820386705e-09,-2.214188201949805e-06,0.0009999928407565732,-2.07367391207289e-06
2,794.3282347242767,0.0,7.217816262971686e-06,0.004601622363303131,0.9999924310227422,-0.002154799758447434,0.9980863232419751,-0.001065779781335351,0.0,0.0,1.895790915362738e-05,0.005398284336286833,1.0,0.0,9.999924790991875,-0.02150708009648289,0.0,0.0,-0.0004999395277460739,3.579542280959585e-06,-3.848291430122694e-12,-4.546607148125914e-09,-9.4789735347187e-09,-2.699147566427753e-06,0.0,0.0,-9.478954576813693e-09,-2.699142168143416e-06,0.0009999924844410148,-2.150253370892829e-06,1.303062231868518e-08,4.990870354998952e-06,-0.0004999526029189072,-1.420411120976696e-06,9.421706969401291e-09,2.690054571725022e-06,-3.608908131485843e-09,-2.300811181651566e-06,0.0009999924310227421,-2.154799758447434e-06
2,825.4041852680133,0.0,8.193552602676001e-06,0.004781645819740871,0.9999919886027777,-0.002239099306169296,0.9980861044545121,-0.001107474956677115,0.0,0.0,2.007001090742477e-05,0.00560947468221661,1.0,0.0,9.999920404425684,-0.02234847488811532,0.0,0.0,-0.0004999387844851766,3.719580233318108e-06,-4.075359470903124e-12,-4.724480141339968e-09,-1.003502552367156e-08,-2.804742950582986e-06,0.0,0.0,-1.003500545371239e-08,-2.804737341108305e-06,0.0009999920462025452,-2.23437506466067e-06,1.407013489123055e-08,5.186121920449275e-06,-0.0004999529035770722,-1.475980071841522e-06,9.973350396293687e-09,2.795294228933021e-06,-4.096776301338001e-09,-2.390822909870436e-06,0.0009999919886027778,-2.239099306169296e-06
2,857.6958985908889,0.0,9.247127309393064e-06,0.00496871188985496,0.9999915108892142,-0.002326696702047814,0.9980858682135034,-0.001150801271946612,0.0,0.0,2.127082943648162e-05,0.00582892691814,1.0,0.0,9.99991566792567,-0.02322278555110715,0.0,0.0,-0.0004999379819310423,3.865096550384473e-06,-4.320541565457717e-12,-4.909311843953054e-09,-1.063543598973963e-08,-2.914469287996917e-06,0.0,0.0,-1.063541471824081e-08,-2.91446345907e-06,0.0009999915730040507,-2.321787649895482e-06,1.519257351390429e-08,5.389011837640003e-06,-0.0004999532282197183,-1.533722909913965e-06,1.056900061220634e-08,2.904650924000632e-06,-4.623563654696532e-09,-2.48435594492748e-06,0.0009999915108892142,-2.326696702047814e-06
2,891.25093813374,0.0,1.038474976284624e-05,0.005163096058032814,0.9999909950665862,-0.002417720947885994,0.9980856131266336,-0.001195822532384893,0.0,0.0,2.256744192408178e-05,0.006056964223949449,1.0,0.0,9.999910553576669,-0.02413129965553379,0.0,0.0,-0.00049993711535401,4.016305528804429e-06,-4.585282709613785e-12,-5.101374485496995e-09,-1.128374353013442e-08,-3.028488168938948e-06,0.0,0.0,-1.128372096204089e-08,-3.028482111974725e-06,0.000999991062056676,-2.412619856405311e-06,1.640455342106605e-08,5.599838895085235e-06,-0.0004999535787600928,-1.593724670690029e-06,1.121216815538235e-08,3.018285702972769e-06,-5.192374881423119e-09,-2.581548029016407e-06,0.0009999909950665863,-2.417720947885994e-06
2,926.1187281287878,0.0,1.161312464974494e-05,0.005365084581501256,0.9999904380948373,-0.002512306090185339,0.9980853376905191,-0.001242605038378189,0.0,0.0,2.396749008681809e-05,0.006293922417676789,1.0,0.0,9.999905031236718,-0.02507535512286911,0.0,0.0,-0.0004999361796471646,4.173429845390946e-06,-4.871143164725318e-12,-5.300950944382248e-09,-1.198376901148147e-08,-3.146967502760811e-06,0.0,0.0,-1.198374504340904e-08,-3.146961208838394e-06,0.000999990510349098,-2.507005448075974e-06,1.771321754449996e-08,5.818913565542274e-06,-0.0004999539572648759,-1.656073714990328e-06,1.190664360666819e-08,3.136365909707066e-06,-5.806562324872473e-09,-2.682542290750628e-06,0.0009999904380948374,-2.512306090185339e-06
2,962.3506263980825,0.0,1.293949151120453e-05,0.005574974911205908,0.9999898366914102,-0.002610591417243845,0.9980850402818563,-0.001291217682944064,0.0,0.0,2.547922522655455e-05,0.006540150449267154,1.0,0.0,9.999899068359467,-0.02605634219324821,0.0,0.0,-0.0004999351692955845,4.336700884532887e-06,-5.17980765146418e-12,-5.508335164339317e-09,-1.273963809260008e-08,-3.270081764784027e-06,0.0,0.0,-1.273961261327727e-08,-3.270075224633577e-06,0.000999989914629784,-2.60508341955604e-06,1.91262786049263e-08,6.046558462509748e-06,-0.0004999543659640615,-1.720861858873959e-06,1.265651991012021e-08,3.259065431931884e-06,-6.469745755602263e-09,-2.787487455602954e-06,0.0009999898366914101,-2.610591417243845e-06
2,999.9999999999936,0.0,1.437166735821578e-05,0.00579307612908579,0.9999891873118961,-0.002712721663932911,0.9980847191478484,-0.001341732053015611,0.0,0.0,2.711155684398392e-05,0.006796010913590076,1.0,0.0,9.999892629802323,-0.02707570546937656,0.0,0.0,-0.0004999340783443662,4.506359078364089e-06,-5.513095276793618e-12,-5.723832587132655e-09,-1.355580553417524e-08,-3.39801225280595e-06,0.0,0.0,-1.355577842199196e-08,-3.398005456795038e-06,0.0009999892713878251,-2.70699820060485e-06,2.065206456043521e-08,6.28310881450978e-06,-0.0004999548072667226,-1.788184508615814e-06,1.346621650919916e-08,3.386564956890756e-06,-7.185833679107892e-09,-2.896538064542895e-06,0.0009999891873118962,-2.712721663932911e-06
2,1039.122303835162,0.0,1.591809277241337e-05,0.006019709402375778,0.9999884861291576,-0.002818847224449737,0.9980843723958824,-0.001394222534670393,0.0,0.0,2.887410513885413e-05,0.007061880583430527,1.0,0.0,9.999885677619455,-0.02813494604004614,0.0,0.0,-0.0004999329003642083,4.682654260173809e-06,-5.872970252569813e-12,-5.947760602179817e-09,-1.443708144355681e-08,-3.530947353595845e-06,0.0,0.0,-1.443705256942707e-08,-3.530940291715264e-06,0.0009999885768322552,-2.812899868399601e-06,2.229956767948663e-08,6.528912957840821e-06,-0.0004999552837734456,-1.858140800939032e-06,1.434050537501186e-08,3.519052236943529e-06,-7.959046386206687e-09,-3.009854701187889e-06,0.0009999884861291576,-2.818847224449737e-06
2,1079.775162327703,0.0,1.758788161215747e-05,0.006255208455593555,0.9999877290107699,-0.002929124373352774,0.9980839979823738,-0.001448766422456248,0.0,0.0,3.077725769706774e-05,0.007338150963230567,1.0,0.0,9.999878170838135,-0.02923562368632871,0.0,0.0,-0.0004999316284129973,4.865846031581978e-06,-6.261553468876239e-12,-6.180449013735656e-09,-1.538865962559009e-08,-3.669082819766247e-06,0.0,0.0,-1.538862884853387e-08,-3.669075481615284e-06,0.0009999878268697072,-2.922944368108437e-06,2.407849752744553e-08,6.784332848513407e-06,-0.0004999557982929836,-1.930833748707908e-06,1.52845391341154e-08,3.656722365508176e-06,-8.793940806078735e-09,-3.127604227796778e-06,0.0009999877290107699,-2.929124373352774e-06
2,1122.018454301956,0.0,1.93908747316319e-05,0.006499920060892042,0.9999869114946781,-0.003043715495199412,0.9980835937007274,-0.001505444032971823,0.0,0.0,3.283223069328045e-05,0.007625228864381012,1.0,0.0,9.999870065217369,-0.0303793591736325,0.0,0.0,-0.0004999302549942852,5.056204143997741e-06,-6.681134990219047e-12,-6.422240526324674e-09,-1.641614817853431e-08,-3.81262205741937e-06,0.0,0.0,-1.641611534664023e-08,-3.812614432190506e-06,0.000999987017080299,-3.037293742048121e-06,2.599933817864474e-08,7.049744594107838e-06,-0.0004999563538572449,-2.006370392289899e-06,1.630388142179546e-08,3.799778063741756e-06,-9.69543736581595e-09,-3.249960030446021e-06,0.0009999869114946781,-3.043715495199412e-06
2,1165.914401179824,0.0,2.133769796419175e-05,0.006754204547483568,0.9999860287629008,-0.003162789323116923,0.9980831571683336,-0.001564338822865575,0.0,0.0,3.505113498203372e-05,0.00792353700289239,1.0,0.0,9.999861312987171,-0.03156783663292675,0.0,0.0,-0.0004999287720137691,5.254008894922885e-06,-7.134187548137727e-12,-6.673491249132557e-09,-1.752560254272424e-08,-3.961776424983197e-06,0.0,0.0,-1.752556749101686e-08,-3.961768501446196e-06,0.0009999861426915856,-3.156116367756648e-06,2.807340999082164e-08,7.325539006320119e-06,-0.0004999569537406101,-2.084861956797241e-06,1.740453967081503e-08,3.94842997837379e-06,-1.066884898209588e-08,-3.377102273741784e-06,0.0009999860287629007,-3.162789323116923e-06
2,1211.52765862858,0.0,2.343982472168715e-05,0.007018436330868284,0.9999850756131418,-0.00328652118664994,0.9980826858125308,-0.001625537511423022,0.0,0.0,3.744704747354888e-05,0.008233514620305143,1.0,0.0,9.999851862567102,-0.03280280603456102,0.0,0.0,-0.0004999271707317732,5.459551539653551e-06,-7.62338110964252e-12,-6.934571220094432e-09,-1.87235611840854e-08,-4.116765543667191e-06,0.0,0.0,-1.872352373677444e-08,-4.116757310152571e-06,0.00099998519855044,-3.279587205323454e-06,3.031293630560606e-08,7.612122174991085e-06,-0.0004999576014782514,-2.166424015459523e-06,1.859300050464543e-08,4.102896991120611e-06,-1.171991236084357e-08,-3.509218165434142e-06,0.0009999850756131417,-3.28652118664994e-06
2,1258.925411794159,0.0,2.570964360401833e-05,0.007293004462626432,0.9999840464281436,-0.003415093269240509,0.9980821768554476,-0.001689130207918333,0.0,0.0,4.003408814412523e-05,0.008555618128730891,1.0,0.0,9.999841658262406,-0.03408608575823354,0.0,0.0,-0.0004999254417114019,5.67313471899495e-06,-8.151598607212224e-12,-7.205864950445941e-09,-2.001708410651815e-08,-4.277817619983575e-06,0.0,0.0,-2.001704407206262e-08,-4.277809064365446e-06,0.0009999841790926957,-3.407888054332559e-06,3.273111546770208e-08,7.90991606444286e-06,-0.0004999583008876707,-2.251176659321058e-06,1.987626795552008e-08,4.26340654012518e-06,-1.285482180200916e-08,-3.646502231313216e-06,0.0009999840464281437,-3.415093269240509e-06
2,1308.177474260185,0.0,2.816053138392776e-05,0.007578313201561493,0.9999829351425856,-0.003548694875709699,0.9980816272976353,-0.001755210543912788,0.0,0.0,4.282750326556339e-05,0.008890321780949088,1.0,0.0,9.999830639935807,-0.03541956526279214,0.0,0.0,-0.0004999235747628061,5.895072903577825e-06,-8.721952922908763e-12,-7.487771990532955e-09,-2.141379446025672e-08,-4.445169780796324e-06,0.0,0.0,-2.14137516327817e-08,-4.445160890474544e-06,0.000999983078310358,-3.541207820786939e-06,3.534219858667331e-08,8.219359132976979e-06,-0.0004999590560904599,-2.339244673547772e-06,2.12619047341514e-08,4.430194953883033e-06,-1.408026569196388e-08,-3.789156600780746e-06,0.0009999829351425857,-3.548694875709699e-06
2,1359.356390878516,0.0,3.080693182329913e-05,0.007874782607010522,0.999981735207355,-0.00368752271012339,0.9980810339003977,-0.001823875810689321,0.0,0.0,4.584375520177986e-05,0.009238118366517473,1.0,0.0,9.999818742653266,-0.03680520785968773,0.0,0.0,-0.0004999215588836758,6.125692855426081e-06,-9.337805226533592e-12,-7.780707517705778e-09,-2.292192344510929e-08,-4.619068421377103e-06,0.0,0.0,-2.292187760088993e-08,-4.619059183258737e-06,0.0009999818897162124,-3.679742794396038e-06,3.81615734989951e-08,8.540906976419913e-06,-0.0004999598715376141,-2.430757720567594e-06,2.275807678088897e-08,4.603507798132046e-06,-1.540346591164957e-08,-3.937391303505261e-06,0.0009999817352073551,-3.68752271012339e-06
2,1412.537544622744,0.0,3.36644407567654e-05,0.008182849155167078,0.9999804395509584,-0.00383178116443862,0.9980803931667085,-0.001895227102019231,0.0,0.0,4.910061941743038e-05,0.009599519934889292,1.0,0.0,9.999805896301368,-0.03824505359403724,0.0,0.0,-0.0004999193821938475,6.365334107434357e-06,-1.000278477569985e-11,-8.08510294715597e-09,-2.455035880965706e-08,-4.799769566964581e-06,0.0,0.0,-2.455030970871519e-08,-4.799759967444646e-06,0.0009999806063056011,-3.82369693662207e-06,4.120585542447047e-08,8.875032996633568e-06,-0.0004999607520344007,-2.52585053031433e-06,2.437360138188606e-08,4.783600236200877e-06,-1.68322203783827e-08,-4.091424577583539e-06,0.0009999804395509585,-3.83178116443862e-06
2,1467.799267622059,0.0,3.674989799099819e-05,0.008502966379292811,0.9999790405378655,-0.003981682618341341,0.9980797013206125,-0.001969369462464256,0.0,0.0,5.261728918615205e-05,0.009975058546566388,1.0,0.0,9.99979202517431,-0.03974122223739825,0.0,0.0,-0.0004999170318660262,6.61434946142795e-06,-1.072081029427638e-11,-8.401406566585746e-09,-2.630869721118539e-08,-4.98753924834174e-06,0.0,0.0,-2.630864459307603e-08,-4.987529273283194e-06,0.0009999792205151604,-3.973282179895213e-06,4.449298485043764e-08,9.222229095941815e-06,-0.0004999617027701131,-2.624663097849748e-06,2.611799910483411e-08,4.970737403329028e-06,-1.83749489954991e-08,-4.251483189646406e-06,0.0009999790405378654,-3.981682618341341e-06
2,1525.222956539008,0.0,4.008148648822267e-05,0.00883560553472519,0.9999775299235263,-0.004137447750700987,0.9980789542849782,-0.00204641204142441,0.0,0.0,5.641448866100518e-05,0.01036528705335369,1.0,0.0,9.999777047527893,-0.0412959163965019,0.0,0.0,-0.0004999144940491806,6.873105505518073e-06,-1.149611305492401e-11,-8.730084195635368e-09,-2.820730074470016e-08,-5.182653891963898e-06,0.0,0.0,-2.820724433050259e-08,-5.182643526676846e-06,0.000999977724178263,-4.128718738422324e-06,4.804233321964602e-08,9.583006398457728e-06,-0.0004999627293472697,-2.727340888638609e-06,2.800154989386455e-08,5.1651947954896e-06,-2.004074324411134e-08,-4.417802767362595e-06,0.0009999775299235263,-4.137447750700988e-06
2,1584.893192461102,0.0,4.367883948386159e-05,0.009181256289620613,0.9999758988058028,-0.004299305863082544,0.9980781476574812,-0.002126468253149591,0.0,0.0,6.051459495193257e-05,0.01077077990881909,1.0,0.0,9.999760875097982,-0.04291142474234458,0.0,0.0,-0.0004999117537876074,7.141983151489912e-06,-1.233326180143759e-11,-9.071619871027456e-09,-3.025735799132221e-08,-5.38540072518945e-06,0.0,0.0,-3.025729747596629e-08,-5.385389954409543e-06,0.000999976108476909,-4.290235431029115e-06,5.187481704350123e-08,9.957895999331588e-06,-0.0004999638378154758,-2.834035051762877e-06,3.003535362304901e-08,5.367258673264996e-06,-2.18394197419308e-08,-4.590628144810307e-06,0.000999975898805803,-4.299305863082544e-06
2,1646.897865482857,0.0,4.756315614731064e-05,0.00954042744240576,0.999974137572536,-0.004467495215772338,0.9980772766846746,-0.00220965594294055,0.0,0.0,6.494176994920053e-05,0.0111921340101013,1.0,0.0,9.999743412580619,-0.04459012536419285,0.0,0.0,-0.0004999087949335568,7.421378192965303e-06,-1.323718965739966e-11,-9.426516558424741e-09,-3.247094991702378e-08,-5.596078197184657e-06,0.0,0.0,-3.247088497460027e-08,-5.59606700505065e-06,0.000999974363889787,-4.458070016491168e-06,5.601302111183625e-08,1.034744974297538e-05,-0.0004999650347070617,-2.944902641391269e-06,3.223139547532942e-08,5.577226481345066e-06,-2.378157807365532e-08,-4.77021372120288e-06,0.0009999741375725359,-4.467495215772337e-06
2,1711.328304161769,0.0,5.175732643169663e-05,0.009913647666943366,0.9999722358449193,-0.004642263376789552,0.9980763362339852,-0.002296097559772746,0.0,0.0,6.972210263533896e-05,0.01162996957224811,1.0,0.0,9.999724557070584,-0.04633448925321481,0.0,0.0,-0.0004999056000501989,7.711701885140376e-06,-1.421322317929375e-11,-9.795296892035832e-09,-3.486112103997336e-08,-5.814996416093623e-06,0.0,0.0,-3.486105131766948e-08,-5.814984786124055e-06,0.000999972480136185,-4.632469541825029e-06,6.04813315237427e-08,1.075224103135642e-05,-0.0004999663270754962,-3.060106846787102e-06,3.460261655055513e-08,5.795407284237068e-06,-2.587866321584832e-08,-4.956823833471683e-06,0.0009999722358449193,-4.642263376789552e-06
2,1778.27941003891,0.0,5.628606591911569e-05,0.01030146628645366,0.9999701824163747,-0.004823867584372156,0.9980753207634872,-0.002385920335584752,0.0,0.0,7.488376275244235e-05,0.0120849310363089,1.0,0.0,9.999704197455367,-0.04814708392061726,0.0,0.0,-0.0004999021503110379,8.013381546892462e-06,-1.526711372478779e-11,-1.01785039430408e-08,-3.744195625990189e-08,-6.042477603085485e-06,0.0,0.0,-3.744188137622118e-08,-6.042465518154449e-06,0.0009999704461154436,-4.813690704027233e-06,6.530607932161204e-08,1.117286566349064e-05,-0.00049996772253591,-3.179817231214847e-06,3.716299007604666e-08,6.022122218797527e-06,-2.814303295955785e-08,-5.15073314322683e-06,0.0009999701824163747,-4.823867584372156e-06
2,1847.849797422278,0.0,6.117606136225016e-05,0.01070445407726797,0.9999679651865441,-0.005012575123442247,0.9980742242892577,-0.002479256471481007,0.0,0.0,8.045716671123415e-05,0.01255768801244651,1.0,0.0,9.999682213760671,-0.05003057715533108,0.0,0.0,-0.0004998984253873351,8.32686118611755e-06,-1.640507132046102e-11,-1.057670201795179e-08,-4.022866381305205e-08,-6.278856563911265e-06,0.0,0.0,-4.022858335561707e-08,-6.278844006223253e-06,0.0009999682498415697,-5.002000225765426e-06,7.051569557270566e-08,1.160994270730455e-05,-0.0004999692293121694,-3.304209980032474e-06,3.992760371586873e-08,6.257704964216492e-06,-3.058803068112508e-08,-5.352227038633983e-06,0.000999967965186544,-5.012575123442247e-06
2,1920.141938638787,0.0,6.645612787849133e-05,0.01112320410352731,0.9999655710900314,-0.005208663716573293,0.9980730403501407,-0.002576243331107353,0.0,0.0,8.647515672954853e-05,0.01304893625937681,1.0,0.0,9.999658476443916,-0.05198774092646243,0.0,0.0,-0.000499894403328982,8.652602149134426e-06,-1.763380122787381e-11,-1.099047748806235e-08,-4.323766483970114e-08,-6.524481178624662e-06,0.0,0.0,-4.323757836477427e-08,-6.524468129688405e-06,0.000999965878372654,-5.197675245543238e-06,7.614087880967702e-08,1.20641154050743e-05,-0.0004999708562820615,-3.433468158355567e-06,4.291274841485145e-08,6.502502230106546e-06,-3.322806393924567e-08,-5.561602051763655e-06,0.0009999655710900314,-5.208663716573293e-06
2,1995.262314968865,0.0,7.215737861378089e-05,0.01155833258397562,0.9999629860194551,-0.005412421929998899,0.9980717619696909,-0.002677023641466234,0.0,0.0,9.297319422785222e-05,0.01355939870148788,1.0,0.0,9.999632845631298,-0.05402145543589824,0.0,0.0,-0.000499890060436714,8.991083795087916e-06,-1.89605434226675e-11,-1.142043965118606e-08,-4.648669008736478e-08,-6.77971291014264e-06,0.0,0.0,-4.648659711392611e-08,-6.77969935074394e-06,0.0009999633177346493,-5.401003722877705e-06,8.221477581387428e-08,1.253605211369065e-05,-0.0004999726130339166,-3.567781978611965e-06,4.613601434955934e-08,6.756874263370261e-06,-3.607868930689044e-08,-5.779166291987812e-06,0.0009999629860194552,-5.412421929998899e-06
2,2073.32157348594,0.0,7.831340798292679e-05,0.01201047979203496,0.9999601947423792,-0.005624149595220622,0.998070381615098,-0.002781745701447354,0.0,0.0,9.998956866574815e-05,0.01408982648503477,1.0,0.0,9.999605170294164,-0.05613471332663378,0.0,0.0,-0.0004998853711193352,9.342804196236804e-06,-2.039311521841385e-11,-1.186722162692603e-08,-4.999488432267553e-08,-7.044927332343872e-06,0.0,0.0,-4.999478433287408e-08,-7.044913242517388e-06,0.0009999605528390873,-5.612284859045906e-06,8.877317680338906e-08,1.30264472810395e-05,-0.000499974509918566,-3.707349078389821e-06,4.961639449848512e-08,7.021195374542235e-06,-3.915670399146339e-08,-6.005239896017479e-06,0.0009999601947423792,-5.624149595220622e-06
2,2154.434690031867,0.0,8.496048945775921e-05,0.01248031099038796,0.9999571808116205,-0.005844158246790388,0.9980688911528282,-0.002890563598358438,0.0,0.0,0.0001075656229785338,0.01464100007485164,1.0,0.0,9.99957528735973,-0.05833062405257025,0.0,0.0,-0.000499880307746059,9.708280865120423e-06,-2.193995728530578e-11,-1.233148128676672e-08,-5.378291905472997e-08,-7.320514678425893e-06,0.0,0.0,-5.378281148926689e-08,-7.320500037425818e-06,0.0009999575673942346,-5.831829533975541e-06,9.585472617212797e-08,1.353602245982925e-05,-0.0004999765581132909,-3.852374808914743e-06,5.337439648320103e-08,7.295854484324279e-06,-4.248024472887961e-08,-6.240155495193982e-06,0.0009999571808116206,-5.844158246790388e-06
2,2238.721138568323,0.0,9.213778914578426e-05,0.01296851740133152,0.9999539264684125,-0.006072771576861274,0.9980672818007388,-0.003003637432749805,0.0,0.0,0.0001157459970047015,0.01521373039306795,1.0,0.0,9.999543020750938,-0.06061241841571256,0.0,0.0,-0.0004998748404823061,1.008805150955498e-05,-2.361018333360284e-11,-1.281390222032421e-08,-5.7873114248558e-08,-7.60688041026437e-06,0.0,0.0,-5.787299850235073e-08,-7.606865196533978e-06,0.0009999543438091694,-6.059960759872365e-06,1.035011500171521e-07,1.40655273602383e-05,-0.0004999787696865488,-4.003072534591867e-06,5.743216330669831e-08,7.581255691055144e-06,-4.606889457289213e-08,-6.484258700665762e-06,0.0009999539264684124,-6.072771576861274e-06
2,2326.305067153608,0.0,9.988759636621254e-05,0.01347581721420473,0.999950412537856,-0.006310325907118967,0.9980655440763737,-0.003121133551835587,0.0,0.0,0.0001245788902819456,0.01580886000136263,1.0,0.0,9.999508180349864,-0.0629834532768831,0.0,0.0,-0.0004998689371144005,1.048267481650435e-05,-2.541363375313302e-11,-1.331519473914273e-08,-6.228956972027106e-08,-7.904445809541316e-06,0.0,0.0,-6.228944514097279e-08,-7.904430000681317e-06,0.000999950863090223,-6.297014152196014e-06,1.11757501789678e-07,1.46157409427988e-05,-0.0004999811576690272,-4.159663943974559e-06,6.181360371915754e-08,7.877818859879222e-06,-4.994379818310627e-08,-6.737908607102366e-06,0.000999950412537856,-6.310325907118967e-06
2,2417.315480804085,0.0,0.0001082555725958698,0.01400295663123288,0.9999466183160401,-0.006557170678724797,0.9980636677411445,-0.003243224791823685,0.0,0.0,0.0001341163457961869,0.01642726432833555,1.0,0.0,9.999470560878525,-0.06544721644625316,0.0,0.0,-0.0004998625628600539,1.089273126584538e-05,-2.736093352320028e-11,-1.383609691947438e-08,-6.705830701531967e-08,-8.2136485914321e-06,0.0,0.0,-6.705817289809346e-08,-8.213632164167775e-06,0.000999947104729165,-6.543338418614263e-06,1.20672427511019e-07,1.518747255297517e-05,-0.0004999837361303605,-4.322379372607293e-06,6.654453295764474e-08,8.185980234402093e-06,-5.412778629793489e-08,-7.001478315616441e-06,0.0009999466183160401,-6.557170678724797e-06
2,2511.886431509561,0.0,0.000117291020242645,0.01455071095316955,0.9999425214481807,-0.006813668960920027,0.9980616417400655,-0.003370090729475759,0.0,0.0,0.0001444145563027632,0.01706985294362379,1.0,0.0,9.999429940690646,-0.06800733176018209,0.0,0.0,-0.0004998556801633081,1.13188239751357e-05,-2.946355473214055e-11,-1.437737568553237e-08,-7.220742256593061e-08,-8.534943541664837e-06,0.0,0.0,-7.220727815138162e-08,-8.534926471811895e-06,0.0009999430465824962,-6.799295866584674e-06,1.302984521089719e-07,1.578156309893968e-05,-0.0004999865202630627,-4.491458138136065e-06,7.1652824696381e-08,8.506193071643953e-06,-5.864551012132248e-08,-7.275355476584774e-06,0.0009999425214481808,-6.813668960920027e-06
2,2610.157215682516,0.0,0.0001270471727991357,0.01511988570615671,0.9999380977970443,-0.00708019797895957,0.9980594541366857,-0.003501917943227774,0.0,0.0,0.0001555341950512101,0.01773757088043553,1.0,0.0,9.99938608046706,-0.0706675643510387,0.0,0.0,-0.0004998482484741551,1.176157957645443e-05,-3.173388407257313e-11,-1.493982793476252e-08,-7.776725305972178e-08,-8.868803177788643e-06,0.0,0.0,-7.776709752560507e-08,-8.868785440217767e-06,0.000999938664741113,-7.065262930231014e-06,1.406922885533643e-07,1.639888627408939e-05,-0.0004999895264695686,-4.667148888166418e-06,7.716857510679721e-08,8.838928301125325e-06,-6.352358639956786e-08,-7.559942853078356e-06,0.0009999380977970445,-7.08019797895957e-06
2,2712.272579332007,0.0,0.0001375815081289721,0.01571131781126326,0.9999333213009127,-0.007357149662062349,0.9980570920428498,-0.003638900284211016,0.0,0.0,0.000167540772833874,0.01843140000822234,1.0,0.0,9.999338721807469,-0.07343182611687174,0.0,0.0,-0.0004998402240091737,1.222164912649407e-05,-3.418529570732831e-11,-1.552428170673136e-08,-8.377055395802069e-08,-9.215718435511178e-06,0.0,0.0,-8.377038641693701e-08,-9.21570000411117e-06,0.0009999339333896173,-7.341630717201045e-06,1.519151716023825e-07,1.704034982589258e-05,-0.0004999927724612663,-4.849709961275012e-06,8.312427995665741e-08,9.184675208943145e-06,-6.879075406448604e-08,-7.855658905631632e-06,0.0009999333213009127,-7.357149662062349e-06
2,2818.382931264432,0.0,0.0001489560866648587,0.01632587679819961,0.9999281638202276,-0.007644931212083402,0.9980545415428594,-0.003781239157522307,0.0,0.0,0.0001805050234651162,0.01915236045725557,1.0,0.0,9.999287585709915,-0.07630418139797344,0.0,0.0,-0.0004998315594936242,1.269970905104414e-05,-3.683222993221922e-11,-1.613159739728927e-08,-9.025269223830565e-08,-9.576199380988242e-06,0.0,0.0,-9.02525117325581e-08,-9.576180228627788e-06,0.0009999288246544098,-7.628805576210005e-06,1.640332181146182e-07,1.770689687269416e-05,-0.000499996277360526,-5.039409761673462e-06,8.9555025825978e-08,9.543942147717559e-06,-7.447804333242937e-08,-8.162938399099805e-06,0.0009999281638202278,-7.644931212083403e-06
2,2928.644564625213,0.0,0.0001612379165354848,0.01696446606474433,0.9999225949720366,-0.007943965693631459,0.9980517876116043,-0.003929143814101422,0.0,0.0,0.0001945033199373114,0.01990151209691857,1.0,0.0,9.999232370929327,-0.07928885286756922,0.0,0.0,-0.0004998222038851141,1.319646212508737e-05,-3.969027809543236e-11,-1.676266901972343e-08,-9.725185447217e-08,-9.950775949971379e-06,0.0,0.0,-9.72516599686557e-08,-9.950756048459284e-06,0.0009999233084396991,-7.927209685993086e-06,1.771178160363478e-07,1.839950727015152e-05,-0.0005000000618151645,-5.236527147968982e-06,9.649869653046982e-08,9.917257273313286e-06,-8.061895826774241e-08,-8.482233032372165e-06,0.0009999225949720366,-7.943965693631458e-06
2,3043.219887107698,0.0,0.0001744993477294792,0.01762802418345561,0.9999165819512662,-0.008254692646373192,0.9980488140261748,-0.004082831653582303,0.0,0.0,0.0002096181236685979,0.02067995606957063,1.0,0.0,9.99917275220546,-0.0823902276440403,0.0,0.0,-0.0004998121020712842,1.371263848971242e-05,-4.277627426956393e-11,-1.741842551467744e-08,-1.048092714517876e-07,-1.033999871474138e-05,0.0,0.0,-1.04809061834299e-07,-1.033997803478531e-05,0.0009999173522504661,-8.237281666407459e-06,1.912460443402221e-07,1.911919902901296e-05,-0.0005000041481190154,-5.441351836545268e-06,1.039961959766256e-07,1.030516930926097e-05,-8.724967386473958e-08,-8.814012091727803e-06,0.0009999165819512663,-8.254692646373192e-06
2,3162.277660168354,0.0,0.0001888184976349825,0.01831752625727499,0.9999100893377778,-0.00857756872028239,0.9980456032704488,-0.00424252853849313,0.0,0.0,0.0002259384695113553,0.02148883638188077,1.0,0.0,9.999108378349856,-0.0856128636322584,0.0,0.0,-0.000499801194546512,1.424899670712278e-05,-4.610839421137489e-11,-1.809983211067484e-08,-1.129694606945884e-07,-1.074443967977677e-05,0.0,0.0,-1.129692347556777e-07,-1.074441819094039e-05,0.0009999109210013422,-8.559477212441778e-06,2.065011263712328e-07,1.986702978598924e-05,-0.0005000085603422688,-5.654184820012495e-06,1.120916887352819e-07,1.070824833982549e-05,-9.440924881749124e-08,-9.158763128637496e-06,0.0009999100893377777,-8.57756872028239e-06
2,3285.993247600628,0.0,0.0002042797104186297,0.01903398532566496,0.9999030788880741,-0.008913068334608741,0.9980421364320837,-0.004408469120188425,0.0,0.0,0.0002435604893440413,0.02232934155557064,1.0,0.0,9.999038870180636,-0.08896149610177667,0.0,0.0,-0.0004997894170620798,1.480632485502138e-05,-4.970626218643023e-11,-1.880789173714873e-08,-1.217804882331126e-07,-1.116469310712687e-05,0.0,0.0,-1.217802446720206e-07,-1.116467077778532e-05,0.0009999039768102847,-8.894269751907548e-06,2.229729192495457e-07,2.064409832950634e-05,-0.0005000133244743576,-5.875338801272431e-06,1.208328597605056e-07,1.112708663268853e-05,-1.021398552093148e-07,-9.51699266283248e-06,0.0009999030788880741,-8.913068334608741e-06
2,3414.548873833574,0.0,0.0002209740529221197,0.01977845382295223,0.9998955093104442,-0.009261684361356224,0.9980383930913221,-0.004580897176903956,0.0,0.0,0.0002625879772724105,0.02320270633954379,1.0,0.0,9.99896381829307,-0.09244104450977496,0.0,0.0,-0.0004997767002488107,1.538544166165834e-05,-5.359106628112178e-11,-1.954364649194351e-08,-1.312942512240041e-07,-1.160137637247823e-05,0.0,0.0,-1.312939886362052e-07,-1.160135316977189e-05,0.0009998964787758474,-9.242151127602082e-06,2.407584421885888e-07,2.145154618216208e-05,-0.0005000184685763909,-6.105138643701727e-06,1.302711947534322e-07,1.156229949223215e-05,-1.104870264610598e-07,-9.889226911476113e-06,0.0009998955093104443,-9.261684361356223e-06
2,3548.133892335725,0.0,0.0002389998499880057,0.02055202509057817,0.9998873360222376,-0.009623928834075167,0.9980343512009547,-0.004760065964332131,0.0,0.0,0.0002831329997565746,0.02411021348541415,1.0,0.0,9.998882780652968,-0.09605661957680026,0.0,0.0,-0.0004997629692077288,1.598719768290246e-05,-5.778568287344016e-11,-2.030817916532132e-08,-1.415667830115679e-07,-1.205513085292056e-05,0.0,0.0,-1.415664998782873e-07,-1.205510674270708e-05,0.0009998883827367479,-9.603632304747231e-06,2.599624468118251e-07,2.229055924174148e-05,-0.0005000240229453556,-6.343921837970341e-06,1.404622828184845e-07,1.201452614442731e-05,-1.194999249940028e-07,-1.027601254528909e-05,0.0009998873360222377,-9.623928834075167e-06
2,3686.945064519545,0.0,0.0002584632623355581,0.02135583494498157,0.9998785108878415,-0.01000033368278475,0.9980299869567479,-0.004946238579121908,0.0,0.0,0.0003053165542787895,0.02505319558847721,1.0,0.0,9.998795279998744,-0.09981353062347123,0.0,0.0,-0.0004997481430720763,1.661247652267727e-05,-6.231481098644244e-11,-2.110261482257311e-08,-1.526585824561858e-07,-1.252662284743419e-05,0.0,0.0,-1.526582771393947e-07,-1.25265977942386e-05,0.0009998796410123226,-9.979244104520721e-06,2.806980327941326e-07,2.316236948267332e-05,-0.0005000300202931962,-6.59203898603633e-06,1.514661431635221e-07,1.24844306543476e-05,-1.292316311677791e-07,-1.067791747249079e-05,0.0009998785108878416,-1.000033368278475e-05
2,3831.186849557256,0.0,0.0002794789103329293,0.02219106330286058,0.999868981935846,-0.01039145149585345,0.9980252746575714,-0.005139688335712544,0.0,0.0,0.0003292692802743247,0.026033036996195,1.0,0.0,9.998700801037126,-0.1037172931764255,0.0,0.0,-0.0004997321345298067,1.726219609810616e-05,-6.720511730503625e-11,-2.192812244740355e-08,-1.646349694066429e-07,-1.301654453113449e-05,0.0,0.0,-1.646346401371623e-07,-1.30165184980975e-05,0.0009998702021223646,-1.0369537964508e-05,3.030873124149746e-07,2.406825671983523e-05,-0.0005000364959382164,-6.849854302870377e-06,1.633475777696343e-07,1.297270287734164e-05,-1.397394551664646e-07,-1.109553165143029e-05,0.000999868981935846,-1.039145149585345e-05
2,3981.071705534939,0.0,0.0003021705473260069,0.02305893586557662,0.9998586930537445,-0.01079785630967381,0.9980201865544216,-0.00534069915691483,0.0,0.0,0.0003551322265655799,0.02705117578628719,1.0,0.0,9.998598787416114,-0.1077736368518776,0.0,0.0,-0.0004997148493129933,1.793730995080373e-05,-7.248539269766378e-11,-2.278591664832817e-08,-1.775664684146892e-07,-1.352561494431938e-05,0.0,0.0,-1.775661132827899e-07,-1.35255878931436e-05,0.000999860010484708,-1.077508672691153e-05,3.272621278919755e-07,2.500955043663295e-05,-0.0005000434880133575,-7.117746136411397e-06,1.761765520583612e-07,1.348005944490878e-05,-1.510852736630035e-07,-1.152946793278831e-05,0.0009998586930537446,-1.079785630967381e-05
2,4136.820402388472,0.0,0.0003266717864166791,0.02396072586447332,0.999847583658393,-0.01122014442697392,0.9980146926874566,-0.005549565978656587,0.0,0.0,0.0003830576797243523,0.02810910581653589,1.0,0.0,9.99848863845763,-0.111988513525222,0.0,0.0,-0.0004996961856427173,1.863880860564823e-05,-7.818672115011584e-11,-2.367725943039173e-08,-1.915292229202243e-07,-1.405458101737376e-05,0.0,0.0,-1.915288398621762e-07,-1.405455290826794e-05,0.000999849006088804,-1.11964854553609e-05,3.533648256666213e-07,2.598763167929287e-05,-0.000500051037689464,-7.396107506358642e-06,1.900286057868819e-07,1.400724478633034e-05,-1.633358932083396e-07,-1.198036293223666e-05,0.000999847583658393,-1.122014442697392e-05
2,4298.662347082241,0.0,0.0003531268849142861,0.02489775586888721,0.9998355883403189,-0.01165893526461128,0.9980087607100961,-0.005766595169310664,0.0,0.0,0.0004132100581619724,0.02920837884841899,1.0,0.0,9.998369705630848,-0.116368105795146,0.0,0.0,-0.0004996760336309913,1.936772097846373e-05,-8.434266208932185e-11,-2.460346203458958e-08,-2.066054422915884e-07,-1.460421863258834e-05,0.0,0.0,-2.066050290809862e-07,-1.46041894242095e-05,0.0009998371241433921,-1.163435228117053e-05,3.815490921401558e-07,2.700393501931247e-05,-0.0005000591894166462,-7.685346662309432e-06,2.049852965562124e-07,1.455503218711299e-05,-1.765634424571431e-07,-1.244887793444361e-05,0.0009998355883403189,-1.165893526461128e-05
2,4466.835921509593,0.0,0.0003816915910414471,0.0258713996586229,0.9998226364798101,-0.01211487223169452,0.9980023556991705,-0.005992104964023644,0.0,0.0,0.0004457668771618017,0.03035060674668665,1.0,0.0,9.998241288745731,-0.1209188357507219,0.0,0.0,-0.0004996542746386057,2.01251158340153e-05,-9.098944715093256e-11,-2.556588684744289e-08,-2.228838843479514e-07,-1.517533372395007e-05,0.0,0.0,-2.228834385809009e-07,-1.517530337334333e-05,0.0009998242946962137,-1.208932927989193e-05,4.119808557090932e-07,2.805995058601115e-05,-0.0005000679911869588,-7.985887661791577e-06,2.211346784964266e-07,1.512422488530005e-05,-1.908457955207235e-07,-1.293569982931145e-05,0.00099982263647981,-1.211487223169452e-05
2,4641.588833612739,0.0,0.0004125340577488784,0.02688308416265246,0.9998086518325621,-0.01258862363887391,0.9979954399500106,-0.0062264259144613,0.0,0.0,0.0004809197904176443,0.03153746375698317,1.0,0.0,9.998102631844773,-0.1256473740499069,0.0,0.0,-0.0004996307805752442,2.091210329567463e-05,-9.816619252620366e-11,-2.656594938325463e-08,-2.40460376128394e-07,-1.576876341595534e-05,0.0,0.0,-2.404598952088222e-07,-1.576873187849159e-05,0.000999810442223579,-1.256208337900367e-05,4.448392603278826e-07,2.915722617111224e-05,-0.0005000774948138442,-8.29817096875858e-06,2.38571818919205e-07,1.571565720670184e-05,-2.062670288744392e-07,-1.344154208132623e-05,0.0009998086518325621,-1.258862363887391e-05
2,4823.178482239265,0.0,0.0004458358289826834,0.02793429146577422,0.9997935520824861,-0.0130808836396329,0.9979879727553034,-0.006469901354382439,0.0,0.0,0.0005188757141461053,0.03277068886359419,1.0,0.0,9.997952918769098,-0.1305606493177937,0.0,0.0,-0.0004996054131507499,2.172983640814745e-05,-1.059151281114739e-10,-2.760512034164102e-08,-2.594383759492152e-07,-1.638537720248595e-05,0.0,0.0,-2.594378570730527e-07,-1.63853444317971e-05,0.0009997954851874013,-1.305330729757342e-05,4.803177162331061e-07,3.029736940726342e-05,-0.0005000877562372219,-8.622654073063736e-06,2.573993559053263e-07,1.633019574008484e-05,-2.229179144913417e-07,-1.396714573288711e-05,0.0009997935520824862,-1.30808836396329e-05
2,5011.87233627268,0.0,0.0004817929040632244,0.02902656088493145,0.9997772483590913,-0.01359237320439813,0.9979799101664227,-0.006722887881445488,0.0,0.0,0.0005598580402246256,0.0340520882293622,1.0,0.0,9.997791268373339,-0.1356658578728134,0.0,0.0,-0.0004995780230639957,2.2579512754607e-05,-1.142818447779363e-10,-2.868492774300891e-08,-2.799295799707187e-07,-1.702607816676933e-05,0.0,0.0,-2.799290201123128e-07,-1.70260441146811e-05,0.0009997793355571386,-1.35637205187128e-05,5.186250339011994e-07,3.148205002236761e-05,-0.000500098835851559,-8.959812131443916e-06,2.777281000770044e-07,1.6968740553341e-05,-2.408964520316122e-07,-1.451328044246572e-05,0.0009997772483590914,-1.359237320439813e-05
2,5207.948328595417,0.0,0.0005206168863277232,0.03016149111684134,0.9997596447166583,-0.01412384112826505,0.9979712047358695,-0.006985755855642164,0.0,0.0,0.0006041079453789067,0.03538353771976065,1.0,0.0,9.997616729361685,-0.1409704737888942,0.0,0.0,-0.0004995484491269186,2.346237612954084e-05,-1.233155611807223e-10,-2.98069591447176e-08,-3.020545767970915e-07,-1.769180424341804e-05,0.0,0.0,-3.020539726894534e-07,-1.769176885988032e-05,0.000999761898293892,-1.409407029562547e-05,5.599866477822642e-07,3.271300217154553e-05,-0.0005001107988585884,-9.310138630523948e-06,2.996776840017481e-07,1.763222645163375e-05,-2.603084431638616e-07,-1.508074555842067e-05,0.0009997596447166583,-1.412384112826505e-05
2,5411.695265464588,0.0,0.0005625362226805734,0.03134074245851778,0.9997406375722026,-0.01467606507310817,0.9979618052393315,-0.007258889914738728,0.0,0.0,0.0006518858039674669,0.03676698551304692,1.0,0.0,9.99742827471531,-0.146482259301307,0.0,0.0,-0.0004995165173218297,2.437971826858062e-05,-1.330694116351015e-10,-3.09728639407334e-08,-3.259435538698881e-07,-1.838352952350897e-05,0.0,0.0,-3.259429019837334e-07,-1.838349275652346e-05,0.0009997430707936786,-1.464513269202209e-05,6.046459368583377e-07,3.399202684848351e-05,-0.000500123715651335,-9.674146072329026e-06,3.233772629816638e-07,1.832162427848216e-05,-2.812681113402867e-07,-1.567037122925889e-05,0.0009997406375722025,-1.467606507310817e-05
2,5623.413251903441,0.0,0.0006077975411242728,0.03256603910219009,0.9997201150989985,-0.01524985264480911,0.997951656375765,-0.007542689507087375,0.0,0.0,0.0007034727124697326,0.03820445479832289,1.0,0.0,9.997224795679209,-0.1522092755635705,0.0,0.0,-0.0004994820397804522,2.533288063648245e-05,-1.436007567044703e-10,-3.218435574765598e-08,-3.51737059708163e-07,-1.910226560361624e-05,0.0,0.0,-3.517363562348663e-07,-1.910222739916144e-05,0.00099972274228669,-1.521771365764016e-05,6.528656496180035e-07,3.532099437783378e-05,-0.0005001376622240095,-1.005236668278568e-05,3.489662712583261e-07,1.903794226069964e-05,-3.038987705621364e-07,-1.628301955109504e-05,0.0009997201150989984,-1.524985264480911e-05
2,5843.414133735124,0.0,0.00065666709398492,0.03383917150601193,0.9996979565721854,-0.01584604250629016,0.9979406984437805,-0.00783756944214817,0.0,0.0,0.0007591721344120117,0.03969804656321774,1.0,0.0,9.997005095273927,-0.1581598937623535,0.0,0.0,-0.0004994448136869112,2.632325627443914e-05,-1.549715182699134e-10,-3.344321488005675e-08,-3.795868263787864e-07,-1.984906297965543e-05,0.0,0.0,-3.795860672060059e-07,-1.984902328160887e-05,0.0009997007931890824,-1.581265013956259e-05,7.049294416229986e-07,3.670184699022529e-05,-0.0005001527206184297,-1.04453531436146e-05,3.765952379634207e-07,1.978222739804781e-05,-3.2833354699246e-07,-1.691958575300597e-05,0.0009996979565721855,-1.584604250629016e-05
2,6072.021956909831,0.0,0.0007094323150928891,0.03516199884182868,0.999674031662703,-0.01646550552698484,0.997928866992479,-0.00814396045903384,0.0,0.0,0.0008193116752002183,0.04124994247276503,1.0,0.0,9.996767881294952,-0.1643428065967461,0.0,0.0,-0.0004994046200895719,2.735229170769404e-05,-1.672485409854888e-10,-3.475129091813452e-08,-4.096566569119902e-07,-2.062501248632499e-05,0.0,0.0,-4.096558376001091e-07,-2.062497123638252e-05,0.0009996770944035833,-1.643081122997347e-05,7.611435344691711e-07,3.813660148130868e-05,-0.0005001689794025266,-1.085367934802739e-05,4.064266674904917e-07,2.055556689839549e-05,-3.547161575464446e-07,-1.758099942091434e-05,0.000999674031662703,-1.646550552698484e-05
2,6309.573444801876,0.0,0.0007664034997803687,0.03653645152111379,0.9996481996755309,-0.01710914596930897,0.9979160924447399,-0.008462309813356305,0.0,0.0,0.0008842449969259647,0.04286240784087539,1.0,0.0,9.996511758759931,-0.1707670401276132,0.0,0.0,-0.0004993612226225075,2.842148891441486e-05,-1.80503982167112e-10,-3.611050537075246e-08,-4.42123382707983e-07,-2.143124678284553e-05,0.0,0.0,-4.421224984629823e-07,-2.143120392043769e-05,0.0009996515065649333,-1.70730993509227e-05,8.218385056166831e-07,3.962735195609693e-05,-0.000500186534189373,-1.127794118058016e-05,4.386359893235195e-07,2.135908965908851e-05,-3.832017498901843e-07,-1.826822576055689e-05,0.0009996481996755308,-1.710914596930897e-05
2,6556.418494179729,0.0,0.0008279156173075174,0.03796453379999996,0.9996203087278902,-0.01777790271261351,0.9979022996908239,-0.008793081882613095,0.0,0.0,0.0009543538841159105,0.04453779469559793,1.0,0.0,9.996235221760571,-0.1774419660019251,0.0,0.0,-0.0004993143661251587,2.953240735654311e-05,-1.948157323169211e-10,-3.752285443697054e-08,-4.771778964119593e-07,-2.226894188559366e-05,0.0,0.0,-4.771769420579552e-07,-2.226889734779896e-05,0.0009996238792258536,-1.774045147659018e-05,8.87371219285606e-07,4.117627265966713e-05,-0.0005002054881948492,-1.171875732143904e-05,4.734125827160381e-07,2.219396779513336e-05,-4.139578086537587e-07,-1.898226689999998e-05,0.0009996203087278902,-1.777790271261351e-05
2,6812.920690579551,0.0,0.0008943302659908379,0.03944832646410859,0.9995901948627359,-0.01847275051500243,0.9978874076499719,-0.009136758790303333,0.0,0.0,0.00103005047212168,0.04627854493911739,1.0,0.0,9.995936644672993,-0.1843773140559984,0.0,0.0,-0.0004992637751505269,3.068666607329226e-05,-2.102678686496719e-10,-3.899041186924021e-08,-5.150262661111988e-07,-2.313931874810364e-05,0.0,0.0,-5.150252360608398e-07,-2.31392724695587e-05,0.0009995940499789176,-1.843384039344399e-05,9.581269093861465e-07,4.27856208950567e-05,-0.0005002259528393838,-1.217677007532038e-05,5.109608820612685e-07,2.306141821467596e-05,-4.47165132995419e-07,-1.97241632320543e-05,0.000999590194862736,-1.847275051500243e-05
2,7079.457843841315,0.0,0.0009660377820899946,0.0409899895936208,0.9995576810925233,-0.0191947013132838,0.9978713287975248,-0.009493841048906096,0.0,0.0,0.001111779650782907,0.04808719360314357,1.0,0.0,9.995614272676688,-0.1915831853004402,0.0,0.0,-0.0004992091523625675,3.188594583764491e-05,-2.269511441637171e-10,-4.051533194146463e-08,-5.558909371709216e-07,-2.404364488876539e-05,0.0,0.0,-5.558898253914535e-07,-2.404359680157178e-05,0.0009995618435093517,-1.915427599857293e-05,1.034521426280905e-06,4.445774002891304e-05,-0.0005002480483997651,-1.265264622520544e-05,5.515015691979743e-07,2.396270424211306e-05,-4.830188910449973e-07,-2.04949947968104e-05,0.0009995576810925234,-1.91947013132838e-05
2,7356.422544596346,0.0,0.001043459514412812,0.0425917654087276,0.9995225763678444,-0.01994480556118619,0.997853968654889,-0.009864848221786699,0.0,0.0,0.001200021656942774,0.04996637220000679,1.0,0.0,9.995266211528671,-0.199070065288251,0.0,0.0,-0.0004991501768002449,3.313199137608934e-05,-2.449635149870536e-10,-4.209985252516218e-08,-6.00012028493618e-07,-2.49832360663756e-05,0.0,0.0,-6.000108284713867e-07,-2.49831861000034e-05,0.0009995270705734252,-1.990280663634054e-05,1.117003660063014e-06,4.619506258513398e-05,-0.0005002719047073612,-1.31470779108963e-05,5.952728593976548e-07,2.489913728900477e-05,-5.217297572064059e-07,-2.12958827043638e-05,0.0009995225763678444,-1.994480556118619e-05
2,7644.222742525932,0.0,0.001127050277362981,0.04425598119524204,0.9994846744651403,-0.02072415360581432,0.9978352252394831,-0.01025031960401811,0.0,0.0,0.001295294870391039,0.05191881216937513,1.0,0.0,9.99489041653517,-0.2068488378659699,0.0,0.0,-0.0004990865020108037,3.442661365143235e-05,-2.644107089294709e-10,-4.374629827699356e-08,-6.476487304907522e-07,-2.595945800349972e-05,0.0,0.0,-6.476474351955197e-07,-2.595940608468756e-05,0.00099948952689667,-2.068052047335062e-05,1.206058153982226e-06,4.800011342636124e-05,-0.0005002976619071786,-1.366078353235399e-05,6.425318882505539e-07,2.587207857275903e-05,-5.635251386814904e-07,-2.212799059762102e-05,0.0009994846744651403,-2.072415360581432e-05
2,7943.282347242741,0.0,0.001217300996239763,0.04598505230974178,0.9994437527872491,-0.02153387710213342,0.9978149884715782,-0.01065081492201369,0.0,0.0,0.001398158828881613,0.05394734842004466,1.0,0.0,9.994484680659145,-0.2149307993059321,0.0,0.0,-0.0004990177540338259,3.577169220837263e-05,-2.854068383854075e-10,-4.545708394092262e-08,-6.990808125998866e-07,-2.697372815737075e-05,0.0,0.0,-6.990794144408064e-07,-2.697367421002233e-05,0.0009994489919857663,-2.148854691153319e-05,1.302207922664344e-06,4.987551302275281e-05,-0.0005003254712697691,-1.419450867759173e-05,6.935562072433327e-07,2.688294088282962e-05,-6.086504981198814e-07,-2.299252615487089e-05,0.000999443752787249,-2.153387710213342e-05
2,8254.041852680108,0.0,0.001314741559507842,0.04778148526313541,0.9993995710700935,-0.02237515046505925,0.997793139534726,-0.01106691505176213,0.0,0.0,0.001509217479123137,0.05605492296571894,1.0,0.0,9.994046621697185,-0.2233276728156015,0.0,0.0,-0.0004989435292288569,3.716917758100555e-05,-3.080750609595026e-10,-4.723471776828039e-08,-7.546102487790309e-07,-2.802751753778243e-05,0.0,0.0,-7.546087395615686e-07,-2.802746148285947e-05,0.0009994052278474547,-2.232805803894914e-05,1.406017490851476e-06,5.1823980806957e-05,-0.0005003554960727463,-1.474902707484897e-05,7.486453963562467e-07,2.793319039390404e-05,-6.573707797539212e-07,-2.389074263156771e-05,0.0009993995710700935,-2.237515046505925e-05
2,8576.958985908861,0.0,0.001419943893914128,0.04964788088099588,0.9993518699883405,-0.02324919235848477,0.9977695501862212,-0.01149922275533412,0.0,0.0,0.001629122681690021,0.05824458865307428,1.0,0.0,9.99357366845469,-0.2320516234175088,0.0,0.0,-0.0004988633919327246,3.862109376114378e-05,-3.325482914284802e-10,-4.908180505898073e-08,-8.145629699678237e-07,-2.912235257112578e-05,0.0,0.0,-8.145613408450103e-07,-2.912229432653714e-05,0.0009993579776073724,-2.320027011766933e-05,1.518096169544713e-06,5.38483386136302e-05,-0.0005003879125460298,-1.532514156846708e-05,8.081228026438402e-07,2.902434852525138e-05,-7.099719469570642e-07,-2.482394044049794e-05,0.0009993518699883406,-2.324919235848478e-05
2,8912.509381337371,0.0,0.001533525279417158,0.05158693753837399,0.9993003696522953,-0.02415726722029169,0.9977440820137792,-0.01194836343519009,0.0,0.0,0.001758577989351195,0.06051951297969743,1.0,0.0,9.993063045842671,-0.2411152731905341,0.0,0.0,-0.0004987768719345587,4.01295407257609e-05,-3.589699689094456e-10,-5.100105182710662e-08,-8.792907532540879e-07,-3.025981700936169e-05,0.0,0.0,-8.792889946755978e-07,-3.025975648984872e-05,0.0009993069640211528,-2.410644510780472e-05,1.639101587660601e-06,5.595151420117217e-05,-0.0005004229108959146,-1.59236851178246e-05,8.723374144262868e-07,3.015799384504763e-05,-7.66762639708579e-07,-2.5793468769187e-05,0.0009993003696522954,-2.415726722029169e-05
2,9261.187281287846,0.0,0.001656151922198843,0.05360145446608332,0.9992447679877938,-0.02510068682207238,0.9977165856343537,-0.01241498590565918,0.0,0.0,0.001898342719497847,0.0628829819986681,1.0,0.0,9.992511758814485,-0.2505317168600725,0.0,0.0,-0.0004986834617539682,4.169669702137717e-05,-3.874948833762387e-10,-5.299526859401955e-08,-9.491732580924167e-07,-3.144155388231604e-05,0.0,0.0,-9.491713597489238e-07,-3.144149099933405e-05,0.0009992518878696325,-2.504789222644446e-05,1.769743498621479e-06,5.813654485259024e-05,-0.0005004606964030822,-1.654552181837646e-05,9.416658813699315e-07,3.133576401809412e-05,-8.280759610994216e-07,-2.680072723304166e-05,0.0009992447679877938,-2.510068682207238e-05
2,9623.506263980795,0.0,0.001788542805243554,0.05569433512462373,0.9991847389902128,-0.02608081186191667,0.9976868998307026,-0.01289976318077583,0.0,0.0,0.002049236343003358,0.06533840430562653,1.0,0.0,9.991916575054445,-0.2603145377209541,0.0,0.0,-0.000498582613707943,4.332482240262427e-05,-4.182900659529075e-10,-5.506737431207585e-08,-1.024620220738435e-06,-3.266926749121756e-05,0.0,0.0,-1.024618171501679e-06,-3.266920215281326e-05,0.0009991924262293592,-2.602596953989305e-05,1.91078788269052e-06,6.040658105152882e-05,-0.00050050149061176,-1.719154794359475e-05,1.016514691525979e-06,3.255935779488184e-05,-8.942714026217769e-07,-2.784716756231186e-05,0.0009991847389902127,-2.608081186191667e-05
2,9999.999999999904,0.0,0.001931473837449025,0.05786859064097036,0.9991199308431292,-0.02709905358819667,0.9976548506210181,-0.01340339327745215,0.0,0.0,0.002212143213299989,0.0678893151031061,1.0,0.0,9.991274006324433,-0.2704778238728197,0.0,0.0,-0.0004984737367499381,4.50162605213078e-05,-4.515357477163038e-10,-5.722040042191593e-08,-1.106073818793616e-06,-3.394472544086812e-05,0.0,0.0,-1.106071606649994e-06,-3.394465755155305e-05,0.0009991282306090338,-2.704208558718034e-05,2.063061367338124e-06,6.276489022850575e-05,-0.0005005455326066999,-1.786269300646341e-05,1.09732251713958e-06,3.383053703942991e-05,-9.657369187245124e-07,-2.893429532048518e-05,0.0009991199308431293,-2.709905358819667e-05
2,10391.22303835159,0.0,0.00208578232361741,0.06012734330238856,0.9990499638914667,-0.02815687545180216,0.9976202502565974,-0.01392660003272658,0.0,0.0,0.002388017661236752,0.070539380335702,1.0,0.0,9.99058028836778,-0.2810361847428946,0.0,0.0,-0.0004983561930649305,4.677344166181992e-05,-4.874263920591173e-10,-5.945749504616366e-08,-1.194011218636782e-06,-3.526976070723133e-05,0.0,0.0,-1.194008830618376e-06,-3.5269690167851e-05,0.0009990589249418127,-2.80977010323436e-05,2.227455989489769e-06,6.52148605712642e-05,-0.0005005930803904102,-1.855992083855777e-05,1.184562741898204e-06,3.515112879272661e-05,-1.042891161808705e-06,-3.006367165119428e-05,0.0009990499638914668,-2.815687545180216e-05
2,10797.75162327699,0.0,0.00225237177928986,0.06247383010021715,0.998974428458275,-0.02925579478373327,0.9975828961421889,-0.0144701339335594,0.0,0.0,0.002577889483003304,0.0732924008882727,1.0,0.0,9.989831359262745,-0.2920047678656972,0.0,0.0,-0.0004982292944021305,4.859888551752081e-05,-5.261718059993402e-10,-6.178192732219245e-08,-1.288947319391415e-06,-3.664627373653723e-05,0.0,0.0,-1.288944741501652e-06,-3.664620044413635e-05,0.0009989841034227188,-2.919433034244044e-05,2.404934325158461e-06,6.776000489186087e-05,-0.0005006444123680787,-1.928423068464462e-05,1.278746183142161e-06,3.65230273679222e-05,-1.12618588964493e-06,-3.123691505010857e-05,0.000998974428458275,-2.925579478373327e-05
2,11220.18454301952,0.0,0.002432217115974075,0.06491140631519542,0.9988928824935548,-0.03039738449433896,0.9975425696732771,-0.01503477295733992,0.0,0.0,0.002782869850213032,0.07615231683781801,1.0,0.0,9.98902283611076,-0.3033992758831032,0.0,0.0,-0.0004980922981245861,5.049520400177664e-05,-5.67998336173284e-10,-6.419709187640799e-08,-1.391437707976219e-06,-3.807623457122583e-05,0.0,0.0,-1.391434925106516e-06,-3.807615841890901e-05,0.0009989033281796894,-3.033354348764048e-05,2.596535013709396e-06,7.040396454165492e-05,-0.0005006998289444065,-2.003665831027367e-05,1.380424023505641e-06,3.794819647265092e-05,-1.216108557987037e-06,-3.245570315759771e-05,0.0009988928824935547,-3.039738449433896e-05
2,11659.1440117982,0.0,0.002626370224088039,0.06744354913434583,0.9988048490427361,-0.0315832747897886,0.9974990349841835,-0.01562132342092359,0.0,0.0,0.003004157673335506,0.07912321174791194,1.0,0.0,9.988149989936538,-0.3152359837212363,0.0,0.0,-0.0004979444029562519,5.246510408630362e-05,-6.131501556146193e-10,-6.670651344223611e-08,-1.502081840825459e-06,-3.956168499716772e-05,0.0,0.0,-1.502078836667753e-06,-3.956160587395597e-05,0.000998816126765978,-3.151696765904975e-05,2.803378705840584e-06,7.315051336370872e-05,-0.0005007596542437875,-2.081827711906958e-05,1.49019096742607e-06,3.942867135298667e-05,-1.31318511204402e-06,-3.372177456717292e-05,0.0009988048490427361,-3.158327478978861e-05
2,12115.27658628577,0.0,0.002835965982702241,0.07007386128767293,0.9987098135216192,-0.03281515490057309,0.9974520376004565,-0.01623062083562576,0.0,0.0,0.00324304645161444,0.08220931699258084,1.0,0.0,9.987207718669266,-0.3275317558928277,0.0,0.0,-0.000497784744404095,5.451139065778057e-05,-6.618906478022194e-10,-6.931385162369876e-08,-1.621526468853869e-06,-4.110474070560742e-05,0.0,0.0,-1.62152322580722e-06,-4.110465849629042e-05,0.0009987219894608496,-3.27462889991394e-05,3.026674466291158e-06,7.600356167024781e-05,-0.0005008242379623828,-2.163019927639565e-05,1.608688638974215e-06,4.096656095255005e-05,-1.41798299135112e-06,-3.503693064383646e-05,0.0009987098135216192,-3.28151549005731e-05
2,12589.25411794155,0.0,0.003062228727101369,0.07280607469095324,0.9986072207837172,-0.03409477481593769,0.9974013029886041,-0.01686353076515737,0.0,0.0,0.003500931644829564,0.08541501609426622,1.0,0.0,9.986190518065477,-0.3403040638648281,0.0,0.0,-0.0004976123898318141,5.663696938269097e-05,-7.145038948524451e-10,-7.202290580609286e-08,-1.75046932334664e-06,-4.27075934621492e-05,0.0,0.0,-1.750465822414782e-06,-4.270750804713311e-05,0.0009986203663646402,-3.40232543387656e-05,3.267726664307174e-06,7.896716023072232e-05,-0.0005008939573614146,-2.247357683493253e-05,1.736609238528368e-06,4.256405007917104e-05,-1.531114363550684e-06,-3.640303734547662e-05,0.0009986072207837171,-3.40947748159377e-05
2,13081.77474260181,0.0,0.003306479207114523,0.07564405407866025,0.9984964719650419,-0.0354239470171425,0.99734653499576,-0.01752094968298924,0.0,0.0,0.00377931860447589,0.08874484905798413,1.0,0.0,9.985092450425272,-0.3535710034210884,0.0,0.0,-0.0004974263331586348,5.884484956813693e-05,-7.712962771359678e-10,-7.483762021486203e-08,-1.889663081556711e-06,-4.43725132738411e-05,0.0,0.0,-1.889659302237945e-06,-4.437242452899207e-05,0.000998510664273359,-3.534967293377177e-05,3.527942386999933e-06,8.204550425363968e-05,-0.0005009692194107851,-2.334960285736015e-05,1.874699476963659e-06,4.422340157025549e-05,-1.653239603557261e-06,-3.782202703933012e-05,0.000998496471965042,-3.54239470171425e-05
2,13593.56390878512,0.0,0.003570142071283425,0.07859180060855538,0.9983769210904538,-0.03680454820131321,0.9972874141714427,-0.01820380582507211,0.0,0.0,0.004079831104310649,0.09220351668093962,1.0,0.0,9.983907110944468,-0.3673513119386995,0.0,0.0,-0.000497225489158204,6.113814700484804e-05,-8.325981920122113e-10,-7.776208912324285e-08,-2.039919631986662e-06,-4.610185054398646e-05,0.0,0.0,-2.039915552155325e-06,-4.610175834046981e-05,0.0009983922433171126,-3.672741819304293e-05,3.808839412919471e-06,8.524293734267124e-05,-0.0005010504630952317,-2.425951253048203e-05,2.023764807135548e-06,4.594695844659294e-05,-1.785071035641713e-06,-3.929590030427769e-05,0.000998376921090454,-3.680454820131321e-05
2,14125.3754462274,0.0,0.003854753913964441,0.0816534554166535,0.9982478714247217,-0.03823852098637143,0.9972235959630624,-0.0189130600332094,0.0,0.0,0.004404220512601142,0.095795884813655,1.0,0.0,9.982627591535566,-0.3816643854839676,0.0,0.0,-0.0004970086873282709,6.352008677622256e-05,-8.987658997938651e-10,-8.080056220869532e-08,-2.202114660520848e-06,-4.789803820271232e-05,0.0,0.0,-2.202110256300571e-06,-4.78979424068275e-05,0.0009982644133456494,-3.81584293886218e-05,4.112054785428775e-06,8.856395540453616e-05,-0.0005011381618940103,-2.520458426421082e-05,2.184673973692808e-06,4.773714604275401e-05,-1.92737695698222e-06,-4.082672770832676e-05,0.0009982478714247217,-3.823852098637143e-05
2,14677.99267622055,0.0,0.004161971924754659,0.08483330309810466,0.9981085715504504,-0.0397278755861039,0.9971547087763626,-0.01964970658367265,0.0,0.0,0.004754375650949605,0.09952698854507373,1.0,0.0,9.981246441940614,-0.3965302956198303,0.0,0.0,-0.0004967746653032901,6.599400601509445e-05,-9.701835054750327e-10,-8.395745005744205e-08,-2.377192579851039e-06,-4.97635937995254e-05,0.0,0.0,-2.377187825474803e-06,-4.976349427253686e-05,0.0009981264300433516,-3.964471333708071e-05,4.439354027792562e-06,9.20132104828002e-05,-0.0005012328264468735,-2.618614076781503e-05,2.358363903443552e-06,4.959647410044479e-05,-2.080985962377329e-06,-4.241665154905233e-05,0.0009981085715504504,-3.972787558610391e-05
2,15252.22956539003,0.0,0.00449358318177882,0.08813577508598673,0.9979582111540267,-0.04127469144282914,0.9970803518914653,-0.02041477399485789,0.0,0.0,0.005132333387068755,0.1034020362800758,1.0,0.0,9.979755627949078,-0.4119698058006637,0.0,0.0,-0.0004965220617724198,6.856335658680587e-05,-1.047265085175467e-09,-8.723732981568011e-08,-2.566171825867374e-06,-5.170112154207417e-05,0.0,0.0,-2.566166693534377e-06,-5.170101814003788e-05,0.0009979774907550058,-4.118834603975939e-05,4.792641044275773e-06,9.559551448795721e-05,-0.000501335007416448,-2.720555009497541e-05,2.545844959802941e-06,5.152753880918876e-05,-2.24679159088941e-06,-4.406788754299337e-05,0.0009979582111540267,-4.127469144282915e-05
2,15848.93192461097,0.0,0.004851514632699831,0.09156545289602999,0.9977959164996986,-0.04288111880332585,0.9970000932246932,-0.02120932580689435,0.0,0.0,0.005540290011461835,0.107426413673331,1.0,0.0,9.978146486523586,-0.4280043872126516,0.0,0.0,-0.0004962494088790459,7.123170767470849e-05,-1.130456966663136e-09,-9.064495098513498e-08,-2.770150546021789e-06,-5.371331426307917e-05,0.0,0.0,-2.770145005730917e-06,-5.37132068366655e-05,0.0009978167300026541,-4.279147426770287e-05,5.173968753963781e-06,9.931584278993895e-05,-0.0005014452985644402,-2.826422664758965e-05,2.748206586099117e-06,5.353302477647107e-05,-2.425757316349916e-06,-4.5782726448015e-05,0.0009977959164996985,-4.288111880332584e-05
2,16468.97865482852,0.0,0.005237843809532888,0.09512707120085828,0.997620745570865,-0.04454938022168258,0.9969134669258175,-0.0220344613251247,0.0,0.0,0.005980613450670802,0.1116056873783731,1.0,0.0,9.976409677626073,-0.4446562338980175,0.0,0.0,-0.0004959551240559801,7.400274824027539e-05,-1.220240173712044e-09,-9.418524135962718e-08,-2.990312705949014e-06,-5.580295529487395e-05,0.0,0.0,-2.990306725335401e-06,-5.580284368918657e-05,0.000997643214672801,-4.445631707514832e-05,5.585550506447865e-06,0.0001031793376344804,-0.0005015643400537728,-2.936363212732718e-05,2.966623363837652e-06,5.56157069069801e-05,-2.618921904766444e-06,-4.756353560042914e-05,0.000997620745570865,-4.454938022168259e-05
2,17113.28304161763,0.0,0.005654810325685258,0.09882552069237566,0.9974316828566304,-0.04628177197049059,0.9968199707998798,-0.02289131631827035,0.0,0.0,0.006455856372152624,0.1159456085651528,1.0,0.0,9.974535132526725,-0.4619482769792548,0.0,0.0,-0.0004956375012690195,7.688028932664737e-05,-1.317133044421669e-09,-9.786331309816482e-08,-3.227934641933092e-06,-5.797292022818493e-05,0.0,0.0,-3.227928186076312e-06,-5.797280428257638e-05,0.0009974559388522327,-4.618516722319602e-05,6.029772330939385e-06,0.0001071913113395007,-0.0005016928219900851,-3.050527642202081e-05,3.202361513286152e-06,5.777845216779221e-05,-2.827405162842629e-06,-4.941276034618783e-05,0.0009974316828566304,-4.628177197049059e-05
2,17782.79410038904,0.0,0.00610482820585638,0.1026658506854055,0.997227633760667,-0.04808066533930622,0.9967190635422397,-0.02378106366086078,0.0,0.0,0.006968770238619193,0.1204521161530515,1.0,0.0,9.972511998368134,-0.4799041977747552,0.0,0.0,-0.0004952947016230169,7.986826617004811e-05,-1.421694033958803e-09,-1.016844689287769e-07,-3.484392088079691e-06,-6.02261785286419e-05,0.0,0.0,-3.484385119309596e-06,-6.022605807652578e-05,0.0009972538182897186,-4.798039249282767e-05,6.509206072750783e-06,0.000111357249221788,-0.0005018314882224706,-3.1690718412615e-05,3.456785864994667e-06,6.002422121323457e-05,-3.05241410292819e-06,-5.133292534270277e-05,0.000997227633760667,-4.808066533930623e-05
2,18478.49797422272,0.0,0.006590499101491204,0.1066532714095442,0.9970074186084422,-0.04994850779653195,0.9966101617749991,-0.02470491390813247,0.0,0.0,0.007522320371893265,0.1251313396993585,1.0,0.0,9.97032857874726,-0.4985484395697156,0.0,0.0,-0.0004949247432951553,8.297074007895464e-05,-1.534524712469153e-09,-1.056542084758475e-07,-3.761167708267268e-06,-6.256579498101894e-05,0.0,0.0,-3.761160185946633e-06,-6.256566984967926e-05,0.0009970356844598686,-4.984443686368708e-05,7.026623473371629e-06,0.0001156828121977418,-0.0005019811404143315,-3.292156668412496e-05,3.731367332127517e-06,6.235606983969826e-05,-3.295249550745602e-06,-5.332663570477212e-05,0.0009970074186084422,-4.994850779653195e-05
2,19201.41938638781,0.0,0.007114626446634596,0.1107931559293588,0.9967697662279593,-0.05188782398777634,0.9964926368725197,-0.0256641157900756,0.0,0.0,0.008119702088846381,0.1299896018754415,1.0,0.0,9.96797227006877,-0.5179062177755904,0.0,0.0,-0.0004945254907506857,8.619190003551769e-05,-1.656272969129159e-09,-1.097782347020396e-07,-4.059859164125915e-06,-6.499493092732261e-05,0.0,0.0,-4.059851044423191e-06,-6.499480093772074e-05,0.0009968002782045347,-5.177982153197934e-05,7.585011252523786e-06,0.0001201738389946589,-0.0005021426424066666,-3.419948012243698e-05,4.027690914580394e-06,6.47771502368236e-05,-3.557313223317298e-06,-5.539657796467941e-05,0.0009967697662279593,-5.188782398777634e-05
2,19952.62314968858,0.0,0.007680230610803796,0.115091041625478,0.996513307078325,-0.05390121654032901,0.9963658115633318,-0.02665995660961365,0.0,0.0,0.008764357973943149,0.1350334204542377,1.0,0.0,9.96542949341512,-0.5380035281774229,0.0,0.0,-0.0004940946432000493,8.953606396816874e-05,-1.787636433449527e-09,-1.140624604540515e-07,-4.382187751329812e-06,-6.751684526053932e-05,0.0,0.0,-4.382178986971575e-06,-6.751671022711888e-05,0.0009965462429263106,-5.378914573745488e-05,8.187587252543741e-06,0.0001248363479009917,-0.000502316924886892,-3.552616837596348e-05,4.347464266911162e-06,6.729071199721114e-05,-3.840115305401898e-06,-5.754552081273898e-05,0.000996513307078325,-5.390121654032901e-05
2,20733.21573485933,0.0,0.008290565107068965,0.1195526311607305,0.99623656589972,-0.05599136663958779,0.9962289562953638,-0.02769376252802178,0.0,0.0,0.009459996354816091,0.1402695097231376,1.0,0.0,9.96268562167134,-0.5588671529307371,0.0,0.0,-0.0004936297222507546,9.300767963787634e-05,-1.929366124981443e-09,-1.185130150993697e-07,-4.730007637403919e-06,-7.013489513107853e-05,0.0,0.0,-4.729998177408046e-06,-7.013475486156882e-05,0.000996272117307958,-5.587508736568325e-05,8.83781770714061e-06,0.000129676537975071,-0.000502504990382846,-3.690339215890737e-05,4.692526863041417e-06,6.990010284207464e-05,-4.145282553534483e-06,-5.977631558036524e-05,0.00099623656589972,-5.599136663958779e-05
2,21544.3469003186,0.0,0.008949133914843563,0.1241837928462,0.9959379538577925,-0.05816103433907804,0.9960812853511478,-0.02876689871861483,0.0,0.0,0.01021061104868259,0.1457047812257815,1.0,0.0,9.959724901637026,-0.5805246639280724,0.0,0.0,-0.0004931280587107123,9.661132507346806e-05,-2.082270342486675e-09,-1.231362512388595e-07,-5.105315734952692e-06,-7.285253631767197e-05,0.0,0.0,-5.105305524341297e-06,-7.285239061289075e-05,0.000995976327531026,-5.804040328766605e-05,9.53943569793293e-06,0.000134700789621914,-0.0005027079186008532,-3.833296336987202e-05,5.064859791376853e-06,7.26087690150211e-05,-4.474566957421782e-06,-6.209189642310001e-05,0.0009959379538577926,-5.816103433907804e-05
2,22387.21138568315,0.0,0.009659709977726562,0.1289905603118104,0.9956157601550689,-0.06041305856106904,0.9959219526994573,-0.02988076936744354,0.0,0.0,0.0110205024485337,0.1513463437246365,1.0,0.0,9.956530370853857,-0.603004423109309,0.0,0.0,-0.0004925867784977278,0.0001003517084836314,-2.247218803384719e-09,-1.279387514774553e-07,-5.510262244769785e-06,-7.567332320866195e-05,0.0,0.0,-5.510251224266849e-06,-7.567317186231826e-05,0.000995657178966532,-6.028792939424889e-05,1.029646086307622e-05,0.0001399156644368299,-0.0005029268721270519,-3.981674499643414e-05,5.466596214502829e-06,7.542025529036438e-05,-4.829854988863281e-06,-6.44952801559052e-05,0.000995615760155069,-6.041305856106905e-05
2,23263.05067153601,0.0,0.01042635493704882,0.1339791313747763,0.9952681430818864,-0.06275035673968667,0.9957500475697703,-0.03103681749721248,0.0,0.0,0.01189430001813996,0.1572015022633845,1.0,0.0,9.95308376887594,-0.6263355792393176,0.0,0.0,-0.0004920027876035293,0.0001042336675645336,-2.425147043851591e-09,-1.329273352323289e-07,-5.94716190337001e-06,-7.860090833319448e-05,0.0,0.0,-5.947150009069979e-06,-7.860075113169224e-05,0.0009953128473104505,-6.262058027773677e-05,1.11132204226402e-05,0.0001453279042025317,-0.0005031631025057548,-4.135665077294876e-05,5.90003252776079e-06,7.833820453601225e-05,-5.213177468524409e-06,-6.698956568738816e-05,0.0009952681430818865,-6.275035673968667e-05
2,24173.15480804078,0.0,0.01125344016142002,0.1391558659868386,0.9948931204794262,-0.0651759240528094,0.9955645897360023,-0.03223652458785823,0.0,0.0,0.0128369862648503,0.1632777561940419,1.0,0.0,9.949365442711128,-0.650548060620848,0.0,0.0,-0.0004913727560753589,0.0001082621681128965,-2.617061089271025e-09,-1.381090655547704e-07,-6.41850596941185e-06,-8.163904137477712e-05,0.0,0.0,-6.418493132425152e-06,-8.163887809702095e-05,0.000994941369136856,-6.504134850755985e-05,1.199437158504277e-05,0.000150944428913258,-0.000503417956722263,-4.295464455463666e-05,6.36764025089257e-06,8.13663567639728e-05,-5.62672008071001e-06,-6.957793299341929e-05,0.0009948931204794263,-6.517592405280941e-05
2,25118.86431509553,0.0,0.0121456691315044,0.1445272831276061,0.994488559588008,-0.06769283218288392,0.9953645244962375,-0.03348140996418425,0.0,0.0,0.01385392225766147,0.1695827960182683,1.0,0.0,9.945354246167266,-0.6756725631496087,0.0,0.0,-0.0004906931009611704,0.0001124423018434642,-2.824042403786889e-09,-1.434912559384719e-07,-6.926974982752803e-06,-8.479156759193017e-05,0.0,0.0,-6.926961128830733e-06,-8.479139800913416e-05,0.0009945406318421397,-6.75533034407472e-05,1.294492539763832e-05,0.0001567723336849412,-0.0005036928840993493,-4.461273936746252e-05,6.872078686216916e-06,8.450854759385504e-05,-6.072834565752198e-06,-7.226364156380304e-05,0.000994488559588008,-6.769283218288392e-05
2,26101.57215682508,0.0,0.01310810123700383,0.150100056496451,0.994052166254708,-0.07030422754006412,0.9951487173356253,-0.03477302991762004,0.0,0.0,0.01495087475567658,0.1761244988753969,1.0,0.0,9.941027432846049,-0.7017405330517449,0.0,0.0,-0.0004899599681796873,0.0001167792832990483,-3.047253126419679e-09,-1.490814770831017e-07,-7.475452328713583e-06,-8.806242556219727e-05,0.0,0.0,-7.47543737783829e-06,-8.806224943769843e-05,0.0009941083629545935,-7.015958950129786e-05,1.397027210230387e-05,0.0001628188843946299,-0.0005039894436301706,-4.633299608805541e-05,7.416208375701204e-06,8.776870604634792e-05,-6.554050618501915e-06,-7.50500282482255e-05,0.000994052166254708,-7.030422754006411e-05
2,27122.72579331998,0.0,0.01414617703967851,0.1558810088391876,0.9935814734759036,-0.07301332887374685,0.9949159482603831,-0.03611297652554683,0.0,0.0,0.01613404500838378,0.1829109224912853,1.0,0.0,9.936360542542715,-0.7287841435712764,0.0,0.0,-0.0004891692132747982,0.000121278445728637,-3.287941599526486e-09,-1.548875635777885e-07,-8.067038638236964e-06,-9.145564415656512e-05,0.0,0.0,-8.06702250419189e-06,-9.145546124564263e-05,0.0009936421187852014,-7.286342385528106e-05,1.50762080533561e-05,0.0001690915118751241,-0.0005043093117643727,-4.811752170333361e-05,8.003105387339566e-06,9.115085157452157e-05,-7.073088519839257e-06,-7.79405044195938e-05,0.0009935814734759036,-7.301332887374685e-05
2,28183.82931264423,0.0,0.01526574505138582,0.1618771047281452,0.9930738292524259,-0.07582342419059877,0.9946649057918668,-0.03750287612768614,0.0,0.0,0.01741009928375714,0.1899502973820343,1.0,0.0,9.931327280830223,-0.7568362647959591,0.0,0.0,-0.0004883163810126545,0.0001259452357957463,-3.547448193235488e-09,-1.609176204645709e-07,-8.705067051978386e-06,-9.497533864131453e-05,0.0,0.0,-8.70504964187857e-06,-9.497514869101716e-05,0.000993139272397533,-7.56680934005956e-05,1.626896425011517e-05,0.0001755978044720241,-0.0005046542906581575,-4.996846709405534e-05,8.636076458677297e-06,9.465909023084679e-05,-7.632872525692912e-06,-8.093855236407259e-05,0.000993073829252426,-7.582342419059878e-05
2,29286.44564625204,0.0,0.01647309006975209,0.1680954415951636,0.9925263837379403,-0.0787378668885416,0.9943941806111217,-0.0389443874147818,0.0,0.0,0.01878620117296403,0.1972510170849236,1.0,0.0,9.925899391635754,-0.7859304257245202,0.0,0.0,-0.0004873966837954935,0.0001307852069648979,-3.827211426784399e-09,-1.671800296368463e-07,-9.393119372683921e-06,-9.862570579347885e-05,0.0,0.0,-9.393100586482018e-06,-9.862550854246182e-05,0.0009925970008775348,-7.857695098177541e-05,1.755523652962757e-05,0.0001823454987500992,-0.0005050263169080749,-5.188802428038319e-05,9.318675021661886e-06,9.829760985707586e-05,-8.236545034876044e-06,-8.404772079758178e-05,0.0009925263837379404,-7.873786688854161e-05
2,30432.19887107688,0.0,0.01777496310580381,0.1745432387964668,0.9919360756649491,-0.08176007100684951,0.9941022588462006,-0.04043919908019981,0.0,0.0,0.02027004571086088,0.2048216261655067,1.0,0.0,9.9200465226548,-0.8161007675859014,0.0,0.0,-0.0004864049788583236,0.0001358040113978165,-4.128774384352086e-09,-1.736834560224268e-07,-1.013504312547596e-05,-0.0001024110179043795,0.0,0.0,-1.013502285543044e-05,-0.0001024108130827533,0.0009920122718877612,-8.159341073100578e-05,1.894221745614371e-05,0.0001893424681139855,-0.0005054274707722017,-5.387842306153745e-05,1.005471812827864e-05,0.0001020706741725133,-8.887481552901904e-06,-8.727161939823341e-05,0.0009919360756649493,-8.176007100684952e-05
2,31622.77660168344,0.0,0.01917861292700585,0.1812278244662801,0.9912996180376339,-0.08489350548252098,0.9937875149969135,-0.04198902698012975,0.0,0.0,0.02186989533938277,0.2126708057246846,1.0,0.0,9.913736083495932,-0.8473819873220989,0.0,0.0,-0.0004853357442369255,0.0001410073901752171,-4.453791418880451e-09,-1.804368534950222e-07,-1.093496953958756e-05,-0.000106335615533148,0.0,0.0,-1.093494766969139e-05,-0.0001063354028623423,0.0009913818294953667,-8.472094242661978e-05,2.043762993255091e-05,0.0001965967090847163,-0.0005058599858909218,-5.594192697444544e-05,1.08483042904354e-05,0.0001059826156237518,-9.589306463502927e-06,-9.061391223314005e-05,0.0009912996180376338,-8.489350548252098e-05
2,32859.93247600617,0.0,0.02069181922587467,0.1881566198924854,0.9906134830868752,-0.0881416872924164,0.993448204494705,-0.0435956107427942,0.0,0.0,0.02359461772558369,0.2208073561027523,1.0,0.0,9.90693309650998,-0.8798092700404179,0.0,0.0,-0.0004841830534946245,0.0001464011616407329,-4.804035132429666e-09,-1.87449470451703e-07,-1.17973324574098e-05,-0.0001104038988587322,0.0,0.0,-1.179730886279184e-05,-0.0001104036780513761,0.000990702179269234,-8.796306474977794e-05,2.204976254467342e-05,0.0002041163249485047,-0.000506326259507972,-5.808082848966778e-05,1.170383223991721e-05,0.0001100378268456421,-1.034590961293733e-05,-9.40783099462427e-05,0.0009906134830868752,-8.814168729241642e-05
2,34145.48873833563,0.0,0.02232292740763656,0.1953371211225704,0.9898738864902372,-0.09150817334932736,0.9930824558990352,-0.04526070976147226,0.0,0.0,0.02545372542723179,0.2292401764489396,1.0,0.0,9.899600040331293,-0.9134182091286895,0.0,0.0,-0.0004829405492190464,0.0001519912076459601,-5.181403615649862e-09,-1.947308549873077e-07,-1.272688816734151e-05,-0.0001146203174646462,0.0,0.0,-1.272686271361589e-05,-0.0001146200882244698,0.0009899695726490064,-9.132333730881802e-05,2.378750663170065e-05,0.000211909506467556,-0.000506828863191866,-6.029744335402099e-05,1.262602060495543e-05,0.0001142407505691497,-1.116146370381828e-05,-9.76685605612852e-05,0.0009898738864902372,-9.150817334932736e-05
2,35481.33892335714,0.0,0.02408088497028182,0.2027768774817648,0.9890767708689276,-0.09499655100820986,0.9926882627362077,-0.04698609850024174,0.0,0.0,0.02745741737586016,0.2379782407949666,1.0,0.0,9.891696686250077,-0.948244712608711,0.0,0.0,-0.000481601415298849,0.0001577834574542636,-5.587927921848949e-09,-2.022908595897458e-07,-1.372873614534751e-05,-0.0001189893583757241,0.0,0.0,-1.372870868793008e-05,-0.0001189891203974833,0.0009891799905979053,-9.480535128894459e-05,2.566039505447275e-05,0.0002199845093146289,-0.0005073705540465934,-6.259410398274518e-05,1.361992848844699e-05,0.000118595867796869,-1.204044248514091e-05,-0.0001013884387408824,0.0009890767708689277,-9.499655100820987e-05
2,36869.45064519533,0.0,0.02597527942579977,0.2104834666576804,0.9882177885847271,-0.09861042702633802,0.9922634749920093,-0.04877356103517496,0.0,0.0,0.02961662211939231,0.24703057023977,1.0,0.0,9.88317992764382,-0.9843248941794919,0.0,0.0,-0.0004801583480292804,0.0001637838690407567,-6.025779742715171e-09,-2.101396452729023e-07,-1.48083406763181e-05,-0.0001235155321504552,0.0,0.0,-1.480831105969615e-05,-0.000123515285119885,0.0009883291265621215,-9.841271857257265e-05,2.767864260735997e-05,0.0002283496278637237,-0.000507954286397494,-6.497315179403856e-05,1.46909769191809e-05,0.0001231076840514169,-1.298763971289989e-05,-0.0001052417333288402,0.000988217788584727,-9.861042702633802e-05
2,38311.86849557243,0.0,0.02801637768227676,0.2184644659772571,0.9872922838731566,-0.1023534148082266,0.9918057902761023,-0.05062488474733992,0.0,0.0,0.03194304273320281,0.2564062008201075,1.0,0.0,9.874003602827385,-1.021694947273952,0.0,0.0,-0.0004786035261033494,0.0001699984075040975,-6.497279242840503e-09,-2.182876850562787e-07,-1.597155330964462e-05,-0.0001282033568162545,0.0,0.0,-1.59715213666014e-05,-0.0001282031004100537,0.000987412368772692,-0.0001021490591628584,2.985318798838243e-05,0.0002370131649389246,-0.0005085832239291599,-6.743692837121729e-05,1.584497113086609e-05,0.00012778071348583,-1.400818884113838e-05,-0.0001092322329886286,0.0009872922838731566,-0.0001023534148082266
2,39810.71705534926,0.0,0.03021516677188112,0.2267274194726385,0.9862952743648238,-0.1062291197529722,0.9913127446838511,-0.05254185307743149,0.0,0.0,0.03444920326904199,0.2661141466085612,1.0,0.0,9.86411831183671,-1.060391000321867,0.0,0.0,-0.000476928579574265,0.0001764330202832023,-7.004902998581988e-09,-2.267457666928326e-07,-1.722463608372388e-05,-0.0001330573394184272,0.0,0.0,-1.7224601634521e-05,-0.0001330570733042806,0.0009864247819413208,-0.0001060179867298772,3.219573720533513e-05,0.000245983397092378,-0.0005092607522369508,-6.998776532782247e-05,1.708812360422844e-05,0.0001326194606286393,-1.510758338594056e-05,-0.0001133637097363193,0.0009862952743648237,-0.0001062291197529722
2,41368.20402388459,0.0,0.03258339576883165,0.2352798003032174,0.9852214320653303,-0.1102411225083603,0.9907817033903908,-0.05452623724527953,0.0,0.0,0.03714849656486319,0.2761633575470252,1.0,0.0,9.853471227843903,-1.100448951280004,0.0,0.0,-0.000475124557910267,0.0001830936088498408,-7.551291973287122e-09,-2.355249945388056e-07,-1.857428543092867e-05,-0.0001380819549368701,0.0,0.0,-1.857424828243159e-05,-0.0001380816787735126,0.0009853610884198415,-0.0001100230920857382,3.471880825225667e-05,0.0002552685349511182,-0.0005099904917453824,-7.2627972742767e-05,1.842707778444512e-05,0.0001376283995197092,-1.629169788441583e-05,-0.0001176399001516087,0.0009852214320653302,-0.0001102411225083603
2,42986.62347082227,0.0,0.03513361869397238,0.2441289680720519,0.9840650638857674,-0.1143929599229528,0.9902098510224453,-0.05657978683098521,0.0,0.0,0.04005523318428228,0.2865626714907397,1.0,0.0,9.842005904116176,-1.141904279360225,0.0,0.0,-0.0004731818972967816,0.0001899859965264067,-8.13925944525939e-09,-2.446367904517142e-07,-2.002765664737426e-05,-0.0001432816223080413,0.0,0.0,-2.002761659214114e-05,-0.0001432813357453699,0.00098421564891449,-0.0001141679243819192,3.743577683981238e-05,0.0002648766781415498,-0.000510776310932215,-7.535982602293462e-05,1.986893235920738e-05,0.000142811949976556,-1.756680934698619e-05,-0.0001220644840360259,0.0009840650638857674,-0.0001143929599229528
2,44668.35921509578,0.0,0.0378792381469174,0.2532821205468538,0.9828200918408512,-0.1186881034746943,0.9895941818657786,-0.05870421910816916,0.0,0.0,0.04318469119133272,0.2973207599060689,1.0,0.0,9.829662077679117,-1.184791831760649,0.0,0.0,-0.0004710903873797467,0.0001971158920555938,-8.7717987868198e-09,-2.540928935955295e-07,-2.159238878035773e-05,-0.0001486606772737944,0.0,0.0,-2.159234559566636e-05,-0.0001486603799530345,0.0009829824428709184,-0.0001184559698095506,4.036092290420051e-05,0.0002748157642706027,-0.0005116223397753639,-7.818555104272679e-05,2.142126595150338e-05,0.0001481744507150552,-1.89396190734587e-05,-0.0001266410602734269,0.0009828200918408512,-0.0001186881034746943
2,46415.88833612725,0.0,0.04083454934307218,0.2627462392696996,0.981480033060725,-0.1231299349427951,0.9889314899804942,-0.06090120701399002,0.0,0.0,0.04655316639352769,0.3084460666356063,1.0,0.0,9.81637547113208,-1.229145583088258,0.0,0.0,-0.0004688391376997392,0.00020448884853079,-9.452090972170928e-09,-2.639053590254249e-07,-2.327662974992991e-05,-0.0001542233417638699,0.0,0.0,-2.327658319676385e-05,-0.0001542230333178032,0.000981655048674595,-0.0001228906275717181,4.350947755117173e-05,0.0002850935114148565,-0.0005125329833269299,-8.110730740119865e-05,2.309216204508706e-05,0.0001537201290337675,-2.041727467153609e-05,-0.0001313731196348498,0.000981480033060725,-0.0001231299349427951
2,48231.7848223925,0.0,0.04401478415941151,0.2725280285165977,0.9800379797955843,-0.1277217190792383,0.9882183593127777,-0.06317236563544153,0.0,0.0,0.05017802260280835,0.319946739118006,1.0,0.0,9.802077594392001,-1.274998365058081,0.0,0.0,-0.0004664165441140011,0.0002121102172764899,-1.018351166824788e-08,-2.740865549188512e-07,-2.50890614794266e-05,-0.0001599736895057421,0.0,0.0,-2.508901130140418e-05,-0.000159973369559003,0.0009802266238440464,-0.000127475182886538,4.689767001378663e-05,0.0002957173535444504,-0.0005135129352890067,-8.412716963124289e-05,2.489023391929614e-05,0.0001594530667581231,-2.200739207970576e-05,-0.0001362640142582988,0.0009800379797955843,-0.0001277217190792383
2,50118.72336272663,0.0,0.04743615470961599,0.2826338470494162,0.9784865796300526,-0.1324665730278332,0.9874511539103571,-0.06551923708727263,0.0,0.0,0.05407774136910781,0.3318305514287698,1.0,0.0,9.786695548516334,-1.322381563970653,0.0,0.0,-0.0004638102555755697,0.0002199850962554956,-1.096963773609034e-08,-2.846491583153373e-07,-2.703892476229543e-05,-0.0001659156075449363,0.0,0.0,-2.703887068455391e-05,-0.0001659152757143849,0.000978689885431809,-0.0001322127767714244,5.054277411376495e-05,0.0003066943682887674,-0.0005145671914464356,-8.724710618882026e-05,2.682464932280257e-05,0.0001653771621302122,-2.371807735480799e-05,-0.0001413169235247081,0.0009784865796300527,-0.0001324665730278332
2,52079.48328595401,0.0,0.05111589587474658,0.2930696320900472,0.9768180161669445,-0.1373674322330343,0.9866260083700767,-0.0679432736540526,0.0,0.0,0.05827197053384392,0.3441048184938685,1.0,0.0,9.770151834179423,-1.371324783412896,0.0,0.0,-0.0004610071417006645,0.0002281182725688835,-1.181425294026217e-08,-2.956061492249217e-07,-2.913604353889236e-05,-0.0001720527533517527,0.0,0.0,-2.913598526692196e-05,-0.0001720524092469343,0.0009770370908902754,-0.0001371063723533179,5.446315361588965e-05,0.0003180311964374672,-0.0005157010627769298,-9.046895604687688e-05,2.890515456262086e-05,0.0001714960873228115,-2.555794793737329e-05,-0.0001465348160450236,0.0009768180161669445,-0.0001373674322330343
2,54116.95265464572,0.0,0.05507230610989297,0.3038408149419484,0.9750239904879848,-0.1424270125786209,0.985738818669683,-0.07044581906785459,0.0,0.0,0.06278157083019131,0.3567763008227363,1.0,0.0,9.752364167851598,-1.421855469606583,0.0,0.0,-0.0004579932616470828,0.0002365141586121305,-1.272135263026064e-08,-3.069708029649062e-07,-3.139084819666675e-05,-0.000178388507187669,0.0,0.0,-3.139078541509565e-05,-0.0001783881504113681,0.000975260019707068,-0.0001421587174475513,5.867830575220542e-05,0.0003297339525654236,-0.0005169201880325658,-9.379440271639616e-05,3.114209762495301e-05,0.0001778132412536345,-2.753615305494649e-05,-0.0001519204074709742,0.0009750239904879848,-0.0001424270125786209
2,56234.13251903423,0.0,0.05932478572907413,0.314952227689699,0.9730957037524856,-0.1476477684988347,0.9847852335623469,-0.07302808779426685,0.0,0.0,0.06762865962268716,0.369851099113458,1.0,0.0,9.733245309260392,-1.473998496853365,0.0,0.0,-0.0004547538349059521,0.00024517672145416,-1.36951471205425e-08,-3.187566805875357e-07,-3.38143974400037e-05,-0.0001849259194078281,0.0,0.0,-3.381432981134358e-05,-0.000184925549556729,0.0009733499561675451,-0.0001473723031505034,6.32089020671453e-05,0.0003418081261759865,-0.0005182305455440073,-9.722494551991923e-05,3.354644987782271e-05,0.0001843316973789093,-2.966239286453706e-05,-0.0001574761138448495,0.0009730957037524855,-0.0001476477684988347
2,58434.14133735106,0.0,0.06389387174036434,0.3264080004254702,0.9710238413540365,-0.1530318468128674,0.9837606467416449,-0.0756911422035444,0.0,0.0,0.07283665073020984,0.3833345381038201,1.0,0.0,9.712702904298459,-1.527775710607667,0.0,0.0,-0.0004512732147158305,0.000254109405020353,-1.474006345463003e-08,-3.309776172678461e-07,-3.641839820175602e-05,-0.0001916676523864481,0.0,0.0,-3.641832536510492e-05,-0.0001916672690519101,0.0009712976736604914,-0.0001527493181994221,6.807682559590057e-05,0.0003542584727764705,-0.0005196384639635232,-0.0001007618679470523,3.612982583184652e-05,0.0001910541461557351,-3.194693587018217e-05,-0.0001632040002127351,0.0009710238413540366,-0.0001530318468128674
2,60720.21956909812,0.0,0.06880126816037668,0.3382114484854449,0.9687985591199185,-0.1585810360490722,0.9826601900167021,-0.07843586751136862,0.0,0.0,0.07843028911393457,0.3972310390807986,1.0,0.0,9.690639348183993,-1.583205425862244,0.0,0.0,-0.0004475348649121136,0.0002633150446867405,-1.586074519373027e-08,-3.436477085322425e-07,-3.921522298725691e-05,-0.0001986159167714382,0.0,0.0,-3.921514455696728e-05,-0.0001986155195403993,0.0009690934210071194,-0.0001582915988681302,7.330520323631908e-05,0.000367088894336135,-0.0005211506316156744,-0.0001044062029333798,3.890450035486241e-05,0.000197982831881964,-3.440063408018834e-05,-0.0001691057242427225,0.0009687985591199185,-0.0001585810360490722
2,63095.73444801856,0.0,0.07406987058238601,0.3503649492326297,0.9664094721080722,-0.1642967110494826,0.9814787277718688,-0.08126294438565547,0.0,0.0,0.08443567903552829,0.4115439805219157,1.0,0.0,9.666951674374669,-1.64030187877134,0.0,0.0,-0.0004435213411467798,0.0002727957739332293,-1.706204982150641e-08,-3.567812942254279e-07,-4.221792395344362e-05,-0.0002057724018049382,0.0,0.0,-4.221783951776414e-05,-0.0002057719902609578,0.0009667269113629553,-0.0001640005741913175,7.891843200980287e-05,0.0003803023086338116,-0.000522774104080026,-0.0001081586949193136,4.188342264873935e-05,0.0002051194836525476,-3.7034935291193e-05,-0.0001751824746163148,0.0009664094721080721,-0.0001642967110494826
2,65564.18494179708,0.0,0.07972378360646928,0.3628698079990015,0.963845646631562,-0.1701797726798966,0.980210853022452,-0.0841728191330004,0.0,0.0,0.09088030410208514,0.4262755464290489,1.0,0.0,9.641531475480736,-1.699074629780172,0.0,0.0,-0.0004392142775332952,0.0002825529227612478,-1.834904330431446e-08,-3.703929401371057e-07,-4.544024293134739e-05,-0.0002131381994900708,0.0,0.0,-4.544015205104257e-05,-0.0002131377732145244,0.000964187314316575,-0.0001698772063444751,8.494219773004826e-05,0.0003939005070838209,-0.0005245163095740635,-0.0001120197585703503,4.508022620302979e-05,0.0002124652402145122,-3.986189180323464e-05,-0.0001814349039995008,0.0009638456466315621,-0.0001701797726798966
2,68129.20690579529,0.0,0.085788329564607,0.3757261129038014,0.9610955962199278,-0.1762305825178584,0.9788508854173087,-0.0871656714016263,0.0,0.0,0.0977930374145739,0.4414265620335993,1.0,0.0,9.61426486321072,-1.759527916996282,0.0,0.0,-0.0004345943799152763,0.0002925869076614712,-1.972699129080261e-08,-3.844974172417444e-07,-4.889661650032458e-05,-0.0002207137224433617,0.0,0.0,-4.889651870728695e-05,-0.0002207132810167996,0.0009614632518878659,-0.0001759219260531581,9.140348441172852e-05,0.0004078840007394333,-0.0005263850516579738,-0.0001159894340711926,4.850923384109531e-05,0.0002200205685614196,-4.28941647823035e-05,-0.0001878630564519007,0.0009610955962199278,-0.0001762305825178584
2,70794.57843841292,0.0,0.09229004679114053,0.3889325784005375,0.9581472823094644,-0.1824488924523794,0.9773928715799838,-0.09024137936812027,0.0,0.0,0.1052041398287935,0.4569963167065374,1.0,0.0,9.585032475202551,-1.821659959148192,0.0,0.0,-0.0004296414270840154,0.0003028971130199232,-2.120134637693333e-08,-3.991096785459351e-07,-5.260217511853668e-05,-0.0002284986153495854,0.0,0.0,-5.260206991439676e-05,-0.0002284981583532687,0.0009585427992103429,-0.0001821345629662014,9.83305725568967e-05,0.0004222518543177087,-0.0005283885087186135,-0.00012006733894801,5.218545687127978e-05,0.0002277851761848615,-4.614502339557026e-05,-0.0001944662892002687,0.0009581472823094644,-0.0001824488924523795
2,73564.22544596322,0.0,0.09925667550269168,0.4024863775777593,0.954988120538805,-0.1888337692074032,0.9758305882217747,-0.0933994824138964,0.0,0.0,0.1131452441258709,0.4729823741033222,1.0,0.0,9.553709537429185,-1.885462208251831,0.0,0.0,-0.0004243342814222451,0.0003134817639820625,-2.277773080318234e-08,-4.142448335899007e-07,-5.657273520817993e-05,-0.0002364916600340353,0.0,0.0,-5.657262206293545e-05,-0.0002364911870516611,0.0009554134907655978,-0.0001885142710049365,0.0001057530242586048,0.0004370015082732357,-0.0005305352296376964,-0.0001242526164272895,5.612458725058367e-05,0.0002357579169979786,-4.962833775134584e-05,-0.0002012431887888796,0.000954988120538805,-0.0001888337692074032
2,76442.22742525907,0.0,0.1067171291662347,0.4163829634528414,0.9516049936101388,-0.195383513898062,0.9741575485016316,-0.09663914134531455,0.0,0.0,0.1216493226782704,0.4893803698176148,1.0,0.0,9.520165991700072,-1.950918553067418,0.0,0.0,-0.0004186509105870706,0.0003243377909579737,-2.44619138911771e-08,-4.299181207139636e-07,-6.082478298845787e-05,-0.0002446906742891772,0.0,0.0,-6.082466133913522e-05,-0.0002446901849088074,0.0009520623331211037,-0.0001950594487965952,0.0001137016528638484,0.0004521285891763806,-0.0005328341249925539,-0.000128543880404508,6.034298156360176e-05,0.0002439366910669965,-5.335856458311733e-05,-0.0002081914817264207,0.0009516049936101388,-0.000195383513898062
2,79432.82347242715,0.0,0.1147014490553342,0.4306158797588313,0.9479842717572972,-0.2020955768469341,0.9723670121477973,-0.09995909626981471,0.0,0.0,0.1307506359938948,0.5061837971147238,1.0,0.0,9.484266698582053,-2.018004475601098,0.0,0.0,-0.00041256842198234,0.0003354606861497855,-2.625978346907984e-08,-4.46144877278708e-07,-6.537544874758299e-05,-0.0002530924047411591,0.0,0.0,-6.537531799694741e-05,-0.0002530918985573619,0.0009484758252027506,-0.0002017676554171293,0.0001222084747477766,0.0004676267089293712,-0.0005352944530779835,-0.0001329391571766037,6.48576355186598e-05,0.0002523183384340757,-5.735072452766713e-05,-0.0002153079398794156,0.0009479842717572971,-0.0002020955768469341
2,82540.4185268008,0.0,0.1232407395301754,0.4451765620364373,0.9441118419363346,-0.2089664680288823,0.9704519998928944,-0.103357622310342,0.0,0.0,0.1404846593339117,0.5233837816710885,1.0,0.0,9.445871726800803,-2.086686164307358,0.0,0.0,-0.0004060631118948388,0.0003468443527207682,-2.817731048068441e-08,-4.629405081205462e-07,-7.024247015161566e-05,-0.0002616924142193259,0.0,0.0,-7.024232966695587e-05,-0.0002616918908355443,0.0009446399872071632,-0.0002086355218087196,0.0001313066405761329,0.0004834872536858234,-0.0005379257999917342,-0.0001374358241887641,6.968614757030625e-05,0.0002608985274910426,-6.162036976508773e-05,-0.0002225882810182186,0.0009441118419363346,-0.0002089664680288823
2,85769.58985908833,0.0,0.1323670814361023,0.4600541302105676,0.9399731469180154,-0.2159916636794719,0.9684053128057001,-0.1068324834226314,0.0,0.0,0.1508879844395672,0.5409688466644091,1.0,0.0,9.40483674081633,-2.15691958929833,0.0,0.0,-0.0003991105312796672,0.0003584809475041806,-3.02205059251708e-08,-4.803204526335721e-07,-7.544414310776776e-05,-0.0002704849643010513,0.0,0.0,-7.544399221978359e-05,-0.0002704844233322046,0.000940540399322035,-0.0002156586584020954,0.0001410303432829546,0.0004996991637304551,-0.0005407380529826589,-0.0001420305461589944,7.484667019782201e-05,0.0002696716385710411,-6.618354071805113e-05,-0.0002300270651052838,0.0009399731469180154,-0.0002159916636794719
2,89125.09381337342,0.0,0.1421134209091215,0.4752351742564678,0.9355532355096958,-0.2231655097947884,0.9662195571266234,-0.1103808846752784,0.0,0.0,0.1619981932823249,0.5589246700437469,1.0,0.0,9.361013498742736,-2.228649546777908,0.0,0.0,-0.000391685570255762,0.0003703607184754043,-3.239536923590451e-08,-4.98300150994915e-07,-8.099925863935641e-05,-0.0002794628939465434,0.0,0.0,-8.099909664116245e-05,-0.0002794623350218735,0.0009361622514703379,-0.000222831559664791,0.0001514146998774601,0.0005162487060289593,-0.000543741366223871,-0.0001467192090738867,8.035784730947859e-05,0.0002786306436655512,-7.105671045456077e-05,-0.0002376175871282339,0.0009355532355096958,-0.0002231655097947884
2,92611.87281287817,0.0,0.1525134308181991,0.4907035350459915,0.9308368251605993,-0.2304811234704325,0.9638871752270222,-0.1139994234612936,0.0,0.0,0.1738537006852185,0.577233836361792,1.0,0.0,9.314250473045291,-2.301808682099595,0.0,0.0,-0.0003837625634188213,0.0003824718385786047,-3.470782718130018e-08,-5.168950101946304e-07,-8.692702419631023e-05,-0.0002886174954147323,0.0,0.0,-8.692685034260927e-05,-0.000288616918180896,0.0009314904053205215,-0.0002301475065143514,0.0001624956041317357,0.0005331192416749873,-0.0005469461181571988,-0.0001514968527013827,8.62387362092054e-05,0.0002877669834484567,-7.625671540909957e-05,-0.0002453517675229958,0.0009308368251605993,-0.0002304811234704325
2,96235.06263980764,0.0,0.1636013420781641,0.5064400830093713,0.9258083782025396,-0.23793029327428,0.9614004833115122,-0.1176840402318948,0.0,0.0,0.1864935626679092,0.595875586171924,1.0,0.0,9.264393606428527,-2.376316503294031,0.0,0.0,-0.0003753154180808904,0.0003948002379165899,-3.716366236294657e-08,-5.361203706926492e-07,-9.324696782751742e-05,-0.0002979383889615482,0.0,0.0,-9.324678133395459e-05,-0.000297937793085962,0.0009265094698028875,-0.0002375984677799724,0.0001743095472052311,0.0005502909910413164,-0.0005503628595624477,-0.0001563576024303237,9.250871256480701e-05,0.0002970704430965479,-8.180067103908206e-05,-0.0002532200415046856,0.0009258083782025396,-0.00023793029327428
2,99999.9999999987,0.0,0.1754117421507638,0.5224224978488007,0.9204521929402736,-0.2455033801198443,0.958751716463723,-0.1214299694779205,0.0,0.0,0.1999572474634537,0.6148255666770202,1.0,0.0,9.211287214953595,-2.452078399611653,0.0,0.0,-0.000366317767470925,0.0004073294367665098,-3.976843040069223e-08,-5.559914747030128e-07,-9.997882368897413e-05,-0.0003074133981640767,0.0,0.0,-9.997862373172684e-05,-0.0003074127833385101,0.0009212038913348137,-0.0002451750021657565,0.0001868934033511577,0.000567740800082184,-0.0005540022515164722,-0.0001612946014357547,9.918735686403359e-05,0.000306529028735286,-8.770587107538191e-05,-0.0002612112489244004,0.0009204521929402736,-0.0002455033801198443
2,103912.2303835156,0.0,0.1879793382326055,0.538625053190442,0.9147525107233578,-0.2531892204016778,0.9559330815952174,-0.1252316918299384,0.0,0.0,0.2142843663613885,0.6340555880575042,1.0,0.0,9.154775049607093,-2.528984682546833,0.0,0.0,-0.0003567431508071373,0.0004200403823835241,-4.252736493650977e-08,-5.765234372983666e-07,-0.0001071423974650603,-0.00031702842808434,0.0,0.0,-0.0001071421831806942,-0.0003170277940287521,0.0009155580598759706,-0.0002528661624605729,0.0002002841780431509,0.0005854419119262111,-0.0005578749924808335,-0.0001662999443656776,0.0001062943209475108,0.0003161288467059369,-9.398966911630274e-05,-0.000269312526595221,0.0009147525107233578,-0.0002531892204016778
2,107977.5162327696,0.0,0.2013386829275463,0.555018410750217,0.908693639996039,-0.2609750334662587,0.9529368187903897,-0.129082888302415,0.0,0.0,0.2295143618721713,0.6535333906904253,1.0,0.0,9.094701526201463,-2.606909669903475,0.0,0.0,-0.0003465652219096782,0.0004329112930742673,-4.544526966425739e-08,-5.977312217315263e-07,-0.0001147574104504472,-0.0003267673488786034,0.0,0.0,-0.0001147571809360857,-0.0003267666953452127,0.0009095564318006027,-0.0002606594040485796,0.0002145187161786746,0.0006033637486327119,-0.0005619917338330893,-0.0001713646139594738,0.0001138491733762185,0.0003258539882391929,-0.0001006693414637732,-0.0002775092053751085,0.000908693639996039,-0.0002609750334662587
2,112201.8454301949,0.0,0.2155238606366592,0.5715694292999502,0.9022600981242852,-0.268846335814012,0.9497552714425128,-0.1329763978666505,0.0,0.0,0.2456861512041604,0.6732224292812599,1.0,0.0,9.030913131529967,-2.685710836656715,0.0,0.0,-0.0003357579877004691,0.0004459175135674565,-4.8526396706555e-08,-6.196296205819055e-07,-0.0001228433212882311,-0.0003366118878630593,0.0,0.0,-0.0001228430756020802,-0.0003366112146406299,0.0009031836703784091,-0.0002685405000936337,0.0002296333684795901,0.0006214717087415035,-0.000566362983300317,-0.0001764784222268723,0.0001218712226373998,0.0003356864225220992,-0.0001077619303183296,-0.0002857847146499751,0.0009022600981242852,-0.000268846335814012
2,116591.4401179817,0.0,0.2305681334902623,0.5882409944323722,0.8954367715310517,-0.2767868647506164,0.9463809654435652,-0.1369041796966671,0.0,0.0,0.2628377237180519,0.6930816807408092,1.0,0.0,8.963260011041509,-2.765228059563013,0.0,0.0,-0.0003242960774856307,0.0004590313862479212,-5.177431081836783e-08,-6.422332445461591e-07,-0.0001314191246967495,-0.0003465415334520853,0.0,0.0,-0.000131418861859026,-0.0003465408403704046,0.0008964248043900508,-0.0002764934660902663,0.0002456636148401965,0.0006397269870043696,-0.0005709989959346573,-0.0001816299580343628,0.0001303793175269318,0.0003456059015471892,-0.0001152840667451311,-0.0002941204972161861,0.0008954367715310517,-0.0002767868647506164
2,121152.7658628573,0.0,0.2465035464108332,0.6049918758081129,0.8882090943245724,-0.2847785145159054,0.9428066975192222,-0.1408572815856197,0.0,0.0,0.2810056918942152,0.7130654834191962,1.0,0.0,8.891597739867446,-2.845282985546181,0.0,0.0,-0.0003121550433274889,0.0004722221433440255,-5.519173910429259e-08,-6.655565208964e-07,-0.0001405031269527999,-0.0003565334547750814,0.0,0.0,-0.0001405028459471076,-0.0003565327417095981,0.0008892654050603194,-0.0002845004967811418,0.0002626436441869115,0.0006580864234153538,-0.0005759096525001506,-0.000186806543158502,0.0001393916244779482,0.0003555898805194215,-0.0001232517732054166,-0.0003024959379040565,0.0008882090943245724,-0.0002847785145159054
2,125892.5411794151,0.0,0.2633604918456689,0.6217766191904488,0.880563245173994,-0.2928012882007351,0.9390256325875082,-0.1448258161697826,0.0,0.0,0.3002247964304203,0.7331234160179801,1.0,0.0,8.815789274764157,-2.925678556683575,0.0,0.0,-0.0002993116910972593,0.0004854558256300046,-5.878040619676537e-08,-6.89613703816026e-07,-0.0001501126984400065,-0.000366562441132406,0.0,0.0,-0.0001501123982152102,-0.0003665617080089901,0.0008816917810655737,-0.0002925419187203156,0.0002806058914255562,0.0006765023893200139,-0.0005811043254407289,-0.0001919941990569662,0.0001489253821422304,0.0003656134579481705,-0.0001316802459228345,-0.0003108883095952244,0.000880563245173994,-0.0002928012882007351
2,130817.7474260177,0.0,0.2811672358515734,0.6385454810927973,0.8724863616685611,-0.3008332689974043,0.9350314097633974,-0.1487989467134862,0.0,0.0,0.3205273673898459,0.7532002250926534,1.0,0.0,8.73570707939826,-3.006198726948924,0.0,0.0,-0.0002857444409259391,0.000498695233602714,-6.254085515749763e-08,-7.14418898980356e-07,-0.0001602640042222904,-0.0003766008657465519,0.0,0.0,-0.0001602636836949229,-0.0003766001125463267,0.0008736911908588554,-0.0003005961619946133,0.0002995805332698603,0.0006949227189366604,-0.0005865917329479498,-0.0001971776267668257,0.0001589966341768377,0.0003756493398447805,-0.0001405836179257867,-0.0003192727405463987,0.0008724863616685611,-0.0003008332689974043
2,135935.6390878508,0.0,0.2999494085502166,0.655244414232364,0.8639667707911032,-0.308850614496126,0.9308182563322301,-0.1527648842909197,0.0,0.0,0.3419427448411989,0.7732358104773479,1.0,0.0,8.651235409398446,-3.086608407523272,0.0,0.0,-0.0002714337147519674,0.0005118999173699956,-6.647225473417296e-08,-7.399861048634024e-07,-0.0001709717143633446,-0.0003866186784744844,0.0,0.0,-0.0001709713724205994,-0.000386617905238674,0.0008652520709563714,-0.0003086397547807939,0.0003195949461678593,0.0007132906950148854,-0.0005923797820555077,-0.0002023402024554088,0.0001696199419433424,0.000385667832654289,-0.0001499747042751083,-0.000327622207116182,0.0008639667707911032,-0.000308850614496126
2,141253.7544622736,0.0,0.3197294634912171,0.6718151121484066,0.8549942334486124,-0.3168275778148197,0.9263811086746109,-0.1567108982376894,0.0,0.0,0.3644966641621172,0.7931652781515046,1.0,0.0,8.562272736776695,-3.166653678226967,0.0,0.0,-0.0002563623475105858,0.0005250262116165971,-7.05721940256194e-08,-7.663292733078723e-07,-0.0001822486965777229,-0.0003965834322410305,0.0,0.0,-0.0001822483320810586,-0.0003965826390757523,0.0008563642781475649,-0.0003166473444902386,0.0003406731311598161,0.0007315450975324566,-0.0005984754021625127,-0.0002074639911966158,0.0001808080796847447,0.0003956368696431415,-0.0001598647317456086,-0.0003359075560742033,0.0008549942334486124,-0.0003168275778148197
2,146779.926762205,0.0,0.3405261121371201,0.688195121249734,0.8455602002427756,-0.3247365593070172,0.9217157387496369,-0.1606233417240202,0.0,0.0,0.3882106130872165,0.8129190699614842,1.0,0.0,8.468734285787274,-3.246062302204628,0.0,0.0,-0.0002405160172303522,0.0005380273219382226,-7.483646607435112e-08,-7.93462391877179e-07,-0.0001941056947542212,-0.000406460347899812,0.0,0.0,-0.0001941053065436083,-0.0004064595349807421,0.0008470193428382776,-0.0003245917492108456,0.0003628351122873162,0.0007496203242317517,-0.0006048843708965079,-0.0002125297815216698,0.0001925717156926441,0.0004055220754117634,-0.0001702630560685601,-0.000344097560624867,0.0008455602002427756,-0.0003247365593070172
2,152522.2956538998,0.0,0.3623537414823294,0.7043180281474715,0.8356580748488392,-0.3325481924075706,0.9168188843405434,-0.1644876942099457,0.0,0.0,0.4131011696295976,0.8324231791447655,1.0,0.0,8.370554644216256,-3.324544579159841,0.0,0.0,-0.0002238836879386308,0.0005508534685284838,-7.92588424045114e-08,-8.213995903991582e-07,-0.0002065509979159689,-0.0004162124219955618,0.0,0.0,-0.0002065505848147988,-0.0004162115895723828,0.0008372107299297129,-0.0003324440429724745,0.0003860963170875962,0.0007674465913618304,-0.0006116111347886366,-0.0002175171431605671,0.00020491908399269,0.0004152868729700665,-0.0001811768707411647,-0.0003521590140737357,0.0008356580748488392,-0.0003325481924075706
2,158489.3192461092,0.0,0.3852218246816259,0.7201137293530034,0.8252834805267181,-0.3402314668243194,0.9116883808492307,-0.1682886223689971,0.0,0.0,0.4391793321273187,0.8515994597207149,1.0,0.0,8.267690405721725,-3.401794568951191,0.0,0.0,-0.0002064580578502451,0.0005634520926065811,-8.383084103969399e-08,-8.501552738969314e-07,-0.0002195901052429918,-0.0004258005814598171,0.0,0.0,-0.0002195896660636594,-0.0004257997298603575,0.0008269341027994453,-0.0003401736780140968,0.000410466949691861,0.0007849502221659285,-0.0006186586278003059,-0.0002224045101587024,0.0002178556521292239,0.0004248926373756975,-0.000192610912340813,-0.0003600568646765017,0.0008252834805267181,-0.0003402314668243194
2,164689.7865482846,0.0,0.4091343364219251,0.7355087892327529,0.8144345244464825,-0.347753891745579,0.906323292009863,-0.1720100608006968,0.0,0.0,0.4664498547822999,0.8703660364587746,1.0,0.0,8.160122790498567,-3.477491712024188,0.0,0.0,-0.0001882360039075492,0.0005757681300746498,-8.854149104817736e-08,-8.797442837693342e-07,-0.0002332253938410052,-0.0004351838885954237,0.0,0.0,-0.00023322492739115,-0.0004351830182293873,0.0008161875851168984,-0.0003477486466976232,0.0004359513690248393,0.0008020540293888645,-0.0006260280913181759,-0.000227169291181134,0.0002313837916795408,0.000434298899263699,-0.0002045671682109626,-0.0003677543946163764,0.0008144345244464825,-0.000347753891745579
2,171132.8304161757,0.0,0.4340891865342198,0.7504268904788749,0.8031120537113748,-0.3550817009938208,0.9007240364966205,-0.1756353134864722,0.0,0.0,0.4949106040676345,0.888637820276011,1.0,0.0,8.047860183620108,-3.551302865822009,0.0,0.0,-0.0001692190123918635,0.0005877443556468465,-9.337709714658716e-08,-9.101820886227501e-07,-0.0002474557969444216,-0.0004443197987758258,0.0,0.0,-0.0002474553020338173,-0.0004443189101380055,0.0008049720144343037,-0.0003551356849809099,0.0004625474864806409,0.0008186777963406203,-0.0006337188997758147,-0.0002317880083174406,0.000245502459124345,0.0004434636006742925,-0.0002170445932671099,-0.0003752134452394374,0.0008031120537113749,-0.0003550817009938208
2,177827.9410038899,0.0,0.4600776869074648,0.7647893792650458,0.7913198962524165,-0.3621801011091603,0.8948925070500112,-0.1791471764754127,0.0,0.0,0.5245519531615859,0.9063271315360772,1.0,0.0,7.930940523378175,-3.622884766931133,0.0,0.0,-0.0001494135841375033,0.0005993217991027422,-9.83210083170429e-08,-9.414850055645042e-07,-0.0002622765011327463,-0.0004531644720951702,0.0,0.0,-0.0002622759765807929,-0.0004531635657680386,0.0007932911807917509,-0.0003623005184246637,0.0004902461991165135,0.0008347388588270114,-0.0006417283965408638,-0.0002362364650558835,0.000260206895585094,0.0004523434044051094,-0.0002300388434537324,-0.0003823946896325229,0.0007913198962524165,-0.0003621801011091603
2,184784.9797422266,0.0,0.4870840680174657,0.7785159047197874,0.7790650792016518,-0.3690135621971942,0.8888321784657655,-0.1825280817180491,0.0,0.0,0.5553562329919881,0.9233444308331749,1.0,0.0,7.809433466321417,-3.69188691732539,0.0,0.0,-0.0001288316019260605,0.0006104402333877712,-1.033533947234376e-07,-9.736704520478214e-07,-0.000277678671852227,-0.0004616731387610182,0.0,0.0,-0.0002776781164959941,-0.0004616722154165874,0.0007811520430133073,-0.0003692081505697995,0.0005190308757386477,0.0008501527875573743,-0.0006500517450966914,-0.0002404899433115504,0.0002754883546458473,0.000460894056681576,-0.0002435420340087329,-0.0003892579523598937,0.0007790650792016519,-0.0003690135621971942
2,192014.1938638775,0.0,0.5150850621998884,0.791525149406495,0.7663580169810735,-0.3755461500424246,0.8825482006073416,-0.1857602613069867,0.0,0.0,0.5872972594047212,0.9395991534930116,1.0,0.0,7.683442252023084,-3.757954879852602,0.0,0.0,-0.0001074906470164283,0.0006210387320388366,-1.08451037414695e-07,-1.006757227522458e-06,-0.0002936492169996203,-0.0004698005163456591,0.0,0.0,-0.0002936486297023606,-0.0004697995767465058,0.0007685649150046677,-0.0003758231922011308,0.0005488769141236181,0.0008648341675052399,-0.0006586818007927042,-0.0002445234284911557,0.0002913338679386119,0.000469070801276843,-0.0002575425310999442,-0.0003957625747032475,0.0007663580169810735,-0.0003755461500424246
2,199526.2314968852,0.0,0.5440495710583335,0.8037356442224088,0.7532126612254609,-0.3817418965040815,0.8760474725443335,-0.1888259306491452,0.0,0.0,0.620339956268686,0.9550006402913128,1.0,0.0,7.553105189431447,-3.820733953390443,0.0,0.0,-8.541425156644022e-05,0.0006310562909233319,-1.135871353415511e-07,-1.040765823213809e-06,-0.0003101705984742992,-0.0004775012751462967,0.0,0.0,-0.000310169978134343,-0.0004775003201456564,0.0007555436142451097,-0.0003821102285429291,0.0005797513878980465,0.0008786974672087788,-0.000667609008522585,-0.0002483118605630108,0.000307726058319309,0.0004768288413619304,-0.0002720247855291668,-0.0004018678221112045,0.000753212661225461,-0.0003817418965040815
2,207332.1573485926,0.0,0.5739384339965006,0.8150666576261725,0.739646604839045,-0.387565203624493,0.8693386940088967,-0.1917074883097122,0.0,0.0,0.6544400938728638,0.9694591529019868,1.0,0.0,7.418596688457272,-3.879873182366861,0.0,0.0,-6.263207401013826e-05,0.0006404325066102501,-1.187311340570027e-07,-1.075718757359079e-06,-0.0003272207013765257,-0.0004847305459101463,0.0,0.0,-0.0003272200469364319,-0.0004847295764509934,0.0007421055648464697,-0.0003880342198602632,0.0006116128011717287,0.000891657987268301,-0.0006768213315663241,-0.0002518304080235123,0.0003246430102350449,0.0004841238433885572,-0.0002869692169982503,-0.0004075333288130863,0.000739646604839045,-0.000387565203624493
2,215443.4690031854,0.0,0.6047043137108794,0.825439145517368,0.7256811330077575,-0.3929812752555883,0.8624323906203964,-0.1943877294645407,0.0,0.0,0.689544160659429,0.9828869585033112,1.0,0.0,7.280127765626808,-3.935029639233468,0.0,0.0,-3.917998532693145e-05,0.0006491083009610432,-1.238485800933644e-07,-1.111640932212447e-06,-0.0003447727698738755,-0.0004914444621386141,0.0,0.0,-0.0003447720803297145,-0.0004914434792516557,0.0007282718480687833,-0.0003935609293308755,0.0006444109677925082,0.0009036328734795184,-0.0006863042164721445,-0.0002550547605492115,0.000342058206232755,0.000490912475281689,-0.0003023521568554397,-0.000412719572758684,0.0007256811330077575,-0.0003929812752555883
2,223872.1138568308,0.0,0.6362917125208196,0.83477674459363,0.7113412148760606,-0.3979565684245994,0.8553409097672077,-0.196850069114138,0.0,0.0,0.7255893841064038,0.9951994639874656,1.0,0.0,7.137945961425275,-3.985872902770249,0.0,0.0,-1.510005563626349e-05,0.0006570266788696877,-1.289010043946431e-07,-1.148560008143208e-06,-0.0003627954176425859,-0.0004976007271931969,0.0,0.0,-0.0003627946920532019,-0.0004975997319937328,0.0007140671940610237,-0.00039865737048285,0.0006780870300053498,0.0009145421763168641,-0.000696040598257508,-0.0002579614350402826,0.0003599405374532279,0.0004971529692433043,-0.0003181458562604098,-0.000417388372296815,0.0007113412148760606,-0.0003979565684245994
2,232630.5067153593,0.0,0.6686371306335515,0.8430067887962722,0.6966554308560049,-0.4024592552037607,0.8480783846570654,-0.1990787704922365,0.0,0.0,0.7625039134096121,1.006316376558028,1.0,0.0,6.992334619435287,-4.032089640661683,0.0,0.0,9.559567339167963e-06,0.0006641335036276785,-1.338458373274954e-07,-1.186506789247362e-06,-0.0003812527192087198,-0.0005031591945953902,0.0,0.0,-0.0003812519567048061,-0.000503158188279014,0.0006995199098421425,-0.0004032922650508803,0.0007125736283391594,0.0009243099350581875,-0.0007060109493459144,-0.0002605280887769124,0.0003782543943852532,0.0005028056976532626,-0.0003343185653167757,-0.0004215033943981361,0.0006966554308560049,-0.0004024592552037608
2,241731.548080407,0.0,0.7016693738792048,0.8500613257298961,0.6816558321494701,-0.4064596846141224,0.840660664845137,-0.2010591734913606,0.0,0.0,0.8002071725581112,1.016162864396396,1.0,0.0,6.843611493369957,-4.073388192542915,0.0,0.0,3.474489368132661e-05,0.0006703782723199714,-1.386363567079402e-07,-1.225515614135166e-06,-0.0004001043864862284,-0.0005080824483610624,0.0,0.0,-0.0004001035862790556,-0.0005080814321981981,0.0006846617401356097,-0.000407436500880977,0.0007477952307523567,0.0009328652619400554,-0.0007161933745644111,-0.0002627338325664474,0.000396959842143381,0.000507833749013782,-0.0003508346869396024,-0.0004250306628649481,0.0006816558321494702,-0.0004064596846141224
2,251188.6431509545,0.0,0.7353100141985638,0.8558781079086946,0.6663777309903834,-0.4099308331726653,0.8331052125013981,-0.202777917472384,0.0,0.0,0.8386103875563693,1.0246706887631,1.0,0.0,6.692126667194832,-4.109503040584157,0.0,0.0,6.039644306371494e-05,0.0006757148721079631,-1.432216689909784e-07,-1.265624745003054e-06,-0.0004193060323885725,-0.0005123363690522389,0.0,0.0,-0.0004193051937781847,-0.0005123353443815501,0.000669527659578272,-0.0004110635786012769,0.0007836686245409876,0.0009401433995683029,-0.0007265637532111735,-0.0002645595361340791,0.0004160128821316917,0.0005122034897358476,-0.0003676550070992819,-0.0004279390539543473,0.0006663777309903835,-0.0004099308331726653
2,261015.72156825,0.0,0.7694740013732266,0.8604015325265733,0.6508594222843742,-0.4128487321683209,0.8254309647522974,-0.2042231525661452,0.0,0.0,0.8776172860898734,1.031779277583771,1.0,0.0,6.538259795054365,-4.140199049490516,0.0,0.0,8.644971177329541e-05,0.000680102297374835,-1.47546722319408e-07,-1.306876747803233e-06,-0.0004388095206622235,-0.0005158906705711632,0.0,0.0,-0.0004388086430449367,-0.0005158896387918856,0.0006541555969744434,-0.0004141500352580217,0.0008201035694104483,0.00094608672357788,-0.0007370959277318012,-0.0002659881176559353,0.0004353657992498341,0.000515885096913061,-0.0003847370006866133,-0.0004302007662632866,0.0006508594222843742,-0.0004128487321683209
2,271227.2579331989,0.0,0.8040704193565378,0.8635835033184871,0.6351418396472739,-0.4151928596935843,0.8176581635809711,-0.2053847335460569,0.0,0.0,0.9171249620891855,1.037436710421422,1.0,0.0,6.382416690759979,-4.165275357210652,0.0,0.0,0.0001128357499188826,0.000683505307612936,-1.515523485747374e-07,-1.349318856330237e-06,-0.0004585633981695552,-0.0005187193926474213,0.0,0.0,-0.0004585624810445928,-0.0005187183552107109,0.0006385860945680783,-0.0004166758330574519,0.000857003604648863,0.0009506456623977056,-0.0007477619369584132,-0.0002670048092880684,0.0004549675909001749,0.0005188530471549588,-0.0004020352096782689,-0.0004317917516592436,0.0006351418396472739,-0.0004151928596935843
2,281838.2931264414,0.0,0.839003375338778,0.8653841890734042,0.6192681512100631,-0.416946485908035,0.8098081559403744,-0.2062543905729926,0.0,0.0,0.9570248916993638,1.041600585866866,1.0,0.0,6.225025320057063,-4.184568802106008,0.0,0.0,0.0001394818398004483,0.0006858950066841729,-1.551753299881234e-07,-1.393003313381096e-06,-0.0004785134028745736,-0.0005208013345340185,0.0,0.0,-0.0004785124458496819,-0.0005208002929334328,0.0006228619076496667,-0.0004186247017997748,0.0008942669977777458,0.0009537795070332682,-0.0007585322902578517,-0.0002675973908581597,0.0004747644711049819,0.000521086547112377,-0.000419501687669389,-0.0004326920945367021,0.0006192681512100631,-0.000416946485908035
2,292864.4564625195,0.0,0.8741730046351908,0.8657726555068495,0.603283302842601,-0.4180969609827011,0.801903167863568,-0.2068258715947177,0.0,0.0,0.997204081418587,1.044238744823955,1.0,0.0,6.066531271540795,-4.197956781976074,0.0,0.0,0.0001663122625740199,0.0006872493257241152,-1.583484843313969e-07,-1.437987682822593e-06,-0.0004986030379133747,-0.0005221204166507221,0.0,0.0,-0.0004986020407092935,-0.0005221193724119775,0.0006070275520775771,-0.0004199844245548192,0.000931787816684667,0.0009554570860660978,-0.000769376277379552,-0.00026775638453988,0.0004947004401940668,0.0005225698925400174,-0.0004370865023175954,-0.0004328863277534247,0.0006032833028426011,-0.0004180969609827011
2,304321.9887107678,0.0,0.9094765699025973,0.8647273504617929,0.5872335185237498,-0.4186359366510419,0.7939660573816502,-0.2070950519124597,0.0,0.0,1.037546323952997,1.045329826878629,1.0,0.0,5.907392802666429,-4.205359454978088,0.0,0.0,0.0001932491368577538,0.0006875533944373236,-1.610007612993949e-07,-1.484335127405611e-06,-0.0005187741995228226,-0.0005226659587691412,0.0,0.0,-0.0005187731619764986,-0.0005226649134393144,0.0005911288093491866,-0.000420747057591894,0.000969457102363954,0.0009556572845408349,-0.0007802623073856485,-0.0002674752043430872,0.0005147179079360856,0.0005232927445825877,-0.0004547382849512987,-0.0004323636752308965,0.0005872335185237498,-0.0004186359366510419
2,316227.7660168334,0.0,0.9448096293400456,0.8622364266634528,0.5711657693290018,-0.4185595142203317,0.7860200519220342,-0.2070600073806548,0.0,0.0,1.077933532952176,1.044863641787173,1.0,0.0,5.748075574585999,-4.206741211595901,0.0,0.0,0.0002202133099954984,0.000686799788776421,-1.630573414928134e-07,-1.532114648468263e-06,-0.000538967844409621,-0.0005224328657572281,0.0,0.0,-0.0005389667664760878,-0.0005224318208935866,0.0005752122005841108,-0.0004209090774861743,0.00100716411529267,0.0009543693899427558,-0.0007911582688556185,-0.0002667502555556422,0.0005347583558130181,0.0005232503143746028,-0.0004724048146700228,-0.0004311182133317264,0.0005711657693290018,-0.0004185595142203317
2,328599.3247600607,0.0,0.9800672456467203,0.8582978913181298,0.5551272238115774,-0.4178683141910569,0.7780884765050413,-0.2067210488402583,0.0,0.0,1.118247124509509,1.042841343885074,1.0,0.0,5.58904720248063,-4.202111369556052,0.0,0.0,0.0002471252804994717,0.0006849886468499877,-1.644397284839002e-07,-1.581401285213345e-06,-0.000559124680501879,-0.0005214217147838807,0.0,0.0,-0.0005591235622547546,-0.0005214206719425369,0.0005593244420743392,-0.0004204714505961106,0.001044797625401238,0.0009515932538606775,-0.0008020319026723066,-0.0002655809808399801,0.0005547630225106322,0.0005224434499037212,-0.0004900336228233601,-0.0004291489456590649,0.0005551272238115774,-0.0004178683141910569
2,341454.8873833552,0.0,1.015145205777651,0.8529195774701879,0.5391646933370818,-0.4165674651791697,0.770194479444546,-0.2060807166456645,0.0,0.0,1.158369411340623,1.039275403620822,1.0,0.0,5.430771755831763,-4.19152406884487,0.0,0.0,0.000273906128876289,0.0006821276491862094,-1.650658238477321e-07,-1.63227627296033e-06,-0.0005791858640397231,-0.0005196387410858149,0.0,0.0,-0.0005791847056703116,-0.0005196377018104112,0.0005435118958327424,-0.0004194396226295223,0.001082247213754244,0.0009473392639178786,-0.0008128511781633763,-0.0002639698514144695,0.0005746735957202133,0.0005208786222632074,-0.0005075726028888256,-0.000426459788735094,0.0005391646933370818,-0.0004165674651791697
2,354813.3892335703,0.0,1.049941221065404,0.8461189379240701,0.5233240861449455,-0.4146665125049601,0.7623607623638099,-0.2051437354651234,0.0,0.0,1.198184975017243,1.034189377127851,1.0,0.0,5.273704345187687,-4.175077370442861,0.0,0.0,0.0003004784336823052,0.000678231863963652,-1.648499748014059e-07,-1.684827161574084e-06,-0.000599093685693597,-0.0005170957227533024,0.0,0.0,-0.0005990924875086216,-0.0005170946885639253,0.0005278200287825267,-0.0004178234286597668,0.001119404553555136,0.0009416281268275079,-0.0008235846632232424,-0.0002619223035695839,0.0005944328930812137,0.0005185678117465354,-0.0005249706105327019,-0.000423059468962035,0.0005233240861449455,-0.0004146665125049601
2,368694.5064519521,0.0,1.084356078094315,0.8379226683884822,0.507649883538288,-0.4121792494618832,0.754609321153882,-0.2039169308448109,0.0,0.0,1.237581982567832,1.027617481408,1.0,0.0,5.118285928297202,-4.15291158866317,0.0,0.0,0.0003267671502760749,0.0006733234622780804,-1.637029842209856e-07,-1.739147897073047e-06,-0.0006187922288658985,-0.0005138097683214816,0.0,0.0,-0.000618790991283916,-0.0005138087407040002,0.0005122928938621017,-0.0004156369265779208,0.001156164638961099,0.000934490469657356,-0.0008342018792990569,-0.0002594466225653014,0.0006139855155578633,0.0005155282975404466,-0.0005421780390471576,-0.0004189613341942411,0.000507649883538288,-0.0004121792494618832
2,383118.6849557231,0.0,1.118294712770017,0.8283661719994411,0.4921846506714693,-0.4091234767693625,0.746961204040855,-0.2024091102584084,0.0,0.0,1.276453416100007,1.019603988960735,1.0,0.0,4.964938459237695,-4.125206911676258,0.0,0.0,0.0003527004313049198,0.0006674313126923959,-1.615320732856361e-07,-1.795338871130303e-06,-0.0006382279845034199,-0.0005098030140843563,0.0,0.0,-0.0006382267080500033,-0.0005098019944803675,0.0004969726453962473,-0.0004128981594340996,0.001192426932385076,0.0009259662722438557,-0.0008446736327487603,-0.0002565537776568483,0.000633278457705355,0.0005117823578779635,-0.0005591473563850085,-0.0004141830859997205,0.0004921846506714693,-0.0004091234767693625
2,398107.1705534914,0.0,1.151667183189841,0.8174928822466425,0.4769685929708901,-0.4055206979179929,0.7394362922192748,-0.2006309124541723,0.0,0.0,1.314698187703645,1.010202461233445,1.0,0.0,4.814060489949649,-4.092180386659824,0.0,0.0,0.0003782103703686701,0.0006605904680309083,-1.582407877918929e-07,-1.853506944721602e-06,-0.00065735040855001,-0.0005051022408191838,0.0,0.0,-0.0006573490938518225,-0.0005051012306167225,0.0004818990996643066,-0.000409628854304648,0.001228096404330905,0.000916104148877321,-0.0008549723150653998,-0.0002532572134889555,0.0006522616610688014,0.0005073568902611175,-0.0005758335915949204,-0.0004087464411233213,0.0004769685929708901,-0.0004055206979179929
2,413682.0402388446,0.0,1.18438952099108,0.8053534653302503,0.4620391673792321,-0.4013957599279462,0.732053107596418,-0.198594629807732,0.0,0.0,1.352222116532172,0.999474844823951,1.0,0.0,4.666023315292767,-4.054082363983158,0.0,0.0,0.000403233653406887,0.0006528415604188931,-1.537288402312266e-07,-1.913765453479313e-06,-0.0006761124104882022,-0.0004997384218868202,0.0,0.0,-0.0006761110582660858,-0.0004997374224119755,0.0004671093497681706,-0.0004058540671172458,0.001263084444144092,0.0009049605016412312,-0.0008650721657036953,-0.0002495726043359736,0.0006708884992590319,0.0005022829636226408,-0.0005921947604955398,-0.0004026767326651252,0.0004620391673792321,-0.0004013957599279462
2,429866.2347082213,0.0,1.216384445586897,0.792004925942653,0.4474307554683195,-0.3967764503848415,0.7248286511313896,-0.1963140090532249,0.0,0.0,1.388938750351447,0.987490457743242,1.0,0.0,4.521167731471097,-4.011192508156055,0.0,0.0,0.0004277121059583777,0.0006442301228287428,-1.478918809583503e-07,-1.976234203332241e-06,-0.0006944707641144739,-0.0004937462163620787,0.0,0.0,-0.0006944693751757236,-0.000493745228871621,0.0004526374417780864,-0.0004016017841968015,0.001297309625101644,0.0008925985709469594,-0.0008749494927136059,-0.0002455175785777974,0.0006891161859237492,0.0004965953159707066,-0.0006081922227934486,-0.0003960024629713265,0.0004474307554683195,-0.0003967764503848415
2,446683.5921509565,0.0,1.24758193081821,0.7775096423056155,0.4331744031459674,-0.39169306244798,0.7177782741058035,-0.1938040361761454,0.0,0.0,1.424770019676918,0.9743248951344159,1.0,0.0,4.379801454673593,-3.963815491508939,0.0,0.0,0.0004515931283387009,0.0006348058567932358,-1.406211931171198e-07,-2.041039465722513e-06,-0.0007123864346084785,-0.0004871634218921028,0.0,0.0,-0.0007123850098384588,-0.000487162447567208,0.0004385141168364028,-0.0003969024921178843,0.001330698312715961,0.000879087410758735,-0.0008845828479569495,-0.0002411114213649312,0.0007069060997249258,0.000490331812096285,-0.0006237909654091049,-0.0003887548211528077,0.0004331744031459674,-0.00039169306244798
2,464158.8833612709,0.0,1.277919618771924,0.7619343569763045,0.4192976293153525,-0.3861779398342664,0.7109155834923353,-0.1910807114037995,0.0,0.0,1.459646718569104,0.9600588846189132,1.0,0.0,4.242197223309287,-3.912276489629757,0.0,0.0,0.0004748300147627837,0.0006246218664595626,-1.318033073527081e-07,-2.108313982088705e-06,-0.0007298248189312704,-0.0004800304023683413,0.0,0.0,-0.000729823359284552,-0.0004800294423094566,0.0004247666215548816,-0.0003917887277550545,0.001363185110689969,0.00086450081672955,-0.0008939531552917823,-0.0002363747636401903,0.0007242240233843883,0.0004835328763070408,-0.0006389598093859618,-0.0003809671784881523,0.0004192976293153525,-0.0003861779398342664
2,482317.8482239234,0.0,1.307343080574657,0.7453491495167976,0.4058243035526357,-0.3802650135901783,0.7042523814536145,-0.1881608201348248,0.0,0.0,1.493508811920904,0.9447771209610231,1.0,0.0,4.108591584482979,-3.856916595690874,0.0,0.0,0.0004973821562854197,0.0006137338788438362,-1.213195336463209e-07,-2.178196987404638e-06,-0.0007467558994692638,-0.0004723895052576324,0.0,0.0,-0.0007467544059604521,-0.0004723885604805115,0.0004114185867700382,-0.0003862946202334107,0.001394713144348624,0.0008489162350210085,-0.0009030437916726364,-0.000231329265551472,0.0007410402967182144,0.0004762409149134603,-0.0006536715402873285,-0.0003726745747583988,0.0004058243035526357,-0.0003802650135901783
2,501187.2336272647,0.0,1.335805928631256,0.7278264157131034,0.3927745907560678,-0.3739893418247537,0.6977986379592198,-0.1850617053330373,0.0,0.0,1.52630557438022,0.9285671081342182,1.0,0.0,3.979184344411633,-3.798088264461003,0.0,0.0,0.0005192151309884874,0.0006021994690677268,-1.090454087938961e-07,-2.250834262403255e-06,-0.0007631543134956844,-0.0004642844826342171,0.0,0.0,-0.0007631527871901099,-0.0004642835540671091,0.0003984899726283961,-0.0003804554358484722,0.001425234186336119,0.0008324136780784995,-0.0009118406225434583,-0.0002259973018577111,0.0007573298862145621,0.0004684997423955323,-0.0006679029643156281,-0.0003639132078565517,0.0003927745907560678,-0.0003739893418247537
2,520794.8328595385,0.0,1.363269788851191,0.7094398757916083,0.3801649588730385,-0.367386662561239,0.6915624945952858,-0.1818010464087603,0.0,0.0,1.557995570693573,0.9115180343205078,1.0,0.0,3.854138644170524,-3.736150886731534,0.0,0.0,0.0005403006879411976,0.0005900773076556731,-9.485005905880265e-08,-2.326378223741475e-06,-0.0007789993433423573,-0.000455759928678288,0.0,0.0,-0.0007789977853467864,-0.0004557590171602539,0.0003859970761441651,-0.0003743071360189217,0.001454708633707556,0.0008150746712479089,-0.0009203319941626098,-0.0002204016562394884,0.0007730723760121718,0.0004603540239122291,-0.0006816348944255953,-0.0003547199378958041,0.0003801649588730385,-0.000367386662561239
2,541169.5265464555,0.0,1.389704144758341,0.6902636312046135,0.3680082442912965,-0.3604929685604168,0.6855502968894244,-0.1783966489656241,0.0,0.0,1.588546491077605,0.8937197020943507,1.0,0.0,3.73358160708451,-3.671466581953044,0.0,0.0,0.0005606166340177132,0.0005774264447779842,-7.859547832239798e-08,-2.404988060835685e-06,-0.0007942748340852933,-0.0004468607447668773,0.0,0.0,-0.0007942732455388024,-0.0004468598510471754,0.0003739525958659126,-0.0003678859570436253,0.00148310534911567,0.0007969812510551882,-0.0009285086865258307,-0.0002145652305407808,0.0007882518870323545,0.0004518487451892502,-0.0006948520723791705,-0.0003451318156023068,0.0003680082442912965,-0.0003604929685604168
2,562341.3251903405,0.0,1.415086067933872,0.6703712862478879,0.3563137683219897,-0.3533441114679482,0.6797666519007265,-0.1748662490486979,0.0,0.0,1.617934858137549,0.875261532270213,1.0,0.0,3.617605492591719,-3.604396282000149,0.0,0.0,0.0005801466345983775,0.0005643056438065508,-6.013572261329108e-08,-2.48682992748016e-06,-0.0008089690470036329,-0.0004376316413966388,0.0,0.0,-0.0008089674290687747,-0.0004376307661351065,0.0003623657471410811,-0.0003612280189480224,0.001510401381514931,0.000778215032444463,-0.0009363638313457656,-0.0002085107739456804,0.0008028569324619276,0.0004430287189492329,-0.0007075430339669361,-0.000335185643123944,0.0003563137683219897,-0.0003533441114679482
2,584341.4133735087,0.0,1.439399850974672,0.6498351472364139,0.3450874974155034,-0.3459754410337862,0.674214507435575,-0.1712273347364609,0.0,0.0,1.646145623828994,0.8562316558599428,1.0,0.0,3.506269283606127,-3.535296163078399,0.0,0.0,0.0005988799405063083,0.0005507727738523482,-3.931602221149532e-08,-2.572077195716223e-06,-0.0008230744580601208,-0.0004281166841616272,0.0,0.0,-0.0008230728119144969,-0.0004281158279299714,0.0003512424206878471,-0.0003543689691160682,0.001536581583652752,0.0007588563585015469,-0.0009438928000754521,-0.0002022606360075063,0.0008168802187655652,0.0004339381350481928,-0.0007196999254873363,-0.0003249175736182069,0.0003450874974155034,-0.0003459754410337863
2,607202.1956909792,0.0,1.462636560087368,0.6287255083890704,0.3343322393246334,-0.3384214835297176,0.6688952490391092,-0.1674969871169975,0.0,0.0,1.673171676030967,0.8367161045086808,1.0,0.0,3.399600630176154,-3.464514466706876,0.0,0.0,0.0006168110542425498,0.0005368842682319241,-1.59718126054157e-08,-2.660910778807292e-06,-0.0008365875111871598,-0.0004183588889704449,0.0,0.0,-0.0008365858380154837,-0.0004183580522543404,0.0003405853767612801,-0.000347343664797462,0.001561638144618151,0.0007389835423794257,-0.0009510930672566309,-0.000195836546342476,0.0008303184019379069,0.0004246201594593821,-0.0007313182800436839,-0.0003143627541945352,0.0003343322393246334,-0.0003384214835297176
2,630957.3444801836,0.0,1.484793524645398,0.6071100301236692,0.324047867333838,-0.3307156619258618,0.6638088108648088,-0.1636917419147589,0.0,0.0,1.699013274538928,0.8167981058432623,1.0,0.0,3.29759807128519,-3.392388735193128,0.0,0.0,0.000633939348745366,0.000522694653179584,1.007231455061362e-08,-2.753519529646021e-06,-0.0008495083362827386,-0.000408399869719737,0.0,0.0,-0.0008495066372694642,-0.0004083990529216312,0.0003303944671057058,-0.0003401858970296962,0.001585570055941645,0.0007186722074657902,-0.0009579640545353263,-0.0001892594227395072,0.000843171808825422,0.0004151165852939255,-0.0007423967623226988,-0.0003035550150618346,0.000324047867333838,-0.0003307156619258618
2,655641.8494179688,0.0,1.505873780608561,0.5850532122733811,0.3142315648653387,-0.3228900589387632,0.6589537966196202,-0.1598274723180596,0.0,0.0,1.723677435803241,0.796557486526439,1.0,0.0,3.200233458542173,-3.319243472660577,0.0,0.0,0.0006502686515753309,0.0005082561486902948,3.900373964401194e-08,-2.850100720518948e-06,-0.0008618404415790561,-0.0003982795398207061,0.0,0.0,-0.0008618387179016203,-0.0003982787432632195,0.0003206668770752039,-0.0003329281570802016,0.001608382529286895,0.0006979947284315279,-0.0009645069605562495,-0.0001825492084522873,0.0008554441331088345,0.0004054675372416254,-0.0007529368903042804,-0.0002925266061366906,0.0003142315648653386,-0.0003228900589387632
2,681292.0690579507,0.0,1.525885483753577,0.5626159619028523,0.3048780832016518,-0.3149752227770936,0.6543276069940952,-0.155919292921212,0.0,0.0,1.747177284660428,0.77607018257582,1.0,0.0,3.107454509760109,-3.245388229934274,0.0,0.0,0.0006658068067031675,0.0004936183412197204,7.102302210288625e-08,-2.950860609915126e-06,-0.0008735903895074989,-0.0003880358673580925,0.0,0.0,-0.0008735886423302142,-0.00038803509128791,0.0003113973807287174,-0.0003256014452396867,0.001630086382764808,0.0006770197727781587,-0.0009707245816553411,-0.0001757247385670291,0.0008671421150025359,0.0003957112292107707,-0.0007629427418767887,-0.0002813079809514262,0.0003048780832016519,-0.0003149752227770936
2,707945.7843841269,0.0,1.54484130731162,0.53985525299081,0.2959800056749496,-0.30700001431485,0.6499265702890819,-0.1519814841531292,0.0,0.0,1.769531389768781,0.7554078537507398,1.0,0.0,3.019187426474319,-3.171116100725368,0.0,0.0,0.0006805652250537475,0.0004788279261254413,1.063451863818382e-07,-3.05601510201208e-06,-0.0008847674644157802,-0.0003777046822832235,0.0,0.0,-0.0008847656948843904,-0.0003777039268753699,0.0003025786023110411,-0.0003182351207122798,0.001650697411463187,0.000655811939929299,-0.0009766211278527115,-0.0001688036345959543,0.0008782752129660703,0.0003858837735786413,-0.0007724206536558099,-0.000269927626495405,0.0002959800056749496,-0.00030700001431485
2,735642.2544596299,0.0,1.562757836974407,0.5168238732876724,0.2875280124119995,-0.298991493530587,0.6457460733156161,-0.1480274361234297,0.0,0.0,1.790763097603357,0.7346375965693732,1.0,0.0,2.935339516770442,-3.096702607719843,0.0,0.0,0.0006945584337140487,0.0004639285162392481,1.452010877692653e-07,-3.165790504622604e-06,-0.0008953833395647761,-0.0003673195329222832,0.0,0.0,-0.0008953815488016786,-0.0003673187982846866,0.0002942012782620492,-0.0003108567904654729,0.001670235756047534,0.0006344314928202561,-0.0009822020381449192,-0.000161802225842167,0.0008888552748024939,0.0003760190393525466,-0.0007813789184872035,-0.0002584119366438362,0.0002875280124119995,-0.000298991493530587
2,764422.2742525883,0.0,1.579654974427439,0.4935702521551935,0.2795111405382945,-0.290974842366359,0.6417806900476378,-0.1440696104783828,0.0,0.0,1.810899877816684,0.7138217487965134,1.0,0.0,2.855801772868535,-3.022404950389674,0.0,0.0,0.0007078036323439341,0.0004489605118142281,1.878388595220266e-07,-3.280424391745617e-06,-0.0009054517498082199,-0.0003569115882200055,0.0,0.0,-0.0009054499389083423,-0.0003569108743982567,0.00028625451470336,-0.0003034922342248128,0.00168872528137137,0.000612934175334563,-0.0009874737985414161,-0.0001547354956164537,0.0008988962145026759,0.0003661485556867141,-0.0007898274872137195,-0.0002467851260775967,0.0002795111405382945,-0.000290974842366359
2,794328.234724269,0.0,1.595555358697033,0.4701383621317405,0.2719170355910822,-0.282973320673062,0.638024305925563,-0.1401195186182024,0.0,0.0,1.829972690644053,0.6930177770179103,1.0,0.0,2.780451361295381,-2.948461581519392,0.0,0.0,0.0007203202639047834,0.0004339610262709959,2.345254435018036e-07,-3.400166577436713e-06,-0.0009149881752947168,-0.0003465095815267322,0.0,0.0,-0.0009149863453220263,-0.0003465088885089552,0.0002787260361893665,-0.0002961653623162589,0.001706192975043809,0.0005913711077967248,-0.0009924437657118645,-0.0001476170500608054,0.0009084137001399343,0.0003563014565924927,-0.0007977776793485165,-0.0002350691810658703,0.0002719170355910822,-0.000282973320673062
2,825404.1852680054,0.0,1.610483812741332,0.4465676863056351,0.2647321907301486,-0.2750082516034581,0.6344702361237021,-0.1361877144761464,0.0,0.0,1.848015384922244,0.6722782381489824,1.0,0.0,2.70915399179335,-2.875092076416316,0.0,0.0,0.0007321296054098869,0.0004189638616618196,2.855482071206917e-07,-3.525280208497985e-06,-0.0009240095404765073,-0.0003361397913527293,0.0,0.0,-0.000924007692461122,-0.0003361391190744912,0.0002716024223403557,-0.0002888982027569842,0.0017226683739279,0.000569788752018261,-0.0009971199985408519,-0.0001404591071253736,0.0009174248570734214,0.0003465044622977574,-0.0008052419063706662,-0.0002232838431528176,0.0002647321907301486,-0.0002750082516034581
2,857695.8985908806,0.0,1.624466820941805,0.4228932432724843,0.2579421711370357,-0.2670990326688374,0.6311113364910484,-0.1322837999880048,0.0,0.0,1.865064133274393,0.6516508053599545,1.0,0.0,2.641766139059997,-2.802497257335653,0.0,0.0,0.0007432543830519223,0.0004039995275287589,3.412166499748692e-07,-3.656042984474977e-06,-0.00093253393170133,-0.0003258260543307825,0.0,0.0,-0.0009325320666371967,-0.0003258254026799772,0.000264869329769218,-0.0002817109138518684,0.001738183024656845,0.0005482289370588237,-0.001001511099338298,-0.0001332725031514825,0.0009259479897191216,0.0003367818925293385,-0.0008122334104709023,-0.0002114466216362422,0.0002579421711370357,-0.0002670990326688374
2,891250.9381337314,0.0,1.637532041510715,0.3991456614471167,0.2515318217352499,-0.2592631686655845,0.6279401062418143,-0.128416441375743,0.0,0.0,1.88115690914789,0.6311783488746873,1.0,0.0,2.578137098763304,-2.730859535559457,0.0,0.0,0.0007537184148141696,0.0003890952968216566,4.018642040282059e-07,-3.79274851463743e-06,-0.0009405803357308538,-0.0003155898056156926,0.0,0.0,-0.0009405784545739449,-0.0003155891744373437,0.0002585116974475615,-0.0002746218185437637,0.001752769982509968,0.0005267289368484538,-0.001005626065951032,-0.0001260667145090155,0.0009340023242225697,0.0003271557069792343,-0.0008187660207553574,-0.0001995728307235584,0.0002515318217352499,-0.0002592631686655845
2,926118.7281287787,0.0,1.649707856355912,0.375351294740317,0.2454854570305614,-0.2515163227784064,0.6249487818017211,-0.1245933944187537,0.0,0.0,1.896333008715976,0.6108990623525737,1.0,0.0,2.51811086588064,-2.660343434569141,0.0,0.0,0.0007635462825524852,0.0003742752927143322,4.678501315816904e-07,-3.935707823001934e-06,-0.0009481684006909971,-0.0003054501420753491,0.0,0.0,-0.0009481665043579883,-0.0003054495311762869,0.0002525139343166754,-0.0002676474568656372,0.001766463351422278,0.0005053215910610313,-0.001009474155564238,-0.0001188498918095748,0.0009416077735364653,0.0003176455683395781,-0.0008248539281779561,-0.0001876756473701585,0.0002454854570305614,-0.0002515163227784063
2,962350.6263980733,0.0,1.661022959656755,0.3515323720403571,0.2397870324528107,-0.2438723823527686,0.6221294215040037,-0.1208215369780185,0.0,0.0,1.910632619188785,0.5908466260293793,1.0,0.0,2.461527829176886,-2.591096259597863,0.0,0.0,0.0007727630345544523,0.0003595606004756224,5.395615255089672e-07,-4.085251014023985e-06,-0.0009553182202270116,-0.0002954239038613158,0.0,0.0,-0.0009553163095943924,-0.0002954233130146896,0.0002468600885248972,-0.0002608026530272327,0.00177929786653177,0.0004840354610743067,-0.001013064760585367,-0.0001116289043468222,0.0009487847256804334,0.0003082689235217559,-0.0008305114798283774,-0.0001757661860201786,0.0002397870324528107,-0.0002438723823527686
2,999999.9999999839,0.0,1.671505985311937,0.3277071735081556,0.2344202970752548,-0.2363435360769064,0.6194739810736899,-0.1171069071610185,0.0,0.0,1.924096433835135,0.5710503984153423,1.0,0.0,2.408226280533942,-2.52324888131109,0.0,0.0,0.0007813939187511082,0.0003449693989754365,6.174154163342602e-07,-4.241729113340081e-06,-0.0009620501410140016,-0.0002855257702580694,0.0,0.0,-0.0009620482169175677,-0.0002855251992076712,0.0002415339981620764,-0.0002541005939149093,0.001791308519505468,0.0004628950134439835,-0.001016407296667576,-0.0001044093925866296,0.0009555538553435144,0.0002990410989827323,-0.0008357529926559684,-0.0001638535867540778,0.0002344202970752548,-0.0002363435360769064
2,1039122.303835152,0.0,1.681185172519783,0.3038902273569946,0.2293689279953029,-0.228940359602836,0.6169743800403943,-0.1134547456581485,0.0,0.0,1.93676531299004,0.5515356290748572,1.0,0.0,2.358043741879106,-2.456916604234822,0.0,0.0,0.000789464146070909,0.0003305171068965912,7.018609906577121e-07,-4.405516099874227e-06,-0.0009683845932603328,-0.0002757683660730576,0.0,0.0,-0.0009683826564950197,-0.0002757678145374286,0.000236519423764867,-0.0002475529160702207,0.001802530225926489,0.0004419208240092929,-0.001019511102649445,-9.719582673527183e-05,0.0009619359584814255,0.0002899754064405682,-0.0008405925862598916,-0.0001519451136784973,0.0002293689279953029,-0.000228940359602836
2,1079775.162327692,0.0,1.69008806803498,0.2800925215037384,0.2246166469856984,-0.2216719069481521,0.6146225593806719,-0.1098695409358375,0.0,0.0,1.94867998950377,0.5323236857966975,1.0,0.0,2.310818115674827,-2.392200093653418,0.0,0.0,0.0007969986828795517,0.0003162165392575356,7.933819251740696e-07,-4.577011147739192e-06,-0.0009743419434318746,-0.0002661623752220346,0.0,0.0,-0.0009743399947518851,-0.0002661618428983488,0.0002318001631876809,-0.0002411697985228073,0.001812997533260624,0.0004211297964933413,-0.00102238535196815,-8.99915696273429e-05,0.000967951809155066,0.0002810832556489507,-0.00084504403401749,-0.0001400462607518692,0.0002246166469856984,-0.0002216719069481522
2,1122018.454301945,0.0,1.698241263098808,0.2563217252155809,0.2201473202743595,-0.2145458053411283,0.6124105308142084,-0.1063550761301516,0.0,0.0,1.959880816460527,0.5134322902693315,1.0,0.0,2.266388667391889,-2.329186337884744,0.0,0.0,0.000804022071030211,0.000302078070396769,8.924988400619945e-07,-4.756641098660465e-06,-0.0009799423681110802,-0.0002567166585669559,0.0,0.0,-0.0009799404082302637,-0.0002567161451346657,0.0002273601496797256,-0.0002349600591715129,0.001822744367336442,0.0004005353902281958,-0.001025038974933626,-8.27989424023734e-05,0.0009736220375457759,0.0002723742712986802,-0.0008491206315494038,-0.0001281608626077905,0.0002201473202743595,-0.0002145458053411283
2,1165914.401179813,0.0,1.705670162645374,0.2325824166085277,0.2159450424921931,-0.2075683514888582,0.6103304182676694,-0.1029144766415007,0.0,0.0,1.970407554537473,0.4948757571726945,1.0,0.0,2.224596850171486,-2.267949625991536,0.0,0.0,0.0008105582737473194,0.0002881098001126375,9.997718748168862e-07,-4.944863188133732e-06,-0.000985205747676291,-0.0002474383734621044,0.0,0.0,-0.0009852037772687364,-0.0002474378785863473,0.0002231835341865881,-0.0002289312527225197,0.001831803814849562,0.0003801478523943128,-0.001027480591127422,-7.561929166007009e-05,0.0009789670278567118,0.0002638564115076323,-0.000852835081322687,-0.0001162912083042639,0.0002159450424921931,-0.0002075683514888582
2,1211527.658628569,0.0,1.712398784125058,0.2088763125610282,0.2119942059500305,-0.2007446075527393,0.6083744920802965,-0.09955025758164349,0.0,0.0,1.980299196066584,0.4766652323627508,1.0,0.0,2.185286983075541,-2.20855252401374,0.0,0.0,0.0008166305453626288,0.0002743177201736668,1.115803388630638e-06,-5.142168051199376e-06,-0.0009901515783324881,-0.0002383330928466078,0.0,0.0,-0.000990149598033292,-0.0002383326161813754,0.0002192547530139456,-0.0002230897684956668,0.001840207939118516,0.0003599744508951626,-0.001029718451109357,-6.845305699930415e-05,0.0009840068346572029,0.000255536085738336,-0.000856199392062529,-0.0001044381562805141,0.0002119942059500305,-0.0002007446075527393
2,1258925.411794147,0.0,1.718449583139159,0.1852024982741369,0.2082795564773747,-0.1940784954009381,0.606535196560719,-0.09626437036525663,0.0,0.0,1.989593822679478,0.4588089265418364,1.0,0.0,2.14830679501801,-2.15104683564197,0.0,0.0,0.0008222613228055092,0.0002607058789046712,1.241240786151793e-06,-5.349083036582407e-06,-0.000994798900933562,-0.0002294049220798447,0.0,0.0,-0.0009947969113397392,-0.0002294044632709182,0.0002155585820600706,-0.000217440926693448,0.00184798762615618,0.0003400197046753389,-0.001031760386566868,-6.129983804702144e-05,0.000988761116137017,0.0002474182703357723,-0.0008592247915695794,-9.260124913706847e-05,0.0002082795564773747,-0.0001940784954009381
2,1308177.474260173,0.0,1.7238433030278,0.1615576543286975,0.204786237085661,-0.18757288796917,0.6048051715193028,-0.09305824786770021,0.0,0.0,1.998328493337131,0.4413123414650486,1.0,0.0,2.113507846749197,-2.095474535853129,0.0,0.0,0.0008274721367025478,0.0002472765420056394,1.376779467848033e-06,-5.566175861008614e-06,-0.0009991662449970594,-0.0002206566120448657,0.0,0.0,-0.0009991642466685656,-0.0002206561707325243,0.000212080178851504,-0.0002119890719871066,0.001855172458056267,0.0003202856089237967,-0.001033613768024258,-5.41584602712919e-05,0.000993249082699064,0.0002395066202017938,-0.0008619216515139001,-8.077882716434875e-05,0.000204786237085661,-0.00018757288796917
2,1359356.390878503,0.0,1.728598845579013,0.137936279654695,0.2014998207154264,-0.1812296967966039,0.6031772683987374,-0.08993284768701743,0.0,0.0,2.006539159551656,0.4241784863243577,1.0,0.0,2.080745843211536,-2.041868668370179,0.0,0.0,0.0008322835399523082,0.0002340303481680739,1.523165902192125e-06,-5.794058638767184e-06,-0.001003271586314988,-0.0002120896673406652,0.0,0.0,-0.001003269579775828,-0.0002120892431621788,0.0002088051136106788,-0.000206737663508175,0.00186179061071028,0.0003007718531770963,-0.001035285469233357,-4.70270390416222e-05,0.0009974894593219276,0.0002318035754134691,-0.0008642994227895065,-6.89681398273475e-05,0.0002014998207154264,-0.0001812296967966039
2,1412537.544622731,0.0,1.732733160114717,0.1143309093359524,0.1984063332976617,-0.1750499550118515,0.6016445616111809,-0.08688869315108876,0.0,0.0,2.01426060467691,0.4074080824749331,1.0,0.0,2.049880848272901,-1.990254199877602,0.0,0.0,0.0008367150516955246,0.0002209664584183063,1.681200814445076e-06,-6.033392325047938e-06,-0.001007132316599059,-0.0002037044486455489,0.0,0.0,-0.001007130302338455,-0.0002037040412374666,0.0002057193905528044,-0.0002016893605406389,0.001867868772948881,0.0002814760308481738,-0.001036781837391643,-3.990304155120084e-05,0.001001500460158363,0.0002243104618492884,-0.0008663665800573586,-5.716545466797618e-05,0.0001984063332976617,-0.0001750499550118515
2,1467799.267622045,0.0,1.736261148345363,0.09073232662470054,0.1954922683113474,-0.1690338952249139,0.6002003556664341,-0.08392591180027224,0.0,0.0,2.0215264042621,0.3909997551226364,1.0,0.0,2.020777413337948,-1.940648825723213,0.0,0.0,0.0008407851146901985,0.0002080826984346695,1.851742483853711e-06,-6.284891615229852e-06,-0.001010765223657454,-0.0001955002685610733,0.0,0.0,-0.00101076320213105,-0.0001954998775613182,0.0002028094605585112,-0.0001968461033886999,0.001873432084327973,0.0002623938391543064,-0.001038108668371257,-3.278334635072044e-05,0.001005299773894143,0.0002170275851096296,-0.0008681305741726817,-4.536616331235028e-05,0.0001954922683113474,-0.0001690338952249139
2,1525222.956538993,0.0,1.739195582557357,0.06712976893757383,0.192744593957538,-0.1631810219355316,0.5988381886451652,-0.08104427115224389,0.0,0.0,2.028368904612922,0.3749502109800771,1.0,0.0,1.993304630696296,-1.893063723374039,0.0,0.0,0.0008445110642151948,0.0001953756933614492,2.035710137537647e-06,-6.549330346127024e-06,-0.001014186480675366,-0.0001874754804402495,0.0,0.0,-0.001014184452306461,-0.0001874751054900385,0.0002000622263043064,-0.0001922091890487231,0.001878504088940395,0.0002435192688058697,-0.001039271186189655,-2.566430036055056e-05,0.001008904558466135,0.000209954317207314,-0.0008695977912786786,-3.356488446878692e-05,0.0001927445939575381,-0.0001631810219355316
2,1584893.192461087,0.0,1.741547034896362,0.04351112795030299,0.1901507540002751,-0.1574901781982063,0.5975518325365892,-0.07824321161988852,0.0,0.0,2.034819216875923,0.3592544012250392,1.0,0.0,1.967336121736821,-1.847504251184486,0.0,0.0,0.0008479091067544187,0.0001828409948777254,2.234087425131147e-06,-6.827547449188928e-06,-0.001017411643257178,-0.0001796275598669208,0.0,0.0,-0.001017409608437962,-0.0001796272006125196,0.0001974650408596162,-0.00018777934144292,0.001883106702818184,0.0002248447831487247,-0.001040274026009369,-1.854177332831497e-05,0.001012331443822968,0.0002030891756624454,-0.0008707735174481812,-2.175556397515149e-05,0.0001901507540002752,-0.0001574901781982063
2,1646897.865482841,0.0,1.74332381572737,0.01986314420722746,0.1876986632501853,-0.1519596063911815,0.5963352909232409,-0.07552187650594902,0.0,0.0,2.040907224143018,0.3439056693645233,1.0,0.0,1.942749969380201,-1.803970591097831,0.0,0.0,0.0008509943068532172,0.0001704732004768755,2.447925953271387e-06,-7.12045350977493e-06,-0.001020455652978733,-0.000171953178587931,0.0,0.0,-0.001020453612071509,-0.0001719528346822616,0.0001950057006811129,-0.0001835567760785167,0.001887260192688576,0.000206361486732249,-0.001041121220013694,-1.141120978626065e-05,0.001015596541501076,0.0001964298947654913,-0.0008716619078636852,-9.931572103613729e-06,0.0001876986632501853,-0.0001519596063911815
2,1711328.304161752,0.0,1.744531919283036,-0.003828403081938214,0.185376698591208,-0.1465870030231208,0.5951827944582566,-0.07287913904082251,0.0,0.0,2.046661599256345,0.3288958838257229,1.0,0.0,1.919428603289818,-1.762458334758762,0.0,0.0,0.0008537805806843463,0.000158266065075463,2.678348853182247e-06,-7.429037990835232e-06,-0.001023332846289772,-0.0001644482708087452,0.0,0.0,-0.001023330799628173,-0.0001644479419128615,0.0001926724338554011,-0.0001795412590817379,0.001890983164052198,0.0001880592835071552,-0.00104181618556759,-4.267678636246663e-06,0.001018715459878761,0.0001899734888765273,-0.0008722659596415182,1.914201540969107e-06,0.000185376698591208,-0.0001465870030231208
2,1778279.410038893,0.0,1.745174975050857,-0.02757851016711965,0.1831736863771682,-0.1413695675794371,0.5940887945441777,-0.07031362646355468,0.0,0.0,2.052109831171672,0.3142155552679948,1.0,0.0,1.897258645640262,-1.722959013187719,0.0,0.0,0.0008562806950027924,0.0001462126052060864,2.926554347773638e-06,-7.754377183576328e-06,-0.001026056967695667,-0.0001571080918495526,0.0,0.0,-0.001026054915585836,-0.0001571077776339974,0.000190453884362566,-0.0001757321606231425,0.001894292556758446,0.0001699270250476119,-0.001042361715137927,2.894079449686227e-06,0.001021703324058043,0.0001837163077096817,-0.0008725874875254283,1.378925508355983e-05,0.0001831736863771683,-0.0001413695675794371
2,1847849.79742226,0.0,1.74525420359433,-0.05140276572843927,0.181078886954985,-0.1363040454625843,0.5930479555877921,-0.06782374117189523,0.0,0.0,2.057278257906304,0.2998539387433743,1.0,0.0,1.876130724473228,-1.685460570679923,0.0,0.0,0.0008585062703130031,0.0001343051961547603,3.193819276731416e-06,-8.0976429518893e-06,-0.00102864118623141,-0.0001499272692256259,0.0,0.0,-0.001028639128953152,-0.0001499269693716872,0.0001883390930575826,-0.0001721285028019265,0.001897203646456913,0.0001519526493460929,-0.001042759967510895,1.007960657166407e-05,0.001024574799405544,0.0001776540836130789,-0.0008726271017971652,2.570138286421964e-05,0.000181078886954985,-0.0001363040454625843
2,1920141.938638769,0.0,1.744768375751744,-0.07531716946007982,0.1790819770067565,-0.1313867651194275,0.5920551461737132,-0.06540767898639284,0.0,0.0,2.062192104250737,0.2857991209333687,1.0,0.0,1.855939260967868,-1.649947783965071,0.0,0.0,0.0008604677872081357,0.0001225356624902224,3.481502528874009e-06,-8.460112341375142e-06,-0.001031098114317473,-0.0001428998462658053,0.0,0.0,-0.001031096052125369,-0.0001428995604666843,0.000186317475995679,-0.0001687290020939604,0.001899730050501672,0.000134123310851754,-0.001043012459907913,1.729468380483323e-05,0.001027344117857424,0.0001717819708989631,-0.0008723841878758722,3.765858473003991e-05,0.0001790819770067565,-0.0001313867651194276
2,1995262.314968846,0.0,1.743713774408032,-0.09933795090468711,0.1771730303450213,-0.1266136694763236,0.5911054294708467,-0.06306344458703185,0.0,0.0,2.06687552255895,0.2720380927625015,1.0,0.0,1.836582236308032,-1.616402627918899,0.0,0.0,0.000862174594972856,0.0001108953624985587,3.791048320447197e-06,-8.843178127581858e-06,-0.001033439828154997,-0.0001360193184193434,0.0,0.0,-0.001033437761279475,-0.0001360190463812508,0.0001843788006625568,-0.0001655321064936195,0.001901883737075699,0.0001164255025187628,-0.00104312006066401,2.454528874441808e-05,0.001030025106157908,0.0001660945773090575,-0.0008718568872040163,4.966897545234356e-05,0.0001771730303450213,-0.0001266136694763236
2,2073321.57348592,0.0,1.742084158290489,-0.1234813870676774,0.1753424977449629,-0.1219803418208641,0.5901940531610453,-0.06078886418989715,0.0,0.0,2.071351635048249,0.2585568077398801,1.0,0.0,1.817960943249953,-1.584804589274648,0.0,0.0,0.0008636349216642608,9.937526708707345e-05,4.123989245861747e-06,-9.248360381414591e-06,-0.001035677888875759,-0.0001292786624267478,0.0,0.0,-0.001035675817524124,-0.00012927840386994,0.0001825131606116656,-0.0001625360274948649,0.001903675036484321,9.884517070410803e-05,-0.001043082982194549,3.183755404602417e-05,0.001032631215254918,0.0001605859877193339,-0.0008710420791452443,6.17406935338387e-05,0.0001753424977449629,-0.0001219803418208641
2,2154434.690031847,0.0,1.739870727499268,-0.1477636172532124,0.173581186354817,-0.1174820262804017,0.5893164391583858,-0.0585815955367974,0.0,0.0,2.0756425761343,0.2453402264142848,1.0,0.0,1.799979726986226,-1.555130929859253,0.0,0.0,0.0008648558850040677,8.796603375862966e-05,4.481949013484288e-06,-9.677319132386355e-06,-0.001037823363709726,-0.0001226703585473687,0.0,0.0,-0.00103782128806715,-0.0001226701132071424,0.0001807109489590455,-0.0001597387670643168,0.001905112653739343,8.136782380867392e-05,-0.001042900774035946,3.917772659027541e-05,0.001035175550118982,0.0001552497801988975,-0.000869935363749634,7.38818086266062e-05,0.000173581186354817,-0.0001174820262804017
2,2238721.138568301,0.0,1.737062090749933,-0.1722004534948718,0.1718802391915858,-0.1131136430533599,0.588468173370784,-0.05643913527361384,0.0,0.0,2.079769533399542,0.2323723473509063,1.0,0.0,1.78254571946848,-1.527356900892452,0.0,0.0,0.0008658435035231171,7.665807628448595e-05,4.866644763304061e-06,-1.013186821219806e-05,-0.001039886846469304,-0.0001161864060478005,0.0,0.0,-0.001039884766699771,-0.0001161861736754531,0.0001789628311418771,-0.0001571381397598991,0.001906203681719374,6.397863559425227e-05,-0.001042572315806484,4.65721268827074e-05,0.001037670899282317,0.0001500790345421416,-0.0008685310453749666,8.61002267474359e-05,0.0001718802391915858,-0.00011311364305336
2,2326305.067153586,0.0,1.733644234580097,-0.1968071849035795,0.1702311152035378,-0.1088697985517214,0.5876449957432093,-0.05435882379426148,0.0,0.0,2.083752785843233,0.2196362250538045,1.0,0.0,1.765568570993313,-1.501455909852407,0.0,0.0,0.00086660270750398,6.544163072186304e-05,5.279888845453187e-06,-1.061399036176909e-05,-0.001041878476674402,-0.0001098183321631273,0.0,0.0,-0.001041876392921616,-0.0001098181125269023,0.000177259717309975,-0.0001547317901445207,0.0019069536143477,4.666254413518276e-05,-0.001042095809992247,5.402710828412982e-05,0.001040129763413418,0.0001450663333941574,-0.0008668221172900484,9.840359245178976e-05,0.0001702311152035378,-0.0001088697985517214
2,2417315.480804062,0.0,1.729600495057756,-0.22159837422345,0.1686255703639229,-0.1047447906137124,0.5868427908135507,-0.05233784762740414,0.0,0.0,2.087611738088619,0.2071139752720921,1.0,0.0,1.748960182574359,-1.477399641343101,0.0,0.0,0.0008671373493621959,5.430681843378304e-05,5.723589918501874e-06,-1.112585368391886e-05,-0.001043807956656048,-0.0001035571947500213,0.0,0.0,-0.00104380586904431,-0.0001035569876360461,0.0001755927346900485,-0.0001525172056365987,0.001907366359377797,2.940434737888956e-05,-0.001041468774523421,6.154901565513793e-05,0.001042564382248424,0.0001402037560889887,-0.0008648002475288779,0.000110799187111725,0.0001686255703639229,-0.0001047447906137124
2,2511886.431509537,0.0,1.724911532827728,-0.2465876448742244,0.1670556402517391,-0.1007326089461812,0.5860575790082172,-0.05037323944326522,0.0,0.0,2.091364949227785,0.1947867681443541,1.0,0.0,1.732634442416953,-1.455158133309671,0.0,0.0,0.000867450213200241,4.324370677386002e-05,6.199753204047067e-06,-1.166982952099276e-05,-0.001045684565978842,-9.739357885894521e-05,0.0,0.0,-0.001045682474613892,-9.739338407217708e-05,0.0001739532002405793,-0.0001504917249292767,0.001907444250519446,1.218879629629085e-05,-0.001040688035166146,6.914414299007132e-05,0.001044986759194049,0.000135482865321048,-0.000862455766413864,0.0001232938224371122,0.0001670556402517392,-0.0001007326089461812
2,2610157.215682491,0.0,1.719555312647247,-0.2717874567691956,0.165513624575069,-0.09682693095814097,0.5852855089046852,-0.04846187575883499,0.0,0.0,2.09503015496793,0.1826348096595135,1.0,0.0,1.716506969679467,-1.434699809850622,0.0,0.0,0.0008675430233538589,3.224236810216163e-05,6.710479709258499e-06,-1.22485118313181e-05,-0.00104751717251412,-9.131758746456637e-05,0.0,0.0,-0.001047515077483965,-9.131740482975676e-05,0.0001723325939004887,-0.0001486525420991646,0.001907188058776895,-4.999313397782872e-06,-0.001039749717817021,7.681868961126326e-05,0.001047408682897958,0.0001308946867742718,-0.0008597776563236237,0.0001358937283845978,0.000165513624575069,-9.682693095814098e-05
2,2712272.579331981,0.0,1.713507088894654,-0.2972088692335177,0.1639920741001268,-0.09302111315200876,0.5845228506923283,-0.04660047242228887,0.0,0.0,2.098624281705499,0.1706373119478545,1.0,0.0,1.700494868645077,-1.415991471782047,0.0,0.0,0.000867416451834413,2.129293779429275e-05,7.257964201681803e-06,-1.286473812986567e-05,-0.001049314239477031,-8.531882661123917e-05,0.0,0.0,-0.001049312140852749,-8.531865597392723e-05,0.0001707225327272167,-0.0001469967065144487,0.00190659700300604,-2.217504998181484e-05,-0.001038649240852257,8.457871449192578e-05,0.001049841745051624,0.0001264296818438134,-0.0008567535444473271,0.0001486044346167589,0.0001639920741001268,-9.302111315200876e-05
2,2818382.931264404,0.0,1.706739398888227,-0.3228612894140511,0.1624837804642899,-0.08930817824885097,0.5837659910707137,-0.04478557796231401,0.0,0.0,2.102163451097832,0.1587724529680103,1.0,0.0,1.684516496436886,-1.39899824603035,0.0,0.0,0.0008670701246531881,1.038567190243811e-05,7.844491690727421e-06,-1.352161204618475e-05,-0.001051083827712367,-7.938638525645813e-05,0.0,0.0,-0.001051081725548916,-7.938622648400515e-05,0.0001691147462191773,-0.0001455211186423888,0.001905668759831719,-3.935325396450383e-05,-0.0010373813077484,9.243008827844457e-05,0.001052297353648207,0.0001220777136038112,-0.0008533696994441137,0.0001614306447070256,0.0001624837804642898,-8.930817824885097e-05
2,2928644.564625185,0.0,1.699222066227033,-0.3487522046743381,0.1609817693734298,-0.08568079824012122,0.5830114298358648,-0.04301356489612867,0.0,0.0,2.105662973627978,0.1470173262292959,1.0,0.0,1.668491247484924,-1.383683494877683,0.0,0.0,0.000866502627092855,-4.889948805875122e-07,8.472432137990271e-06,-1.422252753577457e-05,-0.001052833592476962,-7.350881013197417e-05,0.0,0.0,-0.001052831486813989,-7.350866311464796e-05,0.0001675010531234993,-0.000144222521848618,0.001904399473200466,-5.654844488467715e-05,-0.001035939900264002,0.0001003784425909066,0.001054786740864883,0.0001178280062046964,-0.0008496110331135165,0.0001743761023371691,0.0001609817693734298,-8.568079824012121e-05
2,3043219.887107668,0.0,1.690922216763058,-0.3748868976140374,0.1594792977120709,-0.08213127358266735,0.5822557784194088,-0.04128061910213659,0.0,0.0,2.109137329569458,0.1353478812890196,1.0,0.0,1.652339358091812,-1.370008686070144,0.0,0.0,0.0008657115080723532,-1.134039031465417e-05,9.144233084055909e-06,-1.497119475864654e-05,-0.001054570773922059,-6.767407599239105e-05,0.0,0.0,-0.001054568664784729,-6.76739406445098e-05,0.0001658733400421935,-0.0001430974902763863,0.001902783763979737,-7.377472576645231e-05,-0.001034318272542994,0.0001084291161907447,0.001057320964675991,0.0001136690979274635,-0.000845461108381529,0.0001874434488070187,0.0001594792977120709,-8.213127358266735e-05
2,3162277.660168324,0.0,1.681804310233224,-0.4012681425494444,0.1579698551282725,-0.07865150878801028,0.5814957606624999,-0.03958272738029122,0.0,0.0,2.112600135657252,0.1237388558966958,1.0,0.0,1.635981734639933,-1.35793322483447,0.0,0.0,0.0008646932838318605,-2.217754413545714e-05,9.862409843109205e-06,-1.577166760991126e-05,-0.001056302180428761,-6.186955168720372e-05,0.0,0.0,-0.001056300067828626,-6.186942794834787e-05,0.0001642235421679622,-0.0001421424128940511,0.001900814740153103,-9.104568435953167e-05,-0.001032508946581176,0.000116587097625756,0.001059910903232181,0.0001095887881833334,-0.000840902155116612,0.0002006340712747222,0.0001579698551282725,-7.865150878801027e-05
2,3285993.247600596,0.0,1.671830191019699,-0.4278958825503972,0.1564471706924235,-0.0752329847029231,0.5807282161253995,-0.03791566334629455,0.0,0.0,2.116064095663456,0.1121637008270042,1.0,0.0,1.619339809231194,-1.347414248946817,0.0,0.0,0.0008634434412487929,-3.300912539878909e-05,1.062953287901742e-05,-1.662837285067091e-05,-0.001058034163895823,-5.608196257720285e-05,0.0,0.0,-0.001058032047831728,-5.608185041350208e-05,0.0001625436265043078,-0.0001413534738048771,0.001898484008302996,-0.0001083742903425959,-0.001030503709578467,0.0001248569639878822,0.001062567240962957,0.000105574078828486,-0.0008359150955098494,0.0002139479412751986,0.0001564471706924235,-7.52329847029231e-05
2,3414548.873833541,0.0,1.660959161963384,-0.4547668864597125,0.1549052252687364,-0.07186672783812803,0.5799501062537185,-0.03627497183570139,0.0,0.0,2.119540932966133,0.1005944986567165,1.0,0.0,1.60233542684332,-1.338406388170196,0.0,0.0,0.0008619564411803393,-4.384337705858055e-05,1.144821193838788e-05,-1.754614074211159e-05,-0.001059772586024,-5.029734992285697e-05,0.0,0.0,-0.001059770466483066,-5.029724932835828e-05,0.0001608255779527315,-0.0001407266289257854,0.001895781687219246,-0.0001257727877283404,-0.001028293613787104,0.0001332428154563886,0.001065300445278392,0.0001016111102684028,-0.0008304795809816921,0.0002273834432298563,0.0001549052252687364,-7.186672783812803e-05
2,3548133.892335691,0.0,1.649148085622949,-0.48187438573638,0.1533382702781187,-0.06854327717744595,0.5791585237426375,-0.0346559520318351,0.0,0.0,2.123041303094599,0.08900187800342929,1.0,0.0,1.584890768414899,-1.330861489638457,0.0,0.0,0.0008602257223190024,-5.468804721969756e-05,1.232107647846347e-05,-1.853023703018954e-05,-0.001061522774588603,-4.450102800359266e-05,0.0,0.0,-0.001061520651547299,-4.450093900171464e-05,0.0001590613886818645,-0.0001402575791623346,0.001892696424622881,-0.0001432525817842839,-0.001025868979558781,0.0001417482053471947,0.00106812073266332,9.768509295829175e-05,-0.0008245740428114748,0.00024093719286819,0.0001533382702781187,-6.854327717744595e-05
2,3686945.06451951,0.0,1.636351517841646,-0.5092076914759731,0.1517408535687698,-0.06525264899297341,0.5783507054596395,-0.03305363957814477,0.0,0.0,2.126574684142075,0.07735492506156988,1.0,0.0,1.56692831462347,-1.324728311128242,0.0,0.0,0.0008582437061393777,-6.555031654208177e-05,1.325075189202155e-05,-1.958639606137883e-05,-0.001063289468645721,-3.867753988571e-05,0.0,0.0,-0.001063287342071037,-3.867746253078494e-05,0.0001572430512283,-0.0001399417402372521,0.001889215418150553,-0.0001608241198770681,-0.001023219402387143,0.0001503760654510827,0.001071038022878213,9.378023506860987e-05,-0.0008181757589208229,0.0002546038457379865,0.0001517408535687698,-6.525264899297341e-05
2,3831186.849557219,0.0,1.622521878944715,-0.5367517925847836,0.1501078531431896,-0.06198430030471992,0.5775240493028578,-0.03146278799220274,0.0,0.0,2.130149242867558,0.06562109464916965,1.0,0.0,1.548370855482192,-1.319952184640179,0.0,0.0,0.000856001803613532,-7.643672131714407e-05,1.423983099949136e-05,-2.072085473028909e-05,-0.001065076751583022,-3.281061294567949e-05,0.0,0.0,-0.001065074621433779,-3.281054732458483e-05,0.0001553625558154447,-0.0001397742093706066,0.001885324441904493,-0.0001784967657629069,-0.001020333764842285,0.0001591286265209685,0.001074061879910257,8.987966728127701e-05,-0.0008112609394723577,0.0002683758962923918,0.0001501078531431895,-6.198430030471993e-05
2,3981071.705534901,0.0,1.607609668325578,-0.5644869368315967,0.1484345195134865,-0.05872709175732023,0.5766761353841795,-0.02987784976581804,0.0,0.0,2.133771674275314,0.05376612342190801,1.0,0.0,1.529141551232884,-1.316474653320331,0.0,0.0,0.0008534904244732189,-8.735307179384699e-05,1.529084025257091e-05,-2.194038686634957e-05,-0.001066887970909331,-2.68831154770774e-05,0.0,0.0,-0.001066885837137657,-2.6883061710954e-05,0.0001534118924132664,-0.0001397497290625568,0.001881007880034579,-0.0001962786669867704,-0.001017200254391393,0.0001680073338645449,0.001077201438262122,8.596536591596438e-05,-0.0008038048341627892,0.0002822434684157983,0.0001484345195134865,-5.872709175732023e-05
2,4136820.402388433,0.0,1.591563728569293,-0.5923881973862842,0.1467165274664012,-0.05546925084336796,0.5758047519314582,-0.02829295761444501,0.0,0.0,2.137447012477542,0.04175394842251584,1.0,0.0,1.509164050334395,-1.314233085506015,0.0,0.0,0.0008506989899033923,-9.830436540016196e-05,1.640620007651057e-05,-2.325233755812643e-05,-0.001068725643685783,-2.087701596520635e-05,0.0,0.0,-0.001068723506238771,-2.087697421125792e-05,0.0001513830580964438,-0.0001398626482958497,0.001876248768980624,-0.0002141766152217782,-0.001013806388198174,0.0001770127581175729,0.00108046531313225,8.201807585956174e-05,-0.0007957818642846466,0.0002961940986931421,0.0001467165274664011,-5.546925084336796e-05
2,4298662.3470822,0.0,1.574331565581423,-0.6204250284891814,0.1449500380098466,-0.05219833658346448,0.5749079262998523,-0.02670190642964484,0.0,0.0,2.141178410730947,0.02954663471535557,1.0,0.0,1.488362670608187,-1.31316027058777,0.0,0.0,0.0008476159496595137,-0.000109294694591533,1.758817877331373e-05,-2.466465678943285e-05,-0.001070591346543884,-1.47733469043125e-05,0.0,0.0,-0.001070589205365473,-1.477331735767778e-05,0.0001492680702887045,-0.000140106881556034,0.001871028850160617,-0.0002321958995821697,-0.001010139046088335,0.0001861445014127716,0.00108386149303834,7.801723508744903e-05,-0.0007871657827907117,0.0003102125142445907,0.0001449500380098466,-5.219833658346449e-05
2,4466835.921509551,0.0,1.555859731409003,-0.6485608150893998,0.1431317712377382,-0.04890120697744757,0.5739839614652922,-0.02509813659092302,0.0,0.0,2.14496688871181,0.01710431650711225,1.0,0.0,1.466662649775726,-1.313184002450928,0.0,0.0,0.0008442288047117441,-0.0001203271491621027,1.883883941939922e-05,-2.618593162085919e-05,-0.001072485589322793,-8.552175357872614e-06,0.0,0.0,-0.001072483444355905,-8.552158253556126e-06,0.0001470589865042209,-0.0001404758661637201,0.001865328635039942,-0.0002503401531822286,-0.001006184512953395,0.0001954010993273358,0.00108739721347571,7.394090292328596e-05,-0.0007779298657045013,0.0003242804075446999,0.0001431317712377382,-4.890120697744757e-05
2,4641588.833612694,0.0,1.53609427652047,-0.6767524226491715,0.1412590907821256,-0.04556399076859312,0.5730314783396777,-0.02347471940739945,0.0,0.0,2.148811045379521,0.004385156870677975,1.0,0.0,1.443990471666654,-1.31422665750074,0.0,0.0,0.0008405241366272881,-0.0001314037129781925,2.015997922342282e-05,-2.782541599398364e-05,-0.001074407671500806,-2.192582820495881e-06,0.0,0.0,-0.00107440552268976,-2.192578435338988e-06,0.000144747931209392,-0.0001409625185257941,0.001859127484651472,-0.0002686111934932949,-0.001001928531940102,0.0002047799191898098,0.001091078810296961,6.976569458371324e-05,-0.0007680471382602349,0.0003383762113245857,0.0001412590907821256,-4.556399076859312e-05
2,4823178.482239218,0.0,1.5149812782105,-0.7049497548357109,0.139330100413017,-0.04217206531071567,0.5720494641936108,-0.0218243455844065,0.0,0.0,2.152706736201819,-0.008654668038357405,1.0,0.0,1.420274274249086,-1.316204775684246,0.0,0.0,0.0008364876450090847,-0.0001425251552451684,2.15530608682645e-05,-2.959305706442792e-05,-0.001076355520807646,4.327342673846729e-06,0.0,0.0,-0.00107635336810091,4.327334019178703e-06,0.0001423271304262299,-0.0001415591900415034,0.001852403705749226,-0.0002870088573750979,-0.0009973563698267435,0.0002142770555507711,0.001094911551662698,6.546672499251309e-05,-0.0007574906391052498,0.0003524748774178555,0.000139330100413017,-4.217206531071567e-05
2,5011872.336272631,0.0,1.492467451464114,-0.7330953285043988,0.1373437531878166,-0.03871004259312372,0.5710373273937005,-0.02013931774331115,0.0,0.0,2.156646714103893,-0.02206095356925719,1.0,0.0,1.395444345284139,-1.319028654492211,0.0,0.0,0.0008321041944067686,-0.0001536909165932854,2.301913545151699e-05,-3.149951678630088e-05,-0.001078325513698661,1.103049884558216e-05,0.0,0.0,-0.001078323357051946,1.10304767846286e-05,0.0001397889546773691,-0.000142257623544343,0.001845134665860134,-0.0003055308320281917,-0.00099245289601875,0.0002238872238825157,0.001098899447660625,6.101756531933625e-05,-0.0007462337257320571,0.0003665476642521994,0.0001373437531878166,-3.871004259312372e-05
2,5207948.328595368,0.0,1.468500847997545,-0.7611238772005643,0.1352999733344219,-0.03516176575426301,0.5699949585529832,-0.01841154816161081,0.0,0.0,2.160620234288059,-0.03588141243063958,1.0,0.0,1.369433710780908,-1.322601967637892,0.0,0.0,0.0008273578722020336,-0.0001648989904751152,2.455875676749399e-05,-3.355618727798788e-05,-0.001080312277764264,1.794074209673224e-05,0.0,0.0,-0.00108031011714403,1.794070621531979e-05,0.0001371259708273874,-0.0001430489113204032,0.001837296929538413,-0.0003241724835327391,-0.0009872026765937597,0.0002336036538595487,0.001103045037038793,5.63902161914201e-05,-0.0007342504239987726,0.0003805619386002821,0.0001352999733344219,-3.516176575426301e-05
2,5411695.265464537,0.0,1.443031648231653,-0.7889619963423516,0.13319979076492,-0.03151031869295375,0.5689227980498482,-0.01663256304034103,0.0,0.0,2.16461262408097,-0.05016557345158834,1.0,0.0,1.342178820466586,-1.326821421936639,0.0,0.0,0.0008222320590404036,-0.0001761458006038774,2.617188684740062e-05,-3.57751983029326e-05,-0.001082308476653109,2.508283689136761e-05,0.0,0.0,-0.001082306312040485,2.508278672579417e-05,0.0001343310033001851,-0.0001439234559159651,0.001828866418112719,-0.00034292668510446,-0.0009815900847799375,0.0002434179838924772,0.001107349150965244,5.155510202871117e-05,-0.0007215158241158267,0.0003944809981711758,0.00013319979076492,-3.151031869295375e-05
2,5623413.251903387,0.0,1.416013049585105,-0.8165278452497016,0.1310454877508417,-0.02773805165466348,0.5678219096881562,-0.01479351474120156,0.0,0.0,2.16860482022982,-0.06496462411660847,1.0,0.0,1.31362033312746,-1.331576467806566,0.0,0.0,0.0008167095134247737,-0.0001874260754315404,2.78577928994285e-05,-3.81694150062393e-05,-0.00108430457871973,3.248237702292838e-05,0.0,0.0,-0.00108430241011491,3.248231205830424e-05,0.0001313972050418465,-0.0001448709351279892,0.001819818595133757,-0.0003617836477085374,-0.0009755994291572728,0.0002533201589317163,0.001111810654328154,4.64810914441581e-05,-0.0007080065247925525,0.0004082639226248508,0.0001310454877508417,-2.773805165466348e-05
2,5843414.133735067,0.0,1.387402252636992,-0.843730923191965,0.1288407568373651,-0.02382662591402776,0.5666940600446577,-0.01288520355894499,0.0,0.0,2.172572877613454,-0.08033118707171982,1.0,0.0,1.283704002859025,-1.336749080713669,0.0,0.0,0.0008107724720989723,-0.0001987327209679313,2.961493607324911e-05,-4.075242386808839e-05,-0.001086288611379605,4.016567386704698e-05,0.0,0.0,-0.001086286438806727,4.016559353585991e-05,0.0001283181384468511,-0.0001458802727555157,0.001810128679564116,-0.0003807307562205517,-0.0009692151007108935,0.000263298333925327,0.001116426165843368,4.113554910635258e-05,-0.000693701126318496,0.0004218654615959825,0.0001288407568373651,-2.382662591402776e-05
2,6072021.956909773,0.0,1.357161544343817,-0.8704719385563653,0.1265908685256954,-0.01975708087475608,0.5655418027757594,-0.01089811069594009,0.0,0.0,2.176487455176878,-0.09631902029540992,1.0,0.0,1.252381664929845,-1.342213632712344,0.0,0.0,0.0008044027678200533,-0.0002100566935771958,3.144085281877396e-05,-4.353850468013284e-05,-0.001088245904075894,4.815960646672529e-05,0.0,0.0,-0.001088243727588439,4.815951014770496e-05,0.0001250878662671278,-0.0001469396168708431,0.001799771888486688,-0.0003997524149008924,-0.0009624217396344281,0.000273338785692176,0.001121189759153236,3.548442484922895e-05,-0.0006785807721719084,0.0004352359692781826,0.0001265908685256954,-1.975708087475608e-05
2,6309573.444801815,0.0,1.325259474554379,-0.8966427919859921,0.1243028466059701,-0.01550992704101334,0.5643685668320961,-0.008822444173851232,0.0,0.0,2.180313287047541,-0.112982630367697,1.0,0.0,1.219612317065909,-1.347836874879819,0.0,0.0,0.0007975819660377553,-0.0002213868747481668,3.333203002051212e-05,-4.654258623591867e-05,-0.001090158823837058,5.649142816647885e-05,0.0,0.0,-0.001090156643523771,5.649131518384851e-05,0.0001217010522733265,-0.0001480363275376451,0.001788723710726878,-0.0004188299065415533,-0.000955204422466216,0.0002834258363551834,0.001126092648190214,2.949238609423426e-05,-0.0006626297372771897,0.000448321395992996,0.0001243028466059701,-1.550992704101334e-05
2,6556418.494179667,0.0,1.2916721185136,-0.922126695769951,0.1219856482774742,-0.01106526835319141,0.5631787471561758,-0.006648199438470271,0.0,0.0,2.18400864924263,-0.1303767883422692,1.0,0.0,1.185363288466414,-1.353478052782455,0.0,0.0,0.0007902915218583259,-0.0002327099502242025,3.528377556721549e-05,-4.978018336836253e-05,-0.001092006508629964,6.518852454792295e-05,0.0,0.0,-0.001092004324621315,6.51883941711346e-05,0.0001181530711321044,-0.000149156976047696,0.001776960212271467,-0.0004379412702334523,-0.0009475488697309117,0.000293541791842572,0.001131122861342549,2.312299977821908e-05,-0.0006458360592567999,0.0004610633478849755,0.0001219856482774742,-1.106526835319141e-05
2,6812920.690579485,0.0,1.2563844138709,-0.9467984527368153,0.1196503453544528,-0.006402957294875361,0.5619777960184241,-0.004365236372473757,0.0,0.0,2.18752483510329,-0.148555938230719,1.0,0.0,1.149611484757553,-1.358989177992226,0.0,0.0,0.0007825129584548979,-0.000244010296276867,3.729008655905712e-05,-5.32673129863205e-05,-0.00109376460507648,7.427811767129775e-05,0.0,0.0,-0.001093762417551645,7.427796911535952e-05,0.0001144401266003445,-0.0001502873578552612,0.001764458373709509,-0.0004570612032640925,-0.0009394416737505823,0.000303666899303015,0.001136264910389645,1.633896990276758e-05,-0.00062819220693545,0.0004733992263684076,0.0001196503453544528,-6.402957294875361e-06
2,7079457.843841247,0.0,1.219391555929622,-0.9705249182307116,0.1173103019374711,-0.001502785933075151,0.5607723126867566,-0.001963374310370691,0.0,0.0,2.190805655544105,-0.1675734891524702,1.0,0.0,1.112344692397641,-1.36421547892031,0.0,0.0,0.0007742280677899074,-0.0002552698763170214,3.934351795400983e-05,-5.702038688025978e-05,-0.001095405018577708,8.378691214972423e-05,0.0,0.0,-0.001095402827772053,8.378674457623509e-05,0.0001105593767177967,-0.0001514125214430261,0.001751196459107759,-0.0004761609931603066,-0.0009308705456716401,0.0003137793275575645,0.001141499461751392,9.102436479966959e-06,-0.0006096957779648112,0.0004852624591153558,0.0001173103019374711,-1.502785933075151e-06
2,7356422.544596274,0.0,1.180700429550736,-0.99316566824511,0.1149813429542737,0.003655284384761981,0.5595701286353725,0.0005674935674953667,0.0,0.0,2.193786983303566,-0.1874809839006501,1.0,0.0,1.073562920824933,-1.368996053662459,0.0,0.0,0.0007654191341246938,-0.0002664681514319561,4.143505509830236e-05,-6.105607930719034e-05,-0.001096895685438767,9.374067943130895e-05,0.0,0.0,-0.001096893491651783,9.374049195032505e-05,0.000106509064207851,-0.0001525168153385801,0.001737154414759289,-0.0004952084863033792,-0.0009218245800323155,0.000323855174912499,0.001146803019283491,1.375340984842823e-06,-0.000590350214775368,0.000496582834122555,0.0001149813429542737,3.655284384761981e-06
2,7644222.742525859,0.0,1.140331050366306,-1.014573895250613,0.1126819069733368,0.009090852620582068,0.5583803849962304,0.003237265416768508,0.0,0.0,2.19639636350821,-0.2083271391310094,1.0,0.0,1.033279754997947,-1.373164745958974,0.0,0.0,0.0007560691803006128,-0.0002775820088087855,4.355399425291708e-05,-6.539116775052469e-05,-0.001098200378150469,0.0001041637778926438,0.0,0.0,-0.001098198181754105,0.0001041635695655047,0.0001022886497805122,-0.0001535839553977285,0.001722314295110412,-0.0005141680998240599,-0.0009122945343703684,0.0003338685087439786,0.00115214762959621,-6.880137624857949e-06,-0.0005701655251831529,0.0005072869476253064,0.0001126819069733368,9.090852620582068e-06
2,7943282.347242665,0.0,1.09831798193409,-1.034597550478667,0.110433175712684,0.01482276579332714,0.5572135984640176,0.00605547490356834,0.0,0.0,2.198552715864297,-0.2301567556933921,1.0,0.0,0.9915236850841986,-1.376551262563487,0.0,0.0,0.0007461622361791195,-0.0002885857123262614,4.56878358913818e-05,-7.004234580295615e-05,-0.001099278556484864,0.0001150786080034517,0.0,0.0,-0.001099276357932148,0.0001150783778466961,9.789894548572386e-05,-0.0001545971142618682,0.001706660711888232,-0.000533000883588096,-0.0009022731204561887,0.0003437914412140197,0.001157500622603206,-1.570107375121253e-05,-0.0005491589909670449,0.0005172987752393334,0.000110433175712684,1.482276579332714e-05
2,8254041.852680027,0.0,1.054711689408089,-1.053080747228271,0.1082591717637871,0.02086876496769899,0.5560817114112176,0.009031114393260176,0.0,0.0,2.200166156470107,-0.2530095018644173,1.0,0.0,0.9483393741388697,-1.378982546108371,0.0,0.0,0.0007356836279228465,-0.0002994508798455503,4.782219616760668e-05,-7.502600785744796e-05,-0.00110008527840121,0.0001265050039417105,0.0,0.0,-0.001100083078235054,0.0001265047509322087,9.334224470834251e-05,-0.0001555390345640078,0.001690181301039995,-0.000551664638962334,-0.000891755302753032,0.0003535942452494167,0.001162824401624261,-2.512321226745169e-05,-0.0005273558447040446,0.0005265403736141353,0.0001082591717637871,2.086876496769899e-05
2,8576958.985908778,0.0,1.009579784514371,-1.069865433996845,0.1061868152959591,0.0272450910793374,0.5549981215893418,0.01217243792995754,0.0,0.0,2.201137969362371,-0.2769185774391239,1.0,0.0,0.9037888189804619,-1.38028441180428,0.0,0.0,0.0007246202859919545,-0.00031014649187798,4.994074249181154e-05,-8.035800622424018e-05,-0.001100571185819155,0.0001384595656381394,0.0,0.0,-0.001100568984681185,0.000138459288719562,8.862244485383365e-05,-0.0001563921669870686,0.001672867200590061,-0.0005701141006598302,-0.0008807385986819433,0.0003632455144852026,0.001168076298753091,-3.518031379597357e-05,-0.0005047898922571853,0.0005349327169984228,0.0001061868152959591,2.72450910793374e-05
2,8912509.381337285,0.0,0.9630081114790565,-1.084793338806145,0.1042459299825451,0.03396605400178815,0.553977686526533,0.01548674568765513,0.0,0.0,2.20136075919978,-0.3019092727783017,1.0,0.0,0.8579523544834434,-1.380283448927261,0.0,0.0,0.0007129610688263177,-0.0003206389363256401,5.202515955556114e-05,-8.60533824221517e-05,-0.001100682580960649,0.0001509549382984236,0.0,0.0,-0.00110068037959989,0.0001509546363891509,8.37451582778776e-05,-0.0001571388336587832,0.001654713530968518,-0.000588301187256415,-0.000869223374245158,0.0003727123702106511,0.001173208512220878,-4.590343306000392e-05,-0.0004815040557395283,0.0005423966694030723,0.0001042459299825451,3.396605400178815e-05
2,9261187.281287758,0.0,0.9151016194892336,-1.09770817698698,0.1024691881871749,0.04104357034759371,0.5530366976259768,0.01898015261738297,0.0,0.0,2.200718816647037,-0.3279974438978944,1.0,0.0,0.8109294475958327,-1.378809179020256,0.0,0.0,0.0007006970982060337,-0.0003308920938460136,5.405515235531476e-05,-9.21260757095224e-05,-0.001100361609042335,0.0001639990499463911,0.0,0.0,-0.001100359408323519,0.0001639987219489472,7.871780660096199e-05,-0.0001577614165964278,0.001635719867830099,-0.0006061753249135589,-0.0008572131275882133,0.0003819607174417455,0.001178168142983862,-5.732013871189193e-05,-0.0004575508097446168,0.0005488540884934901,0.0001024691881871749,4.10435703475937e-05
2,9623506.263980702,0.0,0.8659849647567768,-1.108458103997197,0.1008919856613802,0.04848667781320184,0.5521928190714959,0.02265734517423891,0.0,0.0,2.199088726746735,-0.3551879323538797,1.0,0.0,0.7628392250245472,-1.375696452163166,0.0,0.0,0.0006878221012522265,-0.0003408674680553531,5.600849271607278e-05,-9.858861339730892e-05,-0.001099546562462094,0.0001775943213648721,0.0,0.0,-0.001099544363373367,0.0001775939661769398,7.354969326257412e-05,-0.0001582425699973742,0.001615890695940325,-0.0006236838474083072,-0.0008447147522169379,0.0003909555510691193,0.001182897347576973,-6.945368695160503e-05,-0.0004329924823783884,0.0005542290519985984,0.0001008919856613802,4.848667781320184e-05
2,10000000.0,0.0,0.8158027848000616,-1.116898382800145,0.09955223672689761,0.05630103634986178,0.5514649870029122,0.02652133124608642,0.0,0.0,2.196340247558096,-0.3834729667510384,1.0,0.0,0.7138206782052762,-1.370788050772317,0.0,0.0,0.0006743327529870682,-0.0003505243642342448,5.786111545160102e-05,-0.0001054517890791853,-0.001098172320119296,0.0001917368668484859,0.0,0.0,-0.001098170123779048,0.0001917364833755192,6.825204905315318e-05,-0.0001585654541246866,0.001595235831447456,-0.0006407724737515784,-0.0008317387708976359,0.0003996613115963277,0.001187333623244641,-8.23221654531229e-05,-0.0004079013924000308,0.0005584491914000726,9.955223672689762e-05,5.630103634986178e-05
3,10.0,0.0,-2.501368762517372e-05,0.0002892192403839232,0.9999898734605104,-0.0001356273167690904,0.9980850219172442,-6.708374595854443e-05,0.0,0.0,2.510659888876887e-05,0.0003393209350455271,1.0,0.0,49.99949372415102,-0.006778561351251394,0.0,0.0,-0.0004997446072860789,2.24943404465933e-07,-1.004171495941642e-12,-5.724032254542459e-11,-1.25533245504293e-08,-1.696608068436986e-07,0.0,0.0,-1.255329944438444e-08,-1.696604675227635e-07,0.000999989874503888,-1.355700823363736e-07,4.440817516773207e-11,3.141562414996382e-07,-0.0004997441803151759,-8.932674899644975e-08,1.255127700141864e-08,1.695463320884363e-07,1.250684381258686e-08,-1.446096201919616e-07,0.0009999898734605105,-1.356273167690904e-07
3,10.39122303835169,0.0,-2.501041227978442e-05,0.0003005341629023052,0.9999898719361223,-0.0001409333696412096,0.9980850211632836,-6.970821654010475e-05,0.0,0.0,2.511041584440932e-05,0.0003525959512059606,1.0,0.0,49.99949364809388,-0.007043754276880656,0.0,0.0,-0.0004997446047512177,2.337437083105754e-07,-1.004349512023729e-12,-5.94796958081453e-11,-1.255523303258813e-08,-1.762983281989315e-07,0.0,0.0,-1.255520792220466e-08,-1.762979756029803e-07,0.0009999898729828114,-1.408738960661111e-07,4.795084447468787e-11,3.264467569133402e-07,-0.0004997441813272552,-9.282141706336766e-08,1.255318199511971e-08,1.761793749280248e-07,1.250520613989221e-08,-1.502670814511526e-07,0.0009999898719361224,-1.409333696412096e-07
3,10.7977516232771,0.0,-2.500687563952643e-05,0.0003122917511988889,0.9999898702901269,-0.0001464470074987632,0.9980850203491765,-7.243536244371318e-05,0.0,0.0,2.511453729958646e-05,0.0003663903165139466,1.0,0.0,49.9994935659693,-0.007319322159364515,0.0,0.0,-0.0004997446020134078,2.428883002708127e-07,-1.004541729366988e-12,-6.180667850869157e-11,-1.25572937641606e-08,-1.831955246472898e-07,0.0,0.0,-1.255726864979323e-08,-1.831951582569733e-07,0.0009999898713403913,-1.463852071809337e-07,5.177613078811523e-11,3.392181055421472e-07,-0.0004997441824183824,-9.645280457827718e-08,1.255523895778434e-08,1.830719176509517e-07,1.250343781976322e-08,-1.561458755994444e-07,0.0009999898702901268,-1.464470074987632e-07
3,11.22018454301963,0.0,-2.50030568676067e-05,0.0003245093233716159,0.9999898685128212,-0.0001521763515413046,0.9980850194701231,-7.526920056287395e-05,0.0,0.0,2.511898754420372e-05,0.000380724349096324,1.0,0.0,49.99949347729319,-0.00760567089075175,0.0,0.0,-0.0004997445990593263,2.523906496855162e-07,-1.004749280879234e-12,-6.422469812969993e-11,-1.255951889064625e-08,-1.903625552725111e-07,0.0,0.0,-1.255949377210186e-08,-1.90362174548162e-07,0.0009999898695669464,-1.521121334532744e-07,5.590657992349732e-11,3.524890986814825e-07,-0.0004997441835978833,-1.002262603184804e-07,1.255746001682287e-08,1.902341124863512e-07,1.250152843380335e-08,-1.62254661685808e-07,0.0009999898685128213,-1.521763515413046e-07
3,11.65914401179831,0.0,-2.499893345130846e-05,0.0003372048750414485,0.9999898665937306,-0.0001581298406880189,0.9980850185209432,-7.821390494101933e-05,0.0,0.0,2.512379280883437e-05,0.0003956191619708486,1.0,0.0,49.99949338154292,-0.007903222242502998,0.0,0.0,-0.000499744595866769,2.622647528440565e-07,-1.004973389846152e-12,-6.673731624477246e-11,-1.256192152782597e-08,-1.978099766045862e-07,0.0,0.0,-1.256189640441718e-08,-1.978095809854243e-07,0.0009999898676520242,-1.58063110241122e-07,6.036653629206147e-11,3.662792835670439e-07,-0.0004997441848701989,-1.041473423181536e-07,1.255985826079505e-08,1.976765088414447e-07,1.249946672565423e-08,-1.686024375207243e-07,0.0009999898665937305,-1.581298406880189e-07
3,12.11527658628588,0.0,-2.499448108620078e-05,0.0003503971058585233,0.9999898645215446,-0.0001643162440075976,0.9980850174960426,-8.12738129195524e-05,0.0,0.0,2.512898141304731e-05,0.0004110966941440355,1.0,0.0,49.99949327815418,-0.008212414486727491,0.0,0.0,-0.0004997445924215249,2.725251536028414e-07,-1.005215377141224e-12,-6.934823376442043e-11,-1.256451583517938e-08,-2.055487581687119e-07,0.0,0.0,-1.256449070652366e-08,-2.055483470720178e-07,0.0009999898655843396,-1.642469029126509e-07,6.518228638398946e-11,3.806089721663683e-07,-0.0004997441862450991,-1.082218260535311e-07,1.256244782454712e-08,2.054100688400007e-07,1.249724054310039e-08,-1.751985529292617e-07,0.0009999898645215446,-1.643162440075976e-07
3,12.58925411794167,0.0,-2.498967353569759e-05,0.0003641054470452759,0.9999898622840497,-0.000170744673634392,0.9980850163893803,-8.445343152641219e-05,0.0,0.0,2.513458393771373e-05,0.0004271797429256015,1.0,0.0,49.99949316651762,-0.008533703041723618,0.0,0.0,-0.0004997445887009455,2.831869648055188e-07,-1.005476669010809e-12,-7.206129638723797e-11,-1.256731710335032e-08,-2.135902986425436e-07,0.0,0.0,-1.256729196885686e-08,-2.135898714628008e-07,0.0009999898633517056,-1.70672619756923e-07,7.038221369801386e-11,3.954992710967722e-07,-0.0004997441877296893,-1.124557129511821e-07,1.256524397139593e-08,2.134461834686873e-07,1.249483676784879e-08,-1.82052723522638e-07,0.0009999898622840497,-1.70744673634392e-07
3,13.08177474260194,0.0,-2.498448246229409e-05,0.0003783500900171007,0.999989859868058,-0.0001774245981898695,0.9980850151944336,-8.775744411457107e-05,0.0,0.0,2.514063340619543e-05,0.0004438919975071068,1.0,0.0,49.99949304597518,-0.00886756114277425,0.0,0.0,-0.0004997445846823823,2.942658905453338e-07,-1.005758805480268e-12,-7.488050026433695e-11,-1.257034184352325e-08,-2.219464426455509e-07,0.0,0.0,-1.257031670309772e-08,-2.219459987535534e-07,0.0009999898609409617,-1.773497253996812e-07,7.599696603053778e-11,4.109721127137388e-07,-0.0004997441893319632,-1.168552392263184e-07,1.256826318184893e-08,2.217966893550984e-07,1.249224123114705e-08,-1.891750450085504e-07,0.000999989859868058,-1.774245981898695e-07
3,13.59356390878525,0.0,-2.497887726840188e-05,0.0003931520161227016,0.9999898572593303,-0.000184365856729143,0.9980850139041602,-9.119071726024245e-05,0.0,0.0,2.514716547175055e-05,0.0004612580738542588,1.0,0.0,49.99949291581646,-0.009214480539184836,0.0,0.0,-0.0004997445803440748,3.05778249293817e-07,-1.006063449430695e-12,-7.780999788538769e-11,-1.257360788315146e-08,-2.306294981852032e-07,0.0,0.0,-1.257358273587528e-08,-2.306290369271294e-07,0.0009999898583379007,-1.842880547439937e-07,8.205963611025878e-11,4.270502874155355e-07,-0.0004997441910621347,-1.214268850690766e-07,1.257152324951116e-08,2.304738862021685e-07,1.248943863420094e-08,-1.965760080613508e-07,0.0009999898572593303,-1.84365856729143e-07
3,14.12537544622754,0.0,-2.497282492059161e-05,0.0004085330275479341,0.9999898544424907,-0.000191578673233108,0.9980850125109548,-9.47583079309566e-05,0.0,0.0,2.515421863424905e-05,0.0004793035509642481,1.0,0.0,49.9994927752743,-0.00957497221859058,0.0,0.0,-0.00049974457566071,3.177409979380347e-07,-1.006392396399765e-12,-8.085410419493486e-11,-1.257713447208445e-08,-2.39652254785675e-07,0.0,0.0,-1.257710931712452e-08,-2.39651775482124e-07,0.0009999898555271799,-1.91497827456275e-07,8.860595664293256e-11,4.437574772116417e-07,-0.0004997441929308621,-1.261773841890212e-07,1.257504338987306e-08,2.394905549046471e-07,1.24864124602958e-08,-2.042665137739671e-07,0.0009999898544424907,-1.91578673233108e-07
3,14.67799267622069,0.0,-2.496628974597507e-05,0.000424515779428657,0.999989851400938,-0.0001990736716675399,0.9980850110066063,-9.84654709340646e-05,0.0,0.0,2.516183446221731e-05,0.0004980550085415453,1.0,0.0,49.9994926235204,-0.009949567159599946,0.0,0.0,-0.0004997445706020898,3.301717567556197e-07,-1.00674758516441e-12,-8.401730294799462e-11,-1.258094239313107e-08,-2.490280023257812e-07,0.0,0.0,-1.258091723110866e-08,-2.490275042707726e-07,0.0009999898524922339,-1.989896630190287e-07,9.567451091584846e-11,4.611182906044298e-07,-0.0004997441949488035,-1.31113733733805e-07,1.257884435006475e-08,2.488599763743218e-07,1.248314487298754e-08,-2.122578897143285e-07,0.000999989851400938,-1.990736716675399e-07
3,15.25222956539018,0.0,-2.495923322657155e-05,0.0004411238132198907,0.9999898481167441,-0.0002068618916313235,0.998085009382248,-0.0001023176666566385,0.0,0.0,2.51700578477454e-05,0.0005175400661476215,1.0,0.0,49.99949245966025,-0.01033881711388255,0.0,0.0,-0.0004997445651415688,3.430888353692704e-07,-1.007131109167752e-12,-8.730425331429709e-11,-1.258505409355721e-08,-2.587705506138768e-07,0.0,0.0,-1.25850289238727e-08,-2.587700330738108e-07,0.0009999898492151738,-2.06774596372474e-07,1.033069602032889e-10,4.791582988354714e-07,-0.0004997441971279493,-1.362432045941319e-07,1.258294853280413e-08,2.585959511017129e-07,1.247961661328578e-08,-2.205619066099453e-07,0.000999989848116744,-2.068618916313235e-07
3,15.84893192461113,0.0,-2.495161377022421e-05,0.0004583815913704253,0.9999898445705537,-0.0002149548046168702,0.9980850076283069,-0.0001063205691081705,0.0,0.0,2.517893725340059e-05,0.0005377874238822816,1.0,0.0,49.99949228272821,-0.01074329541885384,0.0,0.0,-0.0004997445592440641,3.565112597140024e-07,-1.007545228857613e-12,-9.071979674090013e-11,-1.25894938055152e-08,-2.688942497285646e-07,0.0,0.0,-1.258946862670029e-08,-2.688937119411408e-07,0.0009999898456766868,-2.148640941681015e-07,1.115482893132752e-10,4.979040735498589e-07,-0.0004997441994798457,-1.415733521152943e-07,1.258738012574295e-08,2.68712819483055e-07,1.24758068851121e-08,-2.291907956852127e-07,0.0009999898445705539,-2.149548046168702e-07
3,16.46897865482867,0.0,-2.494338647104934e-05,0.0004763145333539529,0.9999898407414655,-0.0002233643309066601,0.9980850057344443,-0.0001104800742779105,0.0,0.0,2.518852501331992e-05,0.0005588269046564945,1.0,0.0,49.99949209168134,-0.01116359784215278,0.0,0.0,-0.000499744552876713,3.704588000617154e-07,-1.007992385009343e-12,-9.426896408328481e-11,-1.259428769480823e-08,-2.794140111551521e-07,0.0,0.0,-1.259426250665996e-08,-2.794134523282473e-07,0.0009999898418559159,-2.232700716580842e-07,1.204470717228125e-10,5.173832259340027e-07,-0.000499744202020036,-1.471120272231478e-07,1.259216525118587e-08,2.79225482942493e-07,1.247169323552467e-08,-2.381572666769765e-07,0.0009999898407414656,-2.233643309066601e-07
3,17.11328304161779,0.0,-2.493450284107551e-05,0.0004949490531097896,0.9999898366069111,-0.0002321028571308069,0.9980850036894985,-0.0001148023088191587,0.0,0.0,2.519887763696715e-05,0.0005806894981190101,1.0,0.0,49.99949188539372,-0.01160034345915714,0.0,0.0,-0.0004997445459999916,3.849520001405864e-07,-1.008475213111452e-12,-9.795698301542983e-11,-1.259946401743136e-08,-2.903453297490032e-07,0.0,0.0,-1.259943881848358e-08,-2.903447490595051e-07,0.000999989837730343,-2.320049102454354e-07,1.300557558643147e-10,5.376244473845639e-07,-0.0004997442047618428,-1.528673879895668e-07,1.259733211064257e-08,2.901494258806161e-07,1.246725142053776e-08,-2.474745265548948e-07,0.000999989836606911,-2.321028571308069e-07
3,17.78279410038921,0.0,-2.492491051756318e-05,0.0005143125979483205,0.9999898321425209,-0.0002411832545114938,0.9980850014814164,-0.0001192936390732963,0.0,0.0,2.52100561475288e-05,0.0006034074063014312,1.0,0.0,49.99949166264938,-0.01205417556482793,0.0,0.0,-0.0004997445385765964,4.000122073943933e-07,-1.008996558898869e-12,-1.017892857297863e-10,-1.260505328370363e-08,-3.01704306558122e-07,0.0,0.0,-1.26050280737644e-08,-3.017037031507156e-07,0.0009999898332756503,-2.410814757207436e-07,1.404309742505325e-10,5.586575517684001e-07,-0.0004997442077234737,-1.588479116481148e-07,1.260291115815944e-08,3.015007384816419e-07,1.246245525878159e-08,-2.571562989741602e-07,0.0009999898321425209,-2.411832545114939e-07
3,18.47849797422289,0.0,-2.491455296265072e-05,0.0005344336889784872,0.9999898273219846,-0.0002506188978211584,0.9980849990971851,-0.0001239606804468498,0.0,0.0,2.522212642297461e-05,0.000627014091048994,1.0,0.0,49.99949142213567,-0.01252576262122679,0.0,0.0,-0.0004997445305607862,4.156616044255707e-07,-1.009559495125374e-12,-1.057715169384893e-10,-1.261108843323203e-08,-3.135076725385882e-07,0.0,0.0,-1.261106321148731e-08,-3.13507045524497e-07,0.0009999898284655854,-2.505131372123598e-07,1.516338772599334e-10,5.805135193357837e-07,-0.000499744210920916,-1.650624070798253e-07,1.260893527313637e-08,3.132961404128511e-07,1.245727648132536e-08,-2.672168444892436e-07,0.0009999898273219845,-2.506188978211584e-07
3,19.201419386388,0.0,-2.490336913347917e-05,0.0005553419631168328,0.9999898221168888,-0.0002604236850823394,0.998084996522751,-0.0001288103071553944,0.0,0.0,2.5235159606396e-05,0.0006515443233068794,1.0,0.0,49.99949116243489,-0.01301579924210088,0.0,0.0,-0.0004997445219045993,4.31923241668076e-07,-1.01016733967405e-12,-1.099095421875948e-10,-1.261760503812232e-08,-3.257728131977631e-07,0.0,0.0,-1.2617579803198e-08,-3.257721616534397e-07,0.000999989823271796,-2.603137868779294e-07,1.63730493549808e-10,6.03224542351545e-07,-0.0004997442143737096,-1.715200277884995e-07,1.261543996360362e-08,3.255530054511655e-07,1.245168456673958e-08,-2.776709815584164e-07,0.0009999898221168888,-2.604236850823394e-07
3,19.95262314968878,0.0,-2.489129310950418e-05,0.0005770682167399941,0.9999898164965564,-0.000270612058038208,0.9980849937429415,-0.0001338496623486529,0.0,0.0,2.524923251367994e-05,0.000677034234334671,1.0,0.0,49.9994908820165,-0.0135250072159863,0.0,0.0,-0.0004997445125578537,4.488210713379879e-07,-1.010823675112475e-12,-1.142094564965824e-10,-1.262464150566979e-08,-3.385177942015699e-07,0.0,0.0,-1.262461625683997e-08,-3.385171171673355e-07,0.0009999898176636724,-2.704978603662876e-07,1.767921192213353e-10,6.268240725113667e-07,-0.0004997442181013945,-1.782302853829774e-07,1.262246356553124e-08,3.38289387073153e-07,1.244564655475209e-08,-2.885341083699971e-07,0.0009999898164965563,-2.70612058038208e-07
3,20.73321573485953,0.0,-2.487825372285971e-05,0.0005996444510449197,0.9999898104278603,-0.0002811990234239213,0.9980849907413717,-0.0001390861686316949,0.0,0.0,2.526442808914453e-05,0.0007035213689243641,1.0,0.0,49.99949057922764,-0.01405413656933583,0.0,0.0,-0.0004997445024659264,4.663799827147458e-07,-1.011532369807967e-12,-1.186775933358553e-10,-1.26322393091207e-08,-3.51761387983551e-07,0.0,0.0,-1.263221404457227e-08,-3.517606844621821e-07,0.0009999898116081587,-2.810803580798349e-07,1.90895738030279e-10,6.513468702130398e-07,-0.0004997442221270632,-1.852030635857886e-07,1.263004747773329e-08,3.515240450461289e-07,1.243912686142986e-08,-2.998222255224598e-07,0.0009999898104278604,-2.811990234239213e-07
3,21.54434690031881,0.0,-2.486417411735391e-05,0.0006231039191836192,0.999989803875033,-0.0002922001750701353,0.9980849875003511,-0.0001445275389977378,0.0,0.0,2.528083589492525e-05,0.0007310447407003197,1.0,0.0,49.99949025228374,-0.01460396667123767,0.0,0.0,-0.0004997444915684213,4.846258387977004e-07,-1.012297600727246e-12,-1.23320533955454e-10,-1.26404432282855e-08,-3.655231013949005e-07,0.0,0.0,-1.264041794746262e-08,-3.655223703501598e-07,0.0009999898050695654,-2.920768672687252e-07,2.061244751199841e-10,6.768290557552637e-07,-0.0004997442264733643,-1.924486327932289e-07,1.263823639795545e-08,3.65276473059535e-07,1.243208705867696e-08,-3.115519595918096e-07,0.0009999898038750331,-2.922001750701353e-07
3,22.38721138568337,0.0,-2.484897130870558e-05,0.0006474811752418586,0.9999897967994531,-0.0003036317168712208,0.9980849840007778,-0.0001501817881886455,0.0,0.0,2.529855263500025e-05,0.0007596448895825872,1.0,0.0,49.99948989925787,-0.01517530738135126,0.0,0.0,-0.0004997444798031658,5.035855144033515e-07,-1.013123878054985e-12,-1.281451170787283e-10,-1.264930161635253e-08,-3.798232044361832e-07,0.0,0.0,-1.264927631750012e-08,-3.798224447912936e-07,0.0009999897980093554,-3.035035849893884e-07,2.22568086950898e-10,7.033081625393767e-07,-0.0004997442311669431,-1.999776651994377e-07,1.264707859010031e-08,3.795669274372723e-07,1.242448565435279e-08,-3.237405876209293e-07,0.0009999897967994532,-3.036317168712208e-07
3,23.26305067153623,0.0,-2.483255569206471e-05,0.0006728121251339364,0.9999897891594178,-0.0003155104866520102,0.9980849802220257,-0.0001560572444998573,0.0,0.0,2.531768273161816e-05,0.0007893639414982321,1.0,0.0,49.9994895180693,-0.01576900024275117,0.0,0.0,-0.0004997444670977735,5.232869357462084e-07,-1.01401607177628e-12,-1.33158448975244e-10,-1.265886668394647e-08,-3.946827601130574e-07,0.0,0.0,-1.265884136580908e-08,-3.94681970749116e-07,0.000999989790385916,-3.153773419612074e-07,2.403234903141879e-10,7.30823192352373e-07,-0.0004997442362348892,-2.078012505188484e-07,1.265662616897195e-08,3.944164569732796e-07,1.241627784603235e-08,-3.364060625669682e-07,0.0009999897891594179,-3.155104866520102e-07
3,24.17315480804101,0.0,-2.481483052054274e-05,0.000699134079488486,0.9999897809098979,-0.000327853980968228,0.9980849761418227,-0.0001621625620471328,0.0,0.0,2.533833893103576e-05,0.0008202456704286049,1.0,0.0,49.99948910647137,-0.0163859197214359,0.0,0.0,-0.0004997444533798578,5.43759121573637e-07,-1.014979440379744e-12,-1.383679139277592e-10,-1.266919480441846e-08,-4.101236554599728e-07,0.0,0.0,-1.266916946551788e-08,-4.101228352143025e-07,0.0009999897821543159,-3.277156273564831e-07,2.594953335473788e-10,7.594146728126223e-07,-0.0004997442417078446,-2.159309123176334e-07,1.266693540851967e-08,4.098469339342998e-07,1.240741526027137e-08,-3.49567039744243e-07,0.000999989780909898,-3.27853980968228e-07
3,25.11886431509577,0.0,-2.479569131578888e-05,0.0007264858086031897,0.9999897720022712,-0.0003406803808771172,0.9980849717361214,-0.0001685067335131745,0.0,0.0,2.5360642985639e-05,0.0008523355628839115,1.0,0.0,49.99948866203815,-0.0170269744943263,0.0,0.0,-0.0004997444385663741,5.650322259056519e-07,-1.016019661850363e-12,-1.437811851086834e-10,-1.268034685377487e-08,-4.261686337775184e-07,0.0,0.0,-1.26803214928195e-08,-4.261677814419558e-07,0.0009999897732660384,-3.405366145601873e-07,2.801966133186559e-10,7.891247170628831e-07,-0.0004997442476160074,-2.243786249885157e-07,1.267806706764919e-08,4.258810862754796e-07,1.239784565789444e-08,-3.632429043015949e-07,0.0009999897720022713,-3.406803808771172e-07
3,26.10157215682533,0.0,-2.477502528122559e-05,0.000754907599549334,0.9999897623840377,-0.0003540085787162249,0.9980849669789548,-0.0001750991033929037,0.0,0.0,2.538472634761035e-05,0.0008856808849000597,1.0,0.0,49.99948818215023,-0.01769310878765123,0.0,0.0,-0.0004997444225720571,5.871375824502336e-07,-1.017142867134852e-12,-1.494062358820498e-10,-1.269238855885267e-08,-4.428413281309147e-07,0.0,0.0,-1.269236317380518e-08,-4.428404424500299e-07,0.0009999897636686977,-3.538591879374491e-07,3.025493406150653e-10,8.199970857985233e-07,-0.000499744253995793,-2.331568313860763e-07,1.269008675637473e-08,4.425425311162568e-07,1.238751264061279e-08,-3.77453799774667e-07,0.0009999897623840378,-3.540085787162249e-07
3,27.12272579332025,0.0,-2.475271060943052e-05,0.0007844413155102964,0.9999897519985077,-0.0003678582059297701,0.9980849618422845,-0.0001819493817568899,0.0,0.0,2.541073096651303e-05,0.0009203307516564113,1.0,0.0,49.99948766397917,-0.01838530376769065,0.0,0.0,-0.0004997444053018718,6.101077507531536e-07,-1.018355676276645e-12,-1.55251351547631e-10,-1.270539089389099e-08,-4.601662961589573e-07,0.0,0.0,-1.270536548325652e-08,-4.601653758282057e-07,0.0009999897533057279,-3.677029706481812e-07,3.266852598598208e-10,8.520772517222844e-07,-0.0004997442608858371,-2.422784611556253e-07,1.270306531749537e-08,4.598558095258209e-07,1.237635530471526e-08,-3.922206577551482e-07,0.0009999897519985077,-3.678582059297701e-07
3,28.1838293126445,0.0,-2.472861578322385e-05,0.0008151304574413466,0.9999897407844707,-0.0003822496619835777,0.9980849562958352,-0.0001890676585532045,0.0,0.0,2.543881010286242e-05,0.0009563361998169769,1.0,0.0,49.99948710447091,-0.01910457898592442,0.0,0.0,-0.0004997443866519014,6.339765641549464e-07,-1.019665237433595e-12,-1.613251415445096e-10,-1.271943049088891e-08,-4.781690562446882e-07,0.0,0.0,-1.271940505143121e-08,-4.781680999084884e-07,0.0009999897421160498,-3.82088353549813e-07,3.527466253970734e-10,8.854124665205099e-07,-0.0004997442683229991,-2.51756949776129e-07,1.271707924612969e-08,4.778464226693791e-07,1.236430789161193e-08,-4.075652287206733e-07,0.0009999897407844706,-3.822496619835777e-07
3,29.28644564625232,0.0,-2.470259878901806e-05,0.0008470202281415529,0.9999897286758326,-0.0003972041444111573,0.9980849503069175,-0.0001964644184687604,0.0,0.0,2.546912925893707e-05,0.0009937502627015782,1.0,0.0,49.99948650032783,-0.0198519938807151,0.0,0.0,-0.0004997443665160084,6.587791796248531e-07,-1.021079269008271e-12,-1.676365521320656e-10,-1.273459009883965e-08,-4.968761251010516e-07,0.0,0.0,-1.273456462946854e-08,-4.968751313507891e-07,0.0009999897300337142,-3.970365252306928e-07,3.808870399206029e-10,9.200518304594595e-07,-0.0004997442763552407,-2.616062583480922e-07,1.273221113694316e-08,4.965408693684552e-07,1.235129939450903e-08,-4.235101140707765e-07,0.0009999897286758325,-3.972041444111572e-07
3,30.43219887107717,0.0,-2.467450628546232e-05,0.0008801575988321528,0.9999897156012264,-0.0004127436800351639,0.9980849438402327,-0.0002041505563720155,0.0,0.0,2.550186712735325e-05,0.001032628048397657,1.0,0.0,49.99948584798917,-0.02062864933773552,0.0,0.0,-0.000499744344774733,6.845521295410165e-07,-1.022606105139208e-12,-1.74194879567069e-10,-1.275095906535684e-08,-5.163150568268772e-07,0.0,0.0,-1.275093356367662e-08,-5.163140241988286e-07,0.000999989716987509,-4.125695032183747e-07,4.112723597879655e-10,9.56046364704196e-07,-0.000499744285028747,-2.718408941583799e-07,1.274855017721797e-08,5.159666851305207e-07,1.233725314273116e-08,-4.400787994160764e-07,0.0009999897156012265,-4.127436800351639e-07
3,31.62277660168374,0.0,-2.464417269942931e-05,0.0009145913783394145,0.999989701483591,-0.0004288911574102218,0.9980849368576674,-0.0002121373933597862,0.0,0.0,2.553721666664899e-05,0.001073026820927768,1.0,0.0,49.99948514361004,-0.02143568931143914,0.0,0.0,-0.0004997443212975128,7.113333754980248e-07,-1.0242547448212e-12,-1.810097837962734e-10,-1.276863387046034e-08,-5.365144834907052e-07,0.0,0.0,-1.276860833332449e-08,-5.365134104638842e-07,0.0009999897029005398,-4.287101664087534e-07,4.440816725558457e-10,9.934490864665261e-07,-0.0004997442943932562,-2.824759320477817e-07,1.276619266641448e-08,5.36152482705441e-07,1.232208634971465e-08,-4.572956891697073e-07,0.000999989701483591,-4.288911574102218e-07
3,32.85993247600649,0.0,-2.46114192436011e-05,0.00095037228498386,0.9999896862397207,-0.0004456703605348819,0.9980849293180677,-0.000220436693431796,0.0,0.0,2.557538621683619e-05,0.001115006084592265,1.0,0.0,49.99948438303908,-0.02227430250996103,0.0,0.0,-0.0004997442959471243,7.391623642219285e-07,-1.026034904944147e-12,-1.880913026846831e-10,-1.278771868375615e-08,-5.575041573022171e-07,0.0,0.0,-1.27876931084181e-08,-5.575030422961327e-07,0.000999989687689783,-4.45482288763799e-07,4.79508352498014e-10,1.032315087092664e-06,-0.0004997443045047234,-2.935270366124371e-07,1.278524258590259e-08,5.571279942284497e-07,1.230570962180055e-08,-4.7518614249193e-07,0.0009999896862397208,-4.456703605348819e-07
3,34.14548873833596,0.0,-2.457605288359583e-05,0.0009875530212817027,0.9999896697797671,-0.0004631060038823393,0.9980849211769942,-0.0002290606808175084,0.0,0.0,2.561660074995586e-05,0.001158627671611344,1.0,0.0,49.99948356179338,-0.02314572414592949,0.0,0.0,-0.00049974426857613,7.68080085668298e-07,-1.027957077563085e-12,-1.954498668004565e-10,-1.280832599149921e-08,-5.793149944333435e-07,0.0,0.0,-1.280830037497793e-08,-5.79313835805672e-07,0.0009999896712655839,-4.629105743274928e-07,5.177612003268737e-10,1.072701613205569e-06,-0.0004997443154239889,-3.050104852766328e-07,1.280581221820037e-08,5.789241150116963e-07,1.228802644179792e-08,-4.937765106408513e-07,0.0009999896697797672,-4.631060038823394e-07
3,35.48133892335748,0.0,-2.453786516519508e-05,0.001026188351568491,0.9999896520067196,-0.0004812237688015112,0.9980849123864663,-0.0002380220579807636,0.0,0.0,2.566110317570036e-05,0.001203955833195543,1.0,0.0,49.99948267503275,-0.0240512377557674,0.0,0.0,-0.0004997442390202167,7.981291333942868e-07,-1.030032591736838e-12,-2.030963147781923e-10,-1.283057724924153e-08,-6.019791205536047e-07,0.0,0.0,-1.283055158785018e-08,-6.019779165977715e-07,0.0009999896535311437,-4.810206936115488e-07,5.590656738358939e-10,1.114668151021461e-06,-0.0004997443272132251,-3.169431922690671e-07,1.282802279355247e-08,6.015729490488638e-07,1.226893258259754e-08,-5.130941757842457e-07,0.0009999896520067196,-4.812237688015113e-07
3,36.86945064519569,0.0,-2.449663101273593e-05,0.001066335182659233,0.9999896328158253,-0.000500050341342044,0.9980849028946733,-0.0002473340243287186,0.0,0.0,2.570915579003241e-05,0.001251057334178717,1.0,0.0,49.99948171753068,-0.02499217709016065,0.0,0.0,-0.0004997442071061897,8.293537672953398e-07,-1.032273680299911e-12,-2.11041909283267e-10,-1.285460360398625e-08,-6.255299181466926e-07,0.0,0.0,-1.285457789501621e-08,-6.255286670893587e-07,0.0009999896343819358,-4.998393214044615e-07,6.036652167160266e-10,1.158276513964626e-06,-0.0004997443399430423,-3.29342733531527e-07,1.285200521959221e-08,6.251078562998269e-07,1.224831550636797e-08,-5.331675913296164e-07,0.0009999896328158253,-5.00050341342044e-07
3,38.31186849557281,0.0,-2.445210740513795e-05,0.001108052647663778,0.9999896120939743,-0.0005196134515589616,0.9980848926456707,-0.0002570102956526418,0.0,0.0,2.576104180729288e-05,0.001300001551352866,1.0,0.0,49.99948068364375,-0.02596992807847799,0.0,0.0,-0.0004997441726470875,8.617999787908972e-07,-1.034693551961035e-12,-2.192983536007027e-10,-1.288054666430323e-08,-6.500020756779846e-07,0.0,0.0,-1.288052090364644e-08,-6.500007756764332e-07,0.0009999896137050973,-5.193941760595719e-07,6.518226933778637e-10,1.203590933709531e-06,-0.0004997443536884916,-3.42227372608769e-07,1.287790084828507e-08,6.495635018249946e-07,1.222605370256898e-08,-5.540263238318888e-07,0.0009999896120939744,-5.196134515589617e-07
3,39.81071705534965,0.0,-2.440403192000304e-05,0.00115140219308083,0.9999895897190361,-0.0005399419143548071,0.9980848815790533,-0.000267065124329183,0.0,0.0,2.581706703619346e-05,0.001350860575649568,1.0,0.0,49.99947956727839,-0.02698593087003377,0.0,0.0,-0.0004997441354386289,8.955155585642621e-07,-1.037306469153305e-12,-2.27877808872998e-10,-1.290855933471242e-08,-6.754316386853599e-07,0.0,0.0,-1.290853351809673e-08,-6.754302878247841e-07,0.0009999895913787623,-5.397140603199788e-07,7.038219382360059e-10,1.250678154784266e-06,-0.000499744368530397,-3.556160875469241e-07,1.290586230221013e-08,6.749759068416586e-07,1.220201596000152e-08,-5.75701096540415e-07,0.0009999895897190361,-5.399419143548071e-07
3,41.36820402388499,0.0,-2.435212120588028e-05,0.001196447669298821,0.9999895655591345,-0.0005610656719194114,0.9980848696295953,-0.0002775133203118574,0.0,0.0,2.587756168370703e-05,0.001403709318318445,1.0,0.0,49.99947836185486,-0.02804168195519913,0.0,0.0,-0.0004997440952623222,9.305501669500896e-07,-1.040127832094828e-12,-2.367929120123326e-10,-1.293880671941628e-08,-7.018560628685406e-07,0.0,0.0,-1.293878084185351e-08,-7.018546591592224e-07,0.0009999895672713412,-5.608289037404023e-07,7.59969428586739e-10,1.299607532874599e-06,-0.0004997443845558003,-3.695285988444472e-07,1.293605438410238e-08,7.01382501777519e-07,1.217606060294014e-08,-5.982238346494106e-07,0.0009999895655591346,-5.610656719194114e-07
3,42.98662347082268,0.0,-2.42960693124898e-05,0.001243255424636882,0.999989539471874,-0.0005830158378297602,0.9980848567268676,-0.000288370272943644,0.0,0.0,2.59428822992902e-05,0.001458625621258972,1.0,0.0,49.99947706026852,-0.02913873636948365,0.0,0.0,-0.0004997440518805796,9.669554070770511e-07,-1.043174269555215e-12,-2.460567943135e-10,-1.297146709227542e-08,-7.293142692551076e-07,0.0,0.0,-1.29714411496451e-08,-7.293128106294861e-07,0.0009999895412407477,-5.827698067684468e-07,8.20596090938498e-10,1.350451136973346e-06,-0.0004997444018610686,-3.839853984974589e-07,1.296865504353499e-08,7.288221813994808e-07,1.21480346562449e-08,-6.21627712318441e-07,0.000999989539471874,-5.830158378297602e-07
3,44.66835921509622,0.0,-2.423554587279201e-05,0.001291894403064314,0.9999895113034992,-0.0006058247428748837,0.9980848427948236,-0.0002996519736228131,0.0,0.0,2.601341387364897e-05,0.001515690371668065,1.0,0.0,49.99947565484798,-0.0302787099838327,0.0,0.0,-0.0004997440050384938,1.004784900868021e-06,-1.046463736862903e-12,-2.55683100794982e-10,-1.300673295046751e-08,-7.57846701524404e-07,0.0,0.0,-1.300670693682449e-08,-7.578451858340323e-07,0.000999989513133561,-6.055690865501595e-07,8.860592514411326e-10,1.403283855525445e-06,-0.0004997444205465662,-3.990077801817662e-07,1.300385642389016e-08,7.573353620988853e-07,1.2117772936396e-08,-6.459472015321568e-07,0.0009999895113034993,-6.058247428748838e-07
3,46.41588833612769,0.0,-2.417019417165817e-05,0.001342436245742446,0.99998948088799,-0.0006295259826732183,0.9980848277513492,-0.0003113750393553415,0.0,0.0,2.608957210981089e-05,0.001574987621172164,1.0,0.0,49.99947413730991,-0.03146328188451113,0.0,0.0,-0.0004997439544585092,1.044094368015747e-06,-1.050015621730958e-12,-2.656860102966681e-10,-1.304481214476476e-08,-7.874953855737028e-07,0.0,0.0,-1.304478605490544e-08,-7.874938105860818e-07,0.0009999894827841208,-6.292603245273042e-07,9.567447419092259e-10,1.458183506724961e-06,-0.000499744440721539,-4.146178706149282e-07,1.304186599805242e-08,7.869640414174919e-07,1.208509708582908e-08,-6.712181228712228e-07,0.00099998948088799,-6.295259826732184e-07
3,48.23178482239296,0.0,-2.40996290291896e-05,0.001394955396538294,0.9999894480460818,-0.0006541544671525291,0.9980848115077811,-0.0003235567372285866,0.0,0.0,2.61718058753857e-05,0.001636604709619205,1.0,0.0,49.99947249871015,-0.0326941968460767,0.0,0.0,-0.00049974389984353,1.084941708050886e-06,-1.053850858525006e-12,-2.760802563637854e-10,-1.308592910947903e-08,-8.183039914143118e-07,0.0,0.0,-1.308590293769285e-08,-8.183023548096023e-07,0.0009999894500135524,-6.538784158964116e-07,1.033069173851709e-09,1.515230953126374e-06,-0.0004997444625063352,-4.308386621400002e-07,1.308290778762954e-08,8.177518599018306e-07,1.20498145145948e-08,-6.974776982691472e-07,0.0009999894480460817,-6.541544671525292e-07
3,50.11872336272711,0.0,-2.402343454635771e-05,0.001449529211665351,0.9999894125842064,-0.000679746471965219,0.9980847939683803,-0.0003362150098422355,0.0,0.0,2.626059984844886e-05,0.001700632393712662,1.0,0.0,49.99947072939091,-0.03397326790108286,0.0,0.0,-0.0004997438408715915,1.127387085611683e-06,-1.057992051646826e-12,-2.868811489478278e-10,-1.313032618529865e-08,-8.50317897488724e-07,0.0,0.0,-1.313029992422443e-08,-8.503161968563307e-07,0.0009999894146287083,-6.794596210024008e-07,1.115482393910166e-09,1.574510220738845e-06,-0.0004997444860284084,-4.476940465957934e-07,1.312722369076902e-08,8.497441653769579e-07,1.201171727317886e-08,-7.247646058326755e-07,0.0009999894125842063,-6.797464719652191e-07
3,52.07948328595451,0.0,-2.394116164561883e-05,0.001506238073612861,0.9999893742933572,-0.0007063396919147045,0.9980847750297722,-0.0003493685017339659,0.0,0.0,2.63564773668179e-05,0.001767164980676987,1.0,0.0,49.99946881892406,-0.03530237901029318,0.0,0.0,-0.0004997437771976365,1.171493019055166e-06,-1.062463608760691e-12,-2.981045969564043e-10,-1.317826504002016e-08,-8.835842575034738e-07,0.0,0.0,-1.317823868340895e-08,-8.835824903384934e-07,0.000999989376421035,-7.060416187424178e-07,1.204470135177349e-09,1.636108622778734e-06,-0.0004997445114289789,-4.652088504998857e-07,1.317507489941954e-08,8.829880797342305e-07,1.197058082280941e-08,-7.531190368064306e-07,0.0009999893742933573,-7.063396919147045e-07
3,54.11695265464624,0.0,-2.385232541669765e-05,0.001565165509531237,0.9999893329478525,-0.0007339732964714639,0.9980847545803356,-0.0003630365868386972,0.0,0.0,2.646000352424238e-05,0.001836300467151138,1.0,0.0,49.9994667560496,-0.03668348783733651,0.0,0.0,-0.0004997437084415246,1.217324472534316e-06,-1.067291884647717e-12,-3.097671316852387e-10,-1.323002822192879e-08,-9.181520698760361e-07,0.0,0.0,-1.323000176212119e-08,-9.181502335755688e-07,0.0009999893351653418,-7.336635620584703e-07,1.300556880021795e-09,1.700116888262485e-06,-0.0004997445388545962,-4.834088716124726e-07,1.322674344077759e-08,9.175325683313575e-07,1.192616270834882e-08,-7.825827547656183e-07,0.0009999893329478526,-7.339732964714639e-07
3,56.23413251903477,0.0,-2.375640227159233e-05,0.001626398314247834,0.9999892883040078,-0.0007626879874604736,0.9980847324995438,-0.0003772393970218487,0.0,0.0,2.657178848419761e-05,0.001908140683514613,1.0,0.0,49.99946452860919,-0.03811862863188642,0.0,0.0,-0.000499743634200911,1.264948951674571e-06,-1.072505336536012e-12,-3.218859311668211e-10,-1.328592081400724e-08,-9.540722498979897e-07,0.0,0.0,-1.328589424209881e-08,-9.540703417573065e-07,0.000999989290618473,-7.623661356005295e-07,1.404308951290962e-09,1.76662929562911e-06,-0.0004997445684682411,-5.023209169324489e-07,1.328253384373418e-08,9.534285121068791e-07,1.187820113579616e-08,-8.131991571239169e-07,0.0009999892883040078,-7.626879874604736e-07
3,58.43414133735162,0.0,-2.365282685232901e-05,0.001690026678094087,0.9999892400986976,-0.0007925260590049017,0.9980847086572556,-0.0003919978517285853,0.0,0.0,2.66924910983235e-05,0.001982791443858321,1.0,0.0,49.99946212347461,-0.03960991522560722,0.0,0.0,-0.0004997435540388118,1.314436602990396e-06,-1.078134691822077e-12,-3.344788454715517e-10,-1.334627224165646e-08,-9.913977047206043e-07,0.0,0.0,-1.334624554916175e-08,-9.913957219291606e-07,0.0009999892425178757,-7.921916156449453e-07,1.516337850111164e-09,1.835743811588898e-06,-0.0004997446004448847,-5.219728421760293e-07,1.334277492889687e-08,9.907287825151764e-07,1.182641342616451e-08,-8.450133390470436e-07,0.0009999892400986976,-7.925260590049017e-07
3,60.7202195690987,0.0,-2.354098869503698e-05,0.001756144319732097,0.9999891880478073,-0.0008235314598142633,0.9980846829129483,-0.0004073336887926751,0.0,0.0,2.682282276555981e-05,0.002060362701820991,1.0,0.0,49.99945952647032,-0.04115954414527433,0.0,0.0,-0.0004997434674804957,1.365860317194354e-06,-1.084213129171924e-12,-3.475644229986437e-10,-1.341143820639899e-08,-1.030183411273197e-06,0.0,0.0,-1.34114113827799e-08,-1.030181350910496e-06,0.0009999891905800515,-8.231839323563279e-07,1.637303859955905e-09,1.907562235402631e-06,-0.0004997446349714885,-5.423935928033918e-07,1.34078217483545e-08,1.029488319392263e-06,1.177049434751849e-08,-8.780721598660488e-07,0.0009999891880478073,-8.235314598142634e-07
3,63.09573444801917,0.0,-2.34202286488819e-05,0.001824848624176043,0.9999891318445538,-0.0008557498579086692,0.9980846551148866,-0.0004232694964502851,0.0,0.0,2.696355165099362e-05,0.002140968712520331,1.0,0.0,49.99945672228985,-0.04276979784764944,0.0,0.0,-0.0004997433740170365,1.419295836546132e-06,-1.090776474069273e-12,-3.611619377955024e-10,-1.348180278918378e-08,-1.070486497228877e-06,0.0,0.0,-1.348177582549681e-08,-1.070484356260165e-06,0.0009999891344988836,-8.553887344845054e-07,1.767919938223319e-09,1.982190348803564e-06,-0.0004997446722527776,-5.636132466412674e-07,1.347805768324418e-08,1.069764211866918e-06,1.171011432444095e-08,-9.124243120880217e-07,0.000999989131844554,-8.557498579086692e-07
3,65.56418494179772,0.0,-2.328983496405287e-05,0.001896240786211525,0.9999890711576844,-0.0008892287078743925,0.9980846250992343,-0.0004398287466058111,0.0,0.0,2.711550718892397e-05,0.002224728200817203,1.0,0.0,49.9994536944058,-0.04444304808086898,0.0,0.0,-0.0004997432730977636,1.474821866396994e-06,-1.097863409963224e-12,-3.752914179457697e-10,-1.355778070922568e-08,-1.112366325136803e-06,0.0,0.0,-1.355775359446199e-08,-1.112364100408601e-06,0.000999989073943839,-8.888534565917263e-07,1.908955918257853e-09,2.059738071782739e-06,-0.0004997447125081322,-5.856630581856093e-07,1.355389669061964e-08,1.111615782436191e-06,1.164491748202643e-08,-9.481203931057624e-07,0.0009999890711576845,-8.892287078743925e-07
3,68.12920690579594,0.0,-2.314903912440226e-05,0.001970425959423693,0.9999890056295191,-0.0009240173207496639,0.9980845926890823,-0.0004570358293986685,0.0,0.0,2.727958497583671e-05,0.002311764536160277,1.0,0.0,49.99945042497227,-0.04618175937729001,0.0,0.0,-0.0004997431641275973,1.532520191099666e-06,-1.105515706259879e-12,-3.899736750678927e-10,-1.363981976751507e-08,-1.155884579844675e-06,0.0,0.0,-1.363979248791836e-08,-1.155882268080139e-06,0.0009999890085580156,-9.236273889089868e-07,2.061243046580725e-09,2.140319624466735e-06,-0.0004997447559742518,-6.085755046248906e-07,1.363578575742858e-08,1.155104674328929e-06,1.157451956220113e-08,-9.852129797118464e-07,0.0009999890056295192,-9.240173207496639e-07
3,70.7945784384136,0.0,-2.299701129017918e-05,0.002047513411053441,0.9999889348738427,-0.000960166936643491,0.9980845576934105,-0.0004749160891218858,0.0,0.0,2.745675207815879e-05,0.002402205914268304,1.0,0.0,49.99944689471959,-0.04798849268293075,0.0,0.0,-0.0004997430464648289,1.592475794445856e-06,-1.113778464501484e-12,-4.052303349675758e-10,-1.372840349608452e-08,-1.201105359340066e-06,0.0,0.0,-1.372837603907939e-08,-1.201102957134152e-06,0.0009999889379560358,-9.597617499242298e-07,2.22567888206916e-09,2.224053695325969e-06,-0.0004997448029095963,-6.323843336716352e-07,1.372420752437672e-08,1.200294942285837e-06,1.149850564508959e-08,-1.023756705526721e-06,0.0009999889348738427,-9.60166936643491e-07
3,73.56422544596393,0.0,-2.283285543746632e-05,0.00212761668290934,0.999988858473633,-0.0009977308001942985,0.998084519905959,-0.0004934958615453244,0.0,0.0,2.764805268284931e-05,0.002496185545917256,1.0,0.0,49.99944308284105,-0.04986590912884371,0.0,0.0,-0.0004997429194149028,1.65477698482264e-06,-1.122700384184014e-12,-4.210838694893132e-10,-1.382405398966534e-08,-1.248095269144174e-06,0.0,0.0,-1.382402634142466e-08,-1.248092772958628e-06,0.000999988861721784,-9.973097618091717e-07,2.403232585957375e-09,2.31106361596091e-06,-0.0004997448535881688,-6.571246132570409e-07,1.381968313771751e-08,1.247253146889558e-06,1.141642771873316e-08,-1.06380834145467e-06,0.000999988858473633,-9.977308001942985e-07
3,76.44222742525982,0.0,-2.265560405499319e-05,0.002210853758571884,0.9999887759785978,-0.001036764238979321,0.998084479104014,-0.0005128025126983964,0.0,0.0,2.785461428977953e-05,0.002593841853109831,1.0,0.0,49.99943896686995,-0.05181677394996545,0.0,0.0,-0.0004997427822308609,1.719515525253415e-06,-1.132334049779653e-12,-4.3755762961383e-10,-1.392733499911457e-08,-1.296923520396769e-06,0.0,0.0,-1.392730714488977e-08,-1.296920926554916e-06,0.0009999887794059459,-1.036326728795635e-06,2.594950633835257e-09,2.40147754272317e-06,-0.0004997449083101735,-6.828327831762994e-07,1.392277531709707e-08,1.29604845258347e-06,1.13278020274966e-08,-1.105426879285942e-06,0.0009999887759785978,-1.036764238979321e-06
3,79.43282347242791,0.0,-2.246421244656997e-05,0.002297347237135946,0.9999886869025241,-0.001077324744990044,0.9980844350470955,-0.0005328644791693053,0.0,0.0,2.80776543428729e-05,0.00269531867291578,1.0,0.0,49.99943452254741,-0.05384396055720593,0.0,0.0,-0.0004997426341009081,1.786786768527213e-06,-1.142736240655777e-12,-4.546758798502009e-10,-1.403885524847141e-08,-1.347662031776563e-06,0.0,0.0,-1.403882717143645e-08,-1.34765933645789e-06,0.000999988690523365,-1.076870118616651e-06,2.80196298330761e-09,2.495428645438531e-06,-0.0004997449673966869,-7.095467087500987e-07,1.403409167064881e-08,1.34675272952332e-06,1.123210622328499e-08,-1.148673618567973e-06,0.000999988686902524,-1.077324744990044e-06
3,82.5404185268016,0.0,-2.225755258322521e-05,0.002387224513746753,0.9999885907204102,-0.001119472059293459,0.9980843874755377,-0.0005537113099800477,0.0,0.0,2.831848740392218e-05,0.002800765469282701,1.0,0.0,49.99942972367921,-0.05595045476876231,0.0,0.0,-0.000499742474155962,1.856689797620232e-06,-1.153968265716829e-12,-4.724638339732601e-10,-1.415927201982001e-08,-1.40038553540682e-06,0.0,0.0,-1.415924370196109e-08,-1.40038273464135e-06,0.0009999885945501795,-1.118999647132017e-06,3.02548973366183e-09,2.593055303509295e-06,-0.0004997450311976515,-7.373057365777681e-07,1.415428828296914e-08,1.399440659411405e-06,1.11287762916126e-08,-1.193612256873376e-06,0.0009999885907204104,-1.119472059293459e-06
3,85.76958985908915,0.0,-2.203440644044664e-05,0.002480617967194765,0.9999884868653744,-0.001163268260003548,0.9980843361089625,-0.0005753737100987145,0.0,0.0,2.857853290905155e-05,0.002910337553128563,1.0,0.0,49.99942454198163,-0.05813935920687636,0.0,0.0,-0.0004997423014492242,1.929327571589985e-06,-1.166096324741199e-12,-4.909476921588888e-10,-1.428929503278509e-08,-1.455171686901834e-06,0.0,0.0,-1.428926645452577e-08,-1.455168776564281e-06,0.0009999884909207399,-1.162777366262711e-06,3.266848316791107e-09,2.694501309684188e-06,-0.0004997451000874342,-7.661507524852826e-07,1.42840735709317e-08,1.454189845468838e-06,1.101720322022332e-08,-1.240308983597383e-06,0.0009999884868653745,-1.163268260003548e-06
3,89.12509381337428,0.0,-2.179345883291482e-05,0.002577665154845093,0.9999883747253104,-0.001208777853692273,0.998084280644622,-0.0005978835856530378,0.0,0.0,2.885932352469922e-05,0.003024196311039412,1.0,0.0,49.99941894691446,-0.06041389786649658,0.0,0.0,-0.0004997421149668391,2.004807077192732e-06,-1.179191898542571e-12,-5.101546795718824e-10,-1.442969062151312e-08,-1.512101179716017e-06,0.0,0.0,-1.442966176234961e-08,-1.512098155519706e-06,0.0009999883790242684,-1.208267755363353e-06,3.527461261750809e-09,2.799916081795226e-06,-0.000499745174473265,-7.961242417245037e-07,1.442421247216197e-08,1.511080926707525e-06,1.089672941645741e-08,-1.288832577422547e-06,0.0009999883747253105,-1.208777853692273e-06
3,92.61187281287906,0.0,-2.153328965173778e-05,0.00267850901518786,0.9999882536392846,-0.001256067870374394,0.9980842207556199,-0.0006212740909116122,0.0,0.0,2.916251418483284e-05,0.003142509442908268,1.0,0.0,49.99941290550142,-0.06277742086255733,0.0,0.0,-0.0004997419136065773,2.083239486412852e-06,-1.193332170254929e-12,-5.30113086463134e-10,-1.458128625470103e-08,-1.571257863963577e-06,0.0,0.0,-1.458125709241642e-08,-1.571254721454134e-06,0.000999988258201268,-1.255537816166999e-06,3.808864578705733e-09,2.909454882772664e-06,-0.00049974525479346,-8.272703515355487e-07,1.457553093849027e-08,1.570197696669718e-06,1.076664482586889e-08,-1.33925450759393e-06,0.0009999882536392845,-1.256067870374394e-06
3,96.23506263980856,0.0,-2.125236550908836e-05,0.002783298078307004,0.9999881228936357,-0.001305207962205589,0.9980841560889795,-0.0006455796771017901,0.0,0.0,2.948989183959583e-05,0.003265451208864218,1.0,0.0,49.99940638213537,-0.06523340936284744,0.0,0.0,-0.0004997416961840528,2.164740320161323e-06,-1.20860048022397e-12,-5.508523098352217e-10,-1.474497541004042e-08,-1.632728869883318e-06,0.0,0.0,-1.474494591979791e-08,-1.632725604432109e-06,0.0009999881277396273,-1.30465717144167e-06,4.112716811675548e-09,3.023279049261143e-06,-0.0004997453415214181,-8.596349561460111e-07,1.47389208181201e-08,1.631627226809563e-06,1.062618275454418e-08,-1.391649039153502e-06,0.0009999881228936356,-1.305207962205589e-06
3,99.99999999999969,0.0,-2.094903067949484e-05,0.002892186684576602,0.9999879817177707,-0.001356270506038876,0.9980840862635671,-0.0006708361431359591,0.0,0.0,2.984338600509062e-05,0.003393202685854411,1.0,0.0,49.9993993383687,-0.06778548071371397,0.0,0.0,-0.000499741461415848,2.249429618367965e-06,-1.22508681718547e-12,-5.724028967376285e-10,-1.492172284611167e-08,-1.696604736129891e-06,0.0,0.0,-1.492169300254531e-08,-1.696601342927206e-06,0.000999987986870427,-1.355698167503574e-06,4.440808813426636e-09,3.141556229172837e-06,-0.0004997454351678421,-8.932657243223945e-07,1.491534510199265e-08,1.695459994697851e-06,1.047451533974742e-08,-1.446093342288301e-06,0.0009999879817177708,-1.356270506038876e-06
3,103.9122303835166,0.0,-2.062149736564063e-05,0.003005335211905861,0.9999878292796246,-0.001409330709989878,0.9980840108678439,-0.0006970806883206666,0.0,0.0,3.022508010808167e-05,0.003525952034255641,1.0,0.0,49.99939173268672,-0.07043739376612607,0.0,0.0,-0.0004997412079181807,2.337432116725907e-06,-1.242888348625222e-12,-5.947965892553997e-10,-1.511257027883789e-08,-1.762979543079855e-06,0.0,0.0,-1.511254005404083e-08,-1.76297601712782e-06,0.00099998783476341,-1.408735980737473e-06,4.7950743001133e-09,3.264460628526337e-06,-0.0004997455362842906,-9.282121895513862e-07,1.510584360432263e-08,1.761790017238195e-06,1.031074868282032e-08,-1.502667605952931e-06,0.0009999878292796247,-1.409330709989878e-06
3,107.9775162327706,0.0,-2.026783514534227e-05,0.003122910311866215,0.9999876646807548,-0.001464466724167369,0.9980839294574412,-0.0007243519671259716,0.0,0.0,3.063722378193745e-05,0.003663894774906871,1.0,0.0,49.99938352026292,-0.07319305440991673,0.0,0.0,-0.0004997409342006875,2.428877430338955e-06,-1.262109993445682e-12,-6.180663712573525e-10,-1.531864252793971e-08,-1.831951051348211e-06,0.0,0.0,-1.531861189096873e-08,-1.831947387453436e-06,0.000999987670522085,-1.463848728280599e-06,5.177601247865668e-09,3.392173267933602e-06,-0.000499745645469396,-9.645258229719691e-07,1.531153908856674e-08,1.830714989090183e-06,1.013391757267113e-08,-1.561455155933108e-06,0.0009999876646807548,-1.464466724167369e-06
3,112.201845430196,0.0,-1.988595959617949e-05,0.00324508515504715,0.9999874869510468,-0.001521759755731575,0.9980838415525423,-0.0007526901460953803,0.0,0.0,3.108224612891064e-05,0.003807234076969185,1.0,0.0,49.99937465269483,-0.07605652132432392,0.0,0.0,-0.0004997406386437753,2.523900244554619e-06,-1.282865040314083e-12,-6.422465169726754e-10,-1.554115414659271e-08,-1.903620845718669e-06,0.0,0.0,-1.554112306445532e-08,-1.903617038484592e-06,0.0009999874931784446,-1.521117583032497e-06,5.590644198482154e-09,3.52488224911135e-06,-0.0004997457633622027,-1.00226010915248e-06,1.553364388280766e-08,1.90233642650262e-06,9.942979798089746e-09,-1.622542577523575e-06,0.000999987486951047,-1.521759755731575e-06
3,116.5914401179828,0.0,-1.947362002540023e-05,0.003372039686000597,0.9999872950429957,-0.001581294188449043,0.9980837466350512,-0.0007821369629798661,0.0,0.0,3.156277001803431e-05,0.003956181057035551,1.0,0.0,49.99936507771871,-0.07903201195326734,0.0,0.0,-0.0004997403195106109,2.622640513246476e-06,-1.30527581533563e-12,-6.673726414673714e-10,-1.578141657198213e-08,-1.978094484698833e-06,0.0,0.0,-1.578138500901716e-08,-1.978090528517776e-06,0.0009999873016872593,-1.580626893159557e-06,6.036637546740524e-09,3.662783031807863e-06,-0.0004997458906603747,-1.041470624830142e-06,1.577346703356402e-08,1.976759816767878e-06,9.736810012700116e-09,-1.686019843000298e-06,0.0009999872950429956,-1.581294188449043e-06
3,121.1527658628584,0.0,-1.902838617897317e-05,0.003503960888147777,0.9999870878255342,-0.001643157706919409,0.9980836441455451,-0.0008127357881827014,0.0,0.0,3.208162756962452e-05,0.004110955089928962,1.0,0.0,49.99935473890162,-0.08212390871412434,0.0,0.0,-0.0004997399749187004,2.725243664850746e-06,-1.329474402985999e-12,-6.934817530947607e-10,-1.604084586634887e-08,-2.055481655919572e-06,0.0,0.0,-1.604081378481226e-08,-2.055477544964481e-06,0.0009999870949199202,-1.642464306269488e-06,6.518209887624736e-09,3.806078721551333e-06,-0.0004997460281144228,-1.082215120735801e-06,1.603242200587377e-08,2.054094773516557e-06,9.514193089486583e-09,-1.751980444073889e-06,0.0009999870878255343,-1.643157706919409e-06
3,125.8925411794163,0.0,-1.854763394435328e-05,0.003641043059036919,0.9999868640773666,-0.001707441425656148,0.9980835334799714,-0.0008445316886051482,0.0,0.0,3.26418768139547e-05,0.004271784131644634,1.0,0.0,49.99934357530869,-0.08533676544910519,0.0,0.0,-0.0004997396028372236,2.831860816452855e-06,-1.355603424551452e-12,-7.206123079972673e-10,-1.632097104848004e-08,-2.135896337606449e-06,0.0,0.0,-1.632093840697735e-08,-2.135892065822317e-06,0.000999986871657782,-1.706720898437736e-06,7.038199508008824e-09,3.954980368641557e-06,-0.0004997461765334776,-1.124553606598848e-06,1.631203502835685e-08,2.13445519808004e-06,9.27381697217664e-09,-1.820521529518459e-06,0.0009999868640773665,-1.707441425656148e-06
3,130.8177474260189,0.0,-1.802852987877463e-05,0.003783488096355083,0.9999866224797678,-0.001774240023210516,0.9980834139860901,-0.0008775714939866136,0.0,0.0,3.324681974081756e-05,0.004438905054909474,1.0,0.0,49.99933152114409,-0.08867531412868493,0.0,0.0,-0.00049973920107238,2.94264899623406e-06,-1.383816878663098e-12,-7.488042667395795e-10,-1.662344311716964e-08,-2.219456966359793e-06,0.0,0.0,-1.662340987040878e-08,-2.219452527454737e-06,0.0009999866305849862,-1.773491308274988e-06,7.59967111408144e-09,4.109707278823162e-06,-0.0004997463367923949,-1.168548439490179e-06,1.661395408209908e-08,2.217959447157525e-06,9.014264939387316e-09,-1.891744048177541e-06,0.0009999866224797678,-1.774240023210516e-06
3,135.9356390878521,0.0,-1.746801448990714e-05,0.003931505795113183,0.9999863616088178,-0.001843651881535155,0.9980832849596328,-0.0009119038658364331,0.0,0.0,3.390002174796791e-05,0.004612563997850509,1.0,0.0,49.99931850536336,-0.09214447181691039,0.0,0.0,-0.0004997387672585063,3.057771374615978e-06,-1.414281048878039e-12,-7.780991531564705e-10,-1.695004477376847e-08,-2.306286611489253e-06,0.0,0.0,-1.695001087398396e-08,-2.306281998925254e-06,0.0009999863702807048,-1.842873876232148e-06,8.205933893074073e-09,4.270487336095475e-06,-0.0004997465098375287,-1.214264415606847e-06,1.693995860631222e-08,2.304730507033089e-06,8.73400724495357e-09,-1.965752897556591e-06,0.0009999863616088178,-1.843651881535155e-06
3,141.2537544622749,0.0,-1.686278423446513e-05,0.004085314156439256,0.9999860799270043,-0.001915779230791372,0.9980831456401477,-0.0009475793690581939,0.0,0.0,3.460533265542409e-05,0.004793016726282571,1.0,0.0,49.99930445125452,-0.09574934790877992,0.0,0.0,-0.0004997382988358723,3.177397504420913e-06,-1.447175483655041e-12,-8.085401155018947e-10,-1.730270093213761e-08,-2.396513156158014e-06,0.0,0.0,-1.730266632771205e-08,-2.396508363141286e-06,0.0009999860892107657,-1.914970789346706e-06,8.860561015715497e-09,4.437557338131629e-06,-0.0004997466966862874,-1.261768865646294e-06,1.729196999552525e-08,2.394896174597845e-06,8.431392117232565e-09,-2.042657078219628e-06,0.0009999860799270043,-1.915779230791372e-06
3,146.7799267622064,0.0,-1.620927203352275e-05,0.004245139708431886,0.9999857757741623,-0.001990728299812087,0.998082995206519,-0.0009846505463714603,0.0,0.0,3.53669093930975e-05,0.004980529010145702,1.0,0.0,49.99928927598606,-0.09949525165029069,0.0,0.0,-0.0004997377930453517,3.301703570423968e-06,-1.48269405449844e-12,-8.401719899891358e-10,-1.768349006274724e-08,-2.490269485601861e-06,0.0,0.0,-1.768345469654875e-08,-2.490264505072851e-06,0.00099998578571861,-1.98988823164242e-06,9.5674106943219e-09,4.611163344797858e-06,-0.0004997468984395681,-1.311131753903294e-06,1.767206292039906e-08,2.488589245442206e-06,8.104636016761376e-09,-2.122569854215943e-06,0.0009999857757741623,-1.990728299812087e-06
3,152.5222956539013,0.0,-1.550362625302488e-05,0.004411217839543158,0.9999854473576928,-0.002068609472440519,0.9980828327721295,-0.001023171995639741,0.0,0.0,3.618924049941796e-05,0.005175377014642756,1.0,0.0,49.9992728901188,-0.1033876999521525,0.0,0.0,-0.0004997372469062178,3.430872648656907e-06,-1.521046098504814e-12,-8.73041366815498e-10,-1.809465643907814e-08,-2.587693682698393e-06,0.0,0.0,-1.809462024970898e-08,-2.587688507321378e-06,0.0009999854580155327,-2.067736540402286e-06,1.033064892059446e-08,4.791561040282763e-06,-0.0004997471162893063,-1.362425781229262e-06,1.808247755143004e-08,2.585947709293345e-06,7.751813126512441e-09,-2.205608919771579e-06,0.0009999854473576929,-2.068609472440519e-06
3,158.4893192461107,0.0,-1.474168800727812e-05,0.004583793144978469,0.9999850927419982,-0.002149537449973165,0.9980826573796344,-0.001063200450217755,0.0,0.0,3.707717257128706e-05,0.005377847706649137,1.0,0.0,49.99925519707891,-0.107432425508592,0.0,0.0,-0.0004997366571983797,3.565094975808113e-06,-1.562457652043784e-12,-9.071966587685443e-10,-1.853862336313651e-08,-2.688929231172275e-06,0.0,0.0,-1.853858628564353e-08,-2.688923853324568e-06,0.000999985104170141,-2.148630368543242e-06,1.115477401708922e-08,4.979016109365961e-06,-0.0004997473515166995,-1.415726492030867e-06,1.852563276245219e-08,2.687114953083582e-06,7.370844003639061e-09,-2.291896572489234e-06,0.0009999850927419982,-2.149537449973166e-06
3,164.6897865482862,0.0,-1.391896664323672e-05,0.004763119786619262,0.9999847098370708,-0.002233631419944426,0.998082467995319,-0.001104794862435392,0.0,0.0,3.803593883855427e-05,0.005588239276988374,1.0,0.0,49.99923609258845,-0.1116353852331093,0.0,0.0,-0.0004997360204463952,3.704568229163582e-06,-1.607172782841044e-12,-9.426881725146962e-10,-1.901800745559863e-08,-2.794125226733463e-06,0.0,0.0,-1.901796941927714e-08,-2.794119638494187e-06,0.0009999847220969668,-2.232688853329895e-06,1.204464314700565e-08,5.173804628375834e-06,-0.0004997476055095262,-1.47111238543024e-06,1.90041403875247e-08,2.792239971946417e-06,6.959483321618359e-09,-2.381559893309631e-06,0.0009999847098370708,-2.233631419944426e-06
3,171.1328304161774,0.0,-1.303061327764848e-05,0.004949461866994295,0.9999842963861824,-0.002321015231499355,0.9980822635030083,-0.001148016490340278,0.0,0.0,3.907118998736081e-05,0.005806861579190256,1.0,0.0,49.9992154640512,-0.1160027690235068,0.0,0.0,-0.0004997353328994869,3.84949781748016e-06,-1.655455028311273e-12,-9.79568182674944e-10,-1.953563406468692e-08,-2.903436596456707e-06,0.0,0.0,-1.953559499368041e-08,-2.903430789595128e-06,0.000999984309544184,-2.32003579167362e-06,1.30055009384729e-08,5.376213471407312e-06,-0.0004997478797643673,-1.52866503076287e-06,1.952082060828582e-08,2.901477588448298e-06,6.515306638824239e-09,-2.474730933497148e-06,0.0009999842963861823,-2.321015231499355e-06
3,177.8279410038916,0.0,-1.20713922350538e-05,0.005143093817845022,0.9999838499525795,-0.002411817577610379,0.9980820426974869,-0.001192928987825496,0.0,0.0,4.018902746771857e-05,0.006034036585371593,1.0,0.0,49.99919318988887,-0.1205410088689772,0.0,0.0,-0.0004997345905031203,4.000097183183039e-06,-1.707588948614202e-12,-1.017891008796485e-09,-2.009455392314316e-08,-3.017024326722381e-06,0.0,0.0,-2.009451373385929e-08,-3.017018292685796e-06,0.0009999838640803325,-2.410799822272793e-06,1.404301039196402e-08,5.586540732392328e-06,-0.0004997481758977074,-1.588469187595309e-06,2.007871858104609e-08,3.014988680375999e-06,6.035696117526902e-09,-2.571546908922511e-06,0.0009999838499525795,-2.411817577610379e-06
3,184.7849797422283,0.0,-1.103565017297117e-05,0.00534430080385151,0.9999833679051274,-0.002506172184403726,0.9980818042773987,-0.001239598498273894,0.0,0.0,4.139603945496617e-05,0.006270098859904399,1.0,0.0,49.99916913882478,-0.1252567883125323,0.0,0.0,-0.0004997337888825726,4.156588116375863e-06,-1.763881803582323e-12,-1.05771309533328e-09,-2.069806112331542e-08,-3.135055700051059e-06,0.0,0.0,-2.069801972748308e-08,-3.135049429952199e-06,0.0009999833830799927,-2.505114614859767e-06,1.516328625291241e-08,5.805096163638326e-06,-0.000499748495654373,-1.650612930411029e-06,2.06811223752682e-08,3.132940417411768e-06,5.517825086485586e-09,-2.672150401925755e-06,0.0009999833679051274,-2.506172184403726e-06
3,192.0141938638794,0.0,-9.9172827854745e-06,0.00555337914210721,0.9999828474028019,-0.002604218007871323,0.998081546837576,-0.00128809375185539,0.0,0.0,4.269933966227768e-05,0.006515396051561502,1.0,0.0,49.99914316911009,-0.1301570522825548,0.0,0.0,-0.0004997329233145109,4.319201081101447e-06,-1.824665363398591e-12,-1.099093094753037e-09,-2.134971253098635e-08,-3.257704541176802e-06,0.0,0.0,-2.134966983113884e-08,-3.257698025780751e-06,0.000999982863708312,-2.603119066830275e-06,1.637293104611888e-08,6.032201631473748e-06,-0.0004997488409204109,-1.71518777817084e-06,2.133158235586111e-08,3.255506507041e-06,4.958641392737251e-09,-2.776689571053605e-06,0.000999982847402802,-2.604218007871323e-06
3,199.5262314968871,0.0,-8.709698807944393e-06,0.005770636737952884,0.9999822853779495,-0.002706099438254554,0.998081268860762,-0.001338486166618912,0.0,0.0,4.410660928133581e-05,0.006770289404855953,1.0,0.0,49.99911512768868,-0.1352490173077882,0.0,0.0,-0.0004997319886959062,4.488175554305009e-06,-1.890297863689101e-12,-1.142091953892508e-09,-2.205334874661119e-08,-3.385151472717382e-06,0.0,0.0,-2.20533046406679e-08,-3.385144702427977e-06,0.0009999823029043006,-2.704957507541503e-06,1.767907398420873e-08,6.268191589663619e-06,-0.0004997492137284176,-1.782288828926573e-06,2.203393209792105e-08,3.382867450050439e-06,4.354849403972196e-09,-2.885318368976442e-06,0.0009999822853779495,-2.706099438254554e-06
3,207.3321573485946,0.0,-7.405781203387421e-06,0.005996393537803605,0.9999816785182077,-0.002811966512397027,0.9980809687086657,-0.001390849953525957,0.0,0.0,4.562614221992334e-05,0.007035154291317785,1.0,0.0,49.99908484929494,-0.1405401821306153,0.0,0.0,-0.0004997309795200522,4.66376037804115e-06,-1.961166116546598e-12,-1.186773003687967e-09,-2.281311673611033e-08,-3.517584180813183e-06,0.0,0.0,-2.281307110996167e-08,-3.517577145658893e-06,0.0009999816973627904,-2.810779910575884e-06,1.908941297931702e-08,6.513413571283691e-06,-0.000499749616278411,-1.852014899667541e-06,2.279231098701813e-08,3.515210805988351e-06,3.702890601693711e-09,-2.998196768901802e-06,0.0009999816785182078,-2.811966512397027e-06
3,215.4434690031875,0.0,-5.997845202267133e-06,0.006230981999626383,0.9999810232469882,-0.002921975134374902,0.9980806446123107,-0.001445262225578392,0.0,0.0,4.726689400058603e-05,0.007310380761479934,1.0,0.0,49.99905215548018,-0.1460383387340479,0.0,0.0,-0.0004997298898374858,4.846214125385148e-06,-2.037687789917539e-12,-1.233202052412333e-09,-2.363349426723278e-08,-3.655197691120728e-06,0.0,0.0,-2.363344700029302e-08,-3.655190380739967e-06,0.0009999810435149632,-2.920742114279041e-06,2.061226000544643e-08,6.768228699767646e-06,-0.0004997500509404951,-1.924468671644398e-06,2.361118860501573e-08,3.652731468972455e-06,2.998922601133566e-09,-3.115490999813192e-06,0.0009999810232469881,-2.921975134374902e-06
3,223.872113856833,0.0,-4.477593023139931e-06,0.006474747581751249,0.9999803157024003,-0.003036287304724856,0.9980802946616111,-0.001501803111198789,0.0,0.0,4.903853451931894e-05,0.007596374118374247,1.0,0.0,49.99901685356092,-0.1517515837984239,0.0,0.0,-0.0004997287132280093,5.035805480621894e-06,-2.1203138687773e-12,-1.281447482555794e-09,-2.451931629852291e-08,-3.79819465556124e-06,0.0,0.0,-2.451926725965947e-08,-3.798187059187124e-06,0.0009999803375073167,-3.035006050891818e-06,2.225659007866239e-08,7.033012219868851e-06,-0.0004997505202770647,-1.999756841332585e-06,2.449539106810086e-08,3.795631954245646e-06,2.238796511569965e-09,-3.237373790875625e-06,0.0009999803157024003,-3.036287304724855e-06
3,232.6305067153616,0.0,-2.836064985246383e-06,0.006728049250723949,0.9999795517144924,-0.003155071358601962,0.9980799167941131,-0.001560555872027679,0.0,0.0,5.095150503287016e-05,0.007893555513368703,1.0,0.0,49.9989787354834,-0.1576883306044216,0.0,0.0,-0.0004997274427558374,5.232813634242425e-06,-2.209531312586864e-12,-1.33158035149196e-09,-2.547580346761344e-08,-3.946785650239865e-06,0.0,0.0,-2.547575251643508e-08,-3.946777756684352e-06,0.0009999795751789574,-3.153739984608565e-06,2.403209414358152e-08,7.308154049306201e-06,-0.0004997510270543515,-2.077990277276481e-06,2.545012947197422e-08,3.944122695894976e-06,1.418032492623191e-09,-3.364024625361975e-06,0.0009999795517144925,-3.155071358601962e-06
3,241.7315480804093,0.0,-1.063586693368651e-06,0.006991260008935379,0.9999787267806838,-0.003278502213212214,0.9980795087828466,-0.001621607025308193,0.0,0.0,5.301707967841907e-05,0.008202362565208477,1.0,0.0,49.99893757659786,-0.1638573213996187,0.0,0.0,-0.0004997260709327378,5.43752869330838e-06,-2.305865924679734e-12,-1.383674496076963e-09,-2.650859285576365e-08,-4.101189484966804e-06,0.0,0.0,-2.650853983920953e-08,-4.101181282604239e-06,0.0009999787520370853,-3.277118758906255e-06,2.594923617759423e-08,7.594059351892464e-06,-0.0004997515742588554,-2.159284183071014e-06,2.648103058814208e-08,4.098422356164767e-06,5.317933466843255e-10,-3.49563000446769e-06,0.0009999787267806837,-3.278502213212214e-06
3,251.1886431509569,0.0,8.502879341407572e-07,0.007264767442790206,0.9999778360392287,-0.003406761624877258,0.9980790682231973,-0.001685046471034993,0.0,0.0,5.524743191287484e-05,0.008523250003155252,1.0,0.0,49.99889313433447,-0.1702676402464691,0.0,0.0,-0.0004997245896758429,5.650252107804524e-06,-2.409885450474578e-12,-1.437806641334906e-09,-2.762377120377612e-08,-4.261633524827629e-06,0.0,0.0,-2.762371595643742e-08,-4.261625001577626e-06,0.0009999778632305153,-3.405324053501875e-06,2.801931484907705e-08,7.891149132973458e-06,-0.0004997521651155523,-2.243758266653323e-06,2.759417003168516e-08,4.258758146810912e-06,-4.251439670703786e-10,-3.632383721395103e-06,0.0009999778360392287,-3.406761624877258e-06
3,261.0157215682525,0.0,2.916838257392045e-06,0.007548974292205756,0.9999768742405761,-0.003540038456102438,0.9980785925187439,-0.00175096762405101,0.0,0.0,5.765570623506022e-05,0.008856690335153336,1.0,0.0,49.99884514677445,-0.1769287263702456,0.0,0.0,-0.0004997229902543587,5.871297113581309e-06,-2.522202922754634e-12,-1.494056513388577e-09,-2.882791077401221e-08,-4.428354024267002e-06,0.0,0.0,-2.882785311753011e-08,-4.428345167576668e-06,0.0009999769035210996,-3.538544651309045e-06,3.025453009264019e-08,8.19986085803739e-06,-0.0004997528031065457,-2.331536916189841e-06,2.879610804704284e-08,4.425366162960222e-06,-1.458419128696022e-09,-3.774487146102878e-06,0.000999976874240576,-3.540038456102439e-06
3,271.2272579332016,0.0,5.148243341234789e-06,0.007844299042261445,0.9999758357164316,-0.003678528953032837,0.9980780788659545,-0.001819467551282279,0.0,0.0,6.025609564641599e-05,0.009203174541984882,1.0,0.0,49.99879333110638,-0.1838503880261744,0.0,0.0,-0.0004997212632420478,6.100989192519765e-06,-2.643480273708427e-12,-1.552506956800961e-09,-3.012810807943796e-08,-4.601596474166985e-06,0.0,0.0,-3.012804782320799e-08,-4.601587270992441e-06,0.000999975867252856,-3.676976715778399e-06,3.266805499337497e-08,8.520649095385512e-06,-0.0004997534919914948,-2.422749382830283e-06,3.009392817442434e-08,4.598491729955748e-06,-2.574121670617394e-09,-3.922149521130722e-06,0.0009999758357164316,-3.678528953032837e-06
3,281.8382931264441,0.0,7.557653738136767e-06,0.00815117653784964,0.9999747143463642,-0.00382243703369648,0.9980775242376717,-0.001890647114308314,0.0,0.0,6.306392526145288e-05,0.009563212798412999,1.0,0.0,49.99873738196018,-0.1910428169057138,0.0,0.0,-0.0004997193984608295,6.339666550595272e-06,-2.774432234994315e-12,-1.613244056498955e-09,-3.153202569465432e-08,-4.781615962419298e-06,0.0,0.0,-3.153196263072644e-08,-4.781606399206499e-06,0.0009999747483186493,-3.820824079020762e-06,3.527411340328824e-08,8.853986183788437e-06,-0.0004997542358315954,-2.517529970528024e-06,3.149527897678448e-08,4.77838976368708e-06,-3.778826869068384e-09,-4.07558826892482e-06,0.0009999747143463642,-3.82243703369648e-06
3,292.8644564625223,0.0,1.015926895353209e-05,0.008470058622210102,0.9999735035217435,-0.003971974587448365,0.9980769253652747,-0.001964611117472601,0.0,0.0,6.609574261329243e-05,0.0099373352223474,1.0,0.0,49.99867696960775,-0.1985166031026525,0.0,0.0,-0.0004997173849226044,6.587680614515007e-06,-2.915830548785342e-12,-1.676357264457747e-09,-3.304793740225095e-08,-4.968677548508921e-06,0.0,0.0,-3.304787130664622e-08,-4.9686676111737e-06,0.0009999735401242042,-3.970298541126614e-06,3.808806374681224e-08,9.200362926086387e-06,-0.0004997550390100081,-2.616018233246933e-06,3.300841911077209e-08,4.965325144922713e-06,-5.079634476766044e-09,-4.235029311105051e-06,0.0009999735035217435,-3.971974587448365e-06
3,304.3219887107707,0.0,1.296842111494138e-05,0.00880141480026242,0.9999721961068029,-0.004127361786044347,0.9980762787194218,-0.002041468461745446,0.0,0.0,6.936941514545936e-05,0.01032609265310627,1.0,0.0,49.99861173802027,-0.2062827506604698,0.0,0.0,-0.0004997152107590885,6.845396547616039e-06,-3.068508514577902e-12,-1.741939531330813e-09,-3.468477694205364e-08,-5.163056652645787e-06,0.0,0.0,-3.468470757272968e-08,-5.163046326553134e-06,0.0009999722355492544,-4.125620181110724e-06,4.112648950866274e-08,9.56028930972684e-06,-0.0004997559062593915,-2.718359179873855e-06,3.464226598257173e-08,5.159573108180834e-06,-6.484210557470691e-09,-4.400707400131209e-06,0.000999972196106803,-4.127361786044347e-06
3,316.2277660168364,0.0,1.600166530381043e-05,0.00914573292768437,0.9999707843966003,-0.004288827406789433,0.9980755804892585,-0.002121332304559042,0.0,0.0,7.290423547967606e-05,0.01073005745988624,1.0,0.0,49.99854130277074,-0.2143526937231802,0.0,0.0,-0.0004997128631574199,7.113193785863656e-06,-3.233365898521482e-12,-1.810087443217777e-09,-3.645219064334354e-08,-5.365039460000579e-06,0.0,0.0,-3.645211773983803e-08,-5.365028729943118e-06,0.0009999708269055945,-4.287017679926342e-06,4.440729693659118e-08,9.934295255269383e-06,-0.0004997568426912125,-2.824703487003255e-06,3.640644828293174e-08,5.361419645694271e-06,-8.000832651905214e-09,-4.572866463842185e-06,0.0009999707843966002,-4.288827406789433e-06
3,328.5993247600638,0.0,1.927687707304208e-05,0.009503519926718322,0.9999692600716228,-0.004456609168221246,0.998074826559963,-0.002204320225842666,0.0,0.0,7.672103506806138e-05,0.01114982438159336,1.0,0.0,49.99846524876904,-0.2227383133126895,0.0,0.0,-0.0004997103282851079,7.391466594539736e-06,-3.411374234155928e-12,-1.880901363769791e-09,-3.836059425504958e-08,-5.574923340621062e-06,0.0,0.0,-3.836051753403069e-08,-5.57491219079668e-06,0.000999969305891784,-4.454728656009555e-06,4.794982053397179e-08,1.032293139392469e-05,-0.0004997578538246117,-2.935207720032931e-06,3.831136272023767e-08,5.5711619270456e-06,-9.638438536521039e-09,-4.751759963359161e-06,0.0009999692600716227,-4.456609168221247e-06
3,341.4548873833585,0.0,2.281335778062799e-05,0.009875302529723398,0.9999676141487791,-0.004630954078805979,0.9980740124885098,-0.002290554400494092,0.0,0.0,8.084230692873007e-05,0.01158601139922914,1.0,0.0,49.99838312781673,-0.2314519547565221,0.0,0.0,-0.0004997075911994386,7.680624646589154e-06,-3.603582545742257e-12,-1.954485581839425e-09,-4.042123430656432e-08,-5.793017285625969e-06,0.0,0.0,-4.042115346436504e-08,-5.793005699614569e-06,0.000999967663544244,-4.629000013830941e-06,5.17749369629261e-08,1.072676987523332e-05,-0.0004997589456157137,-3.050034562822324e-06,4.036823525950775e-08,5.789108735069089e-06,-1.140667889031399e-08,-4.937651264861699e-06,0.0009999676141487792,-4.630954078805979e-06
3,354.8133892335737,0.0,2.663194826627111e-05,0.01026162805152719,0.9999658369284761,-0.004812118799141246,0.9980731334774916,-0.00238016177753177,0.0,0.0,8.529233813980852e-05,0.0120392606420686,1.0,0.0,49.99829445596661,-0.2405064457906315,0.0,0.0,-0.0004997046357733126,7.981093623333699e-06,-3.81112352785365e-12,-2.030948464890453e-09,-4.264625436212235e-08,-6.019642360294942e-06,0.0,0.0,-4.264616906990426e-08,-6.0196303210343e-06,0.0009999658901844518,-4.810088305948781e-06,5.590518802808227e-08,1.114640520602923e-05,-0.0004997601245020356,-3.169353056218724e-06,4.258918726299534e-08,6.015580918637591e-06,-1.331597413313556e-08,-5.130814025763593e-06,0.0009999658369284762,-4.812118799141246e-06
3,368.6945064519557,0.0,3.075515163912835e-05,0.01066306519166851,0.9999639179374833,-0.005000370018177802,0.9980721843468612,-0.002473274266180985,0.0,0.0,9.00973529134319e-05,0.01251023932891117,1.0,0.0,49.99819871067186,-0.2499151153628822,0.0,0.0,-0.0004997014445908832,8.29331583844864e-06,-4.035220217572324e-12,-2.110402618390582e-09,-4.504876655358396e-08,-6.255132174694916e-06,0.0,0.0,-4.504867645671595e-08,-6.255119664455586e-06,0.0009999639753619262,-4.998260109075601e-06,6.036491346438178e-08,1.158245512187377e-05,-0.0004997613974295767,-3.293338845855587e-06,4.498730689019849e-08,6.250911862974325e-06,-1.537757581956418e-08,-5.331532595834253e-06,0.0009999639179374834,-5.000370018177802e-06
3,383.1186849557268,0.0,3.520726581912975e-05,0.0110802048676609,0.9999618458672401,-0.005195984843990168,0.998071159503418,-0.0025700289291562,0.0,0.0,9.528566706595853e-05,0.01299964074573037,1.0,0.0,49.99809532770815,-0.2596918131636986,0.0,0.0,-0.0004996979988445283,8.61775088603807e-06,-4.277193198527669e-12,-2.192965051419069e-09,-4.764292881830842e-08,-6.499833372505934e-06,0.0,0.0,-4.764283353297927e-08,-6.499820372865186e-06,0.0009999619077926717,-5.193792414687928e-06,6.518039430989275e-08,1.203556149218759e-05,-0.0004997627718985598,-3.422174439498757e-06,4.757672619378403e-08,6.495447978152273e-06,-1.760363290956487e-08,-5.540102433830451e-06,0.0009999618458672401,-5.195984843990168e-06
3,398.1071705534952,0.0,4.001452666542777e-05,0.01151366108044598,0.9999596085072463,-0.005399251209644562,0.9980700529078633,-0.002670568183410776,0.0,0.0,0.0001008878548098835,0.01350818526109436,1.0,0.0,49.99798369785015,-0.2698509299112908,0.0,0.0,-0.0004996942782300451,8.954876313803026e-06,-4.538468379132116e-12,-2.278757348729755e-09,-5.044402829224714e-08,-6.754106138732444e-06,0.0,0.0,-5.044392740494175e-08,-6.754092630547182e-06,0.0009999596752927123,-5.396973034727474e-06,7.038000770669487e-08,1.250639126035069e-05,-0.000499764256009172,-3.556049474344805e-06,5.037270435948127e-08,6.749549206466618e-06,-2.000726333271388e-08,-5.756830540222991e-06,0.0009999596085072462,-5.399251209644562e-06
3,413.6820402388486,0.0,4.520526250392546e-05,0.01196407181324593,0.9999571926731412,-0.005610468294731583,0.998068858039229,-0.002775040008634803,0.0,0.0,0.000106936928831125,0.01403662138077686,1.0,0.0,49.99786316328312,-0.2804074184198206,0.0,0.0,-0.0004996902608231935,9.305188322138516e-06,-4.82058539073669e-12,-2.367905849519189e-09,-5.346857135283922e-08,-7.018324727009808e-06,0.0,0.0,-5.346846441556252e-08,-7.018310690388428e-06,0.000999957264706326,-5.608101022961e-06,7.599439403993394e-08,1.299563742008448e-05,-0.0004997658585086384,-3.695160994639235e-06,5.339171758313783e-08,7.013589549389704e-06,-2.260263125196273e-08,-5.982035906622967e-06,0.0009999571926731412,-5.610468294731583e-06
3,429.8662347082254,0.0,5.08100609582759e-05,0.01243209996506616,0.9999545841290567,-0.005829946963150461,0.9980675678564711,-0.002883598163791224,0.0,0.0,0.000113468534717498,0.01458572684302654,1.0,0.0,49.99773301372892,-0.2913768154798412,0.0,0.0,-0.0004996859229495776,9.669202490207238e-06,-5.125206655063683e-12,-2.46054183315901e-09,-5.673438082693668e-08,-7.292878007240118e-06,0.0,0.0,-5.673426735874898e-08,-7.292863421513273e-06,0.0009999546618285687,-5.827487112585525e-06,8.205663739748612e-08,1.350402002947507e-05,-0.0004997675888382958,-3.839713740004871e-06,5.665155610844123e-08,7.287957614842023e-06,-2.540503047913795e-08,-6.216049982533081e-06,0.0009999545841290567,-5.829946963150461e-06
3,446.6835921509607,0.0,5.686194910284168e-05,0.01291843432014038,0.9999517675037756,-0.006058010217751352,0.9980661747570044,-0.002996402411990298,0.0,0.0,0.0001205211608823475,0.01515630975601218,1.0,0.0,49.99759248226277,-0.3027752645813241,0.0,0.0,-0.0004996812390465344,1.004745452995795e-05,-5.454127174192788e-12,-2.556801712161296e-09,-6.026070096192305e-08,-7.57817003431585e-06,0.0,0.0,-6.026058044117377e-08,-7.578154878006092e-06,0.0009999518513216122,-6.055454170685158e-06,8.860246041073851e-08,1.4032287264042e-05,-0.000499769457193544,-3.989920444841255e-06,6.017142899742363e-08,7.573057185537494e-06,-2.843097455142084e-08,-6.459217160070189e-06,0.0009999517675037756,-6.058010217751352e-06
3,464.1588833612755,0.0,6.339658794447529e-05,0.01342379055465403,0.9999487262002131,-0.006294993672462444,0.9980646705319305,-0.003113618754012356,0.0,0.0,0.0001281363652250178,0.01574920977901132,1.0,0.0,49.99744074079703,-0.3146195395106024,0.0,0.0,-0.0004996761815152517,1.044050106916924e-05,-5.809285100610377e-12,-2.656827232655969e-09,-6.406831074878515e-08,-7.874620638715442e-06,0.0,0.0,-6.406818261250891e-08,-7.874604889505663e-06,0.0009999488166244248,-6.292337670166121e-06,9.567043462124018e-08,1.458121651030403e-05,-0.0004997714745855752,-4.146002149266886e-06,6.397207725229636e-08,7.86930780918646e-06,-3.169829397223765e-08,-6.711895277327015e-06,0.000999948726200213,-6.294993672462444e-06
3,482.317848223928,0.0,7.045248242159373e-05,0.0139489122821254,0.9999454422976847,-0.006541246042549103,0.9980630463177008,-0.003235419670799016,0.0,0.0,0.0001363590198488751,0.01636529934896194,1.0,0.0,49.99727689520489,-0.3269270688535853,0.0,0.0,-0.0004996707205551232,1.084892046451444e-05,-6.192773149396223e-12,-2.76076568266943e-09,-6.817964628360834e-08,-8.182666039780319e-06,0.0,0.0,-6.817950992443756e-08,-8.182649674480968e-06,0.0009999455398552492,-6.538486179817066e-06,1.033022076088874e-07,1.515161550134059e-05,-0.0004997736529008812,-4.30818852200851e-06,6.807589594585178e-08,8.177145411365611e-06,-3.522624121079687e-08,-6.9744561410627e-06,0.0009999454422976847,-6.541246042549103e-06
3,501.1872336272695,0.0,7.807120811102473e-05,0.01449457213886809,0.9999418964463885,-0.006797129653673129,0.9980612925439264,-0.003361984375243272,0.0,0.0,0.0001452375752570845,0.01700548495404819,1.0,0.0,49.99709998005585,-0.3397159614386368,0.0,0.0,-0.0004996648239874446,1.127331364586537e-05,-6.606850919549081e-12,-2.868770108504709e-09,-7.261893286615854e-08,-8.502759482509051e-06,0.0,0.0,-7.261878762854223e-08,-8.502742477024096e-06,0.0009999420017063156,-6.794261873162524e-06,1.115427482153954e-07,1.574432349589612e-05,-0.0004997760049763045,-4.476718195610407e-06,7.250706608865614e-08,8.497022931889942e-06,-3.903560405551237e-08,-7.247286069434044e-06,0.0009999418964463885,-6.79712965367313e-06
3,520.7948328595435,0.0,8.629765602705315e-05,0.01506157291100309,0.9999380677534829,-0.007063020970441306,0.9980593988770331,-0.003493499073619375,0.0,0.0,0.0001548243456168663,0.0176707084560444,1.0,0.0,49.99690895293161,-0.3530050327535698,0.0,0.0,-0.0004996584570675644,1.171430499287765e-05,-7.053958196765841e-12,-2.98099953953412e-09,-7.74123276323548e-08,-8.835371898730657e-06,0.0,0.0,-7.741217280843316e-08,-8.835354228022199e-06,0.0009999381813301659,-7.060041056798541e-06,1.204406113026483e-07,1.636021250262281e-05,-0.0004997785446678726,-4.651839114567374e-06,7.729169699188705e-08,8.829410985548358e-06,-4.314882801352658e-08,-7.530786455501547e-06,0.0009999380677534829,-7.063020970441306e-06
3,541.1695265464607,0.0,9.51802968730016e-05,0.01565074870453466,0.9999339336600828,-0.007339311145153671,0.9980573541594238,-0.003630157237003867,0.0,0.0,0.0001651758167451334,0.01836194846319448,1.0,0.0,49.99670268828909,-0.3668138323722697,0.0,0.0,-0.0004996515822845993,1.217254324505437e-05,-7.53672931572563e-12,-3.097619221727449e-09,-8.258807354815748e-08,-9.180992593545702e-06,0.0,0.0,-8.258790837256668e-08,-9.180974231597237e-06,0.0009999340562169186,-7.336214718920735e-06,1.300482235997008e-07,1.700018855110707e-05,-0.0004997812869422802,-4.833808896664155e-06,8.245797998340757e-08,9.174798548091039e-06,-4.75901484365008e-08,-7.825374352267332e-06,0.0009999339336600828,-7.339311145153672e-06
3,562.341325190346,0.0,0.0001047714663951608,0.01626296616004926,0.9999294698084754,-0.007626406587483669,0.9980551463438029,-0.003772159883049919,0.0,0.0,0.0001763529785945295,0.01908022175545848,1.0,0.0,49.99647997083522,-0.3811626724275465,0.0,0.0,-0.0004996441591300638,1.2648702446591e-05,-8.05800866611324e-12,-3.218800860249786e-09,-8.817666565012469e-08,-9.540129957950993e-06,0.0,0.0,-8.817648929726474e-08,-9.540110877729241e-06,0.0009999296020617701,-7.623189098776794e-06,1.404221923154009e-07,1.766519301137466e-05,-0.0004997842479554926,-5.022895208192657e-06,8.803635434625542e-08,9.533693668383872e-06,-5.23857331975804e-08,-8.131483080024627e-06,0.0009999294698084754,-7.626406587483669e-06
3,584.3414133735142,0.0,0.0001151276734041124,0.01689912571364283,0.9999246498987406,-0.007924729555843314,0.9980527624222612,-0.003919715868487494,0.0,0.0,0.0001884216842622521,0.01982658476401019,1.0,0.0,49.99623948837331,-0.3960726571678659,0.0,0.0,-0.0004996361438682762,1.314348292710821e-05,-8.620867433291746e-12,-3.344722871476295e-09,-9.421103055277399e-08,-9.91331220858986e-06,0.0,0.0,-9.421084213112608e-08,-9.913292382005097e-06,0.00099992479262193,-7.921386277796378e-06,1.51623638326474e-07,1.835620396361857e-05,-0.0004997874451522222,-5.219376153362681e-06,9.405968649696033e-08,9.906624207671447e-06,-5.756383670205622e-08,-8.449562856821415e-06,0.0009999246498987406,-7.924729555843315e-06
3,607.202195690985,0.0,0.0001263099323687031,0.01756016290572728,0.999919445533975,-0.008234718771208781,0.9980501883497257,-0.004073042192732875,0.0,0.0,0.0002014530375475942,0.02060213510692555,1.0,0.0,49.99597982408075,-0.4115657136367221,0.0,0.0,-0.0004996274892787866,1.365761231970561e-05,-9.22862167172674e-12,-3.475570644782665e-09,-1.007267202273666e-07,-1.030108815559788e-05,0.0,0.0,-1.007265187737971e-07,-1.030106755346278e-05,0.0009999195995621791,-8.23124479317374e-06,1.637185558942672e-07,1.907423761994462e-05,-0.0004997908973711773,-5.423540678541061e-06,1.005634634001253e-07,1.029413860691807e-05,-6.315496618435154e-08,-8.780081452863642e-06,0.000999919445533975,-8.23471877120878e-06
3,630.9573444801896,0.0,0.0001383841224437843,0.0182470497394126,0.9999138260531831,-0.00855683005420249,0.9980474089613035,-0.004232364313001265,0.0,0.0,0.0002155238113621394,0.02140801318305342,1.0,0.0,49.99569944817127,-0.4276646235144509,0.0,0.0,-0.0004996181443717163,1.419184661750894e-05,-9.884851817032151e-12,-3.611536814484142e-09,-1.077621212051888e-07,-1.070402799953989e-05,0.0,0.0,-1.077619056810697e-07,-1.070400659152671e-05,0.0009999139922881243,-8.553220274698947e-06,1.767782010179381e-07,1.98203497999779e-05,-0.0004997946249494234,-5.635688991791066e-06,1.075860014122687e-07,1.069680668322186e-05,-6.919206122189215e-08,-9.123524869706299e-06,0.0009999138260531832,-8.55683005420249e-06
3,655.6418494179751,0.0,0.0001514213751211951,0.0189607960902051,0.9999077583508712,-0.00889153698624933,0.9980444078830584,-0.004397916471326987,0.0,0.0,0.0002307168994741815,0.02224540382611377,1.0,0.0,49.99539670889389,-0.4443930561633588,0.0,0.0,-0.0004996080540964343,1.474697127018185e-05,-1.059342375087041e-11,-3.752821542308166e-09,-1.153586804535877e-07,-1.112272415846071e-05,0.0,0.0,-1.153584497370908e-07,-1.112270191305688e-05,0.000999907937766184,-8.887786105655297e-06,1.908795106986155e-07,2.0595637462223e-05,-0.0004997986498471718,-5.856132998301872e-06,1.151686717174061e-07,1.111522045632437e-05,-7.571068756059753e-08,-9.480398045102547e-06,0.0009999077583508712,-8.89153698624933e-06
3,681.2920690579573,0.0,0.0001654984926803379,0.01970245116880796,0.9999012066822824,-0.009239331595645259,0.9980411674356764,-0.004569942033905744,0.0,0.0,0.0002471218041675272,0.02311553802112053,1.0,0.0,49.99506982281535,-0.4617756029180771,0.0,0.0,-0.0004995971590093795,1.532380232173794e-05,-1.135851154197541e-11,-3.899632810800501e-09,-1.235611492053152e-07,-1.155779212609828e-05,0.0,0.0,-1.235609020837636e-07,-1.155776901056026e-05,0.0009999014003292464,-9.235434108621057e-06,2.061055555688594e-07,2.140124029311843e-05,-0.0004998029957739014,-6.085196752148719e-06,1.233561437302764e-07,1.154999500626328e-05,-8.274924634016894e-08,-9.851225584403982e-06,0.0009999012066822825,-9.239331595645259e-06
3,707.9457843841337,0.0,0.000180698399983378,0.02047310503885065,0.9998941324531395,-0.00960072506939673,0.9980376685304749,-0.004748693843183709,0.0,0.0,0.0002648351627279055,0.02401969468527602,1.0,0.0,49.99471686432977,-0.4798378126640603,0.0,0.0,-0.0004995853949316675,1.592318759110686e-05,-1.218462199628536e-11,-4.052186728077727e-09,-1.324178461986126e-07,-1.20098713623327e-05,0.0,0.0,-1.324175813639528e-07,-1.200984734263801e-05,0.00099989434146687,-9.596675257033951e-06,2.225460285356162e-07,2.22383423557722e-05,-0.0004998076883326874,-6.323216925067238e-06,1.321966478453393e-07,1.200176936324184e-05,-9.0349199991689e-08,-1.023655251942533e-05,0.0009998941324531395,-9.600725069396731e-06
3,735.6422544596369,0.0,0.0001971106321587638,0.02127389019141685,0.9998864939926554,-0.009976248491708738,0.9980338905571324,-0.004934434583127483,0.0,0.0,0.0002839613157901155,0.02495920251553314,1.0,0.0,49.99433575433312,-0.4986062287481142,0.0,0.0,-0.0004995726925658417,1.654600789686989e-05,-1.307662115967528e-11,-4.210707844354354e-09,-1.419809418561198e-07,-1.247962621696908e-05,0.0,0.0,-1.419806578950578e-07,-1.247960125776657e-05,0.000999886719598785,-9.972040413396029e-06,2.402977722938824e-07,2.310817380041064e-05,-0.0004998127551631981,-6.570543292758885e-06,1.417422591039283e-07,1.247120743081202e-05,-9.855531607938192e-08,-1.063694509570843e-05,0.0009998864939926553,-9.976248491708739e-06
3,764.4222742525956,0.0,0.0002148318611178853,0.02210598317827873,0.9998782463085005,-0.01036645361001805,0.9980298112624968,-0.005127437158118484,0.0,0.0,0.0003046129208970072,0.02593544190506749,1.0,0.0,49.99392424799786,-0.5181084272657864,0.0,0.0,-0.000499558977092196,1.719317832764647e-05,-1.403976292807672e-11,-4.375429480686736e-09,-1.52306765060856e-07,-1.296774688797565e-05,0.0,0.0,-1.523064604485036e-07,-1.296772095253375e-05,0.0009998784898303953,-1.036208109501568e-05,2.594653487936224e-07,2.401201263861515e-05,-0.0004998182261113371,-6.827539239341596e-06,1.520492034030482e-07,1.29589989434926e-05,-1.074159305589427e-07,-1.105299158913937e-05,0.0009998782463085006,-1.036645361001805e-05
3,794.3282347242767,0.0,0.0002339664639025792,0.02297060630578163,0.9998693408222757,-0.01077191362948487,0.998025406619751,-0.005327985085923424,0.0,0.0,0.0003269116148505447,0.02694984693094424,1.0,0.0,49.99347992157467,-0.5383730567712814,0.0,0.0,-0.0004995441677286827,1.786564955973818e-05,-1.507971993196599e-11,-4.546594070391823e-09,-1.634561343365784e-07,-1.347495041531905e-05,0.0,0.0,-1.634558074252723e-07,-1.347492346547212e-05,0.0009998696036888242,-1.076737026819993e-05,2.801616539853287e-07,2.495118658346084e-05,-0.0004998241334002174,-7.094582280486872e-06,1.631781880677081e-07,1.346586045996372e-05,-1.169832319512896e-07,-1.148530315289081e-05,0.0009998693408222758,-1.077191362948488e-05
3,825.4041852680133,0.0,0.0002546271362260019,0.02386902939135694,0.9998597250839694,-0.01119322403687294,0.9980206506871825,-0.005536372905200872,0.0,0.0,0.0003509887286901048,0.02800390741530532,1.0,0.0,49.99300015814565,-0.5594298794563999,0.0,0.0,-0.0004995281772521842,1.85644092234663e-05,-1.620261687532759e-11,-4.724453513613683e-09,-1.754947153335817e-07,-1.400198171156008e-05,0.0,0.0,-1.754943643450524e-07,-1.400195370765266e-05,0.0009998600088379935,-1.118850317182708e-05,3.025085814313745e-07,2.592707495770846e-05,-0.000499830511821564,-7.372064605968426e-06,1.751947586915798e-07,1.39925363930006e-05,-1.27313568113001e-07,-1.193451469567847e-05,0.0009998597250839693,-1.119322403687294e-05
3,857.6958985908889,0.0,0.0002769355547550677,0.02480257158467019,0.9998493424637149,-0.01163100345476082,0.9980155154557269,-0.005752906598010274,0.0,0.0,0.0003769860595053132,0.0290991710624357,1.0,0.0,49.99248213224505,-0.5813098138456564,0.0,0.0,-0.000499510911490475,1.929048331975047e-05,-1.741506652335611e-11,-4.909269545526866e-09,-1.884934067385907e-07,-1.454961463038891e-05,0.0,0.0,-1.884930297526566e-07,-1.454958553121785e-05,0.0009998496487710477,-1.162609817124277e-05,3.266377386523058e-07,2.6941110672232e-05,-0.0004998373989399951,-7.660393642125451e-06,1.881696843395263e-07,1.453980007732533e-05,-1.384677773775338e-07,-1.240128579233509e-05,0.0009998493424637149,-1.163100345476082e-05
3,891.25093813374,0.0,0.0003010230920389182,0.02577260325543531,0.9998381318190682,-0.01208589452704026,0.998009970684406,-0.005977904027796163,0.0,0.0,0.0004050567035616126,0.03023724567409877,1.0,0.0,49.99192279325859,-0.6040449790553714,0.0,0.0,-0.0004994922687666659,2.00449376886562e-05,-1.872420854839017e-11,-5.101314118681182e-09,-2.02528756837984e-07,-1.511865307429506e-05,0.0,0.0,-2.025283517808063e-07,-1.511862283704939e-05,0.0009998384624783575,-1.208079764343533e-05,3.526912203810872e-07,2.799478227689236e-05,-0.0004998448353115137,-7.959992634948287e-06,2.021793733387852e-07,1.510845487657145e-05,-1.505115460194591e-07,-1.288630162771766e-05,0.0009998381318190683,-1.208589452704026e-05
3,926.1187281287878,0.0,0.0003270315881555806,0.0267805479499461,0.9998260271358524,-0.01255856483666562,0.9980039837226864,-0.006211695393324394,0.0,0.0,0.0004353659555835776,0.03141980144555243,1.0,0.0,49.9913188475039,-0.6276687406649507,0.0,0.0,-0.0004994721393036805,2.082887953143431e-05,-2.013775145999627e-11,-5.300869800009817e-09,-2.176834131577806e-07,-1.570993214257766e-05,0.0,0.0,-2.176829777917888e-07,-1.570990072277621e-05,0.0009998263840891438,-1.25532688944548e-05,3.80822443225568e-07,2.908963608608782e-05,-0.0004998528647286449,-8.271301254296481e-06,2.173063221162454e-07,1.569933533056682e-05,-1.635157940777903e-07,-1.339027397497305e-05,0.0009998260271358525,-1.255856483666562e-05
3,962.3506263980825,0.0,0.0003551141836914056,0.02782788441838735,0.9998129571405014,-0.0130497078566254,0.9979975193187496,-0.006454623699050753,0.0,0.0,0.0004680922794344511,0.03264857334467384,1.0,0.0,49.99066673888889,-0.6522157582489252,0.0,0.0,-0.0004994504045754411,2.164345898739151e-05,-2.166401786278466e-11,-5.50823018303738e-09,-2.340466078092629e-07,-1.632431932091026e-05,0.0,0.0,-2.340461397172255e-07,-1.632428667233692e-05,0.000999813342484661,-1.304420511004693e-05,4.111970465919183e-07,3.022727838122686e-05,-0.0004998615344664614,-8.594776220206823e-06,2.336395996321991e-07,1.631330834414876e-05,-1.775570918457028e-07,-1.391394220919368e-05,0.0009998129571405015,-1.30497078566254e-05
3,999.9999999999936,0.0,0.0003854362187458583,0.02891614871499397,0.9997988448816318,-0.01356004393510893,0.9979905394125334,-0.006707045242403164,0.0,0.0,0.0005034283558114083,0.03392536357662701,1.0,0.0,49.98996262803499,-0.6777220346184208,0.0,0.0,-0.0004994269366180859,2.248987076789583e-05,-2.331199330457594e-11,-5.72370031584355e-09,-2.517146813344152e-07,-1.696271571367708e-05,0.0,0.0,-2.517141779057041e-07,-1.696268178831351e-05,0.000999799260880681,-1.355432634047575e-05,4.439938651012558e-07,3.140937769237377e-05,-0.0004998708955712416,-8.930891951378084e-06,2.512753702921983e-07,1.695127441872806e-05,-1.927181093729291e-07,-1.445807435749698e-05,0.0009997988448816318,-1.356004393510893e-05
3,1039.122303835162,0.0,0.0004181762033094063,0.03004693637312077,0.9997836072784311,-0.01409032131584017,0.997983002912368,-0.006969330118458314,0.0,0.0,0.0005415822130689918,0.03525204413650296,1.0,0.0,49.98920236974456,-0.7042249668206857,0.0,0.0,-0.0004994015972701327,2.336935584826283e-05,-2.509137899800196e-11,-5.947597145352272e-09,-2.707916481162623e-07,-1.762605732029562e-05,0.0,0.0,-2.707911065344959e-07,-1.762602206825148e-05,0.0009997840563768599,-1.408438052050705e-05,4.794059781401988e-07,3.263766716131389e-05,-0.0004998810031513479,-9.280141237071049e-06,2.703174583090453e-07,1.761416892781714e-05,-2.090881016547032e-07,-1.502346818656038e-05,0.000999783607278431,-1.409032131584018e-05
3,1079.775162327703,0.0,0.000453526864541929,0.03122190465727214,0.9997671546332316,-0.01464131719454382,0.9979748654538957,-0.007241862742490052,0.0,0.0,0.0005827784476819531,0.0366305594523466,1.0,0.0,49.98838148868151,-0.731763398944961,0.0,0.0,-0.0004993742373704535,2.428320321978122e-05,-2.701264872066792e-11,-6.180249978535441e-09,-2.913898066188676e-07,-1.831531635673275e-05,0.0,0.0,-2.913892238409766e-07,-1.83152797261733e-05,0.000999767639470373,-1.463514452551872e-05,5.176418426256884e-07,3.391394698826984e-05,-0.0004998919167076288,-9.643035932656308e-06,2.908779568284144e-07,1.830296343772912e-05,-2.267634322709645e-07,-1.561095232863607e-05,0.0009997671546332317,-1.464131719454382e-05
3,1122.018454301956,0.0,0.0004916962770513003,0.03244277489411332,0.9997493901054691,-0.01521383881249709,0.9979660791398894,-0.007525042390861224,0.0,0.0,0.0006272595414200666,0.03806292912095403,1.0,0.0,49.98749515312516,-0.7603776767824132,0.0,0.0,-0.000499344695877646,2.523275170313033e-05,-2.908711022269312e-11,-6.422000961135415e-09,-3.136303979699305e-07,-1.903150262340614e-05,0.0,0.0,-3.136297707100333e-07,-1.903146456047702e-05,0.0009997499135310142,-1.520742526469217e-05,5.589265155374077e-07,3.524008696447162e-05,-0.0004999037004771445,-1.002010767956613e-05,3.130778853156635e-07,1.901866707464008e-05,-2.458481385256502e-07,-1.622138744705666e-05,0.0009997493901054693,-1.521383881249709e-05
3,1165.914401179824,0.0,0.0005329090827111758,0.03371133488444383,0.999730209143963,-0.01580872458810186,0.997956592259462,-0.007819283760721149,0.0,0.0,0.0006752872828910128,0.03955125073877677,1.0,0.0,49.98653814664473,-0.7901097043868943,0.0,0.0,-0.000499312798928564,2.621939182491373e-05,-3.132697149593502e-11,-6.673205574528147e-09,-3.376443167326185e-07,-1.977566492063912e-05,0.0,0.0,-3.376436414455064e-07,-1.977562536938838e-05,0.0009997307742347097,-1.580206081222025e-05,6.035029732798128e-07,3.661802909273977e-05,-0.0004999164238106424,-1.041190865024716e-05,3.370478990157028e-07,1.976232793918297e-05,-2.664545413555879e-07,-1.685566744222191e-05,0.000999730209143963,-1.580872458810186e-05
3,1211.52765862858,0.0,0.000577407807011889,0.03502944139805764,0.9997094988742684,-0.01642684528738614,0.9979463489850492,-0.008125017548958426,0.0,0.0,0.0007271443015444135,0.04109770283020567,1.0,0.0,49.98550483753217,-0.8210030025820422,0.0,0.0,-0.0004992783588200211,2.72445677585928e-05,-3.374541228659079e-11,-6.934233151365306e-09,-3.635728779160568e-07,-2.054889251280566e-05,0.0,0.0,-3.635721507722067e-07,-2.054885141510284e-05,0.000999710108952202,-1.641992157744196e-05,6.516335354827723e-07,3.804979029818033e-05,-0.0004999301615833396,-1.081901231873156e-05,3.629290545697619e-07,2.053503456971012e-05,-2.887039035059445e-07,-1.751472069902882e-05,0.0009997094988742684,-1.642684528738614e-05
3,1258.925411794159,0.0,0.0006254542795624291,0.03639902275333829,0.9996871374375571,-0.01706910523430876,0.9979352890454207,-0.008442691050841321,0.0,0.0,0.0007831357230729807,0.04270454787541896,1.0,0.0,49.98438914581646,-0.8531027694584797,0.0,0.0,-0.0004992411729043411,2.830977933146461e-05,-3.635666126230561e-11,-7.205467410649766e-09,-3.915686446722112e-07,-2.135231664225735e-05,0.0,0.0,-3.915678615364904e-07,-2.135227393770948e-05,0.0009996877960893656,-1.7061911514779e-05,7.036014014376721e-07,3.953746523100883e-05,-0.0004999449946261336,-1.124201425745791e-05,3.908736362025692e-07,2.133791745531694e-05,-3.127271397812145e-07,-1.819951137666915e-05,0.0009996871374375572,-1.706910523430876e-05
3,1308.177474260185,0.0,0.0006773311668942957,0.03782208148334111,0.9996629932772306,-0.01773644356169755,0.9979233473728422,-0.008772768778756417,0.0,0.0,0.0008435909556965271,0.04437413543986863,1.0,0.0,49.98318450767042,-0.8864559429026961,0.0,0.0,-0.000499201022412521,2.94165840990443e-05,-3.917607927652594e-11,-7.487307012914872e-09,-4.217963214388635e-07,-2.218711209406976e-05,0.0,0.0,-4.217954778482636e-07,-2.218706771993431e-05,0.000999663704375371,-1.772896937430609e-05,7.597123079974838e-07,4.108322916341743e-05,-0.000499961010206107,-1.168153296059876e-05,4.2104604721977e-07,2.217215059966539e-05,-3.386655834471479e-07,-1.891104074167055e-05,0.0009996629932772306,-1.773644356169756e-05
3,1359.356390878516,0.0,0.0007333436263440996,0.03930069708999467,0.9996369243691856,-0.0184298355035949,0.9979104537223635,-0.00911573310142829,0.0,0.0,0.0009088656175038068,0.04610890540734007,1.0,0.0,49.98188383700558,-0.9211112651963941,0.0,0.0,-0.000499157671163708,3.056659948799667e-05,-4.222024920678462e-11,-7.780166136193532e-09,-4.544337176171157e-07,-2.305449881257544e-05,0.0,0.0,-4.544328087519034e-07,-2.305445270367004e-05,0.0009996376920946204,-1.84220699937306e-05,8.202963184475931e-07,4.268934098226938e-05,-0.0004999783025301241,-1.213821069484533e-05,4.536237719320845e-07,2.303895313657496e-05,-3.666718131720498e-07,-1.965034854499734e-05,0.0009996369243691857,-1.84298355035949e-05
3,1412.537544622744,0.0,0.0007938210904804624,0.04083702888790388,0.999608777391308,-0.01915029372971698,0.9978965322610512,-0.009472084903969667,0.0,0.0,0.0009793436159819535,0.0479113913183481,1.0,0.0,49.98047948403563,-0.9571193497217239,0.0,0.0,-0.0004991108641929642,3.176150500883851e-05,-4.550707288000726e-11,-8.084475073477551e-09,-4.896727873343004e-07,-2.395574357056536e-05,0.0,0.0,-4.896718079909767e-07,-2.395569565917405e-05,0.0009996096062580475,-1.914222563248994e-05,8.857097525823772e-07,4.435814627924567e-05,-0.0004999969733048282,-1.261271437771189e-05,4.887984135218785e-07,2.393959099826484e-05,-3.969105452402312e-07,-2.041851444395194e-05,0.0009996087773913081,-1.915029372971698e-05
3,1467.799267622059,0.0,0.000859119192289785,0.04243331893906024,0.9995783868274795,-0.01989886972264979,0.9978815011248333,-0.009842344269070257,0.0,0.0,0.001055439391532964,0.04978422381542578,1.0,0.0,49.97896319057184,-0.9945327498036706,0.0,0.0,-0.0004990603262542415,3.300304453954933e-05,-4.905587563700555e-11,-8.400680852380969e-09,-5.277207512049155e-07,-2.489216169193671e-05,0.0,0.0,-5.27719695766482e-07,-2.489211190771289e-05,0.0009995792817090686,-1.989048734859226e-05,9.563372690037513e-07,4.609208053987585e-05,-0.0005000171323192859,-1.310573648401203e-05,5.267768137397387e-07,2.48753786370268e-05,-4.295595961448925e-07,-2.121665946953012e-05,0.0009995783868274794,-1.989886972264979e-05
3,1525.222956539008,0.0,0.0009296218420364556,0.04409189507954776,0.9995455740009717,-0.02067665519830565,0.9978652719404151,-0.01022705117958323,0.0,0.0,0.001137600337763445,0.05173013419661278,1.0,0.0,49.97732604179582,-1.033406029715915,0.0,0.0,-0.0004990057602176634,3.429302868079853e-05,-5.288751913018291e-11,-8.7292478777351e-09,-5.688013064815067e-07,-2.586511882844059e-05,0.0,0.0,-5.688001688817224e-07,-2.586506709830639e-05,0.0009995465401590785,-2.066794641872671e-05,1.032594111495661e-06,4.789367243265287e-05,-0.0005000388980964665,-1.361799598064567e-05,5.677822608555968e-07,2.584768080098391e-05,-4.648109210182278e-07,-2.204594753977388e-05,0.0009995455740009717,-2.067665519830565e-05
3,1584.893192461102,0.0,0.001005743467610723,0.04581517403907931,0.9995101460317591,-0.02148478357004614,0.9978477493095689,-0.0106267662427104,0.0,0.0,0.001226309412318827,0.05375195807815455,1.0,0.0,49.97555841423608,-1.073795837870625,0.0,0.0,-0.0004989468453349133,3.563333718351047e-05,-5.702452299331388e-11,-9.070658597852867e-09,-6.131559324688066e-07,-2.687603279103536e-05,0.0,0.0,-6.131547061594133e-07,-2.687597903907727e-05,0.0009995111891470268,-2.147573580205263e-05,1.114928532226366e-06,4.976554719915769e-05,-0.0005000623985811359,-1.415023929021708e-05,6.120557926774783e-07,2.685791436444399e-05,-5.028717338053613e-07,-2.290758701953966e-05,0.000999510146031759,-2.148478357004613e-05
3,1646.897865482857,0.0,0.00108793143105172,0.04760566465389762,0.9994718947118458,-0.02232443145673828,0.9978288302528704,-0.01104207143591782,0.0,0.0,0.001322087952970286,0.05585263916707586,1.0,0.0,49.97364991965402,-1.115760982205692,0.0,0.0,-0.0004988832353647332,3.702592144928796e-05,-6.14911960702829e-11,-9.425414195210588e-09,-6.610452985726535e-07,-2.792637543617709e-05,0.0,0.0,-6.610439764851429e-07,-2.792631958353793e-05,0.000999473020917187,-2.231503164793783e-05,1.203824405491916e-06,5.171043014579488e-05,-0.0005000877718810415,-1.470324128335226e-05,6.598576020345974e-07,2.790755021318143e-05,-5.439657155258599e-07,-2.380283232694881e-05,0.0009994718947118459,-2.232443145673829e-05
3,1711.328304161769,0.0,0.001176668634841781,0.0494659711732214,0.9994305952922479,-0.02319682023484686,0.9978084036097433,-0.01147357087463299,0.0,0.0,0.001425498714923812,0.05803523314388075,1.0,0.0,49.9715893445223,-1.159362507774755,0.0,0.0,-0.0004988145565629765,3.847280710365941e-05,-6.631377794099503e-11,-9.794035302303117e-09,-7.127507829606207e-07,-2.901767460717353e-05,0.0,0.0,-7.12749357461906e-07,-2.901761657194038e-05,0.0009994318112087766,-2.318705484775322e-05,1.299804046743324e-06,5.373115023735946e-05,-0.000500115167081816,-1.527780629995146e-05,7.114685526536512e-07,2.899811518477759e-05,-5.883343174208906e-07,-2.47329855866107e-05,0.000999430595292248,-2.319682023484686e-05
3,1778.27941003891,0.0,0.001272476332672135,0.05139879665900959,0.9993860051748419,-0.02410321763447658,0.9977863493914485,-0.01192189160168093,0.0,0.0,0.00153714914634584,0.0603029116551582,1.0,0.0,49.96936458475638,-1.204663776535944,0.0,0.0,-0.0004987404054999089,3.997609664216362e-05,-7.152059153756603e-11,-1.017706274343336e-08,-7.685761103222635e-07,-3.015151613049076e-05,0.0,0.0,-7.685745731729199e-07,-3.01514558275791e-05,0.0009993873179506437,-2.409307263064218e-05,1.403431252740538e-06,5.58306437922144e-05,-0.000500144745105402,-1.587476919937686e-05,7.671918139283107e-07,3.013119406391294e-05,-6.362381663360674e-07,-2.56993983295048e-05,0.000999386005174842,-2.410321763447658e-05
3,1847.849797422278,0.0,0.001375917160346923,0.05340694647833721,0.9993378625017282,-0.02504493937905614,0.9977625380833839,-0.01238768439830682,0.0,0.0,0.001657694920484509,0.06265896641531583,1.0,0.0,49.96696257533281,-1.251730549324189,0.0,0.0,-0.0004986603467220796,4.153797214875854e-05,-7.714220770247362e-11,-1.057505830320094e-08,-8.288491179371274e-07,-3.132954586662433e-05,0.0,0.0,-8.288474602422546e-07,-3.132948320765792e-05,0.0009993392798536957,-2.50344002029619e-05,1.515314579852172e-06,5.801195827834198e-05,-0.0005001766796515206,-1.649499643903429e-05,8.273546237620308e-07,3.13084316322269e-05,-6.879585801734613e-07,-2.670347323916861e-05,0.0009993378625017281,-2.504493937905614e-05
3,1920.141938638787,0.0,0.001487598403795467,0.05549333188712827,0.9992858846342656,-0.02602335086810143,0.9977368298928189,-0.01287162461650707,0.0,0.0,0.001787843744065931,0.06510681341602771,1.0,0.0,49.96436921440299,-1.300631069979278,0.0,0.0,-0.0004985739102130182,4.316069808535383e-05,-8.321162260286033e-11,-1.098860552245349e-08,-8.939236598764042e-07,-3.255347181482728e-05,0.0,0.0,-8.939218720329656e-07,-3.255340670801386e-05,0.000999287414893239,-2.601240243084033e-05,1.636110878775294e-06,6.027825620893975e-05,-0.0005002111582008695,-1.713938718149455e-05,8.923101892795144e-07,3.253153477204374e-05,-7.437992018977336e-07,-2.774666594356413e-05,0.0009992858846342655,-2.602335086810143e-05
3,1995.262314968865,0.0,0.001608175522255386,0.05766097370335718,0.9992297665133266,-0.0270398689022004,0.997709073937876,-0.01337441303224462,0.0,0.0,0.001928359463085449,0.06764999724124268,1.0,0.0,49.96156928148032,-1.351436151587112,0.0,0.0,-0.0004984805886767418,4.48466241515233e-05,-8.976444898178014e-11,-1.141831052246178e-08,-9.641816599023218e-07,-3.382506627061859e-05,0.0,0.0,-9.641797315427248e-07,-3.382499862062134e-05,0.0009992314186727958,-2.70284955649982e-05,1.766529105288094e-06,6.263281913554622e-05,-0.0005002483831102467,-1.780887442882906e-05,9.624397359849944e-07,3.380227462289391e-05,-8.04087761127693e-07,-2.883048685167859e-05,0.0009992297665133267,-2.70398689022004e-05
3,2073.32157348594,0.0,0.001738355946143045,0.0599130060671014,0.9991691788917282,-0.0280959634490255,0.9976791073732961,-0.01389677671895796,0.0,0.0,0.002080066488691301,0.07029219548475693,1.0,0.0,49.95854634924986,-1.404219264774851,0.0,0.0,-0.0004983798345916668,4.659818821164952e-05,-9.68391222980111e-11,-1.186480285807032e-08,-1.040035324411891e-06,-3.514616803457395e-05,0.0,0.0,-1.040033244345651e-06,-3.514609774237847e-05,0.0009991709626603702,-2.808414900664951e-05,1.907334428074175e-06,6.507905173589666e-05,-0.000500288572780061,-1.850442618428483e-05,1.038154716647127e-06,3.512248878933989e-05,-8.691779730715227e-07,-2.99565030335507e-05,0.0009991691788917283,-2.80959634490255e-05
3,2154.434690031867,0.0,0.001878903170393398,0.06225268028399607,0.9991037664291255,-0.02919315944879123,0.9976467544481723,-0.01443946994058136,0.0,0.0,0.002243854567408832,0.07303722326638258,1.0,0.0,49.95528268851598,-1.459056627981265,0.0,0.0,-0.0004982710570464732,4.841791928780759e-05,-1.044771228814071e-10,-1.232873640056478e-08,-1.121929527558692e-06,-3.651868467041457e-05,0.0,0.0,-1.121927283704416e-06,-3.651861163319129e-05,0.0009991056922874868,-2.918088711290762e-05,2.059352656173935e-06,6.762048599280869e-05,-0.000500331962917766,-1.922704663928632e-05,1.119899192074383e-06,3.649408359813038e-05,-9.394515851966988e-07,-3.112634014199804e-05,0.0009991037664291256,-2.919315944879123e-05
3,2238.721138568323,0.0,0.002030641165686047,0.06468336874768912,0.9990331456389732,-0.03033303865713361,0.9976118254905216,-0.0150032750630756,0.0,0.0,0.002420683921821265,0.07588903784163888,1.0,0.0,49.95175916576864,-1.516027299601612,0.0,0.0,-0.0004981536183210622,5.030844061409967e-05,-1.127232153106366e-10,-1.281079025097685e-08,-1.210344381593848e-06,-3.794459480985729e-05,0.0,0.0,-1.210341960910632e-06,-3.794451892081944e-05,0.0009990352249006054,-3.032029103968322e-05,2.223475010229981e-06,7.026078545936921e-05,-0.000500378807901658,-1.99777773850357e-05,1.208152396745802e-06,3.79190364021559e-05,-1.015320582843023e-06,-3.234168437384456e-05,0.0009990331456389732,-3.033303865713362e-05
3,2326.305067153608,0.0,0.002194459131430611,0.06720856893581098,0.9989569026764243,-0.03151724152288456,0.9975741158131812,-0.01558900348321937,0.0,0.0,0.002611590789496354,0.07885174329863175,1.0,0.0,49.94795513281405,-1.575213271881281,0.0,0.0,-0.0004980268302148261,5.227247274867952e-05,-1.216257063048075e-10,-1.33116696845255e-08,-1.305798006338538e-06,-3.942595050105918e-05,0.0,0.0,-1.305795394748177e-06,-3.942587164931587e-05,0.0009989591475538292,-3.150400061955911e-05,2.400663263402671e-06,7.30037496045236e-05,-0.0005004293822490347,-2.075769864708088e-05,1.303431503227904e-06,3.939939792804919e-05,-1.097229565715306e-06,-3.360428446790549e-05,0.0009989569026764243,-3.151724152288456e-05
3,2417.315480804085,0.0,0.002371316616125816,0.06983190747273911,0.9988745909552429,-0.03274746909763965,0.9975334045351373,-0.01619749657312756,0.0,0.0,0.002817693390078091,0.0819295953343487,1.0,0.0,49.94384830787374,-1.636699566403727,0.0,0.0,-0.0004978899500751588,5.431283673848486e-05,-1.312367225100106e-10,-1.383210712686073e-08,-1.40884951273232e-06,-4.096487959676968e-05,0.0,0.0,-1.408846695039046e-06,-4.096479766717435e-05,0.0009988770146309898,-3.27337162715528e-05,2.591955279641618e-06,7.5853318231833e-05,-0.0005004839821918239,-2.156793053997852e-05,1.406294600262559e-06,4.093729466355598e-05,-1.185658308062908e-06,-3.491595373636956e-05,0.000998874590955243,-3.274746909763965e-05
3,2511.886431509561,0.0,0.002562249032446676,0.07255714425103846,0.9987857285810067,-0.03402548497336932,0.9974894533119887,-0.01682962663864165,0.0,0.0,0.003040198352347367,0.0851270061009718,1.0,0.0,49.93941464751805,-1.700574330985929,0.0,0.0,-0.0004977421765413048,5.643245732998847e-05,-1.416125096562108e-10,-1.437286316273737e-08,-1.520102216372029e-06,-4.2563588177492e-05,0.0,0.0,-1.520099176173684e-06,-4.25635030504859e-05,0.0009987883452844295,-3.401120093903184e-05,2.798470978911793e-06,7.881357596265525e-05,-0.0005005429273898798,-2.240963434048393e-05,1.517343900439916e-06,4.253493127999177e-05,-1.281124516223338e-06,-3.627857212551923e-05,0.0009987857285810066,-3.402548497336933e-05
3,2610.157215682516,0.0,0.002768373596317401,0.07538817660186918,0.998689795586984,-0.03535311724358404,0.9974420049688166,-0.01748629788937183,0.0,0.0,0.003280407635395832,0.08844854911095892,1.0,0.0,49.93462820875398,-1.766928937757704,0.0,0.0,-0.0004975826449320486,5.863436621847407e-05,-1.528137546593291e-10,-1.493472757769769e-08,-1.640207098105454e-06,-4.422436300402855e-05,0.0,0.0,-1.640203817697916e-06,-4.422427455547946e-05,0.0009986926206768775,-3.533828205130856e-05,3.021418760989716e-06,8.188875677328656e-05,-0.0005006065627508605,-2.328401377597877e-05,1.637229194457381e-06,4.419459308417537e-05,-1.384186798158701e-06,-3.769408830093459e-05,0.000998689795586984,-3.535311724358404e-05
3,2712.272579332007,0.0,0.002990895721122104,0.07832904350286132,0.9985862309581758,-0.03673226048273091,0.9973907820282782,-0.01816844741775845,0.0,0.0,0.003539725980202135,0.0918989641875587,1.0,0.0,49.92946100054425,-1.835858082159651,0.0,0.0,-0.000497410422308775,6.092170532759345e-05,-1.649059323477415e-10,-1.551852043328296e-08,-1.769866529827341e-06,-4.594957399274353e-05,0.0,0.0,-1.769862990101068e-06,-4.594948209377936e-05,0.0009985892810119607,-3.671685350361061e-05,3.262102421567304e-06,8.50832485736641e-05,-0.0005006752604121978,-2.419231632423691e-05,1.766651570110661e-06,4.591864849318994e-05,-1.495447860561052e-06,-3.916452175143066e-05,0.0009985862309581759,-3.67322604827309e-05
3,2818.382931264432,0.0,0.003231115900333851,0.0813839298099247,0.9984744294280476,-0.03816487773755571,0.9973354851262749,-0.01887704618405368,0.0,0.0,0.003819668930391096,0.0954831624450608,1.0,0.0,49.92388282398461,-1.907459882547449,0.0,0.0,-0.0004972245021463984,6.329773010807505e-05,-1.779596786016076e-10,-1.612509317622407e-08,-1.909838284864272e-06,-4.774167670569285e-05,0.0,0.0,-1.909834465195548e-06,-4.77415812225304e-05,0.000998477722337889,-3.814887764918149e-05,3.521928596627008e-06,8.840159781303456e-05,-0.0005007494218696174,-2.513583452053159e-05,1.906367415344253e-06,4.770955152414238e-05,-1.615557950166926e-06,-4.069196490496235e-05,0.0009984744294280477,-3.816487773755571e-05
3,2928.644564625213,0.0,0.00349043711394967,0.08455717049717623,0.9983537380314698,-0.03965300252310099,0.9972757913070392,-0.01961310000359833,0.0,0.0,0.004121871463406812,0.09920623128041978,1.0,0.0,49.91786110031785,-1.981835980037183,0.0,0.0,-0.0004970237985966186,6.576581284357952e-05,-1.92051191807409e-10,-1.675532978197735e-08,-2.060939853575071e-06,-4.960321484644116e-05,0.0,0.0,-2.060935731703406e-06,-4.960311564020989e-05,0.0009983572931078852,-3.963638729620576e-05,3.80241477338029e-06,9.184851409552252e-05,-0.000500829480250431,-2.611590726774027e-05,2.057192725968653e-06,4.956984428976393e-05,-1.745218556974835e-06,-4.227858524858811e-05,0.0009983537380314697,-3.965300252310099e-05
3,3043.219887107698,0.0,0.003770372796386423,0.08785325488658782,0.9982234523963472,-0.04119874081481315,0.9972113521889819,-0.02037765053217656,0.0,0.0,0.0044480972760228,0.1030734393548928,1.0,0.0,49.91136068590991,-2.059091638166644,0.0,0.0,-0.000496807140325739,6.832944594976909e-05,-2.072626646483897e-10,-1.741014793287354e-08,-2.224053086108631e-06,-5.153682275088577e-05,0.0,0.0,-2.2240486380114e-06,-5.153671967744642e-05,0.0009982272904798686,-4.118148770105777e-05,4.105197908488094e-06,9.54288747857463e-05,-0.0005009159027906662,-2.713392114279956e-05,2.22000773992263e-06,5.150215948919752e-05,-1.885186398193212e-06,-4.392662744329391e-05,0.0009982234523963473,-4.119874081481315e-05
3,3162.277660168354,0.0,0.004072555405793843,0.09127683084606318,0.998082812755336,-0.04280427302688296,0.9971417919920889,-0.02117177624456402,0.0,0.0,0.004800248770693294,0.1070902415409545,1.0,0.0,49.90434367326024,-2.139335841880261,0.0,0.0,-0.0004965732638799736,7.099224524979852e-05,-2.236827483740895e-10,-1.809050023103419e-08,-2.400129185595783e-06,-5.354522786071879e-05,0.0,0.0,-2.400124385346647e-06,-5.354512077047725e-05,0.0009980869563368346,-4.278635854802813e-05,4.43204369680057e-06,9.914772958149539e-05,-0.000501009193464963,-2.819131169386202e-05,2.395761921348772e-06,5.350922288163293e-05,-2.036277702896922e-06,-4.563841542303159e-05,0.0009980828127553359,-4.280427302688297e-05
3,3285.993247600628,0.0,0.004398745637199872,0.0948327089313898,0.9979309996579203,-0.04447185596543082,0.997066705417122,-0.0219965934006367,0.0,0.0,0.005180377792220803,0.1112622838059602,1.0,0.0,49.89676917706191,-2.222681395269866,0.0,0.0,-0.0004963208065555946,7.375795320749279e-05,-2.41407051817986e-10,-1.879737544607418e-08,-2.590194076487587e-06,-5.563125316526395e-05,0.0,0.0,-2.590188896110402e-06,-5.563114190298013e-05,0.0009979354730082447,-4.445325590417216e-05,4.784856536455475e-06,0.000103010305026963,-0.0005011098958411786,-2.92895647197311e-05,2.585479319109849e-06,5.559385572855922e-05,-2.199372818599936e-06,-4.74163544656949e-05,0.0009979309996579204,-4.447185596543083e-05
3,3414.548873833574,0.0,0.004750842324289467,0.09852586644386374,0.9977671293619721,-0.04620382474344784,0.9969856553662875,-0.02285325699256688,0.0,0.0,0.005590697166931946,0.1155954079997774,1.0,0.0,49.88859310427014,-2.309245017418658,0.0,0.0,-0.0004960482987388382,7.663044209627046e-05,-2.605386775610821e-10,-1.953179979745818e-08,-2.795354174162633e-06,-5.779781959529669e-05,0.0,0.0,-2.795348583465973e-06,-5.779770399988871e-05,0.0009977719586715952,-4.618451413622877e-05,5.165690238847947e-06,0.0001070220089360785,-0.0005012185961335014,-3.043021752371922e-05,2.790264325861208e-06,5.775897718828019e-05,-2.375421162144733e-06,-4.926293322193187e-05,0.0009977671293619722,-4.620382474344784e-05
3,3548.133892335725,0.0,0.005130893077240996,0.1023614513712898,0.9975902488827503,-0.04800259464250211,0.9968981704944798,-0.02374296166569196,0.0,0.0,0.006033593099648904,0.1200956565088342,1.0,0.0,49.87976790707912,-2.399147435600891,0.0,0.0,-0.0004957541556600553,7.961371707873588e-05,-2.811887977698435e-10,-2.029483827119861e-08,-3.016802583417694e-06,-6.004794835007363e-05,0.0,0.0,-3.016796549824452e-06,-6.004782825441713e-05,0.0009975954624121708,-4.798254777466099e-05,5.576759534713433e-06,0.0001111884346910576,-0.0005013359264842698,-3.161486013149306e-05,3.011307865199859e-06,6.000760664396133e-05,-2.565446538620498e-06,-5.118072568564488e-05,0.0009975902488827504,-4.800259464250211e-05
3,3686.945064519545,0.0,0.005541105706529822,0.1063447861754787,0.997399330676098,-0.04987066290408849,0.996803742579596,-0.0246669426045877,0.0,0.0,0.006511638486568216,0.1247692767337076,1.0,0.0,49.87024231764774,-2.492513474983474,0.0,0.0,-0.0004954366685727685,8.271191916933707e-05,-3.034772723682279e-10,-2.10875959703823e-08,-3.255825754922722e-06,-6.238476313613048e-05,0.0,0.0,-3.255819243284108e-06,-6.238463836685378e-05,0.0009974049589177888,-4.984985330774256e-05,6.020452430329688e-06,0.0001155153653763397,-0.0005014625684967022,-3.284513646098497e-05,3.249894035958597e-06,6.234286594381419e-05,-2.770552853264911e-06,-5.317239308773935e-05,0.000997399330676098,-4.98706629040885e-05
3,3831.186849557256,0.0,0.005983860485165011,0.1104813713842462,0.9971932669314009,-0.0518106104311192,0.996701823699838,-0.02562647637470023,0.0,0.0,0.00702760720526463,0.1296227253414012,1.0,0.0,49.85996106335483,-2.589472143856909,0.0,0.0,-0.0004950939952421685,8.59293280458806e-05,-3.275333123341801e-10,-2.19112194987813e-08,-3.513810630238912e-06,-6.48114922934259e-05,0.0,0.0,-3.513803602632315e-06,-6.481136267070057e-05,0.0009971993427841516,-5.178901088624061e-05,6.499343470617313e-06,0.000120008777702543,-0.0005015992570140959,-3.412274543312943e-05,3.50740724417489e-06,6.476798152904852e-05,-2.991930242582506e-06,-5.52406856921231e-05,0.000997193266931401,-5.18106104311192e-05
3,3981.071705534939,0.0,0.006461723304456988,0.1147768889402074,0.996970863448703,-0.0538251033773986,0.9965918232053439,-0.02662288170857831,0.0,0.0,0.00758448944595802,0.1346626722368263,1.0,0.0,49.84886456130661,-2.690156713290612,0.0,0.0,-0.0004947241497772481,8.927036467518135e-05,-3.534961910389548e-10,-2.276689837653805e-08,-3.792252307469054e-06,-6.733147078108536e-05,0.0,0.0,-3.79224472297901e-06,-6.733133611841314e-05,0.0009969774224052633,-5.38026859165962e-05,7.016207968669714e-06,0.0001246748456688991,-0.0005017467841867962,-3.544944200606359e-05,3.785339854717666e-06,6.728628642190645e-05,-3.230861652228494e-06,-5.738844447010371e-05,0.000996970863448703,-5.38251033773986e-05
3,4136.820402388472,0.0,0.006977459780802685,0.1192372052522939,0.9967308330731911,-0.05591689459996246,0.9964731044708913,-0.02765752022428139,0.0,0.0,0.008185508151099974,0.1398960041905727,1.0,0.0,49.83688859075957,-2.794704789959799,0.0,0.0,-0.000494324991708428,9.273959370897922e-05,-3.815160066710008e-10,-2.365586648662079e-08,-4.092762261057903e-06,-6.994814199129055e-05,0.0,0.0,-4.092754075549987e-06,-6.994800209528636e-05,0.000996737913422171,-5.589363051754769e-05,7.574037263932023e-06,0.0001295199439057414,-0.0005019060038256029,-3.682703811924704e-05,4.08530039607119e-06,6.990122204238912e-05,-3.488729890401342e-06,-5.961860262614697e-05,0.000996730833073191,-5.591689459996247e-05
3,4298.662347082241,0.0,0.007534050373371709,0.1238683738888401,0.996471788659179,-0.05808882494586983,0.9963449814158912,-0.02873179706191178,0.0,0.0,0.00883413663301269,0.1453298280518157,1.0,0.0,49.82396394206852,-2.903258380726934,0.0,0.0,-0.0004938942142835856,9.634172560449294e-05,-4.117544989018984e-10,-2.457940355040639e-08,-4.417077150643147e-06,-7.266505935573586e-05,0.0,0.0,-4.417068316506346e-06,-7.266491402590783e-05,0.0009964794317022315,-5.806468481185845e-05,8.176055073827444e-06,0.0001345506506309681,-0.000502077836063819,-3.825740352553231e-05,4.409022353091716e-06,7.261633981817413e-05,-3.767025186685855e-06,-6.193418694442006e-05,0.000996471788659179,-5.808882494586983e-05
3,4466.835921509593,0.0,0.008134706574891439,0.128676637843217,0.9961922355346627,-0.0603438243413745,0.9962067147773668,-0.02984716142240703,0.0,0.0,0.009534117442120404,0.1509714734660379,1.0,0.0,49.81001604071614,-3.015963947378056,0.0,0.0,-0.0004934293319451832,0.0001000816184152653,-4.443859230571979e-10,-2.553883663036843e-08,-4.767068255177571e-06,-7.548588770449242e-05,0.0,0.0,-4.767058721060202e-06,-7.548573673301895e-05,0.00099620048582003,-6.031877802115677e-05,8.825735006039299e-06,0.0001397737501458907,-0.0005022632723656884,-3.974246649221524e-05,4.758373583887121e-06,7.543530254764431e-05,-4.06735328744572e-06,-6.43383189216085e-05,0.0009961922355346629,-6.03438243413745e-05
3,4641.588833612739,0.0,0.008782888239630013,0.1336684312942601,0.9958905634365988,-0.06268491264734355,0.9960575081211512,-0.03100510699072232,0.0,0.0,0.01028948256040874,0.1568284950070777,1.0,0.0,49.79496454493522,-3.132972449711795,0.0,0.0,-0.000492927666907228,0.0001039642791924589,-4.795979851454178e-10,-2.653554165742415e-08,-5.144751569686991e-06,-7.841440433203382e-05,0.0,0.0,-5.144741280204368e-06,-7.841424750353885e-05,0.000995899469010176,-6.265892932784596e-05,9.526819300828048e-06,0.0001451962347864402,-0.0005024633808652368,-4.128421434598795e-05,5.135366398125404e-06,7.83618854708788e-05,-4.391444119815006e-06,-6.683421564713005e-05,0.0009958905634365987,-6.268491264734355e-05
3,4823.178482239265,0.0,0.00948232211442306,0.1388503807740779,0.9955650378862496,-0.06511520024029271,0.9958965035761449,-0.03220717222330668,0.0,0.0,0.0111045749969394,0.1629086736217538,1.0,0.0,49.77872291539364,-3.254439374954496,0.0,0.0,-0.0004923863348249569,0.000107994864929295,-5.175928411703414e-10,-2.7570944980017e-08,-5.552298603044431e-06,-8.145449971955053e-05,0.0,0.0,-5.552287498469699e-06,-8.145433681087693e-05,0.0009955746505613753,-6.508824846355516e-05,1.028333887461044e-05,0.0001508253062352527,-0.0005026793120959105,-4.288469383456617e-05,5.542168335076889e-06,8.139997699783295e-05,-4.74116105721153e-06,-6.942519038703897e-05,0.0009955650378862496,-6.511520024029272e-05
3,5011.87233627268,0.0,0.01023702163994928,0.1442293056451331,0.9952137909733424,-0.06763788827344017,0.9957227772761688,-0.03345494047732063,0.0,0.0,0.01198407186362793,0.1692200172728773,1.0,0.0,49.76119795538299,-3.380524751227021,0.0,0.0,-0.0004918022294631008,0.0001121786829720028,-5.585881641982066e-10,-2.864652493147947e-08,-5.992047915885255e-06,-8.461017785645597e-05,0.0,0.0,-5.992035931813966e-06,-8.461000863643866e-05,0.000995224166620605,-6.760993597864452e-05,1.109963473745355e-05,0.000156668376088601,-0.0005029123050994677,-4.454601127584779e-05,5.981113680458082e-06,8.455357903672883e-05,-5.11851081997464e-06,-7.211465282256657e-05,0.0009952137909733424,-6.763788827344017e-05
3,5207.948328595417,0.0,0.01105130809020154,0.1498122177767138,0.9948348115173885,-0.07025626856669365,0.9955353344937675,-0.03475003995632878,0.0,0.0,0.01293300901059169,0.1757707606527199,1.0,0.0,49.74228931993151,-3.511393142515079,0.0,0.0,-0.000491172006333418,0.0001165211908135677,-6.028182826677857e-10,-2.976381341162879e-08,-6.466517438305486e-06,-8.788555609712058e-05,0.0,0.0,-6.466504505295845e-06,-8.788538032635994e-05,0.0009948460103757985,-7.022728314180378e-05,1.198038085802136e-05,0.0001627330655593937,-0.0005031636939523132,-4.627033245935275e-05,6.454715761612917e-06,8.782680685881908e-05,-5.525654045100772e-06,-7.490610888835689e-05,0.0009948348115173884,-7.025626856669365e-05
3,5411.695265464588,0.0,0.01192983311836439,0.1556063202979194,0.9944259345744386,-0.07297372306845155,0.9953331044502611,-0.03609414344421619,0.0,0.0,0.01395680730046767,0.1825693638238989,1.0,0.0,49.72188899225831,-3.647213622293867,0.0,0.0,-0.0004904920652508693,0.0001210279951736337,-6.505353934081467e-10,-3.092439747789123e-08,-6.978417607041426e-06,-9.128486448131326e-05,0.0,0.0,-6.978403650233833e-06,-9.128468191194945e-05,0.000994438021585385,-7.294367141276359e-05,1.293060854971728e-05,0.0001690272041834274,-0.0005034349147270412,-4.805988226283531e-05,6.965680060702071e-06,9.12238884281474e-05,-5.964916559182194e-06,-7.780316014895971e-05,0.0009944259345744386,-7.297372306845156e-05
3,5623.413251903441,0.0,0.01287760277665289,0.1616190052900464,0.9939848302578091,-0.07579372282546398,0.9951149347864902,-0.03748896779579612,0.0,0.0,0.01506130060047894,0.189624509628029,1.0,0.0,49.69988072599926,-3.78815972262684,0.0,0.0,-0.0004897585317373832,0.000125704850259839,-7.020108527592317e-10,-3.212992094052407e-08,-7.530665361539866e-06,-9.481244443852415e-05,0.0,0.0,-7.530650300239472e-06,-9.481225481401448e-05,0.000993997875423295,-7.576257142451788e-05,1.395573245113064e-05,0.000175558827380666,-0.0005037275129065044,-4.991694394182455e-05,7.516918185201739e-06,9.474916311663749e-05,-6.438801388326444e-06,-8.08095026450232e-05,0.0009939848302578092,-7.579372282546399e-05
3,5843.414133735124,0.0,0.01390000307617983,0.1678578502656246,0.9935089918420416,-0.07871982638973589,0.9948795856790476,-0.03893627314898411,0.0,0.0,0.01625276556925392,0.1969450996842951,1.0,0.0,49.67613945167073,-3.934409355196012,0.0,0.0,-0.0004889672372443421,0.000130557655092095,-7.575365490621463e-10,-3.33820859557024e-08,-8.126399037392081e-06,-9.847274678724728e-05,0.0,0.0,-8.126382784626963e-06,-9.847254984214756e-05,0.0009935230706087487,-7.868754140420973e-05,1.506157817222914e-05,0.0001823361727064279,-0.0005040431512775001,-5.184385804399283e-05,8.111562734136257e-06,9.84070797157654e-05,-6.950001538089917e-06,-8.39289251328123e-05,0.0009935089918420416,-7.871982638973589e-05
3,6072.021956909831,0.0,0.01500282715021178,0.1743306132643024,0.9929957231206074,-0.08175567758351308,0.9946257235874145,-0.04043786181948513,0.0,0.0,0.01753795331220065,0.2045402487802227,1.0,0.0,49.65053064589978,-4.086144700324994,0.0,0.0,-0.0004881136981227385,0.0001355924497576655,-8.174263595890154e-10,-3.46826546093553e-08,-8.768994194053528e-06,-0.0001022703289303601,0.0,0.0,-8.768976656100325e-06,-0.0001022701243901113,0.0009930109167914116,-8.172222495390777e-05,1.625441167482273e-05,0.0001893676746089099,-0.0005043836183125094,-5.384302089747606e-05,8.752983096889262e-06,0.0001022021936461455,-7.501413575105889e-06,-8.716530663215123e-05,0.0009929957231206074,-8.175567758351308e-05
3,6309.573444801876,0.0,0.01619230408004219,0.1810452263771751,0.9924421249897651,-0.08490500253474081,0.9943519146183518,-0.04199557683466233,0.0,0.0,0.01892412297454094,0.2124192774352535,1.0,0.0,49.62290966204458,-4.243552059624408,0.0,0.0,-0.0004871930933205704,0.0001408154104527715,-8.820176947013266e-10,-3.603345048367445e-08,-9.462080411393088e-06,-0.0001062098511369042,0.0,0.0,-9.462061487270469e-06,-0.0001062096387176268,0.0009924585211643839,-8.487034810387077e-05,1.754097045140389e-05,0.0001966619574893644,-0.0005047508370745746,-5.591688261311067e-05,9.444802219079126e-06,0.0001061391632555505,-8.096152040021096e-06,-9.052261318858756e-05,0.0009924421249897651,-8.490500253474081e-05
3,6556.418494179729,0.0,0.01747512943703039,0.1880097874909703,0.991845081233675,-0.08817160588599561,0.994056617495234,-0.0436113000586118,0.0,0.0,0.02041907733432602,0.2205917023942303,1.0,0.0,49.59312102096227,-4.406821667420849,0.0,0.0,-0.0004862002407390875,0.000146232843148103,-9.516731316457465e-10,-3.743636019716161e-08,-1.020955908624018e-05,-0.0001102960717888175,0.0,0.0,-1.020953866716301e-05,-0.0001102958511971151,0.0009918627742801754,-8.813571554152762e-05,1.892849656025336e-05,0.000204227826839425,-0.0005051468746408716,-5.806794453774855e-05,1.019091436660857e-05,0.0001102227450841524,-8.737564718515195e-06,-9.400489374548516e-05,0.000991845081233675,-8.817160588599561e-05
3,6812.920690579551,0.0,0.01885849758659949,0.1952325500216647,0.9912012434894305,-0.09155936606972752,0.9937381761217726,-0.04528694985544078,0.0,0.0,0.02203120044889406,0.2290672247824369,1.0,0.0,49.56099766086012,-4.57614745562355,0.0,0.0,-0.0004851295722314575,0.000151851175700296,-1.026782139899545e-09,-3.889333490794097e-08,-1.101562225564719e-05,-0.0001145338414584433,0.0,0.0,-1.101560022444703e-05,-0.0001145336123912184,0.0009912203350483815,-9.152220590926168e-05,2.042477156635244e-05,0.0002120742582064519,-0.0005055739520765101,-6.029875608737356e-05,1.099550391455544e-05,0.0001144577879630695,-9.429248793299746e-06,-9.761627501083237e-05,0.0009912012434894306,-9.155936606972752e-05
3,7079.457843841315,0.0,0.02035013578989453,0.2027219103835872,0.9905070153753762,-0.09507222953170999,0.9933948117318975,-0.04702447823233614,0.0,0.0,0.02376949739636292,0.2378557156264565,1.0,0.0,49.52636014539966,-4.751726766137066,0.0,0.0,-0.000483975107212764,0.0001576769482136142,-1.107762899342613e-09,-4.0406391768829e-08,-1.188477246767899e-05,-0.0001189280956689439,0.0,0.0,-1.188474869818146e-05,-0.0001189278578132283,0.0009905276148984546,-9.503376605317053e-05,2.203815342678445e-05,0.0002202103837123396,-0.0005060344549692175,-6.261191087997275e-05,1.186306518170157e-05,0.0001188492257986356,-1.017506789494726e-05,-0.0001013609551917936,0.0009905070153753762,-9.507222953170999e-05
3,7356.422544596346,0.0,0.02195834012620913,0.2104863929148485,0.9897585357719989,-0.09871420377286239,0.993024614620509,-0.04882586739820729,0.0,0.0,0.02564363613906018,0.2469671984157212,1.0,0.0,49.48901582951982,-4.933760004343034,0.0,0.0,-0.0004827304248498088,0.0001637168014350376,-1.195064211737115e-09,-4.19776153213172e-08,-1.282184371316651e-05,-0.000123483846175059,0.0,0.0,-1.282181806953009e-05,-0.0001234835992078606,0.0009897807610968943,-9.86744040932688e-05,2.377761534550384e-05,0.0002286454758239611,-0.0005065309445075883,-6.501004208445127e-05,1.279842332405943e-05,0.000123402068880144,-1.097917006310456e-05,-0.0001052431964574242,0.000989758535771999,-9.871420377286238e-05
3,7644.222742525932,0.0,0.02369201324309671,0.2185346319530523,0.9889516612520974,-0.102489349067101,0.9926255354534566,-0.05069312566750024,0.0,0.0,0.02766399151704313,0.2564118283483144,1.0,0.0,49.44875798281414,-5.122450226549864,0.0,0.0,-0.0004813886348524754,0.0001699774629458917,-1.289167505012281e-09,-4.360915881421883e-08,-1.383202342251247e-05,-0.0001282061705859856,0.0,0.0,-1.383199575852157e-05,-0.0001282059141741572,0.000988975639215552,-0.0001024481811731176,2.565278660511406e-05,0.0002373889280443461,-0.00050706616914864,-6.749581688919593e-05,1.380675629155283e-05,0.0001281213935331881,-1.184600662154835e-05,-0.0001092673159765261,0.0009889516612520974,-0.000102489349067101
3,7943.282347242741,0.0,0.02556070392169918,0.226875350726768,0.98808194766607,-0.1064017686996233,0.9921953761596446,-0.05262828263222597,0.0,0.0,0.02984169135716019,0.2661998678714023,1.0,0.0,49.40536487075364,-5.318002653648274,0.0,0.0,-0.0004799423468448971,0.0001764657308924167,-1.390588928651553e-09,-4.53032454312105e-08,-1.492087552027122e-05,-0.0001331002001355691,0.0,0.0,-1.49208456785801e-05,-0.0001330999339357011,0.0009881078147568891,-0.0001063592017336459,2.767399536207664e-05,0.0002464502321628951,-0.0005076430768209406,-7.007192998770284e-05,1.489361784052368e-05,0.0001330123299241604,-1.278035196084959e-05,-0.000113437675363384,0.00098808194766607,-0.0001064017686996233
3,8254.041852680108,0.0,0.02757464842083712,0.2355173366982786,0.987144630899272,-0.1104555975560967,0.9917317804136432,-0.05463338351835458,0.0,0.0,0.03218866465519277,0.2763416580917735,1.0,0.0,49.35859879460113,-5.520624102515227,0.0,0.0,-0.0004783836383706053,0.0001831884549721163,-1.499881537028104e-09,-4.706216940992081e-08,-1.609436451626094e-05,-0.0001381711053875448,0.0,0.0,-1.609433232759638e-05,-0.0001381708290458867,0.000987172533953099,-0.0001104116021420231,2.98523133659642e-05,0.0002558389516705372,-0.0005082648276983903,-7.274109596927536e-05,1.606496158089708e-05,0.0001380800478040613,-1.378732421041856e-05,-0.0001177586683491393,0.000987144630899272,-0.0001104555975560967
3,8576.958985908861,0.0,0.02974481353468167,0.2444694129618975,0.9861346068317471,-0.1146549888786834,0.9912322237237934,-0.05671048263553592,0.0,0.0,0.03471769175515682,0.2868475855955773,1.0,0.0,49.30820509152876,-5.730522325983688,0.0,0.0,-0.0004767040215591933,0.000190152514369768,-1.617637555798916e-09,-4.888829703356548e-08,-1.735888059526982e-05,-0.0001434240796453743,0.0,0.0,-1.735884587757841e-05,-0.0001434237927977887,0.0009861647037693268,-0.0001146095374919389,3.219960253228869e-05,0.0002655646909119578,-0.0005089348074838185,-7.550604049122445e-05,1.732716602013466e-05,0.0001433297399615961,-1.487240676734083e-05,-0.0001222347064809488,0.0009861346068317472,-0.0001146549888786834
3,8912.509381337371,0.0,0.03208294126454306,0.2537404052699102,0.9850464105466185,-0.1190040989898493,0.9906940031487005,-0.05886163582169509,0.0,0.0,0.03744245640991561,0.2977280441788104,1.0,0.0,49.25391109724826,-5.947905251447773,0.0,0.0,-0.0004748944085650741,0.0001973647923128041,-1.744490724403385e-09,-5.078406747442129e-08,-1.872126564741412e-05,-0.0001488643198174493,0.0,0.0,-1.872122820495781e-05,-0.0001488640220894052,0.0009850788711571765,-0.0001189571663766923,3.472856326134501e-05,0.0002756370595121782,-0.0005096566412090553,-7.836949010225913e-05,1.868706054613264e-05,0.0001487666031368179,-1.604147063227153e-05,-0.0001268702026349551,0.0009850464105466185,-0.0001190040989898493
3,9261.187281287846,0.0,0.03460159496474452,0.2633391042253694,0.9838741948523074,-0.1235070697696148,0.990114226674348,-0.06108889177649098,0.0,0.0,0.04037759955990694,0.30899339095183,1.0,0.0,49.19542507440524,-6.172980107410367,0.0,0.0,-0.0004729450758373943,0.0002048321468888781,-1.88111870528023e-09,-5.275199346669554e-08,-2.018884015755218e-05,-0.0001544970044693059,0.0,0.0,-2.018879977995347e-05,-0.000154496695475915,0.0009839092016235293,-0.0001234586334212398,3.745278435159386e-05,0.000286065631579253,-0.0005104342074733204,-8.133416057348741e-05,2.015195226762642e-05,0.0001543958161274642,-1.730079748237226e-05,-0.0001316695521126847,0.0009838741948523075,-0.0001235070697696148
3,9623.506263980795,0.0,0.03731420677476875,0.2732742221480318,0.9826117082059631,-0.1281680086565986,0.9894898022950493,-0.0633942821700531,0.0,0.0,0.04353877461116262,0.320653896242841,1.0,0.0,49.13243511109723,-6.405952426516296,0.0,0.0,-0.0004708456274182815,0.0002125613777445579,-2.028245547564934e-09,-5.479466178461871e-08,-2.176943084435585e-05,-0.0001603272687753167,0.0,0.0,-2.176938730558131e-05,-0.0001603269481214205,0.0009826494572018625,-0.0001281180493440755,4.038679430450051e-05,0.0002968598991492468,-0.000511271653095946,-8.440274358434419e-05,2.172965360290941e-05,0.0001602225148010088,-1.865710338738438e-05,-0.0001366371110740159,0.000982611708205963,-0.0001281680086565986
3,9999.999999999904,0.0,0.04023512609418878,0.2835543440873836,0.98125227215139,-0.132990965928138,0.9888174268542705,-0.06577981040596095,0.0,0.0,0.04694270392899913,0.3327196866875661,1.0,0.0,49.06460799516788,-6.647024912862688,0.0,0.0,-0.0004685849574186385,0.0002205591882558644,-2.186644189714878e-09,-5.6914733499893e-08,-2.34713989072036e-05,-0.0001663601760634698,0.0,0.0,-2.347135196449956e-05,-0.0001663598433437831,0.0009812929739391122,-0.0001329394683047867,4.354611375751189e-05,0.0003080292193046544,-0.0005121734080719698,-8.757789160329654e-05,2.342851047529183e-05,0.0001662517637066185,-2.011756304709439e-05,-0.0001417771720436918,0.00098125227215139,-0.000132990965928138
3,10391.22303835159,0.0,0.04337966879239422,0.2941878724257546,0.9797887584148177,-0.1379799090003886,0.9880935747162233,-0.0682474389103173,0.0,0.0,0.05060723618840779,0.3452006808563147,1.0,0.0,48.99158807142926,-6.896396160660549,0.0,0.0,-0.0004661512119326083,0.0002288321427430517,-2.357138981670932e-09,-5.91149439910207e-08,-2.530366870143938e-05,-0.0001726006856288382,0.0,0.0,-2.53036180942039e-05,-0.0001726003404281574,0.0009798326390411112,-0.0001379268622787788,4.694730871203109e-05,0.000319582754363987,-0.0005131442007737519,-9.086220078829976e-05,2.52574309361652e-05,0.0001724885239632373,-2.168983439619711e-05,-0.0001470939362128773,0.0009797887584148178,-0.0001379799090003886
3,10797.75162327699,0.0,0.04676416677068114,0.3051829644860665,0.9782135658364517,-0.1431386934760577,0.987314486356234,-0.07079907481221337,0.0,0.0,0.05455140413562365,0.3581065167364729,1.0,0.0,48.91299609068971,-7.154259210660617,0.0,0.0,-0.0004635317506784808,0.0002373866182739937,-2.540608202756586e-09,-6.139810267558623e-08,-2.727575661921522e-05,-0.0001790536164747532,0.0,0.0,-2.727570206781182e-05,-0.0001790532583682365,0.0009782608678541482,-0.00014308409218744,5.060804414282284e-05,0.0003315294045094576,-0.0005141890732449639,-9.425819172875771e-05,2.72259139933157e-05,0.0001789376170834599,-2.338208338534057e-05,-0.0001525914822430332,0.0009782135658364516,-0.0001431386934760577
3,11220.18454301952,0.0,0.05040601740924769,0.3165474625340874,0.9765185973553546,-0.1484710306559548,0.9864761569774873,-0.07343655387521159,0.0,0.0,0.05879548221613007,0.3714464703597316,1.0,0.0,48.82842806144205,-7.42079993018443,0.0,0.0,-0.0004607131087217553,0.000246228750584665,-2.737986546477557e-09,-6.37670924353297e-08,-2.939779990354699e-05,-0.0001857236066263362,0.0,0.0,-2.939774110806504e-05,-0.0001857232351798658,0.0009765695808997285,-0.0001484148755005811,5.454713748326776e-05,0.0003438777321930333,-0.0005153133964674872,-9.776828783902847e-05,2.934407837262695e-05,0.0001856036843785271,-2.520300870462384e-05,-0.0001582737312670437,0.0009765185973553546,-0.0001484710306559548
3,11659.1440117982,0.0,0.05432373233490283,0.3282888155457427,0.9746952373101708,-0.1539804512215473,0.9855743252839897,-0.07616162253502132,0.0,0.0,0.06336104341180349,0.3852293648408283,1.0,0.0,48.73745411730954,-7.696195202152588,0.0,0.0,-0.0004576809587346631,0.0002553643736311617,-2.950267537669267e-09,-6.622486870293978e-08,-3.168058506694537e-05,-0.000192615067649779,0.0,0.0,-3.168052170590174e-05,-0.0001926146824204142,0.0009747501812244769,-0.0001539227500190008,5.878461137628477e-05,0.0003566358776402165,-0.0005165228854240311,-0.0001013947912100188,3.16226908851012e-05,0.0001924911415785296,-2.716186616745142e-05,-0.0001641444077728714,0.0009746952373101709,-0.0001539804512215473
3,12115.27658628577,0.0,0.05853698483617215,0.3404139920979847,0.972734329369075,-0.159670264790117,0.9846044625647403,-0.07897591789577753,0.0,0.0,0.06827101450246609,0.3994634690805871,1.0,0.0,48.63961741588481,-7.980610908223372,0.0,0.0,-0.0004544200742921944,0.0002647989522749916,-3.178505840993171e-09,-6.877445817899746e-08,-3.413557552224723e-05,-0.0001997321340037626,0.0,0.0,-3.413550725123305e-05,-0.0001997317345402935,0.000972793532377872,-0.0001596110335394542,6.334174496267833e-05,0.0003698114647579054,-0.0005178236137264314,-0.0001051398557207484,3.407319400760771e-05,0.000199604128294921,-2.926849241808608e-05,-0.0001702069960489923,0.000972734329369075,-0.000159670264790117
3,12589.25411794155,0.0,0.06306665513006168,0.352929383739183,0.9706261554591806,-0.1655435150429262,0.9835617622722354,-0.08188094553674613,0.0,0.0,0.07354972882483857,0.4141563853830604,1.0,0.0,48.53443308743455,-8.274199691095697,0.0,0.0,-0.0004509142948365685,0.0002745375076041445,-3.423819412567216e-09,-7.141895714757978e-08,-3.677493796214804e-05,-0.0002070786068479155,0.0,0.0,-3.677486441241929e-05,-0.0002070781926915302,0.0009706899373872525,-0.0001654827791031178,6.824112284634971e-05,0.0003834114967499348,-0.000519222027599131,-0.0001090054572110977,3.670773221466383e-05,0.0002069464519509596,-3.153332756503084e-05,-0.0001764646918695915,0.0009706261554591806,-0.0001655435150429262
3,13081.77474260181,0.0,0.06793487254885536,0.3658406982046296,0.968360416129023,-0.1716029301313035,0.9824411303097698,-0.08487805498350398,0.0,0.0,0.07922297544315704,0.4293149252478425,1.0,0.0,48.42138725510402,-8.57709848125492,0.0,0.0,-0.0004471464930229097,0.0002845845343998343,-3.687391438495968e-09,-7.416152935978922e-08,-3.961156694455394e-05,-0.0002146578919388464,0.0,0.0,-3.961148772157852e-05,-0.0002146574626239213,0.0009684291191627549,-0.000171540725533135,7.350668072868394e-05,0.0003974422407543313,-0.0005207249589007645,-0.0001129933605183986,3.953917651938405e-05,0.0002145215258113182,-3.396743627442768e-05,-0.0001829203491023148,0.000968360416129023,-0.0001716029301313035
3,13593.56390878512,0.0,0.07316505356510464,0.3791528418676149,0.965926212847477,-0.1778508680771149,0.9812371762764919,-0.08796841270335964,0.0,0.0,0.0853180434710108,0.4449449726275749,1.0,0.0,48.29993615173566,-8.88942577401684,0.0,0.0,-0.0004430985452854586,0.0002949439102757356,-3.970471995230907e-09,-7.700540345615908e-08,-4.265910705354866e-05,-0.0002224729312587601,0.0,0.0,-4.26590217355054e-05,-0.0002224724863137875,0.0009660002028344527,-0.0001777872429783617,7.916374654218353e-05,0.0004119091008431999,-0.0005223396368636557,-0.0001171050831931253,4.258114659457793e-05,0.0002223323007565507,-3.658252678255232e-05,-0.0001895764209338075,0.000965926212847477,-0.000177850868077115
3,14125.3754462274,0.0,0.07878193440935968,0.3928697908601368,0.9633120328187759,-0.1842892569044113,0.9799442059569211,-0.091152972494831,0.0,0.0,0.09186376009301878,0.4610513339915268,1.0,0.0,48.16950536222365,-9.211278643739144,0.0,0.0,-0.000438751306587104,0.0003056187960536749,-4.274379357037299e-09,-7.995386990160435e-08,-4.593197191026943e-05,-0.0002305261280470974,0.0,0.0,-4.593188004650939e-05,-0.0002305256669957634,0.0009633917006000995,-0.0001842242732007088,8.523907573620336e-05,0.0004268164787733526,-0.0005240736981630967,-0.0001213418557151624,4.584802974958914e-05,0.0002303811904734933,-3.939096720467984e-05,-0.0001964348954300684,0.0009633120328187759,-0.0001842892569044113
3,14677.99267622055,0.0,0.08481159685783032,0.4069944503636357,0.9605057369756902,-0.1909195292698898,0.9785562153823767,-0.09443244315625568,0.0,0.0,0.09889052062855441,0.4776375746134022,1.0,0.0,48.0294892244358,-9.542729483608893,0.0,0.0,-0.0004340845904571289,0.000316611526988031,-4.600500865414567e-09,-8.301027741067492e-08,-4.944535920479723e-05,-0.0002388192649442757,0.0,0.0,-4.944526031427721e-05,-0.0002388187873067011,0.0009605914997440839,-0.0001908532643742654,9.176087917604989e-05,0.0004421676219475087,-0.0005259351948834201,-0.0001257045780583277,4.935499593553797e-05,0.0002386699897712406,-4.240579842891516e-05,-0.0002034972251818179,0.0009605057369756902,-0.0001909195292698897
3,15252.22956539003,0.0,0.09128148557810722,0.42152850166362,0.9574945519009956,-0.1977425514033433,0.9770668868353314,-0.09780725334014019,0.0,0.0,0.1064303087592391,0.4947058406105076,1.0,0.0,47.87925042613014,-9.883822461586714,0.0,0.0,-0.0004290771555606199,0.0003279234945249287,-4.950293264168148e-09,-8.617802884649099e-08,-5.321526080992805e-05,-0.0002473534150110944,0.0,0.0,-5.321515437961955e-05,-0.0002473529203052538,0.000957586854576105,-0.0001976751002078239,9.875884191209358e-05,0.00045796445814704,-0.0005279325998697182,-0.0001301937724783042,5.311800784155419e-05,0.0002471997857867285,-4.564074278905362e-05,-0.00021076425083181,0.0009574945519009956,-0.0001977425514033433
3,15848.93192461097,0.0,0.09822041522180935,0.436472236687536,0.95426506652009,-0.204758546227653,0.9754695872135695,-0.1012775135287311,0.0,0.0,0.1145167048097679,0.5122566664076142,1.0,0.0,47.71811983991864,-10.2345696860014,0.0,0.0,-0.0004237067001997552,0.0003395550183790119,-5.325282392087555e-09,-8.946057658422296e-08,-5.725846692158865e-05,-0.0002561288454604735,0.0,0.0,-5.725835240488397e-05,-0.0002561283332038072,0.0009543643831305827,-0.0002046900232606886,0.0001062641308600229,0.0004742074167329297,-0.0005300748089189788,-0.0001348095324367193,5.715382502870348e-05,0.000255970861916925,-4.911020761090468e-05,-0.000218236118343768,0.00095426506652009,-0.000204758546227653
3,16468.97865482852,0.0,0.1056585652465337,0.4518243799079019,0.9508032345036277,-0.2119670106036013,0.9737573692185081,-0.1048429751037429,0.0,0.0,0.1231848797311486,0.530288767488443,1.0,0.0,47.54539664312117,-10.5949470780666,0.0,0.0,-0.0004179498663203773,0.0003515052088390869,-5.72706211300689e-09,-9.286141733963507e-08,-6.159256305045387e-05,-0.000265144914032989,0.0,0.0,-6.159243986557428e-05,-0.0002651443837442215,0.0009509100695636233,-0.000211897552397204,0.0001143093892101773,0.0004908952361875828,-0.00053237113918847,-0.0001395514676225673,6.148000092834559e-05,0.0002649825944092521,-5.282928262326686e-05,-0.000225912189953951,0.0009508032345036277,-0.0002119670106036013
3,17113.28304161763,0.0,0.1136274602403464,0.4675818976981079,0.9470943834164958,-0.2193666267403709,0.9719229758802513,-0.1085029865304552,0.0,0.0,0.1324715721915126,0.5487988185370408,1.0,0.0,47.36034877421582,-10.96488995336082,0.0,0.0,-0.0004117822547216043,0.0003637718193651995,-6.157292350650438e-09,-9.63840864752863e-08,-6.623591856732789e-05,-0.0002743999580673389,0.0,0.0,-6.623578609575631e-05,-0.0002743994092685204,0.0009472092732816189,-0.0002192963944208254,0.0001229287151574877,0.0005080247580922697,-0.0005348313231117174,-0.0001444186451040608,6.611487140985418e-05,0.000274233341661318,-5.681373012017321e-05,-0.0002337909488490539,0.0009470943834164958,-0.0002193666267403709
3,17782.79410038904,0.0,0.1221599333150588,0.4837397954819118,0.9431232317456734,-0.226955167930635,0.969958848979525,-0.1122564467347736,0.0,0.0,0.1424150459386428,0.5677812173668862,1.0,0.0,47.16221378239126,-11.34428832020101,0.0,0.0,-0.000405178453386057,0.0003763510897474287,-6.61769608341234e-09,-1.000321518119026e-07,-7.1207665384367e-05,-0.0002838911764646606,0.0,0.0,-7.120752296932142e-05,-0.0002838906086834431,0.0009432467459315425,-0.0002268843500463342,0.0001321576223198769,0.0005255907079092993,-0.0005374654971093129,-0.0001494095267084994,7.107753350241443e-05,0.0002837203264285479,-6.10799666575294e-05,-0.0002418698977409559,0.0009431232317456734,-0.000226955167930635
3,18478.49797422272,0.0,0.1312900699374545,0.5002909033250216,0.9388739150312735,-0.2347293989121851,0.967857141972034,-0.1161017558225971,0.0,0.0,0.1530550243686886,0.5872278353937257,1.0,0.0,46.95020013128564,-11.73298190997749,0.0,0.0,-0.0003981120809384286,0.0003892375803232762,-7.110055142490261e-09,-1.038092069904115e-07,-7.652766523936877e-05,-0.0002936145049246982,0.0,0.0,-7.652751218434429e-05,-0.0002936139176968629,0.0009390066574745789,-0.0002346582145115369,0.0001420329789997177,0.0005435854632704736,-0.0005402841842450101,-0.00015452190283749,7.638781274092031e-05,0.0002934395113170596,-6.564503496872725e-05,-0.0002501454516625108,0.0009388739150312735,-0.0002347293989121851
3,19201.41938638781,0.0,0.1410531293890292,0.5172256509833056,0.9343300224082249,-0.2426849713284688,0.9656097380619042,-0.1200367633751283,0.0,0.0,0.1644325990272346,0.6071277558348623,1.0,0.0,46.72348902214522,-12.13075496302056,0.0,0.0,-0.0003905558474182058,0.0004024239980441324,-7.636204646095902e-09,-1.077188644515183e-07,-8.221646394621632e-05,-0.000303564485045187,0.0,0.0,-8.22162995136173e-05,-0.0003035638779174312,0.0009344726326476939,-0.0002426136732998386,0.0001525929232497449,0.000561998810869409,-0.0005432982699784539,-0.0001597528230244949,8.206621750210083e-05,0.0003033854681521053,-7.05265646945146e-05,-0.0002586128254916528,0.0009343300224082249,-0.0002426849713284688
3,19952.62314968858,0.0,0.1514854408954657,0.5345318338514077,0.9294746449354305,-0.2508163149601547,0.9632082741051944,-0.1240587146525534,0.0,0.0,0.1765901085952395,0.6274670013177857,1.0,0.0,46.48123680509779,-12.53733080353567,0.0,0.0,-0.0003824816346598148,0.0004159010155019294,-8.198025893433217e-09,-1.117647481247535e-07,-8.829523088772857e-05,-0.0003137341281258941,0.0,0.0,-8.829505429761975e-05,-0.0003137335006588928,0.000929627799186987,-0.0002507451936443983,0.0001638767505434522,0.0005808176935195506,-0.000546518970106824,-0.000165098523685403,8.813387861027914e-05,0.0003135512420620128,-7.574272044773284e-05,-0.0002672659169257039,0.0009294746449354306,-0.0002508163149601546
3,20733.21573485933,0.0,0.1626242713605265,0.5521943717508633,0.9242904371389576,-0.2591165256303844,0.9606441710490478,-0.1281641951525495,0.0,0.0,0.189570984787836,0.6482282531582712,1.0,0.0,46.22257804971613,-12.9523662486465,0.0,0.0,-0.0003738605986414179,0.0004296570844239955,-8.79743753550162e-09,-1.159504859477391e-07,-9.478568196490193e-05,-0.0003241147748073887,0.0,0.0,-9.478549239391798e-05,-0.0003241141265791356,0.0009244548492362688,-0.0002590459127146146,0.0001759247707345902,0.0006000259494754744,-0.0005499577899259478,-0.0001705543536589804,9.461247243005566e-05,0.0003239282114056711,-8.131213568026327e-05,-0.0002760971858754316,0.0009242904371389577,-0.0002591165256303844
3,21544.3469003186,0.0,0.1745076615898983,0.5701950630594463,0.9187596932185708,-0.2675772509482034,0.9579086716233092,-0.1323490740995723,0.0,0.0,0.2034195615369709,0.6693905652237028,1.0,0.0,45.94662934718234,-13.37544590964889,0.0,0.0,-0.0003646632962261975,0.0004436782455662369,-9.436384836434854e-09,-1.202797023691823e-07,-0.0001017099841880473,-0.0003346959520024166,0.0,0.0,-0.0001017097807684855,-0.0003346952826118514,0.0009189361153870157,-0.0002675075236469528,0.0001887781309373763,0.0006196040467235832,-0.0005536264736774044,-0.0001761146983071393,0.0001015241256347656,0.0003345059449987969,-8.725383079494917e-05,-0.0002850975315297232,0.0009187596932185708,-0.0002675772509482035
3,22387.21138568315,0.0,0.1871742279167178,0.5885123373120924,0.9128644393547926,-0.2761885753472351,0.954992885995441,-0.1366084475855907,0.0,0.0,0.2181808438593338,0.6909290760299376,1.0,0.0,45.65249391575902,-13.80607645817648,0.0,0.0,-0.0003548598386760027,0.0004579479374341444,-1.011682684000911e-08,-1.247560110256298e-07,-0.0001090906401105115,-0.0003454652289440448,0.0,0.0,-0.0001090904219296669,-0.0003454645380149688,0.0009130536627837597,-0.0002761201608740662,0.000202478600987291,0.0006395288156282337,-0.0005575369433046262,-0.0001817729031454718,0.0001088912998547044,0.0003452720584598502,-9.35871139583589e-05,-0.0002942561686560462,0.0009128644393547926,-0.0002761885753472351
3,23263.05067153601,0.0,0.2006629262610765,0.6071210100937643,0.9065865434975175,-0.2849389061977799,0.9518878460717893,-0.1409365822417532,0.0,0.0,0.2339002329514921,0.7128147235240974,1.0,0.0,45.3392670784709,-14.24368094600031,0.0,0.0,-0.0003444200742319659,0.00047244680678038,-1.084072126227146e-08,-1.293830078221212e-07,-0.0001169503503759787,-0.0003564080745767723,0.0,0.0,-0.0001169501164757461,-0.0003564073617620487,0.0009067893986729262,-0.0002848722865265823,0.0002170683182727707,0.0006597731840656448,-0.0005617012256173837,-0.0001875211981814395,0.0001167366544793066,0.0003562120718977526,-0.0001003314631305382,-0.0003035605050468822,0.0009065865434975175,-0.0002849389061977799
3,24173.15480804078,0.0,0.2150127758918768,0.6259920447873932,0.8999078439073445,-0.2938148631162154,0.9485845690739138,-0.1453268604914524,0.0,0.0,0.250623204329341,0.7350139678712576,1.0,0.0,45.00604267641948,-14.68759328443284,0.0,0.0,-0.0003333138018963844,0.0004871525244191099,-1.161000694414327e-08,-1.341642646900311e-07,-0.0001253118527878747,-0.0003675077189495967,0.0,0.0,-0.0001253116021646705,-0.0003675069839356288,0.0009001252006635129,-0.0002937505800268699,0.0002325894889834769,0.0006803059199813025,-0.0005661313670182189,-0.0001933506243686489,0.0001250828860247627,0.0003673092715955612,-0.0001075063879459384,-0.0003129960223936966,0.0008999078439073445,-0.0002938148631162154
3,25118.86431509553,0.0,0.2302625405329959,0.6450923265217909,0.8928102975469743,-0.3028011729593978,0.9450741309327346,-0.1497717286152033,0.0,0.0,0.2683949362642242,0.7574885284739935,1.0,0.0,44.65192047248064,-15.1370530074592,0.0,0.0,-0.0003215110182037684,0.0005020396104877811,-1.242658371860435e-08,-1.391033243407717e-07,-0.000134197736527048,-0.0003787450217255252,0.0,0.0,-0.0001341974681321121,-0.0003787442642369967,0.0008930430647945646,-0.0003027398333571388,0.0002490840432247774,0.0007010913871521474,-0.0005708393350496443,-0.0001992509638277795,0.0001339525426957388,0.0003785445787989255,-0.0001151312702664979,-0.0003225461632608955,0.0008928102975469743,-0.0003028011729593978
3,26101.57215682508,0.0,0.2464503649884421,0.664384454465714,0.8852761491719787,-0.3118805733646788,0.9413477499205511,-0.1542626490421907,0.0,0.0,0.2872598863890028,0.7801951423874988,1.0,0.0,44.27601458775985,-15.59120046132462,0.0,0.0,-0.0003089821984372243,0.0005170792739174201,-1.329228957692839e-08,-1.442036963806259e-07,-0.0001436302304543871,-0.000390098351388892,0.0,0.0,-0.0001436299431945014,-0.0003900975711937494,0.0008855252742568954,-0.0003118228548563254,0.0002665932420244793,0.0007220893208014694,-0.0005758369062194291,-0.0002052106757315375,0.0001433678130798934,0.000389896429184158,-0.000123225182494221,-0.000332192227232857,0.0008852761491719788,-0.0003118805733646788
3,27122.72579331998,0.0,0.263613366174555,0.6838265594088264,0.8772881216383753,-0.3210337280659403,0.9373968807768657,-0.1587900584662398,0.0,0.0,0.307261315178545,0.8030853522189062,1.0,0.0,43.877462996621,-16.0490725817573,0.0,0.0,-0.0002956986131152917,0.0005322392714808277,-1.420887505860155e-08,-1.494688551981278e-07,-0.0001536309648505877,-0.0004015434791948053,0.0,0.0,-0.0001536306575892725,-0.0004015426761094531,0.0008775545892853598,-0.0003209803847692115,0.0002851572350291893,0.0007432546305738508,-0.000581135539750921,-0.0002112168399962533,0.0001533502883285462,0.0004013406670428782,-0.0001318066830872775,-0.0003419132797044132,0.0008772881216383753,-0.0003210337280659404
3,28183.82931264423,0.0,0.2817871783586108,0.7033721543247747,0.8688296275202563,-0.330239157567192,0.9332133193741262,-0.1633433335576376,0.0,0.0,0.3284407560710925,0.8261053324786715,1.0,0.0,43.45543808494124,-16.50959943752525,0.0,0.0,-0.0002816326799215396,0.0005474837923734599,-1.517797484105175e-08,-1.549022400793331e-07,-0.000164220706476302,-0.0004130534923446681,0.0,0.0,-0.0001642203780355462,-0.0004130526662393357,0.0008691144583147139,-0.000330191026121593,0.0003048145686734874,0.0007645372391935312,-0.0005867462371895726,-0.000217255111157999,0.0001639206977070035,0.0004128504586589898,-0.0001408935891793054,-0.0003516860771623874,0.0008688296275202562,-0.000330239157567192
3,29286.44564625204,0.0,0.3010054535261936,0.7229700262850098,0.8598850016080555,-0.339473189068654,0.928789317710997,-0.1679107661972289,0.0,0.0,0.3508374333056805,0.8491957641365773,1.0,0.0,43.00915825016618,-16.97160173466187,0.0,0.0,-0.000266758350363272,0.0005627733748104768,-1.620107656891538e-08,-1.605072580456177e-07,-0.0001754190674902737,-0.0004245987312640528,0.0,0.0,-0.0001754187166528403,-0.0004245978820682887,0.000860189249970574,-0.0003394311948080249,0.0003256016458197371,0.0007858819658579094,-0.0005926793881614323,-0.0002233096850109417,0.0001750986180511868,0.0004243962297453781,-0.0001505027267630968,-0.0003614850131425049,0.0008598850016080555,-0.000339473189068654
3,30432.19887107688,0.0,0.3212993191407665,0.7425641786360611,0.8504397532340288,-0.3487099297934996,0.9241177087121432,-0.172479550284471,0.0,0.0,0.3744876301134088,0.8722917677690046,1.0,0.0,42.53790049060625,-17.43378948833043,0.0,0.0,-0.0002510515293967508,0.000578064861529004,-1.727948703860173e-08,-1.662872899404552e-07,-0.0001872441895443337,-0.0004361467561762701,0.0,0.0,-0.0001872438150567044,-0.0004361458838845024,0.0008507645048443312,-0.0003486750930313659,0.0003475521393166957,0.0008072284640064051,-0.0005989446029777135,-0.0002293632807667256,0.0001869021584469933,0.000435945632124196,-0.0001606496595703832,-0.0003712820893180305,0.0008504397532340288,-0.0003487099297934996
3,31622.77660168344,0.0,0.3426967971141989,0.762093832712738,0.8404808366475458,-0.3579212680308506,0.9191920399554186,-0.1770357822539324,0.0,0.0,0.3994240117129237,0.8953229061033421,1.0,0.0,42.04101389529332,-17.89476207765075,0.0,0.0,-0.0002344905250755147,0.000593311401379859,-1.841429594221724e-08,-1.722457003129819e-07,-0.0001997124052804737,-0.0004476623483745772,0.0,0.0,-0.0001997120058564619,-0.0004476614530516711,0.0008408272052784852,-0.000357894710400406,0.0003706963636074873,0.0008285112234940212,-0.000605550533262722,-0.000235397141592153,0.000199347622353591,0.0004474635450438197,-0.0001713483985570994,-0.000381046916356369,0.0008404808366475458,-0.0003579212680308506
3,32859.93247600617,0.0,0.3652221895617556,0.7814934984752291,0.8299969368462727,-0.3670769062643899,0.9140067150435124,-0.1815644774613189,0.0,0.0,0.425674909605207,0.9182132669000386,1.0,0.0,41.51793390497743,-18.3530099014947,0.0,0.0,-0.0002170565239034694,0.0006084625042702685,-1.960633747456585e-08,-1.783858516533865e-07,-0.0002128378804775133,-0.0004591075516632861,0.0,0.0,-0.0002128374548026035,-0.0004591066334500193,0.0008303660605741053,-0.0003670598570455165,0.0003950606104152732,0.0008496596473238721,-0.0006125046823339808,-0.0002413910564256216,0.0002124491504122066,0.0004589121165927593,-0.0001826110947808778,-0.0003907467492376145,0.0008299969368462727,-0.0003670769062643899
3,34145.48873833563,0.0,0.3888954388382844,0.8006931232663439,0.8189787673741907,-0.3761444306667349,0.9085571408943738,-0.1860496045559824,0.0,0.0,0.4532635759039527,0.9408816368893856,1.0,0.0,40.9681971701827,-18.80691784880554,0.0,0.0,-0.0001987340860827302,0.0006234641565757704,-2.085615021619703e-08,-1.847111235248433e-07,-0.000226632241215552,-0.0004704417593263297,0.0,0.0,-0.0002266317879519764,-0.0004704408184446929,0.0008193718041389492,-0.0003761382330232409,0.0004206664566151576,0.0008705982128856062,-0.0006198132076340457,-0.0002473234059127138,0.0002262183483005769,0.000470250850559311,-0.0001944477194191422,-0.000400346561633172,0.0008189787673741907,-0.0003761444306667349
3,35481.33892335714,0.0,0.4137314713968684,0.819618327324082,0.8074193756459346,-0.3850894209786371,0.902839878754133,-0.1904741398277348,0.0,0.0,0.4822074188202787,0.9632417768264068,1.0,0.0,40.3914567847692,-19.25477078397011,0.0,0.0,-0.0001795116532918861,0.0006382590037075087,-2.216393582159137e-08,-1.912249371051508e-07,-0.0002411041916175576,-0.0004816218516549804,0.0,0.0,-0.0002411037094101394,-0.0004816208884132034,0.0008078374981453727,-0.0003850955380202342,0.0004475300546122029,0.0008912467270398406,-0.0006274807181747555,-0.0002531712351218074,0.0002406639051822976,0.0004814367437594723,-0.0002068657356984342,-0.000409809163662041,0.0008074193756459346,-0.0003850894209786371
3,36869.45064519533,0.0,0.4397395371106497,0.8381907336969305,0.7953144503798563,-0.3938756043323747,0.896852796252994,-0.1948201432884296,0.0,0.0,0.5125172328670979,0.9852028065761517,1.0,0.0,39.78749762469848,-19.69476122483749,0.0,0.0,-0.0001593820599565809,0.0006527866057504106,-2.352951716073506e-08,-1.979307855951709e-07,-0.0002562591289507818,-0.0004926023884908826,0.0,0.0,-0.000256258616433549,-0.0004926014032880758,0.0007957588402922168,-0.0003938956249082677,0.0004756614178161222,0.0009115206833203793,-0.0006355100705786043,-0.0002589103554072603,0.0002557912095212603,0.0004924244782811803,-0.0002198697685553249,-0.0004190953668484653,0.0007953144503798563,-0.0003938756043323747
3,38311.86849557243,0.0,0.4669225577671625,0.8563283987477135,0.7826626247595174,-0.4024650558985235,0.8905952173484035,-0.1990688579123512,0.0,0.0,0.5441964397589198,1.006669707438579,1.0,0.0,39.15625147366733,-20.12499935704113,0.0,0.0,-0.0001383430374342076,0.00066698377096297,-2.495229667960848e-08,-2.048322708679307e-07,-0.0002720987640758999,-0.0005033358603889965,0.0,0.0,-0.0002720982198794599,-0.0005033348537192894,0.0007831344663042411,-0.0004025007000233184,0.0005050637160406359,0.000931331727945179,-0.000643902167953625,-0.0002645154773237568,0.0002716019702344966,0.0005031666722429235,-0.0002334612788835813,-0.0004281641993738568,0.0007826626247595174,-0.0004024650558985236
3,39810.71705534926,0.0,0.4952765003779982,0.8739463474653573,0.7694657680434416,-0.4108184483201719,0.8840680665547395,-0.2032008330068368,0.0,0.0,0.5772403582361396,1.027543946630792,1.0,0.0,38.49781157237707,-20.54352548262313,0.0,0.0,-0.0001163976989777549,0.0006807849704009161,-2.643121585446626e-08,-2.119331466200081e-07,-0.0002886207563584275,-0.0005137730008593426,0.0,0.0,-0.0002886201791180698,-0.0005137719733153959,0.0007699662409047679,-0.0004108715721286318,0.0005357325977467459,0.0009505882392002085,-0.0006526557664285892,-0.0002699603758999913,0.0002880938522812467,0.0005136141915211824,-0.0002476382501889991,-0.0004369731737326786,0.0007694657680434416,-0.000410818448320172
3,41368.20402388459,0.0,0.524789792624692,0.8909572153243234,0.7557292575620542,-0.418895350744652,0.8772740034725199,-0.2071960721137949,0.0,0.0,0.6116355229981814,1.047724225954882,1.0,0.0,37.81244618924345,-20.94832494338337,0.0,0.0,-9.355499209573459e-05,0.0006941228350145767,-2.796471670933236e-08,-2.192373681451064e-07,-0.0003058183731346138,-0.0005238631607016668,0.0,0.0,-0.0003058177614990907,-0.0005238621129774409,0.0007562595292179878,-0.000418967950870178,0.0005676555578641084,0.0009691960220784248,-0.0006617672946991338,-0.0002752180888028199,0.0003052601367619703,0.0005237165234590478,-0.000262394896312346,-0.0004454786076621617,0.0007557292575620543,-0.000418895350744652
3,42986.62347082227,0.0,0.5554427990523154,0.9072719954586399,0.741462222440056,-0.4266545768794133,0.8702175433330412,-0.2110342051585291,0.0,0.0,0.6473590744339495,1.067107353215542,1.0,0.0,37.10061078038232,-21.33734549035095,0.0,0.0,-6.983010388217359e-05,0.000706928734268697,-2.955070643821489e-08,-2.26749148679733e-07,-0.0003236801845760487,-0.0005335547437151243,0.0,0.0,-0.0003236795372169747,-0.0005335536766077711,0.0007420234399580053,-0.0004267487941524803,0.0006008113713206182,0.0009870591168408267,-0.0006712306923224443,-0.0002802611470191785,0.0003230894163516618,0.0005334222118395114,-0.0002777213995261577,-0.00045363599772932,0.000741462222440056,-0.0004266545768794133
3,44668.35921509578,0.0,0.5872073773889843,0.9228008865059583,0.7266777500256287,-0.4340545799109969,0.8629051590978591,-0.214694683777023,0.0,0.0,0.684378241731499,1.085589230976227,1.0,0.0,36.36295828890162,-21.70851699156209,0.0,0.0,-4.524480434597855e-05,0.0007191334326814847,-3.118652621536199e-08,-2.344730220757249e-07,-0.0003421898052439912,-0.0005427957010773445,0.0,0.0,-0.0003421891208657495,-0.0005427946154881136,0.0007272710314056324,-0.0004341727022785938,0.0006351696132396412,0.001004080716476731,-0.000681037272759033,-0.0002850618366097013,0.0003415653373377716,0.0005426793504228657,-0.0002936036886944921,-0.0004614004432529791,0.0007266777500256287,-0.000434054579910997
3,46415.88833612725,0.0,0.6200465344802133,0.9374542327188882,0.7113930459563678,-0.4410538903770995,0.8553453606270426,-0.2181569978877972,0.0,0.0,0.7226499420778789,1.103065952863307,1.0,0.0,35.60034713096078,-22.05977328306656,0.0,0.0,-1.982771262754035e-05,0.0007306678177916304,-3.286892528078255e-08,-2.424139113392859e-07,-0.0003613256936888814,-0.0005515340794976061,0.0,0.0,-0.0003613249710389395,-0.0005515329764316534,0.000712019471122539,-0.0004411983549528462,0.0006706902868840695,0.00102016418397569,-0.000691175617156814,-0.0002895924889556589,0.000360666399597429,0.0005514361301620133,-0.0003100232672401067,-0.0004687271163594441,0.0007113930459563678,-0.0004410538903770995
3,48231.7848223925,0.0,0.6539142006644847,0.9511435439673468,0.6956295391000877,-0.4476115912325323,0.8475487465826097,-0.2214009106598556,0.0,0.0,0.7621205178881985,1.119434992997418,1.0,0.0,34.81384643143799,-22.38907587582305,0.0,0.0,6.385528446228861e-06,0.0007414636899674143,-3.459404134749187e-08,-2.505772023488743e-07,-0.0003810610210646167,-0.000559718615933702,0.0,0.0,-0.0003810602589440992,-0.0005597174964987092,0.0006962901406599572,-0.0004477849853998065,0.0007073235797098429,0.001035214156025845,-0.0007016315047092547,-0.000293825795664393,0.0003803658254633999,0.0005596414328986277,-0.0003269571003322424,-0.0004755717719836734,0.0006956295391000877,-0.0004476115912325323
3,50118.72336272663,0.0,0.6887551398906648,0.963782579235857,0.6794129233187531,-0.4536878224791373,0.8395280250847513,-0.2244067081029586,0.0,0.0,0.8027256322249294,1.134596469447021,1.0,0.0,34.0047381074753,-22.69443913780625,0.0,0.0,3.335218286815156e-05,0.0007514546013711598,-3.635738828635298e-08,-2.589688218342744e-07,-0.0004013636188380972,-0.0005672993693199799,0.0,0.0,-0.0004013628161124647,-0.0005672982347235107,0.0006801086772276846,-0.0004538928839862677,0.0007450097662413511,0.001049137715405784,-0.0007123878849175647,-0.0002977351430804021,0.0004006315075408789,0.0005672454620052762,-0.0003443775699453325,-0.0004818912896179285,0.0006794129233187532,-0.0004536878224791373
3,52079.48328595401,0.0,0.7245050104375528,0.9752884733541736,0.6627731291393733,-0.4592443059307832,0.8312979997001223,-0.227155458616722,0.0,0.0,0.8443903397250234,1.148454458094695,1.0,0.0,33.17451545483003,-22.97395648089383,0.0,0.0,6.102246851913407e-05,0.0007605767284029064,-3.815385190095634e-08,-2.675953184782185e-07,-0.0004221960142528508,-0.0005742283775018056,0.0,0.0,-0.0004221951698625117,-0.0005742272290473476,0.0006635049454222583,-0.0004594839219380214,0.0007836792738418514,0.001061845610156126,-0.000723424896343694,-0.0003012949601419734,0.0004214260441180646,0.0005742003981905657,-0.0003622525052187764,-0.0004876442366770868,0.0006627731291393733,-0.0004592443059307832
3,54116.95265464572,0.0,0.761090587740342,0.9855828832117888,0.6457442199773352,-0.4642448790614034,0.8228755181138586,-0.2296292770322129,0.0,0.0,0.8870293464421546,1.160918329242461,1.0,0.0,32.32487796987556,-23.22582700111642,0.0,0.0,8.933972969749071e-05,0.0007687697592351217,-3.997769440870024e-08,-2.764639458026705e-07,-0.0004435155602504241,-0.0005804603255395596,0.0,0.0,-0.0004435146732210773,-0.0005804591646212307,0.0006465129336713923,-0.0004645220841235719,0.0008232529238227181,0.001073253493844703,-0.0007347199354166278,-0.0003044810722543367,0.0004427068688619596,0.0005804610666559255,-0.000380545293870171,-0.0004927914416058944,0.0006457442199773352,-0.0004642448790614034
3,56234.13251903423,0.0,0.79843015661529,0.9945931268288555,0.6283642095184678,-0.4686560255446718,0.8142793818067945,-0.2318115870172793,0.0,0.0,0.9305474671017251,1.17190407592869,1.0,0.0,31.45772223792686,-23.44838195402884,0.0,0.0,0.0001182407407631647,0.000775977775839598,-4.182256799834552e-08,-2.855827453378546e-07,-0.0004652746640983298,-0.0005859532098684207,0.0,0.0,-0.0004652737335508626,-0.0005859520379643449,0.0006291705720083345,-0.0004689739985404932,0.0008636423557782659,0.001083283158126459,-0.0007462477775304066,-0.0003072710529588019,0.0004644264790404646,0.0005859856001189044,-0.0003992150783076451,-0.0004972965634144278,0.0006283642095184679,-0.0004686560255446718
3,58434.14133735106,0.0,0.8364340752236885,1.002253286612549,0.6106747991698205,-0.4724473891429207,0.805530216198756,-0.2336873752464776,0.0,0.0,0.9748402824978082,1.181335600547952,1.0,0.0,30.57512883350467,-23.64011039951247,0.0,0.0,0.0001476561426931866,0.0007821501083145055,-4.368153754578885e-08,-2.949606284561436e-07,-0.0004874211160891865,-0.0005906689816095765,0.0,0.0,-0.0004874201412489041,-0.0005906678002739761,0.0006115194700884662,-0.0004728094491912153,0.0009047506376789146,0.001091863726588975,-0.0007579807511639558,-0.0003096445645436319,0.0004865327636329949,0.0005907360810294147,-0.0004182170376118443,-0.0005011266433062743,0.0006106747991698205,-0.0004724473891429207
3,60720.21956909812,0.0,0.8750055076133572,1.008505247117363,0.5927210370501087,-0.475592257132643,0.7966503019854673,-0.2352434305038838,0.0,0.0,1.019794993348926,1.189145925187642,1.0,0.0,29.6793453059273,-23.79968332685647,0.0,0.0,0.0001775110101209787,0.0007872421385382022,-4.554711224916812e-08,-3.046074551964084e-07,-0.0005098985164694566,-0.0005945741517397458,0.0,0.0,-0.000509897496674463,-0.0005945729625938209,0.0005936045769158611,-0.0004760018585657925,0.0009464730583036417,0.001098932777781627,-0.0007698889640459505,-0.0003115836784386428,0.0005089694294914557,0.000594679145717699,-0.0004375027538066786,-0.0005042526235586815,0.0005927210370501087,-0.000475592257132643
3,63095.73444801856,0.0,0.914041315860747,1.013299637803588,0.5745509026969312,-0.4780679995357213,0.7876633697350516,-0.2364685609275215,0.0,0.0,1.065291460153334,1.195278291300022,1.0,0.0,28.77276545863852,-23.92597557504678,0.0,0.0,0.0002077255418964086,0.0007912160303209514,-4.741128560552085e-08,-3.145341084163455e-07,-0.0005326467953681273,-0.0005976403409283024,0.0,0.0,-0.000532645730076667,-0.0005976391456500111,0.0005754737664477876,-0.0004785287260308379,0.000988698092303354,0.001104437365516435,-0.0007819405785904898,-0.000313073166278599,0.0005316765203316654,0.0005977865333150028,-0.0004570206579303735,-0.0005066498189017941,0.0005745509026969313,-0.0004780679995357213
3,65564.18494179708,0.0,0.95343309699494,1.016596652741061,0.5562148243865407,-0.4798564511016938,0.778594361154772,-0.237353782938581,0.0,0.0,1.111203411777179,1.199687116021429,1.0,0.0,27.85790526632324,-24.01808489692848,0.0,0.0,0.0002382158637066478,0.0007940413643403588,-4.92655828104059e-08,-3.247525616956925e-07,-0.0005556028170920015,-0.0005998447576978305,0.0,0.0,-0.0005556017058885896,-0.0005998435580107145,0.0005571773559578918,-0.0004803720090985059,0.001031308521868406,0.00110833490610013,-0.0007941021320336805,-0.0003141007529803286,0.0005545910199378397,0.0006000355631329469,-0.00047671654849747,-0.0005082983263705303,0.0005562148243865407,-0.0004798564511016938
3,68129.20690579529,0.0,0.9930683443276909,1.018366721950323,0.5377651385481039,-0.4809442242638768,0.7694691617177657,-0.2378924760304499,0.0,0.0,1.157399799033357,1.202338775649124,1.0,0.0,26.93737590289479,-24.07534757964689,0.0,0.0,0.0002688949269888941,0.0007956956582761965,-5.110111433708035e-08,-3.352759395730947e-07,-0.0005787010569164771,-0.0006011705901633374,0.0,0.0,-0.0005786998995166784,-0.0006011693878245619,0.0005387675666193203,-0.0004815184358241431,0.001074182692963113,0.001110593905125914,-0.0008063388949752781,-0.0003146573240166983,0.000577647527730923,0.0006014095257840307,-0.0004965341721638454,-0.0005091833609751617,0.0005377651385481039,-0.0004809442242638768
3,70794.57843841292,0.0,1.032831707857068,1.018591013041676,0.5192555030610209,-0.4813229431389908,0.7603143104803769,-0.2380804985060203,0.0,0.0,1.203746263733156,1.203212191410664,1.0,0.0,26.0138544685234,-24.09735012591723,0.0,0.0,0.0002996734845279736,0.0007961647556291584,-5.290863416112736e-08,-3.461185689297732e-07,-0.0006018743356128415,-0.0006016072989175234,0.0,0.0,-0.000601873131866578,-0.0006016060957053321,0.0005202979380706608,-0.0004819597384240458,0.001117195878729282,0.0011111945007455,-0.0008186152605091923,-0.0003147370803022742,0.0006007789919690401,0.0006018979756336488,-0.000516415853928534,-0.0005092955065208382,0.0005192555030610208,-0.0004813229431389909
3,73564.22544596322,0.0,1.072606324351896,1.017261746851113,0.500740278113473,-0.4809893909847955,0.7511566938552936,-0.2379162604114994,0.0,0.0,1.250106688961413,1.202299198531977,1.0,0.0,25.0900530981532,-24.08393661766627,0.0,0.0,0.0003304611199936858,0.0007954430706078597,-5.467860085680852e-08,-3.572960206251854e-07,-0.0006250545945873954,-0.0006011508015651868,0.0,0.0,-0.0006250533444807065,-0.0006011495992659883,0.0005018227106130557,-0.0004816928005445198,0.001160221718269228,0.001110128805791589,-0.0008308951548661181,-0.0003143376356569139,0.000623917483486956,0.0006014969151042858,-0.000536303162175948,-0.0005086308734255564,0.000500740278113473,-0.0004809893909847955
3,76442.22742525907,0.0,1.112275184810623,1.014382316650227,0.482273889656207,-0.4799455662658375,0.7420232307762827,-0.2374007512679709,0.0,0.0,1.296344792930904,1.199604686460088,1.0,0.0,24.16868720160279,-24.03521152007743,0.0,0.0,0.0003611673064130017,0.0007935336810254157,-5.640123961725334e-08,-3.688251408304149e-07,-0.0006481736928102445,-0.0005998035428347306,0.0,0.0,-0.000648172396465452,-0.0005998023432300441,0.0004833961900397261,-0.0004807197133430937,0.001203133695867605,0.001107401037478586,-0.0008431424595987114,-0.0003134600536280896,0.0006469949911871084,0.0006002088647711563,-0.0005561375924053114,-0.0005071911583251134,0.0004822738896562071,-0.0004799455662658375
3,79432.82347242715,0.0,1.151722505406028,1.009967206931639,0.4639101912218572,-0.4781986454672659,0.7329405570544947,-0.2365375216807369,0.0,0.0,1.342325726928104,1.195146505582858,1.0,0.0,23.25244362208026,-23.9515378332458,0.0,0.0,0.0003917024673547598,0.0007904482660994194,-5.806660315246779e-08,-3.807240718771532e-07,-0.0006711642057897791,-0.0005975744479379349,0.0,0.0,-0.0006711628634640521,-0.0005975732527914292,0.0004650721108338451,-0.0004790477385260925,0.001245806624000159,0.00110302743035791,-0.0008553214348410165,-0.0003121088224429247,0.0006699442195746394,0.000598042816924884,-0.000575861252703014,-0.0005049836034658193,0.0004639101912218572,-0.0004781986454672659
3,82540.4185268008,0.0,1.190835067877706,1.00404171440739,0.4457018399495847,-0.4757608538849336,0.7239347167606667,-0.2353326194339141,0.0,0.0,1.387917637688466,1.188955143520833,1.0,0.0,22.34394950340966,-23.83353065273266,0.0,0.0,0.0004219790144825986,0.0007862068912070086,-5.96646294028457e-08,-3.930122628246843e-07,-0.0006939602067618704,-0.0005944787607155599,0.0,0.0,-0.0006939588188442329,-0.0005944775717604166,0.0004469030135400015,-0.000476689179568321,0.001288118093315972,0.001097035935381532,-0.0008673971331416563,-0.0003102917688950768,0.0006926993685420508,0.000595014074136123,-0.000595417533938853,-0.0005020208572036949,0.0004457018399495847,-0.0004757608538849336
3,85769.58985908833,0.0,1.229503496627383,0.996641480353858,0.427699702052952,-0.4726492486432052,0.7150308681698746,-0.2337944821730361,0.0,0.0,1.432993156046337,1.18107318163625,1.0,0.0,21.44574262623683,-23.68204635114854,0.0,0.0,0.0004519123361348409,0.0007808376466635902,-6.118519407189162e-08,-4.05710470324012e-07,-0.0007164980110163248,-0.0005905377718913068,0.0,0.0,-0.0007164965780231687,-0.000590536590818125,0.0004289396515139568,-0.0004736611653572517,0.001329949854178436,0.001089465714953438,-0.0008793357937562085,-0.0003080199139977591,0.0007151968763612478,0.0005911439781350293,-0.0006147517483136915,-0.000498320740176929,0.000427699702052952,-0.0004726492486432052
3,89125.09381337342,0.0,1.267623442424397,0.9878118494526827,0.4099523017345181,-0.4688854209916449,0.7062530111949388,-0.231933790163163,0.0,0.0,1.477430776795648,1.171554549414603,1.0,0.0,20.56024391189242,-23.49816773258191,0.0,0.0,0.0004814217136441812,0.0007743761522462922,-6.26181561253966e-08,-4.188407507077023e-07,-0.0007387168658286006,-0.0005857784462618508,0.0,0.0,-0.0007387153883978241,-0.0005857772747073015,0.0004112304410236306,-0.0004699853532977605,0.001371189097219004,0.001080366450355449,-0.0008911052081095328,-0.0003053072750676122,0.0007373761083833631,0.0005864595378172587,-0.0006338117212121985,-0.0004939059247263414,0.0004099523017345181,-0.0004688854209916449
3,92611.87281287817,0.0,1.305096646471919,0.9776070755092909,0.39250532576201,-0.4644951273666724,0.69762374234993,-0.2297632838143074,0.0,0.0,1.521116099176014,1.160463600471024,1.0,0.0,19.68973270334875,-23.28318563317876,0.0,0.0,0.0005104311450820909,0.0007668649432397423,-6.395339461565437e-08,-4.324264445385906e-07,-0.0007605595707041062,-0.0005802329606991124,0.0,0.0,-0.0007605580495880072,-0.000580231800235512,0.0003938209668895254,-0.0004656875613431038,0.00141172960451458,0.001069797483592726,-0.0009026750483297485,-0.0003021706205432739,0.000759179976181975,0.0005809929682310053,-0.0006525483232359595,-0.0004888035377546455,0.0003925053257620101,-0.0004644951273666724
3,96235.06263980764,0.0,1.341831863379533,0.9660893986338493,0.3754011936892404,-0.4595078606604638,0.6891640421814321,-0.2272975516335141,0.0,0.0,1.563942902986943,1.147874038831915,1.0,0.0,18.83632532136045,-23.03857753877804,0.0,0.0,0.0005388700598265572,0.0007583527570318438,-6.51808354545512e-08,-4.464921550964177e-07,-0.0007819730154363743,-0.0005739381672899967,0.0,0.0,-0.0007819714514934714,-0.0005739370194159576,0.0003767535536259431,-0.0004607973403697465,0.001451472748185846,0.001057826820250506,-0.0009140171522230567,-0.0002986291851185818,0.0007805554746642173,0.0005747811548441831,-0.0006709159316897664,-0.0004830446993169247,0.0003754011936892404,-0.0004595078606604638
3,99999.9999999987,0.0,1.377745627046878,0.953328021474192,0.3586787011643265,-0.4539563745377009,0.6808930988486424,-0.2245527949545406,0.0,0.0,1.605814041694338,1.133867727643551,1.0,0.0,18.00195726711879,-22.76598386027688,0.0,0.0,0.0005666739115733899,0.0007488937416169072,-6.62904670620487e-08,-4.610637224586008e-07,-0.0008029086266612106,-0.000566934997689503,0.0,0.0,-0.000802907020847169,-0.0005669338638217753,0.0003600669095092748,-0.0004553474997089628,0.001490328319118266,0.001044530023203423,-0.0009251057597573498,-0.0002947043537129268,0.0008014541278491998,0.0005678650591383062,-0.0006888728135234392,-0.000476664010737096,0.0003586787011643265,-0.0004539563745377009
3,103912.2303835156,0.0,1.412762849271908,0.9393980138099081,0.3423727410642574,-0.4478761744411033,0.6728281701962238,-0.2215465761919283,0.0,0.0,1.646642140662872,1.118533414463335,1.0,0.0,17.1883693078622,-22.46718254733039,0.0,0.0,0.0005937846419126203,0.0007385466086766712,-6.727234413845825e-08,-4.761681949352754e-07,-0.0008233227169735761,-0.000559267825765082,0.0,0.0,-0.0008233210703314358,-0.0005592667072316674,0.0003437958483019988,-0.0004493735994467202,0.001528215174790499,0.001029989028878731,-0.0009359176979067962,-0.000290419323329516,0.0008218323373916966,0.0005602890825757636,-0.0007063814246359541,-0.0004696990069049541,0.0003423727410642573,-0.0004478761744411033
3,107977.5162327696,0.0,1.446817246741978,0.9243791752497256,0.3265141044747611,-0.4413049891281708,0.6649844853184842,-0.2182975574659133,0.0,0.0,1.686350095458753,1.10196540779395,1.0,0.0,16.39709754617001,-22.14406273104486,0.0,0.0,0.0006201510111065733,0.0007273737542798919,-6.811657913191822e-08,-4.918337996488734e-07,-0.0008431767340794719,-0.0005509838058623829,0.0,0.0,-0.0008431750477293766,-0.000550982703896975,0.0003279710906468419,-0.0004429134233044222,0.001565061701516494,0.001014290918243023,-0.0009464325125213557,-0.000285798751974653,0.0008416516313282592,0.0005521004062389853,-0.0007234086233709889,-0.0004621895876248628,0.0003265141044747611,-0.0004413049891281709
3,112201.8454301949,0.0,1.479851597654005,0.9083548849966783,0.3111293609337186,-0.4342822362196793,0.6573751853271359,-0.2148252362656369,0.0,0.0,1.724871371679374,1.08426223861442,1.0,0.0,15.6294674439087,-21.79859806826806,0.0,0.0,0.0006457287970424996,0.000715440369595477,-6.881332127971497e-08,-5.080899140097406e-07,-0.0008624374107110586,-0.0005421322035694484,0.0,0.0,-0.0008624356858396872,-0.0005421311193072098,0.0003126191445505098,-0.0004360064455520077,0.001600806092451588,0.000997526673840991,-0.0009566325475979243,-0.0002808684035888742,0.0008608788137729876,0.000543348322987767,-0.0007399257988270023,-0.0004541774424983391,0.0003111293609337186,-0.0004342822362196793
3,116591.4401179817,0.0,1.511817834290141,0.891410965799193,0.2962408149919371,-0.4268484943812257,0.6500113018654573,-0.2111496843931349,0.0,0.0,1.762150113686698,1.065525338510665,1.0,0.0,14.88659165382917,-21.43282041720984,0.0,0.0,0.0006704808672497453,0.0007028135626230281,-6.935272337903914e-08,-5.249670397395633e-07,-0.0008810768189934625,-0.0005327637347806714,0.0,0.0,-0.0008810750568433491,-0.0005327626692553327,0.0002977622620170865,-0.0004286933045475227,0.001635396448207839,0.0009797899522177912,-0.0009665029739185371,-0.0002756547973594703,0.0008794860192449344,0.0005340835779072286,-0.0007559089171450704,-0.0004457054828995965,0.0002962408149919371,-0.0004268484943812257
3,121152.7658628573,0.0,1.542676982251864,0.8736345864818764,0.2818665341083003,-0.4190449934912495,0.6429017709042717,-0.207291295803498,0.0,0.0,1.798141074721249,1.045857762833422,1.0,0.0,14.1693714101913,-21.04879441086904,0.0,0.0,0.0006943771322738268,0.0006895615098174712,-6.972489667807152e-08,-5.424967809447008e-07,-0.000899072335501699,-0.0005229299272744736,0.0,0.0,-0.0008990705373606244,-0.0005229288814167109,0.0002834184668588367,-0.0004210152942321998,0.001668790711657398,0.0009611758981100039,-0.0009760317703498833,-0.0002701848689394826,0.0008974506778544842,0.0005243577312344791,-0.000771338491125932,-0.0004368172932409382,0.0002818665341083003,-0.0004190449934912495
3,125892.5411794151,0.0,1.572398960593314,0.8551132240681775,0.2680204412495651,-0.4109131325752296,0.6360534785406817,-0.2032705481782301,0.0,0.0,1.832809384996869,1.025362983370863,1.0,0.0,13.47850114762898,-20.64859341622403,0.0,0.0,0.0007173943914305925,0.0006757526538641034,-6.991985446413253e-08,-5.607118275549372e-07,-0.000916406525307819,-0.0005126825170484149,0.0,0.0,-0.0009164046924984345,-0.0005126814916854315,0.0002696016470689676,-0.0004130138833397716,0.00170095645232957,0.0009417800231327146,-0.000985209662203168,-0.0002644856500695347,0.000914755399633952,0.0005142225559854019,-0.0007861994802966572,-0.0004275566120340887,0.0002680204412495651,-0.0004109131325752296
3,130817.7474260177,0.0,1.600962259724325,0.8359337027004369,0.2547124643411781,-0.4024940335142068,0.6294713349151643,-0.1991077821926305,0.0,0.0,1.866130177440975,1.004143770587453,1.0,0.0,12.81447595640455,-20.23427727875682,0.0,0.0,0.0007395160839921422,0.0006614549609320619,-6.99274450578499e-08,-5.796459452327115e-07,-0.0009330669548506647,-0.0005020728894374974,0.0,0.0,-0.0009330650887204873,-0.0005020718852937268,0.0002563217039196606,-0.0004047302703110737,0.001731870518651545,0.0009216971675730527,-0.0009940300218703735,-0.0002585839719038141,0.000931387787827123,0.0005037294802891317,-0.0008004811298621624,-0.0004179668513502184,0.0002547124643411781,-0.0004024940335142068
3,135935.6390878508,0.0,1.628353515663965,0.8161813225574572,0.2419487339192844,-0.3938281366717162,0.6231583719688205,-0.1948230015160553,0.0,0.0,1.898088092738639,0.9823011808129928,1.0,0.0,12.17760144247551,-19.80787215887635,0.0,0.0,0.0007607319601997675,0.0006467352476107191,-6.973727500029482e-08,-5.993339726370312e-07,-0.0009490459444574118,-0.0004911515727076773,0.0,0.0,-0.0009490440463693193,-0.0004911505904064964,0.0002435847491542087,-0.0003962049800449926,0.001761518578132986,0.0009010205595683673,-0.001002488737459228,-0.0002525061961264896,0.0009473401919474881,0.0004929290821083162,-0.0008141767578319827,-0.0004080906612787286,0.0002419487339192844,-0.0003938281366717162
3,141253.7544622736,0.0,1.654567000058546,0.7959390879717493,0.2297318199462083,-0.3849548427226622,0.6171158605707392,-0.1904356956636932,0.0,0.0,1.928676686310074,0.959933659107141,1.0,0.0,11.56800554144249,-19.37135267397832,0.0,0.0,0.0007810376871180136,0.0006316585846638523,-6.933862324589498e-08,-6.198118267066126e-07,-0.0009643402718317233,-0.0004799677894872296,0.0,0.0,-0.000964338343155037,-0.0004799668295535705,0.0002313933412550261,-0.0003874775067603196,0.001789894566495932,0.0008798409816231431,-0.001010584055437191,-0.0002462779766898571,0.00096260941189966,0.0004818706416981805,-0.0008272835000292729,-0.0003979695439858747,0.0002297318199462083,-0.0003849548427226622
3,146779.926762205,0.0,1.679604045416612,0.7752870401343338,0.2180609987334462,-0.3759122031925082,0.6113434425363875,-0.1859646869404915,0.0,0.0,1.957897759896716,0.937136264079804,1.0,0.0,10.98565183453685,-18.9266264713105,0.0,0.0,0.0008004344044003631,0.0006162877817631474,-6.872034715260006e-08,-6.411165164190472e-07,-0.0009789508378461177,-0.000468569069176166,0.0,0.0,-0.0009789488799483578,-0.000468568132039902,0.0002197467517510899,-0.0003785860054717956,0.001817000066793672,0.0008582460502932416,-0.001018316403276098,-0.0002399240538404346,0.000977196364481321,0.0004706017549390346,-0.0008398020227083061,-0.0003876435200671669,0.0002180609987334462,-0.0003759122031925082
3,152522.2956538998,0.0,1.703472424370592,0.7543016962834412,0.2069325412152383,-0.3667366605902715,0.6058392732058676,-0.1814280019142131,0.0,0.0,1.985760639682386,0.9140000168791322,1.0,0.0,10.43035392972496,-18.47552127574246,0.0,0.0,0.0008189282445181245,0.0006006829546763015,-6.78707809983052e-08,-6.632861652944093e-07,-0.0009928823056018325,-0.0004570009224395829,0.0,0.0,-0.000992880319841193,-0.0004570000084395662,0.000208641252826729,-0.0003695670329622895,0.001842843638867064,0.0008363196110897233,-0.001025688197914709,-0.0002334680810218703,0.0009911057232093437,0.0004591680086463063,-0.0008517362121852961,-0.0003771508481417206,0.0002069325412152383,-0.0003667366605902715
3,158489.3192461092,0.0,1.72618570057982,0.7330555942050597,0.1963400143715628,-0.357462837590787,0.6006001705257421,-0.1768427671482977,0.0,0.0,2.012281421484316,0.8906113729832068,1.0,0.0,9.901790498734826,-18.01977438529039,0.0,0.0,0.0008365298310938352,0.0005849011739985643,-6.677762765652644e-08,-6.863600427493455e-07,-0.001006142723023579,-0.0004453065771029764,0.0,0.0,-0.001006140710742158,-0.0004453056864916034,0.0001980704180482299,-0.0003604553377081551,0.001867440118194865,0.0008141412473357194,-0.0010327036454717,-0.000226932484287623,0.001004345541719256,0.0004476127171775952,-0.0008630928502899098,-0.0003665277971025299,0.0001963400143715628,-0.000357462837590787
3,164689.7865482846,0.0,1.747762567279626,0.7116169382897078,0.1862745883484467,-0.3481233735193298,0.5956217669486179,-0.1722251283305092,0.0,0.0,2.037482201673213,0.8670518124207992,1.0,0.0,9.399520598182807,-17.56102452725772,0.0,0.0,0.0008532537677284902,0.0005689961925252618,-6.542784394232641e-08,-7.103786042744267e-07,-0.001018743138318808,-0.0004335267732622121,0.0,0.0,-0.001018741100836607,-0.0004335259062103996,0.0001880254287721298,-0.0003512836970150692,0.001890809901453563,0.0007917858989154695,-0.001039368537153529,-0.0002203383530677838,0.001016926870051182,0.0004359767181536772,-0.0008738812836398131,-0.0003558084691448539,0.0001862745883484467,-0.0003481233735193298
3,171132.8304161757,0.0,1.768226187589137,0.6900493413179272,0.1767253427037088,-0.3387488054274252,0.5908986609000363,-0.1675901914564327,0.0,0.0,2.061390310277541,0.843397541632121,1.0,0.0,8.922998946894145,-17.1008059397427,0.0,0.0,0.0008691181282461935,0.0005530182467557987,-6.380751999908636e-08,-7.353835403054623e-07,-0.00103069721652908,-0.0004216996142136021,0.0,0.0,-0.00103069515513877,-0.0004216987708160605,0.0001784953796773559,-0.0003420827986594953,0.001912978234056189,0.0007693235846136714,-0.001045690045715031,-0.0002137053604884809,0.001028863372035434,0.0004242982239053666,-0.0008841130937945685,-0.0003450246706589636,0.0001767253427037089,-0.0003387488054274253
3,177827.9410038899,0.0,1.787603548639696,0.6684116545837282,0.1676795661602968,-0.3293674903211022,0.5864245650340818,-0.162951984367024,0.0,0.0,2.084037560338237,0.8197192983586765,1.0,0.0,8.471590879110842,-16.64054450696405,0.0,0.0,0.0008841439577020327,0.0005370139268084939,-6.190175294487573e-08,-7.614178335884328e-07,-0.001042020864206678,-0.0004098604688986368,0.0,0.0,-0.001042018780169119,-0.0004098596491793383,0.0001694675778153172,-0.0003328811636049581,0.001933974512722109,0.0007468192200524227,-0.001051676526193535,-0.0002070517109628023,0.001040170950798713,0.0004126127243489043,-0.0008938017743198479,-0.0003342058272918641,0.0001676795661602968,-0.0003293674903211022
3,184784.9797422266,0.0,1.805924839484389,0.6467578778836809,0.1591230452270473,-0.3200055645994519,0.5821924489826769,-0.1583234366904376,0.0,0.0,2.105459525132074,0.7960822496908615,1.0,0.0,8.044586742058343,-16.18155575174043,0.0,0.0,0.0008983547918584578,0.0005210261081924905,-5.969451483986826e-08,-7.885258247963298e-07,-0.001052731868025563,-0.0003980419209276804,0.0,0.0,-0.001052729762566037,-0.0003980411248454308,0.0001609278305475775,-0.00032370510586002,0.001953831613857226,0.0007243325220631703,-0.00105733732399832,-0.000200394112437996,0.001050867388190193,0.0004009529363634522,-0.0009029624197421944,-0.0003233789389418404,0.0001591230452270473,-0.0003200055645994519
3,192014.1938638775,0.0,1.823222860686347,0.6251371402552405,0.1510403380062679,-0.310686936461521,0.5781946747781282,-0.1537163760900629,0.0,0.0,2.125694852479124,0.7725459726511374,1.0,0.0,7.641215554217392,-15.72504447350038,0.0,0.0,0.000911776201257597,0.0005050939383798303,-5.716851487853758e-08,-8.16753286142477e-07,-0.001062849551934414,-0.0003862737588715413,0.0,0.0,-0.001062847426239562,-0.0003862729863255687,0.0001528607186981862,-0.000314578725245691,0.001972585256293651,0.0007019179896343295,-0.001062682592786357,-0.0001937477704833102,0.001060972002727617,0.0003893487943695689,-0.0009116114303431735,-0.0003125685701276202,0.0001510403380062679,-0.000310686936461521
3,199526.2314968852,0.0,1.839532471530106,0.6035937420855036,0.1434150304162943,-0.3014333069173648,0.5744231235779613,-0.1491415386602553,0.0,0.0,2.144784623074249,0.7491645063846514,1.0,0.0,7.260657785987188,-15.27210581410345,0.0,0.0,0.0009244353644853875,0.0004892528709212751,-5.430505555604375e-08,-8.461475027453038e-07,-0.001072394456321747,-0.0003745830023568321,0.0,0.0,-0.001072392311537124,-0.0003745822531923257,0.000145249852154508,-0.0003055239287180834,0.001990273404825502,0.0006796249512912991,-0.001067723123969466,-0.0001871264013250107,0.001070505329527978,0.0003778274766548054,-0.0009197662357650531,-0.0003017968710427518,0.0001434150304162943,-0.0003014333069173648
3,207332.1573485926,0.0,1.854890079006943,0.5821672492694042,0.1362299728912973,-0.2922642150658688,0.5708693127336337,-0.1446085913244959,0.0,0.0,2.162771757694001,0.7259864650961729,1.0,0.0,6.902057166041506,-14.82372753509019,0.0,0.0,0.0009363606738551078,0.0004735347398923118,-5.108388241013812e-08,-8.767573615316038e-07,-0.001081388041618758,-0.0003629939585345516,0.0,0.0,-0.001081385878847001,-0.0003629932325480865,0.0001380781059826573,-0.0002965604759188636,0.002006935719038538,0.0006574976688279659,-0.001072470189126373,-0.000180542260947103,0.001079488824644988,0.0003664134620260148,-0.0009274450395034715,-0.0002910836246347021,0.0001362299728912973,-0.0002922642150658688
3,215443.4690031854,0.0,1.869333171126041,0.5608926304112566,0.1294674963643611,-0.2831971034483647,0.5675245026125664,-0.1401261641631314,0.0,0.0,2.179700476267841,0.703055201238854,1.0,0.0,6.5645314537861,-14.38079329728462,0.0,0.0,0.0009475813754858398,0.0004579678676985832,-4.748302679975391e-08,-9.086334475150231e-07,-0.001089852417834397,-0.0003515283036746282,0.0,0.0,-0.00108985023813392,-0.000351527600619427,0.0001313278358657498,-0.0002877060447721684,0.0020226130502024,0.0006355754876491757,-0.001076935396116085,-0.0001740061874809795,0.001087944595306209,0.000355128611550917,-0.0009346665855630203,-0.0002804463152056283,0.0001294674963643611,-0.0002831971034483647
3,223872.1138568308,0.0,1.882899895716645,0.539800428574746,0.1231096069847243,-0.2742473995248279,0.5643797929018961,-0.1357018907154414,0.0,0.0,2.195615810187956,0.6804090090556173,1.0,0.0,6.247182150498897,-13.94408674553689,0.0,0.0,0.0009581272446887446,0.0004425771996694472,-4.347864105003594e-08,-9.418281473510987e-07,-0.001097810100709788,-0.0003402051849368178,0.0,0.0,-0.001097807905093978,-0.0003402045045278087,0.0001249810723166158,-0.0002789763131839197,0.002037346987495063,0.00061389302453636,-0.00108113055924669,-0.0001675276542585369,0.001095895156736846,0.0003439922704485586,-0.0009414499478583224,-0.000269900214287373,0.0001231096069847244,-0.0002742473995248279
3,232630.5067153593,0.0,1.895628684717615,0.5189169597379313,0.1171381595634512,-0.265428609622409,0.5614262083910863,-0.1313424544506264,0.0,0.0,2.210563167871205,0.658081359332582,1.0,0.0,5.949103148843427,-13.51429621651014,0.0,0.0,0.0009680282966635367,0.0004273844593638554,-3.904482517120997e-08,-9.763957601469453e-07,-0.00110528379449877,-0.0003290413377476502,0.0,0.0,-0.001105281583935603,-0.000329040679666291,0.000119019693658775,-0.0002703850532017905,0.002051179453565768,0.0005924803843528098,-0.00108506758350535,-0.0001611148311094768,0.001103363215578276,0.0003330213855668847,-0.0009478143423588077,-0.0002594584798689656,0.0001171381595634512,-0.000265428609622409
3,241731.548080407,0.0,1.90755792299555,0.4982645308515832,0.111535010185793,-0.2567524220510756,0.5586547744501508,-0.127053639772957,0.0,0.0,2.224587952475042,0.6361011570878172,1.0,0.0,5.669388342596537,-13.0920199046314,0.0,0.0,0.0009773145317720222,0.0004124083191009431,-3.415344424462145e-08,-1.01239261558973e-06,-0.001112296200825473,-0.0003180512146450657,0.0,0.0,-0.001112293976237521,-0.0003180505785439086,0.0001134255782124642,-0.000261944234338374,0.002064152348410254,0.0005713633980070963,-0.001088758362550901,-0.0001547746517043258,0.001110371479354557,0.0003222306343167741,-0.000953778961497775,-0.0002491322654257916,0.000111535010185793,-0.0002567524220510756
3,251188.6431509545,0.0,1.918725659978823,0.4778616711890642,0.1062821487787438,-0.248228816448465,0.5560565825934509,-0.122840386108004,0.0,0.0,2.237735229792085,0.614493014838481,1.0,0.0,5.407138235904161,-12.67777133965398,0.0,0.0,0.0009860157140736958,0.0003976645808206891,-2.877393546292589e-08,-1.049877199552098e-06,-0.001118869852631272,-0.0003072471219122552,0.0,0.0,-0.001118867614896043,-0.0003072465074192405,0.0001081807364719473,-0.0002536641331266432,0.002076307239717677,0.0005505638748470848,-0.001092214689943027,-0.0001485128850040596,0.001116942491002606,0.0003116325613908813,-0.0009593628299894115,-0.0002389308355945321,0.0001062821487787438,-0.000248228816448465
3,261015.72156825,0.0,1.92916936182512,0.4577233714787257,0.1013618126867864,-0.2398661767893777,0.5536228466498658,-0.1187068438015143,0.0,0.0,2.250049443685805,0.5932775350241347,1.0,0.0,5.161465604573117,-12.27198504790692,0.0,0.0,0.0009941611813648055,0.00038316636301583,-2.287310371127482e-08,-1.088910287432726e-06,-0.001125026971892347,-0.0002966393607896024,0.0,0.0,-0.001125024721842903,-0.0002966387675120674,0.0001032674243242108,-0.0002455534463493376,0.002087685097233131,0.0005300998635248637,-0.001095448182904801,-0.0001423342091038116,0.001123098487151211,0.0003012377200621296,-0.00096458468091256,-0.0002288616857393628,0.0001013618126867864,-0.0002398661767893777
3,271227.2579331989,0.0,1.938925701434076,0.4378613260980853,0.096756582497083,-0.2316714058618652,0.5513449501532247,-0.1146564307437811,0.0,0.0,2.261574175958203,0.5724715960818049,1.0,0.0,4.931500271297431,-11.87502228759443,0.0,0.0,0.001001779684650705,0.0003689242900791756,-1.64149044812761e-08,-1.129555085595646e-06,-0.001130789349553277,-0.0002862363705124987,0.0,0.0,-0.001130787087979102,-0.0002862357980409024,9.86682385469459e-05,-0.0002376194057496441,0.002098326068241672,0.0005099859162250504,-0.001098470217789999,-0.0001362422860213819,0.001128861278598933,0.0002910548153146818,-0.0009694628507170382,-0.0002189306630490426,9.675658249708299e-05,-0.0002316714058618652
3,281838.2931264414,0.0,1.94803038335253,0.4182841743618595,0.09244946147754798,-0.2236500393618278,0.5492144856273374,-0.1106918888054453,0.0,0.0,2.272351947234417,0.5520886375445874,1.0,0.0,4.716393062811198,-11.48717676597095,0.0,0.0,0.001008899254779067,0.0003549466809946722,-9.360212817934243e-09,-1.171877381382027e-06,-0.001136178245969156,-0.0002760448708609312,0.0,0.0,-0.001136175973617208,-0.0002760443187722937,9.436619594558469e-05,-0.000229867892379778,0.002108269290994949,0.0004902333519626036,-0.001101291876345334,-0.0001302398361999746,0.001134252151288301,0.0002810908464974994,-0.000974015191676265,-0.0002091420871809298,9.244946147754798e-05,-0.0002236500393618278
3,292864.4564625195,0.0,1.956518000475588,0.398997737638505,0.08842394005762126,-0.2158063580845888,0.5472232864727781,-0.1068153393321771,0.0,0.0,2.282424055282872,0.5321389403532685,1.0,0.0,4.515319020269237,-11.10868026251043,0.0,0.0,0.001015547093847047,0.0003412397348414586,-1.666576910221296e-09,-1.215945702283039e-06,-0.001141214310065491,-0.0002660700023155746,0.0,0.0,-0.001141212027641436,-0.0002660694701766342,9.034479755533909e-05,-0.0002223035490699152,0.002117552742746658,0.0004708505154156084,-0.001103923901813297,-0.00012432871171697,0.001139291785990863,0.0002713512475986182,-0.0009782590002377941,-0.0001994988688192525,8.842394005762127e-05,-0.0002158063580845888
3,304321.9887107678,0.0,1.964421919400927,0.380005249672636,0.0846640468020086,-0.2081434969905262,0.5453634521726918,-0.1030283370933771,0.0,0.0,2.291830447138261,0.5126298993181146,1.0,0.0,4.32747993517396,-10.73970809708873,0.0,0.0,0.001021749488965579,0.0003278077110787647,6.712045152944337e-09,-1.261831484982374e-06,-0.001145917515399577,-0.0002563154622889565,0.0,0.0,-0.00114591522356913,-0.0002563149496590573,8.658807935452963e-05,-0.0002149298897979225,0.002126213119014591,0.0004518430284529384,-0.001106376663906866,-0.0001185099673922663,0.001144000194892209,0.0002618400236113705,-0.0009822109597004633,-0.000190002624836318,8.466404680200861e-05,-0.0002081434969905262
3,316227.7660168334,0.0,1.971774191326928,0.3613075780682269,0.08115438731137117,-0.2006635501900518,0.5436273675268406,-0.09933192221269561,0.0,0.0,2.300609621435345,0.4935662853395443,1.0,0.0,4.152106282351238,-10.38038439558082,0.0,0.0,0.001027531745985244,0.0003146531030302491,1.582556702902064e-08,-1.309609255102439e-06,-0.001150307111327293,-0.0002467836362360575,0.0,0.0,-0.001150304810717672,-0.0002467831426697721,8.308065091918097e-05,-0.0002077494050079748,0.002134285740724168,0.0004332140321405695,-0.001108660131699551,-0.000112783929155813,0.001148396673286513,0.000252559881798878,-0.0009858870956634643,-0.0001806537890341135,8.115438731137117e-05,-0.0002006635501900518
3,328599.3247600607,0.0,1.978605485479295,0.342903435397879,0.07788017243921705,-0.1933676711301275,0.5420077166009768,-0.09572666972533336,0.0,0.0,2.308798557473456,0.4749504955895881,1.0,0.0,3.988458619242796,-10.03078711709545,0.0,0.0,0.001032918140867117,0.0003017768033680701,2.572807582956417e-08,-1.35935681862066e-06,-0.001154401587535285,-0.0002374757227452896,0.0,0.0,-0.001154399278736728,-0.0002374752477947941,7.980772340415467e-05,-0.0002007636621625576,0.002141804485991309,0.0004149644175614738,-0.001110783853499969,-0.0001071502592083773,0.001152499764646177,0.0002435123569590991,-0.0009893027427396474,-0.0001714517176989395,7.788017243921705e-05,-0.0001933676711301275
3,341454.8873833552,0.0,1.984945042190119,0.3247895788475541,0.07482723714838535,-0.186256167470457,0.5404974920460515,-0.09221273650894762,0.0,0.0,2.316432667696329,0.4567827903716815,1.0,0.0,3.83582851749278,-9.690952817345892,0.0,0.0,0.001037931886486793,0.0002891782607565285,3.647815564251403e-08,-1.411155466062573e-06,-0.001158218650280832,-0.0002283918519686312,0.0,0.0,-0.001158216333848164,-0.0002283913951858407,7.675512817029377e-05,-0.000193973401017866,0.002148801743454666,0.0003970930442633336,-0.001112756942827309,-0.000101608017630761,0.001156327237414565,0.0002346979300499777,-0.0009924725210950593,-0.0001623947894237771,7.482723714838535e-05,-0.000186256167470457
3,354813.3892335703,0.0,1.990820642924723,0.306960997686613,0.0719820512497891,-0.1793285903137247,0.5390900004018441,-0.08878990542215451,0.0,0.0,2.323545770473936,0.4390615158176296,1.0,0.0,3.69353908877452,-9.360881131449922,0.0,0.0,0.001042595112796585,0.0002768556270955624,4.813923472000313e-08,-1.465090190727712e-06,-0.001161775208782739,-0.0002195311969703306,0.0,0.0,-0.001161772885236968,-0.0002195307579088148,7.390932729642308e-05,-0.0001873786232884938,0.002155308384253829,0.0003795969455586761,-0.001114588069653422,-9.615572022347862e-05,0.001159896071970825,0.000226116139754372,-0.0009954103214623615,-0.0001534804988433065,7.19820512497891e-05,-0.0001793285903137247
3,368694.5064519521,0.0,1.996258594743038,0.2894110881739158,0.06933172317576893,-0.172583817602689,0.537778863954922,-0.08545762655802722,0.0,0.0,2.330170080298993,0.4217833119522342,1.0,0.0,3.560945162292899,-9.040538966858772,0.0,0.0,0.001046928858417645,0.0002648058950578958,6.07799582847649e-08,-1.521249922365521e-06,-0.001165087370319577,-0.0002108920777594291,0.0,0.0,-0.001165085040149497,-0.0002108916559761171,7.125741712483939e-05,-0.0001809786765154303,0.002161353749958904,0.000362471520247851,-0.001116285456139759,-9.079139245543599e-05,0.001163222456328791,0.0002177656867498049,-0.000998129297371519,-0.0001447055440869579,6.933172317576892e-05,-0.0001725838176026891
3,383118.6849557231,0.0,2.001283726885299,0.2721318157771473,0.06686399784484234,-0.1660201316198525,0.5365580196735669,-0.08221505558078364,0.0,0.0,2.336336212749885,0.4049433059638505,1.0,0.0,3.437433166624857,-8.729864403248435,0.0,0.0,0.001050953071893762,0.000253025025816922,7.447458901496075e-08,-1.579727777891847e-06,-0.001168170442711155,-0.0002024720579252312,0.0,0.0,-0.001168168106374942,-0.0002024716529819253,6.87871258934697e-05,-0.0001747723320740527,0.002166965653977918,0.000345710710621929,-0.001117856876157813,-8.551261948058775e-05,0.001166321789251542,0.0002096445306015395,-0.00100064186344265,-0.0001360659078885736,6.686399784484234e-05,-0.0001660201316198526
3,398107.1705534914,0.0,2.005919397378242,0.255113864799754,0.06456724957727417,-0.1596352906253478,0.5354217156941546,-0.07906108916327365,0.0,0.0,2.342073201815467,0.3885352907693154,1.0,0.0,3.322420763697771,-8.428770301192996,0.0,0.0,0.001054686620999667,0.0002415080670305492,8.930343737916256e-08,-1.640621330925938e-06,-0.001171038942980935,-0.0001942680339199485,0.0,0.0,-0.001171036600907734,-0.0001942676453846577,6.648680641062239e-05,-0.0001687578573585234,0.002172170394193484,0.0003293071668359401,-0.00111930965794621,-8.031659225032906e-05,0.001169208689584967,0.0002017499793221982,-0.001002959698689121,-0.000127556932399877,6.456724957727416e-05,-0.0001596352906253479
3,413682.0402388446,0.0,2.010187507762476,0.2383467756836066,0.06243047092445488,-0.1534265947482,0.5343645057857692,-0.07599439758220229,0.0,0.0,2.347408527418437,0.3725518891608205,1.0,0.0,3.215356277888207,-8.137147625408046,0.0,0.0,0.001058147308654694,0.0002302492612775153,1.05353324110198e-07,-1.704032902134211e-06,-0.001173706611117746,-0.0001862763171322993,0.0,0.0,-0.001173704263709219,-0.0001862759445804102,6.434542463191331e-05,-0.0001629330822583642,0.002176992774803143,0.0003132523979289083,-0.001120650689322739,-7.520014980183509e-05,0.001171897010734398,0.0001940787717403293,-0.001005093753881238,-0.0001191733878418033,6.243047092445488e-05,-0.0001534265947482
3,429866.2347082213,0.0,2.014108524239555,0.2218190703912901,0.0604432581816019,-0.147390946307807,0.5333812421735938,-0.07301345455853077,0.0,0.0,2.352368151207809,0.3569847039767448,1.0,0.0,3.115717958553814,-7.854868491430467,0.0,0.0,0.001061351894149104,0.0002192421452479332,1.227180772284945e-07,-1.770069872593761e-06,-0.001176186427972055,-0.0001784927089730764,0.0,0.0,-0.001176184075603905,-0.0001784923519883724,6.235254490555536e-05,-0.0001572954601045441,0.002181456135553633,0.0002975369099119351,-0.001121886424927443,-7.015981784425085e-05,0.001174399859325331,0.0001866271528972197,-0.001007054262119778,-0.0001109095351956451,6.04432581816019e-05,-0.000147390946307807
3,446683.5921509565,0.0,2.017701503725606,0.2055183663750277,0.05859579426427172,-0.1415249047887706,0.532467067057595,-0.07011656445338815,0.0,0.0,2.356976558913813,0.3418244548543948,1.0,0.0,3.02301310986279,-7.581788946911542,0.0,0.0,0.00106431611853669,0.000208479640066872,1.414990661520848e-07,-1.838845022637882e-06,-0.001178490636433465,-0.0001709125692516522,0.0,0.0,-0.001178488279456906,-0.0001709122274271974,6.049831256323506e-05,-0.000151842123308628,0.002185582386764959,0.0002821503314547522,-0.001123022895034409,-6.519184379583098e-05,0.001176729617200653,0.0001793909427488718,-0.001008850751862803,-0.0001027591831875139,5.859579426427171e-05,-0.0001415249047887706
3,464158.8833612709,0.0,2.020984123474618,0.1894314797146657,0.05687882954560741,-0.1358247367254277,0.5316174031216712,-0.06730188694625128,0.0,0.0,2.36125680776745,0.327061102205781,1.0,0.0,2.936777117608912,-7.317751500358001,0.0,0.0,0.001067054733184941,0.0001979541331855739,1.618057755610922e-07,-1.91047689892125e-06,-0.001180630765140533,-0.0001635308781639928,0.0,0.0,-0.001180628403883725,-0.0001635305511028905,5.877343445027152e-05,-0.0001465699339516852,0.002189392048732862,0.0002670815277801415,-0.001124065715523259,-6.029222844977644e-05,0.001178897966011429,0.0001723655984913289,-0.001010492061737309,-9.471573985733283e-05,5.68788295456074e-05,-0.0001358247367254278
3,482317.8482239234,0.0,2.023972713097776,0.1735445180595077,0.05528366117378185,-0.1302864607746448,0.530827943290131,-0.06456745933313253,0.0,0.0,2.36523057768077,0.3126839591132149,1.0,0.0,2.856572398827522,-7.062587411264679,0.0,0.0,0.001069581530602742,0.0001876575523153678,1.837564218180992e-07,-1.985090212746497e-06,-0.001182617654070962,-0.0001563422922405666,0.0,0.0,-0.001182615288840385,-0.0001563419795566075,5.716915791130083e-05,-0.0001414755296018374,0.002192904294276863,0.0002523187034292847,-0.001125020098650842,-5.545675445883802e-05,0.001180915913755261,0.0001655462708550126,-0.001011986356548888,-8.677225902975383e-05,5.528366117378185e-05,-0.0001302864607746448
3,501187.2336272647,0.0,2.026682287954394,0.1578429640421024,0.05380211131805219,-0.1249058882685681,0.5300946399532105,-0.06191121658900383,0.0,0.0,2.368918225061449,0.2986817918744138,1.0,0.0,2.781987296474895,-6.816118756238039,0.0,0.0,0.001071909376782504,0.0001775814318990543,2.074786148815234e-07,-2.062816273030822e-06,-0.00118446148144895,-0.0001493411946189988,0.0,0.0,-0.001184459112530725,-0.0001493408959372069,5.567724867667027e-05,-0.0001365553646524382,0.002196136993364696,0.0002378494945938531,-0.001125890864312307,-5.068101184368956e-05,0.001182793822705212,0.000158927854729838,-0.001013341143977197,-7.89214820210512e-05,5.380211131805219e-05,-0.0001249058882685681
3,520794.8328595385,0.0,2.029126583025233,0.1423117498501389,0.05242650472731842,-0.1196786595447329,0.5294136938514324,-0.05933100934150249,0.0,0.0,2.372338838296634,0.2850429099411467,1.0,0.0,2.712634938205126,-6.578160285994787,0.0,0.0,0.0010740502443988,0.0001677169726316263,2.331100687851061e-07,-2.143793457664241e-06,-0.001186171791487155,-0.0001425217400134833,0.0,0.0,-0.001186169419148317,-0.0001425214549705733,5.428996803015934e-05,-0.0001318057474785725,0.002199106758892298,0.0002236610517264778,-0.001126682451520783,-4.596042072718687e-05,0.001184541438253099,0.0001525050344896585,-0.001014563291512616,-7.115587492506948e-05,5.242650472731842e-05,-0.0001196786595447329
3,541169.5265464555,0.0,2.031318086500292,0.1269353236484883,0.05114964592697675,-0.114600276350697,0.5287815427798693,-0.05682461990284129,0.0,0.0,2.375510294086129,0.2717552459949007,1.0,0.0,2.648152075370003,-6.348521088108249,0.0,0.0,0.001076015246303602,0.0001580550945333159,2.607993638913089e-07,-2.228167727424456e-06,-0.001187757522553358,-0.0001358778947526963,0.0,0.0,-0.001187755147043065,-0.0001358776229974504,5.300004958046993e-05,-0.0001272228737093378,0.002201828992831988,0.0002097401131434806,-0.001127398929872708,-4.129025151056176e-05,0.001186167918263756,0.0001462723243839128,-0.001015659043250146,-6.346766182424412e-05,5.114964592697675e-05,-0.000114600276350697
3,562341.3251903405,0.0,2.0332680724211,0.1116977085401309,0.0499647963279639,-0.1096661306154496,0.528194850247688,-0.05438977650440588,0.0,0.0,2.378449313934647,0.2588064268908237,1.0,0.0,2.588197915767633,-6.127006070129814,0.0,0.0,0.001077814668840632,0.0001485864840866102,2.907067642568822e-07,-2.316093187071645e-06,-0.001189227035416638,-0.0001294034722518388,0.0,0.0,-0.001189224656967323,-0.0001294032134454118,5.180067590693203e-05,-0.0001228028559084564,0.002204317932080548,0.0001960730703255477,-0.001128044010800772,-3.666564268811623e-05,0.001187681862601926,0.0001402241043577739,-0.00101663403621055,-5.584885427006547e-05,4.99647963279639e-05,-0.0001096661306154496
3,584341.4133735087,0.0,2.03498663181293,0.09658255474439548,0.04886565147588158,-0.1048715298713459,0.5276504942056132,-0.052024165874311,0.0,0.0,2.381171520227681,0.2461838361799722,1.0,0.0,2.532452961358603,-5.913417277288107,0.0,0.0,0.001079458004579287,0.0001393016359218513,3.230050935729794e-07,-2.407732698753712e-06,-0.001190588141285361,-0.0001230921642738223,0.0,0.0,-0.001190585760113841,-0.0001230919180899861,5.0685455303729e-05,-0.0001185417499472808,0.002206586693444181,0.0001826460256057563,-0.001128621058444079,-3.208161651313546e-05,0.001189091342551085,0.0001343546516510035,-0.001017493315906465,-4.829127737219774e-05,4.886565147588158e-05,-0.0001048715298713459
3,607202.1956909792,0.0,2.036482701825778,0.08157318565590899,0.04784631862759211,-0.1002117195991316,0.5271455559338953,-0.0497254442926425,0.0,0.0,2.383691491416575,0.2338746688919909,1.0,0.0,2.480617860135592,-5.707555058409966,0.0,0.0,0.001080953984132688,0.0001301908895294246,3.578806732555417e-07,-2.503258553415283e-06,-0.001191848129399779,-0.0001169375683206643,0.0,0.0,-0.001191845745708287,-0.0001169373344459954,4.964839880628571e-05,-0.0001144355783430783,0.002208647317289931,0.0001694448429123358,-0.001129133099993018,-2.753309270520088e-05,0.001190403929894341,0.0001286581685111956,-0.001018241350912889,-4.07865928279545e-05,4.784631862759211e-05,-0.0001002117195991316
3,630957.3444801836,0.0,2.037764092475824,0.06665263842948321,0.04690129480728749,-0.09568190275553529,0.526677309165875,-0.04749124725263174,0.0,0.0,2.386022815926609,0.2218659792276852,1.0,0.0,2.43241227955315,-5.509219093053109,0.0,0.0,0.001082310606784903,0.000121244461456782,3.95534326360764e-07,-2.602853206525198e-06,-0.00119301379398612,-0.0001109332114798218,0.0,0.0,-0.001193011407963305,-0.0001109329896138426,4.868389764787474e-05,-0.0001104803508223995,0.002210510809473899,0.0001564551922075413,-0.001129582835387014,-2.301490039274823e-05,0.001191626725471894,0.0001231288063401608,-0.001018882046237912,-3.332631921474161e-05,4.690129480728749e-05,-9.568190275553529e-05
3,655641.8494179688,0.0,2.038837510641759,0.05180369971633736,0.04602544546330491,-0.09127725672853226,0.5262432095070202,-0.04531919784888563,0.0,0.0,2.388178144478356,0.2101447217750914,1.0,0.0,2.387573807376691,-5.318209292121887,0.0,0.0,0.00108353516969939,0.0001124524734220089,4.361824510798544e-07,-2.706710085125964e-06,-0.001194091460417323,-0.0001050725710322675,0.0,0.0,-0.001194089072239178,-0.0001050723608875457,4.77867012635385e-05,-0.0001066720823549664,0.002212187181226559,0.000143662588235444,-0.001129972646264785,-1.852178847550068e-05,0.001192766387068169,0.0001177606865735757,-0.001019418755320879,-2.590184985816868e-05,4.602544546330491e-05,-9.127725672853226e-05
3,681292.0690579507,0.0,2.039708581024534,0.03700893715690001,0.04521398382049362,-0.08699294795024966,0.5258408841962305,-0.04320691400629782,0.0,0.0,2.390169240578428,0.1986977868249007,1.0,0.0,2.345856884473346,-5.134326583480296,0.0,0.0,0.001084634295526535,0.0001038049767623228,4.800581676208202e-07,-2.815034473968066e-06,-0.001195087010458454,-9.934909211023719e-05,0.0,0.0,-0.001195084620289214,-9.934889341245036e-05,4.695189593169086e-05,-0.0001030068088883683,0.002213685486735725,0.0001310524241617748,-0.001130304604082033,-1.404843457969429e-05,0.001193829156514878,0.0001125479185743877,-0.001019854290512267,-1.850446857845001e-05,4.521398382049363e-05,-8.699294795024967e-05
3,707945.7843841269,0.0,2.040381863825175,0.02225072721572596,0.04446245100028114,-0.08282414438198596,0.5254681222449835,-0.04115201465558776,0.0,0.0,2.392007028991913,0.1875120303224764,1.0,0.0,2.307031772919795,-4.95737359330086,0.0,0.0,0.001085613958264481,9.529197360619301e-05,5.27412542306121e-07,-2.92804448933083e-06,-0.001196005906502986,-9.375620267326852e-05,0.0,0.0,-0.001196003514495957,-9.37560151612382e-05,4.617488412080639e-05,-9.948060099834438e-05,0.002215013858219217,0.0001186100006588862,-0.001130580477325963,-9.589452779790175e-06,0.001194820885924767,0.0001074846148002961,-0.001020190931912587,-1.112536360786298e-05,4.446245100028114e-05,-8.282414438198596e-05
3,735642.2544596299,0.0,2.040860868934632,0.007511279925865644,0.0437666969613696,-0.07876602607030395,0.5251228649803961,-0.03915212495372424,0.0,0.0,2.393701642056417,0.1765742989550603,1.0,0.0,2.270883561824923,-4.787155233110651,0.0,0.0,0.001086479507256821,8.690343514239363e-05,5.78515892694613e-07,-3.045972150055372e-06,-0.00119685321472985,-8.828732605182908e-05,0.0,0.0,-0.001196850821028208,-8.828714947753014e-05,4.545136458905212e-05,-9.608957565388463e-05,0.002216179538323048,0.0001063205509595673,-0.001130801737769305,-5.139400245546266e-06,0.001195747062994862,0.0001025649034853544,-0.001020430434467316,-3.755639962932822e-06,4.37666969613696e-05,-7.876602607030395e-05
3,764422.2742525883,0.0,2.041148066463057,-0.007227338906151681,0.04312286229782199,-0.07481379395785819,0.5248031970102691,-0.03720488063990607,0.0,0.0,2.395262463737449,0.1658714508347026,1.0,0.0,2.237211212438092,-4.623479201728412,0.0,0.0,0.001087235689239949,7.862931733393363e-05,6.336591774648555e-07,-3.169064556331821e-06,-0.001197633627131188,-8.293589128880215e-05,0.0,0.0,-0.001197631231868725,-8.293572541735129e-05,4.477731326816877e-05,-9.282990628103171e-05,0.002217188909717901,9.416926237522921e-05,-0.001130969565715456,-6.927829710734468e-07,0.001196612835338306,9.77829390556439e-05,-0.001020574033231528,3.613669453075841e-06,4.3122862297822e-05,-7.481379395785819e-05
3,794328.234724269,0.0,2.041244893464298,-0.0219831874970875,0.04252736091783369,-0.07096267711774293,0.5245073376215278,-0.03530793161039555,0.0,0.0,2.396698171358076,0.1553903722004813,1.0,0.0,2.205826643420367,-4.46615641053976,0.0,0.0,0.001087886668373769,7.045957440846018e-05,6.931554746627311e-07,-3.297585187898799e-06,-0.001198351482377209,-7.769534149061287e-05,0.0,0.0,-0.001198349085679038,-7.769518610024067e-05,4.41489649490313e-05,-8.969783129432688e-05,0.002218047521797717,8.214129474756659e-05,-0.001131084854194719,3.755939261884667e-06,0.001197423033820675,9.313291047929796e-05,-0.001020622446732149,1.099159374854375e-05,4.252736091783369e-05,-7.096267711774293e-05
3,825404.1852680054,0.0,2.041151756735734,-0.03677442935839514,0.04197686361540236,-0.06720793856582308,0.5242336326179831,-0.03345894478839433,0.0,0.0,2.398016774962747,0.1451179905280332,1.0,0.0,2.176553856579437,-4.315001339836787,0.0,0.0,0.001088436044207261,6.238417043819e-05,7.573415517062257e-07,-3.4318153345375e-06,-0.001199010785498148,-7.255914038200712e-05,0.0,0.0,-0.001199008387481373,-7.255899526401662e-05,4.356279577477623e-05,-8.668966125042784e-05,0.002218760114410104,7.022179627844715e-05,-0.001131148212080796,8.212348545227899e-06,0.001198182194890481,8.860904773207439e-05,-0.001020575878367867,1.838721467919757e-05,4.197686361540236e-05,-6.720793856582308e-05
3,857695.8985908806,0.0,2.04086803159466,-0.05161931552217092,0.04146828253812519,-0.06354487979184985,0.5239805465988981,-0.03165560635837011,0.0,0.0,2.399225654296995,0.135041284400588,1.0,0.0,2.149228102895115,-4.169832333259692,0.0,0.0,0.001088886867547018,5.439308930266229e-05,8.265795302380279e-07,-3.572055673080338e-06,-0.001199615226374151,-6.752077724157841e-05,0.0,0.0,-0.001199612827148497,-6.7520642200294e-05,4.301550653789774e-05,-8.380178476464985e-05,0.002219330638569978,5.839591716089661e-05,-0.001131159966100054,1.268206498480917e-05,0.001198894581904617,8.420562654129803e-05,-0.00102043401579733,2.580965776108546e-05,4.146828253812519e-05,-6.354487979184985e-05
3,891250.9381337314,0.0,2.040392056551103,-0.06653616720496536,0.0409987565472001,-0.05996884413722117,0.5237466556763137,-0.0298956234278163,0.0,0.0,2.40033159340187,0.1251472904637121,1.0,0.0,2.123695088277671,-4.030471836723695,0.0,0.0,0.001089241654208886,4.647634331952921e-05,9.012586485045742e-07,-3.718628006615051e-06,-0.001200168197032528,-6.25737703791465e-05,0.0,0.0,-0.001200165796700935,-6.257364523185603e-05,4.250400677000961e-05,-8.10306733180913e-05,0.002219762274125831,4.664882141475152e-05,-0.001131120161713683,1.71707431854129e-05,0.001199564205458224,7.99169715534016e-05,-0.001020196028275552,3.326808360248268e-05,4.09987565472001e-05,-5.996884413722118e-05
3,926118.7281287787,0.0,2.03972112381408,-0.08154335839218607,0.0405656374601583,-0.0564752191350656,0.5235306406263365,-0.0281767251733721,0.0,0.0,2.40134081283497,0.1154231077559616,1.0,0.0,2.099810218194365,-3.89674658759663,0.0,0.0,0.001089502396643557,3.862398080931029e-05,9.817971233967728e-07,-3.871877183153795e-06,-0.001200672807758298,-5.771166930108857e-05,0.0,0.0,-0.001200670406417485,-5.77115538779808e-05,4.202539960682055e-05,-7.837288507064418e-05,0.002220057444363195,3.496569731406221e-05,-0.001131028562855671,2.16840689427622e-05,0.001200194842735032,7.573745805351336e-05,-0.00101986056190704,4.077167919609304e-05,4.05656374601583e-05,-5.64752191350656e-05
3,962350.6263980733,0.0,2.038851465584623,-0.09665929782122284,0.04016647716270433,-0.05305943791693277,0.5233312804675546,-0.02649666352256348,0.0,0.0,2.402258999539436,0.1058558996796696,1.0,0.0,2.07743788005972,-3.76848775931181,0.0,0.0,0.00108967057343623,3.082609285343096e-05,1.068644113589392e-06,-4.032173212761078e-06,-0.001201131902028718,-5.292805569573447e-05,0.0,0.0,-0.001201129499769718,-5.292794983983479e-05,4.157696740606156e-05,-7.582506778356893e-05,0.002220217827542726,2.333176677970049e-05,-0.001130884650514197,2.622775600755189e-05,0.00120079005589895,7.166151234960952e-05,-0.001019425732792311,4.832964891061143e-05,4.016647716270433e-05,-5.305943791693277e-05
3,999999.9999999839,0.0,2.037778236105303,-0.1119024098325587,0.03979901557310563,-0.0497169797797531,0.523147446458301,-0.02485321341713784,0.0,0.0,2.403091334388722,0.09643289385013967,1.0,0.0,2.056450762103453,-3.645531066056661,0.0,0.0,0.001089747156686818,2.307281949520679e-05,1.162281784334485e-06,-4.199913603998128e-06,-0.001201548070285695,-4.821654335796369e-05,0.0,0.0,-0.001201545667194361,-4.821644692506984e-05,4.115615809245606e-05,-7.338396094442669e-05,0.002220244365381567,1.173229409995027e-05,-0.00113068762014859,3.080754278717013e-05,0.00120135320955068,6.768361091863916e-05,-0.001018889118052651,5.595120491627937e-05,3.979901557310563e-05,-4.971697977975311e-05
3,1039122.303835152,0.0,2.036495489453271,-0.1272911135450101,0.03946116944070299,-0.04644336999688815,0.5229780965035709,-0.0232441726990611,0.0,0.0,2.403842517438517,0.08714138003761357,1.0,0.0,2.036729207298367,-3.527716831669702,0.0,0.0,0.001089732617286163,1.535435562546872e-05,1.263227473368173e-06,-4.37552594254812e-06,-0.001201923662561776,-4.357077716018682e-05,0.0,0.0,-0.001201921258719259,-4.357069001880679e-05,4.076057220117682e-05,-7.10463971769962e-05,0.002220137268496795,1.525943341286833e-07,-0.00113043637793557,3.542918884841262e-05,0.00120188748727467,6.379827839774672e-05,-0.001018247744726635,6.364555677250506e-05,3.946116944070298e-05,-4.644336999688815e-05
3,1079775.162327692,0.0,2.034996153082758,-0.142843799793746,0.03915102195917194,-0.04323417894800315,0.5228222699619489,-0.02166736165570942,0.0,0.0,2.404516790918528,0.07796870639445352,1.0,0.0,2.018160600842141,-3.414890026405133,0.0,0.0,0.001089626928106949,7.660956793137386e-06,1.372035956042971e-06,-4.559470737039538e-06,-0.001202260799976055,-3.898443116593316e-05,0.0,0.0,-0.001202258395459264,-3.898435319722676e-05,4.038795058944835e-05,-6.880930300932917e-05,0.002219896018839354,-1.142195825045285e-05,-0.001130129535845487,4.009847108304987e-05,0.001202395907301822,6.000008449021964e-05,-0.001017498076541379,7.142189989687298e-05,3.915102195917194e-05,-4.323417894800316e-05
3,1122018.454301945,0.0,2.033271997144694,-0.1585788052480699,0.03886681317503825,-0.04008502063413981,0.5226790828428661,-0.02012062225661337,0.0,0.0,2.405117959995962,0.06890227414002334,1.0,0.0,2.000638789635902,-3.306900274784352,0.0,0.0,0.001089429565137148,-1.705482571834338e-08,1.489301806159842e-06,-4.752244559378987e-06,-0.00120256138511594,-3.445120597228579e-05,0.0,0.0,-0.001202558979997981,-3.445113707001167e-05,4.003616278491559e-05,-6.666969906429005e-05,0.002219519369156567,-2.300592135978311e-05,-0.001129765405550459,4.482117939372254e-05,0.001202881337312223,5.628363984305707e-05,-0.001016635998572347,7.928940262403495e-05,3.886681317503825e-05,-4.008502063413981e-05
3,1165914.401179813,0.0,2.031313599636119,-0.1745143830998437,0.03860693117254668,-0.03699155063671977,0.5225477233848151,-0.0186018171102832,0.0,0.0,2.405649411339777,0.05992953085768948,1.0,0.0,1.984063532183811,-3.203601837344956,0.0,0.0,0.001089139506587664,-7.689284063777668e-06,1.615661846997321e-06,-4.954383509339737e-06,-0.0012028271113193,-2.996482535837559e-05,0.0,0.0,-0.001202824705669889,-2.996476542884474e-05,3.970319593900539e-05,-6.462469972873952e-05,0.002219005339531498,-3.461377512324907e-05,-0.00112934199117351,4.960311175333798e-05,0.001203346508399839,5.264359094105559e-05,-0.00101565679981806,8.725719154992185e-05,3.860693117254669e-05,-3.699155063671977e-05
3,1211527.658628569,0.0,2.02911030746185,-0.1906686696834732,0.03836990401722029,-0.03394946357224854,0.522427448005812,-0.01710882816615233,0.0,0.0,2.406114129510442,0.05103796254217853,1.0,0.0,1.968339977347479,-3.104853568718795,0.0,0.0,0.001088755230014102,-1.536525576742442e-05,1.751797684670215e-06,-5.166467035713476e-06,-0.001203059470869351,-2.55190323090518e-05,0.0,0.0,-0.001203057064755221,-2.551898127108926e-05,3.938714435367874e-05,-6.267151234992953e-05,0.002218351211058794,-4.625991145938712e-05,-0.001128856980892559,5.445006848689427e-05,0.001203794028217563,4.907461405101931e-05,-0.001014555153730925,9.533433484173659e-05,3.836990401722029e-05,-3.394946357224854e-05
3,1258925.411794147,0.0,2.02665019352604,-0.2070596463543402,0.03815439244226629,-0.03095449008818396,0.5223175776183135,-0.01563955518350475,0.0,0.0,2.406514711193872,0.04221508452114874,1.0,0.0,1.95337817042353,-3.010518854119114,0.0,0.0,0.001088274707499975,-2.305440693139982e-05,1.898438313137276e-06,-5.389122149008961e-06,-0.001203259762111647,-2.110758447565888e-05,0.0,0.0,-0.001203257355596936,-2.110754226057437e-05,3.908619955063804e-05,-6.080743600063123e-05,0.002217553516729626,-5.795862199771933e-05,-0.001128307737420009,5.936784561469399e-05,0.001204226393316413,4.557140823909721e-05,-0.00101332509676302,0.0001035298231771701,3.815439244226629e-05,-3.095449008818397e-05
3,1308177.474260173,0.0,2.023920010013251,-0.2237050959151181,0.03795918326433276,-0.0280023934397742,0.5222174943020251,-0.01419191398639872,0.0,0.0,2.406853377290984,0.03344843136227291,1.0,0.0,1.93909258506923,-2.92046552599127,0.0,0.0,0.001087695398957839,-3.076607771865247e-05,2.056362776854089e-06,-5.623028063447076e-06,-0.001203429095498869,-1.672424912956781e-05,0.0,0.0,-0.001203426688645492,-1.672421568113645e-05,3.879864085316116e-05,-5.902985984798971e-05,0.00221660802961353,-6.972408418831889e-05,-0.001127691287386837,6.436222709274575e-05,0.001204646000686895,4.212868747433625e-05,-0.001011960005006626,0.0001118525479575591,3.795918326433276e-05,-2.80023934397742e-05
3,1359356.390878503,0.0,2.020905138068527,-0.2406225528387846,0.03778318351796408,-0.02508896568263079,0.5221266383294833,-0.01276383452104964,0.0,0.0,2.407131982865572,0.02472554586633607,1.0,0.0,1.925401679677988,-2.834565762280087,0.0,0.0,0.001087014243615556,-3.850950111555784e-05,2.226402873162572e-06,-5.868921308826452e-06,-0.001203568398564769,-1.236279765871389e-05,0.0,0.0,-0.001203565991432786,-1.236277293316804e-05,3.852282645224539e-05,-5.733626115505014e-05,0.002215509748443051,-8.157034521963861e-05,-0.001127004309670304,6.943897577196823e-05,0.001205055158503649,3.874117182230676e-05,-0.001010452569034264,0.0001203112764193923,3.778318351796408e-05,-2.508896568263079e-05
3,1412537.544622731,0.0,2.017589534145006,-0.2578292464939951,0.03762541530141109,-0.02221002351138499,0.5220445055410035,-0.01135325872989119,0.0,0.0,2.407352024943307,0.01603396723786893,1.0,0.0,1.912227476901934,-2.752695967488128,0.0,0.0,0.001086227649768234,-4.629379096235398e-05,2.409445871945543e-06,-6.127601355675323e-06,-0.001203678419823678,-8.016999652901695e-06,0.0,0.0,-0.001203676012471654,-8.016983618934466e-06,3.825718493062292e-05,-5.572420293830087e-05,0.002214252880728448,-9.351130335210203e-05,-0.00112624312271549,7.46038228954804e-05,0.001205456096066412,3.540357772414226e-05,-0.001008794767072503,0.0001289146232469975,3.762541530141109e-05,-2.221002351138499e-05
3,1467799.267622045,0.0,2.0139556733573,-0.2753420365336026,0.03748501133020987,-0.0193614037709712,0.5219706450675301,-0.009958138254593137,0.0,0.0,2.407514648143616,0.00736121851766651,1.0,0.0,1.899495165131874,-2.67473663744183,0.0,0.0,0.001085331482891111,-5.412792809408873e-05,2.606437224771089e-06,-6.399936799906167e-06,-0.001203759731586456,-3.680616620051782e-06,0.0,0.0,-0.001203757324071808,-3.680609258833255e-06,3.800020722044212e-05,-5.419133129940528e-05,0.002212830823555318,-0.0001055606862602577,-0.001125403670914821,7.986245593541441e-05,0.001205850972920996,3.21106073485797e-05,-0.00100697783667865,0.0001376710182668013,3.748501133020987e-05,-1.93614037709712e-05
3,1525222.956538993,0.0,2.009984490260575,-0.293177339561427,0.03736121119913868,-0.01653895866390862,0.5219046574020764,-0.008576431978685291,0.0,0.0,2.407620648113893,-0.001305206643728893,1.0,0.0,1.887132720875079,-2.600572208445628,0.0,0.0,0.001084321052227569,-6.202074431285731e-05,2.818383229617733e-06,-6.686872155880895e-06,-0.001203812731677595,6.526046270710842e-07,0.0,0.0,-0.001203810324056947,6.526033218644464e-07,3.775043897297839e-05,-5.27353724445249e-05,0.00221123614224815,-0.0001177320259603892,-0.001124481510126882,8.522050456752361e-05,0.001206241887133372,2.88569369976643e-05,-0.001004992245130288,0.0001465886697807135,3.736121119913868e-05,-1.653895866390862e-05
3,1584893.192461087,0.0,2.005655317570553,-0.3113510461471729,0.03725335835779194,-0.01373855067442046,0.5218461928228534,-0.007206103419126522,0.0,0.0,2.407670472722118,-0.009977857795808842,1.0,0.0,1.875070551118419,-2.530090891287018,0.0,0.0,0.001083191095988228,-6.99809039044208e-05,3.046353610214588e-06,-6.989435309283046e-06,-0.001203837644031532,4.988938875762214e-06,0.0,0.0,-0.001203835236361059,4.988928897904421e-06,3.750647332164546e-05,-5.135412940025709e-05,0.002209460547118486,-0.0001300386298838413,-0.001123471792433522,9.06835245667037e-05,0.001206630882677892,2.563720454079136e-05,-0.001002827658785277,0.0001556755230735865,3.725335835779194e-05,-1.373855067442046e-05
3,1646897.865482841,0.0,2.000945823450271,-0.3298784272162218,0.03716089781007353,-0.01095604722838479,0.521794950173811,-0.005845117975190261,0.0,0.0,2.407664220949502,-0.0186693420065603,1.0,0.0,1.863241154928471,-2.463184490358249,0.0,0.0,0.001081935765321757,-7.80168824016797e-05,3.291483960953997e-06,-7.30874568336877e-06,-0.001203834518138972,9.334689672622159e-06,0.0,0.0,-0.001203832110474751,9.33467100328015e-06,3.726694402282444e-05,-5.004547843122171e-05,0.002207494868558133,-0.0001424935476396924,-0.001122369250258839,9.625697939782962e-05,0.001207019955887174,2.244599584684599e-05,-0.001000472911725136,0.0001649392136081109,3.716089781007353e-05,-1.095604722838479e-05
3,1711328.304161752,0.0,1.995831948116684,-0.3487740288017356,0.03708337455340834,-0.008187315106985157,0.5217506760111711,-0.004491440042430617,0.0,0.0,2.407601639409093,-0.02739233861395639,1.0,0.0,1.851578803721807,-2.399748207982609,0.0,0.0,0.001080548607248849,-8.61369422849867e-05,3.554977999138809e-06,-7.646023173892975e-06,-0.001203803227306186,1.369619669931681e-05,0.0,0.0,-0.001203800819704547,1.36961693069782e-05,3.703051896262038e-05,-4.880736516072701e-05,0.002205329030786402,-0.0001551095329943645,-0.001121168179997661,0.000101946219267221,0.001207411060896112,1.927783018053207e-05,-0.000997915974058342,0.0001743870144008678,3.708337455340834e-05,-8.187315106985157e-06
3,1778279.410038893,0.0,1.990287840666199,-0.3680515541135647,0.0370204327794061,-0.005428214631599905,0.5217131641276407,-0.003143029999287728,0.0,0.0,2.40748211639965,-0.03615961433125473,1.0,0.0,1.840019239838413,-2.339680433876397,0.0,0.0,0.001079022546784797,-9.434910530216334e-05,3.838109555917402e-06,-8.002597909110273e-06,-0.001203743465681941,1.80798433252417e-05,0.0,0.0,-0.001203741058199825,1.807980716562737e-05,3.679589402161237e-05,-4.763780039275096e-05,0.002202952024616592,-0.0001678990005815371,-0.001119862425332865,0.0001077564573896267,0.001207806113995652,1.61271445267991e-05,-0.0009951439203330996,0.0001840257770567824,3.70204327794061e-05,-5.428214631599905e-06
3,1847849.79742226,0.0,1.984285797184066,-0.3877237318544787,0.03697181586407926,-0.002674593638002168,0.5216822554693171,-0.00179784107412229,0.0,0.0,2.40730467338633,-0.04498403862058283,1.0,0.0,1.828499393269686,-2.282882519542488,0.0,0.0,0.001077349868515917,-0.0001026611210820788,4.142224225543684e-06,-8.379920891534546e-06,-0.001203654743997838,2.249206429433003e-05,0.0,0.0,-0.001203652336693165,2.249201931029141e-05,3.656178729399197e-05,-4.65348556307038e-05,0.002200351879671299,-0.0001808739768441342,-0.001118445360453912,0.0001136927432195539,0.001208206996793469,1.298827680683706e-05,-0.000992142898592033,0.0001938618659272394,3.697181586407927e-05,-2.674593638002168e-06
3,1920141.938638769,0.0,1.977796201390144,-0.4078021697028362,0.03693736718251178,7.7718740551673e-05,0.5216578384638776,-0.0004538161011960904,0.0,0.0,2.407067953781067,-0.05387859923991933,1.0,0.0,1.81695711663072,-2.229258537280214,0.0,0.0,0.001075522197940285,-0.0001110804317095565,4.468740579498581e-06,-8.779575577362365e-06,-0.001203536383958487,2.69393534985589e-05,0.0,0.0,-0.001203533976890534,2.693929961995967e-05,3.632693366220833e-05,-4.549665828613808e-05,0.002197515636549562,-0.0001940460447028196,-0.001116909873429217,0.0001197599323913695,0.001208615558058289,9.855447950768477e-06,-0.000988898100695072,0.0002039010848514181,3.693736718251178e-05,7.7718740551673e-08
3,1995262.314968846,0.0,1.970787469283801,-0.4282971918856935,0.03691703179007932,0.0028329184591794,0.5216398497824352,0.0008911158246046043,0.0,0.0,2.406770208875889,-0.06285641785578946,1.0,0.0,1.805330938725031,-2.178715023411302,0.0,0.0,0.001073530482934917,-0.0001196141319278615,4.819150837457723e-06,-9.203290447344649e-06,-0.001203387511208153,3.142827178431258e-05,0.0,0.0,-0.001203385104437945,3.142820892789473e-05,3.609007973336637e-05,-4.452138656878534e-05,0.002194429319531694,-0.000207426281443731,-0.001115248350027909,0.000125962653109532,0.001209033614102324,6.722742796307501e-06,-0.0009853937346419007,0.0002141485959428467,3.691703179007932e-05,2.8329184591794e-06
3,2073321.57348592,0.0,1.963225999484878,-0.4492176597924542,0.03691085901990136,0.00559523309019138,0.5216282755614557,0.002239042782592982,0.0,0.0,2.406409280762168,-0.0719307655973336,1.0,0.0,1.793559837329376,-2.131160705266665,0.0,0.0,0.001071364975769179,-0.0001282689246375895,5.195020871051532e-06,-9.652952619095184e-06,-0.001203207046790364,3.596545472943241e-05,0.0,0.0,-0.001203204640381084,3.596538279866681e-05,3.584997914917294e-05,-4.360726404809912e-05,0.002191077910500583,-0.0002210251893241241,-0.001113452658336775,0.0001323052687336318,0.001209462947532144,3.58408978976291e-06,-0.0009816129997424392,0.0002246088298962271,3.691085901990136e-05,5.59523309019138e-06
3,2154434.690031847,0.0,1.95507613122593,-0.4705707746317009,0.03691900605410778,0.00836892846367885,0.521623153115324,0.00359207353631488,0.0,0.0,2.405982582047947,-0.08111507840640303,1.0,0.0,1.781583032126626,-2.0865062114576,0.0,0.0,0.001069015216147995,-0.0001370510713683687,5.597989398833943e-06,-1.013062254497711e-05,-0.001202993697006555,4.055762031827992e-05,0.0,0.0,-0.001202991291023974,4.055753920320152e-05,3.560538828719424e-05,-4.275255387594447e-05,0.002187445324861399,-0.0002348526184102591,-0.001111514134571737,0.0001387918363101731,0.001209905304172303,4.332394763662981e-07,-0.000977538065612965,0.0002352853873158505,3.691900605410779e-05,8.36892846367885e-06
3,2238721.138568301,0.0,1.946300112233436,-0.4923618612190322,0.03694174253465008,0.0111583153818969,0.5216245731744932,0.004952341101008633,0.0,0.0,2.405487072164497,-0.09042297201242122,1.0,0.0,1.769339799035809,-2.044663764972651,0.0,0.0,0.001066470015839621,-0.0001459663374155651,6.02976621189904e-06,-1.063854983137267e-05,-0.00120274594156932,4.521157642918261e-05,0.0,0.0,-0.001202743536082248,4.521148600621061e-05,3.535506237757467e-05,-4.195555266029691e-05,0.002183514390355124,-0.000248917681189739,-0.001109423570543888,0.0001454260608171748,0.001210362387938294,-2.736258218361488e-06,-0.0009731500561167179,0.0002461809306095161,3.694174253465008e-05,1.115831538189691e-05
3,2326305.067153586,0.0,1.936858079041311,-0.5145941321087185,0.0369794562876667,0.01396775636089836,0.5216326826885813,0.006322006346337533,0.0,0.0,2.404919230032401,-0.0998682563293189,1.0,0.0,1.756769307529088,-2.005546858703884,0.0,0.0,0.001063717445519849,-0.0001550199313588019,6.492129249269671e-06,-1.11791902038317e-05,-0.00120246201993543,4.993422803291577e-05,0.0,0.0,-0.0012024596150162,4.993412816465945e-05,3.509775206615145e-05,-4.121458398091392e-05,0.00217926682978495,-0.0002632286585434268,-0.001107171203305238,0.000152211244909925,0.001210835853406215,-5.931077894935165e-06,-0.0009684290395206557,0.0002572970660543593,3.69794562876667e-05,1.396775636089837e-05
3,2417315.480804062,0.0,1.926708052606674,-0.537268431454327,0.0370326602436665,0.01680167234229218,0.5216476882382302,0.007703261606821575,0.0,0.0,2.404275022837457,-0.1094649490342303,1.0,0.0,1.743810482883627,-1.969069913119958,0.0,0.0,0.001060744824547724,-0.0001642164387159611,6.986920320711736e-06,-1.175522362776808e-05,-0.001202139915693751,5.473258398206421e-05,0.0,0.0,-0.001202137511418729,5.473247451711517e-05,3.483220046204001e-05,-4.052799154004592e-05,0.002174683248807478,-0.0002777928967230889,-0.001104746707568646,0.0001591502339868128,0.00121132729579609,-9.158143727494166e-06,-0.0009633540263033368,0.0002686342157271635,3.70326602436665e-05,1.680167234229218e-05
3,2511886.431509537,0.0,1.91580595244225,-0.5603829582120368,0.03710200064382093,0.01966454930515363,0.5216698601038825,0.009098334265793989,0.0,0.0,2.403549870647985,-0.1192272880431219,1.0,0.0,1.730401895688786,-1.935147915975998,0.0,0.0,0.001057538714476572,-0.0001735597495333557,7.516039252291496e-06,-1.236957357543809e-05,-0.001201777338873863,5.961376324884898e-05,0.0,0.0,-0.001201774935323992,5.961364402156093e-05,3.455714071520336e-05,-3.98941319445133e-05,0.002169743130081849,-0.0002926166950635966,-0.001102139191571844,0.0001662453564384436,0.001211838238054772,-1.242465557462013e-05,-0.0009579029762211253,0.0002801914791060184,3.710200064382093e-05,1.966454930515363e-05
3,2610157.215682491,0.0,1.90410563283676,-0.5839329685941586,0.03718826663018164,0.02256094469274774,0.5216995370437654,0.01050949027078929,0.0,0.0,2.402738606588926,-0.1291697425463794,1.0,0.0,1.716481681310908,-1.903696044189672,0.0,0.0,0.001054084917196663,-0.0001830529797792885,8.081436207195333e-06,-1.302542740625737e-05,-0.001201371706033069,6.458500044293226e-05,0.0,0.0,-0.001201369303294463,6.458487127318971e-05,3.427129417715768e-05,-3.931136712004937e-05,0.002164424835217301,-0.0003077051842664398,-0.001099337197131914,0.0001734983589986722,0.001212370114693289,-1.573811603639251e-05,-0.00095205281641838,0.0002919664842970793,3.718826663018164e-05,2.256094469274774e-05
3,2712272.579331981,0.0,1.891558945097005,-0.6079104580493391,0.03729240132432422,0.02549549355056909,0.5217371318370629,0.01193903752888709,0.0,0.0,2.401835432275247,-0.1393070222068548,1.0,0.0,1.701987492402491,-1.874629268327932,0.0,0.0,0.001050368478701463,-0.0001926983864900117,8.685101911628603e-06,-1.372625779842913e-05,-0.001200920117973056,6.965365041044963e-05,0.0,0.0,-0.001200917716137624,6.965351110342741e-05,3.397336920567688e-05,-3.877805636486738e-05,0.002158705616110778,-0.0003230621952285703,-0.001096328704716779,0.0001809103371878534,0.001212924252003332,-1.91063582934423e-05,-0.0009457794725485025,0.0003039552290246695,3.729240132432422e-05,2.549549355056909e-05
3,2818382.931264404,0.0,1.878115830103829,-0.6323038234999719,0.03741551450433028,0.02847291425099512,0.5217831376513438,0.01338932911955204,0.0,0.0,2.400833868199221,-0.1496540840532655,1.0,0.0,1.686856487920706,-1.84786194054851,0.0,0.0,0.001046373699565617,-0.0002024972767196709,9.329055493728499e-06,-1.447584513468987e-05,-0.001200419334933478,7.48271916807168e-05,0.0,0.0,-0.00120041693409961,7.482704202663274e-05,3.366206068196686e-05,-3.829254805713276e-05,0.002152561637417315,-0.0003386901185610877,-0.001093101144438849,0.000188481660928233,0.00121350184424957,-2.253757450727879e-05,-0.0009390579150519148,0.000316151911749986,3.741551450433028e-05,2.847291425099512e-05
3,2928644.564625185,0.0,1.863724445816064,-0.6570975071164304,0.03755889699363098,0.0314980136553499,0.5218381352954711,0.01486276624979378,0.0,0.0,2.399726698764685,-0.160226136522507,1.0,0.0,1.67102536248046,-1.823307367333268,0.0,0.0,0.001042084153315179,-0.0002124499104728533,1.001532962329528e-05,-1.52783007030722e-05,-0.001199865749109041,8.011322848739002e-05,0.0,0.0,-0.001199863349382343,8.01130682612535e-05,3.333605031605773e-05,-3.785317104058404e-05,0.002145968012042387,-0.0003545897551502508,-0.001089641413953887,0.0001962118955196601,0.00121410392540991,-2.604034449452823e-05,-0.0009318622229080319,0.0003285487535582152,3.755889699363099e-05,3.14980136553499e-05
3,3043219.887107668,0.0,1.848331334666607,-0.6822716235610876,0.0377240368764037,0.03457569153617965,0.5219028014201457,0.01636180086190958,0.0,0.0,2.398505911668513,-0.1710386400148806,1.0,0.0,1.654430420194819,-1.800877368945449,0.0,0.0,0.001037482713959412,-0.0002225553979500194,1.074595262292122e-05,-1.613809052432896e-05,-0.001199255354340168,8.55194910460803e-05,0.0,0.0,-0.001199252955834257,8.551932000744031e-05,3.29940078228248e-05,-3.745822572411488e-05,0.002138898851681307,-0.0003707601583622817,-0.001085935904318033,0.0002040997182939375,0.001214731336016668,-2.962366431011469e-05,-0.0009241656673333038,0.0003411358117805438,3.77240368764037e-05,3.457569153617966e-05
3,3162277.660168324,0.0,1.831881636053869,-0.707801573400878,0.03791263765217944,0.03771094405090362,0.5219779177275197,0.01788893778758745,0.0,0.0,2.397162631347478,-0.182107303226134,1.0,0.0,1.637007697432641,-1.780481828246754,0.0,0.0,0.001032551594028167,-0.0002328115916133966,1.152292720818888e-05,-1.70600595605497e-05,-0.00119858371283637,9.105383372037024e-05,0.0,0.0,-0.001198581315673739,9.1053651613067e-05,3.263459305674411e-05,-3.710597494485016e-05,0.002131327334548565,-0.0003871984687871786,-0.001081970534919569,0.0002121428314210277,0.001215384684639995,-3.329697428516614e-05,-0.0009159408180269348,0.000353900786700439,3.791263765217944e-05,3.771094405090362e-05
3,3285993.247600596,0.0,1.814319349316918,-0.7336576462711908,0.03812663843619005,0.04090886602267625,0.5220643812484925,0.01944673632370717,0.0,0.0,2.395687046240439,-0.1934480744095712,1.0,0.0,1.618693139128204,-1.762028232328509,0.0,0.0,0.001027272394522216,-0.0002432149737924688,1.234820550769711e-05,-1.804945599417671e-05,-0.001197845918807265,9.672423065286002e-05,0.0,0.0,-0.001197843523120219,9.67240372047856e-05,3.22564591977962e-05,-3.679463466022828e-05,0.002123225792531163,-0.0004038997427573734,-0.001077730798647134,0.0002203378715166238,0.001216064303553355,-3.70701859641322e-05,-0.0009071596746584589,0.0003668288231355954,3.812663843619006e-05,4.090886602267626e-05
3,3414548.873833541,0.0,1.79558765266693,-0.7598046183792534,0.03836823630073162,0.04417465174535172,0.5221632157408351,0.02103781108481369,0.0,0.0,2.394068329664253,-0.2050771266006791,1.0,0.0,1.599422833384893,-1.745421211346247,0.0,0.0,0.001021626168219603,-0.0002537605407834098,1.322366001472263e-05,-1.911195519297227e-05,-0.001197036558900456,0.0001025387683774662,0.0,0.0,-0.001197034164832126,0.0001025385633003396,3.185825708335023e-05,-3.652236455288977e-05,0.002114565820053677,-0.0004208567762664418,-0.001073201818487191,0.0002286803169068152,0.00121677019813256,-4.095370727219696e-05,-0.0008977938263334652,0.0003799023091896267,3.836823630073162e-05,4.417465174535172e-05
3,3548133.892335691,0.0,1.77562928350006,-0.7862013500604049,0.03863991083529037,0.04751359398712351,0.5222755842525778,0.02266483196507486,0.0,0.0,2.392294554170776,-0.2170108357066686,1.0,0.0,1.57913330909571,-1.730562079997357,0.0,0.0,0.001015593497791512,-0.000264441684668007,1.415105013357866e-05,-2.025368289468591e-05,-0.001196149669379942,0.00010850563486417,0.0,0.0,-0.001196147277085388,0.0001085054178533343,3.143864078082488e-05,-3.628725865274449e-05,0.0021053184069473,-0.0004380599263505401,-0.001068368416743098,0.0002371643936320833,0.001217501989567987,-4.49584651189879e-05,-0.0008878146417500299,0.0003931006750302025,3.863991083529037e-05,4.751359398712351e-05
3,3686945.06451951,0.0,1.754386985302899,-0.8128003903389514,0.03894445097808508,0.05093108082218227,0.5224028028824502,0.02433052301880799,0.0,0.0,2.390352599345445,-0.2292657502256098,1.0,0.0,1.557761901124608,-1.717348388240263,0.0,0.0,0.001009154590150121,-0.0002752500743725683,1.513198400770199e-05,-2.148123705582624e-05,-0.001195178690025322,0.0001146331043785551,0.0,0.0,-0.001195176299672723,0.0001146328751128049,3.099627449278618e-05,-3.608733610331521e-05,0.002095454097556756,-0.0004554969324787504,-0.001063215198039119,0.000245782981528192,0.001218258850518322,-4.909592450888391e-05,-0.0008771934926514497,0.0004064001951694757,3.894445097808508e-05,5.093108082218227e-05
3,3831186.849557219,0.0,1.731804025943512,-0.8395475967825088,0.03928498413764696,0.05443258987232264,0.5225463557518851,0.02603766004374397,0.0,0.0,2.38822805312968,-0.241858551216879,1.0,0.0,1.535247187218896,-1.705673489107246,0.0,0.0,0.001002289388375419,-0.0002861755378121,1.616787535591188e-05,-2.280170771316921e-05,-0.001194116414792893,0.0001209295174669907,0.0,0.0,-0.00119411402656484,0.0001209292756084395,3.052984087920917e-05,-3.592053222407283e-05,0.002084943178183024,-0.0004731527410226162,-0.00105772664720051,0.0002545275219946047,0.001219039433407242,-5.337810308376442e-05,-0.0008659020129717561,0.0004197737983912544,3.928498413764696e-05,5.443258987232264e-05
3,3981071.705534901,0.0,1.707824791478618,-0.8663817803522111,0.03966500757864223,0.05802367949189735,0.522707911180419,0.02778906662564432,0.0,0.0,2.385905106903881,-0.254806000999852,1.0,0.0,1.511529500216462,-1.69542613278995,0.0,0.0,0.0009949777024329115,-0.0002972059473069083,1.725989510101838e-05,-2.422269410618682e-05,-0.001192954939357047,0.000127403255305927,0.0,0.0,-0.00119295255345194,0.000127403000499926,3.003805087015959e-05,-3.578469004656832e-05,0.002073755894730647,-0.000491009336431534,-0.001051887242980734,0.0002633879293523489,0.001219841791166548,-5.781757987364813e-05,-0.0008539123957393089,0.0004331908901761056,3.966500757864224e-05,5.802367949189735e-05
3,4136820.402388433,0.0,1.682395458660098,-0.8932343864077127,0.0400884219898822,0.06170997638129862,0.5228893390274482,0.02958760837743925,0.0,0.0,2.383366444759516,-0.2681248789157359,1.0,0.0,1.486551518233898,-1.686490097545168,0.0,0.0,0.0009871993596952539,-0.0003083271108143965,1.84089176539309e-05,-2.575231820596262e-05,-0.001191685605746203,0.0001340627075827468,0.0,0.0,-0.001191683222379758,0.0001340624394578679,2.951965502538808e-05,-3.567755252911157e-05,0.002061862702090135,-0.000509045583316542,-0.001045681588429243,0.0002723525079954409,0.001220663290364628,-6.24274968782993e-05,-0.0008411977293300492,0.0004466171932038564,4.008842198988221e-05,6.170997638129862e-05
3,4298662.3470822,0.0,1.655464748052621,-0.9200292244807546,0.04055956708297291,0.06549715906813947,0.523092729127565,0.03143618508170415,0.0,0.0,2.380593127622175,-0.2818319023541302,1.0,0.0,1.460258934336003,-1.678743869336225,0.0,0.0,0.000978934376003715,-0.0003195226718786665,1.96154618194457e-05,-2.739923369472111e-05,-0.001190298944404215,0.0001409162330089674,0.0,0.0,-0.001190296563811088,0.0001409159511770651,2.897345647455164e-05,-3.559675568172172e-05,0.00204923454632314,-0.00052723708422343,-0.001039094558450276,0.0002814078778415607,0.001221500516832082,-6.722155195382734e-05,-0.0008277323740263107,0.0004600146122403773,4.055956708297291e-05,6.549715906813947e-05
3,4466835.921509551,0.0,1.626984758043375,-0.9466822608261116,0.04108325898608527,0.06939093665386531,0.5233204107033774,0.03333772042326172,0.0,0.0,2.377564473165773,-0.2959436311286983,1.0,0.0,1.432601205660164,-1.672060383437009,0.0,0.0,0.0009701631476441985,-0.0003307740215447996,2.08796264194827e-05,-2.917262934415488e-05,-0.00118878461414736,0.0001479721115079803,0.0,0.0,-0.001188782236582887,0.0001479718155643492,2.839832544232815e-05,-3.553982285899742e-05,0.002035843180117045,-0.0005455560584345889,-0.00103211146478889,0.0002905389108809747,0.0012223491741106,-7.221398133927236e-05,-0.0008134923790216874,0.0004733411304130558,4.108325898608528e-05,6.93909366538653e-05
3,4641588.833612694,0.0,1.596911878007437,-0.9731014890222829,0.0416648290979179,0.07339702218955585,0.523574972588353,0.03529514898050703,0.0,0.0,2.374257932784748,-0.3104763531943135,1.0,0.0,1.403532380075154,-1.666306842413578,0.0,0.0,0.0009608666641615221,-0.0003420602258052963,2.22010208876686e-05,-3.108222565558655e-05,-0.001187131340650307,0.0001552384870735099,0.0,0.0,-0.001187128966392374,0.0001552381765971567,2.779321532606605e-05,-3.550416050210477e-05,0.002021661511225425,-0.0005639712476500653,-0.001024718238285274,0.0002997286818890305,0.001223203975309828,-7.741953003743591e-05,-0.0007984559390037186,0.0004865507445111415,4.16648290979179e-05,7.339702218955585e-05
3,4823178.482239218,0.0,1.565207776471806,-0.999186894940699,0.0423101639515254,0.07752110002158791,0.5238592840325084,0.03731140013148025,0.0,0.0,2.370648967267234,-0.3254459496418144,1.0,0.0,1.373011996177476,-1.661344625881101,0.0,0.0,0.0009510267413877366,-0.0003533579724149249,2.357869127696458e-05,-3.313826355698212e-05,-0.001185326854282583,0.0001627233002668568,0.0,0.0,-0.001185324483633617,0.0001627229748209072,2.715718024950921e-05,-3.548705563066712e-05,0.002006663982705244,-0.0005824478548288286,-0.001016901627765229,0.000308958436593329,0.001224058529261564,-8.285340817158383e-05,-0.0007826038882359031,0.0004995934474703495,4.23101639515254e-05,7.752110002158791e-05
3,5011872.336272631,0.0,1.531840457297875,-1.024830533133023,0.04302574550632488,0.08176878643955932,0.5241765157957157,0.03938937852581427,0.0,0.0,2.3667109232381,-0.3408677368983442,1.0,0.0,1.341006049769957,-1.657029308118524,0.0,0.0,0.00094062627341715,-0.0003646415411090592,2.501104233949652e-05,-3.53514839081996e-05,-0.001183357828329973,0.000170434209316909,0.0,0.0,-0.00118335546161905,0.0001704338684491721,2.648939396456391e-05,-3.548567539914457e-05,0.001990826982700626,-0.0006009475227834491,-0.00100864941437781,0.0003182075807491302,0.00122490522221123,-8.853123138640466e-05,-0.0007659202286489376,0.0005124152665665116,4.302574550632487e-05,8.176878643955932e-05
3,5207948.328595368,0.0,1.496785373696972,-1.049916731992065,0.04381869114005998,0.08614558296980271,0.5245301611574217,0.04153194077874496,0.0,0.0,2.362414912913839,-0.3567562841148172,1.0,0.0,1.307488016946509,-1.653210799906265,0.0,0.0,0.0009296495015298778,-0.0003758828013613463,2.649575658333721e-05,-3.773309655468805e-05,-0.001181209818871832,0.0001783784988136927,0.0,0.0,-0.001181207456456919,0.0001783781420574086,2.578916991441733e-05,-3.549706903828709e-05,0.001974129280314671,-0.0006194283592730556,-0.0009999506395569208,0.0003274536936559574,0.001225735096680812,-9.446894336029094e-05,-0.0007483926868484859,0.0005249583659960324,4.381869114005998e-05,8.614558296980272e-05
3,5411695.265464537,0.0,1.460026586353434,-1.074322444807071,0.04469679245251783,0.09065682169265968,0.52492405638858,0.04374186806085338,0.0,0.0,2.357729700226249,-0.3731252038520907,1.0,0.0,1.272439920568434,-1.649733630723868,0.0,0.0,0.0009180822972526398,-0.0003870512417930572,2.802971148132619e-05,-4.029473769975124e-05,-0.001178867207842824,0.0001865629750512492,0.0,0.0,-0.001178864850113125,0.0001865626019260454,2.505598220644727e-05,-3.551817249829648e-05,0.001956552482773524,-0.0006378450152860243,-0.0009907958440840275,0.0003366725696189454,0.001226537729570221,-0.0001006827185600442,-0.0007300132931767169,0.0005371612224035352,4.469679245251783e-05,9.065682169265968e-05
3,5623413.251903387,0.0,1.421557948131845,-1.097917762941029,0.04566855182221018,0.0953076020253352,0.5253624001430801,0.04602183428965511,0.0,0.0,2.352621596920259,-0.3899869143993698,1.0,0.0,1.235853423334211,-1.646437386593409,0.0,0.0,0.0009059124558742498,-0.0003981140351702883,2.960889629650124e-05,-4.304841444522106e-05,-0.001176313151081726,0.0001949938471865993,0.0,0.0,-0.001176310798460129,0.0001949934571996849,2.42894871737143e-05,-3.554581609426009e-05,0.001938081507650594,-0.0006561488229005022,-0.000981177314975018,0.000345838290699424,0.001227301112026723,-0.0001071888435122251,-0.0007107789740659226,0.0005489588814705146,4.566855182221018e-05,9.53076020253352e-05
3,5843414.133735067,0.0,1.381384293900638,-1.120566605694867,0.04674321548017192,0.100102718509427,0.5258497711340752,0.04837436967907278,0.0,0.0,2.347054372800272,-0.4073523723875271,1.0,0.0,1.197730926921841,-1.643157317275206,0.0,0.0,0.0008931299958283706,-0.0004090361425716504,3.122833028930379e-05,-4.600643548836861e-05,-0.001173529533454508,0.0002036765935461359,0.0,0.0,-0.001173527186400136,0.0002036761861937636,2.348954513146264e-05,-3.557673542417619e-05,0.001918705062427133,-0.0006742879985149406,-0.0009710893361325398,0.0003549233337861168,0.001228011534092521,-0.0001140035751009014,-0.000690692146950319,0.0005602833028474337,4.674321548017192e-05,0.000100102718509427
3,6072021.956909773,0.0,1.33952261006036,-1.142127598894284,0.04793080168701931,0.1050465792776034,0.5263911433682604,0.05080181947254002,0.0,0.0,2.340989184872231,-0.4252307748108682,1.0,0.0,1.158086652959293,-1.639725124123405,0.0,0.0,0.0008797274584503023,-0.0004197804597554089,3.288198437271599e-05,-4.918132716653414e-05,-0.0011704969334253,0.0002126158126362089,0.0,0.0,-0.001170494592436116,0.0002126153874054341,2.265624186269946e-05,-3.560758578369404e-05,0.001898416122175125,-0.0006922079163161868,-0.0009605284379243725,0.0003638987145321571,0.001228653477622336,-0.0001211429747414455,-0.0006697613050301802,0.000571063799447142,4.793080168701931e-05,0.0001050465792776034
3,6309573.444801815,0.0,1.296003154604079,-1.162455150768812,0.04924212242742141,0.1101431150511288,0.5269918981219787,0.05330629777691917,0.0,0.0,2.334384530683888,-0.443629230155859,1.0,0.0,1.116947678027377,-1.635969936623167,0.0,0.0,0.0008657002017563933,-0.0004303080079856858,3.456270856957033e-05,-5.258573431597383e-05,-0.001167194599726474,0.0002218150587071596,0.0,0.0,-0.001167192265341944,0.0002218146150779295,2.178990929795827e-05,-3.563496023825092e-05,0.001877212394730701,-0.0007098514555733104,-0.0009494936401042292,0.0003727341700328485,0.001229209521425508,-0.0001286227177337536,-0.0006480015773020393,0.000581227575384406,4.924212242742141e-05,0.0001101431150511288
3,6556418.494179667,0.0,1.250870495174436,-1.181400729255377,0.05068879687856087,0.1153956787416719,0.5276578317614254,0.05588963652892401,0.0,0.0,2.327196231677318,-0.4625523990638361,1.0,0.0,1.074354891723488,-1.631719481426056,0.0,0.0,0.0008510466811306391,-0.0004405781705862366,3.626216788567017e-05,-5.623230576092801e-05,-0.00116360044303489,0.0002312766620843171,0.0,0.0,-0.001163598115838659,0.000231276199531918,2.089114479275361e-05,-3.565541143199445e-05,0.001855096761464081,-0.0007271594236999972,-0.0009379866818300595,0.0003813983812550187,0.001229660263006367,-0.0001364578776715788,-0.0006254352475872182,0.0005907003646276885,5.068879687856087e-05,0.0001153956787416719
3,6812920.690579485,0.0,1.204184429856636,-1.198814339465277,0.0522832547756647,0.1208069359981676,0.5283951584402234,0.05855332976384633,0.0,0.0,2.319377452805567,-0.482002105831595,1.0,0.0,1.030363844241085,-1.626801442589636,0.0,0.0,0.0008357687091906374,-0.000450548975283141,3.797078942531574e-05,-6.013356467265252e-05,-0.001159691045780236,0.0002410015349179033,0.0,0.0,-0.001159688726402783,0.0002410010529157975,1.996082835643715e-05,-3.566547711403681e-05,0.001832077680737526,-0.0007440710550253289,-0.0009260122320028374,0.0003898592351780639,0.001229984261624778,-0.0001446626864783515,-0.0006020922149283179,0.0005994071697326385,5.22832547756647e-05,0.0001208069359981676
3,7079457.843841247,0.0,1.156020753613559,-1.214546193778076,0.0540387276989634,0.1263787473516029,0.5292105066568147,0.06129847351759386,0.0,0.0,2.310878764995576,-0.5019769230781497,1.0,0.0,0.9850454481893715,-1.621045005780902,0.0,0.0,0.0008198716867062195,-0.0004601774209938847,3.967772372330089e-05,-6.430176453167211e-05,-0.001155441693376553,0.0002509889635159979,0.0,0.0,-0.001155439382497788,0.0002509884615390749,1.900013715286547e-05,-3.566170924760215e-05,0.001808169540473485,-0.0007605245828836957,-0.000913578072796975,0.0003980841253851952,0.001230158007645951,-0.000153250271448465,-0.0005780103768067797,0.0006072730968890379,5.40387276989634e-05,0.0001263787473516029
3,7356422.544596274,0.0,1.106471832581887,-1.228448560010335,0.05596922625380325,0.1321120429642483,0.5301109086273424,0.06412570187561291,0.0,0.0,2.301648257225968,-0.5224717330700012,1.0,0.0,0.9384864987304311,-1.614282572554753,0.0,0.0,0.0008033647963129678,-0.0004694198461577398,4.137082333011749e-05,-6.874873198055366e-05,-0.001150826430261241,0.0002612363890067337,0.0,0.0,-0.001150824128612984,0.0002612358665350006,1.801055658115567e-05,-3.56407064391633e-05,0.001783392946026783,-0.0007764578800376025,-0.0009006952491337067,0.0004060402884800141,0.001230155923264007,-0.0001622323715838756,-0.0005532359162909436,0.0006142242800051674,5.596922625380326e-05,0.0001321120429642483
3,7644222.742525859,0.0,1.055646949141292,-1.240377765565135,0.05808950112052904,0.1380066913792253,0.5311037814328821,0.06703511988307542,0.0,0.0,2.291631704993614,-0.5434772704850093,1.0,0.0,0.8907899767696564,-1.606351623669919,0.0,0.0,0.0007862611509552656,-0.0004782323340329631,4.303664164663025e-05,-7.348569845458356e-05,-0.001145818144128512,0.000271739178719775,0.0,0.0,-0.001145815852496807,0.0002717386352425046,1.699388725814546e-05,-3.559914928671723e-05,0.001757774929855121,-0.0007918091596687493,-0.0008873781770059874,0.0004136951722460841,0.001229950399637526,-0.000171619036508416,-0.000527823474570646,0.0006201888827825677,5.808950112052904e-05,0.0001380066913792253
3,7943282.347242665,0.0,1.003672382937303,-1.250196327685417,0.06041498602409195,0.1440613640827067,0.5321968989386429,0.07002623424514234,0.0,0.0,2.280772801730365,-0.5649796527817191,1.0,0.0,0.8420751020843914,-1.597096703025126,0.0,0.0,0.0007685778895512932,-0.0004865711486821689,4.466045484494798e-05,-7.85231231041259e-05,-0.001140388681637984,0.0002824903913705122,0.0,0.0,-0.001140386400865183,0.0002824898263908596,1.595224726653672e-05,-3.553383810424148e-05,0.00173134907038152,-0.0008065177263267258,-0.0008736447040332551,0.0004210168299727812,0.001229511875240486,-0.00018141831228769,-0.0005018361914686516,0.0006250981638427083,6.041498602409195e-05,0.0001440613640827067
3,8254041.852680027,0.0,0.950691197014696,-1.257775172259657,0.06296172082483792,0.1502733981229548,0.5333983535620562,0.07309788296809686,0.0,0.0,2.269013459267015,-0.586959905792884,1.0,0.0,0.7924771070414737,-1.586371486517828,0.0,0.0,0.0007503362133192346,-0.0004943931937142904,4.622630942165459e-05,-8.387051015052581e-05,-0.001134508998646966,0.0002934805398563478,0.0,0.0,-0.001134506729633507,0.000293479952896442,1.488806910646195e-05,-3.54417323396078e-05,0.001704155508985542,-0.0008205247634493111,-0.0008595161164338949,0.0004279743339129227,0.001228808959786997,-0.000191635919544311,-0.000475345598507348,0.0006288875861298284,6.296172082483792e-05,0.0001502733981229548
3,8576958.985908778,0.0,0.8968627039518786,-1.262995896462038,0.06574625316937312,0.1566386594635963,0.5347165070903723,0.07624816531418856,0.0,0.0,2.256294182696276,-0.6093934936361021,1.0,0.0,0.7421467069847123,-1.574040893324321,0.0,0.0,0.0007315613575466992,-0.0005016564843432214,4.771709750147567e-05,-8.953622441853328e-05,-0.00112814934764232,0.0003046973562115447,0.0,0.0,-0.001128147091348138,0.0003046967468180511,1.38040908941906e-05,-3.53199908732228e-05,0.001676240856257623,-0.0008337741415201744,-0.0008450170877545085,0.0004345381994996234,0.001227808607418978,-0.0002022749302932591,-0.0004484313519759393,0.0006314979482310193,6.574625316937312e-05,0.0001566386594635963
3,8912509.381337285,0.0,0.8423615943262671,-1.265753024279217,0.06878551746893329,0.1631514101664389,0.5361599299190165,0.07947437365648943,0.0,0.0,2.242554523938188,-0.6322498634798256,1.0,0.0,0.6912492504209111,-1.559983191178439,0.0,0.0,0.0007122824953015167,-0.0005083206220654057,4.911466144411086e-05,-9.552730933100449e-05,-0.001121279504523618,0.0003161255639897763,0.0,0.0,-0.001121277261969094,0.0003161249317399128,1.270334148881587e-05,-3.516601227234444e-05,0.001647657981472576,-0.0008462132287746294,-0.0008301755661745819,0.0004406808108148724,0.001226476341947847,-0.0002133354508819976,-0.0004211807971631336,0.0006328765121396085,6.878551746893329e-05,0.0001631514101664389
3,9261187.281287758,0.0,0.7873767188220979,-1.26595619911145,0.07209669039419762,0.1698041828834009,0.5377373283002572,0.08277292901538338,0.0,0.0,2.227733616947016,-0.6554920170613125,1.0,0.0,0.639963540644273,-1.544092042592559,0.0,0.0,0.000692532571623182,-0.0005143472603488242,5.039992861231582e-05,-0.0001018493121037818,-0.001113869036207125,0.0003277466640226735,0.0,0.0,-0.001113866808473508,0.0003277460085306563,1.158911939285868e-05,-3.497747398930531e-05,0.001618465682608547,-0.0008577936847656727,-0.0008150225989722731,0.0004463768369602772,0.00122477653582078,-0.000224814319253749,-0.000393688359411049,0.0006329780995557251,7.209669039419763e-05,0.0001698041828834009
3,9623506.263980702,0.0,0.7321095255356936,-1.263532254535406,0.07569702258815833,0.1765876664682901,0.5394574594564832,0.0861393222254248,0.0,0.0,2.211770795815912,-0.6790761220607391,1.0,0.0,0.5884803301508518,-1.526278435996714,0.0,0.0,0.0006723480690213786,-0.0005197005492507956,5.155307635145383e-05,-0.0001085061212090152,-0.001105887609678751,0.0003395387401064915,0.0,0.0,-0.001105885397907956,0.0003395380610303696,1.046496546046313e-05,-3.475236943806131e-05,0.001588728238035273,-0.0008684722162091115,-0.0007995920947309922,0.0004516036285075881,0.001222672743157901,-0.0002367048254091553,-0.0003660547627678468,0.000631766127267703,7.569702258815833e-05,0.0001765876664682901
3,10000000.0,0.0,0.6767721651495185,-1.258427103312699,0.07960364689665843,0.1834906067774826,0.5413290347202904,0.08956806281009486,0.0,0.0,2.19460629504468,-0.70295117742578,1.0,0.0,0.5370004997405914,-1.506472444785457,0.0,0.0,0.0006517687075401971,-0.0005243475469202119,5.255372633363309e-05,-0.000115499821355987,-0.001097305342128635,0.0003514762916640674,0.0,0.0,-0.00109730314752234,0.00035147558871289,9.334629649876183e-06,-3.448904186863142e-05,0.001558514845055976,-0.0008782112744573924,-0.0007839205259960562,0.0004563415831630446,0.001220128085709051,-0.0002489964643739404,-0.0003383860825747593,0.0006292135516563495,7.960364689665844e-05,0.0001834906067774826
