case,vtest,v(out),v(source),v(vn),v(gate),v(set),v(vp),i(vp),i(vset),i(rs),i(vn),i(vtest),id(m1)
1,0.0,0.0,0.0,-12.0,11.49841465739085,0.1,12.0,-2.36743024868008e-06,-1.000000000000001e-10,0.0,2.581047905096083e-06,0.0,0.0
1,0.05,0.05,0.04739738847432887,-12.0,11.49839329548703,0.1,12.0,-2.411165640071877e-06,-1.000000000000001e-10,0.0004739738847432887,2.602084884645924e-06,-0.0004739739321406589,0.0004739739321406311
1,0.1,0.1,0.09477019476117773,-12.0,11.49822324758162,0.1,12.0,-2.692981838747777e-06,-1.000000000000001e-10,0.0009477019476117774,2.835860678544603e-06,-0.000947702042381593,0.0009477020423821758
1,0.15,0.15,0.09999686489756031,-12.0,3.128420057845553,0.1,12.0,-0.001104043157008544,-1.000000000000001e-10,0.000999968648975603,0.001104074704895014,-0.0009999687489725684,0.0009999687489725684
1,0.2,0.2,0.09999734390587137,-12.0,2.650474570993428,0.1,12.0,-0.001116482631371929,-1.000000000000001e-10,0.0009999734390587138,0.001116509389654657,-0.0009999735390560094,0.000999973539056176
1,0.25,0.25,0.0999974864284065,-12.0,2.508263906720925,0.1,12.0,-0.001119763591189635,-1.000000000000001e-10,0.000999974864284065,0.001119788924389645,-0.0009999749642823907,0.000999974964281114
1,0.3,0.3,0.09999754507929975,-12.0,2.449740832678531,0.1,12.0,-0.001121058607965839,-1.000000000000001e-10,0.0009999754507929975,0.001121083354715655,-0.0009999755507910102,0.000999975550790566
1,0.35,0.35,0.0999975702215008,-12.0,2.424653381404815,0.1,12.0,-0.001121603943468719,-1.000000000000001e-10,0.000999975702215008,0.001121628438822159,-0.0009999758022121163,0.0009999758022127825
1,0.4,0.4,0.09999757860184066,-12.0,2.416291228263467,0.1,12.0,-0.00112178480666765,-1.000000000000001e-10,0.0009999757860184066,0.001121809218040795,-0.0009999758862009323,0.0009999758860163022
1,0.45,0.45,0.09999757912427909,-12.0,2.415769913721112,0.1,12.0,-0.00112179563853658,-1.000000000000001e-10,0.0009999757912427909,0.001121820044870589,-0.0009999758912400125,0.0009999758912404566
1,0.5,0.5,0.09999757920276808,-12.0,2.415691595425221,0.1,12.0,-0.001121797331636032,-1.000000000000001e-10,0.0009999757920276808,0.001121821737182199,-0.000999975892028715,0.0009999758920259394
1,0.55,0.55,0.09999757928180553,-12.0,2.415612729792685,0.1,12.0,-0.001121799023413597,-1.000000000000001e-10,0.0009999757928180553,0.001121823428172589,-0.000999975892815641,0.0009999758928169733
1,0.6000000000000001,0.6000000000000001,0.09999757936047271,-12.0,2.415534233704359,0.1,12.0,-0.001121800713870982,-1.000000000000001e-10,0.000999975793604727,0.001121825117843395,-0.000999975893601679,0.000999975893601901
1,0.65,0.65,0.09999757943908105,-12.0,2.415455796173491,0.1,12.0,-0.001121802403009894,-1.000000000000001e-10,0.0009999757943908105,0.001121826806196297,-0.000999975894388605,0.000999975894389049
1,0.7000000000000001,0.7000000000000001,0.09999757951763089,-12.0,2.415377417127445,0.1,12.0,-0.00112180409083204,-1.000000000000001e-10,0.0009999757951763089,0.001121828493233015,-0.0009999758951737547,0.0009999758951739768
1,0.75,0.75,0.09999757959612221,-12.0,2.415299096493325,0.1,12.0,-0.001121805777339099,-1.000000000000001e-10,0.000999975795961222,0.001121830178955258,-0.0009999758959589045,0.0009999758959589045
1,0.8,0.8,0.09999757967455492,-12.0,2.415220834198674,0.1,12.0,-0.001121807462532765,-1.000000000000001e-10,0.0009999757967455493,0.001121831863364731,-0.0009999758967449424,0.0009999758967438321
1,0.8500000000000001,0.8500000000000001,0.09999757975292933,-12.0,2.415142630171122,0.1,12.0,-0.001121809146414743,-1.000000000000001e-10,0.0009999757975292934,0.001121833546463016,-0.0009999758975265394,0.0009999758975276496
1,0.9,0.9,0.09999757983124535,-12.0,2.415064484338275,0.1,12.0,-0.0011218108289867,-1.000000000000001e-10,0.0009999757983124536,0.001121835228251877,-0.0009999758983099127,0.000999975898311467
1,0.9500000000000001,0.9500000000000001,0.0999975799095032,-12.0,2.414986396628094,0.1,12.0,-0.001121812510250342,-1.000000000000001e-10,0.000999975799095032,0.001121836908732951,-0.0009999758990915097,0.000999975899093064
1,1.0,1.0,0.09999757998770309,-12.0,2.414908366968561,0.1,12.0,-0.001121814190207279,-1.000000000000001e-10,0.0009999757998770309,0.001121838587908014,-0.0009999758998748831,0.0009999758998757713
1,1.05,1.05,0.09999758006584436,-12.0,2.414830395287784,0.1,12.0,-0.001121815868859219,-1.000000000000001e-10,0.0009999758006584436,0.00112184026577862,-0.0009999759006564801,0.0009999759006573683
1,1.1,1.1,0.0999975801439279,-12.0,2.414752481513973,0.1,12.0,-0.00112181754620784,-1.000000000000001e-10,0.000999975801439279,0.001121841942346546,-0.0009999759014380771,0.0009999759014389653
1,1.15,1.15,0.09999758022195382,-12.0,2.414674625575504,0.1,12.0,-0.001121819222254836,-1.000000000000001e-10,0.0009999758022195381,0.001121843617613374,-0.0009999759022161214,0.0009999759022183419
1,1.2,1.2,0.09999758029992101,-12.0,2.414596827400825,0.1,12.0,-0.001121820897001885,-1.000000000000001e-10,0.00099997580299921,0.001121845291580784,-0.0009999759029977184,0.000999975902995498
1,1.25,1.25,0.09999758037783113,-12.0,2.414519086918672,0.1,12.0,-0.001121822570450556,-1.000000000000001e-10,0.0009999758037783112,0.001121846964250481,-0.000999975903777539,0.000999975903777095
1,1.3,1.3,0.09999758045568308,-12.0,2.414441404057562,0.1,12.0,-0.00112182424260264,-1.000000000000001e-10,0.0009999758045568308,0.001121848635624048,-0.000999975904553807,0.0009999759045564716
1,1.35,1.35,0.09999758053347774,-12.0,2.414363778746523,0.1,12.0,-0.001121825913459676,-1.000000000000001e-10,0.0009999758053347773,0.001121850305703234,-0.0009999759053336277,0.0009999759053358481
1,1.4,1.4,0.09999758061121444,-12.0,2.414286210914444,0.1,12.0,-0.001121827583023344,-1.000000000000001e-10,0.0009999758061121444,0.001121851974489649,-0.000999975906111672,0.0009999759061085634
1,1.45,1.45,0.09999758068889375,-12.0,2.414208700490514,0.1,12.0,-0.001121829251295337,-1.000000000000001e-10,0.0009999758068889376,0.001121853641984957,-0.00099997590688794,0.00099997590688794
1,1.5,1.5,0.09999758076651566,-12.0,2.414131247403855,0.1,12.0,-0.001121830918277292,-1.000000000000001e-10,0.0009999758076651567,0.00112185530819077,-0.0009999759076642079,0.000999975907665096
1,1.55,1.55,0.09999758084407984,-12.0,2.414053851583843,0.1,12.0,-0.001121832583970847,-1.000000000000001e-10,0.0009999758084407984,0.001121856973108709,-0.0009999759084386994,0.0009999759084378113
1,1.6,1.6,0.09999758092158706,-12.0,2.413976512959997,0.1,12.0,-0.001121834248377654,-1.000000000000001e-10,0.0009999758092158707,0.001121858636740483,-0.0009999759092114147,0.000999975909212747
1,1.65,1.65,0.09999758099903688,-12.0,2.413899231461829,0.1,12.0,-0.001121835911499336,-1.000000000000001e-10,0.0009999758099903688,0.001121860299087715,-0.0009999759099876826,0.0009999759099876826
1,1.7,1.7,0.09999758107642975,-12.0,2.413822007019092,0.1,12.0,-0.001121837573337503,-1.000000000000001e-10,0.0009999758107642974,0.001121861960152043,-0.0009999759107621742,0.0009999759107626183
1,1.75,1.75,0.09999758115376511,-12.0,2.413744839561602,0.1,12.0,-0.001121839233893807,-1.000000000000001e-10,0.000999975811537651,0.00112186361993509,-0.000999975911533113,0.000999975911533113
1,1.8,1.8,0.09999758123104374,-12.0,2.413667729019269,0.1,12.0,-0.001121840893169884,-1.000000000000001e-10,0.0009999758123104374,0.001121865278438522,-0.0009999759123111573,0.0009999759123058283
1,1.85,1.85,0.0999975813082652,-12.0,2.413590675322266,0.1,12.0,-0.001121842551167387,-1.000000000000001e-10,0.000999975813082652,0.001121866935663907,-0.0009999759130785435,0.000999975913080764
1,1.9,1.9,0.09999758138543002,-12.0,2.413513678400705,0.1,12.0,-0.001121844207887954,-1.000000000000001e-10,0.0009999758138543003,0.001121868591612812,-0.000999975913853035,0.0009999759138490383
1,1.95,1.95,0.09999758146253779,-12.0,2.413436738184902,0.1,12.0,-0.001121845863333124,-1.000000000000001e-10,0.000999975814625378,0.001121870246287043,-0.000999975914623974,0.0009999759146284148
1,2.0,2.0,0.09999758153958882,-12.0,2.413359854605301,0.1,12.0,-0.001121847517504604,-1.000000000000001e-10,0.0009999758153958881,0.001121871899688071,-0.0009999759153984655,0.0009999759153922483
1,2.05,2.05,0.09999758161658312,-12.0,2.413283027592461,0.1,12.0,-0.001121849170403949,-1.000000000000001e-10,0.0009999758161658313,0.001121873551817518,-0.000999975916162299,0.0009999759161605226
1,2.1,2.1,0.09999758169352113,-12.0,2.413206257077071,0.1,12.0,-0.001121850822032838,-1.000000000000001e-10,0.0009999758169352113,0.001121875202677078,-0.0009999759169261324,0.0009999759169376787
1,2.15,2.15,0.0999975817704023,-12.0,2.413129542989854,0.1,12.0,-0.001121852472392784,-1.000000000000001e-10,0.000999975817704023,0.001121876852268305,-0.000999975917700624,0.0009999759176970713
1,2.2,2.2,0.09999758184722707,-12.0,2.413052885261741,0.1,12.0,-0.001121854121485466,-1.000000000000001e-10,0.0009999758184722706,0.001121878500592852,-0.0009999759184644574,0.0009999759184697865
1,2.25,2.25,0.09999758192399533,-12.0,2.412976283823788,0.1,12.0,-0.001121855769312452,-1.000000000000001e-10,0.0009999758192399534,0.001121880147652257,-0.0009999759192353963,0.0009999759192380608
1,2.3,2.3,0.09999758200070696,-12.0,2.412899738607139,0.1,12.0,-0.001121857415875421,-1.000000000000001e-10,0.0009999758200070696,0.001121881793448104,-0.0009999759199992297,0.0009999759200063352
1,2.35,2.35,0.09999758207736309,-12.0,2.412823249543032,0.1,12.0,-0.001121859061175873,-1.000000000000001e-10,0.0009999758207736309,0.001121883437982085,-0.0009999759207701686,0.0009999759207701686
1,2.4,2.4,0.09999758215396237,-12.0,2.412746816562827,0.1,12.0,-0.001121860705215444,-1.000000000000001e-10,0.0009999758215396238,0.001121885081255783,-0.000999975921534002,0.000999975921538443
1,2.45,2.45,0.09999758223050581,-12.0,2.412670439598059,0.1,12.0,-0.001121862347995717,-1.000000000000001e-10,0.0009999758223050582,0.001121886723270751,-0.0009999759223013882,0.0009999759223022764
1,2.5,2.5,0.09999758230699307,-12.0,2.412594118580343,0.1,12.0,-0.001121863989518315,-1.000000000000001e-10,0.0009999758230699307,0.001121888364028559,-0.0009999759230652217,0.0009999759230661098
1,2.55,2.55,0.09999758238342438,-12.0,2.412517853441378,0.1,12.0,-0.001121865629784891,-1.000000000000001e-10,0.0009999758238342438,0.001121890003530746,-0.000999975923829055,0.0009999759238343842
1,2.6,2.6,0.09999758245979962,-12.0,2.412441644113023,0.1,12.0,-0.001121867268796817,-1.000000000000001e-10,0.0009999758245979962,0.001121891641779088,-0.0009999759245928885,0.0009999759245937767
1,2.65,2.65,0.09999758253611901,-12.0,2.412365490527244,0.1,12.0,-0.001121868906555884,-1.000000000000001e-10,0.0009999758253611902,0.001121893278774988,-0.0009999759253531693,0.0009999759253576102
1,2.7,2.7,0.0999975826123829,-12.0,2.412289392616155,0.1,12.0,-0.001121870543063549,-1.000000000000001e-10,0.000999975826123829,0.001121894914520138,-0.0009999759261205554,0.0009999759261258845
1,2.75,2.75,0.0999975826885906,-12.0,2.412213350311874,0.1,12.0,-0.001121872178321479,-1.000000000000001e-10,0.000999975826885906,0.00112189654901601,-0.0009999759268808361,0.0009999759268808361
1,2.8,2.8,0.09999758276474302,-12.0,2.412137363546756,0.1,12.0,-0.001121873812331142,-1.000000000000001e-10,0.0009999758276474301,0.001121898182264297,-0.000999975927651775,0.0009999759276446696
1,2.85,2.85,0.0999975828408396,-12.0,2.412061432253246,0.1,12.0,-0.001121875445094206,-1.000000000000001e-10,0.0009999758284083959,0.001121899814266455,-0.0009999759284013976,0.000999975928408503
1,2.9,2.9,0.09999758291688088,-12.0,2.411985556363853,0.1,12.0,-0.001121877076612196,-1.000000000000001e-10,0.0009999758291688089,0.001121901445024109,-0.000999975929165231,0.0009999759291678956
1,2.95,2.95,0.09999758299286665,-12.0,2.411909735811255,0.1,12.0,-0.001121878706886695,-1.000000000000001e-10,0.0009999758299286665,0.001121903074538799,-0.000999975929921959,0.0009999759299272881
1,3.0,3.0,0.09999758306879702,-12.0,2.411833970528202,0.1,12.0,-0.001121880335919243,-1.000000000000001e-10,0.0009999758306879702,0.001121904702812135,-0.0009999759306822398,0.0009999759306866807
1,3.05,3.05,0.09999758314467189,-12.0,2.411758260447577,0.1,12.0,-0.001121881963711407,-1.000000000000001e-10,0.000999975831446719,0.001121906329845643,-0.0009999759314425205,0.0009999759314371914
1,3.1,3.1,0.09999758322049157,-12.0,2.411682605502388,0.1,12.0,-0.001121883590264758,-1.000000000000001e-10,0.0009999758322049158,0.001121907955640863,-0.0009999759321956958,0.000999975932196584
1,3.15,3.15,0.09999758329625641,-12.0,2.411607005625731,0.1,12.0,-0.001121885215580834,-1.000000000000001e-10,0.0009999758329625641,0.001121909580199379,-0.0009999759329559765,0.0009999759329559765
1,3.2,3.2,0.09999758337196563,-12.0,2.411531460750895,0.1,12.0,-0.00112188683966119,-1.000000000000001e-10,0.0009999758337196562,0.001121911203522757,-0.0009999759337127045,0.00099997593371981
1,3.25,3.25,0.09999758344762011,-12.0,2.411455970811149,0.1,12.0,-0.001121888462507423,-1.000000000000001e-10,0.0009999758344762012,0.00112191282561247,-0.000999975934476538,0.0009999759344747616
1,3.3,3.3,0.0999975835232193,-12.0,2.411380535739956,0.1,12.0,-0.001121890084121002,-1.000000000000001e-10,0.000999975835232193,0.001121914446470154,-0.0009999759352297133,0.0009999759352341542
1,3.35,3.35,0.09999758359876387,-12.0,2.411305155470893,0.1,12.0,-0.001121891704503539,-1.000000000000001e-10,0.0009999758359876387,0.001121916066097281,-0.000999975935989994,0.0009999759359891058
1,3.4,3.4,0.09999758367425371,-12.0,2.411229829937649,0.1,12.0,-0.001121893323656517,-1.000000000000001e-10,0.0009999758367425372,0.001121917684495433,-0.0009999759367431693,0.0009999759367396166
1,3.45,3.45,0.09999758374968837,-12.0,2.411154559074055,0.1,12.0,-0.001121894941581478,-1.000000000000001e-10,0.0009999758374968836,0.001121919301666191,-0.0009999759374892392,0.0009999759374945683
1,3.5,3.5,0.09999758382506829,-12.0,2.411079342813936,0.1,12.0,-0.001121896558280072,-1.000000000000001e-10,0.000999975838250683,0.001121920917610958,-0.0009999759382424145,0.000999975938245079
1,3.55,3.55,0.09999758390039393,-12.0,2.411004181091259,0.1,12.0,-0.001121898173753605,-1.000000000000001e-10,0.0009999758390039392,0.00112192253233144,-0.0009999759390098006,0.0009999759390044716
1,3.6,3.6,0.09999758397566494,-12.0,2.410929073840274,0.1,12.0,-0.001121899788003866,-1.000000000000001e-10,0.0009999758397566494,0.001121924145828998,-0.0009999759397558705,0.0009999759397505414
1,3.65,3.65,0.09999758405088122,-12.0,2.410854020995217,0.1,12.0,-0.001121901401032216,-1.000000000000001e-10,0.0009999758405088122,0.001121925758105269,-0.0009999759405019404,0.000999975940509934
1,3.7,3.7,0.09999758412604287,-12.0,2.410779022490297,0.1,12.0,-0.001121903012840264,-1.000000000000001e-10,0.0009999758412604287,0.00112192736916171,-0.0009999759412551157,0.0009999759412604448
1,3.75,3.75,0.09999758420115046,-12.0,2.41070407826009,0.1,12.0,-0.00112190462342944,-1.000000000000001e-10,0.0009999758420115045,0.001121928978999931,-0.000999975942008291,0.0009999759420020737
1,3.8,3.8,0.09999758427620364,-12.0,2.410629188239152,0.1,12.0,-0.001121906232801353,-1.000000000000001e-10,0.0009999758427620365,0.001121930587621348,-0.0009999759427543609,0.0009999759427614663
1,3.85,3.85,0.09999758435120243,-12.0,2.410554352362157,0.1,12.0,-0.00112190784095742,-1.000000000000001e-10,0.0009999758435120243,0.001121932195027625,-0.0009999759435146416,0.000999975943511977
1,3.9,3.9,0.09999758442614726,-12.0,2.410479570563851,0.1,12.0,-0.001121909447899291,-1.000000000000001e-10,0.0009999758442614725,0.001121933801220082,-0.0009999759442607115,0.0009999759442624878
1,3.95,3.95,0.09999758450103757,-12.0,2.410404842779198,0.1,12.0,-0.001121911053628424,-1.000000000000001e-10,0.0009999758450103756,0.001121935406200342,-0.0009999759450067813,0.0009999759450085577
1,4.0,4.0,0.09999758457587404,-12.0,2.41033016894312,0.1,12.0,-0.001121912658146276,-1.000000000000001e-10,0.0009999758457587406,0.001121937009969917,-0.0009999759457528512,0.0009999759457635093
1,4.05,4.05,0.09999758465065645,-12.0,2.410255548990862,0.1,12.0,-0.001121914261454374,-1.000000000000001e-10,0.0009999758465065644,0.001121938612530293,-0.000999975946513132,0.0009999759465095792
1,4.100000000000001,4.100000000000001,0.09999758472538511,-12.0,2.410180982857516,0.1,12.0,-0.001121915863554312,-1.000000000000001e-10,0.0009999758472538512,0.001121940213882955,-0.000999975947244991,0.000999975947255649
1,4.15,4.15,0.09999758480005994,-12.0,2.410106470478499,0.1,12.0,-0.001121917464447453,-1.000000000000001e-10,0.0009999758480005994,0.001121941814029456,-0.0009999759479981662,0.0009999759480106007
1,4.2,4.2,0.09999758487468091,-12.0,2.410032011789307,0.1,12.0,-0.00112191906413539,-1.000000000000001e-10,0.0009999758487468091,0.001121943412971269,-0.0009999759487442361,0.0009999759487477888
1,4.25,4.25,0.09999758494924804,-12.0,2.409957606725396,0.1,12.0,-0.001121920662619597,-1.000000000000001e-10,0.0009999758494924804,0.001121945010709849,-0.0009999759494974114,0.0009999759494938587
1,4.3,4.3,0.09999758502376122,-12.0,2.409883255222445,0.1,12.0,-0.001121922259901556,-1.000000000000001e-10,0.0009999758502376123,0.001121946607246752,-0.0009999759502363759,0.0009999759502310468
1,4.350000000000001,4.350000000000001,0.09999758509822099,-12.0,2.409808957216232,0.1,12.0,-0.00112192385598274,-1.000000000000001e-10,0.0009999758509822098,0.001121948202583448,-0.0009999759509824457,0.0009999759509771167
1,4.4,4.4,0.09999758517262725,-12.0,2.40973471264267,0.1,12.0,-0.00112192545086473,-1.000000000000001e-10,0.0009999758517262726,0.001121949796721394,-0.0009999759517214102,0.0009999759517409501
1,4.45,4.45,0.09999758524698033,-12.0,2.409660521437702,0.1,12.0,-0.001121927044548901,-1.000000000000001e-10,0.0009999758524698033,0.001121951389662104,-0.00099997595246748,0.0009999759524781382
1,4.5,4.5,0.09999758532127956,-12.0,2.40958638353747,0.1,12.0,-0.001121928637036765,-1.000000000000001e-10,0.0009999758532127955,0.00112195298140709,-0.0009999759532064445,0.0009999759532153263
1,4.55,4.55,0.0999975853955255,-12.0,2.409512298878121,0.1,12.0,-0.001121930228329834,-1.000000000000001e-10,0.000999975853955255,0.001121954571957767,-0.0009999759539525144,0.0009999759539613962
1,4.600000000000001,4.600000000000001,0.09999758546971826,-12.0,2.409438267395978,0.1,12.0,-0.001121931818429553,-1.000000000000001e-10,0.0009999758546971826,0.00112195616131569,-0.0009999759547056897,0.0009999759546985842
1,4.65,4.65,0.09999758554385785,-12.0,2.409364289027479,0.1,12.0,-0.001121933407337503,-1.000000000000001e-10,0.0009999758554385784,0.001121957749482219,-0.0009999759554304433,0.0009999759554446541
1,4.7,4.7,0.09999758561794425,-12.0,2.409290363709081,0.1,12.0,-0.001121934995054974,-1.000000000000001e-10,0.0009999758561794426,0.001121959336458991,-0.0009999759561765131,0.0009999759561729604
1,4.75,4.75,0.09999758569197736,-12.0,2.409216491377498,0.1,12.0,-0.001121936581583591,-1.000000000000001e-10,0.0009999758569197736,0.001121960922247298,-0.0009999759569154776,0.000999975956927912
1,4.800000000000001,4.800000000000001,0.09999758576595763,-12.0,2.409142671969422,0.1,12.0,-0.001121938166924741,-1.000000000000001e-10,0.0009999758576595763,0.001121962506848762,-0.0009999759576615475,0.0009999759576562184
1,4.850000000000001,4.850000000000001,0.09999758583988494,-12.0,2.409068905421655,0.1,12.0,-0.001121939751079923,-1.000000000000001e-10,0.0009999758583988493,0.001121964090264702,-0.0009999759583934065,0.0009999759583934065
1,4.9,4.9,0.09999758591375918,-12.0,2.408995191671226,0.1,12.0,-0.001121941334050594,-1.000000000000001e-10,0.0009999758591375918,0.0011219656724967,-0.000999975959132371,0.0009999759591394763
1,4.95,4.95,0.09999758598758068,-12.0,2.408921530655063,0.1,12.0,-0.001121942915838225,-1.000000000000001e-10,0.0009999758598758068,0.001121967253546172,-0.00099997595986423,0.0009999759598855462
1,5.0,5.0,0.09999758606134923,-12.0,2.408847922310455,0.1,12.0,-0.001121944496444219,-1.000000000000001e-10,0.0009999758606134923,0.001121968833414602,-0.0009999759606102998,0.0009999759606138525
1,5.050000000000001,5.050000000000001,0.09999758613506515,-12.0,2.408774366574542,0.1,12.0,-0.001121946075870101,-1.000000000000001e-10,0.0009999758613506516,0.001121970412103449,-0.0009999759613563697,0.0009999759613510406
1,5.100000000000001,5.100000000000001,0.09999758620872878,-12.0,2.408700863384741,0.1,12.0,-0.001121947654117328,-1.000000000000001e-10,0.0009999758620872878,0.001121971989614057,-0.0009999759620811233,0.0009999759620882287
1,5.15,5.15,0.09999758628233912,-12.0,2.408627412678545,0.1,12.0,-0.001121949231187289,-1.000000000000001e-10,0.0009999758628233912,0.001121973565948023,-0.0009999759628271931,0.000999975962816535
1,5.2,5.2,0.0999975863558974,-12.0,2.408554014393467,0.1,12.0,-0.001121950807081495,-1.000000000000001e-10,0.000999975863558974,0.001121975141106651,-0.0009999759635661576,0.0009999759635626049
1,5.25,5.25,0.09999758642940304,-12.0,2.408480668467255,0.1,12.0,-0.00112195238180135,-1.000000000000001e-10,0.0009999758642940304,0.001121976715091524,-0.0009999759642909112,0.000999975964299793
1,5.300000000000001,5.300000000000001,0.09999758650285628,-12.0,2.408407374837627,0.1,12.0,-0.001121953955348254,-1.000000000000001e-10,0.0009999758650285628,0.001121978287904057,-0.0009999759650227702,0.000999975965036981
1,5.350000000000001,5.350000000000001,0.09999758657625724,-12.0,2.408334133442457,0.1,12.0,-0.001121955527723775,-1.000000000000001e-10,0.0009999758657625725,0.001121979859545583,-0.0009999759657617346,0.0009999759657564056
1,5.4,5.4,0.09999758664960579,-12.0,2.408260944219783,0.1,12.0,-0.001121957098929274,-1.000000000000001e-10,0.0009999758664960578,0.001121981430017641,-0.0009999759664935937,0.0009999759664935937
1,5.45,5.45,0.09999758672290215,-12.0,2.408187807107677,0.1,12.0,-0.001121958668966166,-1.000000000000001e-10,0.0009999758672290216,0.001121982999321647,-0.000999975967232558,0.0009999759672219
1,5.5,5.5,0.09999758679614668,-12.0,2.408114722044273,0.1,12.0,-0.001121960237835923,-1.000000000000001e-10,0.0009999758679614668,0.001121984567459058,-0.0009999759679502063,0.0009999759679679698
1,5.550000000000001,5.550000000000001,0.09999758686933868,-12.0,2.408041688967976,0.1,12.0,-0.001121961805539973,-1.000000000000001e-10,0.000999975868693387,0.001121986134431235,-0.0009999759686962761,0.0009999759686962761
1,5.600000000000001,5.600000000000001,0.09999758694247873,-12.0,2.407968707817099,0.1,12.0,-0.001121963372079746,-1.000000000000001e-10,0.0009999758694247873,0.001121987700239635,-0.0009999759694139243,0.0009999759694245824
1,5.65,5.65,0.09999758701556694,-12.0,2.407895778530185,0.1,12.0,-0.001121964937456602,-1.000000000000001e-10,0.0009999758701556695,0.001121989264885756,-0.0009999759701599942,0.0009999759701528887
1,5.7,5.7,0.09999758708860307,-12.0,2.407822901045738,0.1,12.0,-0.001121966501672067,-1.000000000000001e-10,0.0009999758708860308,0.001121990828370903,-0.0009999759708847478,0.000999975970881195
1,5.75,5.75,0.09999758716158758,-12.0,2.407750075302638,0.1,12.0,-0.001121968064727488,-1.000000000000001e-10,0.0009999758716158758,0.001121992390696588,-0.0009999759716166068,0.0009999759716183831
1,5.800000000000001,5.800000000000001,0.09999758723452012,-12.0,2.407677301239538,0.1,12.0,-0.001121969626624364,-1.000000000000001e-10,0.0009999758723452012,0.001121993951864159,-0.0009999759723484658,0.0009999759723466894
1,5.850000000000001,5.850000000000001,0.09999758730740071,-12.0,2.407604578795361,0.1,12.0,-0.001121971187364026,-1.000000000000001e-10,0.0009999758730740071,0.001121995511875112,-0.000999975973066114,0.0009999759730572322
1,5.9,5.9,0.09999758738023024,-12.0,2.407531907909168,0.1,12.0,-0.001121972746947919,-1.000000000000001e-10,0.0009999758738023024,0.001121997070730796,-0.000999975973797973,0.000999975973803302
1,5.95,5.95,0.09999758745300746,-12.0,2.407459288519989,0.1,12.0,-0.001121974305377471,-1.000000000000001e-10,0.0009999758745300746,0.001121998628432638,-0.000999975974529832,0.0009999759745316084
1,6.0,6.0,0.09999758752573373,-12.0,2.407386720567169,0.1,12.0,-0.00112197586265407,-1.000000000000001e-10,0.0009999758752573373,0.001122000184982042,-0.0009999759752687964,0.0009999759752599147
1,6.050000000000001,6.050000000000001,0.09999758759840816,-12.0,2.407314203989922,0.1,12.0,-0.001121977418779119,-1.000000000000001e-10,0.0009999758759840817,0.001122001740380463,-0.00099997597599355,0.000999975975988221
1,6.100000000000001,6.100000000000001,0.0999975876710314,-12.0,2.407241738727616,0.1,12.0,-0.001121978973754059,-1.000000000000001e-10,0.0009999758767103139,0.00112200329462922,-0.0009999759767111982,0.0009999759767165273
1,6.15,6.15,0.09999758774360301,-12.0,2.407169324719813,0.1,12.0,-0.001121980527580238,-1.000000000000001e-10,0.00099997587743603,0.001122004847729813,-0.000999975977421741,0.0009999759774359518
1,6.2,6.2,0.09999758781612333,-12.0,2.407096961906159,0.1,12.0,-0.001121982080259154,-1.000000000000001e-10,0.0009999758781612334,0.001122006399683503,-0.0009999759781607054,0.000999975978164258
1,6.25,6.25,0.09999758788859237,-12.0,2.407024650226281,0.1,12.0,-0.00112198363179207,-1.000000000000001e-10,0.0009999758788859236,0.001122007950491846,-0.000999975978885459,0.0009999759788836826
1,6.300000000000001,6.300000000000001,0.09999758796101044,-12.0,2.406952389620063,0.1,12.0,-0.001121985182180443,-1.000000000000001e-10,0.0009999758796101043,0.001122009500156146,-0.0009999759796102126,0.000999975979611989
1,6.350000000000001,6.350000000000001,0.09999758803337744,-12.0,2.406880180027354,0.1,12.0,-0.001121986731425717,-1.000000000000001e-10,0.0009999758803337744,0.001122011048677804,-0.0009999759803349662,0.0009999759803225317
1,6.4,6.4,0.09999758810569304,-12.0,2.406808021388188,0.1,12.0,-0.001121988279529237,-1.000000000000001e-10,0.0009999758810569303,0.001122012596058194,-0.0009999759810668252,0.0009999759810597197
1,6.45,6.45,0.09999758817795812,-12.0,2.406735913642657,0.1,12.0,-0.001121989826492337,-1.000000000000001e-10,0.0009999758817795812,0.001122014142298788,-0.0009999759817844733,0.0009999759817791443
1,6.5,6.5,0.0999975882501718,-12.0,2.406663856730987,0.1,12.0,-0.0011219913723165,-1.000000000000001e-10,0.000999975882501718,0.001122015687400849,-0.000999975982509227,0.0009999759824985688
1,6.550000000000001,6.550000000000001,0.09999758832233474,-12.0,2.406591850593383,0.1,12.0,-0.001121992917003073,-1.000000000000001e-10,0.0009999758832233475,0.001122017231365804,-0.0009999759832197697,0.0009999759832179933
1,6.600000000000001,6.600000000000001,0.09999758839444683,-12.0,2.406519895170383,0.1,12.0,-0.001121994460553402,-1.000000000000001e-10,0.0009999758839444684,0.001122018774195113,-0.0009999759839445233,0.0009999759839551814
1,6.65,6.65,0.09999758846650841,-12.0,2.406447990402405,0.1,12.0,-0.001121996002968903,-1.000000000000001e-10,0.0009999758846650842,0.001122020315890052,-0.0009999759846692768,0.0009999759846657241
1,6.7,6.7,0.09999758853851881,-12.0,2.406376136230024,0.1,12.0,-0.001121997544250922,-1.000000000000001e-10,0.000999975885385188,0.001122021856452049,-0.0009999759853940304,0.0009999759853851486
1,6.75,6.75,0.09999758861047903,-12.0,2.406304332594002,0.1,12.0,-0.001121999084400874,-1.000000000000001e-10,0.0009999758861047902,0.001122023395882479,-0.0009999759861045732,0.0009999759861045732
1,6.800000000000001,6.800000000000001,0.0999975886823885,-12.0,2.406232579435103,0.1,12.0,-0.001122000623420119,-1.000000000000001e-10,0.0009999758868238851,0.001122024934182661,-0.0009999759868293268,0.0009999759868328795
1,6.850000000000001,6.850000000000001,0.09999758875424725,-12.0,2.406160876694179,0.1,12.0,-0.001122002161309976,-1.000000000000001e-10,0.0009999758875424724,0.001122026471354051,-0.0009999759875398695,0.0009999759875434222
1,6.9,6.9,0.0999975888260558,-12.0,2.406089224312268,0.1,12.0,-0.001122003698071847,-1.000000000000001e-10,0.0009999758882605582,0.001122028007397954,-0.000999975988264623,0.0009999759882717285
1,6.95,6.95,0.09999758889781374,-12.0,2.406017622230361,0.1,12.0,-0.001122005233707146,-1.000000000000001e-10,0.0009999758889781374,0.001122029542315731,-0.0009999759889893767,0.0009999759889733895
1,7.0,7.0,0.09999758896952116,-12.0,2.405946070389704,0.1,12.0,-0.001122006768217165,-1.000000000000001e-10,0.0009999758896952116,0.001122031076108754,-0.0009999759896857086,0.000999975989692814
1,7.050000000000001,7.050000000000001,0.09999758904117872,-12.0,2.405874568731603,0.1,12.0,-0.001122008301603333,-1.000000000000001e-10,0.0009999758904117872,0.001122032608778356,-0.000999975990424673,0.0009999759904211203
1,7.100000000000001,7.100000000000001,0.09999758911278589,-12.0,2.405803117197347,0.1,12.0,-0.001122009833866941,-1.000000000000001e-10,0.000999975891127859,0.001122034140325967,-0.0009999759911210049,0.0009999759911227812
1,7.15,7.15,0.09999758918434287,-12.0,2.405731715728496,0.1,12.0,-0.001122011365009334,-1.000000000000001e-10,0.0009999758918434287,0.001122035670752905,-0.0009999759918457585,0.0009999759918510875
1,7.2,7.2,0.09999758925584956,-12.0,2.405660364266477,0.1,12.0,-0.001122012895031943,-1.000000000000001e-10,0.0009999758925584956,0.001122037200060502,-0.0009999759925563012,0.0009999759925616303
1,7.25,7.25,0.09999758932730651,-12.0,2.405589062753053,0.1,12.0,-0.001122014423936044,-1.000000000000001e-10,0.000999975893273065,0.001122038728250119,-0.0009999759932810548,0.000999975993272173
1,7.300000000000001,7.300000000000001,0.09999758939871328,-12.0,2.405517811129905,0.1,12.0,-0.001122015951723038,-1.000000000000001e-10,0.0009999758939871328,0.001122040255323128,-0.0009999759939915975,0.0009999759939827157
1,7.350000000000001,7.350000000000001,0.09999758947007009,-12.0,2.405446609338929,0.1,12.0,-0.001122017478394258,-1.000000000000001e-10,0.0009999758947007008,0.001122041781280864,-0.0009999759947021403,0.000999975994711022
1,7.4,7.4,0.09999758954137716,-12.0,2.405375457322039,0.1,12.0,-0.001122019003951036,-1.000000000000001e-10,0.0009999758954137717,0.001122043306124615,-0.000999975995412683,0.000999975995412683
1,7.45,7.45,0.09999758961263427,-12.0,2.405304355021334,0.1,12.0,-0.001122020528394746,-1.000000000000001e-10,0.0009999758961263428,0.001122044829855784,-0.0009999759961090149,0.0009999759961321075
1,7.5,7.5,0.09999758968384165,-12.0,2.405233302378796,0.1,12.0,-0.001122022051726679,-1.000000000000001e-10,0.0009999758968384164,0.001122046352475689,-0.0009999759968479793,0.0009999759968426503
1,7.550000000000001,7.550000000000001,0.09999758975499928,-12.0,2.40516229933686,0.1,12.0,-0.001122023573948153,-1.000000000000001e-10,0.0009999758975499928,0.001122047873985732,-0.0009999759975443112,0.000999975997553193
1,7.600000000000001,7.600000000000001,0.09999758982610729,-12.0,2.405091345837647,0.1,12.0,-0.001122025095060583,-1.000000000000001e-10,0.000999975898261073,0.001122049394387176,-0.0009999759982690648,0.0009999759982726175
1,7.65,7.65,0.09999758989716578,-12.0,2.405020441823681,0.1,12.0,-0.001122026615065261,-1.000000000000001e-10,0.000999975898971658,0.001122050913681324,-0.0009999759989653967,0.0009999759989653967
1,7.7,7.7,0.09999758996817487,-12.0,2.404949587237411,0.1,12.0,-0.001122028133963546,-1.000000000000001e-10,0.0009999758996817488,0.001122052431869566,-0.0009999759996617286,0.000999975999693703
1,7.75,7.75,0.09999759003913433,-12.0,2.404878782021457,0.1,12.0,-0.001122029651756715,-1.000000000000001e-10,0.0009999759003913433,0.001122053948953247,-0.000999976000400693,0.0009999760003864822
1,7.800000000000001,7.800000000000001,0.09999759011004383,-12.0,2.404808026118567,0.1,12.0,-0.001122031168446128,-1.000000000000001e-10,0.0009999759011004384,0.001122055464933602,-0.0009999760011112357,0.0009999760011147885
1,7.850000000000001,7.850000000000001,0.0999975901809047,-12.0,2.404737319471457,0.1,12.0,-0.001122032684033089,-1.000000000000001e-10,0.000999975901809047,0.001122056979812061,-0.0009999760018217785,0.0009999760017986858
1,7.9,7.9,0.09999759025171595,-12.0,2.404666662023029,0.1,12.0,-0.001122034198518987,-1.000000000000001e-10,0.0009999759025171595,0.001122058493589817,-0.0009999760025038995,0.0009999760025092286
1,7.95,7.95,0.09999759032247812,-12.0,2.404596053716236,0.1,12.0,-0.001122035711905028,-1.000000000000001e-10,0.0009999759032247812,0.001122060006268369,-0.000999976003228653,0.000999976003228653
1,8.0,8.0,0.0999975903931909,-12.0,2.404525494494184,0.1,12.0,-0.001122037224192587,-1.000000000000001e-10,0.0009999759039319089,0.001122061517848882,-0.0009999760039534067,0.0009999760039214323
1,8.05,8.05,0.09999759046385481,-12.0,2.404454984299971,0.1,12.0,-0.00112203873538301,-1.000000000000001e-10,0.000999975904638548,0.001122063028332732,-0.0009999760046213169,0.0009999760046497386
1,8.1,8.1,0.09999759053446955,-12.0,2.404384523076874,0.1,12.0,-0.001122040245477587,-1.000000000000001e-10,0.0009999759053446954,0.001122064537721207,-0.0009999760053460705,0.0009999760053247542
1,8.15,8.15,0.09999759060503532,-12.0,2.404314110768259,0.1,12.0,-0.001122041754477596,-1.000000000000001e-10,0.0009999759060503532,0.001122066046015655,-0.0009999760060566132,0.000999976006035297
1,8.200000000000001,8.200000000000001,0.09999759067555158,-12.0,2.40424374731756,0.1,12.0,-0.001122043262384381,-1.000000000000001e-10,0.000999975906755516,0.001122067553217379,-0.000999976006752945,0.0009999760067458396
1,8.25,8.25,0.09999759074601944,-12.0,2.404173432668196,0.1,12.0,-0.001122044769199276,-1.000000000000001e-10,0.0009999759074601944,0.001122069059327588,-0.000999976007449277,0.0009999760074563824
1,8.3,8.3,0.09999759081643844,-12.0,2.404103166763924,0.1,12.0,-0.001122046274923502,-1.000000000000001e-10,0.0009999759081643844,0.001122070564347738,-0.0009999760081456088,0.0009999760081491615
1,8.35,8.35,0.09999759088680837,-12.0,2.404032949548372,0.1,12.0,-0.001122047779558447,-1.000000000000001e-10,0.0009999759088680838,0.001122072068279023,-0.0009999760088419407,0.0009999760088774678
1,8.4,8.4,0.09999759095712979,-12.0,2.403962780965335,0.1,12.0,-0.001122049283105331,-1.000000000000001e-10,0.000999975909571298,0.001122073571122803,-0.0009999760095809052,0.000999976009570247
1,8.450000000000001,8.450000000000001,0.09999759102740258,-12.0,2.403892660958705,0.1,12.0,-0.001122050785565515,-1.000000000000001e-10,0.0009999759102740258,0.001122075072880382,-0.0009999760102630262,0.0009999760102630262
1,8.5,8.5,0.09999759109762674,-12.0,2.403822589472499,0.1,12.0,-0.001122052286940303,-1.000000000000001e-10,0.0009999759109762675,0.001122076573552927,-0.000999976010973569,0.0009999760109558054
1,8.55,8.55,0.09999759116780238,-12.0,2.403752566450748,0.1,12.0,-0.001122053787230945,-1.000000000000001e-10,0.0009999759116780238,0.00112207807314188,-0.0009999760116841117,0.0009999760116841117
1,8.6,8.6,0.09999759123792906,-12.0,2.403682591837613,0.1,12.0,-0.001122055286438731,-1.000000000000001e-10,0.0009999759123792906,0.001122079571648463,-0.0009999760123946544,0.0009999760123768908
1,8.65,8.65,0.09999759130800778,-12.0,2.403612665577382,0.1,12.0,-0.001122056784564951,-1.000000000000001e-10,0.0009999759130800779,0.001122081069074021,-0.0009999760130625646,0.0009999760130874336
1,8.700000000000001,8.700000000000001,0.09999759137803788,-12.0,2.403542787614312,0.1,12.0,-0.001122058281610966,-1.000000000000001e-10,0.0009999759137803788,0.001122082565419735,-0.0009999760137731073,0.0009999760137624492
1,8.75,8.75,0.09999759144801978,-12.0,2.403472957892905,0.1,12.0,-0.001122059777577969,-1.000000000000001e-10,0.000999975914480198,0.001122084060686993,-0.0009999760144694392,0.000999976014472992
1,8.8,8.8,0.0999975915179534,-12.0,2.403403176357692,0.1,12.0,-0.001122061272467265,-1.000000000000001e-10,0.000999975915179534,0.001122085554877042,-0.0009999760151941928,0.0009999760151835346
1,8.85,8.85,0.09999759158783839,-12.0,2.403333442953199,0.1,12.0,-0.001122062766280144,-1.000000000000001e-10,0.000999975915878384,0.00112208704799116,-0.000999976015862103,0.0009999760158585502
1,8.9,8.9,0.09999759165767552,-12.0,2.403263757624176,0.1,12.0,-0.00112206425901791,-1.000000000000001e-10,0.0009999759165767552,0.001122088540030611,-0.0009999760165726457,0.0009999760165868565
1,8.950000000000001,8.950000000000001,0.09999759172746459,-12.0,2.403194120315414,0.1,12.0,-0.001122065750681842,-1.000000000000001e-10,0.000999975917274646,0.001122090030996697,-0.0009999760172831884,0.0009999760172618721
1,9.0,9.0,0.09999759179720535,-12.0,2.403124530971746,0.1,12.0,-0.001122067241273131,-1.000000000000001e-10,0.0009999759179720536,0.001122091520890642,-0.0009999760179937311,0.0009999760179546513
1,9.05,9.05,0.09999759186689827,-12.0,2.403054989538196,0.1,12.0,-0.001122068730793138,-1.000000000000001e-10,0.0009999759186689826,0.001122093009713804,-0.0009999760186616413,0.000999976018665194
1,9.1,9.1,0.09999759193654323,-12.0,2.402985495959763,0.1,12.0,-0.001122070219243113,-1.000000000000001e-10,0.0009999759193654323,0.001122094497467377,-0.0009999760193437623,0.0009999760193402096
1,9.15,9.15,0.09999759200614022,-12.0,2.402916050181624,0.1,12.0,-0.001122071706624275,-1.000000000000001e-10,0.0009999759200614022,0.001122095984152666,-0.0009999760200400942,0.000999976020068516
1,9.200000000000001,9.200000000000001,0.09999759207568948,-12.0,2.402846652148925,0.1,12.0,-0.001122073192937958,-1.000000000000001e-10,0.0009999759207568947,0.001122097469770933,-0.000999976020750637,0.0009999760207435315
1,9.25,9.25,0.09999759214519044,-12.0,2.402777301807118,0.1,12.0,-0.001122074678185356,-1.000000000000001e-10,0.0009999759214519043,0.001122098954323442,-0.0009999760214611797,0.0009999760214718378
1,9.3,9.3,0.09999759221464433,-12.0,2.402707999101459,0.1,12.0,-0.001122076162367841,-1.000000000000001e-10,0.0009999759221464434,0.001122100437811385,-0.0009999760221433007,0.0009999760221468534
1,9.35,9.35,0.09999759228405014,-12.0,2.402638743977575,0.1,12.0,-0.001122077645486566,-1.000000000000001e-10,0.0009999759228405015,0.001122101920236152,-0.0009999760228396326,0.000999976022821869
1,9.4,9.4,0.09999759235340855,-12.0,2.402569536380908,0.1,12.0,-0.001122079127542794,-1.000000000000001e-10,0.0009999759235340855,0.00112210340159892,-0.0009999760235501753,0.0009999760235146482
1,9.450000000000001,9.450000000000001,0.09999759242271933,-12.0,2.402500376257241,0.1,12.0,-0.001122080608537884,-1.000000000000001e-10,0.0009999759242271932,0.001122104881900912,-0.0009999760242038747,0.000999976024225191
1,9.5,9.5,0.09999759249198259,-12.0,2.402431263552264,0.1,12.0,-0.001122082088472962,-1.000000000000001e-10,0.000999975924919826,0.001122106361143488,-0.0009999760249002065,0.00099997602491797
1,9.55,9.55,0.09999759256119822,-12.0,2.402362198211801,0.1,12.0,-0.001122083567349386,-1.000000000000001e-10,0.0009999759256119822,0.001122107839327757,-0.0009999760255823276,0.0009999760256285128
1,9.600000000000001,9.600000000000001,0.09999759263036656,-12.0,2.402293180181812,0.1,12.0,-0.001122085045168322,-1.000000000000001e-10,0.0009999759263036657,0.001122109316455108,-0.0009999760262786594,0.0009999760263035284
1,9.65,9.65,0.09999759269948727,-12.0,2.402224209408304,0.1,12.0,-0.001122086521931076,-1.000000000000001e-10,0.0009999759269948727,0.001122110792526651,-0.0009999760269892022,0.0009999760269607805
1,9.700000000000001,9.700000000000001,0.09999759276856113,-12.0,2.402155285837361,0.1,12.0,-0.00112208799763884,-1.000000000000001e-10,0.0009999759276856112,0.001122112267543787,-0.0009999760276713232,0.0009999760276890868
1,9.75,9.75,0.09999759283758747,-12.0,2.402086409415205,0.1,12.0,-0.001122089472292892,-1.000000000000001e-10,0.0009999759283758746,0.001122113741507655,-0.0009999760283392334,0.000999976028381866
1,9.8,9.8,0.09999759290656673,-12.0,2.402017580088029,0.1,12.0,-0.001122090945894466,-1.000000000000001e-10,0.0009999759290656675,0.001122115214419517,-0.0009999760290497761,0.0009999760290746451
1,9.850000000000001,9.850000000000001,0.09999759297549893,-12.0,2.401948797802262,0.1,12.0,-0.001122092418444812,-1.000000000000001e-10,0.0009999759297549893,0.001122116686280608,-0.000999976029746108,0.0009999760297318971
1,9.9,9.9,0.09999759304438394,-12.0,2.401880062504283,0.1,12.0,-0.001122093889945192,-1.000000000000001e-10,0.0009999759304438393,0.001122118157092136,-0.0009999760304424399,0.0009999760304424399
1,9.950000000000001,9.950000000000001,0.09999759311322198,-12.0,2.401811374140706,0.1,12.0,-0.00112209536039673,-1.000000000000001e-10,0.0009999759311322199,0.001122119626855433,-0.000999976031124561,0.0009999760311174555
1,10.0,10.0,0.09999759318201273,-12.0,2.401742732658058,0.1,12.0,-0.001122096829800773,-1.000000000000001e-10,0.0009999759318201273,0.001122121095571652,-0.000999976031806682,0.0009999760318279982
2,0.0,0.0,0.0,-12.0,11.4984317217655,0.5,12.0,-2.325574098918648e-06,-5.000000000000003e-10,0.0,2.571162012064557e-06,0.0,0.0
2,0.05,0.05,0.04739739811156146,-12.0,11.49843164427939,0.5,12.0,-2.325762924058393e-06,-5.000000000000003e-10,0.0004739739811156146,2.571208176473872e-06,-0.000473974028600832,0.0004739740285131244
2,0.1,0.1,0.0947703005441172,-12.0,11.49843150348011,0.5,12.0,-2.326124595859434e-06,-5.000000000000003e-10,0.000947703005441172,2.571273395286439e-06,-0.0009477031002110836,0.0009477031002116942
2,0.15,0.15,0.1421183552501295,-12.0,11.4984312473686,0.5,12.0,-2.326799583009604e-06,-5.000000000000003e-10,0.001421183552501295,2.571374983773179e-06,-0.001421183694619632,0.001421183694620132
2,0.2,0.2,0.1894412035289262,-12.0,11.49843078015535,0.5,12.0,-2.328042737501521e-06,-5.000000000000003e-10,0.001894412035289262,2.571548503036258e-06,-0.001894412224730635,0.001894412224730246
2,0.25,0.25,0.2367384797193841,-12.0,11.49842992312038,0.5,12.0,-2.330317709497537e-06,-5.000000000000003e-10,0.002367384797193841,2.57187221615428e-06,-0.002367385033931857,0.002367385033931746
2,0.3,0.3,0.284009810806671,-12.0,11.49842833384969,0.5,12.0,-2.334474923970307e-06,-5.000000000000003e-10,0.00284009810806671,2.572533991587861e-06,-0.002840098392077106,0.002840098392076773
2,0.35,0.35,0.3312548156774292,-12.0,11.49842532105659,0.5,12.0,-2.34211268369095e-06,-5.000000000000003e-10,0.003312548156774292,2.574031491389409e-06,-0.003312548488029865,0.003312548488029754
2,0.4,0.4,0.3784731033293818,-12.0,11.49841933107195,0.5,12.0,-2.356462680130664e-06,-5.000000000000003e-10,0.003784731033293819,2.577844125398757e-06,-0.003784731411767162,0.003784731411767273
2,0.45,0.45,0.4256642664816361,-12.0,11.49840593936253,0.5,12.0,-2.38562944196503e-06,-5.000000000000003e-10,0.004256642664816361,2.5892831061622e-06,-0.004256643090479351,0.004256643090480572
2,0.5,0.5,0.4728278314344208,-12.0,11.49836126111915,0.5,12.0,-2.46894463014397e-06,-5.000000000000003e-10,0.004728278314344208,2.641437712111858e-06,-0.004728278787170304,0.004728278787172746
2,0.55,0.55,0.4999923571631107,-12.0,7.623663537611719,0.5,12.0,-0.0008576566137548765,-5.000000000000003e-10,0.004999923571631108,0.0008577340344247834,-0.004999924071569239,0.004999924071548145
2,0.6000000000000001,0.6000000000000001,0.4999949160560014,-12.0,5.07259712938685,0.5,12.0,-0.001029302641713174,-5.000000000000003e-10,0.004999949160560014,0.001029354471681112,-0.00499994966047268,0.004999949660622338
2,0.65,0.65,0.4999957404161679,-12.0,4.250291774406704,0.5,12.0,-0.001065892807909224,-5.000000000000003e-10,0.004999957404161679,0.00106593639948413,-0.004999957904156638,0.004999957904158192
2,0.7000000000000001,0.7000000000000001,0.499996137901512,-12.0,3.853750453194518,0.5,12.0,-0.001080862718943087,-5.000000000000003e-10,0.00499996137901512,0.001080902336062312,-0.004999961879009973,0.004999961879011972
2,0.75,0.75,0.4999963656830342,-12.0,3.626498594225226,0.5,12.0,-0.001088698237857344,-5.000000000000003e-10,0.004999963656830342,0.00108873557738931,-0.004999964156827019,0.004999964156825465
2,0.8,0.8,0.4999965089002532,-12.0,3.483610589758369,0.5,12.0,-0.001093354378271405,-5.000000000000003e-10,0.004999965089002531,0.00109339028577457,-0.004999965588999622,0.004999965588998734
2,0.8500000000000001,0.8500000000000001,0.4999966039000822,-12.0,3.388827613432396,0.5,12.0,-0.001096329339239366,-5.000000000000003e-10,0.004999966039000822,0.001096364296839347,-0.004999966538999701,0.004999966538997702
2,0.9,0.9,0.4999966688098982,-12.0,3.324065351301209,0.5,12.0,-0.001098310371702271,-5.000000000000003e-10,0.004999966688098982,0.00109834468026962,-0.004999967188098253,0.004999967188097365
2,0.9500000000000001,0.9500000000000001,0.4999967136821374,-12.0,3.279294734542515,0.5,12.0,-0.001099655492642265,-5.000000000000003e-10,0.004999967136821374,0.001099689352531769,-0.004999967636818425,0.004999967636818425
2,1.0,1.0,0.4999967445403029,-12.0,3.248506318861625,0.5,12.0,-0.001100569000533902,-5.000000000000003e-10,0.004999967445403029,0.001100602551872665,-0.00499996794540003,0.004999967945401584
2,1.05,1.05,0.4999967652134224,-12.0,3.227879865957459,0.5,12.0,-0.001101175759129769,-5.000000000000003e-10,0.004999967652134224,0.001101209103757855,-0.004999968152130663,0.004999968152132883
2,1.1,1.1,0.4999967782520311,-12.0,3.214870664521138,0.5,12.0,-0.001101556286838973,-5.000000000000003e-10,0.004999967782520312,0.001101589501093958,-0.004999968282517031,0.004999968282519696
2,1.15,1.15,0.4999967854206635,-12.0,3.207718191407205,0.5,12.0,-0.001101764791035076,-5.000000000000003e-10,0.004999967854206635,0.001101797933610871,-0.004999968354203688,0.004999968354200135
2,1.2,1.2,0.499996787978974,-12.0,3.205165646013341,0.5,12.0,-0.001101839079205774,-5.000000000000003e-10,0.004999967879789739,0.001101872196201059,-0.004999968379788555,0.004999968379788555
2,1.25,1.25,0.4999967881731118,-12.0,3.20497194522117,0.5,12.0,-0.001101844828847509,-5.000000000000003e-10,0.004999967881731118,0.001101877943861962,-0.004999968381767417,0.004999968381727005
2,1.3,1.3,0.4999967883522072,-12.0,3.204793253074286,0.5,12.0,-0.001101849911810865,-5.000000000000003e-10,0.004999967883522072,0.001101883025074246,-0.004999968383520681,0.004999968383518905
2,1.35,1.35,0.4999967885272145,-12.0,3.204618639745815,0.5,12.0,-0.001101854990693263,-5.000000000000003e-10,0.004999967885272146,0.001101888102206655,-0.004999968385270392,0.004999968385270837
2,1.4,1.4,0.4999967887020922,-12.0,3.204444156362735,0.5,12.0,-0.001101860065500115,-5.000000000000003e-10,0.004999967887020922,0.001101893175265017,-0.004999968387016551,0.004999968387018328
2,1.45,1.45,0.4999967888768395,-12.0,3.204269802639792,0.5,12.0,-0.001101865136236946,-5.000000000000003e-10,0.004999967888768395,0.001101898244254496,-0.004999968388766263,0.004999968388763598
2,1.5,1.5,0.4999967890514574,-12.0,3.204095578404573,0.5,12.0,-0.001101870202909028,-5.000000000000003e-10,0.004999967890514574,0.00110190330918053,-0.004999968390508869,0.004999968390511089
2,1.55,1.55,0.4999967892259456,-12.0,3.203921483497031,0.5,12.0,-0.001101875265521662,-5.000000000000003e-10,0.004999967892259456,0.001101908370048477,-0.004999968392255028,0.00499996839225636
2,1.6,1.6,0.4999967894003043,-12.0,3.203747517757351,0.5,12.0,-0.001101880324080207,-5.000000000000003e-10,0.004999967894003044,0.001101913426863554,-0.004999968394001186,0.004999968394003851
2,1.65,1.65,0.4999967895745334,-12.0,3.203573681025584,0.5,12.0,-0.001101885378589934,-5.000000000000003e-10,0.004999967895745334,0.001101918479631092,-0.00499996839574024,0.004999968395744681
2,1.7,1.7,0.4999967897486339,-12.0,3.203399973142452,0.5,12.0,-0.00110189042905609,-5.000000000000003e-10,0.00499996789748634,0.001101923528356558,-0.004999968397481069,0.004999968397481069
2,1.75,1.75,0.4999967899226052,-12.0,3.203226393949053,0.5,12.0,-0.00110189547548406,-5.000000000000003e-10,0.004999967899226052,0.001101928573045002,-0.004999968399221899,0.004999968399221899
2,1.8,1.8,0.4999967900964477,-12.0,3.203052943286366,0.5,12.0,-0.001101900517879145,-5.000000000000003e-10,0.004999967900964477,0.001101933613701839,-0.004999968400959176,0.004999968400958288
2,1.85,1.85,0.499996790270161,-12.0,3.202879620995988,0.5,12.0,-0.001101905556246535,-5.000000000000003e-10,0.00499996790270161,0.001101938650332285,-0.004999968402700006,0.004999968402699118
2,1.9,1.9,0.4999967904437463,-12.0,3.202706426919482,0.5,12.0,-0.001101910590591559,-5.000000000000003e-10,0.004999967904437463,0.001101943682941614,-0.00499996840443373,0.004999968404435506
2,1.95,1.95,0.4999967906172031,-12.0,3.202533360898959,0.5,12.0,-0.001101915620919408,-5.000000000000003e-10,0.004999967906172032,0.001101948711535017,-0.004999968406171007,0.004999968406169675
2,2.0,2.0,0.4999967907905321,-12.0,3.202360422776653,0.5,12.0,-0.001101920647235355,-5.000000000000003e-10,0.00499996790790532,0.00110195373611785,-0.004999968407901179,0.004999968407903843
2,2.05,2.05,0.4999967909637326,-12.0,3.202187612395309,0.5,12.0,-0.001101925669544646,-5.000000000000003e-10,0.004999967909637327,0.001101958756695304,-0.004999968409627797,0.00499996840963135
2,2.1,2.1,0.4999967911368055,-12.0,3.202014929597402,0.5,12.0,-0.001101930687852443,-5.000000000000003e-10,0.004999967911368055,0.001101963773272568,-0.004999968411357969,0.004999968411363298
2,2.15,2.15,0.4999967913097503,-12.0,3.201842374226275,0.5,12.0,-0.001101935702164047,-5.000000000000003e-10,0.004999967913097503,0.00110196878585489,-0.004999968413088141,0.004999968413095246
2,2.2,2.2,0.499996791482568,-12.0,3.201669946125192,0.5,12.0,-0.001101940712484623,-5.000000000000003e-10,0.004999967914825681,0.001101973794447403,-0.004999968414814759,0.004999968414818312
2,2.25,2.25,0.4999967916552579,-12.0,3.201497645137775,0.5,12.0,-0.00110194571881933,-5.000000000000003e-10,0.004999967916552579,0.001101978799055464,-0.004999968416544931,0.004999968416541378
2,2.3,2.3,0.4999967918278208,-12.0,3.201325471107924,0.5,12.0,-0.001101950721173417,-5.000000000000003e-10,0.004999967918278208,0.001101983799684042,-0.004999968418275103,0.004999968418273326
2,2.35,2.35,0.4999967920002568,-12.0,3.201153423879829,0.5,12.0,-0.001101955719552017,-5.000000000000003e-10,0.004999967920002568,0.001101988796338466,-0.004999968419994616,0.004999968420000833
2,2.4,2.4,0.4999967921725657,-12.0,3.200981503297887,0.5,12.0,-0.001101960713960265,-5.000000000000003e-10,0.004999967921725657,0.001101993789023814,-0.004999968421717682,0.004999968421715018
2,2.45,2.45,0.4999967923447477,-12.0,3.200809709206881,0.5,12.0,-0.001101965704403435,-5.000000000000003e-10,0.004999967923447477,0.001101998777745278,-0.004999968423444301,0.004999968423442525
2,2.5,2.5,0.4999967925168032,-12.0,3.200638041451618,0.5,12.0,-0.001101970690886606,-5.000000000000003e-10,0.004999967925168032,0.001102003762508103,-0.004999968425160262,0.00499996842516115
2,2.55,2.55,0.4999967926887319,-12.0,3.200466499877622,0.5,12.0,-0.001101975673414857,-5.000000000000003e-10,0.004999967926887319,0.001102008743317257,-0.004999968426879775,0.004999968426884216
2,2.6,2.6,0.4999967928605344,-12.0,3.200295084330016,0.5,12.0,-0.001101980651993378,-5.000000000000003e-10,0.004999967928605345,0.001102013720177958,-0.004999968428602841,0.0049999684285984
2,2.65,2.65,0.4999967930322111,-12.0,3.200123794654806,0.5,12.0,-0.001101985626627389,-5.000000000000003e-10,0.004999967930322111,0.001102018693095286,-0.004999968430315249,0.004999968430317026
2,2.7,2.7,0.4999967932037619,-12.0,3.199952630697971,0.5,12.0,-0.001101990597321745,-5.000000000000003e-10,0.004999967932037619,0.001102023662074458,-0.004999968432034763,0.004999968432026769
2,2.75,2.75,0.4999967933751861,-12.0,3.199781592305657,0.5,12.0,-0.001101995564081859,-5.000000000000003e-10,0.004999967933751861,0.001102028627120361,-0.004999968433743618,0.004999968433745394
2,2.8,2.8,0.4999967935464851,-12.0,3.199610679324782,0.5,12.0,-0.001102000526912561,-5.000000000000003e-10,0.004999967935464851,0.001102033588238349,-0.004999968435456026,0.004999968435459579
2,2.85,2.85,0.4999967937176582,-12.0,3.199439891601746,0.5,12.0,-0.001102005485819124,-5.000000000000003e-10,0.004999967937176581,0.001102038545433282,-0.004999968437164881,0.004999968437169322
2,2.9,2.9,0.4999967938887064,-12.0,3.199269228983857,0.5,12.0,-0.001102010440806517,-5.000000000000003e-10,0.004999967938887065,0.001102043498710348,-0.004999968438884395,0.004999968438883506
2,2.95,2.95,0.499996794059629,-12.0,3.199098691318401,0.5,12.0,-0.001102015391879763,-5.000000000000003e-10,0.00499996794059629,0.001102048448074655,-0.00499996844059325,0.004999968440597691
2,3.0,3.0,0.4999967942304271,-12.0,3.198928278453011,0.5,12.0,-0.00110202033904408,-5.000000000000003e-10,0.004999967942304271,0.001102053393531116,-0.004999968442295,0.004999968442298552
2,3.05,3.05,0.4999967944010997,-12.0,3.198757990235459,0.5,12.0,-0.001102025282304436,-5.000000000000003e-10,0.004999967944010997,0.00110205833508481,-0.004999968444003855,0.004999968444003855
2,3.1,3.1,0.4999967945716473,-12.0,3.198587826513915,0.5,12.0,-0.001102030221665801,-5.000000000000003e-10,0.004999967945716472,0.0011020632727409,-0.004999968445702052,0.004999968445709158
2,3.15,3.15,0.4999967947420707,-12.0,3.198417787136799,0.5,12.0,-0.001102035157133252,-5.000000000000003e-10,0.004999967947420707,0.001102068206504325,-0.00499996844741446,0.004999968447418901
2,3.2,3.2,0.4999967949123696,-12.0,3.19824787195274,0.5,12.0,-0.001102040088711842,-5.000000000000003e-10,0.004999967949123696,0.001102073136380111,-0.004999968449123315,0.004999968449128644
2,3.25,3.25,0.4999967950825444,-12.0,3.198078080810579,0.5,12.0,-0.001102045016406539,-5.000000000000003e-10,0.004999967950825444,0.001102078062373307,-0.00499996845081796,0.004999968450820624
2,3.3,3.3,0.4999967952525948,-12.0,3.197908413559416,0.5,12.0,-0.001102049940222394,-5.000000000000003e-10,0.004999967952525948,0.001102082984488828,-0.004999968452530368,0.004999968452521486
2,3.35,3.35,0.4999967954225208,-12.0,3.197738870048844,0.5,12.0,-0.001102054860164431,-5.000000000000003e-10,0.004999967954225209,0.001102087902731697,-0.004999968454214354,0.004999968454217907
2,3.4,3.4,0.4999967955923232,-12.0,3.19756945012833,0.5,12.0,-0.00110205977623748,-5.000000000000003e-10,0.004999967955923232,0.001102092817106964,-0.004999968455919657,0.004999968455923209
2,3.45,3.45,0.499996795762002,-12.0,3.19740015364785,0.5,12.0,-0.001102064688446674,-5.000000000000003e-10,0.00499996795762002,0.001102097727619517,-0.004999968457610748,0.004999968457615189
2,3.5,3.5,0.4999967959315574,-12.0,3.197230980457638,0.5,12.0,-0.001102069596796929,-5.000000000000003e-10,0.004999967959315574,0.001102102634274377,-0.004999968459308946,0.00499996845931161
2,3.55,3.55,0.499996796100989,-12.0,3.197061930408136,0.5,12.0,-0.001102074501293127,-5.000000000000003e-10,0.00499996796100989,0.001102107537076458,-0.004999968461007143,0.004999968461008031
2,3.6,3.6,0.4999967962702974,-12.0,3.196893003349878,0.5,12.0,-0.001102079401940403,-5.000000000000003e-10,0.004999967962702974,0.001102112436030811,-0.004999968462698234,0.004999968462700011
2,3.65,3.65,0.4999967964394825,-12.0,3.196724199134011,0.5,12.0,-0.001102084298743478,-5.000000000000003e-10,0.004999967964394825,0.001102117331142211,-0.004999968464389326,0.004999968464400872
2,3.7,3.7,0.4999967966085452,-12.0,3.196555517611567,0.5,12.0,-0.001102089191707456,-5.000000000000003e-10,0.004999967966085452,0.001102122222415708,-0.004999968466080418,0.00499996846607953
2,3.75,3.75,0.4999967967774845,-12.0,3.196386958634017,0.5,12.0,-0.001102094080837196,-5.000000000000003e-10,0.004999967967774846,0.001102127109856188,-0.004999968467771509,0.004999968467767069
2,3.8,3.8,0.4999967969463013,-12.0,3.196218522053141,0.5,12.0,-0.001102098966137555,-5.000000000000003e-10,0.004999967969463013,0.001102131993468619,-0.004999968469455496,0.004999968469459048
2,3.85,3.85,0.4999967971149957,-12.0,3.19605020772079,0.5,12.0,-0.0011021038476135,-5.000000000000003e-10,0.004999967971149957,0.001102136873257775,-0.004999968471146587,0.004999968471142147
2,3.9,3.9,0.4999967972835677,-12.0,3.195882015489143,0.5,12.0,-0.001102108725269973,-5.000000000000003e-10,0.004999967972835678,0.001102141749228625,-0.004999968472830574,0.004999968472834126
2,3.95,3.95,0.499996797452017,-12.0,3.195713945210729,0.5,12.0,-0.001102113599111748,-5.000000000000003e-10,0.00499996797452017,0.001102146621386135,-0.00499996847451456,0.004999968474521665
2,4.0,4.0,0.499996797620345,-12.0,3.195545996738191,0.5,12.0,-0.00110211846914382,-5.000000000000003e-10,0.00499996797620345,0.001102151489735081,-0.004999968476198546,0.004999968476191441
2,4.05,4.05,0.4999967977885509,-12.0,3.195378169924409,0.5,12.0,-0.001102123335370964,-5.000000000000003e-10,0.004999967977885509,0.001102156354280348,-0.004999968477882533,0.00499996847787898
2,4.100000000000001,4.100000000000001,0.4999967979566344,-12.0,3.195210464622816,0.5,12.0,-0.001102128197798119,-5.000000000000003e-10,0.004999967979566345,0.001102161215026876,-0.004999968479559413,0.004999968479566519
2,4.15,4.15,0.4999967981245965,-12.0,3.195042880686553,0.5,12.0,-0.001102133056430088,-5.000000000000003e-10,0.004999967981245966,0.001102166071979438,-0.0049999684812434,0.004999968481245176
2,4.2,4.2,0.4999967982924378,-12.0,3.194875417969474,0.5,12.0,-0.001102137911271783,-5.000000000000003e-10,0.004999967982924378,0.001102170925142809,-0.004999968482913175,0.004999968482932715
2,4.25,4.25,0.4999967984601574,-12.0,3.19470807632544,0.5,12.0,-0.001102142762327923,-5.000000000000003e-10,0.004999967984601574,0.001102175774522013,-0.004999968484597161,0.004999968484602491
2,4.3,4.3,0.4999967986277551,-12.0,3.194540855608649,0.5,12.0,-0.001102147609603477,-5.000000000000003e-10,0.004999967986277552,0.001102180620121629,-0.004999968486281148,0.004999968486281148
2,4.350000000000001,4.350000000000001,0.4999967987952327,-12.0,3.194373755673694,0.5,12.0,-0.001102152453103189,-5.000000000000003e-10,0.004999967987952328,0.001102185461946736,-0.004999968487950923,0.004999968487950923
2,4.4,4.4,0.4999967989625886,-12.0,3.19420677637492,0.5,12.0,-0.001102157292831807,-5.000000000000003e-10,0.004999967989625887,0.001102190300001998,-0.004999968489613593,0.004999968489638462
2,4.45,4.45,0.4999967991298242,-12.0,3.194039917567511,0.5,12.0,-0.001102162128794215,-5.000000000000003e-10,0.004999967991298242,0.001102195134292244,-0.004999968491290474,0.004999968491299356
2,4.5,4.5,0.4999967992969392,-12.0,3.19387317910644,0.5,12.0,-0.001102166960995243,-5.000000000000003e-10,0.004999967992969392,0.001102199964822248,-0.004999968492960249,0.004999968492969131
2,4.55,4.55,0.4999967994639336,-12.0,3.193706560847424,0.5,12.0,-0.00110217178943961,-5.000000000000003e-10,0.004999967994639336,0.001102204791596839,-0.004999968494644236,0.004999968494638907
2,4.600000000000001,4.600000000000001,0.4999967996308077,-12.0,3.193540062645571,0.5,12.0,-0.001102176614132089,-5.000000000000003e-10,0.004999967996308077,0.001102209614620792,-0.004999968496314011,0.004999968496308682
2,4.65,4.65,0.4999967997975614,-12.0,3.193373684357304,0.5,12.0,-0.001102181435077537,-5.000000000000003e-10,0.004999967997975614,0.001102214433898741,-0.004999968497983787,0.004999968497978458
2,4.7,4.7,0.4999967999641952,-12.0,3.193207425838545,0.5,12.0,-0.001102186252280563,-5.000000000000003e-10,0.004999967999641953,0.001102219249435654,-0.004999968499639351,0.004999968499648233
2,4.75,4.75,0.4999968001307091,-12.0,3.193041286945684,0.5,12.0,-0.001102191065746078,-5.000000000000003e-10,0.004999968001307091,0.001102224061236168,-0.004999968501302021,0.004999968501309127
2,4.800000000000001,4.800000000000001,0.4999968002971031,-12.0,3.192875267535179,0.5,12.0,-0.001102195875478634,-5.000000000000003e-10,0.004999968002971032,0.001102228869305028,-0.004999968502971797,0.00499996850297002
2,4.850000000000001,4.850000000000001,0.4999968004633779,-12.0,3.192709367464106,0.5,12.0,-0.001102200681483229,-5.000000000000003e-10,0.004999968004633779,0.00110223367364698,-0.004999968504641572,0.004999968504630914
2,4.9,4.9,0.4999968006295328,-12.0,3.192543586589496,0.5,12.0,-0.001102205483764329,-5.000000000000003e-10,0.004999968006295328,0.00110223847426677,-0.004999968506304242,0.004999968506300689
2,4.95,4.95,0.4999968007955686,-12.0,3.19237792476866,0.5,12.0,-0.001102210282326849,-5.000000000000003e-10,0.004999968007955686,0.001102243271169062,-0.004999968507952701,0.004999968507961583
2,5.0,5.0,0.499996800961485,-12.0,3.192212381859146,0.5,12.0,-0.001102215077175422,-5.000000000000003e-10,0.00499996800961485,0.001102248064358574,-0.004999968509615371,0.004999968509613595
2,5.050000000000001,5.050000000000001,0.4999968011272828,-12.0,3.192046957718734,0.5,12.0,-0.001102219868314686,-5.000000000000003e-10,0.004999968011272829,0.00110225285384008,-0.004999968511278041,0.004999968511265607
2,5.100000000000001,5.100000000000001,0.4999968012929612,-12.0,3.191881652205596,0.5,12.0,-0.001102224655749467,-5.000000000000003e-10,0.004999968012929612,0.001102257639618187,-0.0049999685129265,0.0049999685129265
2,5.15,5.15,0.4999968014585212,-12.0,3.191716465177936,0.5,12.0,-0.00110222943948432,-5.000000000000003e-10,0.004999968014585212,0.001102262421697614,-0.004999968514582065,0.004999968514596276
2,5.2,5.2,0.4999968016239624,-12.0,3.191551396494195,0.5,12.0,-0.001102234219523962,-5.000000000000003e-10,0.004999968016239625,0.001102267200083107,-0.004999968516230524,0.004999968516239406
2,5.25,5.25,0.4999968017892851,-12.0,3.191386446013356,0.5,12.0,-0.001102238995873139,-5.000000000000003e-10,0.004999968017892851,0.001102271974779218,-0.0049999685179003,0.004999968517891418
2,5.300000000000001,5.300000000000001,0.49999680195449,-12.0,3.191221613594284,0.5,12.0,-0.001102243768536459,-5.000000000000003e-10,0.0049999680195449,0.001102276745790609,-0.004999968519548759,0.004999968519552311
2,5.350000000000001,5.350000000000001,0.4999968021195755,-12.0,3.191056899096206,0.5,12.0,-0.001102248537518585,-5.000000000000003e-10,0.004999968021195756,0.001102281513121972,-0.004999968521197218,0.004999968521195441
2,5.4,5.4,0.499996802284544,-12.0,3.19089230237861,0.5,12.0,-0.001102253302824069,-5.000000000000003e-10,0.00499996802284544,0.001102286276778108,-0.004999968522852782,0.004999968522847453
2,5.45,5.45,0.4999968024493946,-12.0,3.190727823301232,0.5,12.0,-0.001102258064457712,-5.000000000000003e-10,0.004999968024493946,0.001102291036763348,-0.004999968524479925,0.004999968524508347
2,5.5,5.5,0.499996802614127,-12.0,3.190563461723748,0.5,12.0,-0.001102262822424094,-5.000000000000003e-10,0.00499996802614127,0.001102295793082464,-0.004999968526149701,0.004999968526142595
2,5.550000000000001,5.550000000000001,0.4999968027787418,-12.0,3.190399217506783,0.5,12.0,-0.001102267576727711,-5.000000000000003e-10,0.004999968027787418,0.001102300545740176,-0.004999968527783949,0.004999968527794607
2,5.600000000000001,5.600000000000001,0.4999968029432398,-12.0,3.190235090510321,0.5,12.0,-0.001102272327373255,-5.000000000000003e-10,0.004999968029432398,0.001102305294740924,-0.004999968529425303,0.004999968529428855
2,5.65,5.65,0.4999968031076194,-12.0,3.190071080595292,0.5,12.0,-0.001102277074365443,-5.000000000000003e-10,0.004999968031076194,0.001102310040089399,-0.004999968531080867,0.004999968531080867
2,5.7,5.7,0.4999968032718822,-12.0,3.18990718762231,0.5,12.0,-0.001102281817708689,-5.000000000000003e-10,0.004999968032718822,0.001102314781790265,-0.004999968532715116,0.004999968532715116
2,5.75,5.75,0.499996803436028,-12.0,3.189743411452641,0.5,12.0,-0.001102286557407683,-5.000000000000003e-10,0.004999968034360281,0.001102319519847933,-0.004999968534363575,0.004999968534358246
2,5.800000000000001,5.800000000000001,0.4999968036000568,-12.0,3.189579751947648,0.5,12.0,-0.001102291293466978,-5.000000000000003e-10,0.004999968036000568,0.001102324254267095,-0.004999968535990718,0.004999968536010257
2,5.850000000000001,5.850000000000001,0.499996803763969,-12.0,3.18941620896871,0.5,12.0,-0.001102296025891208,-5.000000000000003e-10,0.00499996803763969,0.001102328985052331,-0.004999968537624966,0.004999968537644506
2,5.9,5.9,0.4999968039277645,-12.0,3.189252782377802,0.5,12.0,-0.001102300754684815,-5.000000000000003e-10,0.004999968039277645,0.001102333712208192,-0.00499996853926632,0.004999968539287636
2,5.95,5.95,0.4999968040914433,-12.0,3.189089472036698,0.5,12.0,-0.001102305479852433,-5.000000000000003e-10,0.004999968040914433,0.001102338435739175,-0.004999968540914779,0.004999968540913002
2,6.0,6.0,0.499996804255006,-12.0,3.188926277807898,0.5,12.0,-0.001102310201398615,-5.000000000000003e-10,0.00499996804255006,0.00110234315564986,-0.004999968542549027,0.004999968542556132
2,6.050000000000001,6.050000000000001,0.4999968044184524,-12.0,3.188763199553773,0.5,12.0,-0.001102314919327857,-5.000000000000003e-10,0.004999968044184524,0.001102347871944909,-0.004999968544190381,0.004999968544181499
2,6.100000000000001,6.100000000000001,0.4999968045817826,-12.0,3.188600237136983,0.5,12.0,-0.001102319633644822,-5.000000000000003e-10,0.004999968045817827,0.001102352584628569,-0.004999968545810418,0.004999968545815747
2,6.15,6.15,0.4999968047449965,-12.0,3.188437390420568,0.5,12.0,-0.001102324344353811,-5.000000000000003e-10,0.004999968047449965,0.001102357293705669,-0.004999968547437561,0.004999968547458877
2,6.2,6.2,0.4999968049080949,-12.0,3.188274659267527,0.5,12.0,-0.001102329051459544,-5.000000000000003e-10,0.00499996804908095,0.001102361999180568,-0.004999968549064704,0.004999968549084244
2,6.25,6.25,0.4999968050710775,-12.0,3.188112043541353,0.5,12.0,-0.001102333754966378,-5.000000000000003e-10,0.004999968050710775,0.001102366701057816,-0.004999968550706058,0.00499996855070961
2,6.300000000000001,6.300000000000001,0.4999968052339452,-12.0,3.187949543105758,0.5,12.0,-0.001102338454878976,-5.000000000000003e-10,0.004999968052339452,0.001102371399341828,-0.0049999685523332,0.004999968552343859
2,6.350000000000001,6.350000000000001,0.499996805396697,-12.0,3.187787157824294,0.5,12.0,-0.001102343151201668,-5.000000000000003e-10,0.00499996805396697,0.001102376094037211,-0.004999968553960343,0.004999968553969225
2,6.4,6.4,0.4999968055593329,-12.0,3.18762488756119,0.5,12.0,-0.001102347843939089,-5.000000000000003e-10,0.004999968055593329,0.001102380785148405,-0.004999968555601697,0.004999968555594592
2,6.45,6.45,0.4999968057218547,-12.0,3.187462732180781,0.5,12.0,-0.00110235253309568,-5.000000000000003e-10,0.004999968057218547,0.001102385472679823,-0.00499996855722884,0.004999968557219958
2,6.5,6.5,0.4999968058842605,-12.0,3.187300691547541,0.5,12.0,-0.001102357218675715,-5.000000000000003e-10,0.004999968058842606,0.001102390156636102,-0.004999968558848877,0.004999968558845325
2,6.550000000000001,6.550000000000001,0.4999968060465521,-12.0,3.187138765526094,0.5,12.0,-0.00110236190068394,-5.000000000000003e-10,0.004999968060465521,0.001102394837021486,-0.004999968560454704,0.004999968560488455
2,6.600000000000001,6.600000000000001,0.4999968062087288,-12.0,3.186976953981425,0.5,12.0,-0.001102366579124603,-5.000000000000003e-10,0.004999968062087288,0.001102399513840613,-0.004999968562088952,0.004999968562096058
2,6.65,6.65,0.4999968063707907,-12.0,3.186815256778866,0.5,12.0,-0.00110237125400231,-5.000000000000003e-10,0.004999968063707907,0.001102404187097894,-0.00499996856370899,0.004999968563712542
2,6.7,6.7,0.4999968065327387,-12.0,3.186653673783616,0.5,12.0,-0.001102375925321392,-5.000000000000003e-10,0.004999968065327387,0.001102408856797688,-0.004999968565329027,0.004999968565320145
2,6.75,6.75,0.4999968066945719,-12.0,3.186492204861536,0.5,12.0,-0.001102380593086344,-5.000000000000003e-10,0.004999968066945719,0.001102413522944434,-0.004999968566949065,0.004999968566945512
2,6.800000000000001,6.800000000000001,0.4999968068562908,-12.0,3.186330849878133,0.5,12.0,-0.001102385257301552,-5.000000000000003e-10,0.004999968068562908,0.001102418185542575,-0.004999968568554891,0.004999968568561997
2,6.850000000000001,6.850000000000001,0.4999968070178957,-12.0,3.186169608699771,0.5,12.0,-0.00110238991797143,-5.000000000000003e-10,0.004999968070178958,0.001102422844596579,-0.004999968570189139,0.004999968570178481
2,6.9,6.9,0.499996807179387,-12.0,3.186008481192681,0.5,12.0,-0.001102394575100363,-5.000000000000003e-10,0.00499996807179387,0.001102427500110831,-0.004999968571794966,0.004999968571794966
2,6.95,6.95,0.4999968073407639,-12.0,3.185847467223217,0.5,12.0,-0.001102399228692902,-5.000000000000003e-10,0.004999968073407639,0.001102432152089688,-0.004999968573415003,0.004999968573411451
2,7.0,7.0,0.4999968075020278,-12.0,3.185686566658222,0.5,12.0,-0.001102403878753211,-5.000000000000003e-10,0.004999968075020278,0.001102436800537537,-0.00499996857502083,0.004999968575027935
2,7.050000000000001,7.050000000000001,0.4999968076631784,-12.0,3.185525779364502,0.5,12.0,-0.001102408525285842,-5.000000000000003e-10,0.004999968076631785,0.001102441445458846,-0.004999968576626657,0.00499996857664442
2,7.100000000000001,7.100000000000001,0.4999968078242147,-12.0,3.185365105209543,0.5,12.0,-0.001102413168295124,-5.000000000000003e-10,0.004999968078242148,0.001102446086857889,-0.004999968578260905,0.004999968578260905
2,7.15,7.15,0.4999968079851382,-12.0,3.185204544060275,0.5,12.0,-0.001102417807785416,-5.000000000000003e-10,0.004999968079851382,0.001102450724739135,-0.004999968579852521,0.004999968579859626
2,7.2,7.2,0.4999968081459487,-12.0,3.18504409578461,0.5,12.0,-0.001102422443761103,-5.000000000000003e-10,0.004999968081459487,0.001102455359106913,-0.004999968581458347,0.004999968581458347
2,7.25,7.25,0.4999968083066457,-12.0,3.184883760250278,0.5,12.0,-0.00110242707622657,-5.000000000000003e-10,0.004999968083066457,0.001102459989965499,-0.004999968583064174,0.00499996858306595
2,7.300000000000001,7.300000000000001,0.4999968084672302,-12.0,3.184723537325367,0.5,12.0,-0.001102431705186063,-5.000000000000003e-10,0.004999968084672302,0.001102464617319332,-0.00499996858467,0.004999968584673553
2,7.350000000000001,7.350000000000001,0.4999968086277018,-12.0,3.184563426878062,0.5,12.0,-0.001102436330644052,-5.000000000000003e-10,0.004999968086277018,0.001102469241172715,-0.004999968586290038,0.004999968586281156
2,7.4,7.4,0.4999968087880606,-12.0,3.1844034287767,0.5,12.0,-0.001102440952604755,-5.000000000000003e-10,0.004999968087880606,0.001102473861530007,-0.004999968587881654,0.004999968587888759
2,7.45,7.45,0.4999968089483078,-12.0,3.184243542890163,0.5,12.0,-0.001102445571072586,-5.000000000000003e-10,0.004999968089483078,0.001102478478395508,-0.004999968589473269,0.00499996858948748
2,7.5,7.5,0.4999968091084419,-12.0,3.184083769087162,0.5,12.0,-0.00110245018605179,-5.000000000000003e-10,0.004999968091084419,0.001102483091773548,-0.004999968591079096,0.004999968591068438
2,7.550000000000001,7.550000000000001,0.4999968092684639,-12.0,3.18392410723702,0.5,12.0,-0.001102454797546754,-5.000000000000003e-10,0.004999968092684639,0.001102487701668431,-0.004999968592684922,0.004999968592693804
2,7.600000000000001,7.600000000000001,0.499996809428374,-12.0,3.183764557208921,0.5,12.0,-0.001102459405561695,-5.000000000000003e-10,0.00499996809428374,0.001102492308084485,-0.004999968594262327,0.004999968594301407
2,7.65,7.65,0.4999968095881724,-12.0,3.183605118872357,0.5,12.0,-0.001102464010101001,-5.000000000000003e-10,0.004999968095881724,0.001102496911025957,-0.004999968595882365,0.004999968595873483
2,7.7,7.7,0.499996809747858,-12.0,3.183445792097208,0.5,12.0,-0.001102468611168916,-5.000000000000003e-10,0.00499996809747858,0.001102501510497234,-0.004999968597488191,0.004999968597481086
2,7.75,7.75,0.499996809907433,-12.0,3.183286576753396,0.5,12.0,-0.001102473208769744,-5.000000000000003e-10,0.00499996809907433,0.001102506106502366,-0.004999968599065596,0.004999968599079807
2,7.800000000000001,7.800000000000001,0.4999968100668959,-12.0,3.183127472710848,0.5,12.0,-0.001102477802907675,-5.000000000000003e-10,0.004999968100668959,0.001102510699045933,-0.004999968600671423,0.004999968600678528
2,7.850000000000001,7.850000000000001,0.4999968102262473,-12.0,3.18296847984039,0.5,12.0,-0.001102482393587095,-5.000000000000003e-10,0.004999968102262473,0.001102515288132017,-0.004999968602263039,0.004999968602259486
2,7.9,7.9,0.4999968103854875,-12.0,3.182809598012214,0.5,12.0,-0.001102486980812251,-5.000000000000003e-10,0.004999968103854875,0.001102519873764807,-0.004999968603854654,0.004999968603858207
2,7.95,7.95,0.4999968105446166,-12.0,3.182650827097345,0.5,12.0,-0.001102491564587305,-5.000000000000003e-10,0.004999968105446166,0.001102524455948772,-0.004999968605460481,0.004999968605439165
2,8.0,8.0,0.4999968107036348,-12.0,3.182492166966655,0.5,12.0,-0.001102496144916587,-5.000000000000003e-10,0.004999968107036348,0.001102529034688021,-0.004999968607023675,0.004999968607037886
2,8.05,8.05,0.4999968108625419,-12.0,3.182333617491627,0.5,12.0,-0.001102500721804289,-5.000000000000003e-10,0.004999968108625419,0.0011025336099868,-0.004999968608615291,0.004999968608636607
2,8.1,8.1,0.4999968110213384,-12.0,3.182175178543361,0.5,12.0,-0.001102505295254658,-5.000000000000003e-10,0.004999968110213384,0.001102538181849355,-0.004999968610221117,0.004999968610217564
2,8.15,8.15,0.4999968111800241,-12.0,3.182016849993806,0.5,12.0,-0.001102509865271911,-5.000000000000003e-10,0.004999968111800241,0.001102542750279906,-0.004999968611798522,0.004999968611816286
2,8.200000000000001,8.200000000000001,0.4999968113385995,-12.0,3.181858631714551,0.5,12.0,-0.001102514431860269,-5.000000000000003e-10,0.004999968113385996,0.001102547315282726,-0.004999968613375927,0.00499996861337948
2,8.25,8.25,0.4999968114970643,-12.0,3.181700523577756,0.5,12.0,-0.001102518995023949,-5.000000000000003e-10,0.004999968114970644,0.001102551876861868,-0.004999968614995964,0.004999968614960437
2,8.3,8.3,0.4999968116554188,-12.0,3.181542525455879,0.5,12.0,-0.001102523554767115,-5.000000000000003e-10,0.004999968116554188,0.001102556435021773,-0.004999968616530737,0.004999968616559158
2,8.35,8.35,0.4999968118136633,-12.0,3.181384637221014,0.5,12.0,-0.001102528111094098,-5.000000000000003e-10,0.004999968118136633,0.001102560989766327,-0.004999968618108142,0.004999968618140116
2,8.4,8.4,0.4999968119717977,-12.0,3.18122685874615,0.5,12.0,-0.001102532664008893,-5.000000000000003e-10,0.004999968119717977,0.001102565541099998,-0.004999968619728179,0.004999968619721074
2,8.450000000000001,8.450000000000001,0.4999968121298222,-12.0,3.181069189904157,0.5,12.0,-0.001102537213515803,-5.000000000000003e-10,0.004999968121298222,0.001102570089026839,-0.004999968621291373,0.004999968621302031
2,8.5,8.5,0.499996812287737,-12.0,3.180911630567903,0.5,12.0,-0.001102541759618991,-5.000000000000003e-10,0.004999968122877369,0.001102574633550985,-0.004999968622882989,0.004999968622865225
2,8.55,8.55,0.4999968124455421,-12.0,3.180754180611042,0.5,12.0,-0.001102546302322566,-5.000000000000003e-10,0.00499996812445542,0.00110257917467671,-0.004999968624460394,0.004999968624463946
2,8.6,8.6,0.4999968126032377,-12.0,3.180596839906674,0.5,12.0,-0.001102550841630745,-5.000000000000003e-10,0.004999968126032377,0.001102583712408095,-0.004999968626037798,0.004999968626009377
2,8.65,8.65,0.4999968127608239,-12.0,3.180439608328771,0.5,12.0,-0.001102555377547637,-5.000000000000003e-10,0.004999968127608239,0.001102588246749303,-0.004999968627600992,0.004999968627608098
2,8.700000000000001,8.700000000000001,0.499996812918301,-12.0,3.180282485751194,0.5,12.0,-0.001102559910077433,-5.000000000000003e-10,0.00499996812918301,0.00110259277770447,-0.004999968629192608,0.004999968629206819
2,8.75,8.75,0.4999968130756689,-12.0,3.180125472048072,0.5,12.0,-0.001102564439224241,-5.000000000000003e-10,0.004999968130756689,0.001102597305277786,-0.004999968630770013,0.004999968630770013
2,8.8,8.8,0.4999968132329273,-12.0,3.179968567093741,0.5,12.0,-0.001102568964992251,-5.000000000000003e-10,0.004999968132329273,0.001102601829473304,-0.004999968632318996,0.004999968632333207
2,8.85,8.85,0.4999968133900781,-12.0,3.179811770762554,0.5,12.0,-0.001102573487385489,-5.000000000000003e-10,0.004999968133900781,0.001102606350295271,-0.004999968633896401,0.004999968633914165
2,8.9,8.9,0.4999968135471189,-12.0,3.179655082929427,0.5,12.0,-0.001102578006408117,-5.000000000000003e-10,0.004999968135471189,0.001102610867747628,-0.004999968635488017,0.004999968635477359
2,8.950000000000001,8.950000000000001,0.4999968137040518,-12.0,3.179498503469246,0.5,12.0,-0.001102582522064272,-5.000000000000003e-10,0.004999968137040518,0.001102615381834648,-0.004999968637051211,0.004999968637040553
2,9.0,9.0,0.4999968138608759,-12.0,3.17934203225713,0.5,12.0,-0.001102587034358116,-5.000000000000003e-10,0.004999968138608759,0.001102619892560303,-0.004999968638600194,0.004999968638585983
2,9.05,9.05,0.4999968140175917,-12.0,3.179185669168499,0.5,12.0,-0.001102591543293563,-5.000000000000003e-10,0.004999968140175916,0.001102624399928809,-0.004999968640177599,0.004999968640184704
2,9.1,9.1,0.4999968141741993,-12.0,3.179029414078629,0.5,12.0,-0.00110259604887486,-5.000000000000003e-10,0.004999968141741993,0.001102628903944136,-0.004999968641755004,0.004999968641730135
2,9.15,9.15,0.4999968143306985,-12.0,3.178873266863539,0.5,12.0,-0.001102600551106059,-5.000000000000003e-10,0.004999968143306986,0.001102633404610448,-0.004999968643303987,0.004999968643311092
2,9.200000000000001,9.200000000000001,0.4999968144870899,-12.0,3.178717227399074,0.5,12.0,-0.001102605049991129,-5.000000000000003e-10,0.004999968144870899,0.001102637901931824,-0.004999968644867181,0.004999968644856523
2,9.25,9.25,0.499996814643374,-12.0,3.178561295561226,0.5,12.0,-0.001102609545534261,-5.000000000000003e-10,0.00499996814643374,0.001102642395912345,-0.004999968646458797,0.00499996864643748
2,9.3,9.3,0.4999968147995495,-12.0,3.178405471226492,0.5,12.0,-0.001102614037739535,-5.000000000000003e-10,0.004999968147995495,0.001102646886555925,-0.004999968647979358,0.004999968648000674
2,9.35,9.35,0.4999968149556173,-12.0,3.178249754271393,0.5,12.0,-0.001102618526610921,-5.000000000000003e-10,0.004999968149556173,0.001102651373866781,-0.004999968649585185,0.004999968649563868
2,9.4,9.4,0.4999968151115781,-12.0,3.178094144572556,0.5,12.0,-0.001102623012152443,-5.000000000000003e-10,0.004999968151115781,0.001102655857848966,-0.004999968651119957,0.004999968651109299
2,9.450000000000001,9.450000000000001,0.4999968152674314,-12.0,3.177938642007127,0.5,12.0,-0.001102627494368263,-5.000000000000003e-10,0.004999968152674315,0.001102660338506367,-0.004999968652654729,0.004999968652654729
2,9.5,9.5,0.4999968154231778,-12.0,3.177783246451932,0.5,12.0,-0.00110263197326238,-5.000000000000003e-10,0.004999968154231778,0.001102664815843146,-0.004999968654217923,0.004999968654217923
2,9.55,9.55,0.4999968155788161,-12.0,3.177627957784466,0.5,12.0,-0.001102636448838817,-5.000000000000003e-10,0.004999968155788161,0.001102669289863273,-0.004999968655795328,0.004999968655781117
2,9.600000000000001,9.600000000000001,0.4999968157343486,-12.0,3.177472775882273,0.5,12.0,-0.001102640921101461,-5.000000000000003e-10,0.004999968157343486,0.001102673760570827,-0.004999968657330101,0.004999968657326548
2,9.65,9.65,0.4999968158897732,-12.0,3.177317700623012,0.5,12.0,-0.00110264539005453,-5.000000000000003e-10,0.004999968158897732,0.001102678227969778,-0.004999968658893295,0.004999968658907505
2,9.700000000000001,9.700000000000001,0.4999968160450918,-12.0,3.177162731884506,0.5,12.0,-0.001102649855701937,-5.000000000000003e-10,0.004999968160450919,0.001102682692064122,-0.004999968660456489,0.004999968660435172
2,9.75,9.75,0.499996816200303,-12.0,3.177007869545023,0.5,12.0,-0.00110265431804768,-5.000000000000003e-10,0.00499996816200303,0.001102687152857912,-0.004999968661991261,0.00499996866201613
2,9.8,9.8,0.4999968163554085,-12.0,3.176853113482836,0.5,12.0,-0.0011026587770957,-5.000000000000003e-10,0.004999968163554085,0.001102691610355172,-0.004999968663582877,0.00499996866356156
2,9.850000000000001,9.850000000000001,0.4999968165104072,-12.0,3.176698463576352,0.5,12.0,-0.001102663232850132,-5.000000000000003e-10,0.004999968165104072,0.001102696064559733,-0.004999968665103438,0.004999968665106991
2,9.9,9.9,0.4999968166652993,-12.0,3.176543919704442,0.5,12.0,-0.001102667685314862,-5.000000000000003e-10,0.004999968166652993,0.001102700515475619,-0.004999968666624,0.004999968666687948
2,9.950000000000001,9.950000000000001,0.4999968168200859,-12.0,3.176389481745684,0.5,12.0,-0.001102672134493887,-5.000000000000003e-10,0.004999968168200859,0.00110270496310691,-0.004999968668201404,0.004999968668197852
2,10.0,10.0,0.4999968169747657,-12.0,3.176235149579436,0.5,12.0,-0.001102676580391121,-5.000000000000003e-10,0.004999968169747657,0.001102709407457547,-0.004999968669764598,0.004999968669743282
3,0.0,0.0,0.0,-12.0,11.49843181662404,1.0,12.0,-2.325063583483167e-06,-9.999999999999999e-10,0.0,2.571384899486802e-06,0.0,0.0
3,0.05,0.05,0.04739739815485071,-12.0,11.49843181647968,1.0,12.0,-2.325040281574153e-06,-9.999999999999999e-10,0.0004739739815485071,2.571408639123792e-06,-0.0004739740290338745,0.0004739740289459726
3,0.1,0.1,0.09477030066696555,-12.0,11.49843181621797,1.0,12.0,-2.325017314459832e-06,-9.999999999999999e-10,0.0009477030066696555,2.571432399794164e-06,-0.0009477031017997017,0.0009477031014400172
3,0.15,0.15,0.1421183556501971,-12.0,11.49843181574366,1.0,12.0,-2.324994944118142e-06,-9.999999999999999e-10,0.001421183556501971,2.571456208339822e-06,-0.00142118369899169,0.001421183698620265
3,0.2,0.2,0.1894412045622463,-12.0,11.49843181488433,1.0,12.0,-2.324973644614314e-06,-9.999999999999999e-10,0.001894412045622463,2.5714801135062e-06,-0.001894412235448284,0.001894412235063092
3,0.25,0.25,0.2367384821509817,-12.0,11.49843181332793,1.0,12.0,-2.324954273782986e-06,-9.999999999999999e-10,0.002367384821509817,2.571504203696173e-06,-0.002367385058644977,0.002367385058248406
3,0.3,0.3,0.2840098162739807,-12.0,11.49843181050992,1.0,12.0,-2.324938383285735e-06,-9.999999999999999e-10,0.002840098162739807,2.571528639136104e-06,-0.002840098447161044,0.002840098446749151
3,0.35,0.35,0.3312548277396667,-12.0,11.49843180540924,1.0,12.0,-2.324928779086355e-06,-9.999999999999999e-10,0.003312548277396667,2.571553710242812e-06,-0.003312548609077037,0.003312548608652155
3,0.4,0.4,0.3784731301434941,-12.0,11.49843179617961,1.0,12.0,-2.32493053382854e-06,-9.999999999999999e-10,0.003784731301434941,2.571579943856204e-06,-0.003784731680346098,0.003784731679908893
3,0.45,0.45,0.4256643296983756,-12.0,11.49843177948321,1.0,12.0,-2.32495281446421e-06,-9.999999999999999e-10,0.004256643296983756,2.571608297694818e-06,-0.004256643723101305,0.004256643722647113
3,0.5,0.5,0.4728280251046842,-12.0,11.49843174927335,1.0,12.0,-2.325012182294306e-06,-9.999999999999999e-10,0.004728280251046843,2.571640519976499e-06,-0.004728280723875322,0.004728280723874656
3,0.55,0.55,0.5199638071777392,-12.0,11.49843169463519,1.0,12.0,-2.325138548420203e-06,-9.999999999999999e-10,0.005199638071777392,2.571679826501181e-06,-0.005199638591742328,0.005199638591741884
3,0.6000000000000001,0.6000000000000001,0.5670712589223118,-12.0,11.49843159577484,1.0,12.0,-2.325385923075685e-06,-9.999999999999999e-10,0.005670712589223118,2.571732214000942e-06,-0.005670713156294305,0.005670713156293861
3,0.65,0.65,0.6141499551228432,-12.0,11.49843141675551,1.0,12.0,-2.325851826738556e-06,-9.999999999999999e-10,0.006141499551228433,2.571809128809646e-06,-0.006141500165379732,0.006141500165379732
3,0.7000000000000001,0.7000000000000001,0.6611994621169659,-12.0,11.49843109200461,1.0,12.0,-2.32671239939336e-06,-9.999999999999999e-10,0.006611994621169659,2.571933258647111e-06,-0.006611995282370664,0.006611995282370664
3,0.75,0.75,0.7082193374377697,-12.0,11.49843050076859,1.0,12.0,-2.328286209773989e-06,-9.999999999999999e-10,0.007082193374377697,2.572152181429117e-06,-0.007082194082594917,0.007082194082593807
3,0.8,0.8,0.7552091292800791,-12.0,11.4984294167422,1.0,12.0,-2.331151817684673e-06,-9.999999999999999e-10,0.007552091292800791,2.572573541955551e-06,-0.007552092048012327,0.007552092048009884
3,0.8500000000000001,0.8500000000000001,0.802168375568044,-12.0,11.49842740112593,1.0,12.0,-2.336373000073888e-06,-9.999999999999999e-10,0.00802168375568044,2.573464048128321e-06,-0.008021684557848019,0.008021684557849573
3,0.9,0.9,0.849096601963822,-12.0,11.4984235434522,1.0,12.0,-2.345979071817494e-06,-9.999999999999999e-10,0.00849096601963822,2.575555100268358e-06,-0.008490966868736294,0.008490966868734962
3,0.9500000000000001,0.9500000000000001,0.8959933162244245,-12.0,11.49841566650936,1.0,12.0,-2.364288777374768e-06,-9.999999999999999e-10,0.008959933162244246,2.581129570310472e-06,-0.00895993405823603,0.008959934058236918
3,1.0,1.0,0.9428579827231391,-12.0,11.49839656854111,1.0,12.0,-2.403924399131674e-06,-9.999999999999999e-10,0.009428579827231392,2.599401789281107e-06,-0.009428580770089567,0.009428580770093342
3,1.05,1.05,0.9896896115160561,-12.0,11.49829192087546,1.0,12.0,-2.583391139968083e-06,-9.999999999999999e-10,0.00989689611516056,2.737234785896402e-06,-0.009896897104848534,0.009896897104850755
3,1.1,1.1,0.9999918321591909,-12.0,8.146574473523188,1.0,12.0,-0.0008081521168284977,-9.999999999999999e-10,0.00999991832159191,0.0008082357982580057,-0.009999919321590056,0.009999919321583839
3,1.15,1.15,0.9999935365843449,-12.0,6.448213246971743,1.0,12.0,-0.0009492002188309367,-9.999999999999999e-10,0.009999935365843449,0.0009492668749416233,-0.009999936365835183,0.009999936365836515
3,1.2,1.2,0.9999943670193713,-12.0,5.620173664217672,1.0,12.0,-0.001000455745405887,-9.999999999999999e-10,0.009999943670193714,0.001000514080013226,-0.00999994467018972,0.009999944670187055
3,1.25,1.25,0.9999948524012797,-12.0,5.136086747841569,1.0,12.0,-0.001026148818523115,-9.999999999999999e-10,0.009999948524012798,0.001026202303140156,-0.009999949524006624,0.009999949524008844
3,1.3,1.3,0.9999951664633383,-12.0,4.822829602150168,1.0,12.0,-0.00104123897320868,-9.999999999999999e-10,0.009999951664633383,0.001041289324649308,-0.009999952664628609,0.00999995266462994
3,1.35,1.35,0.9999953830637899,-12.0,4.606771074345405,1.0,12.0,-0.00105097683448882,-9.999999999999999e-10,0.0099999538306379,0.001051024986950866,-0.00999995483063465,0.009999954830632873
3,1.4,1.4,0.9999955389393271,-12.0,4.451279432149853,1.0,12.0,-0.001057656386477784,-9.999999999999999e-10,0.00999995538939327,0.001057702968915358,-0.009999956389393105,0.00999995638939044
3,1.45,1.45,0.9999956544242534,-12.0,4.336075995582399,1.0,12.0,-0.001062431424169591,-9.999999999999999e-10,0.009999956544242534,0.001062476863254336,-0.009999957544238214,0.00999995754424221
3,1.5,1.5,0.9999957416851166,-12.0,4.249025957270971,1.0,12.0,-0.001065942795665686,-9.999999999999999e-10,0.009999957416851167,0.001065987333856239,-0.00999995841684509,0.009999958416846422
3,1.55,1.55,0.9999958084482601,-12.0,4.182423209680181,1.0,12.0,-0.001068573675559459,-9.999999999999999e-10,0.009999958084482601,0.001068617586082676,-0.009999959084483478,0.009999959084476817
3,1.6,1.6,0.9999958598555511,-12.0,4.131138896098662,1.0,12.0,-0.001070566836842424,-9.999999999999999e-10,0.00999995859855551,0.001070610234084446,-0.009999959598552266,0.009999959598556707
3,1.65,1.65,0.9999958994617646,-12.0,4.091627120573497,1.0,12.0,-0.001072083195539253,-9.999999999999999e-10,0.009999958994617647,0.001072126210620528,-0.009999959994619445,0.009999959994608787
3,1.7,1.7,0.9999959298030614,-12.0,4.061357991963556,1.0,12.0,-0.001073233556247249,-9.999999999999999e-10,0.009999959298030615,0.00107327627977935,-0.009999960298024746,0.009999960298026078
3,1.75,1.75,0.9999959527374476,-12.0,4.038478053921508,1.0,12.0,-0.001074096636298538,-9.999999999999999e-10,0.009999959527374477,0.001074139101230775,-0.009999960527370177,0.00999996052737151
3,1.8,1.8,0.9999959696572429,-12.0,4.021598371355447,1.0,12.0,-0.001074729807412161,-9.999999999999999e-10,0.00999995969657243,0.001074772081980868,-0.009999960696575272,0.009999960696567278
3,1.85,1.85,0.9999959816263768,-12.0,4.009657585547385,1.0,12.0,-0.001075175851998206,-9.999999999999999e-10,0.009999959816263768,0.001075218069783473,-0.00999996081625909,0.009999960816262643
3,1.9,1.9,0.9999959894718122,-12.0,4.001830718811791,1.0,12.0,-0.001075467457720747,-9.999999999999999e-10,0.009999959894718122,0.001075509528257024,-0.009999960894713666,0.009999960894717663
3,1.95,1.95,0.999995993846041,-12.0,3.997466838198904,1.0,12.0,-0.001075629690694468,-9.999999999999999e-10,0.00999995993846041,0.001075671820376239,-0.00999996093845823,0.00999996093845823
3,2.0,2.0,0.9999959952708277,-12.0,3.996045421616598,1.0,12.0,-0.001075682728291977,-9.999999999999999e-10,0.009999959952708278,0.001075724724279248,-0.009999960952747244,0.009999960952709053
3,2.05,2.05,0.9999959955212913,-12.0,3.995795549490763,1.0,12.0,-0.001075691895875919,-9.999999999999999e-10,0.009999959955212913,0.001075733847054922,-0.009999960955219933,0.009999960955204834
3,2.1,2.1,0.999995995768595,-12.0,3.995548830949656,1.0,12.0,-0.001075701001909485,-9.999999999999999e-10,0.00999995995768595,0.001075743016528991,-0.009999960957685516,0.009999960957687293
3,2.15,2.15,0.9999959960150239,-12.0,3.995302984695198,1.0,12.0,-0.001075710134007535,-9.999999999999999e-10,0.009999959960150238,0.001075752145106579,-0.009999960960143994,0.009999960960151988
3,2.2,2.2,0.9999959962612706,-12.0,3.995057320669297,1.0,12.0,-0.001075719253584906,-9.999999999999999e-10,0.009999959962612706,0.001075761271392639,-0.009999960962606025,0.009999960962616683
3,2.25,2.25,0.9999959965073338,-12.0,3.994811838642898,1.0,12.0,-0.00107572834936584,-9.999999999999999e-10,0.009999959965073338,0.001075770406682497,-0.009999960965071608,0.009999960965068055
3,2.3,2.3,0.9999959967532157,-12.0,3.994566538391396,1.0,12.0,-0.001075737470227989,-9.999999999999999e-10,0.009999959967532158,0.001075779502117902,-0.009999960967533639,0.009999960967523869
3,2.35,2.35,0.9999959969989155,-12.0,3.994321419690308,1.0,12.0,-0.001075746577520215,-9.999999999999999e-10,0.009999959969989156,0.001075788596369642,-0.009999960969988564,0.009999960969979682
3,2.4,2.4,0.9999959972444333,-12.0,3.994076482316092,1.0,12.0,-0.001075755670846362,-9.999999999999999e-10,0.009999959972444334,0.001075797689853331,-0.009999960972443489,0.009999960972444377
3,2.45,2.45,0.9999959974897698,-12.0,3.993831726044955,1.0,12.0,-0.001075764760743725,-9.999999999999999e-10,0.009999959974897698,0.00107580677205113,-0.009999960974894861,0.00999996097489575
3,2.5,2.5,0.9999959977349258,-12.0,3.993587150653889,1.0,12.0,-0.001075773835846477,-9.999999999999999e-10,0.009999959977349258,0.001075815854348156,-0.00999996097735334,0.009999960977342681
3,2.55,2.55,0.9999959979798991,-12.0,3.993342755920541,1.0,12.0,-0.001075782906654305,-9.999999999999999e-10,0.009999959979798991,0.001075824926264207,-0.009999960979794054,0.009999960979789613
3,2.6,2.6,0.9999959982246925,-12.0,3.993098541622311,1.0,12.0,-0.001075791994584213,-9.999999999999999e-10,0.009999959982246925,0.001075833966401596,-0.009999960982245426,0.009999960982249867
3,2.65,2.65,0.9999959984693049,-12.0,3.992854507537265,1.0,12.0,-0.001075801033516122,-9.999999999999999e-10,0.009999959984693049,0.001075843040899638,-0.009999960984682588,0.009999960984687917
3,2.7,2.7,0.9999959987137371,-12.0,3.992610653444013,1.0,12.0,-0.001075810072194316,-9.999999999999999e-10,0.009999959987137371,0.001075852101033392,-0.009999960987137513,0.00999996098714373
3,2.75,2.75,0.9999959989579891,-12.0,3.992366979121276,1.0,12.0,-0.001075819126498179,-9.999999999999999e-10,0.009999959989579891,0.001075861130942629,-0.009999960989578227,0.009999960989577339
3,2.8,2.8,0.9999959992020608,-12.0,3.992123484348486,1.0,12.0,-0.001075828184963656,-9.999999999999999e-10,0.009999959992020609,0.001075870142110635,-0.009999960992015389,0.00999996099201983
3,2.85,2.85,0.9999959994459524,-12.0,3.991880168905081,1.0,12.0,-0.001075837175934985,-9.999999999999999e-10,0.009999959994459524,0.001075879206212355,-0.00999996099445255,0.00999996099445788
3,2.9,2.9,0.9999959996896658,-12.0,3.991637032570963,1.0,12.0,-0.001075846235585154,-9.999999999999999e-10,0.009999959996896658,0.001075888187093893,-0.009999960996896817,0.009999960996891488
3,2.95,2.95,0.999995999933199,-12.0,3.991394075126784,1.0,12.0,-0.001075855221113503,-9.999999999999999e-10,0.00999995999933199,0.001075897227575034,-0.009999960999326873,0.009999960999333979
3,3.0,3.0,0.9999960001765533,-12.0,3.991151296352955,1.0,12.0,-0.001075864241319668,-9.999999999999999e-10,0.009999960001765533,0.001075906218875128,-0.009999961001767588,0.009999961001772029
3,3.05,3.05,0.9999960004197291,-12.0,3.990908696030798,1.0,12.0,-0.00107587322993688,-9.999999999999999e-10,0.009999960004197292,0.001075915227280011,-0.009999961004183433,0.009999961004192315
3,3.1,3.1,0.9999960006627253,-12.0,3.990666273941844,1.0,12.0,-0.001075882230078401,-9.999999999999999e-10,0.009999960006627253,0.001075924209695434,-0.009999961006624147,0.009999961006630365
3,3.15,3.15,0.9999960009055434,-12.0,3.990424029867855,1.0,12.0,-0.001075891197346301,-9.999999999999999e-10,0.009999960009055434,0.001075933210538255,-0.009999961009047098,0.009999961009063973
3,3.2,3.2,0.9999960011481828,-12.0,3.990181963591074,1.0,12.0,-0.001075900202158753,-9.999999999999999e-10,0.009999960011481828,0.001075942159409177,-0.009999961011477154,0.009999961011475378
3,3.25,3.25,0.9999960013906457,-12.0,3.98994007489413,1.0,12.0,-0.001075909167251199,-9.999999999999999e-10,0.009999960013906458,0.001075951133591685,-0.009999961013903658,0.009999961013895664
3,3.3,3.3,0.9999960016329291,-12.0,3.98969836356008,1.0,12.0,-0.001075918135668902,-9.999999999999999e-10,0.00999996001632929,0.001075960090059336,-0.009999961016319503,0.009999961016329273
3,3.35,3.35,0.9999960018750349,-12.0,3.989456829372104,1.0,12.0,-0.001075927090292611,-9.999999999999999e-10,0.009999960018750349,0.001075969045950226,-0.009999961018742454,0.009999961018740677
3,3.4,3.4,0.9999960021169649,-12.0,3.989215472114121,1.0,12.0,-0.001075936013938517,-9.999999999999999e-10,0.00999996002116965,0.001075978018466928,-0.009999961021165404,0.009999961021183168
3,3.45,3.45,0.9999960023587169,-12.0,3.988974291570066,1.0,12.0,-0.001075944982453808,-9.999999999999999e-10,0.009999960023587169,0.001075986931780959,-0.009999961023588355,0.009999961023590132
3,3.5,3.5,0.9999960026002925,-12.0,3.988733287524588,1.0,12.0,-0.001075953918464129,-9.999999999999999e-10,0.009999960026002926,0.001075995863285495,-0.00999996102598999,0.009999961026001536
3,3.55,3.55,0.9999960028416903,-12.0,3.988492459762399,1.0,12.0,-0.001075962843048589,-9.999999999999999e-10,0.009999960028416903,0.001076004791919993,-0.00999996102841294,0.009999961028426263
3,3.6,3.6,0.9999960030829129,-12.0,3.988251808068632,1.0,12.0,-0.001075971755405303,-9.999999999999999e-10,0.00999996003082913,0.001076013718505076,-0.009999961030828786,0.009999961030824345
3,3.65,3.65,0.9999960033239578,-12.0,3.988011332229021,1.0,12.0,-0.001075980649220737,-9.999999999999999e-10,0.009999960033239578,0.001076022649372788,-0.009999961033244631,0.009999961033231308
3,3.7,3.7,0.9999960035648282,-12.0,3.987771032029466,1.0,12.0,-0.001075989567419222,-9.999999999999999e-10,0.009999960035648282,0.00107603154161745,-0.009999961035660476,0.009999961035642713
3,3.75,3.75,0.9999960038055214,-12.0,3.987530907256054,1.0,12.0,-0.001075998470845441,-9.999999999999999e-10,0.009999960038055214,0.001076040434412895,-0.00999996103806211,0.009999961038040794
3,3.8,3.8,0.9999960040460397,-12.0,3.987290957695687,1.0,12.0,-0.001076007364067766,-9.999999999999999e-10,0.009999960040460398,0.001076049323209344,-0.009999961040463745,0.00999996104046108
3,3.85,3.85,0.9999960042863825,-12.0,3.987051183135295,1.0,12.0,-0.001076016246210981,-9.999999999999999e-10,0.009999960042863824,0.00107605820890036,-0.00999996104286538,0.009999961042859162
3,3.9,3.9,0.9999960045265498,-12.0,3.986811583362295,1.0,12.0,-0.001076025138215586,-9.999999999999999e-10,0.009999960045265498,0.001076067070564013,-0.009999961045259909,0.009999961045275008
3,3.95,3.95,0.9999960047665422,-12.0,3.986572158164449,1.0,12.0,-0.001076034011815746,-9.999999999999999e-10,0.009999960047665422,0.0010760759364844,-0.009999961047661543,0.009999961047659767
3,4.0,4.0,0.99999600500636,-12.0,3.986332907329643,1.0,12.0,-0.001076042904334468,-9.999999999999999e-10,0.0099999600500636,0.001076084769357,-0.009999961050063177,0.00999996105006673
3,4.05,4.05,0.9999960052460027,-12.0,3.986093830646637,1.0,12.0,-0.001076051694472641,-9.999999999999999e-10,0.009999960052460028,0.001076093690499269,-0.009999961052464812,0.009999961052447048
3,4.100000000000001,4.100000000000001,0.9999960054854719,-12.0,3.985854927904099,1.0,12.0,-0.001076060534404955,-9.999999999999999e-10,0.009999960054854718,0.001076102547754809,-0.009999961054838025,0.009999961054854012
3,4.15,4.15,0.9999960057247669,-12.0,3.985616198891305,1.0,12.0,-0.00107606941219332,-9.999999999999999e-10,0.009999960057247669,0.001076111353079945,-0.009999961057239659,0.009999961057243212
3,4.2,4.2,0.9999960059638876,-12.0,3.985377643397766,1.0,12.0,-0.00107607825570577,-9.999999999999999e-10,0.009999960059638876,0.001076120178624962,-0.009999961059634188,0.009999961059632412
3,4.25,4.25,0.9999960062028344,-12.0,3.985139261213375,1.0,12.0,-0.001076087096727407,-9.999999999999999e-10,0.009999960062028343,0.00107612899262291,-0.009999961062021612,0.009999961062021612
3,4.3,4.3,0.9999960064416071,-12.0,3.984901052128413,1.0,12.0,-0.001076095906849123,-9.999999999999999e-10,0.009999960064416072,0.001076137823501105,-0.009999961064409035,0.009999961064410812
3,4.350000000000001,4.350000000000001,0.9999960066802078,-12.0,3.984663015933184,1.0,12.0,-0.001076104717829152,-9.999999999999999e-10,0.009999960066802078,0.001076146639519576,-0.009999961066803564,0.00999996106679113
3,4.4,4.4,0.9999960069186346,-12.0,3.984425152419187,1.0,12.0,-0.001076113534051015,-9.999999999999999e-10,0.009999960069186346,0.001076155436312703,-0.009999961069176777,0.00999996106918033
3,4.45,4.45,0.9999960071568881,-12.0,3.984187461377481,1.0,12.0,-0.001076122327064,-9.999999999999999e-10,0.009999960071568881,0.001076164242349409,-0.00999996107154999,0.00999996107156953
3,4.5,4.5,0.9999960073949701,-12.0,3.983949942599654,1.0,12.0,-0.001076131084790433,-9.999999999999999e-10,0.009999960073949701,0.001076173069725378,-0.009999961073951624,0.009999961073949848
3,4.55,4.55,0.9999960076328787,-12.0,3.983712595877828,1.0,12.0,-0.001076139899122669,-9.999999999999999e-10,0.009999960076328787,0.001076181826566325,-0.009999961076324837,0.009999961076321284
3,4.600000000000001,4.600000000000001,0.9999960078706156,-12.0,3.983475421004318,1.0,12.0,-0.001076148703239466,-9.999999999999999e-10,0.009999960078706157,0.00107619057971145,-0.00999996107871226,0.00999996107869272
3,4.65,4.65,0.9999960081081808,-12.0,3.983238417771922,1.0,12.0,-0.001076157435800862,-9.999999999999999e-10,0.009999960081081808,0.001076199390518645,-0.009999961081071262,0.009999961081073039
3,4.7,4.7,0.999996008345573,-12.0,3.983001585973657,1.0,12.0,-0.00107616619956355,-9.999999999999999e-10,0.00999996008345573,0.001076208156249231,-0.009999961083458686,0.009999961083462239
3,4.75,4.75,0.9999960085827945,-12.0,3.982764925403072,1.0,12.0,-0.001076174998807078,-9.999999999999999e-10,0.009999960085827944,0.001076216872641395,-0.009999961085817688,0.009999961085824793
3,4.800000000000001,4.800000000000001,0.9999960088198437,-12.0,3.982528435853779,1.0,12.0,-0.001076183766648781,-9.999999999999999e-10,0.009999960088198437,0.001076225606595788,-0.009999961088205112,0.009999961088205112
3,4.850000000000001,4.850000000000001,0.9999960090567226,-12.0,3.982292117119853,1.0,12.0,-0.001076192496390377,-9.999999999999999e-10,0.009999960090567226,0.00107623436482851,-0.009999961090564113,0.009999961090567666
3,4.9,4.9,0.9999960092934294,-12.0,3.982055968995928,1.0,12.0,-0.001076201192244081,-9.999999999999999e-10,0.009999960092934294,0.001076243143145111,-0.009999961092937326,0.00999996109293022
3,4.95,4.95,0.999996009529966,-12.0,3.981819991276807,1.0,12.0,-0.001076209940487516,-9.999999999999999e-10,0.009999960095299661,0.001076251855285676,-0.009999961095310539,0.009999961095301657
3,5.0,5.0,0.999996009766333,-12.0,3.981584183757643,1.0,12.0,-0.001076218679657709,-9.999999999999999e-10,0.00999996009766333,0.001076260562731024,-0.009999961097662435,0.009999961097664212
3,5.050000000000001,5.050000000000001,0.9999960100025288,-12.0,3.981348546233706,1.0,12.0,-0.001076227375615274,-9.999999999999999e-10,0.009999960100025289,0.001076269299638138,-0.009999961100014332,0.009999961100035648
3,5.100000000000001,5.100000000000001,0.9999960102385534,-12.0,3.981113078501118,1.0,12.0,-0.001076236087235283,-9.999999999999999e-10,0.009999960102385535,0.001076278007149684,-0.009999961102387545,0.009999961102389321
3,5.15,5.15,0.9999960104744094,-12.0,3.980877780355903,1.0,12.0,-0.001076244807716814,-9.999999999999999e-10,0.009999960104744094,0.001076286692084261,-0.009999961104732336,0.009999961104734112
3,5.2,5.2,0.9999960107100944,-12.0,3.980642651594858,1.0,12.0,-0.001076253502877045,-9.999999999999999e-10,0.009999960107100943,0.001076295388642123,-0.009999961107105548,0.009999961107096667
3,5.25,5.25,0.9999960109456107,-12.0,3.980407692014593,1.0,12.0,-0.001076262198712985,-9.999999999999999e-10,0.009999960109456108,0.001076304070844025,-0.009999961109457445,0.009999961109459221
3,5.300000000000001,5.300000000000001,0.999996011180957,-12.0,3.98017290141226,1.0,12.0,-0.001076270866485651,-9.999999999999999e-10,0.00999996011180957,0.00107631276744638,-0.009999961111802236,0.009999961111804012
3,5.350000000000001,5.350000000000001,0.9999960114161345,-12.0,3.979938279585726,1.0,12.0,-0.00107627955403547,-9.999999999999999e-10,0.009999960114161346,0.001076321430626359,-0.009999961114161238,0.009999961114157685
3,5.4,5.4,0.9999960116511427,-12.0,3.979703826332605,1.0,12.0,-0.001076288227137429,-9.999999999999999e-10,0.009999960116511428,0.001076330094626377,-0.009999961116498923,0.009999961116502476
3,5.45,5.45,0.9999960118859833,-12.0,3.979469541451266,1.0,12.0,-0.001076296884338662,-9.999999999999999e-10,0.009999960118859834,0.001076338760916784,-0.00999996111885082,0.009999961118856149
3,5.5,5.5,0.999996012120654,-12.0,3.979235424740222,1.0,12.0,-0.001076305535157279,-9.999999999999999e-10,0.00999996012120654,0.001076347419996931,-0.009999961121202716,0.009999961121218703
3,5.550000000000001,5.550000000000001,0.9999960123551567,-12.0,3.979001475998395,1.0,12.0,-0.001076314194532163,-9.999999999999999e-10,0.009999960123551567,0.001076356056945282,-0.009999961123554613,0.009999961123536849
3,5.600000000000001,5.600000000000001,0.9999960125894909,-12.0,3.978767695025111,1.0,12.0,-0.001076322822693432,-9.999999999999999e-10,0.00999996012589491,0.001076364711549038,-0.009999961125899404,0.009999961125890522
3,5.65,5.65,0.9999960128236576,-12.0,3.97853408161982,1.0,12.0,-0.001076331489297977,-9.999999999999999e-10,0.009999960128236576,0.00107637331416871,-0.009999961128229984,0.009999961128244195
3,5.7,5.7,0.9999960130576568,-12.0,3.97830063558251,1.0,12.0,-0.001076340110727408,-9.999999999999999e-10,0.009999960130576569,0.001076381948439953,-0.009999961130553459,0.00999996113056234
3,5.75,5.75,0.9999960132914889,-12.0,3.978067356713436,1.0,12.0,-0.001076348740201044,-9.999999999999999e-10,0.00999996013291489,0.001076390561160712,-0.00999996113289825,0.009999961132907131
3,5.800000000000001,5.800000000000001,0.9999960135251519,-12.0,3.977834244813135,1.0,12.0,-0.001076357321440263,-9.999999999999999e-10,0.009999960135251519,0.001076399208626871,-0.009999961135250146,0.009999961135251922
3,5.850000000000001,5.850000000000001,0.9999960137586478,-12.0,3.977601299682473,1.0,12.0,-0.001076365934989998,-9.999999999999999e-10,0.009999960137586477,0.001076407810310709,-0.009999961137587832,0.009999961137561186
3,5.9,5.9,0.999996013991978,-12.0,3.977368521122834,1.0,12.0,-0.001076374519071777,-9.999999999999999e-10,0.009999960139919781,0.001076416428007737,-0.009999961139911306,0.009999961139914859
3,5.95,5.95,0.9999960142251412,-12.0,3.977135908935741,1.0,12.0,-0.001076383132298131,-9.999999999999999e-10,0.009999960142251412,0.001076425003122689,-0.009999961142241887,0.009999961142250768
3,6.0,6.0,0.9999960144581381,-12.0,3.97690346292317,1.0,12.0,-0.001076391723816655,-9.999999999999999e-10,0.009999960144581382,0.00107643358652515,-0.009999961144579572,0.009999961144577796
3,6.050000000000001,6.050000000000001,0.9999960146909671,-12.0,3.97667118288719,1.0,12.0,-0.001076400335786071,-9.999999999999999e-10,0.00999996014690967,0.001076442136073386,-0.009999961146903047,0.009999961146913705
3,6.100000000000001,6.100000000000001,0.9999960149236317,-12.0,3.976439068630503,1.0,12.0,-0.001076408895441777,-9.999999999999999e-10,0.009999960149236316,0.001076450724549038,-0.009999961149233627,0.009999961149222969
3,6.15,6.15,0.9999960151561291,-12.0,3.97620711995594,1.0,12.0,-0.001076417428477444,-9.999999999999999e-10,0.009999960151561292,0.001076459326275536,-0.009999961151557102,0.009999961151549996
3,6.2,6.2,0.9999960153884618,-12.0,3.975975336666791,1.0,12.0,-0.001076426026279997,-9.999999999999999e-10,0.009999960153884619,0.001076467849882912,-0.009999961153873471,0.009999961153885906
3,6.25,6.25,0.9999960156206281,-12.0,3.975743718566609,1.0,12.0,-0.001076434555814604,-9.999999999999999e-10,0.009999960156206281,0.001076476428422929,-0.009999961156182735,0.009999961156204051
3,6.300000000000001,6.300000000000001,0.9999960158526287,-12.0,3.975512265459219,1.0,12.0,-0.001076443102951075,-9.999999999999999e-10,0.009999960158526286,0.001076484976042708,-0.00999996115852042,0.009999961158504433
3,6.350000000000001,6.350000000000001,0.9999960160844644,-12.0,3.975280977148881,1.0,12.0,-0.001076451655042943,-9.999999999999999e-10,0.009999960160844644,0.001076493505405729,-0.009999961160822579,0.009999961160831461
3,6.4,6.4,0.9999960163161355,-12.0,3.975049853440095,1.0,12.0,-0.001076460193932344,-9.999999999999999e-10,0.009999960163161356,0.001076502034686649,-0.00999996116315316,0.009999961163149607
3,6.45,6.45,0.9999960165476413,-12.0,3.974818894137679,1.0,12.0,-0.001076468712410045,-9.999999999999999e-10,0.009999960165476413,0.001076510571111494,-0.009999961165462423,0.009999961165467752
3,6.5,6.5,0.9999960167789829,-12.0,3.974588099046825,1.0,12.0,-0.001076477241560264,-9.999999999999999e-10,0.00999996016778983,0.001076519083613003,-0.009999961167778793,0.009999961167803662
3,6.550000000000001,6.550000000000001,0.9999960170101597,-12.0,3.974357467973154,1.0,12.0,-0.001076485806974559,-9.999999999999999e-10,0.009999960170101598,0.001076527546616329,-0.009999961170109373,0.009999961170121807
3,6.600000000000001,6.600000000000001,0.9999960172411733,-12.0,3.974127000722314,1.0,12.0,-0.001076494259084071,-9.999999999999999e-10,0.009999960172411733,0.001076536109706983,-0.009999961172411531,0.009999961172439953
3,6.65,6.65,0.9999960174720219,-12.0,3.973896697100511,1.0,12.0,-0.001076502820498371,-9.999999999999999e-10,0.00999996017472022,0.001076544550292324,-0.00999996117471369,0.009999961174704808
3,6.7,6.7,0.9999960177027062,-12.0,3.973666556914385,1.0,12.0,-0.001076511254043538,-9.999999999999999e-10,0.009999960177027062,0.001076553105562872,-0.00999996117704427,0.009999961177031835
3,6.75,6.75,0.9999960179332282,-12.0,3.973436579970438,1.0,12.0,-0.001076519776820245,-9.999999999999999e-10,0.009999960179332282,0.00107656155843458,-0.009999961179332217,0.009999961179332217
3,6.800000000000001,6.800000000000001,0.9999960181635861,-12.0,3.973206766075901,1.0,12.0,-0.001076528266561433,-9.999999999999999e-10,0.009999960181635861,0.001076570031191215,-0.009999961181648587,0.0099999611816326
3,6.850000000000001,6.850000000000001,0.9999960183937812,-12.0,3.972977115038336,1.0,12.0,-0.001076536732361189,-9.999999999999999e-10,0.009999960183937812,0.001076578514755289,-0.009999961183922323,0.009999961183906336
3,6.9,6.9,0.9999960186238124,-12.0,3.972747626665379,1.0,12.0,-0.001076545210644986,-9.999999999999999e-10,0.009999960186238124,0.001076586972717869,-0.009999961186252904,0.009999961186242246
3,6.95,6.95,0.9999960188536812,-12.0,3.972518300764932,1.0,12.0,-0.001076553650269929,-9.999999999999999e-10,0.009999960188536812,0.001076595456238449,-0.009999961188540851,0.00999996118855151
3,7.0,7.0,0.9999960190833873,-12.0,3.972289137145636,1.0,12.0,-0.001076562093107386,-9.999999999999999e-10,0.009999960190833873,0.001076603923462205,-0.00999996119085722,0.009999961190851892
3,7.050000000000001,7.050000000000001,0.9999960193129303,-12.0,3.972060135615985,1.0,12.0,-0.00107657057555785,-9.999999999999999e-10,0.009999960193129303,0.001076612338005101,-0.009999961193130957,0.009999961193143392
3,7.100000000000001,7.100000000000001,0.9999960195423118,-12.0,3.971831295985022,1.0,12.0,-0.001076578997147887,-9.999999999999999e-10,0.009999960195423117,0.001076620800357003,-0.009999961195404694,0.009999961195417129
3,7.15,7.15,0.9999960197715315,-12.0,3.971602618062221,1.0,12.0,-0.001076587427083026,-9.999999999999999e-10,0.009999960197715315,0.001076629241328869,-0.009999961197706853,0.00999996119771751
3,7.2,7.2,0.9999960200005887,-12.0,3.971374101657146,1.0,12.0,-0.001076595841507683,-9.999999999999999e-10,0.009999960200005887,0.001076637684792714,-0.0099999611999948,0.009999961200009011
3,7.25,7.25,0.999996020229484,-12.0,3.971145746579695,1.0,12.0,-0.001076604276759013,-9.999999999999999e-10,0.00999996020229484,0.00107664609442773,-0.009999961202282748,0.009999961202282748
3,7.300000000000001,7.300000000000001,0.9999960204582179,-12.0,3.970917552640116,1.0,12.0,-0.001076612730825988,-9.999999999999999e-10,0.00999996020458218,0.001076654472261351,-0.009999961204599117,0.009999961204565366
3,7.350000000000001,7.350000000000001,0.9999960206867906,-12.0,3.970689519649035,1.0,12.0,-0.001076621103180353,-9.999999999999999e-10,0.009999960206867907,0.001076662918838039,-0.009999961206872854,0.00999996120687463
3,7.4,7.4,0.9999960209152017,-12.0,3.97046164741741,1.0,12.0,-0.001076629545062102,-9.999999999999999e-10,0.009999960209152017,0.001076671282934233,-0.00999996120914659,0.009999961209130603
3,7.45,7.45,0.9999960211434527,-12.0,3.970233935756415,1.0,12.0,-0.001076637944949083,-9.999999999999999e-10,0.009999960211434527,0.001076679676088266,-0.009999961211434538,0.009999961211448749
3,7.5,7.5,0.9999960213715425,-12.0,3.970006384477533,1.0,12.0,-0.00107664631720894,-9.999999999999999e-10,0.009999960213715426,0.001076688083948729,-0.009999961213708275,0.009999961213713604
3,7.550000000000001,7.550000000000001,0.9999960215994718,-12.0,3.969778993392487,1.0,12.0,-0.001076654719975478,-9.999999999999999e-10,0.009999960215994717,0.001076696448398057,-0.009999961215996223,0.009999961216013986
3,7.600000000000001,7.600000000000001,0.9999960218272406,-12.0,3.969551762313339,1.0,12.0,-0.0010766630526442,-9.999999999999999e-10,0.009999960218272406,0.001076704870056955,-0.00999996121826996,0.00999996121826996
3,7.65,7.65,0.999996022054849,-12.0,3.969324691052963,1.0,12.0,-0.001076671455432332,-9.999999999999999e-10,0.009999960220548491,0.001076713208724239,-0.009999961220543696,0.009999961220570341
3,7.7,7.7,0.9999960222822978,-12.0,3.969097779423641,1.0,12.0,-0.001076679822232557,-9.999999999999999e-10,0.009999960222822978,0.001076721570523576,-0.009999961222803222,0.009999961222817433
3,7.75,7.75,0.9999960225095859,-12.0,3.968871027238772,1.0,12.0,-0.001076688156363775,-9.999999999999999e-10,0.009999960225095859,0.001076729952151939,-0.00999996122510538,0.00999996122509117
3,7.800000000000001,7.800000000000001,0.9999960227367154,-12.0,3.968644434311455,1.0,12.0,-0.001076696543293287,-9.999999999999999e-10,0.009999960227367153,0.001076738268158184,-0.009999961227350695,0.009999961227364906
3,7.850000000000001,7.850000000000001,0.9999960229636858,-12.0,3.968418000455527,1.0,12.0,-0.001076704876847662,-9.999999999999999e-10,0.009999960229636859,0.001076746624731756,-0.009999961229652854,0.009999961229656407
3,7.9,7.9,0.999996023190495,-12.0,3.968191725484738,1.0,12.0,-0.001076713215063696,-9.999999999999999e-10,0.00999996023190495,0.001076754963851984,-0.009999961231898169,0.009999961231894616
3,7.95,7.95,0.9999960234171469,-12.0,3.967965609213687,1.0,12.0,-0.001076721561235672,-9.999999999999999e-10,0.009999960234171469,0.001076763282240434,-0.009999961234171906,0.009999961234177235
3,8.0,8.0,0.99999602364364,-12.0,3.967739651456733,1.0,12.0,-0.001076729841998969,-9.999999999999999e-10,0.0099999602364364,0.001076771653277769,-0.009999961236445642,0.009999961236433208
3,8.05,8.05,0.9999960238699729,-12.0,3.967513852028703,1.0,12.0,-0.001076738186517684,-9.999999999999999e-10,0.009999960238699729,0.001076779947815826,-0.009999961238705168,0.009999961238698063
3,8.1,8.1,0.9999960240961477,-12.0,3.967288210744902,1.0,12.0,-0.00107674649402556,-9.999999999999999e-10,0.009999960240961477,0.001076788266636708,-0.009999961240964694,0.009999961240954036
3,8.15,8.15,0.9999960243221651,-12.0,3.967062727420879,1.0,12.0,-0.001076754811549452,-9.999999999999999e-10,0.009999960243221652,0.001076796562729465,-0.00999996124321001,0.009999961243227773
3,8.200000000000001,8.200000000000001,0.9999960245480237,-12.0,3.96683740187238,1.0,12.0,-0.001076763120406637,-9.999999999999999e-10,0.009999960245480237,0.001076804854792723,-0.009999961245469535,0.009999961245465983
3,8.25,8.25,0.9999960247737243,-12.0,3.966612233915222,1.0,12.0,-0.001076771423793976,-9.999999999999999e-10,0.009999960247737243,0.001076813139645388,-0.009999961247743272,0.00999996124773972
3,8.3,8.3,0.9999960249992681,-12.0,3.96638722336611,1.0,12.0,-0.00107677971944245,-9.999999999999999e-10,0.009999960249992682,0.001076821419572271,-0.009999961250002798,0.009999961249995692
3,8.35,8.35,0.9999960252246526,-12.0,3.966162370041732,1.0,12.0,-0.001076788010514418,-9.999999999999999e-10,0.009999960252246526,0.001076829691426834,-0.009999961252276535,0.009999961252216139
3,8.4,8.4,0.9999960254498813,-12.0,3.965937673758844,1.0,12.0,-0.001076796245418565,-9.999999999999999e-10,0.009999960254498813,0.001076838006816072,-0.009999961254507639,0.009999961254489875
3,8.450000000000001,8.450000000000001,0.9999960256749506,-12.0,3.965713134334863,1.0,12.0,-0.001076804531325082,-9.999999999999999e-10,0.009999960256749506,0.001076846258585507,-0.009999961256752954,0.009999961256728085
3,8.5,8.5,0.9999960258998647,-12.0,3.965488751587402,1.0,12.0,-0.001076812811149491,-9.999999999999999e-10,0.009999960258998648,0.001076854503835351,-0.00999996125901248,0.009999961259019585
3,8.55,8.55,0.9999960261246215,-12.0,3.965264525334404,1.0,12.0,-0.001076821038733522,-9.999999999999999e-10,0.009999960261246214,0.00107686278873953,-0.009999961261229373,0.009999961261240031
3,8.6,8.6,0.9999960263492216,-12.0,3.965040455393961,1.0,12.0,-0.001076829293823689,-9.999999999999999e-10,0.009999960263492216,0.001076871033567128,-0.009999961263460477,0.009999961263478241
3,8.65,8.65,0.9999960265736663,-12.0,3.964816541584423,1.0,12.0,-0.001076837541191866,-9.999999999999999e-10,0.009999960265736662,0.001076879273561843,-0.009999961265748425,0.009999961265751978
3,8.700000000000001,8.700000000000001,0.9999960267979517,-12.0,3.964592783724648,1.0,12.0,-0.00107684580034037,-9.999999999999999e-10,0.009999960267979517,0.001076887489237038,-0.009999961267979529,0.009999961267936897
3,8.75,8.75,0.9999960270220831,-12.0,3.964369181633775,1.0,12.0,-0.00107685401410032,-9.999999999999999e-10,0.009999960270220832,0.001076895737777139,-0.009999961270224844,0.009999961270228397
3,8.8,8.8,0.9999960272460588,-12.0,3.964145735131113,1.0,12.0,-0.001076862256705335,-9.999999999999999e-10,0.00999996027246059,0.001076903944963986,-0.00999996127248437,0.009999961272466606
3,8.85,8.85,0.9999960274698778,-12.0,3.963922444036172,1.0,12.0,-0.001076870460005652,-9.999999999999999e-10,0.009999960274698778,0.001076912178962885,-0.009999961274672842,0.009999961274687053
3,8.9,8.9,0.9999960276935416,-12.0,3.963699308169137,1.0,12.0,-0.001076878654395097,-9.999999999999999e-10,0.009999960276935416,0.001076920409395443,-0.009999961276946578,0.009999961276943026
3,8.950000000000001,8.950000000000001,0.9999960279170496,-12.0,3.963476327350051,1.0,12.0,-0.001076886886694273,-9.999999999999999e-10,0.009999960279170496,0.001076928589456544,-0.009999961279163472,0.009999961279145708
3,9.0,9.0,0.9999960281404027,-12.0,3.963253501399393,1.0,12.0,-0.001076895121567306,-9.999999999999999e-10,0.009999960281404027,0.001076936754497382,-0.009999961281380365,0.009999961281401681
3,9.05,9.05,0.9999960283636008,-12.0,3.963030830138245,1.0,12.0,-0.001076903285331554,-9.999999999999999e-10,0.009999960283636007,0.001076944978216199,-0.00999996128361147,0.009999961283657655
3,9.1,9.1,0.9999960285866438,-12.0,3.962808313387596,1.0,12.0,-0.00107691146856162,-9.999999999999999e-10,0.009999960285866439,0.001076953170053574,-0.009999961285870995,0.009999961285842573
3,9.15,9.15,0.9999960288095319,-12.0,3.962585950968525,1.0,12.0,-0.001076919663267339,-9.999999999999999e-10,0.009999960288095319,0.001076961338015076,-0.00999996128811631,0.00999996128806302
3,9.200000000000001,9.200000000000001,0.9999960290322667,-12.0,3.962363742703222,1.0,12.0,-0.001076927812148798,-9.999999999999999e-10,0.009999960290322667,0.001076969539415967,-0.009999961290347414,0.009999961290336756
3,9.25,9.25,0.9999960292548458,-12.0,3.962141688413312,1.0,12.0,-0.001076935967415565,-9.999999999999999e-10,0.009999960292548458,0.001076977722061889,-0.009999961292550097,0.009999961292557202
3,9.3,9.3,0.999996029477271,-12.0,3.961919787921062,1.0,12.0,-0.001076944153877685,-9.999999999999999e-10,0.00999996029477271,0.00107698586115812,-0.00999996129476699,0.009999961294759885
3,9.35,9.35,0.9999960296995416,-12.0,3.961698041049155,1.0,12.0,-0.001076952314210122,-9.999999999999999e-10,0.009999960296995417,0.001076994014044902,-0.009999961296983884,0.009999961296980331
3,9.4,9.4,0.9999960299216597,-12.0,3.961476447620443,1.0,12.0,-0.00107696046771652,-9.999999999999999e-10,0.009999960299216596,0.00107700216143386,-0.009999961299214988,0.00999996129921854
3,9.450000000000001,9.450000000000001,0.999996030143624,-12.0,3.96125500745788,1.0,12.0,-0.001076968600844691,-9.999999999999999e-10,0.009999960301436241,0.001077010316892335,-0.009999961301431881,0.009999961301421223
3,9.5,9.5,0.9999960303654344,-12.0,3.961033720385087,1.0,12.0,-0.001076976732873852,-9.999999999999999e-10,0.009999960303654343,0.001077018461156182,-0.009999961303662985,0.009999961303659433
3,9.55,9.55,0.9999960305870905,-12.0,3.960812586225445,1.0,12.0,-0.001076984872134784,-9.999999999999999e-10,0.009999960305870905,0.001077026585909885,-0.009999961305879879,0.009999961305862115
3,9.600000000000001,9.600000000000001,0.9999960308085954,-12.0,3.960591604803311,1.0,12.0,-0.001076993015976774,-9.999999999999999e-10,0.009999960308085955,0.001077034693819201,-0.009999961308096772,0.009999961308082561
3,9.65,9.65,0.999996031029947,-12.0,3.960370775942548,1.0,12.0,-0.00107700112888709,-9.999999999999999e-10,0.00999996031029947,0.001077042820411933,-0.009999961310299454,0.009999961310285244
3,9.700000000000001,9.700000000000001,0.9999960312511448,-12.0,3.960150099467983,1.0,12.0,-0.001077009230100096,-9.999999999999999e-10,0.009999960312511448,0.001077050946468816,-0.009999961312516348,0.00999996131250569
3,9.75,9.75,0.9999960314721901,-12.0,3.95992957520424,1.0,12.0,-0.001077017349784437,-9.999999999999999e-10,0.009999960314721902,0.001077059041836192,-0.00999996131470482,0.009999961314726136
3,9.8,9.8,0.9999960316930842,-12.0,3.959709202976539,1.0,12.0,-0.001077025468815135,-9.999999999999999e-10,0.009999960316930841,0.001077067125654002,-0.009999961316907502,0.009999961316911055
3,9.850000000000001,9.850000000000001,0.9999960319138252,-12.0,3.959488982610361,1.0,12.0,-0.001077033573523428,-9.999999999999999e-10,0.009999960319138253,0.001077075211606104,-0.009999961319152817,0.0099999613191315
3,9.9,9.9,0.9999960321344146,-12.0,3.959268913931095,1.0,12.0,-0.001077041639285542,-9.999999999999999e-10,0.009999960321344146,0.001077083324331179,-0.009999961321341289,0.00999996132136971
3,9.950000000000001,9.950000000000001,0.9999960323548516,-12.0,3.959048996764885,1.0,12.0,-0.001077049718127887,-9.999999999999999e-10,0.009999960323548517,0.001077091411817749,-0.009999961323543971,0.009999961323536866
3,10.0,10.0,0.999996032575137,-12.0,3.958829230937905,1.0,12.0,-0.001077057807294168,-9.999999999999999e-10,0.00999996032575137,0.001077099476836957,-0.009999961325718232,0.009999961325721785
