case,vtest,v(high),v(out),v(x),v(low),v(vcc),i(vcc),ic(q1),ib(q1),ic(q3),ib(q3),ic(q4),ib(q4),i(iref),ic(q2),ib(q2),i(vtest)
1,0.0,0.6190914162929818,0.0,0.0001730433114774634,0.3006211912204277,12.0,-0.00025,1.116042433785525e-09,7.740904083124745e-12,2.225271746925005e-09,1.515361520457437e-11,-0.0002499988610563537,0.0002499977595746367,0.00025,-1.10148171705756e-09,1.116642024260937e-09,0.0002499988610563539
1,0.05,0.6690911827781791,0.05,0.05017264036568295,0.3327430828198214,12.0,-0.00025,3.864001242574995e-09,2.609275136646004e-11,4.441899243091629e-09,2.994900972074783e-11,-0.0002499927845401375,0.0002499955281517469,0.00025,2.743611609326618e-09,5.817542588709302e-10,0.0002499927845401378
1,0.1,0.7190904904948799,0.1,0.1001718515578375,0.3591964272313722,12.0,-0.00025,1.074513923459488e-08,7.199345799077393e-11,1.103890438542511e-08,7.395258996648605e-11,-0.00024997861646012,0.0002499888871430254,0.00025,1.027068290515522e-08,2.957242828059717e-10,0.0002499786164601202
1,0.15,0.7690886349068363,0.15,0.1501699701134631,0.3844212801743148,12.0,-0.00025,2.849331433531891e-08,1.903398492295991e-10,2.876780378030306e-08,1.921700268393963e-10,-0.0002499427849819872,0.0002499710400261936,0.00025,2.825504420655373e-08,2.763196225939459e-10,0.0002499427849819869
1,0.2,0.8190837287659195,0.2,0.2001650910624376,0.4094508399934556,12.0,-0.00025,7.499401147423385e-08,5.003695273351063e-10,7.552371393954157e-08,5.039010591523711e-10,-0.0002498492007766184,0.0002499239723850026,0.00025,7.477160838448227e-08,5.332339971248764e-10,0.0002498492007766181
1,0.25,0.8690708341129444,0.25,0.2501523013448783,0.4344492097511246,12.0,-0.00025,1.971380411666867e-07,1.314688056987105e-09,1.984565441914891e-07,1.323478249567314e-09,-0.0002496034702588399,0.0002498002199775592,0.00025,1.967497187189093e-07,1.327293217382804e-09,0.0002496034702588407
1,0.3,0.9190369332657863,0.3,0.300118681915406,0.4594329718527176,12.0,-0.00025,5.179275247901222e-07,3.453309598239803e-09,5.213628133596943e-07,3.476211693024737e-09,-0.0002489580681780108,0.0002494751609749473,0.00025,5.170927969360935e-07,3.458190664356771e-09,0.0002489580681780102
1,0.35,0.968947811062893,0.35,0.3500302813925865,0.4843885196983881,12.0,-0.00025,1.359232646376998e-06,9.062035364365357e-09,1.368236582657784e-06,9.122061777005931e-09,-0.000247265238668118,0.0002486226413555651,0.00025,1.357402687447959e-06,9.063962693433345e-09,0.0002472652386681195
1,0.4,1.018713521279877,0.4,0.3997978228492397,0.5092713927942389,12.0,-0.00025,3.557118458693504e-06,2.371463232937142e-08,3.580676823457234e-06,2.387168826516446e-08,-0.0002428422286006724,0.0002463954514882788,0.00025,3.553222887606044e-06,2.371542069949893e-08,0.0002428422286006745
1,0.45,1.068097649299108,0.45,0.4491865461054919,0.5339634602521047,12.0,-0.00025,9.240576567683655e-06,6.160437774799983e-08,9.301773306916824e-06,6.201235618030317e-08,-0.0002314034722397261,0.0002406362143369037,0.00025,9.232742097178435e-06,6.160471766550281e-08,0.0002314034722397246
1,0.5,1.116479488972133,0.5,0.4975796253289709,0.5581543809090015,12.0,-0.00025,2.354426469428046e-05,1.569623227829446e-07,2.370018768487994e-05,1.580018095577179e-07,-0.0002026118079406262,0.0002261418105055648,0.00025,2.353000256493836e-05,1.569624773740274e-07,0.0002026118079406268
1,0.55,1.162241698654335,0.55,0.543367563745798,0.5810354859905489,12.0,-0.00025,5.702670508570113e-05,3.80178614940021e-07,5.74043660314014e-05,3.826963547488854e-07,-0.0001352077134065394,0.00019221293761385,0.00025,5.700522420731095e-05,3.801786855097968e-07,0.0001352077134065387
1,0.6000000000000001,1.201379378016148,0.6000000000000001,0.5825546506038023,0.6006043257512217,12.0,-0.00025,0.0001215222173030925,8.101487159575723e-07,0.0001223270008235516,8.155139395985998e-07,-5.357202337451084e-06,0.000126857485236851,0.00025,0.0001215002828994009,8.101487441015159e-07,5.357202337451586e-06
1,0.65,1.226566971220561,0.65,0.6078039005148863,0.6131981223793778,12.0,-0.00025,0.0001977498690829959,1.318333073750577e-06,0.0001990594714816313,1.327063756579405e-06,0.0001481257372444986,4.961346476178991e-05,0.00025,0.0001977392020062885,1.318333081465024e-06,-0.0001481257372444979
1,0.7000000000000001,1.235580912509041,0.7000000000000001,0.6168565661415267,0.6177050930301335,12.0,-0.00025,0.0002353921967395249,1.569281929301646e-06,0.0002369510860742767,1.579674525036879e-06,0.000223920959971238,1.146923940068781e-05,0.00025,0.0002353901993719256,1.569281930485703e-06,-0.0002239209599712378
1,0.75,1.23735319986895,0.75,0.6186477243045412,0.618591236711237,12.0,-0.00025,0.0002435965677797832,1.62397773712364e-06,0.000245209790697207,1.63473255674279e-06,0.0002404412286356042,3.155476746052961e-06,0.00025,0.0002435967053816562,1.623977737044493e-06,-0.0002404412286356053
1,0.8,1.237625400279663,0.8,0.6189337569414922,0.6187273369167675,12.0,-0.00025,0.0002448817190411024,1.632545412335237e-06,0.0002465034528939614,1.643356971525145e-06,0.0002430290343863408,1.853190134513146e-06,0.00025,0.0002448822245208543,1.632545412048777e-06,-0.0002430290343863406
1,0.8500000000000001,1.237665282863198,0.8500000000000001,0.6189866101874454,0.6187472782085607,12.0,-0.00025,0.0002450706114364702,1.633804694989878e-06,0.0002466935962323172,1.644624593801186e-06,0.0002434094187953541,1.661779173880971e-06,0.00025,0.0002450711979692346,1.633804694657997e-06,-0.0002434094187953552
1,0.9,1.237671216808579,0.9,0.6190053744458264,0.6187502451812559,12.0,-0.00025,0.0002450986723432032,1.633991767704334e-06,0.0002467218429728492,1.644812905406712e-06,0.0002434659535267013,1.633344121742992e-06,0.00025,0.0002450992976484424,1.633991767350674e-06,-0.0002434659535267012
1,0.9500000000000001,1.23767220659578,0.9500000000000001,0.6190191675436603,0.6187507400748583,12.0,-0.00025,0.000245103413732164,1.634023376965197e-06,0.0002467266157617222,1.644844723999835e-06,0.0002434755321429579,1.628539514279096e-06,0.00025,0.0002451040716572391,1.634023376594062e-06,-0.0002434755321429572
1,1.0,1.237672494546322,1.0,0.6190322492999796,0.61875088405013,12.0,-0.00025,0.0002451047791822774,1.634032479966319e-06,0.0002467279902545341,1.644853887285498e-06,0.000243478312964265,1.627155858179454e-06,0.00025,0.0002451054688224447,1.634032479576481e-06,-0.0002434783129642666
1,1.05,1.237672679479445,1.05,0.6190452212278752,0.6187509765166929,12.0,-0.00025,0.000245105655449402,1.634038321747107e-06,0.000246728872324736,1.644859767752875e-06,0.000243480108752839,1.626267907510434e-06,0.00025,0.0002451063766603498,1.634038321340389e-06,-0.0002434801087528391
1,1.1,1.237672849335908,1.1,0.6190581716852408,0.6187510614449254,12.0,-0.00025,0.0002451064602618725,1.634043687162677e-06,0.0002467296824670704,1.644865168701702e-06,0.0002434817606452249,1.625452364230085e-06,0.00025,0.0002451072130094537,1.634043686738233e-06,-0.0002434817606452233
1,1.15,1.237673016868484,1.15,0.619071113493758,0.6187511452112144,12.0,-0.00025,0.0002451072540654461,1.634048979188088e-06,0.0002467304815276056,1.644870495772931e-06,0.000243483390354861,1.624647976622984e-06,0.00025,0.0002451080383314833,1.634048978745062e-06,-0.0002434833903548613
1,1.2,1.237673183923229,1.2,0.6190840485152459,0.6187512287385877,12.0,-0.00025,0.0002451080456075048,1.634054256135058e-06,0.0002467312783116493,1.644875807665905e-06,0.0002434850154954582,1.623845880684583e-06,0.00025,0.0002451088613761439,1.63405425567434e-06,-0.0002434850154954581
1,1.25,1.237673350767482,1.25,0.619096977024719,0.6187513121607155,12.0,-0.00025,0.0002451088361547668,1.63405952644915e-06,0.0002467320740943014,1.644881112884043e-06,0.0002434866386176872,1.623044792812859e-06,0.00025,0.0002451096834105018,1.63405952597162e-06,-0.0002434866386176867
1,1.3,1.237673517440138,1.3,0.6191098990675041,0.6187513954970444,12.0,-0.00025,0.0002451096258915004,1.634064791361944e-06,0.0002467328690610649,1.644886412662909e-06,0.0002434882600926237,1.622244526272412e-06,0.00025,0.0002451105046188957,1.634064790865007e-06,-0.0002434882600926246
1,1.35,1.237673683947033,1.35,0.6191228146556806,0.6187514787504929,12.0,-0.00025,0.0002451104148453622,1.634070051054284e-06,0.0002467336632397713,1.644891707187778e-06,0.0002434898799759534,1.621445053043738e-06,0.00025,0.0002451113250289966,1.634070050540562e-06,-0.0002434898799759527
1,1.4,1.237673850289221,1.4,0.6191357237965049,0.6187515619215881,12.0,-0.00025,0.0002451112030213357,1.634075305559509e-06,0.0002467344566354352,1.644896996491332e-06,0.0002434914982777297,1.62064636807495e-06,0.00025,0.0002451121446458065,1.634075305029876e-06,-0.0002434914982777309
1,1.45,1.237674016467064,1.45,0.6191486264965272,0.6187516450105105,12.0,-0.00025,0.0002451119904211232,1.634080554892487e-06,0.0002467352492497702,1.644902280588358e-06,0.0002434931150014038,1.619848469642499e-06,0.00025,0.0002451129634710464,1.634080554342627e-06,-0.0002434931150014051
1,1.5,1.237674182480821,1.5,0.6191615227621886,0.61875172801739,12.0,-0.00025,0.000245112777045951,1.634085799058503e-06,0.0002467360410840173,1.644907559481932e-06,0.0002434947301494504,1.619051356501231e-06,0.00025,0.0002451137815059535,1.634085798491025e-06,-0.0002434947301494508
1,1.55,1.237674348330736,1.55,0.6191744125999039,0.6187518109423487,12.0,-0.00025,0.0002451135628969703,1.634091038064895e-06,0.0002467368321393299,1.644912833184793e-06,0.000243496343724212,1.618255027484614e-06,0.00025,0.0002451145987516963,1.634091037479819e-06,-0.0002434963437242125
1,1.6,1.237674514017056,1.6,0.6191872960160789,0.6187518937855095,12.0,-0.00025,0.0002451143479753295,1.634096271919939e-06,0.0002467376224168661,1.644918101701739e-06,0.0002434979557280076,1.617459481432443e-06,0.00025,0.0002451154152094374,1.634096271317278e-06,-0.0002434979557280077
1,1.65,1.237674679540021,1.65,0.6192001730171075,0.618751976546993,12.0,-0.00025,0.0002451151322821667,1.634101500632482e-06,0.0002467384119177714,1.644923365040339e-06,0.0002434995661631395,1.616664717187746e-06,0.00025,0.000245116230880329,1.634101500013111e-06,-0.0002434995661631393
1,1.7,1.237674844899871,1.7,0.6192130436093745,0.6187520592269192,12.0,-0.00025,0.0002451159158186162,1.634106724209255e-06,0.0002467392006431896,1.64492862321092e-06,0.0002435011750319214,1.615870733600671e-06,0.00025,0.0002451170457655203,1.634106723572327e-06,-0.0002435011750319205
1,1.75,1.237675010096848,1.75,0.6192259077992556,0.6187521418254088,12.0,-0.00025,0.000245116698585817,1.634111942657426e-06,0.000246739988594259,1.644933876217846e-06,0.0002435027823366457,1.615077529522486e-06,0.00025,0.0002451178598661677,1.63411194200208e-06,-0.0002435027823366456
1,1.8,1.237675175131194,1.8,0.6192387655931172,0.6187522243425826,12.0,-0.00025,0.0002451174805848988,1.634117155984748e-06,0.0002467407757721237,1.644939124070955e-06,0.0002435043880796071,1.614285103803726e-06,0.00025,0.0002451186731834125,1.634117155311871e-06,-0.0002435043880796078
1,1.85,1.237675340003147,1.85,0.6192516169973151,0.61875230677856,12.0,-0.00025,0.0002451182618169934,1.634122364200327e-06,0.0002467415621779278,1.644944366776016e-06,0.0002435059922631069,1.613493455298486e-06,0.00025,0.0002451194857184055,1.634122363508193e-06,-0.0002435059922631074
1,1.9,1.237675504712947,1.9,0.6192644620181958,0.6187523891334612,12.0,-0.00025,0.000245119042283229,1.634127567306475e-06,0.0002467423478127944,1.644949604341077e-06,0.0002435075948894175,1.612702582866876e-06,0.00025,0.0002451202974722845,1.63412756659944e-06,-0.0002435075948894168
1,1.95,1.237675669260833,1.95,0.6192773006620972,0.6187524714074051,12.0,-0.00025,0.0002451198219847273,1.634132765318032e-06,0.0002467431326778614,1.644954836775503e-06,0.0002435091959608242,1.611912485365759e-06,0.00025,0.0002451211084461879,1.634132764591765e-06,-0.0002435091959608225
1,2.0,1.237675833647046,2.0,0.619290132935349,0.6187525536005126,12.0,-0.00025,0.0002451206009226124,1.63413795823623e-06,0.0002467439167742573,1.644960064084574e-06,0.0002435107954795976,1.611123161658296e-06,0.00025,0.0002451219186412563,1.634137957494215e-06,-0.0002435107954795977
1,2.05,1.237675997871821,2.05,0.6193029588442673,0.6187526357129014,12.0,-0.00025,0.0002451213790980097,1.63414314607217e-06,0.0002467447001031163,1.644965286276868e-06,0.0002435123934480222,1.610334610606482e-06,0.00025,0.0002451227280586289,1.634143145312693e-06,-0.000243512393448022
1,2.1,1.237676161935397,2.1,0.6193157783951625,0.6187527177446902,12.0,-0.00025,0.0002451221565120363,1.63414832883306e-06,0.0002467454826655617,1.644970503361336e-06,0.0002435139898683609,1.609546831077189e-06,0.00025,0.0002451235366994401,1.634148328053526e-06,-0.0002435139898683608
1,2.15,1.237676325838012,2.15,0.6193285915943352,0.6187527996959986,12.0,-0.00025,0.0002451229331658064,1.634153506525584e-06,0.0002467462644627205,1.644975715342187e-06,0.0002435155847428772,1.608759821937663e-06,0.00025,0.0002451243445648131,1.634153505729475e-06,-0.0002435155847428771
1,2.2,1.237676489579902,2.2,0.6193413984480745,0.6187528815669445,12.0,-0.00025,0.0002451237090604389,1.634158679156218e-06,0.0002467470454957118,1.644980922227613e-06,0.0002435171780738257,1.607973582059413e-06,0.00025,0.0002451251516558845,1.634158678342681e-06,-0.0002435171780738269
1,2.25,1.237676653161303,2.25,0.6193541989626626,0.6187529633576458,12.0,-0.00025,0.0002451244841970462,1.634163846734186e-06,0.0002467478257656543,1.644986124028036e-06,0.0002435187698634669,1.607188110314753e-06,0.00025,0.0002451259579737825,1.63416384590324e-06,-0.000243518769863468
1,2.3,1.237676816582452,2.3,0.6193669931443714,0.6187530450682219,12.0,-0.00025,0.0002451252585767385,1.634169009264949e-06,0.0002467486052736723,1.644991320749162e-06,0.0002435203601140552,1.606403405578539e-06,0.00025,0.0002451267635196328,1.634169008416601e-06,-0.0002435203601140546
1,2.35,1.237676979843584,2.35,0.6193797809994626,0.6187531266987886,12.0,-0.00025,0.0002451260322006247,1.634174166756956e-06,0.000246749384020874,1.644996512396519e-06,0.000243521948827826,1.60561946672551e-06,0.00025,0.0002451275682945528,1.634174165892088e-06,-0.0002435219488278254
1,2.4,1.237677142944932,2.4,0.6193925625341902,0.6187532082494641,12.0,-0.00025,0.0002451268050698089,1.634179319218347e-06,0.0002467501620083825,1.645001698979209e-06,0.0002435235360070297,1.604836292639055e-06,0.00025,0.0002451283722996681,1.63417931833437e-06,-0.0002435235360070285
1,2.45,1.237677305886734,2.45,0.6194053377547987,0.6187532897203657,12.0,-0.00025,0.0002451275771853915,1.634184466656256e-06,0.0002467509392372974,1.645006880506265e-06,0.0002435251216538938,1.604053882195804e-06,0.00025,0.0002451291755360897,1.634184465755786e-06,-0.0002435251216538941
1,2.5,1.23767746866922,2.5,0.6194181066675212,0.6187533711116099,12.0,-0.00025,0.000245128348548482,1.634189609077081e-06,0.0002467517157087318,1.645012056983743e-06,0.0002435267057706613,1.603272234282797e-06,0.00025,0.0002451299780049447,1.634189608158396e-06,-0.0002435267057706615
1,2.55,1.237677631292628,2.55,0.6194308692785852,0.6187534524233148,12.0,-0.00025,0.0002451291191601717,1.634194746488418e-06,0.0002467524914237967,1.645017228415582e-06,0.0002435282883595512,1.602491347785215e-06,0.00025,0.0002451307797073375,1.634194745552399e-06,-0.0002435282883595513
1,2.6,1.237677793757187,2.6,0.6194436255942054,0.6187535336555954,12.0,-0.00025,0.0002451298890215698,1.634199878896805e-06,0.0002467532663835962,1.645022394815598e-06,0.0002435298694227991,1.601711221589137e-06,0.00025,0.0002451315806443899,1.634199877943459e-06,-0.0002435298694227987
1,2.65,1.237677956063132,2.65,0.6194563756205899,0.6187536148085688,12.0,-0.00025,0.0002451306581337603,1.634205006312746e-06,0.0002467540405892284,1.64502755618583e-06,0.0002435314489626176,1.600931854587158e-06,0.00025,0.0002451323808172032,1.634205005342094e-06,-0.0002435314489626162
1,2.7,1.237678118210696,2.7,0.6194691193639368,0.6187536958823516,12.0,-0.00025,0.0002451314264978448,1.634210128738985e-06,0.000246754814041796,1.645032712536586e-06,0.0002435330269812239,1.600153245668581e-06,0.00025,0.0002451331802268917,1.634210127750173e-06,-0.0002435330269812252
1,2.75,1.237678280200107,2.75,0.6194818568304341,0.6187537768770583,12.0,-0.00025,0.0002451321941148986,1.634215246187178e-06,0.0002467555867423932,1.645037863874344e-06,0.0002435346034808162,1.599375393730555e-06,0.00025,0.0002451339788745469,1.634215245181079e-06,-0.0002435346034808166
1,2.8,1.2376784420316,2.8,0.619494588026262,0.6187538577928057,12.0,-0.00025,0.000245132960986034,1.634220358661424e-06,0.0002467563586921268,1.64504301020449e-06,0.0002435361784636252,1.598598297667195e-06,0.00025,0.0002451347767612937,1.634220357637192e-06,-0.000243536178463624
1,2.85,1.237678603705404,2.85,0.619507312957591,0.6187539386297087,12.0,-0.00025,0.0002451337271123243,1.634225466169143e-06,0.0002467571298920849,1.645048151538097e-06,0.0002435377519318437,1.597821956377607e-06,0.00025,0.0002451355738882216,1.634225465128519e-06,-0.0002435377519318434
1,2.9,1.23767876522175,2.9,0.6195200316305822,0.6187540193878828,12.0,-0.00025,0.0002451344924948532,1.634230568720432e-06,0.0002467579003433538,1.645053287880783e-06,0.0002435393238876615,1.597046368763909e-06,0.00025,0.0002451363702564263,1.634230567661702e-06,-0.0002435393238876607
1,2.95,1.237678926580868,2.95,0.6195327440513885,0.618754100067443,12.0,-0.00025,0.0002451352571347069,1.634235666319472e-06,0.0002467586700470317,1.645058419238612e-06,0.0002435408943332814,1.59627153372859e-06,0.00025,0.0002451371658670098,1.634235665244377e-06,-0.0002435408943332815
1,3.0,1.237679087782987,3.0,0.6195454502261528,0.6187541806685034,12.0,-0.00025,0.0002451360210329698,1.634240758973811e-06,0.0002467594390042048,1.645063545618422e-06,0.0002435424632708963,1.595497450177487e-06,0.00025,0.0002451379607210737,1.634240757881498e-06,-0.000243542463270895
1,3.05,1.237679248828337,3.05,0.6195581501610101,0.6187542611911794,12.0,-0.00025,0.0002451367841907114,1.63424584669129e-06,0.0002467602072159531,1.64506866703138e-06,0.0002435440307026805,1.594724117013887e-06,0.00025,0.0002451387548196957,1.634245845582639e-06,-0.00024354403070268
1,3.1,1.237679409717146,3.1,0.6195708438620843,0.6187543416355846,12.0,-0.00025,0.0002451375466090124,1.634250929481497e-06,0.0002467609746833691,1.645073783480453e-06,0.0002435455966308222,1.593951533151144e-06,0.00025,0.0002451395481639768,1.634250928354787e-06,-0.0002435455966308241
1,3.15,1.237679570449642,3.15,0.6195835313354927,0.6187544220018335,12.0,-0.00025,0.0002451383082889463,1.634256007348036e-06,0.0002467617414075242,1.645078894975123e-06,0.0002435471610575039,1.593179697499099e-06,0.00025,0.0002451403407550024,1.634256006203282e-06,-0.0002435471610575035
1,3.2,1.237679731026052,3.2,0.619596212587342,0.6187545022900398,12.0,-0.00025,0.0002451390692315945,1.634261080299034e-06,0.0002467625073895066,1.64508400152255e-06,0.0002435487239848914,1.59240860897262e-06,0.00025,0.0002451411325938646,1.634261079137115e-06,-0.0002435487239848908
1,3.25,1.237679891446605,3.25,0.6196088876237303,0.6187545825003172,12.0,-0.00025,0.00024513982943801,1.634266148341313e-06,0.000246763272630385,1.645089103127947e-06,0.0002435502854151492,1.591638266485385e-06,0.00025,0.0002451419236816368,1.634266147162243e-06,-0.0002435502854151485
1,3.3,1.237680051711527,3.3,0.6196215564507472,0.618754662632779,12.0,-0.00025,0.0002451405889092713,1.634271211483073e-06,0.0002467640371312422,1.64509419979952e-06,0.0002435518453504537,1.590868668956228e-06,0.00025,0.0002451427140194099,1.634271210286859e-06,-0.0002435518453504535
1,3.35,1.237680211821043,3.35,0.619634219074473,0.6187547426875385,12.0,-0.00025,0.0002451413476464495,1.634276269730534e-06,0.0002467648008931497,1.645099291546605e-06,0.000243553403792961,1.5900998153039e-06,0.00025,0.0002451435036082649,1.634276268516329e-06,-0.0002435534037929597
1,3.4,1.237680371775382,3.4,0.6196468755009791,0.6187548226647086,12.0,-0.00025,0.0002451421056505958,1.634281323093041e-06,0.0002467655639171761,1.645104378373561e-06,0.0002435549607448216,1.589331704451031e-06,0.00025,0.0002451442924492733,1.634281321861719e-06,-0.0002435549607448214
1,3.45,1.237680531574768,3.45,0.6196595257363282,0.6187549025644028,12.0,-0.00025,0.0002451428629227809,1.634286371573785e-06,0.0002467663262043907,1.645109460288857e-06,0.0002435565162081946,1.588564335320769e-06,0.00025,0.0002451450805435156,1.634286370324492e-06,-0.0002435565162081949
1,3.5,1.237680691219425,3.5,0.6196721697865729,0.6187549823867321,12.0,-0.00025,0.0002451436194640574,1.634291415181521e-06,0.0002467670877558594,1.645114537298044e-06,0.0002435580701852204,1.587797706841849e-06,0.00025,0.0002451458678920604,1.634291413916013e-06,-0.0002435580701852201
1,3.55,1.237680850709578,3.55,0.6196848076577589,0.61875506213181,12.0,-0.00025,0.0002451443752754983,1.634296453924788e-06,0.000246767848572654,1.645119609409822e-06,0.0002435596226780582,1.587031817938628e-06,0.00025,0.0002451466544959957,1.634296452641337e-06,-0.0002435596226780584
1,3.6,1.237681010045452,3.6,0.6196974393559213,0.618755141799748,12.0,-0.00025,0.0002451451303581357,1.634301487808702e-06,0.0002467686086558243,1.645124676631631e-06,0.0002435611736888202,1.586266667544398e-06,0.00025,0.0002451474403563667,1.634301486509055e-06,-0.00024356117368882
1,3.65,1.237681169227271,3.65,0.619710064887088,0.6187552213906584,12.0,-0.00025,0.0002451458847130469,1.63430651684182e-06,0.0002467693680064424,1.645129738969414e-06,0.0002435627232196757,1.58550225458908e-06,0.00025,0.0002451482254742641,1.634306515525118e-06,-0.0002435627232196752
1,3.7,1.237681328255258,3.7,0.6197226842572773,0.6187553009046527,12.0,-0.00025,0.0002451466383412608,1.634311541029809e-06,0.0002467701266255579,1.6451347964291e-06,0.0002435642712727209,1.5847385780104e-06,0.00025,0.0002451490098507316,1.634311539696071e-06,-0.0002435642712727195
1,3.75,1.237681487129636,3.75,0.6197352974724977,0.6187553803418423,12.0,-0.00025,0.000245147391243848,1.634316560380907e-06,0.0002467708845142398,1.645139849021268e-06,0.0002435658178501144,1.583975636739944e-06,0.00025,0.0002451497934868547,1.63431655902928e-06,-0.0002435658178501143
1,3.8,1.237681645850627,3.8,0.61974790453875,0.6187554597023392,12.0,-0.00025,0.0002451481434218474,1.634321574900251e-06,0.0002467716416735303,1.645144896750674e-06,0.0002435673629539651,1.583213429719016e-06,0.00025,0.000245150576383684,1.634321573532476e-06,-0.0002435673629539638
1,3.85,1.237681804418453,3.85,0.6197605054620268,0.6187555389862531,12.0,-0.00025,0.0002451488948763036,1.63432658459781e-06,0.0002467723981044884,1.645149939624107e-06,0.0002435689065863895,1.582451955886567e-06,0.00025,0.0002451513585422797,1.634326583211298e-06,-0.0002435689065863906
1,3.9,1.237681962833335,3.9,0.6197731002483099,0.6187556181936952,12.0,-0.00025,0.0002451496456082602,1.634331589477628e-06,0.0002467731538081655,1.645154977647166e-06,0.0002435704487495139,1.581691214188036e-06,0.00025,0.0002451521399637001,1.634331588074135e-06,-0.0002435704487495126
1,3.95,1.237682121095497,3.95,0.619785688903575,0.618755697324777,12.0,-0.00025,0.0002451503956187598,1.634336589547932e-06,0.0002467739087856061,1.645160010830055e-06,0.000243571989445437,1.580931203564293e-06,0.00025,0.000245152920649002,1.634336588127465e-06,-0.000243571989445435
1,4.0,1.237682279205156,4.0,0.6197982714337869,0.6187557763796078,12.0,-0.00025,0.0002451511449088485,1.634341584813777e-06,0.0002467746630378587,1.645165039178628e-06,0.0002435735286762786,1.580171922964846e-06,0.00025,0.0002451537005992419,1.634341583376342e-06,-0.0002435735286762759
1,4.05,1.237682437162535,4.05,0.6198108478449025,0.6187558553582984,12.0,-0.00025,0.000245151893479548,1.634346575285375e-06,0.000246775416565965,1.645170062699798e-06,0.0002435750664441251,1.579413371336516e-06,0.00025,0.0002451544798154606,1.634346573830125e-06,-0.0002435750664441256
1,4.100000000000001,1.237682594967854,4.100000000000001,0.6198234181428707,0.6187559342609585,12.0,-0.00025,0.0002451526413319065,1.634351560968046e-06,0.0002467761693709704,1.645175081399935e-06,0.0002435766027510842,1.578655547630201e-06,0.00025,0.000245155258298716,1.634351559496729e-06,-0.000243576602751084
1,4.15,1.237682752621331,4.15,0.619835982333631,0.6187560130876982,12.0,-0.00025,0.0002451533884669529,1.634356541869879e-06,0.0002467769214539164,1.645180095286871e-06,0.0002435781375992527,1.57789845079819e-06,0.00025,0.0002451560360500527,1.634356540380768e-06,-0.0002435781375992527
1,4.2,1.237682910123186,4.2,0.6198485404231135,0.6187560918386263,12.0,-0.00025,0.0002451541348857216,1.634361517993748e-06,0.0002467776728158389,1.645185104365208e-06,0.0002435796709907192,1.577142079795705e-06,0.00025,0.000245156813070516,1.634361516488598e-06,-0.0002435796709907177
1,4.25,1.237683067473637,4.25,0.619861092417241,0.6187561705138528,12.0,-0.00025,0.0002451548805892431,1.634366489350408e-06,0.000246778423457776,1.645190108645415e-06,0.0002435812029275786,1.576386433579675e-06,0.00025,0.0002451575893611567,1.63436648782749e-06,-0.000243581202927578
1,4.3,1.237683224672903,4.3,0.6198736383219277,0.6187562491134868,12.0,-0.00025,0.0002451556255785382,1.634371455946627e-06,0.0002467791733807592,1.645195108131151e-06,0.0002435827334118982,1.575631511108148e-06,0.00025,0.0002451583649230059,1.634371454405956e-06,-0.0002435827334118981
1,4.350000000000001,1.237683381721201,4.350000000000001,0.6198861781430778,0.6187563276376369,12.0,-0.00025,0.0002451563698546397,1.634376417787577e-06,0.0002467799225858252,1.645200102832418e-06,0.0002435842624457671,1.574877311340873e-06,0.00025,0.0002451591397571074,1.634376416230032e-06,-0.0002435842624457672
1,4.4,1.237683538618748,4.4,0.6198987118865876,0.6187564060864116,12.0,-0.00025,0.0002451571134185726,1.634381374880771e-06,0.0002467806710740066,1.645205092753749e-06,0.0002435857900312633,1.574123833242985e-06,0.00025,0.0002451599138645055,1.63438137330636e-06,-0.0002435857900312619
1,4.45,1.237683695365763,4.45,0.6199112395583466,0.6187564844599199,12.0,-0.00025,0.0002451578562713553,1.634386327231976e-06,0.0002467814188463251,1.645210077901664e-06,0.0002435873161704505,1.573371075774905e-06,0.00025,0.000245160687246227,1.634386325639852e-06,-0.00024358731617045
1,4.5,1.237683851962461,4.5,0.6199237611642329,0.6187565627582698,12.0,-0.00025,0.000245158598413998,1.634391274849616e-06,0.0002467821659038057,1.645215058285811e-06,0.0002435888408653926,1.572619037908585e-06,0.00025,0.0002451614599033002,1.634391273242388e-06,-0.0002435888408653924
1,4.55,1.237684008409058,4.55,0.6199362767101168,0.6187566409815695,12.0,-0.00025,0.0002451593398475369,1.634396217739809e-06,0.0002467829122474799,1.645220033910683e-06,0.0002435903641181663,1.571867718607845e-06,0.00025,0.0002451622318367734,1.634396216114021e-06,-0.0002435903641181654
1,4.600000000000001,1.237684164705771,4.600000000000001,0.6199487862018624,0.6187567191299271,12.0,-0.00025,0.0002451600805729766,1.634401155909765e-06,0.0002467836578783712,1.645225004782949e-06,0.0002435918859308201,1.571117116846124e-06,0.00025,0.0002451630030476649,1.634401154266298e-06,-0.0002435918859308188
1,4.65,1.237684320852813,4.65,0.6199612896453216,0.6187567972034489,12.0,-0.00025,0.0002451608205913354,1.634406089365881e-06,0.0002467844027974981,1.645229970910698e-06,0.0002435934063054113,1.570367231593374e-06,0.00025,0.0002451637735370032,1.634406087706483e-06,-0.0002435934063054115
1,4.7,1.237684476850403,4.7,0.6199737870463415,0.618756875202245,12.0,-0.00025,0.0002451615599036212,1.634411018113152e-06,0.0002467851470058716,1.645234932299101e-06,0.0002435949252439871,1.569618061828237e-06,0.00025,0.0002451645433058168,1.634411016436968e-06,-0.0002435949252439871
1,4.75,1.237684632698751,4.75,0.619986278410758,0.6187569531264199,12.0,-0.00025,0.0002451622985108484,1.634415942162628e-06,0.0002467858905045238,1.645239888958241e-06,0.0002435964427486089,1.56886960652011e-06,0.00025,0.0002451653123551294,1.634415940467932e-06,-0.000243596442748609
1,4.800000000000001,1.237684788398074,4.800000000000001,0.6199987637443989,0.6187570309760823,12.0,-0.00025,0.0002451630364140247,1.63442086151755e-06,0.0002467866332944561,1.645244840891555e-06,0.0002435979588213068,1.568121864653537e-06,0.00025,0.0002451660806859617,1.634420859807831e-06,-0.0002435979588213061
1,4.850000000000001,1.237684943948584,4.850000000000001,0.6200112430530855,0.6187571087513386,12.0,-0.00025,0.0002451637736141497,1.634425776184056e-06,0.0002467873753766856,1.645249788106806e-06,0.0002435994734641245,1.567374835208147e-06,0.00025,0.0002451668482993318,1.634425774457586e-06,-0.0002435994734641253
1,4.9,1.237685099350495,4.9,0.6200237163426288,0.6187571864522947,12.0,-0.00025,0.0002451645101122377,1.634430686171695e-06,0.0002467881167522264,1.64525473060935e-06,0.000243600986679096,1.566628517164033e-06,0.00025,0.0002451676151962609,1.63443068442762e-06,-0.0002436009866790953
1,4.95,1.237685254604019,4.95,0.6200361836188315,0.6187572640790578,12.0,-0.00025,0.0002451652459092879,1.634435591486036e-06,0.0002467888574220877,1.645259668408068e-06,0.0002436024984682627,1.565882909504841e-06,0.00025,0.0002451683813777677,1.634435589722635e-06,-0.0002436024984682605
1,5.0,1.237685409709372,5.0,0.620048644887489,0.618757341631735,12.0,-0.00025,0.0002451659810062966,1.634440492132297e-06,0.000246789597387275,1.645264601510091e-06,0.0002436040088336385,1.565138011219223e-06,0.00025,0.000245169146844857,1.634440490353047e-06,-0.0002436040088336384
1,5.050000000000001,1.23768556466676,5.050000000000001,0.6200611001543872,0.6187574191104304,12.0,-0.00025,0.0002451667154042632,1.634445388118942e-06,0.0002467903366487863,1.645269529919307e-06,0.00024360551777725,1.564393821294241e-06,0.00025,0.0002451699115985443,1.634445386323862e-06,-0.0002436055177772499
1,5.100000000000001,1.2376857194764,5.100000000000001,0.6200735494253046,0.6187574965152511,12.0,-0.00025,0.0002451674491041912,1.634450279451812e-06,0.0002467910752076382,1.645274453645047e-06,0.0002436070253011277,1.56365033871761e-06,0.00025,0.0002451706756398467,1.634450277640042e-06,-0.0002436070253011265
1,5.15,1.237685874138502,5.15,0.6200859927060104,0.6187575738463028,12.0,-0.00025,0.0002451681821070646,1.63445516613876e-06,0.0002467918130648198,1.64527937269417e-06,0.0002436085314072788,1.562907562484728e-06,0.00025,0.0002451714389697632,1.634455164309446e-06,-0.0002436085314072769
1,5.2,1.237686028653274,5.2,0.6200984300022665,0.6187576511036903,12.0,-0.00025,0.0002451689144138929,1.634460048184245e-06,0.0002467925502213412,1.645284287071899e-06,0.0002436100360977274,1.56216549158661e-06,0.00025,0.0002451722015893137,1.634460046338269e-06,-0.0002436100360977264
1,5.25,1.23768618302093,5.25,0.620110861319826,0.6187577282875193,12.0,-0.00025,0.0002451696460256526,1.634464925595173e-06,0.0002467932866781966,1.645289196782605e-06,0.0002436115393744699,1.561424125020824e-06,0.00025,0.0002451729634994895,1.63446492373254e-06,-0.000243611539374469
1,5.300000000000001,1.237686337241677,5.300000000000001,0.6201232866644323,0.6187578053978939,12.0,-0.00025,0.0002451703769433335,1.634469798379979e-06,0.0002467940224363758,1.645294101837815e-06,0.0002436130412395113,1.560683461783864e-06,0.00025,0.000245173724701295,1.634469796500711e-06,-0.0002436130412395102
1,5.350000000000001,1.237686491315727,5.350000000000001,0.6201357060418239,0.6187578824349196,12.0,-0.00025,0.0002451711071679336,1.634474666543868e-06,0.0002467947574968811,1.645299002241683e-06,0.0002436145416948665,1.559943500876395e-06,0.00025,0.0002451744851957407,1.634474664647104e-06,-0.0002436145416948674
1,5.4,1.237686645243288,5.4,0.6201481194577274,0.618757959398701,12.0,-0.00025,0.0002451718367004244,1.634479530094816e-06,0.0002467954918607015,1.645303897999507e-06,0.0002436160407425143,1.559204241298729e-06,0.00025,0.0002451752449838124,1.634479528180569e-06,-0.0002436160407425121
1,5.45,1.237686799024569,5.45,0.6201605269178637,0.6187580362893428,12.0,-0.00025,0.0002451725655418015,1.634484389037505e-06,0.0002467962255288249,1.645308789120476e-06,0.0002436175383844599,1.558465682054361e-06,0.00025,0.0002451760040665147,1.634484387106649e-06,-0.0002436175383844592
1,5.5,1.23768695265978,5.5,0.620172928427945,0.6187581131069491,12.0,-0.00025,0.0002451732936930385,1.634489243377939e-06,0.0002467969585022357,1.645313675611705e-06,0.0002436190346226903,1.557727822148835e-06,0.00025,0.0002451767624448389,1.634489241431362e-06,-0.0002436190346226897
1,5.550000000000001,1.237687106149127,5.550000000000001,0.6201853239936743,0.6187581898516236,12.0,-0.00025,0.0002451740211551234,1.634494093125001e-06,0.0002467976907819348,1.645318557475173e-06,0.0002436205294591978,1.556990660589603e-06,0.00025,0.0002451775201197873,1.634494091160975e-06,-0.0002436205294591978
1,5.600000000000001,1.237687259492818,5.600000000000001,0.6201977136207457,0.61875826652347,12.0,-0.00025,0.0002451747479290267,1.634498938284824e-06,0.0002467984223688934,1.64532343472114e-06,0.0002436220228959574,1.55625419638416e-06,0.00025,0.0002451782770923412,1.634498936303363e-06,-0.0002436220228959575
1,5.65,1.237687412691061,5.65,0.6202100973148483,0.6187583431225924,12.0,-0.00025,0.0002451754740157311,1.634503778863228e-06,0.0002467991532641001,1.645328307356949e-06,0.0002436235149349504,1.555518428544276e-06,0.00025,0.0002451790333634972,1.634503776865213e-06,-0.0002436235149349498
1,5.7,1.237687565744061,5.7,0.6202224750816598,0.6187584196490934,12.0,-0.00025,0.0002451761994161983,1.63450861486712e-06,0.0002467998834685307,1.645333175386194e-06,0.0002436250055781464,1.554783356083423e-06,0.00025,0.0002451797889342307,1.634508612851696e-06,-0.0002436250055781446
1,5.75,1.237687718652027,5.75,0.6202348469268519,0.6187584961030773,12.0,-0.00025,0.000245176924131418,1.634513446300421e-06,0.0002468006129831707,1.645338038816748e-06,0.0002436264948275298,1.554048978013593e-06,0.00025,0.0002451805438055427,1.634513444269331e-06,-0.000243626494827529
1,5.800000000000001,1.237687871415165,5.800000000000001,0.6202472128560876,0.6187585724846472,12.0,-0.00025,0.0002451776481623442,1.634518273173894e-06,0.000246801341808991,1.645342897655611e-06,0.0002436279826850507,1.553315293352269e-06,0.00025,0.000245181297978403,1.634518271127158e-06,-0.0002436279826850503
1,5.850000000000001,1.23768802403368,5.850000000000001,0.6202595728750208,0.6187586487939056,12.0,-0.00025,0.0002451783715099575,1.634523095491373e-06,0.0002468020699469673,1.64534775190916e-06,0.0002436294691526839,1.552582301120274e-06,0.00025,0.0002451820514538057,1.634523093427262e-06,-0.0002436294691526824
1,5.9,1.237688176507775,5.9,0.6202719269892976,0.6187587250309543,12.0,-0.00025,0.0002451790941752247,1.634527913261152e-06,0.0002468027973980815,1.645352601582577e-06,0.0002436309542323954,1.551850000334955e-06,0.00025,0.0002451828042327307,1.634527911178806e-06,-0.0002436309542323944
1,5.95,1.237688328837658,5.95,0.6202842752045571,0.6187588011958969,12.0,-0.00025,0.0002451798161591072,1.634532726486471e-06,0.0002468035241632954,1.645357446684863e-06,0.0002436324379261316,1.551118390018003e-06,0.00025,0.0002451835563161483,1.634532724387645e-06,-0.0002436324379261308
1,6.0,1.237688481023532,6.0,0.62029661752643,0.6187588772888346,12.0,-0.00025,0.00024518053746257,1.634537535174959e-06,0.0002468042502435825,1.645362287220333e-06,0.0002436339202358452,1.550387469196583e-06,0.00025,0.0002451843077050416,1.634537533059661e-06,-0.0002436339202358424
1,6.050000000000001,1.237688633065602,6.050000000000001,0.6203089539605379,0.6187589533098706,12.0,-0.00025,0.0002451812580865646,1.634542339335277e-06,0.0002468049756399099,1.645367123196035e-06,0.0002436354011634798,1.549657236892143e-06,0.00025,0.0002451850584003714,1.634542337205254e-06,-0.000243635401163479
1,6.100000000000001,1.237688784964071,6.100000000000001,0.6203212845124951,0.618759029259106,12.0,-0.00025,0.0002451819780320638,1.634547138973835e-06,0.0002468057003532444,1.645371954616821e-06,0.0002436368807109919,1.548927692135431e-06,0.00025,0.0002451858084031304,1.634547136825631e-06,-0.0002436368807109922
1,6.15,1.237688936719143,6.15,0.620333609187908,0.6187591051366432,12.0,-0.00025,0.0002451826973000298,1.63455193409247e-06,0.000246806424384557,1.645376781493567e-06,0.0002436383588803381,1.548198833952273e-06,0.00025,0.0002451865577142879,1.634551931927826e-06,-0.0002436383588803369
1,6.2,1.237689088331021,6.2,0.6203459279923742,0.6187591809425829,12.0,-0.00025,0.0002451834158913983,1.634556724702551e-06,0.0002468071477347935,1.645381603827837e-06,0.0002436398356734156,1.547470661378649e-06,0.00025,0.0002451873063347935,1.634556722520621e-06,-0.0002436398356734145
1,6.25,1.237689239799907,6.25,0.6203582409314861,0.618759256677027,12.0,-0.00025,0.0002451841338071441,1.634561510806952e-06,0.0002468078704049282,1.645386421629086e-06,0.0002436413110921955,1.546743173442879e-06,0.00025,0.0002451880542656376,1.634561508607743e-06,-0.0002436413110921947
1,6.300000000000001,1.237689391126004,6.300000000000001,0.6203705480108235,0.6187593323400761,12.0,-0.00025,0.0002451848510482013,1.634566292414415e-06,0.0002468085923959107,1.645391234902678e-06,0.0002436427851385782,1.546016369182846e-06,0.00025,0.0002451888015077633,1.634566290198807e-06,-0.0002436427851385779
1,6.350000000000001,1.237689542309513,6.350000000000001,0.6203828492359619,0.6187594079318319,12.0,-0.00025,0.0002451855676155338,1.634571069530089e-06,0.0002468093137087107,1.645396043654898e-06,0.0002436442578145181,1.545290247632562e-06,0.00025,0.00024518954806215,1.634571067298957e-06,-0.0002436442578145175
1,6.4,1.237689693350636,6.4,0.6203951446124667,0.6187594834523941,12.0,-0.00025,0.000245186283510095,1.634575842160446e-06,0.0002468100343442759,1.645400847891333e-06,0.000243645729121931,1.544564807833733e-06,0.00025,0.0002451902939297643,1.634575839912068e-06,-0.0002436457291219302
1,6.45,1.237689844249574,6.45,0.6204074341458974,0.6187595589018641,12.0,-0.00025,0.0002451869987328192,1.634580610310879e-06,0.0002468107543035582,1.645405647619487e-06,0.000243647199062733,1.543840048824117e-06,0.00025,0.0002451910391115551,1.634580608046137e-06,-0.0002436471990627321
1,6.5,1.237689995006527,6.5,0.6204197178418038,0.6187596342803415,12.0,-0.00025,0.0002451877132846545,1.634585373990713e-06,0.0002468114735875066,1.64541044284707e-06,0.0002436486676388327,1.543115969646303e-06,0.00025,0.000245191783608481,1.63458537170962e-06,-0.0002436486676388322
1,6.550000000000001,1.237690145621695,6.550000000000001,0.6204319957057283,0.6187597095879269,12.0,-0.00025,0.0002451884271665464,1.634590133203506e-06,0.0002468121921970785,1.645415233576847e-06,0.0002436501348521597,1.542392569341997e-06,0.00025,0.0002451925274215013,1.63459013090434e-06,-0.0002436501348521596
1,6.600000000000001,1.23769029609528,6.600000000000001,0.6204442677432059,0.61875978482472,12.0,-0.00025,0.000245189140379445,1.634594887954779e-06,0.0002468129101332207,1.645420019817946e-06,0.0002436516007046136,1.541669846961777e-06,0.00025,0.0002451932705515783,1.63459488564015e-06,-0.0002436516007046138
1,6.65,1.23769044642748,6.65,0.6204565339597634,0.6187598599908213,12.0,-0.00025,0.0002451898529242734,1.634599638254041e-06,0.0002468136273968744,1.645424801576404e-06,0.0002436530651981008,1.540947801548985e-06,0.00025,0.0002451940129996478,1.634599635923094e-06,-0.0002436530651980994
1,6.7,1.237690596618496,6.7,0.6204687943609205,0.61875993508633,12.0,-0.00025,0.0002451905648019786,1.634604384105695e-06,0.000246814343988988,1.645429578857094e-06,0.0002436545283345183,1.540226432153574e-06,0.00025,0.0002451947547666726,1.634604381758438e-06,-0.000243654528334517
1,6.75,1.237690746668524,6.75,0.6204810489521866,0.6187600101113452,12.0,-0.00025,0.0002451912760135033,1.634609125515806e-06,0.0002468150599105027,1.645434351667564e-06,0.0002436559901157781,1.539505737827634e-06,0.00025,0.0002451954958536066,1.634609123151392e-06,-0.0002436559901157773
1,6.800000000000001,1.237690896577766,6.800000000000001,0.6204932977390664,0.6187600850659667,12.0,-0.00025,0.0002451919865597749,1.634613862491131e-06,0.000246815775162365,1.645439120013072e-06,0.0002436574505437655,1.538785717622263e-06,0.00025,0.0002451962362613882,1.6346138601113e-06,-0.0002436574505437642
1,6.850000000000001,1.237691046346415,6.850000000000001,0.6205055407270548,0.6187601599502928,12.0,-0.00025,0.0002451926964417244,1.634618595038276e-06,0.0002468164897455034,1.645443883899664e-06,0.0002436589096203706,1.538066370593494e-06,0.00025,0.000245196975990964,1.634618592640441e-06,-0.0002436589096203694
1,6.9,1.237691195974673,6.9,0.6205177779216392,0.6187602347644222,12.0,-0.00025,0.0002451934056602927,1.634623323162533e-06,0.0002468172036608654,1.645448643337022e-06,0.0002436603673474902,1.537347695796839e-06,0.00025,0.0002451977150432867,1.634623320747568e-06,-0.0002436603673474889
1,6.95,1.237691345462737,6.95,0.6205300093283003,0.6187603095084552,12.0,-0.00025,0.0002451941142163996,1.63462804686948e-06,0.0002468179169093834,1.64545339832663e-06,0.0002436618237270012,1.536629692291548e-06,0.00025,0.0002451984534192893,1.634628044439139e-06,-0.0002436618237269999
1,7.0,1.237691494810802,7.0,0.620542234952509,0.6187603841824888,12.0,-0.00025,0.000245194822110977,1.634632766167505e-06,0.0002468186294919864,1.645458148877779e-06,0.0002436632787607816,1.535912359135884e-06,0.00025,0.0002451991911199161,1.634632763719194e-06,-0.0002436632787607808
1,7.050000000000001,1.237691644019066,7.050000000000001,0.6205544547997311,0.6187604587866218,12.0,-0.00025,0.0002451955293449544,1.634637481059997e-06,0.0002468193414096133,1.645462894995415e-06,0.0002436647324507194,1.535195695390121e-06,0.00025,0.0002451999281461099,1.634637478595456e-06,-0.0002436647324507201
1,7.100000000000001,1.237691793087725,7.100000000000001,0.6205666688754222,0.6187605333209522,12.0,-0.00025,0.000245196235919247,1.634642191555493e-06,0.0002468200526631938,1.645467636685555e-06,0.0002436661847986745,1.534479700120883e-06,0.00025,0.0002452006644987966,1.634642189074743e-06,-0.0002436661847986746
1,7.15,1.237691942016974,7.15,0.6205788771850314,0.6187606077855773,12.0,-0.00025,0.0002451969418347856,1.634646897659949e-06,0.0002468207632536569,1.645472373955004e-06,0.0002436676358065358,1.533764372389745e-06,0.00025,0.0002452014001789232,1.634646895162998e-06,-0.0002436676358065354
1,7.2,1.237692090807009,7.2,0.6205910797339996,0.6187606821805961,12.0,-0.00025,0.0002451976470924915,1.634651599377243e-06,0.0002468214731819221,1.645477106809689e-06,0.0002436690854761546,1.533049711267323e-06,0.00025,0.0002452021351874224,1.634651596864103e-06,-0.0002436690854761532
1,7.25,1.237692239458027,7.25,0.620603276527761,0.618760756506106,12.0,-0.00025,0.0002451983516932777,1.634656296715532e-06,0.0002468221824489251,1.645481835257371e-06,0.0002436705338094012,1.532335715819563e-06,0.00025,0.0002452028695252178,1.634656294186211e-06,-0.0002436705338094
1,7.300000000000001,1.237692387970218,7.300000000000001,0.6206154675717402,0.6187608307622025,12.0,-0.00025,0.0002451990556380678,1.634660989681546e-06,0.0002468228910555825,1.645486559301674e-06,0.0002436719808081325,1.531622385116937e-06,0.00025,0.0002452036031932494,1.634660987134328e-06,-0.0002436719808081309
1,7.350000000000001,1.237692536343782,7.350000000000001,0.6206276528713568,0.6187609049489853,12.0,-0.00025,0.0002451997589277666,1.634665678280197e-06,0.0002468235990028129,1.64549127895113e-06,0.000243673426474199,1.530909718232982e-06,0.00025,0.0002452043361924313,1.63466567571595e-06,-0.0002436734264741986
1,7.4,1.23769268457891,7.4,0.6206398324320196,0.6187609790665504,12.0,-0.00025,0.0002452004615633037,1.634670362516946e-06,0.000246824306291549,1.645495994208767e-06,0.0002436748708094692,1.530197714239465e-06,0.00025,0.0002452050685237091,1.634670359937426e-06,-0.000243674870809469
1,7.45,1.237692832675795,7.45,0.6206520062591329,0.6187610531149936,12.0,-0.00025,0.0002452011635455876,1.634675042398808e-06,0.0002468250129227034,1.645500705082975e-06,0.000243676313815786,1.529486372213559e-06,0.00025,0.0002452058001879996,1.634675039802286e-06,-0.000243676313815785
1,7.5,1.237692980634632,7.5,0.6206641743580911,0.6187611270944134,12.0,-0.00025,0.000245201864875519,1.634679717931217e-06,0.0002468257188971897,1.645505411580157e-06,0.0002436777554949916,1.528775691228348e-06,0.00025,0.0002452065311862208,1.634679715319442e-06,-0.0002436777554949915
1,7.550000000000001,1.237693128455615,7.550000000000001,0.6206763367342825,0.6187612010049053,12.0,-0.00025,0.0002452025655540153,1.634684389121484e-06,0.0002468264242159249,1.645510113705212e-06,0.000243679195848932,1.528065670369143e-06,0.00025,0.0002452072615192997,1.634684386492734e-06,-0.0002436791958489309
1,7.600000000000001,1.237693276138932,7.600000000000001,0.6206884933930856,0.6187612748465653,12.0,-0.00025,0.0002452032655819828,1.634689055975315e-06,0.000246827128879822,1.645514811464334e-06,0.0002436806348794439,1.527356308711554e-06,0.00025,0.0002452079911881581,1.634689053329604e-06,-0.0002436806348794429
1,7.65,1.237693423684782,7.65,0.6207006443398747,0.6187613486194908,12.0,-0.00025,0.0002452039649603254,1.634693718495739e-06,0.0002468278328897933,1.645519504863724e-06,0.0002436820725883654,1.526647605341252e-06,0.00025,0.0002452087201937074,1.634693715834809e-06,-0.0002436820725883653
1,7.7,1.237693571093351,7.7,0.6207127895800135,0.6187614223237766,12.0,-0.00025,0.0002452046636899521,1.634698376694106e-06,0.0002468285362467501,1.645524193910259e-06,0.0002436835089775365,1.525939559338869e-06,0.00025,0.0002452094485368749,1.634698374014494e-06,-0.0002436835089775378
1,7.75,1.237693718364833,7.75,0.6207249291188591,0.6187614959595181,12.0,-0.00025,0.0002452053617717582,1.634703030574096e-06,0.0002468292389516023,1.645528878608946e-06,0.0002436849440487765,1.525232169790795e-06,0.00025,0.000245210176218566,1.634703027879291e-06,-0.0002436849440487759
1,7.800000000000001,1.237693865499418,7.800000000000001,0.6207370629617619,0.618761569526812,12.0,-0.00025,0.0002452060592066443,1.634707680138616e-06,0.0002468299410052442,1.645533558966339e-06,0.0002436863778039086,1.52452543578802e-06,0.00025,0.000245210903239694,1.634707677426891e-06,-0.0002436863778039079
1,7.850000000000001,1.237694012497298,7.850000000000001,0.6207491911140636,0.618761643025753,12.0,-0.00025,0.0002452067559955175,1.634712325398006e-06,0.0002468306424085971,1.645538234989878e-06,0.0002436878102447615,1.523819356414462e-06,0.00025,0.000245211629601175,1.634712322671109e-06,-0.0002436878102447604
1,7.9,1.237694159358665,7.9,0.6207613135810999,0.6187617164564368,12.0,-0.00025,0.000245207452139265,1.634716966356454e-06,0.000246831343162551,1.645542906682029e-06,0.0002436892413731478,1.523113930765842e-06,0.00025,0.0002452123553039139,1.634716963612657e-06,-0.0002436892413731481
1,7.95,1.237694306083704,7.95,0.6207734303681962,0.6187617898189578,12.0,-0.00025,0.0002452081476387902,1.634721603020093e-06,0.000246832043268016,1.645547574053288e-06,0.0002436906711908976,1.522409157929756e-06,0.00025,0.0002452130803488256,1.634721600260276e-06,-0.0002436906711908958
1,8.0,1.237694452672611,8.0,0.620785541480674,0.6187618631134123,12.0,-0.00025,0.0002452088424949802,1.634726235395827e-06,0.000246832742725891,1.645552237105012e-06,0.000243692099699806,1.521705037003932e-06,0.00025,0.0002452138047368097,1.634726232620005e-06,-0.000243692099699805
1,8.05,1.23769459912557,8.05,0.6207976469238444,0.6187619363398927,12.0,-0.00025,0.0002452095367087358,1.634730863487005e-06,0.0002468334415370711,1.645556895847195e-06,0.0002436935269016948,1.521001567082443e-06,0.00025,0.0002452145284687763,1.634730860694323e-06,-0.0002436935269016947
1,8.1,1.237694745442774,8.1,0.6208097467030129,0.6187620094984958,12.0,-0.00025,0.0002452102302809404,1.634735487301804e-06,0.000246834139702452,1.645561550282615e-06,0.0002436949527983611,1.520298747264861e-06,0.00025,0.0002452152515456261,1.63473548449227e-06,-0.0002436949527983602
1,8.15,1.237694891624409,8.15,0.6208218408234766,0.6187620825893141,12.0,-0.00025,0.0002452109232124859,1.634740106845382e-06,0.0002468348372229313,1.645566200418706e-06,0.0002436963773916106,1.519596576648342e-06,0.00025,0.0002452159739682576,1.634740104020737e-06,-0.00024369637739161
1,8.200000000000001,1.237695037670666,8.200000000000001,0.6208339292905255,0.6187621556124434,12.0,-0.00025,0.0002452116155042612,1.634744722123086e-06,0.0002468355340994058,1.645570846262223e-06,0.0002436978006832494,1.518895054331657e-06,0.00025,0.0002452166957375789,1.634744719282483e-06,-0.0002436978006832499
1,8.25,1.237695183581731,8.25,0.6208460121094418,0.6187622285679767,12.0,-0.00025,0.0002452123071571465,1.634749333144042e-06,0.0002468362303327576,1.645575487817159e-06,0.0002436992226750548,1.518194179421242e-06,0.00025,0.0002452174168544775,1.634749330285753e-06,-0.0002436992226750529
1,8.3,1.237695329357791,8.3,0.6208580892855009,0.6187623014560076,12.0,-0.00025,0.0002452129981720365,1.6347539399092e-06,0.0002468369259238876,1.645580125091359e-06,0.0002437006433688417,1.517493951020493e-06,0.00025,0.000245218137319862,1.634753937034973e-06,-0.000243700643368842
1,8.35,1.237695474999035,8.35,0.6208701608239703,0.6187623742766308,12.0,-0.00025,0.0002452136885498054,1.63475854242705e-06,0.0002468376208736786,1.645584758091546e-06,0.0002437020627663857,1.516794368233292e-06,0.00025,0.0002452188571346174,1.634758539536892e-06,-0.0002437020627663851
1,8.4,1.23769562050565,8.4,0.6208822267301111,0.6187624470299387,12.0,-0.00025,0.000245214378291329,1.634763140703291e-06,0.0002468383151830104,1.645589386819659e-06,0.0002437034808694648,1.51609543016942e-06,0.00025,0.0002452195762996354,1.634763137798083e-06,-0.0002437034808694637
1,8.450000000000001,1.23769576587782,8.450000000000001,0.6208942870091748,0.6187625197160249,12.0,-0.00025,0.000245215067397495,1.634767734746028e-06,0.000246839008852781,1.645594011284519e-06,0.0002437048976798815,1.515397135934247e-06,0.00025,0.000245220294815814,1.634767731822314e-06,-0.0002437048976798809
1,8.5,1.237695911115736,8.5,0.6209063416664091,0.6187625923349837,12.0,-0.00025,0.0002452157558691843,1.634772324557625e-06,0.0002468397018838627,1.645598631492259e-06,0.0002437063131994008,1.514699484643553e-06,0.00025,0.0002452210126840459,1.634772321617146e-06,-0.0002437063131994002
1,8.55,1.237696056219579,8.55,0.6209183907070506,0.6187626648869062,12.0,-0.00025,0.0002452164437072624,1.634776910144079e-06,0.0002468403942771454,1.645603247448388e-06,0.0002437077274298026,1.514002475405812e-06,0.00025,0.0002452217299052103,1.634776907188584e-06,-0.0002437077274298014
1,8.6,1.237696201189537,8.6,0.6209304341363305,0.6187627373718861,12.0,-0.00025,0.0002452171309126083,1.634781491512966e-06,0.0002468410860335069,1.645607859156133e-06,0.0002437091403728581,1.513306107337351e-06,0.00025,0.000245222446480196,1.634781488541602e-06,-0.0002437091403728591
1,8.65,1.237696346025796,8.65,0.6209424719594735,0.6187628097900164,12.0,-0.00025,0.0002452178174860988,1.634786068669274e-06,0.000246841777153823,1.645612466625575e-06,0.0002437105520303481,1.512610379549511e-06,0.00025,0.0002452231624098957,1.634786065681179e-06,-0.0002437105520303462
1,8.700000000000001,1.237696490728539,8.700000000000001,0.6209545041816953,0.6187628821413891,12.0,-0.00025,0.0002452185034285981,1.634790641619278e-06,0.0002468424676389742,1.645617069860502e-06,0.0002437119624040167,1.511915291165647e-06,0.00025,0.0002452238776951831,1.634790638616201e-06,-0.0002437119624040165
1,8.75,1.237696635297952,8.75,0.6209665308082051,0.6187629544260964,12.0,-0.00025,0.0002452191887409796,1.634795210369394e-06,0.0002468431574898307,1.645621668866466e-06,0.0002437133714956421,1.511220841300989e-06,0.00025,0.0002452245923369436,1.634795207348746e-06,-0.0002437133714956411
1,8.8,1.237696779734217,8.8,0.6209785518442048,0.61876302664423,12.0,-0.00025,0.0002452198734241106,1.634799774925125e-06,0.0002468438467072767,1.645626263647727e-06,0.0002437147793069825,1.510527029076045e-06,0.00025,0.000245225306336058,1.634799771888647e-06,-0.0002437147793069817
1,8.85,1.237696924037522,8.85,0.6209905672948892,0.6187630987958833,12.0,-0.00025,0.0002452205574788595,1.634804335288727e-06,0.0002468445352921677,1.645630854214979e-06,0.0002437161858397938,1.509833853613906e-06,0.00025,0.0002452260196934093,1.634804332236433e-06,-0.0002437161858397938
1,8.9,1.237697068208047,8.9,0.6210025771654454,0.6187631708811466,12.0,-0.00025,0.0002452212409060928,1.634808891469951e-06,0.0002468452232453939,1.645635440569075e-06,0.0002437175910958331,1.509141314037554e-06,0.00025,0.0002452267324098699,1.634808888400981e-06,-0.0002437175910958329
1,8.950000000000001,1.237697212245976,8.950000000000001,0.6210145814610538,0.6187632429001122,12.0,-0.00025,0.0002452219237066625,1.634813443474944e-06,0.0002468459105678072,1.645640022719876e-06,0.0002437189950768373,1.508449409472696e-06,0.00025,0.0002452274444863104,1.634813440389318e-06,-0.0002437189950768356
1,9.0,1.237697356151493,9.0,0.6210265801868875,0.6187633148528715,12.0,-0.00025,0.0002452226058814413,1.634817991306524e-06,0.0002468465972602838,1.64564460066839e-06,0.0002437203977845628,1.507758139046392e-06,0.00025,0.0002452281559236111,1.634817988204242e-06,-0.0002437203977845633
1,9.05,1.237697499924777,9.05,0.6210385733481115,0.6187633867395147,12.0,-0.00025,0.0002452232874312892,1.634822534971536e-06,0.0002468472833236882,1.645649174425786e-06,0.0002437217992207575,1.507067501886734e-06,0.00025,0.0002452288667226449,1.634822531854353e-06,-0.000243721799220757
1,9.1,1.237697643566016,9.1,0.6210505609498853,0.6187634585601351,12.0,-0.00025,0.0002452239683570531,1.634827074477046e-06,0.0002468479687588821,1.6456537439928e-06,0.00024372319938715,1.506377497124294e-06,0.00025,0.0002452295768842736,1.634827071344102e-06,-0.0002437231993871487
1,9.15,1.237697787075387,9.15,0.6210625429973596,0.6187635303148213,12.0,-0.00025,0.0002452246486596045,1.63483160982746e-06,0.0002468486535667337,1.645658309379389e-06,0.0002437245982854911,1.505688123888159e-06,0.00025,0.0002452302864093783,1.634831606677894e-06,-0.0002437245982854896
1,9.200000000000001,1.237697930453074,9.200000000000001,0.621074519495679,0.6187636020036659,12.0,-0.00025,0.0002452253283397885,1.634836141029446e-06,0.0002468493377480922,1.645662870587436e-06,0.0002437259959174971,1.504999381317154e-06,0.00025,0.0002452309952988158,1.634836137863271e-06,-0.0002437259959174954
1,9.25,1.237698073699257,9.25,0.6210864904499807,0.6187636736267585,12.0,-0.00025,0.0002452260073984677,1.634840668087746e-06,0.0002468500213038316,1.645667427626548e-06,0.000243727392284921,1.504311268541857e-06,0.00025,0.0002452317035534637,1.634840664904976e-06,-0.0002437273922849207
1,9.3,1.237698216814117,9.3,0.6210984558653945,0.6187637451841893,12.0,-0.00025,0.000245226685836481,1.634845191006814e-06,0.000246850704234797,1.645671980500949e-06,0.000243728787389468,1.503623784700362e-06,0.00025,0.0002452324111741693,1.634845187809197e-06,-0.0002437287873894682
1,9.35,1.237698359797835,9.35,0.6211104157470428,0.6187638166760492,12.0,-0.00025,0.0002452273636546958,1.634849709795667e-06,0.00024685138654186,1.645676529213539e-06,0.0002437301812328864,1.502936928928552e-06,0.00025,0.0002452331181618146,1.634849706581475e-06,-0.0002437301812328865
1,9.4,1.237698502650591,9.4,0.6211223701000425,0.6187638881024278,12.0,-0.00025,0.0002452280408539444,1.63485422445745e-06,0.0002468520682258557,1.645681073773654e-06,0.0002437315738168753,1.502250700369007e-06,0.00025,0.0002452338245172423,1.634854221227558e-06,-0.0002437315738168739
1,9.450000000000001,1.237698645372565,9.450000000000001,0.6211343189295013,0.6187639594634159,12.0,-0.00025,0.000245228717435092,1.634858734997321e-06,0.0002468527492876526,1.645685614186317e-06,0.0002437329651431693,1.501565098160375e-06,0.00025,0.0002452345302413304,1.634858731752616e-06,-0.0002437329651431685
1,9.5,1.237698787963936,9.5,0.6211462622405209,0.6187640307591024,12.0,-0.00025,0.000245229393398971,1.634863241423362e-06,0.0002468534297280983,1.645690150456121e-06,0.0002437343552134778,1.500880121447147e-06,0.00025,0.0002452352353349243,1.634863238161242e-06,-0.0002437343552134773
1,9.55,1.237698930424884,9.55,0.6211582000381963,0.6187641019895772,12.0,-0.00025,0.0002452300687464256,1.634867743741064e-06,0.0002468541095480402,1.645694682588623e-06,0.0002437357440295052,1.500195769373005e-06,0.00025,0.0002452359397988781,1.634867740461549e-06,-0.0002437357440295039
1,9.600000000000001,1.237699072755587,9.600000000000001,0.6211701323276151,0.6187641731549299,12.0,-0.00025,0.0002452307434783025,1.634872241953698e-06,0.0002468547887483261,1.645699210589664e-06,0.0002437371315929708,1.499512041083416e-06,0.00025,0.0002452366436340525,1.634872238659397e-06,-0.00024373713159297
1,9.65,1.237699214956225,9.65,0.6211820591138565,0.6187642442552496,12.0,-0.00025,0.0002452314175954482,1.634876736066916e-06,0.0002468554673298069,1.645703734467153e-06,0.0002437385179055766,1.498828935726191e-06,0.00025,0.0002452373468413024,1.634876732756976e-06,-0.0002437385179055764
1,9.700000000000001,1.237699357026974,9.700000000000001,0.6211939804019949,0.6187643152906251,12.0,-0.00025,0.0002452320910986991,1.634881226088328e-06,0.0002468561452933267,1.645708254223975e-06,0.0002437399029690322,1.498146452451638e-06,0.00025,0.0002452380494214811,1.634881222761888e-06,-0.0002437399029690309
1,9.75,1.237699498968014,9.75,0.6212058961970969,0.6187643862611463,12.0,-0.00025,0.0002452327639888894,1.634885712024534e-06,0.0002468568226397261,1.645712769867171e-06,0.000243741286785024,1.497464590408079e-06,0.00025,0.0002452387513754314,1.634885708681607e-06,-0.0002437412867850233
1,9.8,1.237699640779521,9.8,0.621217806504221,0.6187644571669008,12.0,-0.00025,0.0002452334362668582,1.634890193876205e-06,0.0002468574993698519,1.645717281400977e-06,0.0002437426693552568,1.496783348747584e-06,0.00025,0.0002452394527040043,1.634890190517665e-06,-0.0002437426693552578
1,9.850000000000001,1.237699782461674,9.850000000000001,0.6212297113284209,0.6187645280079777,12.0,-0.00025,0.0002452341079334421,1.63489467165421e-06,0.0002468581754845429,1.645721788832549e-06,0.0002437440506814225,1.496102726625513e-06,0.00025,0.00024524015340805,1.634894668280071e-06,-0.0002437440506814206
1,9.9,1.237699924014648,9.9,0.6212416106747412,0.618764598784466,12.0,-0.00025,0.0002452347789894727,1.634899145360758e-06,0.000246858850984639,1.645726292165239e-06,0.0002437454307652149,1.495422723196289e-06,0.00025,0.0002452408534884119,1.634899141971034e-06,-0.0002437454307652135
1,9.950000000000001,1.237700065438621,9.950000000000001,0.6212535045482196,0.618764669496453,12.0,-0.00025,0.0002452354494357866,1.634903615002585e-06,0.0002468595258709784,1.645730791407439e-06,0.0002437468096083179,1.494743337615578e-06,0.00025,0.0002452415529459349,1.634903611597282e-06,-0.0002437468096083174
1,10.0,1.237700206733769,10.0,0.6212653929538893,0.6187647401440282,12.0,-0.00025,0.0002452361192732083,1.634908080586012e-06,0.0002468602001443917,1.645735286565116e-06,0.0002437481872124169,1.494064569043874e-06,0.00025,0.0002452422517814598,1.634908077162542e-06,-0.0002437481872124177
2,0.0,0.6549479707073304,0.0,0.0001730477724503989,0.318551020657891,12.0,-0.001,2.232233833744694e-09,1.520010991228784e-11,4.450296393155754e-09,3.000503957109167e-11,-0.0009999977225285102,0.0009999955196985735,0.001,-2.202829936625735e-09,2.232867489069858e-09,0.00099999772252851
2,0.05,0.704947853950544,0.05,0.050172846250242,0.3506722494233639,12.0,-0.001,7.728295562941084e-09,5.187264266883675e-11,8.88356303836909e-09,5.957802919383384e-11,-0.0009999855703488488,0.000999991056858937,0.001,5.48651008827452e-09,1.162972861952926e-09,0.000999985570348852
2,0.1,0.754947507809094,0.1,0.1001724517700293,0.3771252745227216,12.0,-0.001,2.149081036266067e-08,1.43649194358554e-10,2.207777678616261e-08,1.475630008081286e-10,-0.0009999572363165263,0.000999977774660217,0.001,2.053834369039195e-08,5.9088022995154e-10,0.0009999572363165268
2,0.15,0.8049465800072864,0.15,0.1501715108694095,0.4023503685771749,12.0,-0.001,5.698858711742574e-08,3.803262635471949e-10,5.753700586833557e-08,3.839826362695609e-10,-0.0009998855769500772,0.0009999420790114952,0.001,5.65020614173222e-08,5.520751236318541e-10,0.000999885576950077
2,0.2,0.8549441270977847,0.2,0.2001690710660166,0.4273810980420253,12.0,-0.001,1.499998020316774e-07,1.000426061299585e-09,1.510587111707114e-07,1.007485637509262e-09,-0.0009996984055284299,0.0009998479338031926,0.001,1.495282747635489e-07,1.065968715244204e-09,0.0009996984055284314
2,0.25,0.9049376796082967,0.25,0.2501626749080951,0.452382651360595,12.0,-0.001,3.943557090707189e-07,2.629490443123355e-09,3.969926686073151e-07,2.647070345744052e-09,-0.000999206851863535,0.0009996003602610552,0.001,3.935083975216238e-07,2.654539439220506e-09,0.0009992068518635319
2,0.3,0.9549207291618176,0.3,0.3001458622393385,0.4773748769827262,12.0,-0.001,1.036403307315669e-06,6.909832756979183e-09,1.04327694147059e-06,6.955657155654771e-09,-0.0009979152199590436,0.000998949767401371,0.001,1.034547442326731e-06,6.919458553598001e-09,0.000997915219959046
2,0.35,1.004876167942622,0.35,0.3501016545444995,0.502352700877517,12.0,-0.001,2.722247618345859e-06,1.81488198083418e-08,2.740279965594379e-06,1.826903562742659e-08,-0.0009945233553597178,0.0009972414509987816,0.001,2.718095639063037e-06,1.815256306760627e-08,0.000994523355359711
2,0.4,1.054759021716765,0.4,0.3999854073136903,0.5272941440620414,12.0,-0.001,7.140285847449974e-06,4.760243294380552e-08,7.187574512609433e-06,4.791769088225174e-08,-0.0009856333150080321,0.0009927645077965027,0.001,7.131192788473055e-06,4.760392309782692e-08,0.0009856333150080315
2,0.45,1.104451063681066,0.45,0.44967972043466,0.5521401678496979,12.0,-0.001,1.865955991706106e-05,1.243976182538787e-07,1.878313432351661e-05,1.252214478009896e-07,-0.0009624512041127034,0.0009810916442286807,0.001,1.864044011597428e-05,1.243982360027211e-07,0.000962451204112702
2,0.5,1.153641589130611,0.5,0.4988759075335269,0.5767354311505473,12.0,-0.001,4.829216925401348e-05,3.219483717622658e-07,4.861198578617101e-05,3.240804821473458e-07,-0.0009028093649941465,0.0009510639337316847,0.001,4.825456873753621e-05,3.219486425427994e-07,0.000902809364994147
2,0.55,1.201515608107048,0.55,0.5467635789314648,0.6006724407867671,12.0,-0.001,0.0001218426663325673,8.122850428895214e-07,0.0001226495721276133,8.176644150273287e-07,-0.0007547557813140915,0.000876532763457348,0.001,0.0001217769821432513,8.122851671838239e-07,0.0007547557813140857
2,0.6000000000000001,1.245963116463277,0.6000000000000001,0.5912412694573844,0.6228961950107036,12.0,-0.001,0.0002877100707952747,1.918067761531504e-06,0.0002896154361764214,1.930770197577343e-06,-0.0004208347973191166,0.0007084537936260011,0.001,0.0002876189963068915,1.918067817188955e-06,0.0004208347973191258
2,0.65,1.281971655493625,0.65,0.6273028733172978,0.6409004645413453,12.0,-0.001,0.0005771145308552492,3.847430846603165e-06,0.000580936482047584,3.872910521389181e-06,0.0001618454497219859,0.0004151906074310317,0.001,0.0005770360571530171,3.847430867116527e-06,-0.0001618454497219861
2,0.7000000000000001,1.302179636523849,0.7000000000000001,0.6475662134962639,0.6510044550612687,12.0,-0.001,0.0008529362531126982,5.686242338421356e-06,0.0008585848382217521,5.72389957264886e-06,0.0007172156648920233,0.0001356912622056069,0.001,0.0008529069270976342,5.686242343287689e-06,-0.0007172156648920236
2,0.75,1.308144047990501,0.75,0.6535607415027462,0.6539866607956805,12.0,-0.001,0.0009571727717145142,6.381152465421926e-06,0.0009635116648925022,6.423411753437636e-06,0.0009271037715761858,3.006492335407753e-05,0.001,0.0009571686949302602,6.381152466008316e-06,-0.0009271037715761835
2,0.8,1.309199435849778,0.8,0.654632475625015,0.6545143547254981,12.0,-0.001,0.0009769014725545153,6.512677138212277e-06,0.0009833710193802227,6.555807450552757e-06,0.000966829453310288,1.007317316923653e-05,0.001,0.000976902626479522,6.512677138052167e-06,-0.0009668294533102875
2,0.8500000000000001,1.309357749526208,0.8500000000000001,0.6548041835180408,0.6545935115637395,12.0,-0.001,0.0009798957404184283,6.532638924046521e-06,0.0009863851168325798,6.575901433646705e-06,0.000972858823047685,7.038981733781084e-06,0.001,0.000979897804781471,6.53263892375506e-06,-0.0009728588230476821
2,0.9,1.309380920771883,0.9,0.6548402590264019,0.6546050971865814,12.0,-0.001,0.0009803347719357669,6.535565800839561e-06,0.000986827055843397,6.578847693731999e-06,0.0009737429808465972,6.594096462876219e-06,0.001,0.0009803370773094672,6.53556580051777e-06,-0.0009737429808465946
2,0.9500000000000001,1.309384419936103,0.9500000000000001,0.6548565806198939,0.6546068467686923,12.0,-0.001,0.0009804010869352033,6.536007900842435e-06,0.0009868938100149882,6.579292721546268e-06,0.0009738766380655751,6.526897263464779e-06,0.001,0.000980403535329034,6.536007900497063e-06,-0.0009738766380655711
2,1.0,1.309385069965963,1.0,0.6548700350853122,0.654607171783622,12.0,-0.001,0.0009804134050913848,6.536090021885447e-06,0.0009869062097483542,6.579375386428558e-06,0.0009739015673732782,6.514414865231956e-06,0.001,0.0009804159822385074,6.536090021521995e-06,-0.0009739015673732761
2,1.05,1.30938530737239,1.05,0.654883068802031,0.6546072904868364,12.0,-0.001,0.0009804179060137945,6.536120028035545e-06,0.0009869107404781715,6.579405591299579e-06,0.000973910755863713,6.509853930540809e-06,0.001,0.000980420609794259,6.536120027650816e-06,-0.0009739107558637133
2,1.1,1.309385485027615,1.1,0.6548960361645484,0.654607379314449,12.0,-0.001,0.0009804212730843526,6.536142475170408e-06,0.0009869141298472037,6.579428187091353e-06,0.0009739176611723074,6.506441965721326e-06,0.001,0.0009804241031380293,6.536142474771394e-06,-0.0009739176611723022
2,1.15,1.309385653885602,1.15,0.6549089883653154,0.6546074637434427,12.0,-0.001,0.000980424473404602,6.536163810640555e-06,0.0009869173513616164,6.579449663852126e-06,0.0009739242306517666,6.503198974546517e-06,0.001,0.00098042742962632,6.536163810223815e-06,-0.0009739242306517661
2,1.2,1.309385821328592,1.2,0.6549219328282819,0.6546075474649382,12.0,-0.001,0.000980427646916554,6.536184967380625e-06,0.0009869205458901632,6.579470960710852e-06,0.0009739307460889991,6.499983149129335e-06,0.001,0.000980430729238129,6.536184966946158e-06,-0.0009739307460889975
2,1.25,1.309385988425183,1.25,0.6549348706336823,0.6546076310132336,12.0,-0.001,0.0009804308138734348,6.536206080429624e-06,0.0009869237338202544,6.579492213581165e-06,0.0009739372482659204,6.496773966167076e-06,0.001,0.0009804340222320871,6.536206079977457e-06,-0.0009739372482659159
2,1.3,1.309386155330209,1.3,0.6549478019434023,0.6546077144657468,12.0,-0.001,0.0009804339772098555,6.536227169339187e-06,0.0009869269181059074,6.579513442147081e-06,0.0009739437430916832,6.493568451952278e-06,0.001,0.0009804373115436405,6.536227168869321e-06,-0.0009739437430916834
2,1.35,1.309386322066284,1.35,0.6549607267864019,0.6546077978337846,12.0,-0.001,0.0009804371373543508,6.536248236968355e-06,0.0009869300991784972,6.579534649305831e-06,0.0009739502314292851,6.490366172208658e-06,0.001,0.000980440597601489,6.536248236484285e-06,-0.0009739502314292797
2,1.4,1.309386488636892,1.4,0.6549736451723925,0.654607881119089,12.0,-0.001,0.0009804402943729164,6.536269283762247e-06,0.0009869332771044593,6.579555835475539e-06,0.0009739567134116337,6.487167060084334e-06,0.001,0.0009804438804717228,6.536269283257063e-06,-0.0009739567134116368
2,1.45,1.309386655042744,1.45,0.654986557108292,0.6546079643220153,12.0,-0.001,0.0009804434482790162,6.536290309803262e-06,0.0009869364518973371,6.579577000760016e-06,0.0009739631890659283,6.483971101925028e-06,0.001,0.000980447160167854,6.536290309276964e-06,-0.0009739631890659205
2,1.5,1.309386821284152,1.5,0.654999462600606,0.6546080474427196,12.0,-0.001,0.0009804465990785288,6.53631131512981e-06,0.0009869396235630435,6.579598145199054e-06,0.0009739696584040628,6.480778291757192e-06,0.001,0.0009804504366958254,6.536311314592804e-06,-0.000973969658404069
2,1.55,1.309386987361371,1.55,0.6550123616557715,0.6546081304813295,12.0,-0.001,0.0009804497467762571,6.53633229978054e-06,0.000986942792106429,6.579619268820867e-06,0.0009739761214357321,6.477588624766156e-06,0.001,0.0009804537100604966,6.536332299218977e-06,-0.0009739761214357309
2,1.6,1.309387153274644,1.6,0.6550252542802081,0.6546082134379658,12.0,-0.001,0.000980452891376752,6.536353263783887e-06,0.0009869459575320833,6.579640371661804e-06,0.000973982578170233,6.474402096266866e-06,0.001,0.0009804569802664854,6.536353263208175e-06,-0.0009739825781702321
2,1.65,1.309387319024216,1.65,0.6550381404803244,0.6546082963127521,12.0,-0.001,0.0009804560328846087,6.536374207173271e-06,0.000986949119844619,6.579661453743983e-06,0.0009739890286168038,6.471218701633978e-06,0.001,0.0009804602473184431,6.536374206576499e-06,-0.0009739890286168118
2,1.7,1.309387484610327,1.7,0.6550510202625183,0.654608379105808,12.0,-0.001,0.0009804591713044437,6.536395129970376e-06,0.0009869522790486634,6.579682515103156e-06,0.0009739954727848012,6.468038436245024e-06,0.001,0.0009804635112210462,6.53639512935604e-06,-0.0009739954727848027
2,1.75,1.309387650033218,1.75,0.6550638936331791,0.6546084618172541,12.0,-0.001,0.0009804623066407459,6.536416032210086e-06,0.0009869554351487609,6.579703555767728e-06,0.0009740019106833599,6.464861295483662e-06,0.001,0.00098046677197884,6.536416031581655e-06,-0.0009740019106833676
2,1.8,1.309387815293132,1.8,0.6550767605986866,0.6546085444472107,12.0,-0.001,0.0009804654388980542,6.53643691392574e-06,0.000986958588149478,6.57972457577486e-06,0.0009740083423216596,6.461687274749974e-06,0.001,0.0009804700295964227,6.536436913283215e-06,-0.0009740083423216625
2,1.85,1.309387980390309,1.85,0.6550896211654108,0.6546086269957997,12.0,-0.001,0.0009804685680809232,6.536457775149432e-06,0.0009869617380554054,6.579745575151496e-06,0.0009740147677089722,6.458516369452796e-06,0.001,0.0009804732840784191,6.5364577744859e-06,-0.000974014767708975
2,1.9,1.309388145324991,1.9,0.6551024753397128,0.654608709463141,12.0,-0.001,0.000980471694193895,6.536478615901218e-06,0.000986964884871087,6.579766553919589e-06,0.000974021186854418,6.455348575005874e-06,0.001,0.0009804765354294233,6.53647861521668e-06,-0.0009740211868544124
2,1.95,1.309388310097415,1.95,0.6551153231279423,0.6546087918493533,12.0,-0.001,0.000980474817241448,6.536499436218693e-06,0.0009869680286010627,6.579787512118334e-06,0.0009740275997671377,6.452183886829129e-06,0.001,0.0009804797836539736,6.536499435516645e-06,-0.0009740275997671376
2,2.0,1.309388474707823,2.0,0.6551281645364425,0.6546088741545576,12.0,-0.001,0.0009804779372281085,6.53652023613067e-06,0.0009869711692498807,6.579808449775596e-06,0.0009740340064563007,6.449022300358939e-06,0.001,0.0009804830287566519,6.536520235411139e-06,-0.0009740340064562994
2,2.05,1.309388639156452,2.05,0.6551409995715446,0.6546089563788723,12.0,-0.001,0.0009804810541583745,6.536541015662574e-06,0.0009869743068220303,6.579829366929022e-06,0.0009740404069309761,6.445863811036694e-06,0.001,0.000980486270742019,6.53654101492903e-06,-0.0009740404069309774
2,2.1,1.309388803443541,2.1,0.6551538282395714,0.654609038522417,12.0,-0.001,0.0009804841680367464,6.536561774854574e-06,0.0009869774413220993,6.57985026359436e-06,0.0009740468012003188,6.442708414314057e-06,0.001,0.0009804895096146343,6.536561774103547e-06,-0.0009740468012003171
2,2.15,1.309388967569327,2.15,0.655166650546836,0.6546091205853104,12.0,-0.001,0.0009804872788676782,6.536582513731553e-06,0.0009869805727545497,6.579871139809153e-06,0.0009740531892733677,6.439556105646352e-06,0.001,0.0009804927453790106,6.536582512956131e-06,-0.0009740531892733703
2,2.2,1.30938913153405,2.2,0.6551794664996435,0.6546092025676722,12.0,-0.001,0.0009804903866556674,6.536603232312619e-06,0.0009869837011239,6.579891995606195e-06,0.0009740595711592002,6.436406880508578e-06,0.001,0.0009804959780397077,6.536603231523211e-06,-0.0009740595711592026
2,2.25,1.309389295337945,2.25,0.6551922761042873,0.6546092844696201,12.0,-0.001,0.000980493491405138,6.536623930647727e-06,0.0009869868264346124,6.57991283101178e-06,0.000974065946866816,6.433260734380915e-06,0.001,0.0009804992076011987,6.536623929844361e-06,-0.0009740659468668172
2,2.3,1.309389458981248,2.3,0.6552050793670535,0.6546093662912719,12.0,-0.001,0.0009804965931206064,6.536644608750919e-06,0.0009869899486912145,6.579933646053365e-06,0.0009740723164053311,6.430117662737387e-06,0.001,0.000980502434068072,6.536644607919715e-06,-0.0009740723164053285
2,2.35,1.309389622464197,2.35,0.6552178762942177,0.654609448032746,12.0,-0.001,0.0009804996918064796,6.536665266651873e-06,0.0009869930678981708,6.579954440765075e-06,0.0009740786797836976,6.426977661081184e-06,0.001,0.0009805056574447792,6.536665265806737e-06,-0.0009740786797837013
2,2.4,1.309389785787025,2.4,0.6552306668920458,0.6546095296941606,12.0,-0.001,0.0009805027874671662,6.536685904395205e-06,0.0009869961840599036,6.579975215179382e-06,0.0009740850370108712,6.423840724924902e-06,0.001,0.0009805088777358024,6.536685903536137e-06,-0.0009740850370108731
2,2.45,1.309389948949969,2.45,0.6552434511667955,0.6546096112756331,12.0,-0.001,0.0009805058801071638,6.53670652198975e-06,0.0009869992971809362,6.579995969319515e-06,0.0009740913880959296,6.420706849762542e-06,0.001,0.0009805120949456898,6.536706521113308e-06,-0.0009740913880959372
2,2.5,1.309390111953264,2.5,0.6552562291247161,0.6546096927772809,12.0,-0.001,0.0009805089697308208,6.536727119484814e-06,0.0009870024072656661,6.580016703217919e-06,0.0009740977330477056,6.417576031129849e-06,0.001,0.0009805153090788412,6.536727118587555e-06,-0.0009740977330477095
2,2.55,1.309390274797144,2.55,0.6552690007720446,0.6546097741992207,12.0,-0.001,0.0009805120563425816,6.536747696896306e-06,0.0009870055143185552,6.580037416905059e-06,0.0009741040718752209,6.414448264553809e-06,0.001,0.0009805185201397705,6.536747695985143e-06,-0.0009741040718752279
2,2.6,1.309390437481842,2.6,0.6552817661150121,0.65460985554157,12.0,-0.001,0.0009805151399468741,6.536768254253447e-06,0.00098700861834404,6.580058110408149e-06,0.0009741104045873908,6.411323545571631e-06,0.001,0.00098052172813296,6.536768253324963e-06,-0.0009741104045873916
2,2.65,1.309390600007591,2.65,0.6552945251598373,0.654609936804445,12.0,-0.001,0.0009805182205480235,6.536788791597814e-06,0.0009870117193465102,6.580078783759933e-06,0.0009741167311930623,6.408201869728978e-06,0.001,0.0009805249330627896,6.536788790648514e-06,-0.000974116731193065
2,2.7,1.309390762374625,2.7,0.655307277912733,0.6546100179879623,12.0,-0.001,0.0009805212981505026,6.536809308951987e-06,0.0009870148173304514,6.580099436987e-06,0.0009741230517012125,6.405083232583468e-06,0.001,0.0009805281349337966,6.536809307988863e-06,-0.0009741230517012166
2,2.75,1.309390924583176,2.75,0.6553200243798998,0.654610099092238,12.0,-0.001,0.0009805243727586122,6.536829806335942e-06,0.000987017912300186,6.580120070116943e-06,0.0009741293661206277,6.401967629709874e-06,0.001,0.0009805313337503372,6.536829805355498e-06,-0.0009741293661206275
2,2.8,1.309391086633475,2.8,0.6553327645675309,0.6546101801173875,12.0,-0.001,0.0009805274443767725,6.536850283786217e-06,0.000987021004260171,6.580140683181096e-06,0.0009741356744602261,6.398855056663239e-06,0.001,0.0009805345295168856,6.536850282791949e-06,-0.0009741356744602317
2,2.85,1.309391248525755,2.85,0.6553454984818107,0.654610261063528,12.0,-0.001,0.000980530513009301,6.536870741342276e-06,0.0009870240932147527,6.580161276209274e-06,0.0009741419767287875,6.395745509044006e-06,0.001,0.0009805377222378308,6.536870740320335e-06,-0.0009741419767287859
2,2.9,1.309391410260246,2.9,0.6553582261289123,0.6546103419307739,12.0,-0.001,0.0009805335786605886,6.53689117901667e-06,0.0009870271791683322,6.580181849240942e-06,0.0009741482729351698,6.392638982430718e-06,0.001,0.0009805409119176011,6.536891177977462e-06,-0.0009741482729351686
2,2.95,1.30939157183718,2.95,0.6553709475150025,0.6546104227192406,12.0,-0.001,0.0009805366413349478,6.536911596846749e-06,0.0009870302621252927,6.58020240228331e-06,0.0009741545630881539,6.389535472430999e-06,0.001,0.00098054409856058,6.536911595790302e-06,-0.0009741545630881469
2,3.0,1.309391733256785,3.0,0.6553836626462369,0.6546105034290436,12.0,-0.001,0.0009805397010367318,6.536931994855497e-06,0.000987033342089984,6.580222935380424e-06,0.0009741608471965169,6.386434974645268e-06,0.001,0.0009805472821711684,6.536931993788751e-06,-0.0009741608471965195
2,3.05,1.309391894519291,3.05,0.655396371528762,0.6546105840602969,12.0,-0.001,0.000980542757770239,6.536952373079562e-06,0.0009870364190667426,6.580243448559226e-06,0.0009741671252690388,6.383337484699064e-06,0.001,0.0009805504627537357,6.536952371992134e-06,-0.0009741671252690431
2,3.1,1.309392055624928,3.1,0.6554090741687174,0.6546106646131157,12.0,-0.001,0.0009805458115398334,6.536972731542416e-06,0.0009870394930599575,6.580263941852432e-06,0.0009741733973144945,6.38024299820587e-06,0.001,0.0009805536403126997,6.536972730437777e-06,-0.0009741733973144991
2,3.15,1.309392216573927,3.15,0.6554217705722318,0.6546107450876154,12.0,-0.001,0.0009805488623497941,6.536993070275013e-06,0.0009870425640739395,6.580284415274245e-06,0.0009741796633415771,6.377151510806841e-06,0.001,0.0009805568148523838,6.536993069156631e-06,-0.0009741796633415782
2,3.2,1.309392377366512,3.2,0.6554344607454246,0.6546108254839085,12.0,-0.001,0.0009805519102043898,6.537013389305813e-06,0.0009870456321129872,6.580304868867464e-06,0.0009741859233589871,6.374063018147006e-06,0.001,0.0009805599863771336,6.537013388170247e-06,-0.0009741859233589889
2,3.25,1.309392538002913,3.25,0.6554471446944073,0.6546109058021091,12.0,-0.001,0.0009805549551079745,6.537033688663684e-06,0.0009870486971815,6.580325302654884e-06,0.0009741921773754754,6.37097751586725e-06,0.001,0.0009805631548913368,6.53703368751096e-06,-0.0009741921773754741
2,3.3,1.309392698483359,3.3,0.6554598224252826,0.654610986042332,12.0,-0.001,0.000980557997064806,6.537053968377356e-06,0.0009870517592837043,6.5803457166757e-06,0.0009741984253997027,6.367894999628542e-06,0.001,0.0009805663203993355,6.537053967204005e-06,-0.0009741984253997076
2,3.35,1.309392858808074,3.35,0.655472493944143,0.65461106620469,12.0,-0.001,0.000980561036079139,6.537074228477974e-06,0.0009870548184239569,6.580366110942243e-06,0.0009742046674403173,6.364815465105078e-06,0.001,0.000980569482905421,6.537074227287465e-06,-0.0009742046674403142
2,3.4,1.309393018977287,3.4,0.6554851592570728,0.6546111462892968,12.0,-0.001,0.000980564072155307,6.537094468977056e-06,0.0009870578746065597,6.580386485491297e-06,0.0009742109035060272,6.361738907963111e-06,0.001,0.0009805726424139878,6.537094467769418e-06,-0.0009742109035060266
2,3.45,1.309393178991223,3.45,0.6554978183701475,0.6546112262962651,12.0,-0.001,0.0009805671052974837,6.537114689928678e-06,0.0009870609278357487,6.580406840355331e-06,0.000974217133605376,6.358665323897411e-06,0.001,0.0009805757989292817,6.537114688703909e-06,-0.0009742171336053797
2,3.5,1.309393338850108,3.5,0.6555104712894332,0.6546113062257076,12.0,-0.001,0.0009805701355099753,6.537134891346094e-06,0.0009870639781158553,6.580427175552047e-06,0.0009742233577470389,6.355594708595374e-06,0.001,0.0009805789524556432,6.537134890100753e-06,-0.0009742233577470401
2,3.55,1.309393498554167,3.55,0.6555231180209877,0.6546113860777376,12.0,-0.001,0.000980573162797029,6.537155073254566e-06,0.0009870670254511467,6.580447491120556e-06,0.0009742295759396307,6.352527057748244e-06,0.001,0.000980582102997383,6.537155071999087e-06,-0.0009742295759396329
2,3.6,1.309393658103625,3.6,0.6555357585708591,0.6546114658524667,12.0,-0.001,0.000980576187162811,6.537175235694237e-06,0.0009870700698458433,6.580467787085226e-06,0.0009742357881916532,6.349462367080905e-06,0.001,0.0009805852505587334,6.537175234421654e-06,-0.0009742357881916616
2,3.65,1.309393817498707,3.65,0.655548392945087,0.6546115455500077,12.0,-0.001,0.0009805792086116237,6.537195378689934e-06,0.0009870731113042345,6.580488063477228e-06,0.000974241994511748,6.346400632299915e-06,0.001,0.0009805883951440435,6.537195377396833e-06,-0.000974241994511748
2,3.7,1.309393976739637,3.7,0.6555610211497033,0.6546116251704732,12.0,-0.001,0.000980582227147683,6.537215502262853e-06,0.0009870761498305776,6.580508320318273e-06,0.0009742481949084731,6.343341849128476e-06,0.001,0.0009805915367575924,6.537215500952676e-06,-0.0009742481949084753
2,3.75,1.309394135826636,3.75,0.6555736431907287,0.6546117047139729,12.0,-0.001,0.0009805852427751261,6.537235606446525e-06,0.000987079185429051,6.580528557642622e-06,0.0009742543893902632,6.340286013315974e-06,0.001,0.0009805946754035703,6.537235605115856e-06,-0.0009742543893902708
2,3.8,1.30939429475993,3.8,0.6555862590741771,0.65461178418062,12.0,-0.001,0.0009805882554982364,6.537255691267999e-06,0.0009870822181039375,6.580548775478193e-06,0.0009742605779657277,6.337233120584093e-06,0.001,0.00098059781108631,6.537255689920282e-06,-0.0009742605779657285
2,3.85,1.309394453539741,3.85,0.6555988688060533,0.6546118635705255,12.0,-0.001,0.000980591265321174,6.53727575675205e-06,0.0009870852478594738,6.58056897384564e-06,0.0009742667606433566,6.334183166690187e-06,0.001,0.0009806009438100378,6.537275755390807e-06,-0.0009742667606433587
2,3.9,1.30939461216629,3.9,0.6556114723923525,0.6546119428838008,12.0,-0.001,0.0009805942722481127,6.537295802930444e-06,0.0009870882746998266,6.580589152777516e-06,0.0009742729374315793,6.331136147406843e-06,0.001,0.000980604073578977,6.537295801559118e-06,-0.000974272937431582
2,3.95,1.309394770639801,3.95,0.6556240698390616,0.6546120221205564,12.0,-0.001,0.0009805972762832803,6.537315829836441e-06,0.0009870912986292366,6.580609312315075e-06,0.0009742791083389589,6.328092058472713e-06,0.001,0.000980607200397422,6.537315828434242e-06,-0.0009742791083389574
2,4.0,1.309394928960493,4.0,0.6556366611521586,0.6546121012809027,12.0,-0.001,0.000980600277430792,6.537335837484133e-06,0.00098709431965187,6.580629452463739e-06,0.0009742852733738422,6.325050895687707e-06,0.001,0.0009806103242695297,6.537335836071906e-06,-0.0009742852733738497
2,4.05,1.309395087128589,4.05,0.6556492463376129,0.654612180364951,12.0,-0.001,0.0009806032756948027,6.537355825910385e-06,0.0009870973377719295,6.580649573257252e-06,0.000974291432544701,6.322012654823571e-06,0.001,0.0009806134451995283,6.53735582447772e-06,-0.0009742914325447001
2,4.100000000000001,1.309395245144308,4.100000000000001,0.6556618254013857,0.6546122593728105,12.0,-0.001,0.000980606271079502,6.537375795141786e-06,0.0009871003529935928,6.580669674744404e-06,0.0009742975858599747,6.318977331667123e-06,0.001,0.0009806165631916386,6.537375793695622e-06,-0.0009742975858599706
2,4.15,1.30939540300787,4.15,0.6556743983494285,0.6546123383045915,12.0,-0.001,0.000980609263589055,6.537395745203706e-06,0.0009871033653210566,6.580689756927255e-06,0.0009743037333280731,6.315944922026024e-06,0.001,0.0009806196782501065,6.537395743737133e-06,-0.0009743037333280746
2,4.2,1.309395560719496,4.2,0.6556869651876852,0.6546124171604053,12.0,-0.001,0.0009806122532275436,6.537415676127344e-06,0.0009871063747584747,6.5807098198405e-06,0.0009743098749573498,6.312915421705659e-06,0.001,0.0009806227903790515,6.537415674647326e-06,-0.0009743098749573492
2,4.25,1.309395718279405,4.25,0.6556995259220896,0.6546124959403598,12.0,-0.001,0.000980615239999128,6.537435587939154e-06,0.0009871093813099787,6.58072986351577e-06,0.0009743160107561928,6.309888826511927e-06,0.001,0.0009806258995827036,6.537435586442223e-06,-0.0009743160107561974
2,4.3,1.309395875687815,4.3,0.655712080558569,0.6546125746445653,12.0,-0.001,0.0009806182239079136,6.537455480667379e-06,0.0009871123849797435,6.580749887980929e-06,0.0009743221407329235,6.306865132279214e-06,0.001,0.0009806290058652024,6.537455479153535e-06,-0.0009743221407329285
2,4.350000000000001,1.309396032944945,4.350000000000001,0.6557246291030393,0.6546126532731303,12.0,-0.001,0.0009806212049580376,6.537475354333785e-06,0.0009871153857719036,6.580769893264627e-06,0.000974328264895942,6.303844334833479e-06,0.001,0.000980632109230769,6.537475352799585e-06,-0.0009743282648959489
2,4.4,1.309396190051013,4.4,0.6557371715614106,0.6546127318261646,12.0,-0.001,0.0009806241831536076,6.537495208967293e-06,0.0009871183836906027,6.580789879390581e-06,0.0009743343832535421,6.300826430009622e-06,0.001,0.000980635209683548,6.537495207419676e-06,-0.0009743343832535403
2,4.45,1.309396347006237,4.45,0.6557497079395822,0.6546128103037766,12.0,-0.001,0.0009806271584986924,6.537515044603031e-06,0.000987121378739957,6.580809846385409e-06,0.0009743404958140077,6.297811413664257e-06,0.001,0.0009806383072276678,6.537515043035085e-06,-0.0009743404958140051
2,4.5,1.309396503810833,4.5,0.6557622382434467,0.6546128887060754,12.0,-0.001,0.0009806301309974316,6.537534861262006e-06,0.0009871243709240916,6.580829794280768e-06,0.0009743466025856753,6.294799281642721e-06,0.001,0.000980641401867326,6.53753485968067e-06,-0.0009743466025856767
2,4.55,1.309396660465017,4.55,0.6557747624788861,0.6546129670331675,12.0,-0.001,0.000980633100653847,6.537554658970753e-06,0.000987127360247094,6.580849723100267e-06,0.0009743527035767812,6.291790029813932e-06,0.001,0.0009806444936065893,6.537554657372557e-06,-0.0009743527035767849
2,4.600000000000001,1.309396816969009,4.600000000000001,0.6557872806517758,0.6546130452851637,12.0,-0.001,0.000980636067472078,6.537574437760226e-06,0.0009871303467131087,6.580869632870362e-06,0.0009743587987956125,6.288783654043178e-06,0.001,0.0009806475824496593,6.537574436141756e-06,-0.0009743587987956145
2,4.65,1.309396973323022,4.65,0.6557997927679818,0.65461312346217,12.0,-0.001,0.0009806390314561215,6.537594197654657e-06,0.0009871333303261712,6.580889523625393e-06,0.0009743648882503829,6.285780150215668e-06,0.001,0.0009806506684005944,6.537594196019355e-06,-0.0009743648882503848
2,4.7,1.309397129527271,4.7,0.6558122988333608,0.654613201564295,12.0,-0.001,0.0009806419926101009,6.537613938679932e-06,0.000987136311090414,6.580909395385149e-06,0.00097437097194935,6.282779514210591e-06,0.001,0.0009806537514635623,6.537613937027825e-06,-0.0009743709719493461
2,4.75,1.309397285581972,4.75,0.6558247988537621,0.654613279591646,12.0,-0.001,0.0009806449509380246,6.537633660865595e-06,0.0009871392890098958,6.580929248181883e-06,0.0009743770499006856,6.279781741927334e-06,0.001,0.0009806568316426162,6.537633659203649e-06,-0.0009743770499006828
2,4.800000000000001,1.309397441487341,4.800000000000001,0.6558372928350266,0.6546133575443308,12.0,-0.001,0.0009806479064439432,6.537653364241435e-06,0.0009871422640886905,6.580949082042538e-06,0.0009743831221126225,6.276786829267558e-06,0.001,0.0009806599089418958,6.537653362555771e-06,-0.0009743831221126278
2,4.850000000000001,1.309397597243591,4.850000000000001,0.6558497807829864,0.654613435422456,12.0,-0.001,0.00098065085913191,6.537673048826506e-06,0.0009871452363308657,6.580968896992918e-06,0.0009743891885933379,6.273794772141626e-06,0.001,0.0009806629833654815,6.537673047124064e-06,-0.0009743891885933414
2,4.9,1.309397752850936,4.9,0.6558622627034655,0.6546135132261284,12.0,-0.001,0.0009806538090059683,6.537692714650434e-06,0.000987148205740479,6.580988693055873e-06,0.0009743952493510054,6.27080556646803e-06,0.001,0.0009806660549174743,6.537692712931241e-06,-0.0009743952493510045
2,4.95,1.309397908309589,4.95,0.6558747386022774,0.6546135909554555,12.0,-0.001,0.0009806567560700738,6.537712361750516e-06,0.000987151172321574,6.581008470260866e-06,0.0009744013043937252,6.267819208166485e-06,0.001,0.0009806691236018915,6.537712360014572e-06,-0.0009744013043937252
2,5.0,1.309398063619764,5.0,0.6558872084852307,0.654613668610543,12.0,-0.001,0.000980659700328325,6.537731990135642e-06,0.0009871541360781829,6.581028228641128e-06,0.0009744073537297011,6.264835693179445e-06,0.001,0.000980672189422886,6.537731988379505e-06,-0.0009744073537297053
2,5.050000000000001,1.309398218781672,5.050000000000001,0.6558996723581226,0.6546137461914977,12.0,-0.001,0.0009806626417846534,6.537751599846334e-06,0.0009871570970143675,6.58104796821116e-06,0.000974413397367001,6.261855017434458e-06,0.001,0.000980675252384426,6.537751598073474e-06,-0.0009744133973670042
2,5.100000000000001,1.309398373795527,5.100000000000001,0.6559121302267445,0.6546138236984255,12.0,-0.001,0.0009806655804431106,6.537771190903518e-06,0.0009871600551341053,6.581067689010752e-06,0.0009744194353137365,6.258877176889779e-06,0.001,0.0009806783124906382,6.537771189110491e-06,-0.0009744194353137441
2,5.15,1.30939852866154,5.15,0.6559245820968769,0.6546139011314319,12.0,-0.001,0.0009806685163076605,6.537790763328714e-06,0.000987163010441442,6.581087391060016e-06,0.0009744254675780326,6.255902167505076e-06,0.001,0.0009806813697455377,6.53779076152593e-06,-0.0009744254675780363
2,5.2,1.309398683379922,5.2,0.6559370279742933,0.6546139784906232,12.0,-0.001,0.0009806714493822727,6.537810317159572e-06,0.0009871659629403895,6.581107074385542e-06,0.000974431494167907,6.252929985241045e-06,0.001,0.000980684424153137,6.537810315340091e-06,-0.0009744314941679058
2,5.25,1.309398837950885,5.25,0.6559494678647592,0.6546140557761051,12.0,-0.001,0.0009806743796709509,6.537829852422628e-06,0.0009871689126349245,6.581126739016305e-06,0.0009744375150914337,6.249960626063668e-06,0.001,0.0009806874757175013,6.537829850583008e-06,-0.0009744375150914329
2,5.300000000000001,1.30939899237464,5.300000000000001,0.6559619017740301,0.6546141329879825,12.0,-0.001,0.0009806773071776367,6.537849369134605e-06,0.0009871718595290608,6.581146384977053e-06,0.0009744435303566854,6.246994085964242e-06,0.001,0.0009806905244426432,6.537849367278342e-06,-0.0009744435303566841
2,5.350000000000001,1.309399146651395,5.350000000000001,0.655974329707856,0.6546142101263605,12.0,-0.001,0.0009806802319063438,6.537868867318813e-06,0.000987174803626804,6.581166012303456e-06,0.0009744495399716753,6.24403036091371e-06,0.001,0.0009806935703325886,6.537868865449378e-06,-0.0009744495399716772
2,5.4,1.309399300781362,5.4,0.6559867516719756,0.654614287191344,12.0,-0.001,0.0009806831538609435,6.537888347020655e-06,0.0009871777449320905,6.581185620999227e-06,0.0009744555439443799,6.241069446922371e-06,0.001,0.0009806966133913079,6.537888345131107e-06,-0.0009744555439443782
2,5.45,1.309399454764748,5.45,0.6559991676721214,0.6546143641830373,12.0,-0.001,0.0009806860730454353,6.537907808250076e-06,0.0009871806834489236,6.581205211109956e-06,0.0009744615422828417,6.238111339982959e-06,0.001,0.0009806996536228197,6.537907806343913e-06,-0.000974461542282843
2,5.5,1.309399608601766,5.5,0.6560115777140172,0.6546144411015464,12.0,-0.001,0.0009806889894637448,6.537927251039442e-06,0.0009871836191812406,6.581224782659198e-06,0.0009744675349949974,6.235156036108293e-06,0.001,0.0009807026910311199,6.537927249116663e-06,-0.0009744675349950029
2,5.550000000000001,1.309399762292621,5.550000000000001,0.6560239818033776,0.654614517946974,12.0,-0.001,0.000980691903119813,6.537946675412088e-06,0.0009871865521330092,6.581244335671646e-06,0.0009744735220888792,6.232203531319813e-06,0.001,0.0009807057256202001,6.537946673469252e-06,-0.000974473522088886
2,5.600000000000001,1.309399915837522,5.600000000000001,0.6560363799459105,0.6546145947194248,12.0,-0.001,0.0009806948140175225,6.537966081394389e-06,0.0009871894823081863,6.581263870172237e-06,0.0009744795035723556,6.229253821640556e-06,0.001,0.0009807087573939928,6.537966079445373e-06,-0.0009744795035723612
2,5.65,1.309400069236678,5.65,0.6560487721473143,0.6546146714190032,12.0,-0.001,0.0009806977221608606,6.537985469022908e-06,0.0009871924097107237,6.581283386188563e-06,0.0009744854794534535,6.226306903095837e-06,0.001,0.0009807117863565489,6.537985467046896e-06,-0.0009744854794534567
2,5.7,1.309400222490295,5.7,0.6560611584132794,0.6546147480458118,12.0,-0.001,0.0009807006275536604,6.538004838306511e-06,0.000987195334344524,6.581302883750683e-06,0.0009744914497400132,6.223362771729484e-06,0.001,0.000980714812511745,6.538004836313964e-06,-0.0009744914497400101
2,5.75,1.309400375598581,5.75,0.6560735387494893,0.6546148245999549,12.0,-0.001,0.0009807035301998644,6.53802418927867e-06,0.000987198256213533,6.58132236288115e-06,0.0009744974144399842,6.220421423594892e-06,0.001,0.0009807178358635764,6.538024187276501e-06,-0.0009744974144399836
2,5.800000000000001,1.309400528561742,5.800000000000001,0.6560859131616178,0.6546149010815362,12.0,-0.001,0.000980706430103365,6.538043521969012e-06,0.0009872011753216824,6.581341823598557e-06,0.0009745033735612636,6.217482854736458e-06,0.001,0.000980720856415999,6.53804351994684e-06,-0.0009745033735612668
2,5.850000000000001,1.309400681379985,5.850000000000001,0.656098281655331,0.6546149774906576,12.0,-0.001,0.0009807093272680197,6.538062836397568e-06,0.0009872040916728269,6.581361265943237e-06,0.0009745093271116849,6.214547061232948e-06,0.001,0.0009807238741729096,6.538062834358861e-06,-0.0009745093271116834
2,5.9,1.309400834053515,5.9,0.6561106442362875,0.6546150538274234,12.0,-0.001,0.0009807122216977516,6.538082132601797e-06,0.0009872070052709637,6.581380689924486e-06,0.0009745152750991714,6.211614039134858e-06,0.001,0.000980726889138302,6.538082130539644e-06,-0.0009745152750991783
2,5.95,1.309400986582538,5.95,0.6561230009101369,0.6546151300919347,12.0,-0.001,0.00098071511339637,6.538101410591402e-06,0.0009872099161198765,6.581400095590607e-06,0.0009745212175314628,6.208683784536485e-06,0.001,0.0009807299013160136,6.538101408519681e-06,-0.0009745212175314606
2,6.0,1.309401138967259,6.0,0.6561353516825216,0.6546152062842956,12.0,-0.001,0.0009807180023677945,6.538120670400373e-06,0.0009872128242235558,6.581419482943522e-06,0.0009745271544165303,6.205756293507867e-06,0.001,0.000980732910710038,6.538120668308703e-06,-0.000974527154416531
2,6.050000000000001,1.309401291207883,6.050000000000001,0.6561476965590751,0.654615282404608,12.0,-0.001,0.0009807208886158556,6.538139912054325e-06,0.0009872157295858378,6.581438852020774e-06,0.0009745330857620955,6.202831562148939e-06,0.001,0.000980735917324241,6.538139909949644e-06,-0.0009745330857620985
2,6.100000000000001,1.309401443304615,6.100000000000001,0.6561600355454233,0.6546153584529739,12.0,-0.001,0.0009807237721444263,6.538159135578681e-06,0.0009872186322105975,6.581458202856459e-06,0.0009745390115760287,6.199909586553808e-06,0.001,0.0009807389211625834,6.538159133454079e-06,-0.0009745390115760283
2,6.15,1.309401595257657,6.15,0.6561723686471843,0.6546154344294951,12.0,-0.001,0.0009807266529573062,6.538178341002282e-06,0.0009872215321017083,6.581477535460607e-06,0.0009745449318660313,6.196990362842278e-06,0.001,0.0009807419222288753,6.538178338864696e-06,-0.0009745449318660296
2,6.2,1.309401747067213,6.2,0.6561846958699672,0.6546155103342735,12.0,-0.001,0.0009807295310583842,6.538197528337868e-06,0.0009872244292630195,6.58149684987271e-06,0.0009745508466399644,6.19407388710851e-06,0.001,0.0009807449205270794,6.53819752618036e-06,-0.0009745508466399641
2,6.25,1.309401898733486,6.25,0.6561970172193732,0.6546155861674103,12.0,-0.001,0.0009807324064514344,6.538216697629212e-06,0.0009872273236983934,6.581516146107351e-06,0.0009745567559055087,6.191160155497841e-06,0.001,0.0009807479160610152,6.538216695451809e-06,-0.0009745567559055132
2,6.300000000000001,1.309402050256681,6.300000000000001,0.6562093327009979,0.6546156619290081,12.0,-0.001,0.0009807352791403336,6.538235848883823e-06,0.000987230215411705,6.581535424201554e-06,0.0009745626596705046,6.188249164120396e-06,0.001,0.000980750908834619,6.538235846689994e-06,-0.0009745626596705075
2,6.350000000000001,1.309402201636998,6.350000000000001,0.6562216423204249,0.6546157376191665,12.0,-0.001,0.0009807381491288203,6.538254982142792e-06,0.000987233104406728,6.581554684161528e-06,0.0009745685579425551,6.185340909112892e-06,0.001,0.000980753898851671,6.538254979936034e-06,-0.0009745685579425553
2,6.4,1.30940235287464,6.4,0.6562339460832333,0.6546158132379878,12.0,-0.001,0.0009807410164207652,6.538274097419536e-06,0.0009872359906873418,6.581573926033512e-06,0.0009745744507294728,6.182435386633596e-06,0.001,0.0009807568861161119,6.53827409519291e-06,-0.00097457445072947
2,6.45,1.309402503969807,6.45,0.6562462439949922,0.6546158887855715,12.0,-0.001,0.0009807438810199391,6.538293194751054e-06,0.0009872388742573667,6.58159314983285e-06,0.000974580338038932,6.179532592813394e-06,0.001,0.0009807598706317467,6.538293192508057e-06,-0.0009745803380389328
2,6.5,1.309402654922704,6.5,0.656258536061264,0.6546159642620201,12.0,-0.001,0.0009807467429301538,6.538312274153229e-06,0.0009872417551206078,6.581612355590087e-06,0.0009745862198786309,6.176632523823754e-06,0.001,0.0009807628524024505,6.53831227189386e-06,-0.0009745862198786287
2,6.550000000000001,1.309402805733527,6.550000000000001,0.6562708222876019,0.6546160396674324,12.0,-0.001,0.0009807496021551514,6.538331335653925e-06,0.0009872446332808555,6.58163154332203e-06,0.0009745920962561929,6.173735175824023e-06,0.001,0.0009807658314320063,6.538331333378185e-06,-0.0009745920962561903
2,6.600000000000001,1.309402956402481,6.600000000000001,0.6562831026795527,0.6546161150019094,12.0,-0.001,0.000980752458698754,6.538350379272848e-06,0.0009872475087419476,6.581650713068169e-06,0.0009745979671793056,6.17084054499586e-06,0.001,0.0009807688077243027,6.538350376980763e-06,-0.000974597967179313
2,6.65,1.309403106929762,6.65,0.6562953772426535,0.6546161902655504,12.0,-0.001,0.0009807553125647291,6.5383694050461e-06,0.0009872503815076638,6.58166986484233e-06,0.0009746038326556534,6.167948627497908e-06,0.001,0.0009807717812831556,6.538369402737698e-06,-0.0009746038326556572
2,6.7,1.309403257315574,6.7,0.6563076459824356,0.6546162654584566,12.0,-0.001,0.000980758163756805,6.538388412994094e-06,0.0009872532515818031,6.581688998666901e-06,0.000974609692692798,6.165059419539092e-06,0.001,0.0009807747521123344,6.538388410669375e-06,-0.0009746096926927933
2,6.75,1.309403407560114,6.75,0.6563199089044209,0.6546163405807266,12.0,-0.001,0.0009807610122787732,6.53840740314255e-06,0.0009872561189681335,6.581708114574135e-06,0.0009746155472983913,6.162172917294429e-06,0.001,0.00098077772021569,6.538407400801514e-06,-0.0009746155472983957
2,6.800000000000001,1.309403557663581,6.800000000000001,0.6563321660141241,0.6546164156324599,12.0,-0.001,0.0009807638581343587,6.538426375511745e-06,0.0009872589836704298,6.581727212590164e-06,0.0009746213964800176,6.159289116982437e-06,0.001,0.0009807806855970016,6.538426373154391e-06,-0.0009746213964800209
2,6.850000000000001,1.309403707626173,6.850000000000001,0.656344417317051,0.6546164906137566,12.0,-0.001,0.0009807667013273385,6.538445330131574e-06,0.000987261845692485,6.581746292732389e-06,0.0009746272402452995,6.156408014791522e-06,0.001,0.000980783648260088,6.538445327757957e-06,-0.0009746272402452981
2,6.9,1.30940385744809,6.9,0.6563566628187012,0.6546165655247153,12.0,-0.001,0.0009807695418613965,6.538464267024724e-06,0.0009872647050380105,6.581765355044529e-06,0.0009746330786017459,6.153529606950776e-06,0.001,0.0009807866082086982,6.538464264638287e-06,-0.0009746330786017457
2,6.95,1.309404007129527,6.95,0.6563689025245659,0.6546166403654342,12.0,-0.001,0.0009807723797402958,6.538483186217461e-06,0.000987267561710784,6.581784399528753e-06,0.0009746389115569567,6.150653889682676e-06,0.001,0.0009807895654466406,6.538483183807822e-06,-0.0009746389115569618
2,7.0,1.309404156670684,7.0,0.6563811364401271,0.6546167151360129,12.0,-0.001,0.0009807752149677703,6.538502087734694e-06,0.0009872704157145962,6.581803426215121e-06,0.0009746447391184901,6.147780859204466e-06,0.001,0.0009807925199776895,6.538502085312261e-06,-0.0009746447391184923
2,7.050000000000001,1.309404306071759,7.050000000000001,0.6563933645708624,0.6546167898365503,12.0,-0.001,0.0009807780475475005,6.538520971602146e-06,0.000987273267053108,6.581822435139086e-06,0.0009746505612938231,6.144910511765594e-06,0.001,0.0009807954718056011,6.538520969160007e-06,-0.0009746505612938279
2,7.100000000000001,1.309404455332946,7.100000000000001,0.6564055869222377,0.6546168644671444,12.0,-0.001,0.0009807808774831893,6.538539837840904e-06,0.0009872761157300866,6.581841426323308e-06,0.0009746563780905052,6.142042843602929e-06,0.001,0.0009807984209341018,6.538539835382529e-06,-0.0009746563780905042
2,7.15,1.309404604454443,7.15,0.6564178034997141,0.6546169390278931,12.0,-0.001,0.0009807837047785667,6.538558686475254e-06,0.0009872789617492667,6.581860399780851e-06,0.000974662189516028,6.139177850965892e-06,0.001,0.0009808013673669935,6.53855868400761e-06,-0.0009746621895160325
2,7.2,1.309404753436446,7.2,0.6564300143087431,0.6546170135188947,12.0,-0.001,0.000980786529437334,6.538577517534524e-06,0.0009872818051143448,6.581879355545896e-06,0.0009746679955779044,6.136315530109565e-06,0.001,0.0009808043111080257,6.538577515043733e-06,-0.0009746679955779138
2,7.25,1.309404902279149,7.25,0.6564422193547689,0.6546170879402466,12.0,-0.001,0.0009807893514631326,6.538596331042242e-06,0.0009872846458290649,6.581898293646902e-06,0.0009746737962835869,6.133455877303969e-06,0.001,0.0009808072521608833,6.538596328531799e-06,-0.0009746737962835934
2,7.300000000000001,1.30940505098275,7.300000000000001,0.6564544186432296,0.654617162292047,12.0,-0.001,0.000980792170859684,6.538615127017327e-06,0.0009872874838970842,6.581917214101515e-06,0.0009746795916405208,6.130598888819339e-06,0.001,0.000980810190529346,6.538615124494171e-06,-0.0009746795916405204
2,7.350000000000001,1.309405199547442,7.350000000000001,0.6564666121795536,0.6546172365743935,12.0,-0.001,0.0009807949876306345,6.538633905491762e-06,0.000987290319322134,6.58193611693665e-06,0.0009746853816561765,6.127744560927186e-06,0.001,0.000980813126217101,6.538633902952425e-06,-0.0009746853816561749
2,7.4,1.30940534797342,7.4,0.6564787999691621,0.6546173107873829,12.0,-0.001,0.000980797801779689,6.538652666481242e-06,0.000987293152107919,6.581955002171687e-06,0.0009746911663379908,6.124892889917857e-06,0.001,0.0009808160592279101,6.538652663929219e-06,-0.0009746911663379883
2,7.45,1.309405496260879,7.45,0.6564909820174689,0.6546173849311121,12.0,-0.001,0.0009808006133104575,6.538671410017939e-06,0.0009872959822580796,6.581973869840453e-06,0.0009746969456933623,6.122043872083192e-06,0.001,0.000980818989565442,6.538671407449763e-06,-0.0009746969456933645
2,7.5,1.309405644410011,7.5,0.6565031583298803,0.6546174590056785,12.0,-0.001,0.0009808034222266206,6.538690136132077e-06,0.00098729880977632,6.581992719962464e-06,0.0009747027197297073,6.119197503721697e-06,0.001,0.0009808219172334238,6.538690133540834e-06,-0.0009747027197297108
2,7.550000000000001,1.309405792421011,7.550000000000001,0.656515328911795,0.6546175330111791,12.0,-0.001,0.0009808062285318248,6.538708844833495e-06,0.0009873016346663031,6.582011552563931e-06,0.0009747084884543967,6.116353781139685e-06,0.001,0.0009808248422355393,6.538708842222655e-06,-0.0009747084884544031
2,7.600000000000001,1.309405940294072,7.600000000000001,0.6565274937686038,0.6546176069477097,12.0,-0.001,0.0009808090322296816,6.538727536147725e-06,0.0009873044569316857,6.582030367669248e-06,0.0009747142518748244,6.113512700650409e-06,0.001,0.0009808277645754603,6.538727533524227e-06,-0.0009747142518748281
2,7.65,1.309406088029386,7.65,0.6565396529056896,0.6546176808153664,12.0,-0.001,0.0009808118333238575,6.538746210110085e-06,0.0009873072765761522,6.582049165293268e-06,0.0009747200099983381,6.110674258567417e-06,0.001,0.0009808306842569046,6.538746207473956e-06,-0.0009747200099983408
2,7.7,1.309406235627145,7.7,0.6565518063284286,0.6546177546142468,12.0,-0.001,0.0009808146318179701,6.538764866736594e-06,0.00098731009360331,6.582067945475674e-06,0.0009747257628323239,6.107838451218978e-06,0.001,0.000980833601283543,6.538764864084392e-06,-0.0009747257628323278
2,7.75,1.309406383087544,7.75,0.6565639540421887,0.6546178283444467,12.0,-0.001,0.0009808174277156447,6.538783506058262e-06,0.0009873129080168377,6.582086708236469e-06,0.0009747315103841107,6.105005274938347e-06,0.001,0.0009808365156590523,6.53878350338302e-06,-0.0009747315103841095
2,7.800000000000001,1.309406530410772,7.800000000000001,0.6565760960523306,0.6546179020060607,12.0,-0.001,0.0009808202210204394,6.538802128088097e-06,0.0009873157198203445,6.582105453589233e-06,0.0009747372526609544,6.102174726072251e-06,0.001,0.000980839427387032,6.538802125403748e-06,-0.0009747372526609649
2,7.850000000000001,1.30940667759702,7.850000000000001,0.656588232364207,0.6546179755991849,12.0,-0.001,0.000980823011736034,6.538820732861499e-06,0.0009873185290174673,6.582124181574975e-06,0.0009747429896702418,6.099346800963025e-06,0.001,0.0009808423364712107,6.538820730157607e-06,-0.0009747429896702423
2,7.9,1.309406824646481,7.9,0.6566003629831639,0.6546180491239153,12.0,-0.001,0.0009808257998659927,6.538839320392265e-06,0.0009873213356118614,6.582142892198818e-06,0.0009747487214192563,6.096521495958156e-06,0.001,0.0009808452429152152,6.538839317672327e-06,-0.0009747487214192621
2,7.95,1.309406971559344,7.95,0.6566124879145386,0.6546181225803472,12.0,-0.001,0.0009808285854138975,6.538857890709912e-06,0.0009873241396070786,6.582161585500824e-06,0.0009747544479152473,6.0936988074228e-06,0.001,0.0009808481467226714,6.538857887973954e-06,-0.0009747544479152478
2,8.0,1.309407118335798,8.0,0.6566246071636613,0.6546181959685745,12.0,-0.001,0.0009808313683833396,6.538876443841572e-06,0.0009873269410067727,6.582180261497554e-06,0.0009747601691654847,6.090878731733067e-06,0.001,0.0009808510478972203,6.538876441089568e-06,-0.0009747601691654888
2,8.05,1.309407264976037,8.05,0.6566367207358568,0.6546182692886943,12.0,-0.001,0.000980834148777942,6.538894979807926e-06,0.0009873297398145598,6.582198920216141e-06,0.000974765885177296,6.088061265237986e-06,0.001,0.0009808539464425349,6.538894977036461e-06,-0.000974765885177295
2,8.1,1.309407411480247,8.1,0.6566488286364385,0.6546183425407996,12.0,-0.001,0.0009808369266012108,6.538913498623883e-06,0.0009873325360339818,6.582217561681736e-06,0.0009747715959578154,6.085246404345949e-06,0.001,0.0009808568423621642,6.538913495843338e-06,-0.0009747715959578206
2,8.15,1.309407557848618,8.15,0.6566609308707151,0.6546184157249852,12.0,-0.001,0.0009808397018567427,6.538932000328907e-06,0.0009873353296686823,6.582236185914372e-06,0.0009747773015143532,6.082434145419566e-06,0.001,0.000980859735659772,6.538931997525431e-06,-0.0009747773015143513
2,8.200000000000001,1.30940770408134,8.200000000000001,0.6566730274439883,0.6546184888413467,12.0,-0.001,0.0009808424745480864,6.5389504849372e-06,0.0009873381207221971,6.582254792937765e-06,0.0009747830018540591,6.079624484872865e-06,0.001,0.0009808626263389363,6.538950482121229e-06,-0.0009747830018540654
2,8.25,1.3094078501786,8.25,0.6566851183615499,0.6546185618899769,12.0,-0.001,0.0009808452446788082,6.538968952476899e-06,0.0009873409091981486,6.58227338277677e-06,0.0009747886969841913,6.076817419094341e-06,0.001,0.0009808655144032895,6.538968949641494e-06,-0.0009747886969842003
2,8.3,1.309407996140588,8.3,0.656697203628686,0.6546186348709709,12.0,-0.001,0.00098084801225244,6.538987402968576e-06,0.000987343695100062,6.582291955457842e-06,0.0009747943869119127,6.074012944490867e-06,0.001,0.0009808683998564073,6.538987400113737e-06,-0.0009747943869119167
2,8.35,1.30940814196749,8.35,0.6567092832506748,0.6546187077844219,12.0,-0.001,0.000980850777272519,6.539005836437737e-06,0.0009873464784315284,6.582310510998843e-06,0.0009748000716443882,6.071211057481215e-06,0.001,0.0009808712827018722,6.539005833570429e-06,-0.0009748000716443897
2,8.4,1.309408287659493,8.4,0.6567213572327879,0.6546187806304238,12.0,-0.001,0.0009808535397426074,6.539024252902651e-06,0.000987349259196095,6.582329049432544e-06,0.0009748057511888143,6.068411754482042e-06,0.001,0.0009808741629433032,6.539024250019405e-06,-0.0009748057511888182
2,8.450000000000001,1.309408433216787,8.450000000000001,0.6567334255802879,0.6546188534090708,12.0,-0.001,0.0009808562996661877,6.539042652395219e-06,0.0009873520373973109,6.582347570773255e-06,0.000974811425552303,6.065615031922367e-06,0.001,0.000980877040584225,6.539042649496063e-06,-0.0009748114255523042
2,8.5,1.309408578639556,8.5,0.6567454882984315,0.6546189261204556,12.0,-0.001,0.0009808590570468227,6.539061034932275e-06,0.0009873548130387264,6.58236607504716e-06,0.0009748170947420088,6.062820886238227e-06,0.001,0.00098087991562825,6.539061032020678e-06,-0.0009748170947420053
2,8.55,1.309408723927988,8.55,0.656757545392468,0.654618998764672,12.0,-0.001,0.0009808618118880084,6.539079400542903e-06,0.000987357586123872,6.582384562279901e-06,0.0009748227587650746,6.060029313858693e-06,0.001,0.000980882788078937,6.539079397604986e-06,-0.0009748227587650753
2,8.6,1.309408869082267,8.6,0.6567695968676378,0.6546190713418121,12.0,-0.001,0.0009808645641932287,6.539097749242904e-06,0.000987360356656265,6.582403032495844e-06,0.0009748284176285514,6.057240311247992e-06,0.001,0.000980885657939802,6.539097746289103e-06,-0.0009748284176285538
2,8.65,1.309409014102582,8.65,0.6567816427291763,0.6546191438519695,12.0,-0.001,0.000980867313966017,6.539116081058543e-06,0.0009873631246394509,6.582421485719657e-06,0.0009748340713396037,6.054453874839588e-06,0.001,0.0009808885252144347,6.539116078095798e-06,-0.0009748340713396052
2,8.700000000000001,1.309409158989115,8.700000000000001,0.6567936829823092,0.6546192162952361,12.0,-0.001,0.0009808700612098636,6.53913439601679e-06,0.0009873658900769419,6.582439921966815e-06,0.0009748397199052798,6.051670001104266e-06,0.001,0.0009808913899063808,6.539134393031249e-06,-0.0009748397199052829
2,8.75,1.309409303742054,8.75,0.6568057176322574,0.6546192886717064,12.0,-0.001,0.0009808728059282382,6.539152694137783e-06,0.0009873686529722325,6.582458341271281e-06,0.0009748453633326267,6.048888686506932e-06,0.001,0.000980894252019139,6.539152691143325e-06,-0.0009748453633326264
2,8.8,1.309409448361582,8.8,0.6568177466842319,0.6546193609814706,12.0,-0.001,0.0009808755481245945,6.539170975450391e-06,0.0009873714133288383,6.582476743648884e-06,0.000974851001628733,6.046109927521407e-06,0.001,0.000980897111556239,6.539170972433137e-06,-0.0009748510016287341
2,8.85,1.309409592847884,8.85,0.6568297701434385,0.6546194332246212,12.0,-0.001,0.0009808782878024942,6.539189239969438e-06,0.0009873741711502577,6.582495129121905e-06,0.0009748566348006339,6.043333720624847e-06,0.001,0.0009808999685212635,6.539189236936355e-06,-0.0009748566348006353
2,8.9,1.309409737201142,8.9,0.6568417880150743,0.6546195054012507,12.0,-0.001,0.0009808810249653098,6.539207487721597e-06,0.0009873769264399826,6.582513497722979e-06,0.0009748622628553558,6.04056006230124e-06,0.001,0.000980902822917655,6.539207484679651e-06,-0.000974862262855352
2,8.950000000000001,1.309409881421543,8.950000000000001,0.6568538003043308,0.6546195775114517,12.0,-0.001,0.0009808837596165555,6.53922571873091e-06,0.0009873796792014978,6.58253184946761e-06,0.0009748678857999281,6.037788949044465e-06,0.001,0.0009809056747489666,6.539225715669665e-06,-0.0009748678857999307
2,9.0,1.309410025509269,9.0,0.6568658070163907,0.6546196495553144,12.0,-0.001,0.0009808864917597016,6.539243933016405e-06,0.0009873824294382748,6.58255018437748e-06,0.0009748735036413801,6.035020377354527e-06,0.001,0.0009809085240187303,6.539243929942827e-06,-0.0009748735036413797
2,9.05,1.309410169464501,9.05,0.6568778081564297,0.6546197215329308,12.0,-0.001,0.0009808892213981762,6.539262130604643e-06,0.0009873851771537955,6.582568502480483e-06,0.0009748791163866776,6.032254343725225e-06,0.001,0.000980911370730409,6.539262127511821e-06,-0.000974879116386683
2,9.1,1.309410313287425,9.1,0.6568898037296175,0.654619793444393,12.0,-0.001,0.0009808919485353826,6.539280311523328e-06,0.0009873879223515176,6.582586803802204e-06,0.0009748847240427694,6.02949084468592e-06,0.001,0.000980914214887451,6.539280308411261e-06,-0.0009748847240427794
2,9.15,1.309410456978221,9.15,0.656901793741115,0.6546198652897912,12.0,-0.001,0.0009808946731748329,6.539298475787258e-06,0.0009873906650349172,6.582605088355681e-06,0.000974890326616689,6.026729876743313e-06,0.001,0.000980917056493428,6.539298472659416e-06,-0.0009748903266166946
2,9.200000000000001,1.309410600537072,9.200000000000001,0.6569137781960777,0.6546199370692168,12.0,-0.001,0.000980897395319889,6.539316623420339e-06,0.0009873934052074126,6.582623356174227e-06,0.000974895924115329,6.023971436422697e-06,0.001,0.000980919895551749,6.53931662027328e-06,-0.0009748959241153259
2,9.25,1.309410743964159,9.25,0.6569257570996522,0.6546200087827609,12.0,-0.001,0.0009809001149740197,6.539334754449244e-06,0.0009873961428724768,6.582641607274104e-06,0.0009749015165456663,6.021215520259071e-06,0.001,0.0009809227320659224,6.539334751289906e-06,-0.0009749015165456641
2,9.3,1.309410887259664,9.3,0.6569377304569786,0.6546200804305138,12.0,-0.001,0.0009809028321406154,6.539352868893515e-06,0.0009873988780335521,6.582659841681225e-06,0.0009749071039146182,6.018462124783884e-06,0.001,0.0009809255660393995,6.539352865718456e-06,-0.000974907103914617
2,9.35,1.309411030423769,9.35,0.6569496982731907,0.6546201520125661,12.0,-0.001,0.0009809055468231191,6.539370966771475e-06,0.0009874016106940502,6.582678059415133e-06,0.0009749126862291154,6.015711246540995e-06,0.001,0.0009809283974756581,6.539370963580668e-06,-0.0009749126862291131
2,9.4,1.309411173456652,9.4,0.6569616605534138,0.6546202235290076,12.0,-0.001,0.000980908259024916,6.539389048117492e-06,0.0009874043408574262,6.582696260505806e-06,0.0009749182634960599,6.012962882077683e-06,0.001,0.0009809312263781387,6.539389044914461e-06,-0.0009749182634960669
2,9.450000000000001,1.309411316358495,9.450000000000001,0.6569736173027669,0.6546202949799296,12.0,-0.001,0.000980910968749373,6.53940711294672e-06,0.0009874070685270673,6.582714444972434e-06,0.0009749238357223014,6.010217027954559e-06,0.001,0.0009809340527502624,6.539407109721056e-06,-0.0009749238357223029
2,9.5,1.309411459129478,9.5,0.6569855685263618,0.6546203663654213,12.0,-0.001,0.0009809136759999517,6.539425161286371e-06,0.0009874097937064466,6.582732612837731e-06,0.0009749294029148057,6.007473680726924e-06,0.001,0.0009809368765955218,6.539425158048483e-06,-0.0009749294029148051
2,9.55,1.30941160176978,9.55,0.6569975142293031,0.6546204376855728,12.0,-0.001,0.0009809163807799888,6.539443193156693e-06,0.000987412516398926,6.582750764118177e-06,0.0009749349650803518,6.004732836972115e-06,0.001,0.000980939697917323,6.539443189903111e-06,-0.0009749349650803527
2,9.600000000000001,1.309411744279581,9.600000000000001,0.6570094544166887,0.6546205089404733,12.0,-0.001,0.0009809190830928842,6.539461208573922e-06,0.0009874152366078995,6.582768898846488e-06,0.000974940522225835,6.00199449325985e-06,0.001,0.0009809425167190992,6.539461205304673e-06,-0.000974940522225843
2,9.65,1.30941188665906,9.65,0.6570213890936085,0.6546205801302131,12.0,-0.001,0.0009809217829419973,6.539479207567114e-06,0.0009874179543368014,6.582787017035674e-06,0.0009749460743580915,5.999258646174866e-06,0.001,0.000980945333004258,6.539479204282199e-06,-0.0009749460743580934
2,9.700000000000001,1.309412028908395,9.700000000000001,0.6570333182651467,0.6546206512548811,12.0,-0.001,0.0009809244803306962,6.539497190156517e-06,0.0009874206695889836,6.58280511871547e-06,0.0009749516214839173,5.996525292294202e-06,0.001,0.0009809481467762222,6.539497186855962e-06,-0.0009749516214839181
2,9.75,1.309412171027766,9.75,0.6570452419363791,0.6546207223145666,12.0,-0.001,0.00098092717526238,6.539515156373031e-06,0.0009874233823678846,6.582823203911815e-06,0.0009749571636102085,5.993794428217771e-06,0.001,0.0009809509580384346,6.539515153053367e-06,-0.0009749571636102142
2,9.8,1.309412313017349,9.8,0.6570571601123758,0.6546207933093583,12.0,-0.001,0.0009809298677403628,6.539533106220856e-06,0.0009874260926768254,6.582841272640539e-06,0.0009749627007437126,5.991066050545083e-06,0.001,0.000980953766794261,6.53953310288558e-06,-0.0009749627007437089
2,9.850000000000001,1.309412454877323,9.850000000000001,0.6570690727981985,0.6546208642393456,12.0,-0.001,0.0009809325577680012,6.539551039738835e-06,0.0009874288005192013,6.582859324915302e-06,0.0009749682328911988,5.988340155886515e-06,0.001,0.0009809565730470914,6.539551036391415e-06,-0.000974968232891206
2,9.9,1.309412596607864,9.9,0.6570809799989032,0.6546209351046167,12.0,-0.001,0.0009809352453486518,6.539568956941225e-06,0.0009874315058983917,6.582877360775515e-06,0.0009749737600595123,5.985616740838891e-06,0.001,0.0009809593768003472,6.539568953578193e-06,-0.0009749737600595089
2,9.950000000000001,1.309412738209152,9.950000000000001,0.6570928817195391,0.6546210059052605,12.0,-0.001,0.0009809379304856322,6.539586857856594e-06,0.0009874342088177282,6.582895380240558e-06,0.0009749792822553358,5.982895802041403e-06,0.001,0.000980962178057383,6.539586854474507e-06,-0.0009749792822553449
2,10.0,1.309412879681361,10.0,0.6571047779651457,0.654621076641365,12.0,-0.001,0.0009809406131823138,6.539604742501829e-06,0.0009874369092805891,6.582913383326776e-06,0.0009749847994855218,5.980177336094154e-06,0.001,0.000980964976821618,6.539604739104157e-06,-0.0009749847994855211
3,0.0,0.6728762239514628,0.0,0.0001730619813429149,0.3275156291559332,12.0,-0.002,3.156920396924466e-09,2.137365160865089e-11,6.29356054790765e-09,4.230243091419693e-11,-0.00199999677934877,0.001999993664137038,0.002,-3.115211731534097e-09,3.15756893028868e-09,0.001999996779348772
3,0.05,0.7228761413920295,0.05,0.05017291946722213,0.359636649388607,12.0,-0.002,1.092958724101133e-08,7.322355158929331e-11,1.256315158463114e-08,8.411758338973061e-11,-0.001999979594265452,0.001999987352730844,0.002,7.758465392968781e-09,1.644458375420218e-09,0.001999979594265448
3,0.1,0.7728758966330301,0.1,0.1001726405008435,0.3860895730928008,12.0,-0.002,3.039282168738356e-08,2.03004900821948e-10,3.122267214585818e-08,2.085379339630404e-10,-0.00199993952553046,0.00199996856878992,0.002,2.904325945932453e-08,8.353834916157283e-10,0.001999939525530462
3,0.15,0.822875240576292,0.15,0.1501719751214884,0.4113147346636657,12.0,-0.002,8.059484999005802e-08,5.377103137350941e-10,8.137018744630229e-08,5.428794777463053e-10,-0.001999838187248069,0.001999918086933085,0.002,7.989968501545085e-08,7.805066202555277e-10,0.001999838187248068
3,0.2,0.8728735060986351,0.2,0.2001702497561463,0.4363458010941665,12.0,-0.002,2.121366397903328e-07,1.41468061106187e-09,2.136339463925249e-07,1.424662836996212e-09,-0.001999573490527936,0.001999784941390763,0.002,2.114508628294201e-07,1.507288828125561e-09,0.00199957349052794
3,0.25,0.9228689470418782,0.25,0.2501657265917697,0.4613482908703082,12.0,-0.002,5.577361854909455e-07,3.718702584896843e-09,5.614653785209198e-07,3.743564044129123e-09,-0.001998878303131942,0.001999434791057438,0.002,5.564879254975338e-07,3.754054489208808e-09,0.001998878303131939
3,0.3,0.9728569612588839,0.3,0.3001538371809123,0.4863429952359661,12.0,-0.002,1.465922794665177e-06,9.773304974095389e-09,1.47564483642921e-06,9.838118756826575e-09,-0.001997051350529515,0.001998514517044797,0.002,1.463166515282894e-06,9.786855546770842e-09,0.001997051350529504
3,0.35,1.022825451692398,0.35,0.3501225749086441,0.5113273435923119,12.0,-0.002,3.851407615675894e-06,2.567656209851874e-08,3.87691934118829e-06,2.584664043935993e-08,-0.001992252045369565,0.001996097234018382,0.002,3.845188648823495e-06,2.568180385319636e-08,0.001992252045369562
3,0.4,1.072742616611806,0.4,0.4000403689839901,0.5362859418303368,12.0,-0.002,1.010870456603463e-05,6.739190005953861e-08,1.01756522139662e-05,6.783821788314497e-08,-0.001979661581657091,0.00198975650956817,0.002,1.009492791107402e-05,6.739396575532957e-08,0.001979661581657081
3,0.45,1.122524854705247,0.45,0.4498241993871846,0.5611770634851011,12.0,-0.002,2.646296692751295e-05,1.764203406937092e-07,2.663821975799941e-05,1.775886930677111e-07,-0.00194675069346519,0.001973184191548945,0.002,2.643349808374708e-05,1.764211828603772e-07,0.001946750693465178
3,0.5,1.171952423111579,0.5,0.4992557584346529,0.5858908481892502,12.0,-0.002,6.880245344532271e-05,4.586836088596539e-07,6.925809977334968e-05,4.617212512174701e-07,-0.001861537333233636,0.001930280178975441,0.002,6.874284574181278e-05,4.586839703847677e-07,0.001861537333233632
3,0.55,1.22044828558239,0.55,0.5477613876298446,0.6101387795441395,12.0,-0.002,0.0001756900819580403,1.171267823192802e-06,0.0001768535932033264,1.179024564998537e-06,-0.001646386891429986,0.001821967382231682,0.002,0.0001755804908017004,1.171267987093758e-06,0.001646386891429999
3,0.6000000000000001,1.26650707894079,0.6000000000000001,0.5938426647884132,0.6331681762584369,12.0,-0.002,0.0004279867612516315,2.853245708180047e-06,0.0004308211113672703,2.8721413757869e-06,-0.001138488294098991,0.001566306747256932,0.002,0.0004278184531579502,2.853245783245137e-06,0.001138488294099002
3,0.65,1.306371463705229,0.65,0.6337510702964655,0.6531003686523401,12.0,-0.002,0.0009249297309649961,6.166198859533815e-06,0.0009310550941005996,6.207034613939905e-06,-0.0001379871077753237,0.001062737871285498,0.002,0.0009247507635101713,6.166198890013123e-06,0.0001379871077753156
3,0.7000000000000001,1.332859395428317,0.7000000000000001,0.660296650741779,0.6663443345177332,12.0,-0.002,0.001543427207616923,1.028951538378667e-05,0.001553648580523175,1.035765787001092e-05,0.001107340104401957,0.0004359937616068239,0.002,0.001543333866008781,1.028951539246923e-05,-0.001107340104401958
3,0.75,1.342842192494724,0.75,0.6703180477443728,0.6713357330519313,12.0,-0.002,0.001871957410360785,1.247971674041471e-05,0.001884354479971693,1.256236387131625e-05,0.001768855203566473,0.000103083156156984,0.002,0.00187193835972345,1.247971674182775e-05,-0.001768855203566469
3,0.8,1.344872672320381,0.8,0.6723676915552749,0.6723509729649393,12.0,-0.002,0.001946895769362335,1.297930580143635e-05,0.001959789119496006,1.306526146915886e-05,0.001919750475819947,2.714561903484044e-05,0.002,0.001946896094854799,1.297930580140621e-05,-0.001919750475819958
3,0.8500000000000001,1.345187210460351,0.8500000000000001,0.6726961356972758,0.6725082420349513,12.0,-0.002,0.001958769726965045,1.305846551893339e-05,0.00197174171257942,1.314494542320531e-05,0.001943660065372181,1.511334199736801e-05,0.002,0.001958773407369547,1.305846551868034e-05,-0.001943660065372166
3,0.9,1.345233344788314,0.9,0.672755259595042,0.6725313091989369,12.0,-0.002,0.00196051739733468,1.307011665475216e-05,0.001973500956925036,1.315667371886868e-05,0.001947179418565424,1.334236935609509e-05,0.002,0.001960521787921508,1.307011665444929e-05,-0.001947179418565419
3,0.9500000000000001,1.345240174275362,0.9500000000000001,0.6727749286223035,0.6725347239424616,12.0,-0.002,0.001960776246079963,1.307184231307744e-05,0.00197376151990042,1.315841080537489e-05,0.001947700886662484,1.308006929422368e-05,0.002,0.001960780955956698,1.30718423127383e-05,-0.001947700886662469
3,1.0,1.345241306690943,1.0,0.6727888719604197,0.6725352901502522,12.0,-0.002,0.001960819157866924,1.307212839165537e-05,0.001973804715871341,1.315869877851149e-05,0.001947787544794862,1.303658535014044e-05,0.002,0.001960824130145018,1.307212839129774e-05,-0.001947787544794861
3,1.05,1.345241613737317,1.05,0.6728019801584888,0.6725354436734396,12.0,-0.002,0.001960830808119614,1.307220606000281e-05,0.00197381644327804,1.315877696121676e-05,0.001947811254688775,1.30247797607668e-05,0.002,0.001960836034449534,1.307220605962735e-05,-0.001947811254688771
3,1.1,1.345241801598727,1.1,0.6728149623115594,0.6725355376041449,12.0,-0.002,0.001960837929295389,1.307225353450804e-05,0.001973823611613875,1.315882475012999e-05,0.001947825844725516,1.301756363600244e-05,0.002,0.001960843408361524,1.307225353412174e-05,-0.001947825844725526
3,1.15,1.345241972034878,1.15,0.6728279206316629,0.6725356228222202,12.0,-0.002,0.001960844389745647,1.307229660416835e-05,0.001973830114848564,1.315886810503695e-05,0.001947839104204972,1.301101704639782e-05,0.002,0.001960850121251369,1.307229660376432e-05,-0.001947839104204964
3,1.2,1.345242139806844,1.2,0.6728408699543809,0.6725357067082035,12.0,-0.002,0.001960850749224793,1.307233900070049e-05,0.001973836516443446,1.31589107823324e-05,0.001947852160246895,1.300457277423657e-05,0.002,0.001960856733021122,1.307233900027874e-05,-0.001947852160246892
3,1.25,1.34524230705149,1.25,0.6728538124332396,0.6725357903305266,12.0,-0.002,0.001960857088736051,1.307238126411044e-05,0.001973842897938219,1.315895332562589e-05,0.001947865175959411,1.299814873615914e-05,0.002,0.001960863324695572,1.307238126366402e-05,-0.001947865175959421
3,1.3,1.345242474078243,1.3,0.672866748385485,0.6725358738439028,12.0,-0.002,0.001960863420008378,1.307242347259384e-05,0.001973849271139474,1.31589958136377e-05,0.001947878174959909,1.299173304689544e-05,0.002,0.001960869908006813,1.307242347213668e-05,-0.001947878174959901
3,1.35,1.345242640932085,1.35,0.6728796778625693,0.6725359572708239,12.0,-0.002,0.001960869744746826,1.307246563751958e-05,0.001973855637763579,1.315903825779949e-05,0.001947891160681906,1.298532397862303e-05,0.002,0.001960876484660519,1.30724656370447e-05,-0.001947891160681912
3,1.4,1.345242807619735,1.4,0.6728926008774637,0.6725360406146496,12.0,-0.002,0.001960876063205994,1.307250776057115e-05,0.00197386199806684,1.315908065982002e-05,0.001947904133638119,1.297892127334382e-05,0.002,0.001960883054911462,1.307250776009248e-05,-0.001947904133638129
3,1.45,1.345242974142376,1.45,0.6729055174375665,0.6725361238759701,12.0,-0.002,0.001960882375430639,1.307254984207301e-05,0.001973868352094258,1.315912302000586e-05,0.001947917093918811,1.297252488571831e-05,0.002,0.001960889618804549,1.30725498415559e-05,-0.001947917093918804
3,1.5,1.345243140500388,1.5,0.6729184275494564,0.6725362070549762,12.0,-0.002,0.001960888681435121,1.307259188210272e-05,0.00197387469986035,1.315916533844167e-05,0.001947930041553001,1.296613480121462e-05,0.002,0.001960896176354206,1.307259188156794e-05,-0.001947930041553012
3,1.55,1.345243306694032,1.55,0.6729313312195878,0.6725362901517982,12.0,-0.002,0.001960894981229354,1.30726338807292e-05,0.001973881041375035,1.315920761520232e-05,0.001947942976560754,1.295975100977666e-05,0.002,0.001960902727570532,1.30726338801768e-05,-0.001947942976560743
3,1.6,1.345243472723558,1.6,0.6729442284543894,0.672536373166561,12.0,-0.002,0.001960901274822579,1.307267583802073e-05,0.00197388737664767,1.315924985035568e-05,0.001947955898960848,1.295337350198288e-05,0.002,0.001960909272462829,1.307267583745765e-05,-0.001947955898960844
3,1.65,1.345243638589206,1.65,0.6729571192602745,0.6725364560993853,12.0,-0.002,0.001960907562223937,1.307271775403805e-05,0.001973893705687472,1.315929204396405e-05,0.001947968808771841,1.29470022685821e-05,0.002,0.001960915811040424,1.307271775345735e-05,-0.001947968808771836
3,1.7,1.34524380429122,1.7,0.6729700036436503,0.6725365389503926,12.0,-0.002,0.001960913843442711,1.307275962882565e-05,0.001973900028503691,1.315933419606443e-05,0.001947981706012396,1.29406373002619e-05,0.002,0.001960922343312661,1.307275962821351e-05,-0.001947981706012396
3,1.75,1.345243969829843,1.75,0.6729828816109128,0.6725366217197039,12.0,-0.002,0.001960920118487862,1.307280146245601e-05,0.001973906345105417,1.31593763067413e-05,0.001947994590700784,1.293427858785578e-05,0.002,0.001960928869288638,1.307280146184019e-05,-0.001947994590700775
3,1.8,1.345244135205315,1.8,0.6729957531684474,0.6725367044074401,12.0,-0.002,0.001960926387368566,1.307284325499392e-05,0.001973912655501863,1.315941837605158e-05,0.001948007462855582,1.292792612207495e-05,0.002,0.001960935388977667,1.307284325435359e-05,-0.001948007462855575
3,1.85,1.345244300417877,1.85,0.6730086183226317,0.6725367870137215,12.0,-0.002,0.001960932650093917,1.307288500650183e-05,0.001973918959702193,1.315946040405061e-05,0.001948020322495206,1.292157989374646e-05,0.002,0.001960941902388944,1.307288500584393e-05,-0.001948020322495199
3,1.9,1.345244465467772,1.9,0.6730214770798332,0.6725368695386691,12.0,-0.002,0.00196093890667292,1.3072926717027e-05,0.001973925257715483,1.315950239081423e-05,0.001948033169637849,1.291523989371704e-05,0.002,0.001960948409531584,1.307292671636547e-05,-0.001948033169637847
3,1.95,1.345244630355237,1.95,0.6730343294464091,0.6725369519824022,12.0,-0.002,0.0019609451571147,1.307296838662272e-05,0.00197393154955087,1.315954433638705e-05,0.001948046004302094,1.290890611277282e-05,0.002,0.001960954910414866,1.307296838595057e-05,-0.001948046004302081
3,2.0,1.345244795080514,2.0,0.673047175428708,0.67253703434504,12.0,-0.002,0.00196095140142815,1.307301001538419e-05,0.001973937835217397,1.315958624081653e-05,0.001948058826505991,1.290257854179126e-05,0.002,0.00196096140504778,1.307301001468066e-05,-0.001948058826505984
3,2.05,1.345244959643841,2.05,0.6730600150330692,0.672537116626704,12.0,-0.002,0.001960957639622406,1.307305160334849e-05,0.001973944114724168,1.315962810420211e-05,0.001948071636267908,1.289625717164919e-05,0.002,0.001960967893439568,1.307305160263444e-05,-0.001948071636267888
3,2.1,1.345245124045457,2.1,0.673072848265822,0.6725371988275123,12.0,-0.002,0.001960963871706366,1.307309315058176e-05,0.001973950388080226,1.315966992657499e-05,0.001948084433606067,1.288994199322591e-05,0.002,0.001960974375599282,1.307309314984326e-05,-0.001948084433606057
3,2.15,1.345245288285601,2.15,0.6730856751332865,0.6725372809475842,12.0,-0.002,0.001960970097689084,1.307313465712958e-05,0.001973956655294605,1.315971170799478e-05,0.001948097218538627,1.288363299743013e-05,0.002,0.001960980851536048,1.307313465637362e-05,-0.001948097218538627
3,2.2,1.345245452364508,2.2,0.673098495641773,0.6725373629870379,12.0,-0.002,0.001960976317579486,1.307317612307083e-05,0.001973962916376284,1.315975344855068e-05,0.001948109991083767,1.287733017518397e-05,0.002,0.001960987321258942,1.307317612229047e-05,-0.001948109991083767
3,2.25,1.34524561628242,2.25,0.6731113097975837,0.672537444945994,12.0,-0.002,0.001960982531386511,1.307321754845267e-05,0.001973969171334326,1.315979514827573e-05,0.001948122751259606,1.28710335174325e-05,0.002,0.001960993784777021,1.307321754764792e-05,-0.001948122751259607
3,2.3,1.345245780039571,2.3,0.6731241176070101,0.6725375268245696,12.0,-0.002,0.001960988739119,1.307325893332297e-05,0.001973975420177629,1.315983680722524e-05,0.001948135499084075,1.286474301514845e-05,0.002,0.00196100024209922,1.30732589325147e-05,-0.001948135499084069
3,2.35,1.345245943636196,2.35,0.6731369190763342,0.6725376086228823,12.0,-0.002,0.001960994940786003,1.307330027777736e-05,0.001973981662915275,1.315987842546995e-05,0.001948148234575458,1.28584586592862e-05,0.002,0.001961006693234735,1.307330027695163e-05,-0.001948148234575446
3,2.4,1.345246107072534,2.4,0.6731497142118302,0.6725376903410516,12.0,-0.002,0.001961001136396314,1.307334158184631e-05,0.001973987899556084,1.315992000308348e-05,0.00194816095775159,1.285218044085967e-05,0.002,0.001961013138192444,1.307334158100318e-05,-0.001948160957751584
3,2.45,1.345246270348818,2.45,0.6731625030197615,0.6725377719791935,12.0,-0.002,0.00196100732595884,1.307338284559599e-05,0.001973994130109032,1.31599615401053e-05,0.001948173668630532,1.284590835086592e-05,0.002,0.001961019576981418,1.307338284472858e-05,-0.001948173668630523
3,2.5,1.345246433465285,2.5,0.6731752855063831,0.672537853537427,12.0,-0.002,0.001961013509482387,1.307342406908676e-05,0.001974000354583086,1.316000303659465e-05,0.001948186367230194,1.28396423803373e-05,0.002,0.001961026009610538,1.3073424068195e-05,-0.001948186367230195
3,2.55,1.345246596422168,2.55,0.6731880616779405,0.6725379350158689,12.0,-0.002,0.001961019686975801,1.307346525237466e-05,0.00197400657298702,1.316004449262488e-05,0.001948199053568409,1.283338252035948e-05,0.002,0.001961032436088776,1.307346525147943e-05,-0.001948199053568404
3,2.6,1.345246759219703,2.6,0.6732008315406689,0.6725380164146365,12.0,-0.002,0.001961025858447954,1.307350639552285e-05,0.001974012785329829,1.316008590824131e-05,0.001948211727663195,1.282712876194146e-05,0.002,0.001961038856425134,1.307350639461721e-05,-0.001948211727663185
3,2.65,1.345246921858121,2.65,0.6732135951007967,0.6725380977338458,12.0,-0.002,0.001961032023907598,1.307354749858526e-05,0.001974018991620313,1.316012728351176e-05,0.001948224389532279,1.282088109619517e-05,0.002,0.00196104527062848,1.30735474976484e-05,-0.001948224389532273
3,2.7,1.345247084337658,2.7,0.6732263523645409,0.6725381789736143,12.0,-0.002,0.001961038183363486,1.307358856162809e-05,0.001974025191867313,1.316016861848345e-05,0.001948237039193446,1.28146395142219e-05,0.002,0.00196105167870766,1.307358856068083e-05,-0.001948237039193432
3,2.75,1.345247246658543,2.75,0.6732391033381097,0.6725382601340569,12.0,-0.002,0.001961044336824436,1.30736295847036e-05,0.00197403138607963,1.316020991323568e-05,0.001948249676664501,1.280840400713683e-05,0.002,0.001961058080671626,1.30736295837321e-05,-0.001948249676664494
3,2.8,1.345247408821012,2.8,0.6732518480277031,0.6725383412152918,12.0,-0.002,0.001961050484299229,1.307367056786621e-05,0.001974037574266127,1.316025116782142e-05,0.001948262301963206,1.280217456606507e-05,0.002,0.001961064476529279,1.307367056687742e-05,-0.001948262301963197
3,2.85,1.345247570825295,2.85,0.6732645864395109,0.6725384222174329,12.0,-0.002,0.001961056625796468,1.307371151117572e-05,0.001974043756435528,1.316029238227834e-05,0.001948274915107144,1.279595118218815e-05,0.002,0.001961070866289325,1.307371151017657e-05,-0.001948274915107143
3,2.9,1.345247732671624,2.9,0.6732773185797143,0.6725385031405975,12.0,-0.002,0.00196106276132499,1.307375241470341e-05,0.001974049932596697,1.316033355667996e-05,0.001948287516114126,1.278973384663486e-05,0.002,0.001961077249960745,1.307375241367309e-05,-0.001948287516114117
3,2.95,1.34524789436023,2.95,0.6732900444544853,0.6725385839849007,12.0,-0.002,0.001961068890893443,1.307379327849612e-05,0.001974056102758297,1.316037469109143e-05,0.001948300105001639,1.278352255061431e-05,0.002,0.001961083627552265,1.307379327746244e-05,-0.001948300105001639
3,3.0,1.345248055891342,3.0,0.6733027640699867,0.6725386647504572,12.0,-0.002,0.00196107501451053,1.30738341026093e-05,0.001974062266929128,1.316041578557791e-05,0.001948312681787399,1.277731728532356e-05,0.002,0.001961089999072707,1.307383410155839e-05,-0.001948312681787391
3,3.05,1.345248217265192,3.05,0.6733154774323717,0.6725387454373818,12.0,-0.002,0.001961081132184894,1.307387488710227e-05,0.001974068425117841,1.316045684016717e-05,0.001948325246488846,1.27711180420081e-05,0.002,0.001961096364530855,1.307387488603412e-05,-0.001948325246488837
3,3.1,1.345248378482008,3.1,0.6733281845477858,0.67253882604579,12.0,-0.002,0.00196108724392516,1.307391563204106e-05,0.001974074577333229,1.316049785492738e-05,0.001948337799123594,1.276492481185407e-05,0.002,0.001961102723935448,1.307391563095566e-05,-0.001948337799123588
3,3.15,1.345248539542019,3.15,0.6733408854223637,0.6725389065757956,12.0,-0.002,0.001961093349740029,1.307395633747899e-05,0.001974080723583932,1.316053882993755e-05,0.001948350339709119,1.275873758616622e-05,0.002,0.001961109077295276,1.307395633636253e-05,-0.001948350339709116
3,3.2,1.345248700445456,3.2,0.6733535800622328,0.6725389870275142,12.0,-0.002,0.001961099449638046,1.307399700346053e-05,0.0019740868638786,1.316057976523909e-05,0.00194836286826281,1.275255635618962e-05,0.002,0.001961115424619005,1.307399700233383e-05,-0.001948362868262797
3,3.25,1.345248861192544,3.25,0.6733662684735107,0.6725390674010586,12.0,-0.002,0.001961105543627821,1.307403763005328e-05,0.001974092998225911,1.316062066088468e-05,0.001948375384802156,1.274638111322529e-05,0.002,0.001961121765915372,1.307403762891633e-05,-0.001948375384802144
3,3.3,1.345249021783514,3.3,0.6733789506623054,0.6725391476965439,12.0,-0.002,0.001961111631717958,1.307407821732369e-05,0.001974099126634522,1.316066151693418e-05,0.001948387889344522,1.274021184856708e-05,0.002,0.001961128101193089,1.307407821615568e-05,-0.001948387889344504
3,3.35,1.345249182218591,3.35,0.6733916266347167,0.6725392279140826,12.0,-0.002,0.001961117713916975,1.307411876532133e-05,0.001974105249113002,1.316070233345703e-05,0.001948400381907216,1.273404855354549e-05,0.002,0.001961134430460774,1.307411876414312e-05,-0.001948400381907203
3,3.4,1.345249342498003,3.4,0.6734042963968353,0.6725393080537885,12.0,-0.002,0.001961123790233492,1.307415927409621e-05,0.001974111365669999,1.316074311050278e-05,0.001948412862507724,1.272789121950231e-05,0.002,0.001961140753727204,1.307415927290088e-05,-0.001948412862507722
3,3.45,1.345249502621976,3.45,0.6734169599547427,0.672539388115775,12.0,-0.002,0.001961129860676003,1.307419974370819e-05,0.001974117476314083,1.31607838481322e-05,0.00194842533116313,1.272173983778792e-05,0.002,0.001961147071000923,1.307419974250267e-05,-0.001948425331163128
3,3.5,1.345249662590736,3.5,0.6734296173145123,0.6725394681001553,12.0,-0.002,0.001961135925253044,1.307424017422856e-05,0.001974123581053843,1.3160824546406e-05,0.001948437787890844,1.271559439976774e-05,0.002,0.001961153382290637,1.30742401730059e-05,-0.001948437787890847
3,3.55,1.345249822404508,3.55,0.6734422684822063,0.6725395480070416,12.0,-0.002,0.001961141983973007,1.307428056569315e-05,0.001974129679897779,1.316086520536245e-05,0.001948450232708002,1.270945489685073e-05,0.002,0.001961159687604837,1.307428056443948e-05,-0.001948450232707996
3,3.6,1.345249982063518,3.6,0.6734549134638813,0.6725396278365466,12.0,-0.002,0.001961148036844526,1.307432091817308e-05,0.001974135772854519,1.31609058250742e-05,0.001948462665631799,1.270332132042706e-05,0.002,0.001961165986952236,1.307432091690928e-05,-0.001948462665631791
3,3.65,1.345250141567992,3.65,0.6734675522655826,0.6725397075887835,12.0,-0.002,0.001961154083875974,1.307436123170976e-05,0.001974141859932523,1.316094640558982e-05,0.00194847508667948,1.26971936619092e-05,0.002,0.001961172280341381,1.307436123042195e-05,-0.001948475086679481
3,3.7,1.345250300918152,3.7,0.6734801848933482,0.6725397872638637,12.0,-0.002,0.001961160125075785,1.307440150638594e-05,0.001974147941140269,1.316098694697832e-05,0.001948487495867995,1.269107191276389e-05,0.002,0.001961178567780751,1.307440150509492e-05,-0.001948487495867984
3,3.75,1.345250460114222,3.75,0.6734928113532053,0.672539866861899,12.0,-0.002,0.00196116616045245,1.307444174222696e-05,0.001974154016486301,1.316102744927688e-05,0.001948499893214589,1.268495606443005e-05,0.002,0.00196118484927902,1.307444174090505e-05,-0.001948499893214585
3,3.8,1.345250619156426,3.8,0.6735054316511742,0.6725399463830007,12.0,-0.002,0.001961172190014382,1.307448193930299e-05,0.001974160085979073,1.316106791256081e-05,0.001948512278736292,1.267884610837522e-05,0.002,0.001961191124844671,1.3074481937964e-05,-0.00194851227873629
3,3.85,1.345250778044988,3.85,0.6735180457932655,0.6725400258272822,12.0,-0.002,0.001961178213769937,1.307452209766666e-05,0.001974166149627031,1.316110833689732e-05,0.001948524652450082,1.267274203609363e-05,0.002,0.001961197394486158,1.307452209631759e-05,-0.001948524652450066
3,3.9,1.34525093678013,3.9,0.6735306537854806,0.6725401051948534,12.0,-0.002,0.001961184231727476,1.307456221739413e-05,0.001974172207438586,1.316114872230002e-05,0.001948537014372864,1.266664383911119e-05,0.002,0.001961203658211983,1.307456221602804e-05,-0.001948537014372857
3,3.95,1.345251095362073,3.95,0.6735432556338139,0.6725401844858245,12.0,-0.002,0.001961190243895501,1.307460229850872e-05,0.001974178259422248,1.316118906885419e-05,0.001948549364521837,1.266055150890739e-05,0.002,0.001961209916030753,1.307460229712566e-05,-0.001948549364521823
3,4.0,1.345251253791039,4.0,0.6735558513442486,0.6725402637003081,12.0,-0.002,0.001961196250282191,1.307464234108561e-05,0.001974184305586355,1.316122937662027e-05,0.001948561702913748,1.265446503705505e-05,0.002,0.00196121616795078,1.307464233968553e-05,-0.001948561702913736
3,4.05,1.34525141206725,4.05,0.6735684409227607,0.6725403428384132,12.0,-0.002,0.001961202250895982,1.307468234517571e-05,0.001974190345939269,1.316126964564276e-05,0.001948574029565459,1.264838441508319e-05,0.002,0.001961222413980556,1.307468234375866e-05,-0.001948574029565442
3,4.100000000000001,1.345251570190926,4.100000000000001,0.673581024375317,0.6725404219002519,12.0,-0.002,0.001961208245745194,1.307472231085188e-05,0.001974196380489474,1.316130987597631e-05,0.001948586344494013,1.26423096345689e-05,0.002,0.001961228654128576,1.307472230940398e-05,-0.001948586344494005
3,4.15,1.345251728162289,4.15,0.673593601707877,0.6725405008859335,12.0,-0.002,0.001961214234838099,1.307476223813038e-05,0.001974202409245249,1.316135006767014e-05,0.001948598647716083,1.263624068710122e-05,0.002,0.00196123488840318,1.307476223667945e-05,-0.001948598647716078
3,4.2,1.345251885981557,4.2,0.673606172926388,0.6725405797955675,12.0,-0.002,0.001961220218183009,1.307480212708921e-05,0.001974208432214907,1.316139022081099e-05,0.001948610939248513,1.263017756430096e-05,0.002,0.0019612411168128,1.307480212562131e-05,-0.001948610939248495
3,4.25,1.345252043648951,4.25,0.6736187380367931,0.6725406586292645,12.0,-0.002,0.001961226195788145,1.307484197779555e-05,0.00197421444940683,1.31614303354219e-05,0.001948623219108043,1.262412025774992e-05,0.002,0.001961247339365795,1.30748419763038e-05,-0.001948623219108048
3,4.3,1.345252201164689,4.3,0.6736312970450237,0.6725407373871336,12.0,-0.002,0.001961232167661836,1.307488179029e-05,0.001974220460829345,1.316147041157431e-05,0.001948635487311468,1.261806875910767e-05,0.002,0.001961253556070572,1.307488178878133e-05,-0.001948635487311466
3,4.350000000000001,1.345252358528991,4.350000000000001,0.6736438499570029,0.6725408160692851,12.0,-0.002,0.001961238133812261,1.307492156461229e-05,0.001974226466490669,1.316151044931159e-05,0.001948647743875416,1.261202306001219e-05,0.002,0.00196125976693544,1.307492156310059e-05,-0.00194864774387541
3,4.4,1.345252515742074,4.4,0.6736563967786463,0.6725408946758265,12.0,-0.002,0.00196124409424768,1.307496130085892e-05,0.001974232466399165,1.316155044870249e-05,0.001948659988816597,1.260598315214488e-05,0.002,0.001961265971968741,1.307496129933036e-05,-0.001948659988816583
3,4.45,1.345252672804157,4.45,0.6736689375158601,0.672540973206868,12.0,-0.002,0.001961250048976324,1.307500099904935e-05,0.001974238460563051,1.316159040979753e-05,0.001948672222151684,1.259994902717696e-05,0.002,0.001961272171178861,1.307500099749693e-05,-0.001948672222151678
3,4.5,1.345252829715456,4.5,0.6736814721745418,0.6725410516625177,12.0,-0.002,0.001961255998006274,1.307504065924413e-05,0.001974244448990538,1.316163033264993e-05,0.00194868444389716,1.259392067680387e-05,0.002,0.001961278364573964,1.307504065768179e-05,-0.001948684443897147
3,4.55,1.345252986476189,4.55,0.6736940007605808,0.6725411300428844,12.0,-0.002,0.001961261941345831,1.307508028152056e-05,0.001974250431689966,1.3161670217313e-05,0.001948696654069737,1.258789809274112e-05,0.002,0.001961284552162478,1.30750802799206e-05,-0.001948696654069729
3,4.600000000000001,1.345253143086574,4.600000000000001,0.6737065232798582,0.6725412083480768,12.0,-0.002,0.001961267879003094,1.307511986590592e-05,0.001974256408669449,1.316171006383957e-05,0.001948708852685869,1.258188126673001e-05,0.002,0.001961290733952595,1.307511986429604e-05,-0.00194870885268586
3,4.65,1.345253299546825,4.65,0.6737190397382454,0.6725412865782026,12.0,-0.002,0.001961273810986254,1.307515941244568e-05,0.001974262379937202,1.316174987230279e-05,0.001948721039762091,1.25758701905067e-05,0.002,0.001961296909952608,1.307515941082594e-05,-0.001948721039762076
3,4.7,1.345253455857158,4.7,0.6737315501416069,0.6725413647333689,12.0,-0.002,0.001961279737303366,1.307519892122713e-05,0.001974268345501439,1.316178964271919e-05,0.001948733215314858,1.256986485584274e-05,0.002,0.001961303080170701,1.307519891958358e-05,-0.00194873321531485
3,4.75,1.345253612017789,4.75,0.673744054495797,0.672541442813685,12.0,-0.002,0.001961285657962607,1.307523839228831e-05,0.001974274305370347,1.316182937518786e-05,0.001948745379360684,1.25638652544885e-05,0.002,0.001961309244615164,1.30752383906349e-05,-0.00194874537936067
3,4.800000000000001,1.345253768028933,4.800000000000001,0.6737565528066624,0.6725415208192571,12.0,-0.002,0.00196129157297204,1.307527782568079e-05,0.001974280259552016,1.316186906971895e-05,0.001948757531915877,1.255787137826621e-05,0.002,0.001961315403294138,1.307527782402451e-05,-0.001948757531915861
3,4.850000000000001,1.345253923890805,4.850000000000001,0.6737690450800415,0.672541598750193,12.0,-0.002,0.001961297482339785,1.30753172214662e-05,0.001974286208054629,1.316190872640806e-05,0.001948769672996914,1.255188321898143e-05,0.002,0.001961321556215897,1.307531721978617e-05,-0.001948769672996904
3,4.9,1.345254079603618,4.9,0.6737815313217639,0.6725416766065999,12.0,-0.002,0.001961303386073853,1.307535657970221e-05,0.001974292150886281,1.316194834528775e-05,0.001948781802620093,1.254590076843259e-05,0.002,0.001961327703388532,1.307535657800544e-05,-0.001948781802620078
3,4.95,1.345254235167588,4.95,0.6737940115376508,0.6725417543885845,12.0,-0.002,0.001961309284182402,1.307539590042212e-05,0.001974298088055112,1.316198792641372e-05,0.001948793920801839,1.253992401849052e-05,0.002,0.001961333844820323,1.307539589870166e-05,-0.001948793920801828
3,5.0,1.345254390582925,5.0,0.6738064857335154,0.6725418320962532,12.0,-0.002,0.001961315176673365,1.307543518369917e-05,0.001974304019569174,1.316202746983158e-05,0.001948806027558316,1.25339529609923e-05,0.002,0.001961339980519314,1.307543518195501e-05,-0.001948806027558307
3,5.050000000000001,1.345254545849845,5.050000000000001,0.6738189539151617,0.6725419097297133,12.0,-0.002,0.00196132106355482,1.307547442957519e-05,0.001974309945436575,1.316206697561743e-05,0.001948818122905835,1.252798758781819e-05,0.002,0.001961346110493669,1.30754744278074e-05,-0.001948818122905822
3,5.100000000000001,1.345254700968558,5.100000000000001,0.6738314160883857,0.6725419872890702,12.0,-0.002,0.001961326944834712,1.307551363810501e-05,0.001974315865665346,1.316210644381545e-05,0.001948830206860598,1.252202789085472e-05,0.002,0.001961352234751444,1.307551363634128e-05,-0.001948830206860583
3,5.15,1.345254855939277,5.15,0.6738438722589752,0.6725420647744297,12.0,-0.002,0.001961332820521081,1.307555280934223e-05,0.001974321780263528,1.316214587447021e-05,0.001948842279438822,1.251607386199807e-05,0.002,0.001961358353300812,1.307555280755487e-05,-0.001948842279438825
3,5.2,1.345255010762215,5.2,0.6738563224327095,0.672542142185899,12.0,-0.002,0.001961338690621942,1.30755919433532e-05,0.001974327689239194,1.316218526764166e-05,0.001948854340656699,1.25101254931793e-05,0.002,0.001961364466149892,1.307559194153526e-05,-0.001948854340656704
3,5.25,1.345255165437581,5.25,0.6738687666153593,0.672542219523582,12.0,-0.002,0.001961344555145179,1.307563104017246e-05,0.001974333592600336,1.31622246233864e-05,0.001948866390530359,1.250418277630027e-05,0.002,0.00196137057330666,1.30756310383587e-05,-0.001948866390530352
3,5.300000000000001,1.345255319965587,5.300000000000001,0.6738812048126872,0.672542296787585,12.0,-0.002,0.00196135041409877,1.30756700998701e-05,0.001974339490354919,1.316226394174221e-05,0.001948878429075843,1.249824570334163e-05,0.002,0.001961376674779211,1.307567009802577e-05,-0.001948878429075825
3,5.350000000000001,1.345255474346445,5.350000000000001,0.6738936370304485,0.672542373978014,12.0,-0.002,0.001961356267490656,1.307570912247887e-05,0.00197434538251098,1.316230322278298e-05,0.001948890456309356,1.249231426624992e-05,0.002,0.0019613827705756,1.307570912061095e-05,-0.00194889045630936
3,5.4,1.345255628580363,5.4,0.6739060632743882,0.6725424510949735,12.0,-0.002,0.001961362115328766,1.307574810807086e-05,0.001974351269076453,1.316234246656161e-05,0.001948902472246853,1.248638845700254e-05,0.002,0.001961388860703842,1.307574810619324e-05,-0.001948902472246855
3,5.45,1.345255782667552,5.45,0.6739184835502449,0.6725425281385682,12.0,-0.002,0.001961367957620955,1.307578705668603e-05,0.001974357150059321,1.31623816731094e-05,0.001948914476904343,1.248046826759656e-05,0.002,0.001961394945171927,1.307578705478482e-05,-0.001948914476904338
3,5.5,1.345255936608221,5.5,0.6739308978637468,0.6725426051089024,12.0,-0.002,0.001961373794375105,1.307582596837869e-05,0.001974363025467475,1.316242084250076e-05,0.00194892647029777,1.247455369004846e-05,0.002,0.001961401023987819,1.307582596647477e-05,-0.001948926470297756
3,5.550000000000001,1.345256090402577,5.550000000000001,0.6739433062206167,0.6725426820060809,12.0,-0.002,0.001961379625599137,1.307586484320284e-05,0.00197436889530884,1.316245997477734e-05,0.001948938452443192,1.246864471637367e-05,0.002,0.001961407097159564,1.307586484127534e-05,-0.001948938452443184
3,5.600000000000001,1.345256244050831,5.600000000000001,0.6739557086265656,0.6725427588302081,12.0,-0.002,0.001961385451300923,1.30759036812213e-05,0.001974374759591413,1.316249906998282e-05,0.001948950423356535,1.246274133861862e-05,0.002,0.001961413164695151,1.307590367927028e-05,-0.001948950423356528
3,5.65,1.345256397553191,5.65,0.6739681050873002,0.6725428355813879,12.0,-0.002,0.001961391271488249,1.307594248246331e-05,0.001974380618322992,1.316253812820258e-05,0.001948962383053606,1.245684354882903e-05,0.002,0.001961419226602435,1.30759424804957e-05,-0.001948962383053601
3,5.7,1.345256550909863,5.7,0.6739804956085165,0.6725429122597241,12.0,-0.002,0.001961397086168935,1.307598124700854e-05,0.00197438647151149,1.316257714945994e-05,0.001948974331550302,1.245095133907404e-05,0.002,0.001961425282889381,1.307598124501746e-05,-0.0019489743315503
3,5.75,1.345256704121055,5.75,0.6739928801959029,0.6725429888653202,12.0,-0.002,0.001961402895350798,1.307601997487472e-05,0.001974392319164762,1.316261613380489e-05,0.001948986268862438,1.24450647014473e-05,0.002,0.001961431333563875,1.307601997288093e-05,-0.001948986268862425
3,5.800000000000001,1.345256857186975,5.800000000000001,0.6740052588551388,0.6725430653982805,12.0,-0.002,0.001961408699041691,1.307605866615938e-05,0.001974398161290673,1.316265508131433e-05,0.001948998195005864,1.243918362803064e-05,0.002,0.001961437378633912,1.307605866414212e-05,-0.001948998195005859
3,5.850000000000001,1.345257010107829,5.850000000000001,0.6740176315918981,0.6725431418587077,12.0,-0.002,0.001961414497249347,1.307609732087266e-05,0.001974403997897018,1.31626939920343e-05,0.001949010109996357,1.243330811095717e-05,0.002,0.001961443418107324,1.307609731884579e-05,-0.00194901010999636
3,5.9,1.345257162883822,5.9,0.6740299984118429,0.6725432182467043,12.0,-0.002,0.001961420289981498,1.307613593910085e-05,0.001974409828991666,1.316273286598436e-05,0.001949022013849615,1.242743814234811e-05,0.002,0.001961449451991937,1.307613593704357e-05,-0.001949022013849604
3,5.95,1.345257315515161,5.95,0.67404235932063,0.6725432945623737,12.0,-0.002,0.00196142607724603,1.30761745208459e-05,0.001974415654582412,1.316277170325901e-05,0.001949033906581393,1.242157371434094e-05,0.002,0.001961455480295734,1.307617451878603e-05,-0.001949033906581389
3,6.0,1.345257468002051,6.0,0.6740547143239073,0.6725433708058187,12.0,-0.002,0.001961431859050569,1.307621306621701e-05,0.001974421474677019,1.31628105038988e-05,0.001949045788207358,1.241571481911768e-05,0.002,0.001961461503026483,1.307621306412677e-05,-0.00194904578820735
3,6.050000000000001,1.345257620344697,6.050000000000001,0.6740670634273139,0.6725434469771419,12.0,-0.002,0.00196143763540285,1.307625157522321e-05,0.001974427289283274,1.316284926793792e-05,0.001949057658743173,1.240986144881355e-05,0.002,0.001961467520191995,1.307625157313032e-05,-0.001949057658743168
3,6.100000000000001,1.345257772543303,6.100000000000001,0.6740794066364811,0.6725435230764449,12.0,-0.002,0.001961443406310577,1.307629004794887e-05,0.001974433098408924,1.316288799544453e-05,0.001949069518204401,1.240401359566538e-05,0.002,0.001961473531800074,1.307629004583955e-05,-0.001949069518204394
3,6.15,1.345257924598074,6.15,0.6740917439570334,0.672543599103831,12.0,-0.002,0.001961449171781483,1.30763284844174e-05,0.001974438902061724,1.316292668645852e-05,0.001949081366606756,1.239817125183167e-05,0.002,0.001961479537858594,1.307632848228466e-05,-0.001949081366606743
3,6.2,1.345258076509213,6.2,0.674104075394586,0.6725436750594006,12.0,-0.002,0.001961454931823223,1.307636688469612e-05,0.00197444470024941,1.316296534104613e-05,0.001949093203965746,1.239233440954689e-05,0.002,0.001961485538375286,1.307636688254696e-05,-0.001949093203965739
3,6.25,1.345258228276925,6.25,0.6741164009547453,0.6725437509432566,12.0,-0.002,0.001961460686443463,1.307640524883904e-05,0.001974450492979738,1.316300395924977e-05,0.001949105030296873,1.238650306105096e-05,0.002,0.001961491533357916,1.30764052466734e-05,-0.001949105030296848
3,6.300000000000001,1.345258379901412,6.300000000000001,0.6741287206431129,0.6725438267554998,12.0,-0.002,0.001961466435649845,1.307644357687667e-05,0.001974456280260307,1.316304254110932e-05,0.001949116845615687,1.238067719858528e-05,0.002,0.00196149752281427,1.307644357470154e-05,-0.001949116845615682
3,6.350000000000001,1.345258531382876,6.350000000000001,0.6741410344652782,0.6725439024962324,12.0,-0.002,0.001961472179450046,1.307648186888105e-05,0.001974462062098891,1.316308108670805e-05,0.001949128649937677,1.237485681439347e-05,0.002,0.001961503506752082,1.307648186667568e-05,-0.001949128649937681
3,6.4,1.34525868272152,6.4,0.6741533424268249,0.6725439781655541,12.0,-0.002,0.001961477917851653,1.307652012488787e-05,0.001974467838503147,1.316311959606429e-05,0.001949140443278271,1.23690419007978e-05,0.002,0.001961509485179059,1.307652012267995e-05,-0.001949140443278263
3,6.45,1.345258833917546,6.45,0.6741656445333287,0.6725440537635675,12.0,-0.002,0.001961483650862302,1.307655834496211e-05,0.001974473609480745,1.3163158069249e-05,0.001949152225652935,1.236323245003425e-05,0.002,0.001961515458102975,1.307655834273088e-05,-0.001949152225652923
3,6.5,1.345258984971156,6.5,0.6741779407903585,0.6725441292903724,12.0,-0.002,0.001961489378489578,1.307659652913348e-05,0.001974479375039273,1.31631965063115e-05,0.001949163997077037,1.23574284544341e-05,0.002,0.001961521425531464,1.307659652689282e-05,-0.001949163997077036
3,6.550000000000001,1.345259135882548,6.550000000000001,0.6741902312034714,0.6725442047460686,12.0,-0.002,0.001961495100740995,1.307663467749144e-05,0.001974485135186399,1.31632349072916e-05,0.001949175757565861,1.23516299063246e-05,0.002,0.0019615273874722,1.307663467522052e-05,-0.001949175757565841
3,6.600000000000001,1.345259286651927,6.600000000000001,0.674202515778221,0.6725442801307584,12.0,-0.002,0.001961500817624202,1.307667279003765e-05,0.001974490889929744,1.316327327224496e-05,0.00194918750713484,1.23458367980289e-05,0.002,0.001961533343932889,1.30766727877573e-05,-0.001949187507134832
3,6.65,1.345259437279492,6.65,0.6742147945201505,0.672544355444541,12.0,-0.002,0.001961506529146687,1.307671086685301e-05,0.001974496639276902,1.316331160122498e-05,0.001949199245799241,1.234004912190257e-05,0.002,0.00196153929492114,1.307671086457017e-05,-0.001949199245799234
3,6.7,1.345259587765443,6.7,0.6742270674347957,0.6725444306875167,12.0,-0.002,0.001961512235316043,1.307674890798608e-05,0.00197450238323545,1.31633498942754e-05,0.001949210973574377,1.23342668702971e-05,0.002,0.001961545240444661,1.307674890567998e-05,-0.00194921097357436
3,6.75,1.345259738109979,6.75,0.6742393345276849,0.6725445058597846,12.0,-0.002,0.001961517936139789,1.307678691347285e-05,0.001974508121812932,1.316338815146942e-05,0.001949222690475448,1.232849003558934e-05,0.002,0.001961551180511057,1.307678691115044e-05,-0.001949222690475455
3,6.800000000000001,1.345259888313298,6.800000000000001,0.6742515958043372,0.6725445809614444,12.0,-0.002,0.001961523631625418,1.307682488337953e-05,0.001974513855016995,1.316342637283212e-05,0.001949234396517753,1.232271861018974e-05,0.002,0.001961557115127941,1.307682488104774e-05,-0.001949234396517736
3,6.850000000000001,1.345260038375602,6.850000000000001,0.6742638512702663,0.6725446559925966,12.0,-0.002,0.001961529321780393,1.307686281774975e-05,0.001974519582855108,1.316346455842028e-05,0.001949246091716371,1.231695258648084e-05,0.002,0.001961563044302871,1.307686281538782e-05,-0.001949246091716379
3,6.9,1.345260188297088,6.9,0.6742761009309757,0.6725447309533393,12.0,-0.002,0.00196153500661225,1.307690071662574e-05,0.001974525305334842,1.316350270827785e-05,0.001949257776086574,1.231119195690251e-05,0.002,0.001961568968043487,1.307690071425442e-05,-0.001949257776086559
3,6.95,1.345260338077953,6.95,0.6742883447919626,0.6725448058437722,12.0,-0.002,0.001961540686128421,1.30769385800688e-05,0.001974531022463681,1.316354082246804e-05,0.001949269449643453,1.230543671385518e-05,0.002,0.00196157488635731,1.307693857767429e-05,-0.001949269449643451
3,7.0,1.345260487718395,7.0,0.6743005828587149,0.6725448806639933,12.0,-0.002,0.001961546360336321,1.307697640811755e-05,0.001974536734249125,1.316357890104468e-05,0.001949281112402075,1.229968684982404e-05,0.002,0.001961580799251886,1.307697640571371e-05,-0.001949281112402064
3,7.050000000000001,1.345260637218613,7.050000000000001,0.6743128151367148,0.6725449554141024,12.0,-0.002,0.001961552029243517,1.307701420082792e-05,0.001974542440698706,1.316361694403591e-05,0.001949292764377601,1.229394235725882e-05,0.002,0.001961586706734863,1.307701419840087e-05,-0.001949292764377601
3,7.100000000000001,1.345260786578805,7.100000000000001,0.674325041631435,0.6725450300941985,12.0,-0.002,0.001961557692857344,1.307705195825932e-05,0.001974548141819878,1.316365495151935e-05,0.001949304405585064,1.228820322862951e-05,0.002,0.001961592608813701,1.307705195581607e-05,-0.001949304405585058
3,7.15,1.345260935799164,7.15,0.6743372623483408,0.6725451047043782,12.0,-0.002,0.001961563351185161,1.307708968045144e-05,0.001974553837620057,1.316369292351496e-05,0.001949316036039369,1.228246945644357e-05,0.002,0.001961598505495832,1.307708967798505e-05,-0.001949316036039359
3,7.2,1.345261084879888,7.2,0.6743494772928906,0.6725451792447402,12.0,-0.002,0.001961569004234416,1.307712736744749e-05,0.001974559528106727,1.316373086008936e-05,0.00194932765575563,1.227674103318775e-05,0.002,0.001961604396788828,1.307712736496483e-05,-0.001949327655755624
3,7.25,1.345261233821173,7.25,0.674361686470534,0.672545253715383,12.0,-0.002,0.001961574652012541,1.307716501930384e-05,0.001974565213287335,1.316376876129644e-05,0.001949339264748815,1.227101795138003e-05,0.002,0.00196161028270021,1.307716501679809e-05,-0.001949339264748814
3,7.300000000000001,1.345261382623216,7.300000000000001,0.6743738898867137,0.6725453281164044,12.0,-0.002,0.00196158029452689,1.307720263606067e-05,0.001974570893169328,1.316380662717777e-05,0.001949350863033907,1.226530020354021e-05,0.002,0.001961616163237435,1.307720263355258e-05,-0.001949350863033911
3,7.350000000000001,1.34526153128621,7.350000000000001,0.6743860875468642,0.6725454024479016,12.0,-0.002,0.001961585931784755,1.307724021777e-05,0.001974576567759987,1.316384445778279e-05,0.001949362450625681,1.225958778225151e-05,0.002,0.001961622038407921,1.307724021524571e-05,-0.001949362450625672
3,7.4,1.34526167981035,7.4,0.6743982794564117,0.6725454767099719,12.0,-0.002,0.001961591563793484,1.307727776450417e-05,0.001974582237066802,1.316388225315991e-05,0.00194937402753904,1.225388068005156e-05,0.002,0.001961627908219086,1.307727776196372e-05,-0.00194937402753903
3,7.45,1.345261828195832,7.45,0.6744104656207766,0.6725455509027131,12.0,-0.002,0.001961597190560503,1.307731527628545e-05,0.001974587901097128,1.316392001336216e-05,0.00194938559378895,1.224817888951542e-05,0.002,0.001961633772678471,1.307731527372191e-05,-0.001949385593788933
3,7.5,1.345261976442848,7.5,0.6744226460453697,0.672545625026221,12.0,-0.002,0.001961602812093028,1.30773527531706e-05,0.001974593559858321,1.316395773843777e-05,0.00194939714939016,1.224248240322737e-05,0.002,0.0019616396317934,1.30773527505909e-05,-0.001949397149390159
3,7.550000000000001,1.345262124551594,7.550000000000001,0.6744348207355951,0.6725456990805939,12.0,-0.002,0.00196160842839838,1.307739019521149e-05,0.001974599213357795,1.316399542843115e-05,0.001949408694357492,1.223679121380421e-05,0.002,0.001961645485571283,1.30773901926157e-05,-0.001949408694357481
3,7.600000000000001,1.345262272522262,7.600000000000001,0.6744469896968498,0.6725457730659281,12.0,-0.002,0.001961614039483884,1.30774276024418e-05,0.001974604861602744,1.316403308339889e-05,0.001949420228705711,1.223110531384816e-05,0.002,0.001961651334019557,1.307742759982291e-05,-0.001949420228705694
3,7.65,1.345262420355045,7.65,0.6744591529345219,0.6725458469823198,12.0,-0.002,0.001961619645356824,1.307746497493265e-05,0.001974610504600653,1.316407070338995e-05,0.00194943175244963,1.222542469598019e-05,0.002,0.001961657177145604,1.307746497229072e-05,-0.001949431752449618
3,7.7,1.345262568050136,7.7,0.6744713104539924,0.6725459208298653,12.0,-0.002,0.001961625246024397,1.307750231270755e-05,0.001974616142358714,1.316410828844356e-05,0.001949443265603889,1.221974935285608e-05,0.002,0.001961663014956712,1.307750231005646e-05,-0.001949443265603874
3,7.75,1.345262715607727,7.75,0.6744834622606354,0.6725459946086613,12.0,-0.002,0.001961630841493877,1.307753961583472e-05,0.001974621774884277,1.316414583861595e-05,0.00194945476818312,1.221407927713881e-05,0.002,0.001961668847460265,1.307753961318141e-05,-0.001949454768183111
3,7.800000000000001,1.34526286302801,7.800000000000001,0.6744956083598165,0.672546068318803,12.0,-0.002,0.001961636431772452,1.307757688437286e-05,0.00197462740218456,1.316418335394344e-05,0.001949466260202064,1.220841446148324e-05,0.002,0.001961674674663563,1.307757688168268e-05,-0.001949466260202058
3,7.850000000000001,1.345263010311177,7.850000000000001,0.6745077487568942,0.6725461419603862,12.0,-0.002,0.001961642016867493,1.307761411832771e-05,0.001974633024266957,1.316422083449888e-05,0.00194947774167547,1.220275489856586e-05,0.002,0.001961680496574039,1.307761411564225e-05,-0.001949477741675462
3,7.9,1.345263157457419,7.9,0.6745198834572197,0.6725462155335075,12.0,-0.002,0.001961647596786046,1.307765131778335e-05,0.001974638641138599,1.316425828030315e-05,0.001949489212617775,1.219710058110793e-05,0.002,0.001961686313198885,1.307765131507491e-05,-0.001949489212617755
3,7.95,1.345263304466927,7.95,0.6745320124661361,0.6725462890382614,12.0,-0.002,0.001961653171535383,1.307768848278138e-05,0.001974644252806776,1.316429569142764e-05,0.00194950067304363,1.219145150180593e-05,0.002,0.001961692124545441,1.307768848005688e-05,-0.001949500673043621
3,8.0,1.345263451339891,8.0,0.6745441357889792,0.6725463624747439,12.0,-0.002,0.001961658741122652,1.307772561337143e-05,0.00197464985927872,1.316433306790894e-05,0.001949512122967592,1.218580765338672e-05,0.002,0.001961697930620996,1.307772561062401e-05,-0.001949512122967595
3,8.05,1.345263598076502,8.05,0.6745562534310771,0.6725464358430493,12.0,-0.002,0.00196166430555503,1.307776270958045e-05,0.001974655460561627,1.316437040979542e-05,0.001949523562404206,1.218016902857589e-05,0.002,0.001961703731432771,1.307776270681698e-05,-0.001949523562404201
3,8.1,1.345263744676949,8.1,0.6745683653977511,0.6725465091432726,12.0,-0.002,0.001961669864839698,1.30777997714741e-05,0.001974661056662727,1.316440771714002e-05,0.001949534991367944,1.217453562014367e-05,0.002,0.001961709526988081,1.307779976870852e-05,-0.001949534991367942
3,8.15,1.345263891141421,8.15,0.6745804716943146,0.672546582375509,12.0,-0.002,0.001961675418983761,1.307783679909427e-05,0.001974666647589178,1.316444498997344e-05,0.001949546409873283,1.216890742085196e-05,0.002,0.001961715317294118,1.307783679629882e-05,-0.001949546409873271
3,8.200000000000001,1.345264037470108,8.200000000000001,0.6745925723260727,0.6725466555398527,12.0,-0.002,0.001961680967994324,1.307787379251269e-05,0.001974672233348166,1.316448222837553e-05,0.001949557817934633,1.216328442347933e-05,0.002,0.001961721102358113,1.307787378970125e-05,-0.00194955781793462
3,8.25,1.345264183663199,8.25,0.6746046672983249,0.672546728636398,12.0,-0.002,0.001961686511878587,1.307791075173218e-05,0.001974677813946853,1.31645194323632e-05,0.001949569215566501,1.215766662079979e-05,0.002,0.001961726882187312,1.307791074891862e-05,-0.001949569215566493
3,8.3,1.345264329720882,8.3,0.6746167566163621,0.6725468016652398,12.0,-0.002,0.001961692050643542,1.30779476768464e-05,0.001974683389392376,1.316455660200035e-05,0.001949580602783247,1.2152054005631e-05,0.002,0.001961732656788877,1.307794767399609e-05,-0.001949580602783239
3,8.35,1.345264475643345,8.35,0.6746288402854675,0.6725468746264712,12.0,-0.002,0.001961697584296388,1.307798456785483e-05,0.001974688959691895,1.31645937373332e-05,0.001949591979599269,1.214644657077666e-05,0.002,0.001961738426170045,1.30779845650024e-05,-0.00194959197959927
3,8.4,1.345264621430775,8.4,0.6746409183109173,0.6725469475201867,12.0,-0.002,0.001961703112844099,1.307802142484044e-05,0.001974694524852516,1.316463083839728e-05,0.001949603346028854,1.214084430909275e-05,0.002,0.001961744190337941,1.307802142197208e-05,-0.001949603346028853
3,8.450000000000001,1.34526476708336,8.450000000000001,0.6746529906979805,0.6725470203464792,12.0,-0.002,0.001961708636293818,1.307805824784738e-05,0.001974700084881326,1.316466790525733e-05,0.001949614702086351,1.213524721340283e-05,0.002,0.00196174994929976,1.307805824494925e-05,-0.00194961470208635
3,8.5,1.345264912601288,8.5,0.6746650574519193,0.6725470931054435,12.0,-0.002,0.001961714154652566,1.307809503689423e-05,0.001974705639785482,1.316470493794978e-05,0.00194962604778606,1.212965527657518e-05,0.002,0.001961755703062632,1.307809503398017e-05,-0.001949626047786056
3,8.55,1.345265057984744,8.55,0.6746771185779865,0.6725471657971718,12.0,-0.002,0.00196171966792733,1.307813179205673e-05,0.001974711189571987,1.316474193654066e-05,0.001949637383142191,1.212406849147938e-05,0.002,0.00196176145163366,1.307813178914061e-05,-0.001949637383142182
3,8.6,1.345265203233916,8.6,0.67468917408143,0.6725472384217576,12.0,-0.002,0.0019617251761252,1.307816851338518e-05,0.001974716734247985,1.316477890104276e-05,0.001949648708169036,1.211848685098209e-05,0.002,0.001961767195020024,1.307816851045318e-05,-0.001949648708169036
3,8.65,1.345265348348988,8.65,0.6747012239674886,0.672547310979294,12.0,-0.002,0.001961730679253133,1.307820520089791e-05,0.00197472227382047,1.316481583151728e-05,0.001949660022880788,1.211291034800178e-05,0.002,0.001961772933228779,1.307820519794308e-05,-0.001949660022880786
3,8.700000000000001,1.345265493330147,8.700000000000001,0.6747132682413947,0.6725473834698733,12.0,-0.002,0.001961736177318208,1.307824185466284e-05,0.001974727808296527,1.316485272803578e-05,0.001949671327291634,1.210733897545933e-05,0.002,0.001961778666267102,1.307824185169907e-05,-0.001949671327291631
3,8.75,1.345265638177579,8.75,0.6747253069083727,0.6725474558935896,12.0,-0.002,0.001961741670327284,1.307827847472605e-05,0.001974733337683154,1.31648895906027e-05,0.001949682621415704,1.210177272623894e-05,0.002,0.001961784394141949,1.307827847174645e-05,-0.001949682621415705
3,8.8,1.345265782891466,8.8,0.6747373399736406,0.6725475282505331,12.0,-0.002,0.001961747158287486,1.307831506112755e-05,0.00197473886198742,1.316492641930116e-05,0.001949693905267254,1.209621159329244e-05,0.002,0.001961790116860562,1.307831505813206e-05,-0.001949693905267252
3,8.85,1.345265927471996,8.85,0.6747493674424081,0.6725476005407981,12.0,-0.002,0.001961752641205609,1.307835161391688e-05,0.001974744381216253,1.316496321416454e-05,0.001949705178860207,1.209065556957397e-05,0.002,0.001961795834429787,1.307835161089863e-05,-0.001949705178860207
3,8.9,1.345266071919351,8.9,0.6747613893198792,0.6725476727644759,12.0,-0.002,0.001961758119088699,1.307838813313888e-05,0.001974749895376715,1.316499997522976e-05,0.001949716442208757,1.208510464805547e-05,0.002,0.001961801546856812,1.30783881301048e-05,-0.001949716442208753
3,8.950000000000001,1.345266216233717,8.950000000000001,0.6747734056112485,0.6725477449216588,12.0,-0.002,0.001961763591943677,1.307842461883898e-05,0.001974755404475744,1.316503670255965e-05,0.001949727695326951,1.207955882169385e-05,0.002,0.001961807254148639,1.307842461578906e-05,-0.001949727695326954
3,9.0,1.345266360415275,9.0,0.6747854163217054,0.6725478170124377,12.0,-0.002,0.001961769059777442,1.307846107105658e-05,0.001974760908520329,1.316507339618826e-05,0.001949738938228778,1.207401808348604e-05,0.002,0.001961812956312261,1.307846106800477e-05,-0.001949738938228779
3,9.05,1.34526650446421,9.05,0.6747974214564298,0.6725478890369057,12.0,-0.002,0.001961774522596925,1.307849748986931e-05,0.001974766407517413,1.316511005616637e-05,0.001949750170928289,1.206848242643621e-05,0.002,0.00196181865335473,1.307849748678779e-05,-0.001949750170928279
3,9.1,1.345266648380704,9.1,0.674809421020597,0.6725479609951525,12.0,-0.002,0.001961779980409026,1.307853387527317e-05,0.0019747719014739,1.316514668254305e-05,0.001949761393439462,1.206295184354682e-05,0.002,0.001961824345283027,1.307853387216894e-05,-0.001949761393439449
3,9.15,1.345266792164939,9.15,0.6748214150193734,0.6725480328872704,12.0,-0.002,0.001961785433220584,1.307857022735364e-05,0.00197477739039681,1.316518327536796e-05,0.001949772605776225,1.205742632783517e-05,0.002,0.001961830032104057,1.307857022423363e-05,-0.001949772605776209
3,9.200000000000001,1.345266935817101,9.200000000000001,0.6748334034579186,0.6725481047133512,12.0,-0.002,0.001961790881038499,1.307860654613615e-05,0.001974782874292974,1.316521983467459e-05,0.001949783807952478,1.205190587236601e-05,0.002,0.001961835713824845,1.307860654300731e-05,-0.001949783807952458
3,9.25,1.345267079337367,9.25,0.6748453863413852,0.6725481764734846,12.0,-0.002,0.00196179632386963,1.307864283167832e-05,0.001974788353169335,1.31652563605182e-05,0.001949794999982197,1.204639047017273e-05,0.002,0.001961841390452369,1.307864282853376e-05,-0.001949794999982178
3,9.3,1.345267222725922,9.3,0.6748573636749189,0.6725482481677622,12.0,-0.002,0.001961801761720785,1.307867908402743e-05,0.001974793827032736,1.316529285294078e-05,0.001949806181879177,1.204088011433281e-05,0.002,0.001961847061993503,1.307867908086015e-05,-0.001949806181879177
3,9.35,1.345267365982945,9.35,0.6748693354636573,0.6725483197962738,12.0,-0.002,0.001961807194598899,1.307871530320618e-05,0.001974799295890126,1.316532931198495e-05,0.001949817353657382,1.203537479790948e-05,0.002,0.00196185272845529,1.307871530002318e-05,-0.001949817353657381
3,9.4,1.345267509108619,9.4,0.6748813017127315,0.6725483913591109,12.0,-0.002,0.001961812622510631,1.307875148928668e-05,0.00197480475974831,1.316536573770931e-05,0.001949828515330513,1.202987451399447e-05,0.002,0.001961858389844482,1.30787514860949e-05,-0.001949828515330501
3,9.450000000000001,1.345267652103123,9.450000000000001,0.6748932624272656,0.6725484628563629,12.0,-0.002,0.001961818045462938,1.3078787642304e-05,0.001974810218614189,1.316540213013766e-05,0.001949839666912441,1.202437925570412e-05,0.002,0.00196186404616814,1.307878763908262e-05,-0.00194983966691243
3,9.5,1.345267794966637,9.5,0.6749052176123764,0.6725485342881203,12.0,-0.002,0.001961823463462525,1.307882376229739e-05,0.001974815672494542,1.316543848934503e-05,0.001949850808416893,1.201888901613792e-05,0.002,0.001961869697433039,1.307882375907422e-05,-0.001949850808416871
3,9.55,1.345267937699342,9.55,0.6749171672731743,0.6725486056544729,12.0,-0.002,0.001961828876516171,1.307885984932897e-05,0.001974821121396189,1.316547481535873e-05,0.00194986193985765,1.201340378843282e-05,0.002,0.001961875343646099,1.307885984606926e-05,-0.001949861939857633
3,9.600000000000001,1.345268080301418,9.600000000000001,0.6749291114147605,0.6725486769555109,12.0,-0.002,0.001961834284630721,1.307889590342846e-05,0.001974826565326066,1.316551110823683e-05,0.001949873061248502,1.200792356571498e-05,0.002,0.001961880984814207,1.307889590016696e-05,-0.00194987306124849
3,9.65,1.345268222773043,9.65,0.6749410500422321,0.6725487481913234,12.0,-0.002,0.001961839687812862,1.307893192463731e-05,0.001974832004290858,1.316554736798979e-05,0.00194988417260301,1.200244834116535e-05,0.002,0.001961886620944189,1.307893192136015e-05,-0.001949884172603007
3,9.700000000000001,1.345268365114396,9.700000000000001,0.6749529831606762,0.6725488193619998,12.0,-0.002,0.001961845086069378,1.307896791301355e-05,0.001974837438297412,1.316558359470683e-05,0.001949895273934992,1.199697810791575e-05,0.002,0.001961892252042908,1.307896790972077e-05,-0.001949895273934993
3,9.75,1.345268507325657,9.75,0.6749649107751754,0.6725488904676306,12.0,-0.002,0.00196185047940698,1.307900386859456e-05,0.001974842867352446,1.316561978840808e-05,0.001949906365258006,1.199151285916306e-05,0.002,0.001961897878117172,1.307900386527918e-05,-0.001949906365257992
3,9.8,1.345268649407001,9.8,0.6749768328908041,0.6725489615083028,12.0,-0.002,0.001961855867832379,1.307903979142633e-05,0.001974848291462781,1.316565594913961e-05,0.001949917446585681,1.198605258809541e-05,0.002,0.001961903499173782,1.307903978810227e-05,-0.001949917446585674
3,9.850000000000001,1.345268791358611,9.850000000000001,0.6749887495126292,0.6725490324841078,12.0,-0.002,0.001961861251352342,1.307907568156815e-05,0.001974853710635158,1.316569207695227e-05,0.001949928517931708,1.198059728790347e-05,0.002,0.001961909115219612,1.307907567821455e-05,-0.001949928517931701
3,9.9,1.34526893318066,9.9,0.675000660645712,0.6725491033951327,12.0,-0.002,0.001961866629973487,1.307911153904215e-05,0.001974859124876307,1.316572817189332e-05,0.001949939579309532,1.197514695182566e-05,0.002,0.00196191472626136,1.307911153568682e-05,-0.001949939579309515
3,9.950000000000001,1.345269074873328,9.950000000000001,0.6750125662951049,0.672549174241467,12.0,-0.002,0.001961872003702521,1.307914736389587e-05,0.001974864534192933,1.316576423400322e-05,0.001949950630732785,1.19697015730719e-05,0.002,0.001961920332305845,1.307914736052497e-05,-0.001949950630732764
3,10.0,1.345269216436791,10.0,0.6750244664658545,0.6725492450231981,12.0,-0.002,0.00196187737254619,1.307918315618953e-05,0.001974869938591803,1.316580026333844e-05,0.001949961672214998,1.196426114487672e-05,0.002,0.001961925933359891,1.307918315279609e-05,-0.001949961672214992
