case,frequency_real,frequency_imag,v(gate)_real,v(gate)_imag,v(out)_real,v(out)_imag,v(vdd)_real,v(vdd)_imag,i(vdd)_real,i(vdd)_imag,id(j1)_real,id(j1)_imag,i(vin)_real,i(vin)_imag,i(rs)_real,i(rs)_imag
1,10.0,0.0,1.0,0.0,0.7186588323794858,1.032586768365704e-08,0.0,0.0,-0.001529061344206922,1.13792790468732e-10,0.001529061344206923,-1.13792790468732e-10,-1.281344655999583e-12,-1.357627217105555e-10,0.001529061345488268,2.19699312418235e-11
1,10.39122303835169,0.0,1.0,0.0,0.7186588323794859,1.072983941653882e-08,0.0,0.0,-0.001529061344206922,1.182446265917014e-10,0.001529061344206922,-1.182446265917014e-10,-1.281344887098822e-12,-1.410740721588053e-10,0.001529061345488268,2.282944556710387e-11
1,10.7977516232771,0.0,1.0,0.0,0.7186588323794859,1.114961545429523e-08,0.0,0.0,-0.001529061344206922,1.228706288000981e-10,0.001529061344206922,-1.228706288000981e-10,-1.28134513663404e-12,-1.465932148730667e-10,0.001529061345488268,2.372258607296858e-11
1,11.22018454301963,0.0,1.0,0.0,0.7186588323794858,1.158581409774346e-08,0.0,0.0,-0.001529061344206922,1.276776108724338e-10,0.001529061344206923,-1.276776108724338e-10,-1.28134540607597e-12,-1.52328279165505e-10,0.001529061345488268,2.46506682930712e-11
1,11.65914401179831,0.0,1.0,0.0,0.7186588323794859,1.203907783705317e-08,0.0,0.0,-0.001529061344206922,1.326726531579336e-10,0.001529061344206922,-1.326726531579336e-10,-1.281345697012675e-12,-1.582877123857064e-10,0.001529061345488268,2.561505922777269e-11
1,12.11527658628588,0.0,1.0,0.0,0.718658832379486,1.251007429808961e-08,0.0,0.0,-0.001529061344206922,1.378631130053963e-10,0.001529061344206922,-1.378631130053963e-10,-1.281346011158901e-12,-1.644802923630337e-10,0.001529061345488268,2.661717935763747e-11
1,12.58925411794167,0.0,1.0,0.0,0.718658832379486,1.299949722578e-08,0.0,0.0,-0.001529061344206922,1.432566356000556e-10,0.001529061344206922,-1.432566356000556e-10,-1.281346350366195e-12,-1.709151403357579e-10,0.001529061345488268,2.765850473570213e-11
1,13.08177474260194,0.0,1.0,0.0,0.7186588323794862,1.350806750595142e-08,0.0,0.0,-0.00152906134420692,1.488611652244052e-10,0.001529061344206921,-1.488611652244052e-10,-1.281346716633805e-12,-1.776017343860039e-10,0.001529061345488269,2.874056916159876e-11
1,13.59356390878525,0.0,1.0,0.0,0.7186588323794861,1.403653422714521e-08,0.0,0.0,-0.001529061344206921,1.546849569595716e-10,0.001529061344206921,-1.546849569595716e-10,-1.281347112120473e-12,-1.845499234003061e-10,0.001529061345488268,2.986496644073449e-11
1,14.12537544622754,0.0,1.0,0.0,0.7186588323794862,1.458567578397234e-08,0.0,0.0,-0.00152906134420692,1.60736588844474e-10,0.001529061344206921,-1.60736588844474e-10,-1.281347539157154e-12,-1.9176994157633e-10,0.001529061345488269,3.103335273185604e-11
1,14.67799267622069,0.0,1.0,0.0,0.7186588323794862,1.515630102363416e-08,0.0,0.0,-0.00152906134420692,1.670249745106762e-10,0.001529061344206921,-1.670249745106762e-10,-1.281348000260756e-12,-1.992724234971319e-10,0.001529061345488269,3.224744898645567e-11
1,15.25222956539018,0.0,1.0,0.0,0.7186588323794864,1.574925043729807e-08,0.0,0.0,-0.00152906134420692,1.735593763115442e-10,0.00152906134420692,-1.735593763115442e-10,-1.281348498148973e-12,-2.070684197951571e-10,0.001529061345488269,3.350904348361291e-11
1,15.84893192461113,0.0,1.0,0.0,0.7186588323794864,1.63653973980822e-08,0.0,0.0,-0.00152906134420692,1.803494189650469e-10,0.00152906134420692,-1.803494189650469e-10,-1.281349035756303e-12,-2.151694134290516e-10,0.001529061345488269,3.481999446400469e-11
1,16.46897865482867,0.0,1.0,0.0,0.7186588323794866,1.700564944747324e-08,0.0,0.0,-0.001529061344206918,1.874051037302935e-10,0.001529061344206919,-1.874051037302935e-10,-1.281349616251345e-12,-2.235873365972579e-10,0.001529061345488269,3.618223286696435e-11
1,17.11328304161779,0.0,1.0,0.0,0.7186588323794866,1.767094963207168e-08,0.0,0.0,-0.001529061344206918,1.947368231386915e-10,0.001529061344206919,-1.947368231386916e-10,-1.281350243055473e-12,-2.32334588313312e-10,0.001529061345488269,3.75977651746206e-11
1,17.78279410038921,0.0,1.0,0.0,0.7186588323794865,1.836227789263355e-08,0.0,0.0,-0.001529061344206919,2.02355376301419e-10,0.001529061344206919,-2.02355376301419e-10,-1.281350919863002e-12,-2.414240526687245e-10,0.001529061345488269,3.906867636730543e-11
1,18.47849797422289,0.0,1.0,0.0,0.7186588323794867,1.908065250745496e-08,0.0,0.0,-0.001529061344206918,2.10271984815763e-10,0.001529061344206918,-2.10271984815763e-10,-1.281351650662962e-12,-2.508691178103481e-10,0.00152906134548827,4.059713299458501e-11
1,19.201419386388,0.0,1.0,0.0,0.7186588323794868,1.982713159222489e-08,0.0,0.0,-0.001529061344206917,2.184983092937494e-10,0.001529061344206917,-2.184983092937494e-10,-1.281352439762607e-12,-2.606836956601853e-10,0.00152906134548827,4.218538636643594e-11
1,19.95262314968878,0.0,1.0,0.0,0.718658832379487,2.060281465855578e-08,0.0,0.0,-0.001529061344206916,2.270464665374101e-10,0.001529061344206916,-2.270464665374101e-10,-1.281353291812804e-12,-2.708822424066778e-10,0.00152906134548827,4.383577586926761e-11
1,20.73321573485953,0.0,1.0,0.0,0.7186588323794871,2.140884423348746e-08,0.0,0.0,-0.001529061344206916,2.359290473859881e-10,0.001529061344206916,-2.359290473859882e-10,-1.281354211835444e-12,-2.814797797976636e-10,0.001529061345488271,4.555073241167546e-11
1,21.54434690031881,0.0,1.0,0.0,0.7186588323794872,2.224640754234976e-08,0.0,0.0,-0.001529061344206915,2.451591352613648e-10,0.001529061344206915,-2.451591352613648e-10,-1.28135520525304e-12,-2.924919172663643e-10,0.001529061345488271,4.73327820049995e-11
1,22.38721138568337,0.0,1.0,0.0,0.7186588323794874,2.311673825746256e-08,0.0,0.0,-0.001529061344206914,2.547503254390272e-10,0.001529061344206914,-2.547503254390272e-10,-1.281356277920686e-12,-3.039348749229901e-10,0.001529061345488271,4.91845494839629e-11
1,23.26305067153623,0.0,1.0,0.0,0.7186588323794876,2.402111831524907e-08,0.0,0.0,-0.001529061344206913,2.647167450729609e-10,0.001529061344206913,-2.647167450729609e-10,-1.281357436160567e-12,-3.158255074458313e-10,0.001529061345488271,5.110876237287036e-11
1,24.17315480804101,0.0,1.0,0.0,0.7186588323794877,2.496087980443878e-08,0.0,0.0,-0.001529061344206912,2.750730740039622e-10,0.001529061344206913,-2.750730740039622e-10,-1.281358686799223e-12,-3.281813289070234e-10,0.001529061345488272,5.310825490306123e-11
1,25.11886431509577,0.0,1.0,0.0,0.7186588323794879,2.593740692814115e-08,0.0,0.0,-0.001529061344206911,2.85834566382019e-10,0.001529061344206911,-2.858345663820191e-10,-1.28136003720778e-12,-3.410205385695533e-10,0.001529061345488272,5.518597218753436e-11
1,26.10157215682533,0.0,1.0,0.0,0.7186588323794881,2.695213804268031e-08,0.0,0.0,-0.001529061344206909,2.970170731346102e-10,0.00152906134420691,-2.970170731346102e-10,-1.2813614953454e-12,-3.543620476935043e-10,0.001529061345488273,5.734497455889428e-11
1,27.12272579332025,0.0,1.0,0.0,0.7186588323794882,2.800656777619344e-08,0.0,0.0,-0.001529061344206909,3.08637065314015e-10,0.001529061344206909,-3.086370653140149e-10,-1.281363069806184e-12,-3.682255073910222e-10,0.001529061345488273,5.958844207700731e-11
1,28.1838293126445,0.0,1.0,0.0,0.7186588323794885,2.910224923011391e-08,0.0,0.0,-0.001529061344206908,3.207116583580246e-10,0.001529061344206908,-3.207116583580246e-10,-1.281364769869834e-12,-3.826313375710329e-10,0.001529061345488273,6.191967921300832e-11
1,29.28644564625232,0.0,1.0,0.0,0.7186588323794887,3.024079626678121e-08,0.0,0.0,-0.001529061344206907,3.33258637299788e-10,0.001529061344206907,-3.33258637299788e-10,-1.281366605556337e-12,-3.976007570163437e-10,0.001529061345488274,6.434211971655576e-11
1,30.43219887107717,0.0,1.0,0.0,0.7186588323794889,3.142388588654765e-08,0.0,0.0,-0.001529061344206905,3.462964829639247e-10,0.001529061344206906,-3.462964829639246e-10,-1.281368587685028e-12,-4.131558146374303e-10,0.001529061345488274,6.685933167350565e-11
1,31.62277660168374,0.0,1.0,0.0,0.7186588323794891,3.265326069788282e-08,0.0,0.0,-0.001529061344206904,3.598443991874896e-10,0.001529061344206905,-3.598443991874896e-10,-1.281370727938358e-12,-4.293194219489426e-10,0.001529061345488275,6.94750227614528e-11
1,32.85993247600649,0.0,1.0,0.0,0.7186588323794895,3.393073148411433e-08,0.0,0.0,-0.001529061344206903,3.739223411058862e-10,0.001529061344206903,-3.739223411058863e-10,-1.281373038930745e-12,-4.461153868167678e-10,0.001529061345488276,7.219304571088154e-11
1,34.14548873833596,0.0,1.0,0.0,0.7186588323794898,3.525817987058537e-08,0.0,0.0,-0.001529061344206901,3.885510445453883e-10,0.001529061344206901,-3.885510445453883e-10,-1.281375534282924e-12,-4.635684485253572e-10,0.001529061345488276,7.501740397996888e-11
1,35.48133892335748,0.0,1.0,0.0,0.7186588323794902,3.663756109615737e-08,0.0,0.0,-0.001529061344206898,4.037520565655649e-10,0.001529061344206898,-4.037520565655649e-10,-1.281378228702229e-12,-4.817043142169638e-10,0.001529061345488277,7.795225765139866e-11
1,36.86945064519569,0.0,1.0,0.0,0.7186588323794906,3.807090689314082e-08,0.0,0.0,-0.001529061344206896,4.195477671965974e-10,0.001529061344206896,-4.195477671965973e-10,-1.281381138069271e-12,-5.005496967564713e-10,0.001529061345488278,8.100192955987408e-11
1,38.31186849557281,0.0,1.0,0.0,0.718658832379491,3.956032847989462e-08,0.0,0.0,-0.001529061344206894,4.359614424182289e-10,0.001529061344206894,-4.35961442418229e-10,-1.281384279531541e-12,-5.201323540775791e-10,0.001529061345488279,8.417091165935026e-11
1,39.81071705534965,0.0,1.0,0.0,0.7186588323794915,4.110801967050408e-08,0.0,0.0,-0.001529061344206891,4.530172584289331e-10,0.001529061344206892,-4.530172584289331e-10,-1.281387671604473e-12,-5.404811300683035e-10,0.00152906134548828,8.74638716393704e-11
1,41.36820402388499,0.0,1.0,0.0,0.718658832379492,4.271626010611556e-08,0.0,0.0,-0.001529061344206889,4.707403372557647e-10,0.001529061344206889,-4.707403372557646e-10,-1.281391334280575e-12,-5.616259970560106e-10,0.001529061345488281,9.088565980024587e-11
1,42.98662347082268,0.0,1.0,0.0,0.7186588323794925,4.438741861268906e-08,0.0,0.0,-0.001529061344206886,4.891567837573543e-10,0.001529061344206886,-4.891567837573543e-10,-1.281395289147257e-12,-5.835980999545651e-10,0.001529061345488282,9.444131619721076e-11
1,44.66835921509622,0.0,1.0,0.0,0.7186588323794931,4.612395669011342e-08,0.0,0.0,-0.001529061344206883,5.082937240745429e-10,0.001529061344206882,-5.082937240745429e-10,-1.28139955951407e-12,-6.064298021386142e-10,0.001529061345488283,9.81360780640711e-11
1,46.41588833612769,0.0,1.0,0.0,0.7186588323794937,4.792843213782413e-08,0.0,0.0,-0.001529061344206879,5.281793455852965e-10,0.001529061344206879,-5.281793455852965e-10,-1.28140417055009e-12,-6.301547331125817e-10,0.001529061345488284,1.019753875272854e-10
1,48.23178482239296,0.0,1.0,0.0,0.7186588323794942,4.980350282226325e-08,0.0,0.0,-0.001529061344206876,5.488429384227445e-10,0.001529061344206876,-5.488429384227445e-10,-1.281409149432256e-12,-6.548078380445817e-10,0.001529061345488286,1.059648996218367e-10
1,50.11872336272711,0.0,1.0,0.0,0.7186588323794951,5.175193059173143e-08,0.0,0.0,-0.001529061344206871,5.703149386175056e-10,0.001529061344206872,-5.703149386175056e-10,-1.281414525505555e-12,-6.804254292382103e-10,0.001529061345488287,1.101104906207052e-10
1,52.07948328595451,0.0,1.0,0.0,0.7186588323794957,5.377658534439756e-08,0.0,0.0,-0.001529061344206868,5.926269729278345e-10,0.001529061344206868,-5.926269729278345e-10,-1.281420330455974e-12,-7.070452396180424e-10,0.001529061345488289,1.144182666902076e-10
1,54.11695265464624,0.0,1.0,0.0,0.7186588323794966,5.588044925545885e-08,0.0,0.0,-0.001529061344206863,6.158119054236331e-10,0.001529061344206863,-6.158119054236331e-10,-1.281426598497255e-12,-7.347064783075879e-10,0.00152906134548829,1.18894572883955e-10
1,56.23413251903477,0.0,1.0,0.0,0.7186588323794975,5.806662116967646e-08,0.0,0.0,-0.001529061344206858,6.399038858929298e-10,0.001529061344206859,-6.399038858929299e-10,-1.281433366572547e-12,-7.634498883816029e-10,0.001529061345488292,1.235460024886733e-10
1,58.43414133735162,0.0,1.0,0.0,0.7186588323794985,6.033832116575802e-08,0.0,0.0,-0.001529061344206853,6.649384001421373e-10,0.001529061344206853,-6.649384001421373e-10,-1.281440674572145e-12,-7.933178068777924e-10,0.001529061345488295,1.283794067356554e-10
1,60.7202195690987,0.0,1.0,0.0,0.7186588323794995,6.269889529930856e-08,0.0,0.0,-0.001529061344206847,6.909523222641678e-10,0.001529061344206847,-6.909523222641678e-10,-1.281448565568596e-12,-8.243542271563137e-10,0.001529061345488297,1.334019048921459e-10
1,63.09573444801917,0.0,1.0,0.0,0.7186588323795005,6.515182053133732e-08,0.0,0.0,-0.001529061344206842,7.17983968951401e-10,0.001529061344206842,-7.17983968951401e-10,-1.28145708607057e-12,-8.566048636989272e-10,0.001529061345488299,1.386208947475262e-10
1,65.56418494179772,0.0,1.0,0.0,0.7186588323795018,6.770070984957842e-08,0.0,0.0,-0.001529061344206834,7.460731559334968e-10,0.001529061344206835,-7.460731559334968e-10,-1.281466286296972e-12,-8.90117219443238e-10,0.001529061345488302,1.440440635097413e-10
1,68.12920690579594,0.0,1.0,0.0,0.7186588323795031,7.034931759016997e-08,0.0,0.0,-0.001529061344206827,7.752612566231889e-10,0.001529061344206827,-7.752612566231889e-10,-1.281476220472929e-12,-9.249406557512097e-10,0.001529061345488305,1.496793991280212e-10
1,70.7945784384136,0.0,1.0,0.0,0.7186588323795046,7.310154496752897e-08,0.0,0.0,-0.001529061344206819,8.05591263056434e-10,0.001529061344206819,-8.055912630564341e-10,-1.281486947149385e-12,-9.611264651150063e-10,0.001529061345488308,1.555352020585723e-10
1,73.56422544596393,0.0,1.0,0.0,0.718658832379506,7.596144582056857e-08,0.0,0.0,-0.001529061344206811,8.371078492166835e-10,0.001529061344206811,-8.371078492166835e-10,-1.281498529548197e-12,-9.987279467072548e-10,0.001529061345488311,1.616200974905714e-10
1,76.44222742525982,0.0,1.0,0.0,0.7186588323795076,7.89332325837191e-08,0.0,0.0,-0.001529061344206803,8.698574368365408e-10,0.001529061344206803,-8.698574368365408e-10,-1.281511035934754e-12,-1.037800484887007e-09,0.001529061345488314,1.679430480504662e-10
1,79.43282347242791,0.0,1.0,0.0,0.7186588323795094,8.202128249155086e-08,0.0,0.0,-0.001529061344206792,9.038882637737382e-10,0.001529061344206792,-9.038882637737382e-10,-1.281524540020329e-12,-1.078401630777038e-09,0.001529061345488318,1.745133670032997e-10
1,82.5404185268016,0.0,1.0,0.0,0.7186588323795113,8.523014402613504e-08,0.0,0.0,-0.001529061344206782,9.392504550621352e-10,0.001529061344206782,-9.392504550621352e-10,-1.281539121396523e-12,-1.120591187032635e-09,0.001529061345488322,1.813407319705001e-10
1,85.76958985908915,0.0,1.0,0.0,0.7186588323795133,8.856454361664007e-08,0.0,0.0,-0.001529061344206771,9.759960967423931e-10,0.001529061344206771,-9.759960967423933e-10,-1.28155486600437e-12,-1.164431295926734e-09,0.001529061345488326,1.884351991843406e-10
1,89.12509381337428,0.0,1.0,0.0,0.7186588323795157,9.202939260103261e-08,0.0,0.0,-0.001529061344206758,1.014179312581084e-09,0.001529061344206758,-1.014179312581084e-09,-1.281571866640863e-12,-1.209986530881153e-09,0.001529061345488331,1.958072183000694e-10
1,92.61187281287906,0.0,1.0,0.0,0.7186588323795181,9.562979446013547e-08,0.0,0.0,-0.001529061344206745,1.05385634379122e-09,0.001529061344206745,-1.05385634379122e-09,-1.281590223505893e-12,-1.257323991578742e-09,0.001529061345488336,2.034676477875223e-10
1,96.23506263980856,0.0,1.0,0.0,0.7186588323795206,9.937105233469869e-08,0.0,0.0,-0.001529061344206731,1.095085631871635e-09,0.001529061344206731,-1.095085631871635e-09,-1.28161004479281e-12,-1.306513402796527e-09,0.001529061345488342,2.114277709248908e-10
1,99.99999999999969,0.0,1.0,0.0,0.7186588323795233,1.032586768365563e-07,0.0,0.0,-0.001529061344206716,1.13792790468724e-09,0.001529061344206716,-1.13792790468724e-09,-1.281631447326108e-12,-1.357627217105445e-09,0.001529061345488348,2.196993124182048e-10
1,103.9122303835166,0.0,1.0,0.0,0.7186588323795264,1.072983941653724e-07,0.0,0.0,-0.001529061344206699,1.182446265916925e-09,0.001529061344206699,-1.182446265916925e-09,-1.281654557249974e-12,-1.41074072158793e-09,0.001529061345488354,2.282944556710052e-10
1,107.9775162327706,0.0,1.0,0.0,0.7186588323795297,1.114961545429346e-07,0.0,0.0,-0.00152906134420668,1.228706288000881e-09,0.001529061344206681,-1.228706288000881e-09,-1.281679510771768e-12,-1.465932148730529e-09,0.001529061345488361,2.37225860729648e-10
1,112.201845430196,0.0,1.0,0.0,0.718658832379533,1.158581409774148e-07,0.0,0.0,-0.001529061344206662,1.276776108724227e-09,0.001529061344206663,-1.276776108724227e-09,-1.281706454964815e-12,-1.523282791654897e-09,0.001529061345488368,2.465066829306697e-10
1,116.5914401179828,0.0,1.0,0.0,0.7186588323795369,1.203907783705094e-07,0.0,0.0,-0.001529061344206641,1.326726531579212e-09,0.001529061344206641,-1.326726531579212e-09,-1.281735548635235e-12,-1.582877123856891e-09,0.001529061345488376,2.561505922776796e-10
1,121.1527658628584,0.0,1.0,0.0,0.7186588323795411,1.251007429808712e-07,0.0,0.0,-0.001529061344206618,1.378631130053823e-09,0.001529061344206618,-1.378631130053823e-09,-1.281766963257935e-12,-1.644802923630145e-09,0.001529061345488385,2.661717935763216e-10
1,125.8925411794163,0.0,1.0,0.0,0.7186588323795456,1.299949722577722e-07,0.0,0.0,-0.001529061344206593,1.432566356000401e-09,0.001529061344206593,-1.432566356000401e-09,-1.281800883987261e-12,-1.709151403357362e-09,0.001529061345488395,2.765850473569621e-10
1,130.8177474260189,0.0,1.0,0.0,0.7186588323795502,1.350806750594829e-07,0.0,0.0,-0.001529061344206568,1.488611652243877e-09,0.001529061344206568,-1.488611652243877e-09,-1.281837510748275e-12,-1.776017343859798e-09,0.001529061345488405,2.874056916159211e-10
1,135.9356390878521,0.0,1.0,0.0,0.7186588323795554,1.40365342271417e-07,0.0,0.0,-0.001529061344206538,1.54684956959552e-09,0.001529061344206539,-1.54684956959552e-09,-1.281877059415094e-12,-1.845499234002791e-09,0.001529061345488416,2.986496644072702e-10
1,141.2537544622749,0.0,1.0,0.0,0.7186588323795611,1.458567578396841e-07,0.0,0.0,-0.001529061344206507,1.607365888444521e-09,0.001529061344206508,-1.607365888444521e-09,-1.281919763083229e-12,-1.917699415762997e-09,0.001529061345488428,3.103335273184768e-10
1,146.7799267622064,0.0,1.0,0.0,0.7186588323795671,1.515630102362976e-07,0.0,0.0,-0.001529061344206474,1.670249745106516e-09,0.001529061344206474,-1.670249745106516e-09,-1.281965873443421e-12,-1.992724234970979e-09,0.001529061345488441,3.22474489864463e-10
1,152.5222956539013,0.0,1.0,0.0,0.7186588323795737,1.574925043729313e-07,0.0,0.0,-0.001529061344206438,1.735593763115167e-09,0.001529061344206438,-1.735593763115167e-09,-1.282015662265083e-12,-2.07068419795119e-09,0.001529061345488455,3.35090434836024e-10
1,158.4893192461107,0.0,1.0,0.0,0.7186588323795807,1.636539739807668e-07,0.0,0.0,-0.001529061344206399,1.803494189650161e-09,0.001529061344206399,-1.803494189650161e-09,-1.282069422998075e-12,-2.151694134290089e-09,0.00152906134548847,3.481999446399293e-10
1,164.6897865482862,0.0,1.0,0.0,0.7186588323795882,1.700564944746706e-07,0.0,0.0,-0.001529061344206358,1.874051037302591e-09,0.001529061344206358,-1.874051037302591e-09,-1.282127472502268e-12,-2.235873365972103e-09,0.001529061345488485,3.618223286695118e-10
1,171.1328304161774,0.0,1.0,0.0,0.7186588323795964,1.767094963206472e-07,0.0,0.0,-0.001529061344206313,1.947368231386528e-09,0.001529061344206313,-1.947368231386528e-09,-1.282190152915081e-12,-2.323345883132586e-09,0.001529061345488503,3.759776517460578e-10
1,177.8279410038916,0.0,1.0,0.0,0.7186588323796054,1.836227789262575e-07,0.0,0.0,-0.001529061344206263,2.023553763013756e-09,0.001529061344206263,-2.023553763013756e-09,-1.282257833668001e-12,-2.414240526686644e-09,0.001529061345488522,3.906867636728883e-10
1,184.7849797422283,0.0,1.0,0.0,0.7186588323796148,1.90806525074462e-07,0.0,0.0,-0.001529061344206211,2.102719848157144e-09,0.001529061344206211,-2.102719848157144e-09,-1.282330913663972e-12,-2.508691178102808e-09,0.001529061345488542,4.059713299456639e-10
1,192.0141938638794,0.0,1.0,0.0,0.7186588323796251,1.982713159221508e-07,0.0,0.0,-0.001529061344206154,2.184983092936949e-09,0.001529061344206154,-2.184983092936949e-09,-1.282409823628484e-12,-2.606836956601099e-09,0.001529061345488564,4.218538636641506e-10
1,199.5262314968871,0.0,1.0,0.0,0.7186588323796363,2.060281465854478e-07,0.0,0.0,-0.001529061344206092,2.270464665373491e-09,0.001529061344206092,-2.270464665373491e-09,-1.282495028648225e-12,-2.708822424065933e-09,0.001529061345488588,4.383577586924422e-10
1,207.3321573485946,0.0,1.0,0.0,0.7186588323796484,2.140884423347513e-07,0.0,0.0,-0.001529061344206026,2.359290473859197e-09,0.001529061344206026,-2.359290473859197e-09,-1.282587030912246e-12,-2.814797797975689e-09,0.001529061345488614,4.555073241164922e-10
1,215.4434690031875,0.0,1.0,0.0,0.7186588323796613,2.224640754233592e-07,0.0,0.0,-0.001529061344205954,2.451591352612881e-09,0.001529061344205954,-2.45159135261288e-09,-1.282686372671814e-12,-2.924919172662581e-09,0.001529061345488641,4.733278200497005e-10
1,223.872113856833,0.0,1.0,0.0,0.7186588323796754,2.311673825744703e-07,0.0,0.0,-0.001529061344205876,2.54750325438941e-09,0.001529061344205877,-2.547503254389411e-09,-1.282793639436378e-12,-3.039348749228709e-09,0.001529061345488671,4.918454948392986e-10
1,232.6305067153616,0.0,1.0,0.0,0.7186588323796905,2.402111831523167e-07,0.0,0.0,-0.001529061344205793,2.647167450728645e-09,0.001529061344205794,-2.647167450728645e-09,-1.282909463424497e-12,-3.158255074456978e-09,0.001529061345488703,5.110876237283334e-10
1,241.7315480804093,0.0,1.0,0.0,0.718658832379707,2.496087980441925e-07,0.0,0.0,-0.001529061344205703,2.75073074003854e-09,0.001529061344205703,-2.75073074003854e-09,-1.28303452729007e-12,-3.281813289068737e-09,0.001529061345488738,5.310825490301969e-10
1,251.1886431509569,0.0,1.0,0.0,0.7186588323797246,2.593740692811925e-07,0.0,0.0,-0.001529061344205605,2.858345663818978e-09,0.001529061344205606,-2.858345663818978e-09,-1.28316956814582e-12,-3.410205385693856e-09,0.001529061345488776,5.518597218748775e-10
1,261.0157215682525,0.0,1.0,0.0,0.7186588323797436,2.695213804265571e-07,0.0,0.0,-0.001529061344205501,2.970170731344741e-09,0.001529061344205501,-2.970170731344741e-09,-1.283315381907758e-12,-3.543620476933162e-09,0.001529061345488816,5.734497455884193e-10
1,271.2272579332016,0.0,1.0,0.0,0.7186588323797642,2.800656777616586e-07,0.0,0.0,-0.001529061344205386,3.086370653138623e-09,0.001529061344205387,-3.086370653138623e-09,-1.283472827986225e-12,-3.68225507390811e-09,0.00152906134548886,5.958844207694864e-10
1,281.8382931264441,0.0,1.0,0.0,0.7186588323797866,2.910224923008298e-07,0.0,0.0,-0.001529061344205263,3.207116583578535e-09,0.001529061344205264,-3.207116583578535e-09,-1.283642834351158e-12,-3.82631337570796e-09,0.001529061345488908,6.191967921294251e-10
1,292.8644564625223,0.0,1.0,0.0,0.7186588323798105,3.024079626674653e-07,0.0,0.0,-0.001529061344205131,3.332586372995962e-09,0.001529061344205132,-3.332586372995962e-09,-1.283826403001452e-12,-3.976007570160782e-09,0.001529061345488959,6.434211971648197e-10
1,304.3219887107707,0.0,1.0,0.0,0.7186588323798365,3.142388588650874e-07,0.0,0.0,-0.001529061344204988,3.462964829637094e-09,0.001529061344204988,-3.462964829637094e-09,-1.284024615870621e-12,-4.131558146371322e-09,0.001529061345489014,6.685933167342285e-10
1,316.2277660168364,0.0,1.0,0.0,0.7186588323798645,3.265326069783916e-07,0.0,0.0,-0.001529061344204834,3.598443991872483e-09,0.001529061344204834,-3.598443991872483e-09,-1.284238641203603e-12,-4.293194219486081e-09,0.001529061345489074,6.947502276135992e-10
1,328.5993247600638,0.0,1.0,0.0,0.7186588323798946,3.393073148406538e-07,0.0,0.0,-0.001529061344204667,3.739223411056155e-09,0.001529061344204668,-3.739223411056156e-09,-1.284469740442266e-12,-4.46115386816393e-09,0.001529061345489137,7.219304571077739e-10
1,341.4548873833585,0.0,1.0,0.0,0.7186588323799273,3.525817987053045e-07,0.0,0.0,-0.001529061344204487,3.885510445450847e-09,0.001529061344204487,-3.885510445450848e-09,-1.284719275660207e-12,-4.635684485249367e-09,0.001529061345489207,7.501740397985202e-10
1,354.8133892335737,0.0,1.0,0.0,0.7186588323799625,3.663756109609576e-07,0.0,0.0,-0.001529061344204293,4.037520565652244e-09,0.001529061344204293,-4.037520565652245e-09,-1.284988717590666e-12,-4.817043142164922e-09,0.001529061345489282,7.795225765126758e-10
1,368.6945064519557,0.0,1.0,0.0,0.7186588323800006,3.807090689307165e-07,0.0,0.0,-0.001529061344204083,4.195477671962151e-09,0.001529061344204083,-4.195477671962151e-09,-1.285279654294865e-12,-5.005496967559422e-09,0.001529061345489363,8.100192955972692e-10
1,383.1186849557268,0.0,1.0,0.0,0.7186588323800417,3.956032847981705e-07,0.0,0.0,-0.001529061344203856,4.359614424178003e-09,0.001529061344203857,-4.359614424178004e-09,-1.285593800521868e-12,-5.201323540769857e-09,0.00152906134548945,8.417091165918522e-10
1,398.1071705534952,0.0,1.0,0.0,0.7186588323800861,4.110801967041706e-07,0.0,0.0,-0.001529061344203611,4.530172584284523e-09,0.001529061344203612,-4.530172584284523e-09,-1.285933007815126e-12,-5.404811300676376e-09,0.001529061345489545,8.746387163918523e-10
1,413.6820402388486,0.0,1.0,0.0,0.718658832380134,4.271626010601797e-07,0.0,0.0,-0.001529061344203347,4.707403372552255e-09,0.001529061344203348,-4.707403372552256e-09,-1.286299275425265e-12,-5.616259970552639e-09,0.001529061345489647,9.088565980003822e-10
1,429.8662347082254,0.0,1.0,0.0,0.7186588323801858,4.438741861257955e-07,0.0,0.0,-0.001529061344203061,4.891567837567494e-09,0.001529061344203062,-4.891567837567494e-09,-1.286694762093458e-12,-5.835980999537271e-09,0.001529061345489757,9.444131619697777e-10
1,446.6835921509607,0.0,1.0,0.0,0.7186588323802416,4.612395668999057e-07,0.0,0.0,-0.001529061344202753,5.082937240738646e-09,0.001529061344202754,-5.082937240738646e-09,-1.287121798774805e-12,-6.06429802137674e-09,0.001529061345489876,9.813607806380972e-10
1,464.1588833612755,0.0,1.0,0.0,0.7186588323803019,4.792843213768627e-07,0.0,0.0,-0.001529061344202421,5.281793455845351e-09,0.001529061344202421,-5.281793455845352e-09,-1.287582902376726e-12,-6.301547331115273e-09,0.001529061345490004,1.019753875269921e-09
1,482.317848223928,0.0,1.0,0.0,0.7186588323803671,4.980350282210859e-07,0.0,0.0,-0.001529061344202061,5.488429384218905e-09,0.001529061344202062,-5.488429384218906e-09,-1.28808079059334e-12,-6.548078380433981e-09,0.001529061345490143,1.059648996215076e-09
1,501.1872336272695,0.0,1.0,0.0,0.7186588323804375,5.17519305915579e-07,0.0,0.0,-0.001529061344201673,5.703149386165475e-09,0.001529061344201673,-5.703149386165475e-09,-1.288618397923255e-12,-6.804254292368833e-09,0.001529061345490293,1.10110490620336e-09
1,520.7948328595435,0.0,1.0,0.0,0.7186588323805134,5.377658534420287e-07,0.0,0.0,-0.001529061344201254,5.926269729267596e-09,0.001529061344201254,-5.926269729267596e-09,-1.289198892965183e-12,-7.070452396165532e-09,0.001529061345490454,1.144182666897933e-09
1,541.1695265464607,0.0,1.0,0.0,0.7186588323805954,5.58804492552404e-07,0.0,0.0,-0.001529061344200802,6.158119054224271e-09,0.001529061344200802,-6.158119054224271e-09,-1.28982569709331e-12,-7.347064783059176e-09,0.001529061345490628,1.188945728834902e-09
1,562.341325190346,0.0,1.0,0.0,0.7186588323806841,5.806662116943139e-07,0.0,0.0,-0.001529061344200313,6.399038858915769e-09,0.001529061344200313,-6.399038858915769e-09,-1.290502504622505e-12,-7.634498883797288e-09,0.001529061345490817,1.235460024881519e-09
1,584.3414133735142,0.0,1.0,0.0,0.7186588323807794,6.033832116548302e-07,0.0,0.0,-0.001529061344199787,6.649384001406193e-09,0.001529061344199787,-6.649384001406193e-09,-1.291233304582207e-12,-7.933178068756896e-09,0.00152906134549102,1.283794067350703e-09
1,607.202195690985,0.0,1.0,0.0,0.7186588323808827,6.269889529900009e-07,0.0,0.0,-0.001529061344199217,6.909523222624653e-09,0.001529061344199217,-6.909523222624653e-09,-1.292022404227322e-12,-8.243542271539548e-09,0.00152906134549124,1.334019048914896e-09
1,630.9573444801896,0.0,1.0,0.0,0.7186588323809943,6.515182053099121e-07,0.0,0.0,-0.001529061344198602,7.179839689494906e-09,0.001529061344198602,-7.179839689494907e-09,-1.292874454424719e-12,-8.566048636962803e-09,0.001529061345491477,1.386208947467898e-09
1,655.6418494179751,0.0,1.0,0.0,0.7186588323811145,6.77007098491901e-07,0.0,0.0,-0.001529061344197938,7.460731559313535e-09,0.001529061344197939,-7.460731559313535e-09,-1.293794477064923e-12,-8.901172194402687e-09,0.001529061345491733,1.440440635089151e-09
1,681.2920690579573,0.0,1.0,0.0,0.7186588323812445,7.034931758973423e-07,0.0,0.0,-0.001529061344197221,7.752612566207841e-09,0.001529061344197221,-7.752612566207841e-09,-1.294787894660594e-12,-9.249406557478785e-09,0.00152906134549201,1.496793991270941e-09
1,707.9457843841337,0.0,1.0,0.0,0.7186588323813848,7.310154496704019e-07,0.0,0.0,-0.001529061344196447,8.055912630537366e-09,0.001529061344196448,-8.055912630537364e-09,-1.295860562306218e-12,-9.611264651112689e-09,0.001529061345492308,1.555352020575323e-09
1,735.6422544596369,0.0,1.0,0.0,0.7186588323815364,7.596144582002009e-07,0.0,0.0,-0.001529061344195611,8.371078492136566e-09,0.001529061344195612,-8.371078492136568e-09,-1.297018802187393e-12,-9.98727946703061e-09,0.001529061345492631,1.616200974894045e-09
1,764.4222742525956,0.0,1.0,0.0,0.7186588323816999,7.893323258310376e-07,0.0,0.0,-0.001529061344194709,8.69857436833145e-09,0.001529061344194709,-8.698574368331452e-09,-1.298269440843103e-12,-1.037800484882302e-08,0.001529061345492979,1.679430480491569e-09
1,794.3282347242767,0.0,1.0,0.0,0.7186588323818767,8.202128249086052e-07,0.0,0.0,-0.001529061344193734,9.038882637699287e-09,0.001529061344193734,-9.038882637699287e-09,-1.299619849400584e-12,-1.078401630771759e-08,0.001529061345493355,1.745133670018309e-09
1,825.4041852680133,0.0,1.0,0.0,0.7186588323820675,8.523014402536038e-07,0.0,0.0,-0.001529061344192681,9.392504550578603e-09,0.001529061344192682,-9.392504550578605e-09,-1.301077987019944e-12,-1.120591187026712e-08,0.001529061345493761,1.813407319688519e-09
1,857.6958985908889,0.0,1.0,0.0,0.7186588323822735,8.856454361577092e-07,0.0,0.0,-0.001529061344191545,9.759960967375974e-09,0.001529061344191546,-9.759960967375975e-09,-1.302652447804583e-12,-1.164431295920089e-08,0.001529061345494199,1.884351991824913e-09
1,891.25093813374,0.0,1.0,0.0,0.7186588323824958,9.202939260005748e-07,0.0,0.0,-0.001529061344190319,1.014179312575704e-08,0.001529061344190319,-1.014179312575704e-08,-1.304352511453892e-12,-1.209986530873698e-08,0.001529061345494672,1.958072182979947e-09
1,926.1187281287878,0.0,1.0,0.0,0.718658832382736,9.56297944590414e-07,0.0,0.0,-0.001529061344188994,1.053856343785183e-08,0.001529061344188994,-1.053856343785183e-08,-1.30618819795679e-12,-1.257323991570377e-08,0.001529061345495183,2.034676477851945e-09
1,962.3506263980825,0.0,1.0,0.0,0.7186588323829953,9.937105233347115e-07,0.0,0.0,-0.001529061344187564,1.095085631864862e-08,0.001529061344187564,-1.095085631864862e-08,-1.308170326648435e-12,-1.306513402787141e-08,0.001529061345495735,2.11427770922279e-09
1,999.9999999999936,0.0,1.0,0.0,0.7186588323832752,1.032586768351789e-06,0.0,0.0,-0.00152906134418602,1.13792790467964e-08,0.00152906134418602,-1.13792790467964e-08,-1.310310579978207e-12,-1.357627217094915e-08,0.00152906134549633,2.196993124152742e-09
1,1039.122303835162,0.0,1.0,0.0,0.7186588323835776,1.07298394163827e-06,0.0,0.0,-0.001529061344184351,1.182446265908399e-08,0.001529061344184352,-1.182446265908399e-08,-1.312621572364778e-12,-1.410740721576115e-08,0.001529061345496974,2.282944556677171e-09
1,1079.775162327703,0.0,1.0,0.0,0.718658832383904,1.114961545412007e-06,0.0,0.0,-0.00152906134418255,1.228706287991315e-08,0.001529061344182551,-1.228706287991315e-08,-1.315116924544122e-12,-1.465932148717274e-08,0.001529061345497668,2.372258607259589e-09
1,1122.018454301956,0.0,1.0,0.0,0.7186588323842565,1.158581409754692e-06,0.0,0.0,-0.001529061344180607,1.276776108713493e-08,0.001529061344180607,-1.276776108713492e-08,-1.31781134384863e-12,-1.523282791640024e-08,0.001529061345498418,2.465066829265303e-09
1,1165.914401179824,0.0,1.0,0.0,0.7186588323846372,1.203907783683265e-06,0.0,0.0,-0.001529061344178507,1.326726531567168e-08,0.001529061344178507,-1.326726531567168e-08,-1.320720710890527e-12,-1.582877123840203e-08,0.001529061345499228,2.561505922730352e-09
1,1211.52765862858,0.0,1.0,0.0,0.7186588323850481,1.251007429784221e-06,0.0,0.0,-0.00152906134417624,1.378631130040312e-08,0.00152906134417624,-1.378631130040312e-08,-1.323862173160454e-12,-1.644802923611422e-08,0.001529061345500102,2.661717935711108e-09
1,1258.925411794159,0.0,1.0,0.0,0.7186588323854919,1.299949722550242e-06,0.0,0.0,-0.001529061344173792,1.43256635598524e-08,0.001529061344173793,-1.43256635598524e-08,-1.327254246092899e-12,-1.709151403336355e-08,0.001529061345501047,2.765850473511153e-09
1,1308.177474260185,0.0,1.0,0.0,0.7186588323859712,1.350806750563996e-06,0.0,0.0,-0.001529061344171148,1.488611652226866e-08,0.001529061344171149,-1.488611652226866e-08,-1.330916922194146e-12,-1.776017343836227e-08,0.001529061345502066,2.874056916093608e-09
1,1359.356390878516,0.0,1.0,0.0,0.7186588323864885,1.403653422679577e-06,0.0,0.0,-0.001529061344168295,1.546849569576436e-08,0.001529061344168295,-1.546849569576435e-08,-1.33487178887591e-12,-1.845499233976345e-08,0.001529061345503167,2.9864966439991e-09
1,1412.537544622744,0.0,1.0,0.0,0.7186588323870471,1.458567578358025e-06,0.0,0.0,-0.001529061344165214,1.607365888423107e-08,0.001529061344165214,-1.607365888423107e-08,-1.33914215568918e-12,-1.917699415733326e-08,0.001529061345504356,3.103335273102181e-09
1,1467.799267622059,0.0,1.0,0.0,0.7186588323876504,1.515630102319426e-06,0.0,0.0,-0.001529061344161886,1.67024974508249e-08,0.001529061344161886,-1.67024974508249e-08,-1.343753191708158e-12,-1.992724234937687e-08,0.001529061345505639,3.22474489855197e-09
1,1525.222956539008,0.0,1.0,0.0,0.7186588323883017,1.574925043680448e-06,0.0,0.0,-0.001529061344158292,1.73559376308821e-08,0.001529061344158293,-1.73559376308821e-08,-1.348732073874027e-12,-2.070684197913838e-08,0.001529061345507025,3.350904348256272e-09
1,1584.893192461102,0.0,1.0,0.0,0.7186588323890051,1.63653973975284e-06,0.0,0.0,-0.001529061344154412,1.803494189619914e-08,0.001529061344154413,-1.803494189619914e-08,-1.354108147172863e-12,-2.151694134248178e-08,0.001529061345508521,3.481999446282639e-09
1,1646.897865482857,0.0,1.0,0.0,0.7186588323897646,1.70056494468519e-06,0.0,0.0,-0.001529061344150223,1.874051037268655e-08,0.001529061344150223,-1.874051037268655e-08,-1.359913097591769e-12,-2.235873365925077e-08,0.001529061345510137,3.618223286564233e-09
1,1711.328304161769,0.0,1.0,0.0,0.7186588323905845,1.767094963137451e-06,0.0,0.0,-0.001529061344145701,1.947368231348452e-08,0.001529061344145701,-1.947368231348452e-08,-1.366181138872612e-12,-2.323345883079825e-08,0.001529061345511882,3.759776517313725e-09
1,1778.27941003891,0.0,1.0,0.0,0.71865883239147,1.836227789185132e-06,0.0,0.0,-0.001529061344140816,2.023553762971034e-08,0.001529061344140816,-2.023553762971034e-08,-1.37294921416407e-12,-2.414240526627445e-08,0.001529061345513766,3.906867636564111e-09
1,1847.849797422278,0.0,1.0,0.0,0.718658832392426,1.908065250657729e-06,0.0,0.0,-0.001529061344135542,2.10271984810921e-08,0.001529061344135543,-2.10271984810921e-08,-1.380257213760503e-12,-2.508691178036386e-08,0.0015290613455158,4.059713299271764e-09
1,1920.141938638787,0.0,1.0,0.0,0.7186588323934583,1.982713159124014e-06,0.0,0.0,-0.001529061344129848,2.184983092883166e-08,0.001529061344129848,-2.184983092883166e-08,-1.388148210210976e-12,-2.606836956526574e-08,0.001529061345517996,4.218538636434071e-09
1,1995.262314968865,0.0,1.0,0.0,0.7186588323945731,2.060281465745089e-06,0.0,0.0,-0.001529061344123699,2.270464665313146e-08,0.001529061344123699,-2.270464665313146e-08,-1.396668712184148e-12,-2.708822423982313e-08,0.001529061345520368,4.383577586691678e-09
1,2073.32157348594,0.0,1.0,0.0,0.7186588323957767,2.140884423224776e-06,0.0,0.0,-0.001529061344117059,2.35929047379149e-08,0.00152906134411706,-2.35929047379149e-08,-1.405868938585267e-12,-2.814797797881869e-08,0.001529061345522929,4.55507324090378e-09
1,2154.434690031867,0.0,1.0,0.0,0.7186588323970762,2.224640754095879e-06,0.0,0.0,-0.001529061344109891,2.451591352536911e-08,0.001529061344109891,-2.451591352536912e-08,-1.415803114540899e-12,-2.924919172557313e-08,0.001529061345525694,4.733278200203998e-09
1,2238.721138568323,0.0,1.0,0.0,0.7186588323984796,2.311673825590188e-06,0.0,0.0,-0.00152906134410215,2.547503254304174e-08,0.00152906134410215,-2.547503254304174e-08,-1.426529790995881e-12,-3.039348749110597e-08,0.00152906134552868,4.918454948064231e-09
1,2326.305067153608,0.0,1.0,0.0,0.7186588323999948,2.402111831349798e-06,0.0,0.0,-0.001529061344093792,2.647167450633007e-08,0.001529061344093791,-2.647167450633007e-08,-1.438112189806175e-12,-3.158255074324454e-08,0.001529061345531904,5.110876236914464e-09
1,2417.315480804085,0.0,1.0,0.0,0.718658832401631,2.496087980247404e-06,0.0,0.0,-0.001529061344084766,2.750730739931235e-08,0.001529061344084766,-2.750730739931235e-08,-1.450618576361565e-12,-3.281813288920045e-08,0.001529061345535385,5.310825489888093e-09
1,2511.886431509561,0.0,1.0,0.0,0.7186588324033977,2.593740692593669e-06,0.0,0.0,-0.001529061344075021,2.858345663698579e-08,0.001529061344075021,-2.858345663698579e-08,-1.46412266193438e-12,-3.410205385527019e-08,0.001529061345539144,5.518597218284401e-09
1,2610.157215682516,0.0,1.0,0.0,0.7186588324053054,2.695213804020687e-06,0.0,0.0,-0.001529061344064497,2.970170731209653e-08,0.001529061344064498,-2.970170731209654e-08,-1.478704038125665e-12,-3.543620476745969e-08,0.001529061345543203,5.734497455363164e-09
1,2712.272579332007,0.0,1.0,0.0,0.7186588324073651,2.800656777341821e-06,0.0,0.0,-0.001529061344053136,3.086370652987054e-08,0.001529061344053136,-3.086370652987054e-08,-1.494448645969348e-12,-3.682255073698079e-08,0.001529061345547585,5.958844207110258e-09
1,2818.382931264432,0.0,1.0,0.0,0.718658832409589,2.910224922700007e-06,0.0,0.0,-0.001529061344040868,3.207116583408471e-08,0.001529061344040868,-3.207116583408472e-08,-1.511449282459288e-12,-3.826313375472304e-08,0.001529061345552317,6.191967920638312e-09
1,2928.644564625213,0.0,1.0,0.0,0.7186588324119908,3.024079626328746e-06,0.0,0.0,-0.00152906134402762,3.332586372805148e-08,0.00152906134402762,-3.332586372805149e-08,-1.529806147484585e-12,-3.976007569896369e-08,0.001529061345557427,6.434211970912226e-09
1,3043.219887107698,0.0,1.0,0.0,0.7186588324145838,3.14238858826276e-06,0.0,0.0,-0.001529061344013316,3.462964829422999e-08,0.001529061344013316,-3.462964829422999e-08,-1.549627434396752e-12,-4.131558146074648e-08,0.001529061345562944,6.685933166516511e-09
1,3162.277660168354,0.0,1.0,0.0,0.7186588324173838,3.265326069348446e-06,0.0,0.0,-0.001529061343997871,3.598443991632264e-08,0.001529061343997871,-3.598443991632264e-08,-1.571029967689471e-12,-4.293194219153209e-08,0.001529061345568902,6.94750227520946e-09
1,3285.993247600628,0.0,1.0,0.0,0.7186588324204072,3.393073147917934e-06,0.0,0.0,-0.001529061343981193,3.739223410786628e-08,0.001529061343981194,-3.739223410786627e-08,-1.594139891549362e-12,-4.46115386779044e-08,0.001529061345575334,7.219304570038157e-09
1,3414.548873833574,0.0,1.0,0.0,0.7186588324236716,3.525817986504819e-06,0.0,0.0,-0.001529061343963186,3.88551044514843e-08,0.001529061343963187,-3.88551044514843e-08,-1.619093413336e-12,-4.635684484830307e-08,0.00152906134558228,7.501740396818764e-09
1,3548.133892335725,0.0,1.0,0.0,0.7186588324271966,3.663756108994462e-06,0.0,0.0,-0.001529061343943742,4.03752056531293e-08,0.001529061343943742,-4.03752056531293e-08,-1.646037606373164e-12,-4.817043141694729e-08,0.00152906134558978,7.795225763818004e-09
1,3686.945064519545,0.0,1.0,0.0,0.7186588324310028,3.807090688616994e-06,0.0,0.0,-0.001529061343922746,4.195477671581434e-08,0.001529061343922746,-4.195477671581434e-08,-1.675131276782898e-12,-5.005496967031859e-08,0.001529061345597878,8.100192954504242e-09
1,3831.186849557256,0.0,1.0,0.0,0.7186588324351125,3.956032847207322e-06,0.0,0.0,-0.001529061343900076,4.359614423750834e-08,0.001529061343900076,-4.359614423750834e-08,-1.706545899471395e-12,-5.201323540177926e-08,0.001529061345606622,8.417091164270899e-09
1,3981.071705534939,0.0,1.0,0.0,0.7186588324395502,4.110801966172835e-06,0.0,0.0,-0.001529061343875597,4.530172583805232e-08,0.001529061343875598,-4.530172583805232e-08,-1.7404666287833e-12,-5.404811300012219e-08,0.001529061345616064,8.746387162069862e-09
1,4136.820402388472,0.0,1.0,0.0,0.7186588324443419,4.27162600962691e-06,0.0,0.0,-0.001529061343849165,4.707403372014484e-08,0.001529061343849165,-4.707403372014484e-08,-1.777093389781134e-12,-5.616259969807442e-08,0.001529061345626259,9.088565977929596e-09
1,4298.662347082241,0.0,1.0,0.0,0.7186588324495159,4.438741860164114e-06,0.0,0.0,-0.001529061343820625,4.891567836964104e-08,0.001529061343820625,-4.891567836964104e-08,-1.816642056581708e-12,-5.835980998701149e-08,0.001529061345637268,9.444131617370454e-09
1,4466.835921509593,0.0,1.0,0.0,0.7186588324551025,4.612395667771749e-06,0.0,0.0,-0.001529061343789808,5.082937240061634e-08,0.001529061343789808,-5.082937240061634e-08,-1.85934572469451e-12,-6.0642980204386e-08,0.001529061345649154,9.813607803769679e-09
1,4641.588833612739,0.0,1.0,0.0,0.7186588324611348,4.792843212391567e-06,0.0,0.0,-0.001529061343756533,5.281793455085733e-08,0.001529061343756533,-5.281793455085733e-08,-1.905456084861094e-12,-6.301547330062664e-08,0.001529061345661989,1.019753874976929e-08
1,4823.178482239265,0.0,1.0,0.0,0.7186588324676485,4.980350280665774e-06,0.0,0.0,-0.001529061343720602,5.488429383366601e-08,0.001529061343720603,-5.488429383366601e-08,-1.955244906492736e-12,-6.548078379252935e-08,0.001529061345675848,1.059648995886335e-08
1,5011.87233627268,0.0,1.0,0.0,0.7186588324746818,5.175193057422174e-06,0.0,0.0,-0.001529061343681805,5.703149385209174e-08,0.001529061343681806,-5.703149385209174e-08,-2.009005639449559e-12,-6.804254291043678e-08,0.001529061345690812,1.101104905834505e-08
1,5207.948328595417,0.0,1.0,0.0,0.718658832482276,5.377658532475141e-06,0.0,0.0,-0.001529061343639914,5.926269728194611e-08,0.001529061343639914,-5.926269728194611e-08,-2.06705514360185e-12,-7.070452394678683e-08,0.00152906134570697,1.144182666484072e-08
1,5411.695265464588,0.0,1.0,0.0,0.7186588324904761,5.588044923341553e-06,0.0,0.0,-0.001529061343594681,6.158119053020364e-08,0.001529061343594682,-6.158119053020364e-08,-2.129735556367417e-12,-7.347064781390905e-08,0.001529061345724417,1.188945728370543e-08
1,5623.413251903441,0.0,1.0,0.0,0.7186588324993304,5.806662114494347e-06,0.0,0.0,-0.001529061343545839,6.399038857564964e-08,0.00152906134354584,-6.399038857564965e-08,-2.19741630923202e-12,-7.634498881925464e-08,0.001529061345743256,1.2354600243605e-08
1,5843.414133735124,0.0,1.0,0.0,0.7186588325088912,6.033832113800717e-06,0.0,0.0,-0.0015290613434931,6.649383999890567e-08,0.001529061343493101,-6.649383999890569e-08,-2.270496305138076e-12,-7.933178066656678e-08,0.001529061345763598,1.28379406676611e-08
1,6072.021956909831,0.0,1.0,0.0,0.7186588325192145,6.269889526817165e-06,0.0,0.0,-0.001529061343436155,6.909523220924091e-08,0.001529061343436156,-6.909523220924091e-08,-2.349406269574868e-12,-8.243542269183066e-08,0.001529061345785563,1.334019048258971e-08
1,6309.573444801876,0.0,1.0,0.0,0.7186588325303613,6.515182049640118e-06,0.0,0.0,-0.001529061343374667,7.179839687586849e-08,0.001529061343374668,-7.17983968758685e-08,-2.434611289227378e-12,-8.56604863431879e-08,0.001529061345809279,1.38620894673194e-08
1,6556.418494179729,0.0,1.0,0.0,0.7186588325423975,6.770070981037947e-06,0.0,0.0,-0.001529061343308274,7.460731557172662e-08,0.001529061343308274,-7.460731557172664e-08,-2.526613553146221e-12,-8.901172191436052e-08,0.001529061345834888,1.440440634263393e-08
1,6812.920690579551,0.0,1.0,0.0,0.7186588325553939,7.034931754618804e-06,0.0,0.0,-0.001529061343236584,7.752612563805746e-08,0.001529061343236584,-7.752612563805747e-08,-2.625955312594867e-12,-9.249406554150168e-08,0.00152906134586254,1.496793990344427e-08
1,7079.457843841315,0.0,1.0,0.0,0.718658832569427,7.31015449181805e-06,0.0,0.0,-0.001529061343159175,8.05591262784217e-08,0.001529061343159175,-8.055912627842168e-08,-2.733222077019143e-12,-9.611264647377927e-08,0.001529061345892398,1.555352019535755e-08
1,7356.422544596346,0.0,1.0,0.0,0.7186588325845796,7.596144576519864e-06,0.0,0.0,-0.00152906134307559,8.371078489112509e-08,0.00152906134307559,-8.371078489112509e-08,-2.849046064975719e-12,-9.987279462840141e-08,0.001529061345924638,1.616200973727631e-08
1,7644.222742525932,0.0,1.0,0.0,0.7186588326009411,7.893323252159314e-06,0.0,0.0,-0.001529061342985337,8.698574364938406e-08,0.001529061342985338,-8.698574364938406e-08,-2.974109930358966e-12,-1.037800484412124e-07,0.001529061345959449,1.679430479182833e-08
1,7943.282347242741,0.0,1.0,0.0,0.7186588326186075,8.202128242184447e-06,0.0,0.0,-0.001529061342887886,9.038882633892231e-08,0.001529061342887887,-9.038882633892231e-08,-3.109150785888157e-12,-1.078401630244212e-07,0.001529061345997037,1.745133668549882e-08
1,8254.041852680108,0.0,1.0,0.0,0.7186588326376836,8.523014394792317e-06,0.0,0.0,-0.00152906134278266,9.392504546307022e-08,0.00152906134278266,-9.392504546307023e-08,-3.254964547569021e-12,-1.120591186434794e-07,0.001529061346037625,1.813407318040919e-08
1,8576.958985908861,0.0,1.0,0.0,0.7186588326582815,8.856454352888498e-06,0.0,0.0,-0.001529061342669038,9.759960962583183e-08,0.001529061342669039,-9.759960962583183e-08,-3.412410625735387e-12,-1.164431295255945e-07,0.00152906134608145,1.884351989976276e-08
1,8912.509381337371,0.0,1.0,0.0,0.7186588326805223,9.202939250256985e-06,0.0,0.0,-0.001529061342546354,1.014179312037944e-07,0.001529061342546354,-1.014179312037944e-07,-3.582416990319449e-12,-1.209986530128517e-07,0.001529061346128771,1.958072180905742e-08
1,9261.187281287846,0.0,1.0,0.0,0.7186588327045377,9.562979434965837e-06,0.0,0.0,-0.001529061342413881,1.053856343181806e-07,0.001529061342413881,-1.053856343181806e-07,-3.765985640204765e-12,-1.257323990734271e-07,0.001529061346179868,2.034676475524646e-08
1,9623.506263980795,0.0,1.0,0.0,0.7186588327304687,9.93710522107415e-06,0.0,0.0,-0.001529061342270841,1.095085631187863e-07,0.001529061342270841,-1.095085631187863e-07,-3.964198508897775e-12,-1.306513401849015e-07,0.00152906134623504,2.114277706611521e-08
1,9999.999999999904,0.0,1.0,0.0,0.7186588327584686,1.03258676697474e-05,0.0,0.0,-0.001529061342116389,1.137927903920035e-07,0.001529061342116389,-1.137927903920035e-07,-4.178223841325185e-12,-1.35762721604232e-07,0.001529061346294614,2.196993121222852e-08
1,10391.22303835159,0.0,1.0,0.0,0.7186588327887019,1.072983940093196e-05,0.0,0.0,-0.001529061341949617,1.182446265056107e-07,0.001529061341949617,-1.182446265056107e-07,-4.409323079341395e-12,-1.410740720395086e-07,0.00152906134635894,2.282944553389778e-08
1,10797.75162327699,0.0,1.0,0.0,0.7186588328213472,1.114961543678405e-05,0.0,0.0,-0.00152906134176954,1.228706287035029e-07,0.00152906134176954,-1.228706287035029e-07,-4.658858296528392e-12,-1.465932147392137e-07,0.001529061346428398,2.372258603571074e-08
1,11220.18454301952,0.0,1.0,0.0,0.7186588328565967,1.15858140780956e-05,0.0,0.0,-0.001529061341575098,1.276776107640523e-07,0.001529061341575098,-1.276776107640523e-07,-4.928300226107937e-12,-1.523282790153196e-07,0.001529061346503397,2.465066825126724e-08
1,11659.1440117982,0.0,1.0,0.0,0.7186588328946585,1.203907781500792e-05,0.0,0.0,-0.001529061341365143,1.326726530363277e-07,0.001529061341365143,-1.326726530363277e-07,-5.219236929281773e-12,-1.582877122171956e-07,0.00152906134658438,2.561505918086792e-08
1,12115.27658628577,0.0,1.0,0.0,0.7186588329357565,1.251007427335444e-05,0.0,0.0,-0.001529061341138439,1.378631128689523e-07,0.001529061341138439,-1.378631128689523e-07,-5.533383155089996e-12,-1.644802921739618e-07,0.001529061346671822,2.661717930500945e-08
1,12589.25411794155,0.0,1.0,0.0,0.7186588329801332,1.29994971980267e-05,0.0,0.0,-0.001529061340893649,1.43256635446963e-07,0.00152906134089365,-1.43256635446963e-07,-5.872590446953652e-12,-1.709151401236156e-07,0.001529061346766241,2.765850467665256e-08
1,13081.77474260181,0.0,1.0,0.0,0.7186588330280499,1.35080674748117e-05,0.0,0.0,-0.001529061340629333,1.488611650526325e-07,0.001529061340629333,-1.488611650526325e-07,-6.238858055468325e-12,-1.776017341479766e-07,0.001529061346868191,2.874056909534405e-08
1,13593.56390878512,0.0,1.0,0.0,0.7186588330797893,1.40365341922059e-05,0.0,0.0,-0.001529061340343929,1.546849567668397e-07,0.00152906134034393,-1.546849567668397e-07,-6.634344721767549e-12,-1.845499231332352e-07,0.001529061346978275,2.986496636639554e-08
1,14125.3754462274,0.0,1.0,0.0,0.7186588331356561,1.458567574476979e-05,0.0,0.0,-0.001529061340035758,1.607365886282253e-07,0.001529061340035759,-1.607365886282253e-07,-7.061381400905902e-12,-1.917699412766717e-07,0.001529061347097141,3.103335264844636e-08
1,14677.99267622055,0.0,1.0,0.0,0.7186588331959798,1.51563009796482e-05,0.0,0.0,-0.001529061339703003,1.670249742680413e-07,0.001529061339703003,-1.670249742680413e-07,-7.522485000251977e-12,-1.992724231609099e-07,0.001529061347225489,3.224744889286852e-08
1,15252.22956539003,0.0,1.0,0.0,0.7186588332611158,1.574925038794501e-05,0.0,0.0,-0.001529061339343702,1.735593760393035e-07,0.001529061339343702,-1.735593760393035e-07,-8.020373213863751e-12,-2.070684194179099e-07,0.001529061347364076,3.350904337860641e-08
1,15848.93192461097,0.0,1.0,0.0,0.7186588333314479,1.636539734270718e-05,0.0,0.0,-0.001529061338955738,1.803494186595879e-07,0.001529061338955738,-1.80349418659588e-07,-8.557980540278595e-12,-2.151694130057736e-07,0.001529061347513719,3.481999434618549e-08
1,16468.97865482852,0.0,1.0,0.0,0.7186588334073909,1.700564938534148e-05,0.0,0.0,-0.001529061338536824,1.874051033875633e-07,0.001529061338536824,-1.874051033875632e-07,-9.13847557812494e-12,-2.235873361223324e-07,0.0015290613476753,3.61822327347691e-08
1,17113.28304161763,0.0,1.0,0.0,0.7186588334893921,1.767094956235869e-05,0.0,0.0,-0.001529061338084491,1.947368227541419e-07,0.001529061338084491,-1.947368227541419e-07,-9.765279701494019e-12,-2.32334587780437e-07,0.00152906134784977,3.759776502629509e-08
1,17782.79410038904,0.0,1.0,0.0,0.7186588335779351,1.836227781441431e-05,0.0,0.0,-0.001529061337596073,2.023553758699474e-07,0.001529061337596073,-2.023553758699474e-07,-1.044208722514227e-11,-2.414240520708289e-07,0.00152906134803816,3.906867620088151e-08
1,18478.49797422272,0.0,1.0,0.0,0.7186588336735417,1.908065241969153e-05,0.0,0.0,-0.001529061337068691,2.10271984331644e-07,0.001529061337068691,-2.10271984331644e-07,-1.117288717837583e-11,-2.508691171394985e-07,0.001529061348241578,4.059713280785432e-08
1,19201.41938638781,0.0,1.0,0.0,0.7186588337767753,1.982713149375271e-05,0.0,0.0,-0.001529061336499236,2.18498308750559e-07,0.001529061336499236,-2.18498308750559e-07,-1.196198681594999e-11,-2.606836949074797e-07,0.001529061348461224,4.218538615692066e-08
1,19952.62314968858,0.0,1.0,0.0,0.7186588338882444,2.060281454806822e-05,0.0,0.0,-0.001529061335884354,2.270464659279408e-07,0.001529061335884354,-2.270464659279408e-07,-1.281403700455414e-11,-2.708822415621284e-07,0.001529061348698392,4.38357756341877e-08
1,20733.21573485933,0.0,1.0,0.0,0.7186588340086058,2.140884410951839e-05,0.0,0.0,-0.00152906133522042,2.359290467021525e-07,0.00152906133522042,-2.359290467021525e-07,-1.373405963450741e-11,-2.814797788500641e-07,0.00152906134895448,4.555073214791147e-08
1,21544.3469003186,0.0,1.0,0.0,0.7186588341385691,2.224640740325419e-05,0.0,0.0,-0.00152906133450352,2.451591344940887e-07,0.001529061334503521,-2.451591344940888e-07,-1.472747721822647e-11,-2.924919162031402e-07,0.001529061349230998,4.733278170905146e-08
1,22387.21138568315,0.0,1.0,0.0,0.7186588342789003,2.311673810139476e-05,0.0,0.0,-0.001529061333729429,2.547503245781294e-07,0.00152906133372943,-2.547503245781295e-07,-1.580014484991537e-11,-3.039348737300331e-07,0.001529061349529575,4.918454915190375e-08
1,23263.05067153601,0.0,1.0,0.0,0.7186588344304264,2.402111814013815e-05,0.0,0.0,-0.001529061332893586,2.64716744107018e-07,0.001529061332893586,-2.64716744107018e-07,-1.695838471484441e-11,-3.158255061073119e-07,0.001529061349851971,5.110876200029395e-08
1,24173.15480804078,0.0,1.0,0.0,0.7186588345940407,2.496087960796111e-05,0.0,0.0,-0.001529061331991061,2.750730729201567e-07,0.001529061331991062,-2.750730729201567e-07,-1.820902335161169e-11,-3.281813274051803e-07,0.001529061350200087,5.310825448502364e-08
1,25118.86431509553,0.0,1.0,0.0,0.718658834770707,2.59374067076896e-05,0.0,0.0,-0.00152906133101654,2.858345651659695e-07,0.00152906133101654,-2.858345651659695e-07,-1.955943188700708e-11,-3.410205368844582e-07,0.001529061350575973,5.518597171848851e-08
1,26101.57215682508,0.0,1.0,0.0,0.7186588349614671,2.69521377953296e-05,0.0,0.0,-0.001529061329964275,2.970170717701802e-07,0.001529061329964275,-2.970170717701803e-07,-2.101756948061805e-11,-3.543620458027966e-07,0.001529061350981845,5.734497403261617e-08
1,27122.72579331998,0.0,1.0,0.0,0.7186588351674452,2.800656749866143e-05,0.0,0.0,-0.001529061328828065,3.086370637830997e-07,0.001529061328828065,-3.086370637830997e-07,-2.259203023523524e-11,-3.682255052696132e-07,0.001529061351420096,5.958844148651368e-08
1,28183.82931264423,0.0,1.0,0.0,0.7186588353898551,2.910224891871789e-05,0.0,0.0,-0.001529061327601214,3.207116566403098e-07,0.001529061327601214,-3.207116566403098e-07,-2.429209384954198e-11,-3.826313351907733e-07,0.001529061351893309,6.19196785504636e-08
1,29286.44564625204,0.0,1.0,0.0,0.7186588356300078,3.024079591738916e-05,0.0,0.0,-0.001529061326276491,3.332586353724805e-07,0.001529061326276491,-3.332586353724805e-07,-2.612778031162936e-11,-3.97600754345649e-07,0.001529061352404272,6.434211897316842e-08
1,30432.19887107688,0.0,1.0,0.0,0.7186588358893188,3.142388549452334e-05,0.0,0.0,-0.001529061324846087,3.462964808014503e-07,0.001529061324846088,-3.462964808014503e-07,-2.810990895569369e-11,-4.131558116408618e-07,0.001529061352955998,6.685933083941137e-08
1,31622.77660168344,0.0,1.0,0.0,0.7186588361693163,3.265326025802433e-05,0.0,0.0,-0.001529061323301574,3.598443967611537e-07,0.001529061323301574,-3.598443967611537e-07,-3.025016222998995e-11,-4.293194185867375e-07,0.001529061353551737,6.947502182558369e-08
1,32859.93247600617,0.0,1.0,0.0,0.7186588364716506,3.393073099058503e-05,0.0,0.0,-0.001529061321633846,3.739223383834929e-07,0.001529061321633846,-3.739223383834929e-07,-3.25611545518822e-11,-4.461153830443122e-07,0.001529061354195001,7.219304466081922e-08
1,34145.48873833563,0.0,1.0,0.0,0.7186588367981037,3.52581793168364e-05,0.0,0.0,-0.001529061319833075,3.885510414908131e-07,0.001529061319833076,-3.88551041490813e-07,-3.50565066558145e-11,-4.635684442925927e-07,0.001529061354889582,7.501740280177957e-08
1,35481.33892335714,0.0,1.0,0.0,0.7186588371505997,3.66375604748409e-05,0.0,0.0,-0.001529061317888648,4.037520531382757e-07,0.001529061317888647,-4.037520531382757e-07,-3.775092587240047e-11,-4.817043094677242e-07,0.001529061355639574,7.795225632944874e-08
1,36869.45064519533,0.0,1.0,0.0,0.7186588375312161,3.807090619601222e-05,0.0,0.0,-0.001529061315789103,4.195477633511155e-07,0.001529061315789103,-4.195477633511155e-07,-4.066029281178728e-11,-5.005496914277373e-07,0.001529061356449396,8.100192807662176e-08
1,38311.86849557243,0.0,1.0,0.0,0.7186588379421962,3.956032769770352e-05,0.0,0.0,-0.001529061313522067,4.359614381035278e-07,0.001529061313522067,-4.359614381035278e-07,-4.380175496219555e-11,-5.201323480986416e-07,0.001529061357323822,8.417090999511387e-08
1,39810.71705534926,0.0,1.0,0.0,0.7186588383859625,4.110801879287127e-05,0.0,0.0,-0.001529061311074177,4.530172535877592e-07,0.001529061311074177,-4.530172535877592e-07,-4.719382775529353e-11,-5.404811233598256e-07,0.001529061358268005,8.746386977206653e-08
1,41368.20402388459,0.0,1.0,0.0,0.71865883886513,4.271625912139543e-05,0.0,0.0,-0.001529061308431006,4.707403318238789e-07,0.001529061308431007,-4.707403318238789e-07,-5.085650369407301e-11,-5.616259895289753e-07,0.001529061359287511,9.088565770509667e-08
1,42986.62347082227,0.0,1.0,0.0,0.7186588393825235,4.438741750781488e-05,0.0,0.0,-0.001529061305576977,4.891567776626782e-07,0.001529061305576977,-4.891567776626782e-07,-5.481137018641348e-11,-5.835980915090928e-07,0.001529061360388348,9.444131384641464e-08
1,44668.35921509578,0.0,1.0,0.0,0.7186588399411918,4.612395545042427e-05,0.0,0.0,-0.001529061302495267,5.082937172362045e-07,0.001529061302495267,-5.082937172362046e-07,-5.908173677883177e-11,-6.064297926626394e-07,0.001529061361577004,9.813607542643461e-08
1,46415.88833612725,0.0,1.0,0.0,0.7186588405444282,4.792843074687006e-05,0.0,0.0,-0.001529061299167713,5.28179337912555e-07,0.001529061299167713,-5.281793379125548e-07,-6.369277254031607e-11,-6.301547224803638e-07,0.001529061362860486,1.019753845678086e-07
1,48231.7848223925,0.0,1.0,0.0,0.7186588411957878,4.980350126158718e-05,0.0,0.0,-0.001529061295574703,5.488429298137875e-07,0.001529061295574703,-5.488429298137876e-07,-6.86716544059691e-11,-6.548078261150367e-07,0.001529061364246357,1.059648963012493e-07
1,50118.72336272663,0.0,1.0,0.0,0.7186588418991099,5.175192884062404e-05,0.0,0.0,-0.001529061291695059,5.70314928958097e-07,0.001529061291695058,-5.70314928958097e-07,-7.404772735477875e-11,-6.804254158530419e-07,0.001529061365742787,1.101104868949448e-07
1,52079.48328595401,0.0,1.0,0.0,0.7186588426585392,5.377658337962283e-05,0.0,0.0,-0.001529061287505917,5.926269620898003e-07,0.001529061287505918,-5.926269620898003e-07,-7.985267736558421e-11,-7.070452245996368e-07,0.001529061367358594,1.144182625098358e-07
1,54116.95265464572,0.0,1.0,0.0,0.7186588434785525,5.588044705094538e-05,0.0,0.0,-0.001529061282982584,6.158118932631591e-07,0.001529061282982585,-6.158118932631591e-07,-8.612071817061732e-11,-7.347064614566602e-07,0.001529061369103303,1.188945681935008e-07
1,56234.13251903423,0.0,1.0,0.0,0.7186588443639824,5.806661869617175e-05,0.0,0.0,-0.001529061278098403,6.399038722486544e-07,0.001529061278098403,-6.399038722486544e-07,-9.288879290732172e-11,-7.634498694745516e-07,0.001529061370987197,1.235459972258973e-07
1,58434.14133735106,0.0,1.0,0.0,0.7186588453200475,6.033831839044016e-05,0.0,0.0,-0.001529061272824585,6.649383848330091e-07,0.001529061272824585,-6.649383848330092e-07,-1.001967918569589e-10,-7.933177856637326e-07,0.001529061373021378,1.283794008307237e-07
1,60720.21956909812,0.0,1.0,0.0,0.7186588463523829,6.269889218535075e-05,0.0,0.0,-0.001529061267130048,6.90952305087044e-07,0.001529061267130048,-6.909523050870441e-07,-1.080877875533238e-10,-8.243542033537477e-07,0.001529061375217836,1.334018982667037e-07
1,63095.73444801856,0.0,1.0,0.0,0.718658847467073,6.515181703741925e-05,0.0,0.0,-0.001529061260981228,7.179839496783517e-07,0.001529061260981228,-7.179839496783517e-07,-1.166082886472702e-10,-8.5660483699201e-07,0.001529061377589517,1.38620887313658e-07
1,65564.18494179708,0.0,1.0,0.0,0.7186588486706876,6.770070592933795e-05,0.0,0.0,-0.001529061254341884,7.460731343087805e-07,0.001529061254341885,-7.460731343087805e-07,-1.25808514023288e-10,-8.901171894775849e-07,0.001529061380150399,1.440440551688042e-07
1,68129.20690579529,0.0,1.0,0.0,0.7186588499703208,7.034931319158783e-05,0.0,0.0,-0.001529061247172887,7.752612323598587e-07,0.001529061247172888,-7.752612323598587e-07,-1.357426887837393e-10,-9.249406221291948e-07,0.001529061382915576,1.496793897693358e-07
1,70794.57843841292,0.0,1.0,0.0,0.7186588513736326,7.310154003223879e-05,0.0,0.0,-0.001529061239431981,8.055912358325308e-07,0.001529061239431981,-8.055912358325308e-07,-1.464693638452424e-10,-9.611264273904858e-07,0.001529061385901346,1.555351915579549e-07
1,73564.22544596322,0.0,1.0,0.0,0.7186588528888935,7.5961440283082e-05,0.0,0.0,-0.001529061231073544,8.371078186709625e-07,0.001529061231073544,-8.371078186709625e-07,-1.580517610308604e-10,-9.987279043796472e-07,0.001529061389125306,1.616200857086851e-07
1,76442.22742525907,0.0,1.0,0.0,0.7186588545250348,7.893322637055704e-05,0.0,0.0,-0.001529061222048311,8.698574025636788e-07,0.001529061222048312,-8.698574025636789e-07,-1.705581456920163e-10,-1.037800437394652e-06,0.001529061392606457,1.679430348309724e-07
1,79432.82347242715,0.0,1.0,0.0,0.7186588562916996,8.202127552026854e-05,0.0,0.0,-0.001529061212303087,9.038882253189559e-07,0.001529061212303088,-9.03888225318956e-07,-1.840622290563176e-10,-1.07840157748974e-06,0.001529061396365318,1.745133521707841e-07
1,82540.4185268008,0.0,1.0,0.0,0.7186588581993001,8.523013620422769e-05,0.0,0.0,-0.001529061201780439,9.392504119151604e-07,0.001529061201780439,-9.392504119151604e-07,-1.98643602672663e-10,-1.120591127243304e-06,0.001529061400424043,1.81340715328144e-07
1,85769.58985908833,0.0,1.0,0.0,0.7186588602590797,8.85645348403158e-05,0.0,0.0,-0.001529061190418345,9.759960483306924e-07,0.001529061190418345,-9.759960483306924e-07,-2.143882075141879e-10,-1.164431228842003e-06,0.001529061404806552,1.884351805113102e-07
1,89125.09381337342,0.0,1.0,0.0,0.7186588624831788,9.202938275383498e-05,0.0,0.0,-0.001529061178149836,1.014179258262264e-06,0.001529061178149836,-1.014179258262264e-06,-2.313888405038687e-10,-1.209986455610849e-06,0.001529061409538678,1.958071973485851e-07
1,92611.87281287817,0.0,1.0,0.0,0.7186588648847053,9.562978341139816e-05,0.0,0.0,-0.001529061164902608,1.053856282844502e-06,0.001529061164902608,-1.053856282844502e-06,-2.497457014481638e-10,-1.257323907124073e-06,0.001529061414648309,2.034676242795705e-07
1,96235.06263980764,0.0,1.0,0.0,0.7186588674778142,9.93710399378118e-05,0.0,0.0,-0.001529061150598579,1.095085563488295e-06,0.001529061150598579,-1.095085563488295e-06,-2.69566983602231e-10,-1.306513308036831e-06,0.001529061420165562,2.114277445485358e-07
1,99999.9999999987,0.0,1.0,0.0,0.7186588702777887,0.0001032586629270206,0.0,0.0,-0.001529061135153443,1.137927827959872e-06,0.001529061135153443,-1.137927827959872e-06,-2.909695113474127e-10,-1.35762711078332e-06,0.001529061426122955,2.19699282823448e-07
1,103912.2303835156,0.0,1.0,0.0,0.7186588733011317,0.0001072983785586169,0.0,0.0,-0.00152906111847617,1.182446179827404e-06,0.00152906111847617,-1.182446179827404e-06,-3.140794287393511e-10,-1.410740602292546e-06,0.001529061432555599,2.282944224651424e-07
1,107977.5162327696,0.0,1.0,0.0,0.7186588765656622,0.0001114961370318672,0.0,0.0,-0.001529061100468464,1.228706191406852e-06,0.001529061100468465,-1.228706191406852e-06,-3.390329429849091e-10,-1.465932014878909e-06,0.001529061439501409,2.372258234720578e-07
1,112201.8454301949,0.0,1.0,0.0,0.718658880090621,0.0001158581213296743,0.0,0.0,-0.001529061081024193,1.276776000343945e-06,0.001529061081024193,-1.276776000343945e-06,-3.659771272298202e-10,-1.523282641470911e-06,0.001529061447001321,2.465066411269666e-07
1,116591.4401179817,0.0,1.0,0.0,0.7186588838967837,0.0001203907563253824,0.0,0.0,-0.001529061060028753,1.326726409974538e-06,0.001529061060028753,-1.326726409974538e-06,-3.950707873885411e-10,-1.582876955347693e-06,0.00152906145509954,2.561505453731541e-07
1,121152.7658628573,0.0,1.0,0.0,0.7186588880065837,0.0001251007182458323,0.0,0.0,-0.001529061037358397,1.378630993611139e-06,0.001529061037358397,-1.378630993611139e-06,-4.264853981252329e-10,-1.644802734559719e-06,0.001529061463843795,2.661717409485793e-07
1,125892.5411794151,0.0,1.0,0.0,0.7186588924442436,0.0001299949445046027,0.0,0.0,-0.001529061012879511,1.432566202909194e-06,0.001529061012879511,-1.432566202909194e-06,-4.604061135023569e-10,-1.70915119121686e-06,0.001529061473285625,2.765849883076652e-07
1,130817.7474260177,0.0,1.0,0.0,0.7186588972359185,0.0001350806439199151,0.0,0.0,-0.001529060986447818,1.488611480472722e-06,0.001529060986447818,-1.488611480472722e-06,-4.970328582534303e-10,-1.776017105834243e-06,0.001529061483480678,2.874056253615215e-07
1,135935.6390878508,0.0,1.0,0.0,0.7186589024098495,0.0001403653073322481,0.0,0.0,-0.001529060957907535,1.546849376865119e-06,0.001529060957907535,-1.546849376865119e-06,-5.365815061116716e-10,-1.845498966933732e-06,0.001529061494489042,2.986495900686129e-07
1,141253.7544622736,0.0,1.0,0.0,0.7186589079965316,0.0001458567186372927,0.0,0.0,-0.001529060927090447,1.60736567219746e-06,0.001529060927090447,-1.60736567219746e-06,-5.792851521393359e-10,-1.917699116106594e-06,0.001529061506375599,3.103334439091333e-07
1,146779.926762205,0.0,1.0,0.0,0.7186589140288921,0.0001515629662504921,0.0,0.0,-0.001529060893814921,1.67024950247333e-06,0.001529060893814922,-1.67024950247333e-06,-6.253954865565411e-10,-1.992723898750972e-06,0.001529061519210409,3.224743962776428e-07
1,152522.2956538998,0.0,1.0,0.0,0.7186589205424847,0.0001574924550200469,0.0,0.0,-0.001529060857884838,1.735593490876261e-06,0.001529060857884838,-1.735593490876261e-06,-6.751842781666124e-10,-2.070683820706149e-06,0.001529061533069116,3.35090329829887e-07
1,158489.3192461092,0.0,1.0,0.0,0.7186589275756999,0.0001636539186059212,0.0,0.0,-0.001529060819088428,1.803493884193093e-06,0.001529060819088428,-1.803493884193093e-06,-7.289449761208559e-10,-2.151693711014203e-06,0.001529061548033404,3.48199826821109e-07
1,164689.7865482846,0.0,1.0,0.0,0.7186589351699907,0.0001700564323430738,0.0,0.0,-0.001529060777197029,1.874050694574136e-06,0.001529060777197029,-1.874050694574135e-06,-7.869944394631375e-10,-2.23587289104876e-06,0.00152906156419147,3.618221964746251e-07
1,171132.8304161757,0.0,1.0,0.0,0.7186589433701166,0.0001767094266078513,0.0,0.0,-0.001529060731963741,1.947367846838889e-06,0.001529060731963741,-1.94736784683889e-06,-8.496748046477264e-10,-2.32334535025985e-06,0.001529061581638546,3.759775034209602e-07
1,177827.9410038899,0.0,1.0,0.0,0.7186589522244086,0.0001836227007072166,0.0,0.0,-0.001529060683121961,2.023553331544224e-06,0.001529060683121962,-2.023553331544224e-06,-9.173555020369868e-10,-2.41423992879362e-06,0.001529061600477465,3.906865972493971e-07
1,184784.9797422266,0.0,1.0,0.0,0.7186589617850524,0.0001908064373112579,0.0,0.0,-0.001529060630383825,2.102719364040385e-06,0.001529060630383826,-2.102719364040385e-06,-9.904354332635436e-10,-2.508690507255827e-06,0.001529061620819261,4.059711432154424e-07
1,192014.1938638775,0.0,1.0,0.0,0.7186589721083974,0.0001982712174502197,0.0,0.0,-0.0015290605734385,2.184982549749032e-06,0.001529060573438501,-2.184982549749032e-06,-1.06934532228958e-09,-2.606836203898435e-06,0.001529061642783824,4.218536541494036e-07
1,199526.2314968852,0.0,1.0,0.0,0.7186589832552879,0.0002060280360981285,0.0,0.0,-0.001529060511950358,2.27046405590665e-06,0.001529060511950358,-2.27046405590665e-06,-1.15455025401961e-09,-2.708821579519689e-06,0.001529061666500612,4.383575236130394e-07
1,207332.1573485926,0.0,1.0,0.0,0.7186589952914224,0.0002140883183659455,0.0,0.0,-0.001529060445556995,2.359289790026185e-06,0.001529060445556995,-2.359289790026185e-06,-1.246552415428372e-09,-2.814796850379262e-06,0.001529061692109409,4.555070603530754e-07
1,215443.4690031854,0.0,1.0,0.0,0.7186590082877407,0.0002224639363280781,0.0,0.0,-0.001529060373867094,2.45159058533966e-06,0.001529060373867095,-2.45159058533966e-06,-1.34589405535905e-09,-2.924918109441953e-06,0.00152906171976115,4.733275241022939e-07
1,223872.1138568308,0.0,1.0,0.0,0.7186590223208408,0.000231167226507006,0.0,0.0,-0.001529060296458129,2.547502393494742e-06,0.001529060296458129,-2.547502393494742e-06,-1.453160680435614e-09,-3.039347556275605e-06,0.00152906174961881,4.918451627808638e-07
1,232630.5067153593,0.0,1.0,0.0,0.7186590374734322,0.000240211008041751,0.0,0.0,-0.00152906021287386,2.647166484788993e-06,0.00152906021287386,-2.647166484788993e-06,-1.568984505924698e-09,-3.158253735941654e-06,0.001529061781858366,5.110872511526618e-07
1,241731.548080407,0.0,1.0,0.0,0.7186590538348222,0.0002496086015669179,0.0,0.0,-0.001529060122621652,2.750729656236491e-06,0.001529060122621652,-2.750729656236491e-06,-1.694048181884771e-09,-3.281811787229933e-06,0.001529061816669835,5.310821309934424e-07
1,251188.6431509545,0.0,1.0,0.0,0.7186590715014426,0.0002593738488300787,0.0,0.0,-0.001529060025169572,2.858344447773157e-06,0.001529060025169572,-2.858344447773157e-06,-1.82908881656278e-09,-3.410203700603111e-06,0.001529061854258389,5.518592528299548e-07
1,261015.72156825,0.0,1.0,0.0,0.7186590905774182,0.0002695211330763561,0.0,0.0,-0.001529059919943248,2.970169366918982e-06,0.001529059919943249,-2.970169366918982e-06,-1.974902320750091e-09,-3.543618586230379e-06,0.001529061894845571,5.73449219311396e-07
1,271227.2579331989,0.0,1.0,0.0,0.7186591111751797,0.000280065400230189,0.0,0.0,-0.001529059806322496,3.086369122227857e-06,0.001529059806322496,-3.086369122227857e-06,-2.132348098701049e-09,-3.682252952504854e-06,0.001529061938670595,5.958838302769979e-07
1,281838.2931264414,0.0,1.0,0.0,0.7186591334161276,0.0002910221809054242,0.0,0.0,-0.001529059683637647,3.207114865868542e-06,0.001529059683637647,-3.207114865868542e-06,-2.302354113259685e-09,-3.82631099545455e-06,0.001529061985991761,6.191961295860088e-07
1,292864.4564625195,0.0,1.0,0.0,0.7186591574313469,0.0003024076132761035,0.0,0.0,-0.001529059551165616,3.332584445693818e-06,0.001529059551165617,-3.332584445693817e-06,-2.485922355045368e-09,-3.97600489947276e-06,0.001529062037087972,6.434204537789436e-07
1,304321.9887107678,0.0,1.0,0.0,0.7186591833623795,0.0003142384668415681,0.0,0.0,-0.001529059408125633,3.462962667168724e-06,0.001529059408125633,-3.462962667168724e-06,-2.6841347479292e-09,-4.131555149810357e-06,0.001529062092260382,6.685924826416343e-07
1,316227.7660168334,0.0,1.0,0.0,0.7186592113620592,0.0003265321671208125,0.0,0.0,-0.001529059253674641,3.598441565543307e-06,0.001529059253674642,-3.598441565543307e-06,-2.898159525603915e-09,-4.293190857289716e-06,0.001529062151834169,6.947492917464095e-07
1,328599.3247600607,0.0,1.0,0.0,0.7186592415954114,0.0003393068213123857,0.0,0.0,-0.001529059086902334,3.739220688670339e-06,0.001529059086902334,-3.739220688670339e-06,-3.129258116826072e-09,-4.46115009571797e-06,0.00152906221616045,7.219294070476291e-07
1,341454.8873833552,0.0,1.0,0.0,0.7186592742406271,0.0003525812449575443,0.0,0.0,-0.001529058906825775,3.885507390884078e-06,0.001529058906825776,-3.885507390884077e-06,-3.378792579906694e-09,-4.635680252495876e-06,0.001529062285618356,7.501728616117964e-07
1,354813.3892335703,0.0,1.0,0.0,0.7186593094901116,0.0003663749896458302,0.0,0.0,-0.001529058712383628,4.037517138372392e-06,0.001529058712383629,-4.037517138372392e-06,-3.648233630262917e-09,-4.817038392937991e-06,0.001529062360617259,7.795212545655961e-07
1,368694.5064519521,0.0,1.0,0.0,0.7186593475516198,0.0003807083718037723,0.0,0.0,-0.001529058502429881,4.195473826491435e-06,0.001529058502429882,-4.195473826491435e-06,-3.93916930833782e-09,-5.005491638839884e-06,0.001529062441599191,8.100178123484518e-07
1,383118.6849557231,0.0,1.0,0.0,0.718659388649479,0.0003956025026089888,0.0,0.0,-0.001529058275727106,4.359610109489528e-06,0.001529058275727106,-4.359610109489528e-06,-4.253314338968691e-09,-5.20131756184908e-06,0.001529062529041445,8.417074523595507e-07
1,398107.1705534914,0.0,1.0,0.0,0.7186594330259134,0.0004110793190736128,0.0,0.0,-0.001529058030939152,4.530167743125196e-06,0.001529058030939152,-4.530167743125196e-06,-4.592520237358177e-09,-5.404804592217988e-06,0.00152906262345939,8.746368490927931e-07
1,413682.0402388446,0.0,1.0,0.0,0.7186594809424692,0.0004271616163426654,0.0,0.0,-0.001529057766623287,4.707397940683078e-06,0.001529057766623287,-4.707397940683078e-06,-4.958786221201642e-09,-5.616252443539814e-06,0.001529062725409509,9.088545028567349e-07
1,429866.2347082213,0.0,1.0,0.0,0.7186595326815578,0.0004438730812547759,0.0,0.0,-0.001529057481221681,4.89156174291116e-06,0.001529057481221682,-4.89156174291116e-06,-5.354270993273815e-09,-5.835972554091534e-06,0.001529062835492676,9.444108111803743e-07
1,446683.5921509565,0.0,1.0,0.0,0.718659588548119,0.0004612383272144785,0.0,0.0,-0.001529057173052236,5.082930402423128e-06,0.001529057173052236,-5.082930402423128e-06,-5.781305463906208e-09,-6.064288545432656e-06,0.0015290629543577,9.813581430095286e-07
1,464158.8833612709,0.0,1.0,0.0,0.7186596488714194,0.000479282930427235,0.0,0.0,-0.001529056840298659,5.281785783130796e-06,0.001529056840298659,-5.281785783130796e-06,-6.242406488324181e-09,-6.301536698933425e-06,0.001529063082705148,1.019750915802628e-06
1,482317.8482239234,0.0,1.0,0.0,0.7186597140069919,0.0004980334675502962,0.0,0.0,-0.001529056480999771,5.488420775293576e-06,0.001529056480999772,-5.488420775293577e-06,-6.740291699791196e-09,-6.548066450932504e-06,0.001529063221291472,1.059645675638928e-06
1,501187.2336272647,0.0,1.0,0.0,0.7186597843387313,0.0005175175548145896,0.0,0.0,-0.001529056093037945,5.703139726794801e-06,0.001529056093037945,-5.703139726794801e-06,-7.277895525963497e-09,-6.804240907251377e-06,0.001529063370933471,1.101101180456574e-06
1,520794.8328595385,0.0,1.0,0.0,0.7186598602811574,0.0005377638886749346,0.0,0.0,-0.001529055674126616,5.926258891278377e-06,0.001529055674126617,-5.926258891278376e-06,-7.858386482828254e-09,-7.07043737782079e-06,0.001529063532513101,1.144178486542414e-06
1,541169.5265464555,0.0,1.0,0.0,0.7186599422818565,0.000558802288048109,0.0,0.0,-0.001529055221796824,6.158106893803908e-06,0.001529055221796825,-6.158106893803909e-06,-8.485185848124135e-09,-7.347047932204137e-06,0.001529063706982673,1.188941038400232e-06
1,562341.3251903405,0.0,1.0,0.0,0.7186600308241211,0.0005806637382005906,0.0,0.0,-0.001529054733382646,6.399025214704005e-06,0.001529054733382646,-6.399025214704005e-06,-9.16198782426884e-09,-7.634479976832922e-06,0.00152906389537047,1.235454762128916e-06
1,584341.4133735087,0.0,1.0,0.0,0.7186601264297966,0.0006033804363501701,0.0,0.0,-0.001529054206005492,6.64936869235401e-06,0.001529054206005492,-6.64936869235401e-06,-9.892781309591329e-09,-7.933156854801181e-06,0.001529064098786801,1.28378816244717e-06
1,607202.1956909792,0.0,1.0,0.0,0.7186602296623578,0.0006269858390480986,0.0,0.0,-0.001529053636557141,6.90950604559189e-06,0.001529053636557141,-6.90950604559189e-06,-1.068187340613881e-08,-8.24351846909848e-06,0.001529064318430549,1.334012423506593e-06
1,630957.3444801836,0.0,1.0,0.0,0.7186603411302278,0.0006515147114110171,0.0,0.0,-0.001529053021681426,7.1798204165548e-06,0.001529053021681427,-7.1798204165548e-06,-1.153391480255639e-08,-8.566021930195262e-06,0.001529064555596229,1.386201513640462e-06
1,655641.8494179688,0.0,1.0,0.0,0.7186604614903664,0.000677003178274541,0.0,0.0,-0.001529052357754447,7.460709934728324e-06,0.001529052357754448,-7.460709934728324e-06,-1.245392718157908e-08,-8.90114222892947e-06,0.001529064811681631,1.440432294201151e-06
1,681292.0690579507,0.0,1.0,0.0,0.7186605914521387,0.0007034887773431518,0.0,0.0,-0.001529051640863225,7.752588303035381e-06,0.001529051640863226,-7.752588303035381e-06,-1.344733281359853e-08,-9.249372935680387e-06,0.00152906508819604,1.496784632645004e-06
1,707945.7843841269,0.0,1.0,0.0,0.7186607317814977,0.0007310105144138898,0.0,0.0,-0.001529050866782633,8.055885406823688e-06,0.001529050866782633,-8.055885406823688e-06,-1.45199865106388e-08,-9.611226926853241e-06,0.001529065386769144,1.555341520029553e-06
1,735642.2544596299,0.0,1.0,0.0,0.718660883305497,0.0007596089207543009,0.0,0.0,-0.001529050030950502,8.371047946643885e-06,0.001529050030950502,-8.371047946643887e-06,-1.567821012897297e-08,-9.98723713973814e-06,0.001529065709160632,1.616189193094257e-06
1,764422.2742525883,0.0,1.0,0.0,0.7186610469171647,0.0007893261127181615,0.0,0.0,-0.001529049128440738,8.698540095744904e-06,0.001529049128440739,-8.698540095744905e-06,-1.692882982361727e-08,-1.037795735684737e-05,0.001529066057270563,1.679417261102471e-06
1,794328.234724269,0.0,1.0,0.0,0.718661223580766,0.0008202058536856773,0.0,0.0,-0.001529048153934291,9.038844183248855e-06,0.001529048153934291,-9.038844183248857e-06,-1.827921627413876e-08,-1.078396302087796e-05,0.001529066433150566,1.745118837629101e-06
1,825404.1852680054,0.0,1.0,0.0,0.7186614143374855,0.0008522936184181345,0.0,0.0,-0.001529047101687808,9.392461404004836e-06,0.001529047101687808,-9.392461404004836e-06,-1.973732811870247e-08,-1.120585208149023e-05,0.001529066839015927,1.813390677485392e-06
1,857695.8985908806,0.0,1.0,0.0,0.7186616203115631,0.0008856366599203917,0.0,0.0,-0.001529045965499792,9.759912556159415e-06,0.001529045965499792,-9.759912556159415e-06,-2.131175885216641e-08,-1.164424587513897e-05,0.001529067277258645,1.884333318979557e-06
1,891250.9381337314,0.0,1.0,0.0,0.7186618427169174,0.00092028407890813,0.0,0.0,-0.001529044738674061,1.014173880752161e-05,0.001529044738674062,-1.014173880752161e-05,-2.301178746441828e-08,-1.209979003924104e-05,0.001529067750461526,1.958051231719425e-06
1,926118.7281287787,0.0,1.0,0.0,0.7186620828643001,0.0009562868959804016,0.0,0.0,-0.001529043413980287,1.053850249184131e-05,0.001529043413980287,-1.053850249184131e-05,-2.484743311715625e-08,-1.257315546201237e-05,0.001529068261413405,2.034652970171067e-06
1,962350.6263980733,0.0,1.0,0.0,0.7186623421690189,0.0009936981266018105,0.0,0.0,-0.00152904198361139,1.095078793616314e-05,0.00152904198361139,-1.095078793616313e-05,-2.68295141810758e-08,-1.306503926935847e-05,0.001529068813125572,2.114251333195342e-06
1,999999.9999999839,0.0,1.0,0.0,0.718662622159277,0.001032572859002545,0.0,0.0,-0.001529040439137544,1.13792023204621e-05,0.001529040439137544,-1.13792023204621e-05,-2.896971198107594e-08,-1.357616585025476e-05,0.001529069408849526,2.196963529792648e-06
1,1039122.303835152,0.0,1.0,0.0,0.7186629244851777,0.001072968335108502,0.0,0.0,-0.001529038771456498,1.182437657081349e-05,0.001529038771456498,-1.182437657081349e-05,-3.128063962478801e-08,-1.410728792210818e-05,0.001529070052096123,2.282911351294686e-06
1,1079775.162327692,0.0,1.0,0.0,0.7186632509284465,0.001114944034617919,0.0,0.0,-0.001529036970739949,1.228696628739705e-05,0.001529036970739949,-1.228696628739704e-05,-3.377591631962521e-08,-1.465918763764793e-05,0.001529070746656269,2.372221350250891e-06
1,1122018.454301945,0.0,1.0,0.0,0.7186636034129297,0.001158561762345194,0.0,0.0,-0.001529035026375638,1.276765270868511e-05,0.001529035026375638,-1.276765270868511e-05,-3.647024761582054e-08,-1.523267773495148e-05,0.001529071496623255,2.465025026266371e-06
1,1165914.401179813,0.0,1.0,0.0,0.7186639840159278,0.001203885738957052,0.0,0.0,-0.001529032926904819,1.326714371321546e-05,0.001529032926904819,-1.326714371321546e-05,-3.937951204775839e-08,-1.582860273227302e-05,0.001529072306416868,2.561459019057558e-06
1,1211527.658628569,0.0,1.0,0.0,0.7186643949804354,0.001250982695230721,0.0,0.0,-0.001529030659954754,1.378617486040245e-05,0.001529030659954754,-1.378617486040245e-05,-4.252085468350829e-08,-1.644784016940399e-05,0.001529073180809437,2.661665309001533e-06
1,1258925.411794147,0.0,1.0,0.0,0.7186648387283555,0.001299921969968532,0.0,0.0,-0.001529028212165814,1.432551047189523e-05,0.001529028212165814,-1.432551047189523e-05,-4.59127881330629e-08,-1.70913018973602e-05,0.001529074124953948,2.765791425464962e-06
1,1308177.474260173,0.0,1.0,0.0,0.718665317874766,0.001350775611708197,0.0,0.0,-0.001529025569112786,1.488594475504814e-05,0.001529025569112786,-1.488594475504814e-05,-4.957530160959871e-08,-1.775993541825707e-05,0.001529075144414396,2.87399066320893e-06
1,1359356.390878503,0.0,1.0,0.0,0.7186658352433267,0.001403618484372977,0.0,0.0,-0.001529022715219881,1.546830297012752e-05,0.001529022715219881,-1.546830297012752e-05,-5.352997868537369e-08,-1.845472527730406e-05,0.001529076245198567,2.986422307176546e-06
1,1412537.544622731,0.0,1.0,0.0,0.7186663938829116,0.001458528377011102,0.0,0.0,-0.001529019633668994,1.607344264293933e-05,0.001529019633668994,-1.607344264293933e-05,-5.780012443492482e-08,-1.917669450892039e-05,0.001529077433793429,3.103251865981068e-06
1,1467799.267622045,0.0,1.0,0.0,0.7186669970855689,0.001515586117779051,0.0,0.0,-0.001529016306300625,1.67022548246252e-05,0.001529016306300625,-1.67022548246252e-05,-6.241090271332855e-08,-1.992690613904872e-05,0.001529078717203338,3.224651314423513e-06
1,1525222.956538993,0.0,1.0,0.0,0.718667648405912,0.001574875692328699,0.0,0.0,-0.001529012713506924,1.735566540043879e-05,0.001529012713506925,-1.735566540043879e-05,-6.738948437675538e-08,-2.070646474581901e-05,0.001529080102991302,3.350799345380212e-06
1,1584893.192461087,0.0,1.0,0.0,0.7186683516820547,0.001636484366763857,0.0,0.0,-0.001529008834116204,1.803463644938151e-05,0.001529008834116204,-1.803463644938151e-05,-7.276520731673218e-08,-2.151651808079399e-05,0.001529081599323521,3.481881631412461e-06
1,1646897.865482841,0.0,1.0,0.0,0.7186691110582181,0.001700502815337383,0.0,0.0,-0.001529004645268235,1.874016765664544e-05,0.001529004645268235,-1.874016765664544e-05,-7.856974924879246e-08,-2.235825875310796e-05,0.001529083215017485,3.618091096462517e-06
1,1711328.304161752,0.0,1.0,0.0,0.7186699310091349,0.001767025253065833,0.0,0.0,-0.001529000122279633,1.947329778088257e-05,0.001529000122279633,-1.947329778088257e-05,-8.483731427094586e-08,-2.323292597889499e-05,0.001529084959593904,3.759628198012411e-06
1,1778279.410038893,0.0,1.0,0.0,0.7186708163664025,0.001836149573444477,0.0,0.0,-0.001528995238498483,2.023510617839249e-05,0.001528995238498483,-2.02351061783925e-05,-9.160483428806458e-08,-2.414180739848713e-05,0.001529086843332771,3.906701220094632e-06
1,1847849.79742226,0.0,1.0,0.0,0.7186717723469329,0.001907977491451515,0.0,0.0,-0.001528989965147414,2.102671438639636e-05,0.001528989965147414,-2.102671438639636e-05,-9.891218648532776e-08,-2.508624096395277e-05,0.0015290888773339,4.059526577556414e-06
1,1920141.938638769,0.0,1.0,0.0,0.7186728045836701,0.001982614692036399,0.0,0.0,-0.001528984271154149,2.184928776764238e-05,0.001528984271154149,-2.184928776764238e-05,-1.068024281277886e-07,-2.606761689963472e-05,0.001529091073582277,4.218329131992339e-06
1,1995262.314968846,0.0,1.0,0.0,0.7186739191587554,0.002060170984293359,0.0,0.0,-0.001528978122968563,2.270403721866794e-05,0.001528978122968563,-2.270403721866794e-05,-1.153220500644681e-07,-2.708737973844104e-05,0.001529093445018629,4.383342519773104e-06
1,2073321.57348592,0.0,1.0,0.0,0.7186751226393325,0.002140760461527376,0.0,0.0,-0.001528971484365175,2.359222094412537e-05,0.001528971484365176,-2.359222094412537e-05,-1.245212504247113e-07,-2.81470304367368e-05,0.001529096005615601,4.554809492611438e-06
1,2154434.690031847,0.0,1.0,0.0,0.7186764221162065,0.002224501667426234,0.0,0.0,-0.0015289643162299,2.451514629966228e-05,0.0015289643162299,-2.451514629966228e-05,-1.344542301124959e-07,-2.924812857078193e-05,0.001529098770460014,4.732982271119648e-06
1,2238721.138568301,0.0,1.0,0.0,0.7186778252455793,0.002311517768558456,0.0,0.0,-0.001528956576329826,2.547417170593361e-05,0.001528956576329826,-2.547417170593362e-05,-1.451795118316205e-07,-3.039229461776012e-05,0.001529101755841658,4.918122911826501e-06
1,2326305.067153586,0.0,1.0,0.0,0.71867934029411,0.00240193673342326,0.0,0.0,-0.001528948219064657,2.647070863641031e-05,0.001528948219064658,-2.647070863641031e-05,-1.567602845119505e-07,-3.158121232454491e-05,0.00152910497934917,5.110503688134596e-06
1,2417315.480804062,0.0,1.0,0.0,0.7186809761875601,0.002495891518284964,0.0,0.0,-0.001528939195198377,2.750622368173986e-05,0.001528939195198377,-2.750622368173986e-05,-1.692647751549308e-07,-3.281663116745255e-05,0.001529108459973532,5.310407485712688e-06
1,2511886.431509537,0.0,1.0,0.0,0.7186827425633131,0.002593520260030331,0.0,0.0,-0.001528929451569538,2.858224069350509e-05,0.001528929451569538,-2.858224069350509e-05,-1.827666502762246e-07,-3.410036890633558e-05,0.001529112218219815,5.518128212830491e-06
1,2610157.215682491,0.0,1.0,0.0,0.7186846498270718,0.00269496647629353,0.0,0.0,-0.001528918930778517,2.970034301032152e-05,0.001528918930778517,-2.970034301032152e-05,-1.973454492954991e-07,-3.543431423647797e-05,0.001529116276227812,5.733971226156446e-06
1,2712272.579331981,0.0,1.0,0.0,0.7186867092140684,0.002800379273099196,0.0,0.0,-0.001528907570849863,3.086217576930787e-05,0.001528907570849863,-3.086217576930787e-05,-2.13087052409013e-07,-3.682042954185934e-05,0.001529120657902273,5.958253772551482e-06
1,2818382.931264404,0.0,1.0,0.0,0.7186889328551413,0.002909913560279824,0.0,0.0,-0.00152889530486781,3.206944830606064e-05,0.00152889530486781,-3.206944830606064e-05,-2.300841856807995e-07,-3.826075375346452e-05,0.001529125389053492,6.191305447403882e-06
1,2928644.564625185,0.0,1.0,0.0,0.7186913338480702,0.003023730274929072,0.0,0.0,-0.001528882060582781,3.332393664636054e-05,0.001528882060582781,-3.332393664636054e-05,-2.484369663039847e-07,-3.975740531642238e-05,0.001529130497549086,6.433468670061856e-06
1,3043219.887107668,0.0,1.0,0.0,0.7186939263345803,0.003141996613157698,0.0,0.0,-0.001528867759986612,3.462748609293646e-05,0.001528867759986613,-3.462748609293646e-05,-2.682534912163362e-07,-4.131258526986773e-05,0.00152913601347783,6.685099176931271e-06
1,3162277.660168324,0.0,1.0,0.0,0.7186967255834693,0.003264886270423387,0.0,0.0,-0.001528852318854025,3.598201391071063e-05,0.001528852318854026,-3.598201391071063e-05,-2.896504725047407e-07,-4.292858044352633e-05,0.00152914196932653,6.946566532815716e-06
1,3285993.247600596,0.0,1.0,0.0,0.7186997480803399,0.003392579690709906,0.0,0.0,-0.001528835646247632,3.73895121140465e-05,0.001528835646247632,-3.73895121140465e-05,-3.127539233033672e-07,-4.460776677513141e-05,0.001529148400170936,7.218254661084905e-06
1,3414548.873833541,0.0,1.0,0.0,0.7187030116244597,0.003525264324834474,0.0,0.0,-0.001528817643983647,3.8852050359619e-05,0.001528817643983647,-3.885205035961899e-05,-3.376998981812013e-07,-4.635261275288383e-05,0.001529155343881829,7.500562393264838e-06
1,3548133.892335691,0.0,1.0,0.0,0.7187065354333151,0.003663134898164912,0.0,0.0,-0.00152879820605515,4.037177894862224e-05,0.001528798206055151,-4.037177894862223e-05,-3.646352923280128e-07,-4.816568298727098e-05,0.001529162841347479,7.79390403864875e-06
1,3686945.06451951,0.0,1.0,0.0,0.7187103402554644,0.003806393688030115,0.0,0.0,-0.001528777218009568,4.195093194212582e-05,0.001528777218009568,-4.195093194212582e-05,-3.937187041853183e-07,-5.004964191665798e-05,0.001529170936713754,8.09870997453216e-06
1,3831186.849557219,0.0,1.0,0.0,0.7187144484923462,0.003955250811108006,0.0,0.0,-0.001528754556276758,4.359183039348192e-05,0.001528754556276758,-4.359183039348192e-05,-4.251213665322663e-07,-5.200725765115852e-05,0.00152917967764329,8.415427257676609e-06
1,3981071.705534901,0.0,1.0,0.0,0.7187188843297513,0.004109924521074906,0.0,0.0,-0.001528730087443787,4.529688570177536e-05,0.001528730087443787,-4.529688570177536e-05,-4.590281514275384e-07,-5.404140595938154e-05,0.001529189115595216,8.744520257606184e-06
1,4136820.402388433,0.0,1.0,0.0,0.718723673879716,0.004270641516798276,0.0,0.0,-0.001528703667472226,4.706860309039318e-05,0.001528703667472226,-4.706860309039318e-05,-4.956386548293019e-07,-5.615507440272996e-05,0.001529199306127055,9.086471312336758e-06
1,4298662.3470822,0.0,1.0,0.0,0.7187288453336638,0.004437637261351449,0.0,0.0,-0.001528675140853392,4.890958521487016e-05,0.001528675140853393,-4.890958521487017e-05,-5.351683671681573e-07,-5.835136662200089e-05,0.001529210309220561,9.441781407130741e-06
1,4466835.921509551,0.0,1.0,0.0,0.7187344291276723,0.004611156312123537,0.0,0.0,-0.001528644339696709,5.082253590423945e-05,0.001528644339696709,-5.082253590423945e-05,-5.778499366351249e-07,-6.063350678109804e-05,0.001529222189633345,9.81097087685859e-06
1,4641588.833612694,0.0,1.0,0.0,0.7187404581208259,0.004791452662290269,0.0,0.0,-0.001528611082745882,5.281026404018261e-05,0.001528611082745882,-5.281026404018262e-05,-6.239345324704653e-07,-6.30048441727151e-05,0.001529235017278353,1.019458013253249e-05
1,4823178.482239218,0.0,1.0,0.0,0.718746967787677,0.00497879009390141,0.0,0.0,-0.001528575174317252,5.487568757832906e-05,0.001528575174317253,-5.487568757832907e-05,-6.736933161020653e-07,-6.546885799088525e-05,0.001529248867633355,1.059317041255619e-05
1,5011872.336272631,0.0,1.0,0.0,0.718753996425921,0.005173442542827682,0.0,0.0,-0.001528536403154223,5.702183771609871e-05,0.001528536403154224,-5.702183771609871e-05,-7.274190285869371e-07,-6.802916227530658e-05,0.001529263822182811,1.100732455920784e-05
1,5207948.328595368,0.0,1.0,0.0,0.7187615853804799,0.005375694475793879,0.0,0.0,-0.001528494541191179,5.925186321151225e-05,0.001528494541191179,-5.925186321151225e-05,-7.854277034589274e-07,-7.068951103235032e-05,0.001529279968894638,1.143764782083804e-05
1,5411695.265464537,0.0,1.0,0.0,0.7187697792852724,0.005585841279705161,0.0,0.0,-0.001528449342219838,6.15690348574089e-05,0.001528449342219838,-6.15690348574089e-05,-8.480605147830199e-07,-7.345380353763263e-05,0.001529297402734622,1.188476868022375e-05
1,5623413.251903387,0.0,1.0,0.0,0.7187786263240528,0.005804189663449371,0.0,0.0,-0.001528400540450424,6.397675011550691e-05,0.001528400540450424,-6.397675011550691e-05,-9.156857709647125e-07,-7.632608982497367e-05,0.001529316226221389,1.234933970946675e-05
1,5843414.133735067,0.0,1.0,0.0,0.7187881785118042,0.006031058072329485,0.0,0.0,-0.00152834784895945,6.647853791471822e-05,0.00152834784895945,-6.647853791471822e-05,-9.887010656652232e-07,-7.93105763664831e-05,0.001529336550025115,1.283203845176486e-05
1,6072021.956909773,0.0,1.0,0.0,0.7187984919982807,0.006266777115245918,0.0,0.0,-0.001528290958015329,6.907806361807778e-05,0.00152829095801533,-6.907806361807778e-05,-1.067535598033031e-06,-8.241163194838827e-05,0.001529358493613363,1.333356833031046e-05
1,6309573.444801815,0.0,1.0,0.0,0.7188096273954195,0.006511690004708127,0.0,0.0,-0.001528229533272318,7.177913416257106e-05,0.001528229533272318,-7.177913416257105e-05,-1.152652675383111e-06,-8.563379374705644e-05,0.001529382185947701,1.385465958448538e-05
1,6556418.494179667,0.0,1.0,0.0,0.7188216501304681,0.006766153009707343,0.0,0.0,-0.001528163213822598,7.458570337603076e-05,0.001528163213822598,-7.458570337603078e-05,-1.244552412440721e-06,-8.898177360945064e-05,0.001529407766235039,1.439607023341988e-05
1,6812920.690579485,0.0,1.0,0.0,0.7188346308268114,0.007030535921427186,0.0,0.0,-0.001528091610095575,7.750187747512646e-05,0.001528091610095576,-7.750187747512644e-05,-1.343774642320533e-06,-9.246046454199276e-05,0.001529435384737897,1.495858706686635e-05
1,7079457.843841247,0.0,1.0,0.0,0.7188486457146316,0.00730522253170459,0.0,0.0,-0.001528014301592613,8.05319207482782e-05,0.001528014301592613,-8.05319207482782e-05,-1.450902055538067e-06,-9.607494741147943e-05,0.001529465203648152,1.554302666320126e-05
1,7356422.544596274,0.0,1.0,0.0,0.7188637770736884,0.007590611124079352,0.0,0.0,-0.001527930834444571,8.368026142708553e-05,0.001527930834444571,-8.368026142708554e-05,-1.566563584552456e-06,-9.983049786129689e-05,0.001529497398029124,1.615023643421139e-05
1,7644222.742525859,0.0,1.0,0.0,0.71888011371068,0.00788711497718507,0.0,0.0,-0.001527840718778611,8.695149774956638e-05,0.001527840718778612,-8.695149774956636e-05,-1.691438052621625e-06,-0.0001037325934457048,0.001529532156831234,1.678109569613845e-05
1,7943282.347242665,0.0,1.0,0.0,0.7188977514738154,0.008195162880136116,0.0,0.0,-0.001527743425879724,9.035040421814149e-05,0.001527743425879724,-9.035040421814149e-05,-1.826258107116423e-06,-0.0001077869209843885,0.001529569683986841,1.743651676624706e-05
1,8254041.852680027,0.0,1.0,0.0,0.7189167938074289,0.008515199659452754,0.0,0.0,-0.00152763838513138,9.3881938054869e-05,0.001527638385131381,-9.3881938054869e-05,-1.971814458893005e-06,-0.0001119993841388111,0.001529610199590274,1.811744608394203e-05
1,8576958.985908778,0.0,1.0,0.0,0.7189373523496612,0.008847686716938107,0.0,0.0,-0.001527524980718625,9.755124585592148e-05,0.001527524980718626,-9.755124585592148e-05,-2.128960450866048e-06,-0.0001163761112111089,0.001529653941169492,1.882486535518746e-05
1,8912509.381337285,0.0,1.0,0.0,0.7189595475764498,0.009193102577774039,0.0,0.0,-0.001527402548075713,0.0001013636704466941,0.001527402548075713,-0.0001013636704466941,-2.298616980562391e-06,-0.0001209234631653622,0.001529701165056276,1.955979271866817e-05
1,9261187.281287758,0.0,1.0,0.0,0.7189835094952972,0.009551943447936584,0.0,0.0,-0.001527270370059165,0.0001053247579382265,0.001527270370059165,-0.0001053247579382265,-2.481777803168171e-06,-0.0001256480418700064,0.001529752147862334,2.032328393177997e-05
1,9623506.263980702,0.0,1.0,0.0,0.7190093783925257,0.009924723779842198,0.0,0.0,-0.001527127672825788,0.0001094402649847981,0.001527127672825788,-0.0001094402649847981,-2.679515243414511e-06,-0.0001305566985589304,0.001529807188069204,2.111643357413234e-05
1,10000000.0,0.0,1.0,0.0,0.7190373056379786,0.01031197684492181,0.0,0.0,-0.0015269736213938,0.0001137161662416031,0.0015269736213938,-0.0001137161662416031,-2.892986346578954e-06,-0.0001356565425073942,0.00152986660774038,2.194037626579108e-05
2,10.0,0.0,1.0,0.0,0.8023058317965418,9.322814828926953e-09,0.0,0.0,-0.000802305830598845,9.527473508049166e-11,0.0008023058305988457,-9.527473508049166e-11,-1.197696420646913e-12,-1.045975499094186e-10,0.0008023058317965418,9.322814828926953e-12
2,10.39122303835169,0.0,1.0,0.0,0.8023058317965419,9.687544823263251e-09,0.0,0.0,-0.0008023058305988446,9.900210221412589e-11,0.0008023058305988451,-9.900210221412588e-11,-1.197696600335953e-12,-1.086896470373891e-10,0.0008023058317965419,9.687544823263252e-12
2,10.7977516232771,0.0,1.0,0.0,0.8023058317965419,1.006654389525577e-08,0.0,0.0,-0.0008023058305988446,1.028752925372674e-10,0.0008023058305988451,-1.028752925372674e-10,-1.197696794359716e-12,-1.129418364325232e-10,0.0008023058317965419,1.006654389525577e-11
2,11.22018454301963,0.0,1.0,0.0,0.8023058317965419,1.046037028409604e-08,0.0,0.0,-0.0008023058305988446,1.069000109890423e-10,0.0008023058305988451,-1.069000109890423e-10,-1.197697003861756e-12,-1.173603812731383e-10,0.0008023058317965419,1.046037028409604e-11
2,11.65914401179831,0.0,1.0,0.0,0.802305831796542,1.086960406857882e-08,0.0,0.0,-0.0008023058305988442,1.110821856989385e-10,0.0008023058305988447,-1.110821856989385e-10,-1.197697230076856e-12,-1.219517897675173e-10,0.000802305831796542,1.086960406857882e-11
2,12.11527658628588,0.0,1.0,0.0,0.802305831796542,1.129484802151774e-08,0.0,0.0,-0.0008023058305988442,1.15427976718527e-10,0.0008023058305988447,-1.15427976718527e-10,-1.197697474338302e-12,-1.267228247400448e-10,0.000802305831796542,1.129484802151774e-11
2,12.58925411794167,0.0,1.0,0.0,0.8023058317965421,1.173672849758761e-08,0.0,0.0,-0.0008023058305988437,1.19943785094788e-10,0.0008023058305988443,-1.19943785094788e-10,-1.197697738085744e-12,-1.316805135923757e-10,0.0008023058317965421,1.173672849758761e-11
2,13.08177474260194,0.0,1.0,0.0,0.8023058317965422,1.219589635590111e-08,0.0,0.0,-0.0008023058305988433,1.246362622984065e-10,0.0008023058305988438,-1.246362622984065e-10,-1.197698022873681e-12,-1.368321586543077e-10,0.0008023058317965422,1.219589635590111e-11
2,13.59356390878525,0.0,1.0,0.0,0.8023058317965424,1.267302791867891e-08,0.0,0.0,-0.0008023058305988429,1.295123200209246e-10,0.0008023058305988433,-1.295123200209246e-10,-1.197698330380622e-12,-1.421853479396035e-10,0.0008023058317965424,1.267302791867891e-11
2,14.12537544622754,0.0,1.0,0.0,0.8023058317965424,1.316882596742505e-08,0.0,0.0,-0.0008023058305988429,1.345791403551809e-10,0.0008023058305988433,-1.345791403551809e-10,-1.19769866241898e-12,-1.477479663226059e-10,0.0008023058317965424,1.316882596742505e-11
2,14.67799267622069,0.0,1.0,0.0,0.8023058317965424,1.368402077807511e-08,0.0,0.0,-0.0008023058305988429,1.398441863740321e-10,0.0008023058305988433,-1.398441863740321e-10,-1.197699020945751e-12,-1.535282071521072e-10,0.0008023058317965424,1.368402077807511e-11
2,15.25222956539018,0.0,1.0,0.0,0.8023058317965424,1.421937119664172e-08,0.0,0.0,-0.0008023058305988429,1.45315213122939e-10,0.0008023058305988433,-1.45315213122939e-10,-1.197699408074054e-12,-1.595345843195807e-10,0.0008023058317965424,1.421937119664172e-11
2,15.84893192461113,0.0,1.0,0.0,0.8023058317965425,1.47756657569418e-08,0.0,0.0,-0.0008023058305988424,1.51000279042607e-10,0.0008023058305988429,-1.51000279042607e-10,-1.197699826085579e-12,-1.657759447995488e-10,0.0008023058317965425,1.47756657569418e-11
2,16.46897865482867,0.0,1.0,0.0,0.8023058317965426,1.535372384205177e-08,0.0,0.0,-0.000802305830598842,1.569077578385071e-10,0.0008023058305988424,-1.569077578385071e-10,-1.197700277444042e-12,-1.722614816805589e-10,0.0008023058317965426,1.535372384205177e-11
2,17.11328304161779,0.0,1.0,0.0,0.8023058317965428,1.595439689120178e-08,0.0,0.0,-0.0008023058305988411,1.630463508147603e-10,0.0008023058305988416,-1.630463508147603e-10,-1.1977007648097e-12,-1.79000747705962e-10,0.0008023058317965428,1.595439689120178e-11
2,17.78279410038921,0.0,1.0,0.0,0.8023058317965428,1.657856965388626e-08,0.0,0.0,-0.0008023058305988411,1.69425099690551e-10,0.0008023058305988416,-1.69425099690551e-10,-1.197701291055032e-12,-1.860036693444372e-10,0.0008023058317965428,1.657856965388626e-11
2,18.47849797422289,0.0,1.0,0.0,0.8023058317965428,1.722716149303808e-08,0.0,0.0,-0.0008023058305988411,1.760533999179484e-10,0.0008023058305988416,-1.760533999179483e-10,-1.197701859281671e-12,-1.932805614109866e-10,0.0008023058317965428,1.722716149303808e-11
2,19.201419386388,0.0,1.0,0.0,0.8023058317965431,1.790112773918623e-08,0.0,0.0,-0.0008023058305988398,1.829410145207529e-10,0.0008023058305988402,-1.829410145207528e-10,-1.197702472838682e-12,-2.008421422599391e-10,0.0008023058317965431,1.790112773918623e-11
2,19.95262314968878,0.0,1.0,0.0,0.8023058317965432,1.860146109759084e-08,0.0,0.0,-0.0008023058305988394,1.900980884747478e-10,0.0008023058305988397,-1.900980884747478e-10,-1.197703135342304e-12,-2.086995495723386e-10,0.0008023058317965432,1.860146109759084e-11
2,20.73321573485953,0.0,1.0,0.0,0.8023058317965434,1.932919311042886e-08,0.0,0.0,-0.000802305830598839,1.975351636505417e-10,0.0008023058305988393,-1.975351636505417e-10,-1.197703850697259e-12,-2.168643567609706e-10,0.0008023058317965433,1.932919311042886e-11
2,21.54434690031881,0.0,1.0,0.0,0.8023058317965435,2.00853956761837e-08,0.0,0.0,-0.0008023058305988385,2.05263194341008e-10,0.0008023058305988387,-2.05263194341008e-10,-1.197704623119773e-12,-2.253485900171917e-10,0.0008023058317965434,2.00853956761837e-11
2,22.38721138568337,0.0,1.0,0.0,0.8023058317965436,2.087118262847694e-08,0.0,0.0,-0.0008023058305988377,2.132935633961942e-10,0.0008023058305988383,-2.132935633961942e-10,-1.197705457162417e-12,-2.341647460246712e-10,0.0008023058317965435,2.087118262847694e-11
2,23.26305067153623,0.0,1.0,0.0,0.8023058317965438,2.16877113766675e-08,0.0,0.0,-0.0008023058305988368,2.216380989894659e-10,0.0008023058305988374,-2.21638098989466e-10,-1.197706357740949e-12,-2.433258103661335e-10,0.0008023058317965438,2.168771137666751e-11
2,24.17315480804101,0.0,1.0,0.0,0.8023058317965439,2.253618461063492e-08,0.0,0.0,-0.0008023058305988364,2.30309092039581e-10,0.000802305830598837,-2.303090920395811e-10,-1.19770733016328e-12,-2.52845276650216e-10,0.000802305831796544,2.253618461063492e-11
2,25.11886431509577,0.0,1.0,0.0,0.8023058317965441,2.341785207225761e-08,0.0,0.0,-0.0008023058305988355,2.393193143143554e-10,0.000802305830598836,-2.393193143143553e-10,-1.197708380160759e-12,-2.627371663866129e-10,0.0008023058317965442,2.341785207225761e-11
2,26.10157215682533,0.0,1.0,0.0,0.8023058317965445,2.433401239619549e-08,0.0,0.0,-0.0008023058305988342,2.486820372425858e-10,0.0008023058305988347,-2.486820372425858e-10,-1.197709513921958e-12,-2.730160496387813e-10,0.0008023058317965445,2.433401239619549e-11
2,27.12272579332025,0.0,1.0,0.0,0.8023058317965446,2.528601502268819e-08,0.0,0.0,-0.0008023058305988338,2.584110514619389e-10,0.0008023058305988342,-2.584110514619389e-10,-1.197710738129141e-12,-2.836970664846272e-10,0.0008023058317965446,2.52860150226882e-11
2,28.1838293126445,0.0,1.0,0.0,0.802305831796545,2.627526218518642e-08,0.0,0.0,-0.000802305830598832,2.685206871315983e-10,0.0008023058305988323,-2.685206871315983e-10,-1.197712059997651e-12,-2.947959493167846e-10,0.0008023058317965451,2.627526218518642e-11
2,29.28644564625232,0.0,1.0,0.0,0.8023058317965451,2.730321097574397e-08,0.0,0.0,-0.0008023058305988316,2.790258350395889e-10,0.0008023058305988319,-2.790258350395889e-10,-1.197713487318435e-12,-3.06329046015333e-10,0.0008023058317965452,2.730321097574397e-11
2,30.43219887107717,0.0,1.0,0.0,0.8023058317965456,2.837137549121272e-08,0.0,0.0,-0.0008023058305988294,2.899419685358693e-10,0.0008023058305988301,-2.899419685358693e-10,-1.197715028503967e-12,-3.18313344027082e-10,0.0008023058317965456,2.837137549121272e-11
2,31.62277660168374,0.0,1.0,0.0,0.8023058317965458,2.948132906340155e-08,0.0,0.0,-0.0008023058305988286,3.012851663234964e-10,0.0008023058305988291,-3.012851663234964e-10,-1.197716692637825e-12,-3.307664953868981e-10,0.0008023058317965458,2.948132906340155e-11
2,32.85993247600649,0.0,1.0,0.0,0.8023058317965461,3.063470657648448e-08,0.0,0.0,-0.0008023058305988272,3.130721361414335e-10,0.0008023058305988277,-3.130721361414334e-10,-1.197718489528231e-12,-3.43706842717918e-10,0.0008023058317965461,3.063470657648449e-11
2,34.14548873833596,0.0,1.0,0.0,0.8023058317965467,3.183320687507093e-08,0.0,0.0,-0.0008023058305988251,3.253202393738839e-10,0.0008023058305988254,-3.253202393738839e-10,-1.197720429765861e-12,-3.571534462489547e-10,0.0008023058317965467,3.183320687507093e-11
2,35.48133892335748,0.0,1.0,0.0,0.802305831796547,3.307859526648518e-08,0.0,0.0,-0.0008023058305988238,3.380475166223987e-10,0.0008023058305988241,-3.380475166223987e-10,-1.197722524786264e-12,-3.711261118888837e-10,0.000802305831796547,3.307859526648519e-11
2,36.86945064519569,0.0,1.0,0.0,0.8023058317965472,3.437270612094109e-08,0.0,0.0,-0.0008023058305988229,3.512727142784241e-10,0.0008023058305988231,-3.512727142784241e-10,-1.197724786937258e-12,-3.856454203993656e-10,0.0008023058317965472,3.437270612094109e-11
2,38.31186849557281,0.0,1.0,0.0,0.8023058317965478,3.571744557344149e-08,0.0,0.0,-0.0008023058305988203,3.65015312135429e-10,0.0008023058305988209,-3.65015312135429e-10,-1.197727229551716e-12,-4.007327577088706e-10,0.0008023058317965478,3.571744557344149e-11
2,39.81071705534965,0.0,1.0,0.0,0.8023058317965485,3.711479433138167e-08,0.0,0.0,-0.0008023058305988177,3.792955520812798e-10,0.0008023058305988181,-3.792955520812799e-10,-1.197729867026139e-12,-4.164103464126614e-10,0.0008023058317965485,3.711479433138168e-11
2,41.36820402388499,0.0,1.0,0.0,0.8023058317965489,3.856681059199369e-08,0.0,0.0,-0.000802305830598816,3.941344679131314e-10,0.0008023058305988163,-3.941344679131314e-10,-1.197732714905511e-12,-4.327012785051252e-10,0.000802305831796549,3.856681059199369e-11
2,42.98662347082268,0.0,1.0,0.0,0.8023058317965495,4.007563307392693e-08,0.0,0.0,-0.0008023058305988138,4.095539163187411e-10,0.000802305830598814,-4.09553916318741e-10,-1.197735789974923e-12,-4.496295493926682e-10,0.0008023058317965495,4.007563307392693e-11
2,44.66835921509622,0.0,1.0,0.0,0.8023058317965502,4.164348416743174e-08,0.0,0.0,-0.0008023058305988103,4.255766090698458e-10,0.0008023058305988109,-4.255766090698458e-10,-1.197739110358496e-12,-4.672200932372776e-10,0.0008023058317965503,4.164348416743174e-11
2,46.41588833612769,0.0,1.0,0.0,0.8023058317965509,4.327267320778488e-08,0.0,0.0,-0.0008023058305988077,4.422261464750166e-10,0.0008023058305988081,-4.422261464750166e-10,-1.197742695626208e-12,-4.854988196828015e-10,0.0008023058317965509,4.327267320778488e-11
2,48.23178482239296,0.0,1.0,0.0,0.8023058317965517,4.496559987677967e-08,0.0,0.0,-0.0008023058305988043,4.595270521412676e-10,0.0008023058305988049,-4.595270521412676e-10,-1.197746566909234e-12,-5.044926520180471e-10,0.0008023058317965517,4.496559987677967e-11
2,50.11872336272711,0.0,1.0,0.0,0.8023058317965525,4.672475773728951e-08,0.0,0.0,-0.0008023058305988012,4.775048090956172e-10,0.0008023058305988017,-4.775048090956172e-10,-1.197750747024492e-12,-5.242295668329065e-10,0.0008023058317965524,4.672475773728951e-11
2,52.07948328595451,0.0,1.0,0.0,0.8023058317965535,4.855273790611222e-08,0.0,0.0,-0.0008023058305987973,4.961858973198095e-10,0.0008023058305987977,-4.961858973198095e-10,-1.197755260609122e-12,-5.447386352259214e-10,0.0008023058317965535,4.855273790611222e-11
2,54.11695265464624,0.0,1.0,0.0,0.8023058317965543,5.045223287050421e-08,0.0,0.0,-0.0008023058305987934,5.1559783275348e-10,0.0008023058305987939,-5.1559783275348e-10,-1.1977601342657e-12,-5.660500656239842e-10,0.0008023058317965544,5.04522328705042e-11
2,56.23413251903477,0.0,1.0,0.0,0.8023058317965553,5.242604045402653e-08,0.0,0.0,-0.0008023058305987895,5.357692078232153e-10,0.0008023058305987897,-5.357692078232153e-10,-1.197765396719021e-12,-5.881952482772415e-10,0.0008023058317965554,5.242604045402653e-11
2,58.43414133735162,0.0,1.0,0.0,0.8023058317965563,5.447706793754347e-08,0.0,0.0,-0.0008023058305987852,5.567297335572015e-10,0.0008023058305987856,-5.567297335572014e-10,-1.197771078985411e-12,-6.112068014947452e-10,0.0008023058317965563,5.447706793754347e-11
2,60.7202195690987,0.0,1.0,0.0,0.8023058317965578,5.660833634144486e-08,0.0,0.0,-0.0008023058305987791,5.785102833474977e-10,0.0008023058305987797,-5.785102833474977e-10,-1.197777214555525e-12,-6.351186196889425e-10,0.0008023058317965579,5.660833634144486e-11
2,63.09573444801917,0.0,1.0,0.0,0.8023058317965588,5.882298487539793e-08,0.0,0.0,-0.0008023058305987752,6.011429384243867e-10,0.0008023058305987756,-6.011429384243867e-10,-1.19778383959174e-12,-6.599659232997847e-10,0.0008023058317965588,5.882298487539793e-11
2,65.56418494179772,0.0,1.0,0.0,0.8023058317965603,6.11242755621844e-08,0.0,0.0,-0.0008023058305987687,6.246610351097903e-10,0.0008023058305987692,-6.246610351097903e-10,-1.197790993141295e-12,-6.857853106719748e-10,0.0008023058317965604,6.11242755621844e-11
2,68.12920690579594,0.0,1.0,0.0,0.8023058317965618,6.351559804243227e-08,0.0,0.0,-0.0008023058305987626,6.490992139193447e-10,0.0008023058305987633,-6.490992139193447e-10,-1.197798717366427e-12,-7.126148119617771e-10,0.0008023058317965618,6.351559804243227e-11
2,70.7945784384136,0.0,1.0,0.0,0.8023058317965635,6.600047456732023e-08,0.0,0.0,-0.0008023058305987561,6.744934705854643e-10,0.0008023058305987563,-6.744934705854643e-10,-1.197807057792872e-12,-7.404939451527847e-10,0.0008023058317965635,6.600047456732023e-11
2,73.56422544596393,0.0,1.0,0.0,0.8023058317965652,6.85825651866077e-08,0.0,0.0,-0.0008023058305987488,7.008812090765442e-10,0.000802305830598749,-7.008812090765443e-10,-1.197816063578191e-12,-7.694637742631522e-10,0.0008023058317965652,6.858256518660769e-11
2,76.44222742525982,0.0,1.0,0.0,0.8023058317965671,7.126567313963275e-08,0.0,0.0,-0.000802305830598741,7.283012966903946e-10,0.0008023058305987413,-7.283012966903946e-10,-1.197825787801496e-12,-7.995669698300273e-10,0.0008023058317965672,7.126567313963275e-11
2,79.43282347242791,0.0,1.0,0.0,0.8023058317965692,7.405375045721854e-08,0.0,0.0,-0.0008023058305987323,7.567941213030607e-10,0.0008023058305987326,-7.567941213030607e-10,-1.197836287776293e-12,-8.308478717602791e-10,0.0008023058317965692,7.405375045721854e-11
2,82.5404185268016,0.0,1.0,0.0,0.8023058317965714,7.695090378273881e-08,0.0,0.0,-0.0008023058305987232,7.864016508573456e-10,0.0008023058305987234,-7.864016508573455e-10,-1.197847625388285e-12,-8.63352554640084e-10,0.0008023058317965714,7.695090378273881e-11
2,85.76958985908915,0.0,1.0,0.0,0.8023058317965738,7.996140042091701e-08,0.0,0.0,-0.0008023058305987132,8.171674951786611e-10,0.0008023058305987137,-8.171674951786611e-10,-1.197859867460113e-12,-8.971288955995781e-10,0.0008023058317965738,7.996140042091701e-11
2,89.12509381337428,0.0,1.0,0.0,0.8023058317965764,8.308967462326867e-08,0.0,0.0,-0.0008023058305987023,8.491369702092603e-10,0.0008023058305987028,-8.491369702092602e-10,-1.197873086145208e-12,-9.322266448325288e-10,0.0008023058317965765,8.308967462326867e-11
2,92.61187281287906,0.0,1.0,0.0,0.8023058317965791,8.634033411944431e-08,0.0,0.0,-0.0008023058305986915,8.82357164755457e-10,0.0008023058305986918,-8.82357164755457e-10,-1.197887359353054e-12,-9.686974988749014e-10,0.0008023058317965791,8.634033411944431e-11
2,96.23506263980856,0.0,1.0,0.0,0.8023058317965821,8.971816690409385e-08,0.0,0.0,-0.0008023058305986789,9.168770098461526e-10,0.0008023058305986795,-9.168770098461526e-10,-1.197902771208371e-12,-1.006595176750247e-09,0.0008023058317965821,8.971816690409386e-11
2,99.99999999999969,0.0,1.0,0.0,0.8023058317965853,9.322814828924873e-08,0.0,0.0,-0.0008023058305986659,9.52747350804829e-10,0.0008023058305986662,-9.52747350804829e-10,-1.197919412546949e-12,-1.045975499094078e-09,0.0008023058317965853,9.322814828924872e-11
2,103.9122303835166,0.0,1.0,0.0,0.802305831796589,9.687544823260918e-08,0.0,0.0,-0.0008023058305986507,9.900210221411608e-10,0.0008023058305986511,-9.900210221411608e-10,-1.197937381451012e-12,-1.08689647037377e-09,0.000802305831796589,9.687544823260919e-11
2,107.9775162327706,0.0,1.0,0.0,0.8023058317965925,1.006654389525316e-07,0.0,0.0,-0.000802305830598636,1.028752925372564e-09,0.0008023058305986364,-1.028752925372564e-09,-1.197956783827315e-12,-1.129418364325096e-09,0.0008023058317965926,1.006654389525316e-10
2,112.201845430196,0.0,1.0,0.0,0.8023058317965968,1.046037028409311e-07,0.0,0.0,-0.0008023058305986186,1.0690001098903e-09,0.000802305830598619,-1.0690001098903e-09,-1.197977734031336e-12,-1.173603812731231e-09,0.0008023058317965968,1.046037028409311e-10
2,116.5914401179828,0.0,1.0,0.0,0.8023058317966012,1.086960406857553e-07,0.0,0.0,-0.0008023058305986004,1.110821856989247e-09,0.0008023058305986008,-1.110821856989247e-09,-1.198000355541284e-12,-1.219517897675002e-09,0.0008023058317966012,1.086960406857553e-10
2,121.1527658628584,0.0,1.0,0.0,0.802305831796606,1.129484802151406e-07,0.0,0.0,-0.0008023058305985805,1.154279767185116e-09,0.000802305830598581,-1.154279767185116e-09,-1.19802478168586e-12,-1.267228247400257e-09,0.000802305831796606,1.129484802151405e-10
2,125.8925411794163,0.0,1.0,0.0,0.8023058317966112,1.173672849758347e-07,0.0,0.0,-0.0008023058305985592,1.199437850947708e-09,0.0008023058305985596,-1.199437850947708e-09,-1.198051156430085e-12,-1.316805135923542e-09,0.0008023058317966112,1.173672849758347e-10
2,130.8177474260189,0.0,1.0,0.0,0.8023058317966167,1.219589635589649e-07,0.0,0.0,-0.0008023058305985362,1.246362622983872e-09,0.0008023058305985366,-1.246362622983873e-09,-1.198079635223812e-12,-1.368321586542837e-09,0.0008023058317966167,1.219589635589649e-10
2,135.9356390878521,0.0,1.0,0.0,0.8023058317966227,1.267302791867371e-07,0.0,0.0,-0.0008023058305985115,1.29512320020903e-09,0.0008023058305985119,-1.29512320020903e-09,-1.198110385917931e-12,-1.421853479395766e-09,0.0008023058317966228,1.267302791867371e-10
2,141.2537544622749,0.0,1.0,0.0,0.8023058317966292,1.316882596741922e-07,0.0,0.0,-0.0008023058305984851,1.345791403551566e-09,0.0008023058305984854,-1.345791403551566e-09,-1.198143589753665e-12,-1.477479663225758e-09,0.0008023058317966292,1.316882596741922e-10
2,146.7799267622064,0.0,1.0,0.0,0.8023058317966361,1.368402077806858e-07,0.0,0.0,-0.0008023058305984565,1.398441863740049e-09,0.000802305830598457,-1.398441863740049e-09,-1.198179442430785e-12,-1.535282071520736e-09,0.000802305831796636,1.368402077806858e-10
2,152.5222956539013,0.0,1.0,0.0,0.8023058317966436,1.421937119663439e-07,0.0,0.0,-0.0008023058305984252,1.453152131229085e-09,0.0008023058305984259,-1.453152131229085e-09,-1.198218155261042e-12,-1.59534584319543e-09,0.0008023058317966436,1.421937119663439e-10
2,158.4893192461107,0.0,1.0,0.0,0.8023058317966518,1.477566575693357e-07,0.0,0.0,-0.0008023058305983914,1.510002790425728e-09,0.0008023058305983919,-1.510002790425728e-09,-1.198259956413617e-12,-1.657759447995064e-09,0.0008023058317966519,1.477566575693357e-10
2,164.6897865482862,0.0,1.0,0.0,0.8023058317966607,1.535372384204254e-07,0.0,0.0,-0.000802305830598355,1.569077578384688e-09,0.0008023058305983554,-1.569077578384688e-09,-1.198305092259923e-12,-1.722614816805114e-09,0.0008023058317966607,1.535372384204254e-10
2,171.1328304161774,0.0,1.0,0.0,0.8023058317966701,1.595439689119145e-07,0.0,0.0,-0.0008023058305983159,1.630463508147174e-09,0.0008023058305983165,-1.630463508147174e-09,-1.198353828825696e-12,-1.790007477059088e-09,0.0008023058317966702,1.595439689119145e-10
2,177.8279410038916,0.0,1.0,0.0,0.8023058317966805,1.657856965387465e-07,0.0,0.0,-0.0008023058305982734,1.694250996905028e-09,0.0008023058305982739,-1.694250996905027e-09,-1.198406453358915e-12,-1.860036693443775e-09,0.0008023058317966805,1.657856965387465e-10
2,184.7849797422283,0.0,1.0,0.0,0.8023058317966917,1.722716149302507e-07,0.0,0.0,-0.000802305830598227,1.760533999178944e-09,0.0008023058305982276,-1.760533999178944e-09,-1.198463276022813e-12,-1.932805614109195e-09,0.0008023058317966916,1.722716149302507e-10
2,192.0141938638794,0.0,1.0,0.0,0.8023058317967036,1.790112773917166e-07,0.0,0.0,-0.000802305830598178,1.829410145206924e-09,0.0008023058305981787,-1.829410145206924e-09,-1.198524631723948e-12,-2.00842142259864e-09,0.0008023058317967036,1.790112773917166e-10
2,199.5262314968871,0.0,1.0,0.0,0.8023058317967164,1.860146109757448e-07,0.0,0.0,-0.0008023058305981251,1.9009808847468e-09,0.0008023058305981256,-1.9009808847468e-09,-1.198590882086101e-12,-2.086995495722545e-09,0.0008023058317967165,1.860146109757449e-10
2,207.3321573485946,0.0,1.0,0.0,0.8023058317967304,1.932919311041052e-07,0.0,0.0,-0.0008023058305980674,1.975351636504657e-09,0.0008023058305980679,-1.975351636504657e-09,-1.198662417581648e-12,-2.168643567608761e-09,0.0008023058317967305,1.932919311041052e-10
2,215.4434690031875,0.0,1.0,0.0,0.8023058317967455,2.008539567616312e-07,0.0,0.0,-0.000802305830598005,2.052631943409227e-09,0.0008023058305980056,-2.052631943409227e-09,-1.198739659832966e-12,-2.253485900170858e-09,0.0008023058317967455,2.008539567616312e-10
2,223.872113856833,0.0,1.0,0.0,0.8023058317967617,2.087118262845383e-07,0.0,0.0,-0.0008023058305979382,2.132935633960985e-09,0.0008023058305979387,-2.132935633960985e-09,-1.19882306409742e-12,-2.341647460245525e-09,0.0008023058317967618,2.087118262845383e-10
2,232.6305067153616,0.0,1.0,0.0,0.8023058317967793,2.168771137664159e-07,0.0,0.0,-0.0008023058305978662,2.216380989893587e-09,0.0008023058305978664,-2.216380989893587e-09,-1.198913121950611e-12,-2.433258103660003e-09,0.0008023058317967793,2.168771137664159e-10
2,241.7315480804093,0.0,1.0,0.0,0.8023058317967984,2.253618461060587e-07,0.0,0.0,-0.0008023058305977873,2.303090920394608e-09,0.0008023058305977877,-2.303090920394608e-09,-1.199010364183658e-12,-2.528452766500665e-09,0.0008023058317967984,2.253618461060587e-10
2,251.1886431509569,0.0,1.0,0.0,0.8023058317968189,2.341785207222501e-07,0.0,0.0,-0.0008023058305977027,2.393193143142204e-09,0.000802305830597703,-2.393193143142204e-09,-1.199115363931632e-12,-2.627371663864455e-09,0.0008023058317968189,2.341785207222501e-10
2,261.0157215682525,0.0,1.0,0.0,0.802305831796841,2.433401239615893e-07,0.0,0.0,-0.0008023058305976116,2.486820372424346e-09,0.0008023058305976119,-2.486820372424346e-09,-1.199228740051544e-12,-2.730160496385934e-09,0.000802305831796841,2.433401239615893e-10
2,271.2272579332016,0.0,1.0,0.0,0.8023058317968649,2.528601502264716e-07,0.0,0.0,-0.0008023058305975132,2.584110514617693e-09,0.0008023058305975135,-2.584110514617693e-09,-1.199351160769827e-12,-2.836970664844164e-09,0.0008023058317968649,2.528601502264716e-10
2,281.8382931264441,0.0,1.0,0.0,0.8023058317968907,2.627526218514039e-07,0.0,0.0,-0.0008023058305974065,2.68520687131408e-09,0.0008023058305974068,-2.68520687131408e-09,-1.199483347620783e-12,-2.947959493165484e-09,0.0008023058317968907,2.627526218514039e-10
2,292.8644564625223,0.0,1.0,0.0,0.8023058317969184,2.730321097569231e-07,0.0,0.0,-0.0008023058305972925,2.790258350393754e-09,0.0008023058305972928,-2.790258350393754e-09,-1.199626079699232e-12,-3.063290460150678e-09,0.0008023058317969184,2.730321097569231e-10
2,304.3219887107707,0.0,1.0,0.0,0.8023058317969487,2.837137549115477e-07,0.0,0.0,-0.0008023058305971676,2.899419685356298e-09,0.0008023058305971679,-2.899419685356298e-09,-1.199780198252408e-12,-3.183133440267845e-09,0.0008023058317969487,2.837137549115477e-10
2,316.2277660168364,0.0,1.0,0.0,0.8023058317969811,2.948132906333656e-07,0.0,0.0,-0.0008023058305970335,3.012851663232278e-09,0.0008023058305970342,-3.012851663232278e-09,-1.199946611638182e-12,-3.307664953865644e-09,0.0008023058317969811,2.948132906333655e-10
2,328.5993247600638,0.0,1.0,0.0,0.8023058317970162,3.063470657641155e-07,0.0,0.0,-0.0008023058305968891,3.130721361411321e-09,0.0008023058305968896,-3.130721361411321e-09,-1.200126300678819e-12,-3.437068427175438e-09,0.0008023058317970163,3.063470657641155e-10
2,341.4548873833585,0.0,1.0,0.0,0.8023058317970541,3.183320687498912e-07,0.0,0.0,-0.000802305830596733,3.25320239373546e-09,0.0008023058305967334,-3.25320239373546e-09,-1.200320324441841e-12,-3.57153446248535e-09,0.0008023058317970541,3.183320687498912e-10
2,354.8133892335737,0.0,1.0,0.0,0.8023058317970949,3.307859526639338e-07,0.0,0.0,-0.0008023058305965647,3.380475166220195e-09,0.000802305830596565,-3.380475166220195e-09,-1.200529826482054e-12,-3.71126111888413e-09,0.000802305831797095,3.307859526639338e-10
2,368.6945064519557,0.0,1.0,0.0,0.8023058317971391,3.437270612083813e-07,0.0,0.0,-0.0008023058305963822,3.512727142779989e-09,0.0008023058305963827,-3.512727142779989e-09,-1.200756041581533e-12,-3.85645420398837e-09,0.0008023058317971391,3.437270612083813e-10
2,383.1186849557268,0.0,1.0,0.0,0.8023058317971867,3.571744557332592e-07,0.0,0.0,-0.0008023058305961861,3.650153121349518e-09,0.0008023058305961863,-3.650153121349517e-09,-1.201000303027293e-12,-4.007327577082778e-09,0.0008023058317971867,3.571744557332592e-10
2,398.1071705534952,0.0,1.0,0.0,0.8023058317972384,3.711479433125203e-07,0.0,0.0,-0.0008023058305959732,3.792955520807446e-09,0.0008023058305959734,-3.792955520807446e-09,-1.201264050469539e-12,-4.164103464119964e-09,0.0008023058317972384,3.711479433125203e-10
2,413.6820402388486,0.0,1.0,0.0,0.8023058317972938,3.856681059184823e-07,0.0,0.0,-0.0008023058305957446,3.941344679125309e-09,0.0008023058305957451,-3.941344679125309e-09,-1.201548838406804e-12,-4.327012785043792e-09,0.0008023058317972938,3.856681059184823e-10
2,429.8662347082254,0.0,1.0,0.0,0.8023058317973539,4.007563307376378e-07,0.0,0.0,-0.0008023058305954966,4.095539163180676e-09,0.000802305830595497,-4.095539163180676e-09,-1.201856345347993e-12,-4.496295493918313e-09,0.000802305831797354,4.007563307376378e-10
2,446.6835921509607,0.0,1.0,0.0,0.8023058317974187,4.164348416724866e-07,0.0,0.0,-0.0008023058305952294,4.255766090690901e-09,0.0008023058305952301,-4.255766090690901e-09,-1.202188383705332e-12,-4.672200932363388e-09,0.0008023058317974187,4.164348416724866e-10
2,464.1588833612755,0.0,1.0,0.0,0.8023058317974887,4.327267320757951e-07,0.0,0.0,-0.0008023058305949406,4.42226146474169e-09,0.0008023058305949413,-4.42226146474169e-09,-1.202546910476526e-12,-4.854988196817483e-09,0.0008023058317974888,4.327267320757951e-10
2,482.317848223928,0.0,1.0,0.0,0.8023058317975643,4.496559987654924e-07,0.0,0.0,-0.0008023058305946292,4.595270521403165e-09,0.0008023058305946294,-4.595270521403165e-09,-1.202934038779091e-12,-5.044926520168656e-09,0.0008023058317975643,4.496559987654924e-10
2,501.1872336272695,0.0,1.0,0.0,0.8023058317976457,4.672475773703095e-07,0.0,0.0,-0.0008023058305942935,4.775048090945501e-09,0.0008023058305942939,-4.7750480909455e-09,-1.203352050304835e-12,-5.242295668315809e-09,0.0008023058317976457,4.672475773703095e-10
2,520.7948328595435,0.0,1.0,0.0,0.8023058317977338,4.85527379058221e-07,0.0,0.0,-0.0008023058305939301,4.961858973186122e-09,0.0008023058305939305,-4.961858973186121e-09,-1.203803408767899e-12,-5.447386352244345e-09,0.0008023058317977339,4.855273790582209e-10
2,541.1695265464607,0.0,1.0,0.0,0.8023058317978291,5.045223287017872e-07,0.0,0.0,-0.0008023058305935372,5.155978327521369e-09,0.0008023058305935376,-5.155978327521369e-09,-1.204290774425621e-12,-5.660500656223155e-09,0.0008023058317978291,5.045223287017872e-10
2,562.341325190346,0.0,1.0,0.0,0.8023058317979318,5.242604045366137e-07,0.0,0.0,-0.0008023058305931139,5.357692078217086e-09,0.0008023058305931142,-5.357692078217085e-09,-1.204817019757801e-12,-5.881952482753697e-09,0.0008023058317979319,5.242604045366138e-10
2,584.3414133735142,0.0,1.0,0.0,0.8023058317980427,5.447706793713374e-07,0.0,0.0,-0.0008023058305926564,5.56729733555511e-09,0.0008023058305926568,-5.56729733555511e-09,-1.205385246396779e-12,-6.112068014926448e-09,0.0008023058317980428,5.447706793713375e-10
2,607.202195690985,0.0,1.0,0.0,0.8023058317981624,5.660833634098524e-07,0.0,0.0,-0.0008023058305921629,5.785102833456015e-09,0.0008023058305921634,-5.785102833456014e-09,-1.20599880340812e-12,-6.351186196865865e-09,0.0008023058317981624,5.660833634098525e-10
2,630.9573444801896,0.0,1.0,0.0,0.8023058317982917,5.88229848748822e-07,0.0,0.0,-0.0008023058305916294,6.011429384222591e-09,0.00080230583059163,-6.011429384222591e-09,-1.206661307029636e-12,-6.599659232971413e-09,0.0008023058317982917,5.88229848748822e-10
2,655.6418494179751,0.0,1.0,0.0,0.8023058317984313,6.112427556160572e-07,0.0,0.0,-0.0008023058305910544,6.24661035107403e-09,0.0008023058305910546,-6.24661035107403e-09,-1.207376661985102e-12,-6.857853106690087e-09,0.0008023058317984314,6.112427556160572e-10
2,681.2920690579573,0.0,1.0,0.0,0.8023058317985822,6.351559804178302e-07,0.0,0.0,-0.0008023058305904321,6.490992139166664e-09,0.0008023058305904325,-6.490992139166663e-09,-1.20814908449826e-12,-7.126148119584493e-09,0.0008023058317985822,6.351559804178302e-10
2,707.9457843841337,0.0,1.0,0.0,0.8023058317987448,6.600047456659176e-07,0.0,0.0,-0.0008023058305897616,6.744934705824595e-09,0.0008023058305897619,-6.744934705824595e-09,-1.20898312714279e-12,-7.404939451490512e-09,0.0008023058317987448,6.600047456659177e-10
2,735.6422544596369,0.0,1.0,0.0,0.8023058317989207,6.858256518579036e-07,0.0,0.0,-0.0008023058305890365,7.008812090731727e-09,0.0008023058305890367,-7.008812090731727e-09,-1.209883705674673e-12,-7.69463774258963e-09,0.0008023058317989207,6.858256518579037e-10
2,764.4222742525956,0.0,1.0,0.0,0.8023058317991105,7.126567313871574e-07,0.0,0.0,-0.0008023058305882537,7.28301296686612e-09,0.0008023058305882539,-7.283012966866121e-09,-1.210856128005125e-12,-7.995669698253274e-09,0.0008023058317991105,7.126567313871574e-10
2,794.3282347242767,0.0,1.0,0.0,0.8023058317993154,7.405375045618967e-07,0.0,0.0,-0.0008023058305874089,7.567941212988168e-09,0.0008023058305874093,-7.567941212988168e-09,-1.211906125484837e-12,-8.308478717550062e-09,0.0008023058317993154,7.405375045618967e-10
2,825.4041852680133,0.0,1.0,0.0,0.8023058317995367,7.695090378158436e-07,0.0,0.0,-0.000802305830586496,7.864016508525837e-09,0.0008023058305864965,-7.864016508525837e-09,-1.213039886683935e-12,-8.633525546341678e-09,0.0008023058317995367,7.695090378158436e-10
2,857.6958985908889,0.0,1.0,0.0,0.8023058317997757,7.996140041962172e-07,0.0,0.0,-0.0008023058305855111,8.171674951733187e-09,0.0008023058305855114,-8.171674951733187e-09,-1.214264093866729e-12,-8.9712889559294e-09,0.0008023058317997757,7.996140041962173e-10
2,891.25093813374,0.0,1.0,0.0,0.8023058318000337,8.308967462181536e-07,0.0,0.0,-0.0008023058305844468,8.491369702032662e-09,0.0008023058305844475,-8.491369702032662e-09,-1.215585962376249e-12,-9.322266448250813e-09,0.0008023058318000337,8.308967462181536e-10
2,926.1187281287878,0.0,1.0,0.0,0.8023058318003122,8.634033411781372e-07,0.0,0.0,-0.0008023058305832984,8.823571647487318e-09,0.0008023058305832989,-8.823571647487318e-09,-1.217013283160689e-12,-9.68697498866545e-09,0.0008023058318003122,8.634033411781372e-10
2,962.3506263980825,0.0,1.0,0.0,0.802305831800613,8.971816690226424e-07,0.0,0.0,-0.0008023058305820581,9.168770098386067e-09,0.0008023058305820587,-9.168770098386068e-09,-1.218554468692396e-12,-1.006595176740871e-08,0.000802305831800613,8.971816690226425e-10
2,999.9999999999936,0.0,1.0,0.0,0.8023058318009378,9.322814828719589e-07,0.0,0.0,-0.0008023058305807189,9.527473507963625e-09,0.0008023058305807192,-9.527473507963625e-09,-1.220218602550068e-12,-1.045975499083558e-08,0.0008023058318009378,9.322814828719589e-10
2,1039.122303835162,0.0,1.0,0.0,0.8023058318012887,9.687544823030589e-07,0.0,0.0,-0.0008023058305792721,9.900210221316617e-09,0.0008023058305792726,-9.900210221316615e-09,-1.222015492956363e-12,-1.086896470361968e-08,0.0008023058318012887,9.687544823030589e-10
2,1079.775162327703,0.0,1.0,0.0,0.8023058318016674,1.006654389499473e-06,0.0,0.0,-0.0008023058305777109,1.028752925361906e-08,0.0008023058305777111,-1.028752925361906e-08,-1.223955730586499e-12,-1.129418364311853e-08,0.0008023058318016674,1.006654389499473e-09
2,1122.018454301956,0.0,1.0,0.0,0.8023058318020763,1.046037028380314e-06,0.0,0.0,-0.0008023058305760247,1.069000109878342e-08,0.0008023058305760252,-1.069000109878342e-08,-1.226050750988526e-12,-1.173603812716373e-08,0.0008023058318020762,1.046037028380314e-09
2,1165.914401179824,0.0,1.0,0.0,0.8023058318025177,1.086960406825019e-06,0.0,0.0,-0.0008023058305742046,1.11082185697583e-08,0.0008023058305742049,-1.11082185697583e-08,-1.228312901983194e-12,-1.219517897658332e-08,0.0008023058318025177,1.086960406825019e-09
2,1211.52765862858,0.0,1.0,0.0,0.8023058318029944,1.129484802114902e-06,0.0,0.0,-0.0008023058305722387,1.154279767170062e-08,0.0008023058305722393,-1.154279767170062e-08,-1.23075551644066e-12,-1.267228247381553e-08,0.0008023058318029944,1.129484802114902e-09
2,1258.925411794159,0.0,1.0,0.0,0.8023058318035093,1.173672849717392e-06,0.0,0.0,-0.0008023058305701158,1.199437850930818e-08,0.0008023058305701161,-1.199437850930818e-08,-1.233392990862961e-12,-1.316805135902557e-08,0.0008023058318035093,1.173672849717391e-09
2,1308.177474260185,0.0,1.0,0.0,0.8023058318040652,1.219589635543693e-06,0.0,0.0,-0.0008023058305678234,1.246362622964921e-08,0.000802305830567824,-1.246362622964921e-08,-1.236240870235421e-12,-1.36832158651929e-08,0.0008023058318040652,1.219589635543693e-09
2,1359.356390878516,0.0,1.0,0.0,0.8023058318046653,1.267302791815812e-06,0.0,0.0,-0.0008023058305653493,1.295123200187767e-08,0.0008023058305653497,-1.295123200187767e-08,-1.239315939647091e-12,-1.421853479369348e-08,0.0008023058318046653,1.267302791815812e-09
2,1412.537544622744,0.0,1.0,0.0,0.8023058318053135,1.316882596684069e-06,0.0,0.0,-0.0008023058305626765,1.345791403527709e-08,0.0008023058305626771,-1.345791403527709e-08,-1.242636323220224e-12,-1.477479663196116e-08,0.0008023058318053134,1.316882596684069e-09
2,1467.799267622059,0.0,1.0,0.0,0.8023058318060133,1.368402077741947e-06,0.0,0.0,-0.0008023058305597908,1.398441863713282e-08,0.0008023058305597912,-1.398441863713282e-08,-1.24622159093187e-12,-1.535282071487476e-08,0.0008023058318060134,1.368402077741947e-09
2,1525.222956539008,0.0,1.0,0.0,0.8023058318067688,1.421937119590609e-06,0.0,0.0,-0.0008023058305566756,1.453152131199052e-08,0.000802305830556676,-1.453152131199052e-08,-1.250092873957173e-12,-1.595345843158113e-08,0.0008023058318067689,1.421937119590609e-09
2,1584.893192461102,0.0,1.0,0.0,0.8023058318075846,1.47756657561164e-06,0.0,0.0,-0.0008023058305533116,1.51000279039203e-08,0.0008023058305533122,-1.51000279039203e-08,-1.254272989214203e-12,-1.657759447953194e-08,0.0008023058318075846,1.47756657561164e-09
2,1646.897865482857,0.0,1.0,0.0,0.8023058318084657,1.535372384112566e-06,0.0,0.0,-0.0008023058305496786,1.569077578346879e-08,0.0008023058305496793,-1.569077578346879e-08,-1.258786573844371e-12,-1.722614816758136e-08,0.0008023058318084658,1.535372384112566e-09
2,1711.328304161769,0.0,1.0,0.0,0.802305831809417,1.59543968901627e-06,0.0,0.0,-0.0008023058305457564,1.630463508104752e-08,0.000802305830545757,-1.630463508104752e-08,-1.263660230421047e-12,-1.790007477006379e-08,0.0008023058318094169,1.59543968901627e-09
2,1778.27941003891,0.0,1.0,0.0,0.802305831810444,1.657856965272038e-06,0.0,0.0,-0.0008023058305415215,1.694250996857429e-08,0.0008023058305415221,-1.69425099685743e-08,-1.268922683742203e-12,-1.860036693384635e-08,0.000802305831810444,1.657856965272038e-09
2,1847.849797422278,0.0,1.0,0.0,0.8023058318115531,1.722716149172997e-06,0.0,0.0,-0.0008023058305369484,1.760533999125539e-08,0.0008023058305369487,-1.760533999125539e-08,-1.274604950131235e-12,-1.932805614042839e-08,0.0008023058318115531,1.722716149172997e-09
2,1920.141938638787,0.0,1.0,0.0,0.8023058318127508,1.790112773771853e-06,0.0,0.0,-0.0008023058305320096,1.829410145147003e-08,0.0008023058305320101,-1.829410145147002e-08,-1.28074052024377e-12,-2.008421422524188e-08,0.0008023058318127509,1.790112773771852e-09
2,1995.262314968865,0.0,1.0,0.0,0.8023058318140439,1.860146109594405e-06,0.0,0.0,-0.0008023058305266779,1.900980884679568e-08,0.0008023058305266784,-1.900980884679568e-08,-1.287365556457921e-12,-2.086995495639009e-08,0.000802305831814044,1.860146109594405e-09
2,2073.32157348594,0.0,1.0,0.0,0.8023058318154402,1.932919310858114e-06,0.0,0.0,-0.0008023058305209204,1.975351636429221e-08,0.0008023058305209208,-1.975351636429221e-08,-1.294519106011387e-12,-2.168643567515031e-08,0.0008023058318154402,1.932919310858113e-09
2,2154.434690031867,0.0,1.0,0.0,0.8023058318169479,2.008539567411052e-06,0.0,0.0,-0.0008023058305147036,2.052631943324587e-08,0.0008023058305147041,-2.052631943324587e-08,-1.302243331141586e-12,-2.253485900065693e-08,0.0008023058318169479,2.008539567411052e-09
2,2238.721138568323,0.0,1.0,0.0,0.8023058318185758,2.087118262615081e-06,0.0,0.0,-0.0008023058305079911,2.13293563386602e-08,0.0008023058305079916,-2.13293563386602e-08,-1.31058375758527e-12,-2.341647460127527e-08,0.0008023058318185758,2.087118262615081e-09
2,2326.305067153608,0.0,1.0,0.0,0.8023058318203335,2.168771137405755e-06,0.0,0.0,-0.0008023058305007438,2.216380989787034e-08,0.000802305830500744,-2.216380989787034e-08,-1.319589542902227e-12,-2.433258103527609e-08,0.0008023058318203335,2.168771137405755e-09
2,2417.315480804085,0.0,1.0,0.0,0.8023058318222316,2.25361846077065e-06,0.0,0.0,-0.0008023058304929172,2.303090920275053e-08,0.0008023058304929178,-2.303090920275053e-08,-1.329313766204553e-12,-2.528452766352118e-08,0.0008023058318222315,2.25361846077065e-09
2,2511.886431509561,0.0,1.0,0.0,0.8023058318242811,2.34178520689719e-06,0.0,0.0,-0.0008023058304844665,2.393193143008063e-08,0.0008023058304844671,-2.393193143008063e-08,-1.339813740999123e-12,-2.627371663697781e-08,0.0008023058318242811,2.34178520689719e-09
2,2610.157215682516,0.0,1.0,0.0,0.8023058318264941,2.433401239250887e-06,0.0,0.0,-0.0008023058304753418,2.486820372273836e-08,0.000802305830475342,-2.486820372273836e-08,-1.351151352987123e-12,-2.730160496198925e-08,0.0008023058318264941,2.433401239250887e-09
2,2712.272579332007,0.0,1.0,0.0,0.8023058318288835,2.528601501855174e-06,0.0,0.0,-0.0008023058304654895,2.584110514448819e-08,0.0008023058304654897,-2.584110514448819e-08,-1.363393424811589e-12,-2.836970664634337e-08,0.0008023058318288835,2.528601501855174e-09
2,2818.382931264432,0.0,1.0,0.0,0.8023058318314635,2.627526218054527e-06,0.0,0.0,-0.0008023058304548508,2.685206871124602e-08,0.0008023058304548513,-2.685206871124602e-08,-1.376612109902747e-12,-2.947959492930055e-08,0.0008023058318314635,2.627526218054527e-09
2,2928.644564625213,0.0,1.0,0.0,0.8023058318342494,2.730321097053652e-06,0.0,0.0,-0.0008023058304433635,2.790258350181157e-08,0.0008023058304433642,-2.790258350181157e-08,-1.390885317742423e-12,-3.063290459886523e-08,0.0008023058318342494,2.730321097053653e-09
2,3043.219887107698,0.0,1.0,0.0,0.8023058318372576,2.837137548536988e-06,0.0,0.0,-0.0008023058304309602,2.899419685117762e-08,0.0008023058304309604,-2.899419685117762e-08,-1.406297173053995e-12,-3.183133439971461e-08,0.0008023058318372576,2.837137548536988e-09
2,3162.277660168354,0.0,1.0,0.0,0.8023058318405057,2.948132905684581e-06,0.0,0.0,-0.0008023058304175669,3.012851662964637e-08,0.0008023058304175671,-3.012851662964637e-08,-1.422938511624292e-12,-3.307664953533093e-08,0.0008023058318405058,2.948132905684581e-09
2,3285.993247600628,0.0,1.0,0.0,0.8023058318440128,3.063470656912882e-06,0.0,0.0,-0.0008023058304031058,3.130721361111023e-08,0.0008023058304031062,-3.130721361111023e-08,-1.440907415679771e-12,-3.437068426802313e-08,0.0008023058318440128,3.063470656912882e-09
2,3414.548873833574,0.0,1.0,0.0,0.8023058318478,3.183320686681772e-06,0.0,0.0,-0.0008023058303874898,3.253202393398518e-08,0.0008023058303874902,-3.253202393398519e-08,-1.460309791972411e-12,-3.571534462066698e-08,0.0008023058318478001,3.183320686681772e-09
2,3548.133892335725,0.0,1.0,0.0,0.8023058318518892,3.307859525722497e-06,0.0,0.0,-0.0008023058303706287,3.380475165842143e-08,0.0008023058303706291,-3.380475165842143e-08,-1.481259995982505e-12,-3.711261118414393e-08,0.0008023058318518892,3.307859525722497e-09
2,3686.945064519545,0.0,1.0,0.0,0.8023058318563044,3.437270611055102e-06,0.0,0.0,-0.0008023058303524232,3.512727142355809e-08,0.0008023058303524237,-3.512727142355809e-08,-1.50388150591733e-12,-3.85645420346132e-08,0.0008023058318563044,3.437270611055102e-09
2,3831.186849557256,0.0,1.0,0.0,0.8023058318610722,3.571744556178363e-06,0.0,0.0,-0.000802305830332764,3.650153120873582e-08,0.0008023058303327646,-3.650153120873582e-08,-1.528307650478169e-12,-4.007327576491418e-08,0.0008023058318610722,3.571744556178363e-09
2,3981.071705534939,0.0,1.0,0.0,0.8023058318662201,3.711479431830135e-06,0.0,0.0,-0.0008023058303115375,3.792955520273437e-08,0.0008023058303115381,-3.792955520273437e-08,-1.554682394685066e-12,-4.164103463456453e-08,0.0008023058318662201,3.711479431830135e-09
2,4136.820402388472,0.0,1.0,0.0,0.8023058318717788,3.856681057731731e-06,0.0,0.0,-0.0008023058302886171,3.941344678526142e-08,0.0008023058302886173,-3.941344678526142e-08,-1.583161188390877e-12,-4.327012784299316e-08,0.0008023058318717788,3.856681057731731e-09
2,4298.662347082241,0.0,1.0,0.0,0.8023058318777809,4.007563305745986e-06,0.0,0.0,-0.0008023058302638682,4.0955391625084e-08,0.0008023058302638686,-4.095539162508401e-08,-1.613911882485669e-12,-4.496295493082998e-08,0.000802305831877781,4.007563305745986e-09
2,4466.835921509593,0.0,1.0,0.0,0.8023058318842616,4.164348414895536e-06,0.0,0.0,-0.0008023058302371461,4.255766089936597e-08,0.0008023058302371465,-4.255766089936597e-08,-1.647115718191466e-12,-4.672200931426152e-08,0.0008023058318842617,4.164348414895536e-09
2,4641.588833612739,0.0,1.0,0.0,0.8023058318912597,4.327267318705414e-06,0.0,0.0,-0.0008023058302082907,4.422261463895349e-08,0.000802305830208291,-4.422261463895349e-08,-1.682968395278151e-12,-4.854988195765886e-08,0.0008023058318912597,4.327267318705415e-09
2,4823.178482239265,0.0,1.0,0.0,0.8023058318988157,4.496559985351938e-06,0.0,0.0,-0.0008023058301771346,4.595270520453556e-08,0.0008023058301771352,-4.595270520453556e-08,-1.721681225496459e-12,-5.044926518988751e-08,0.0008023058318988157,4.496559985351938e-09
2,5011.87233627268,0.0,1.0,0.0,0.8023058319069748,4.672475771119105e-06,0.0,0.0,-0.0008023058301434918,4.775048089880023e-08,0.0008023058301434923,-4.775048089880023e-08,-1.763482378026275e-12,-5.242295666991933e-08,0.0008023058319069748,4.672475771119105e-09
2,5207.948328595417,0.0,1.0,0.0,0.8023058319157845,4.855273787682924e-06,0.0,0.0,-0.0008023058301071663,4.961858971990637e-08,0.0008023058301071666,-4.961858971990637e-08,-1.808618224280768e-12,-5.447386350758929e-08,0.0008023058319157845,4.855273787682924e-09
2,5411.695265464588,0.0,1.0,0.0,0.8023058319252973,5.045223283764823e-06,0.0,0.0,-0.000802305830067942,5.155978326180014e-08,0.0008023058300679425,-5.155978326180014e-08,-1.857354789992495e-12,-5.660500654556495e-08,0.0008023058319252972,5.045223283764823e-09
2,5623.413251903441,0.0,1.0,0.0,0.8023058319355688,5.242604041716156e-06,0.0,0.0,-0.0008023058300255887,5.357692076712063e-08,0.0008023058300255892,-5.357692076712063e-08,-1.909979323139905e-12,-5.881952480883675e-08,0.0008023058319355688,5.242604041716156e-09
2,5843.414133735124,0.0,1.0,0.0,0.8023058319466596,5.447706789618034e-06,0.0,0.0,-0.0008023058299798575,5.567297333866449e-08,0.0008023058299798581,-5.567297333866448e-08,-1.966801986955427e-12,-6.112068012828253e-08,0.0008023058319466596,5.447706789618034e-09
2,6072.021956909831,0.0,1.0,0.0,0.8023058319586354,5.66083362950347e-06,0.0,0.0,-0.0008023058299304773,5.785102831561304e-08,0.0008023058299304779,-5.785102831561304e-08,-2.028157687993568e-12,-6.351186194511652e-08,0.0008023058319586353,5.66083362950347e-09
2,6309.573444801876,0.0,1.0,0.0,0.8023058319715666,5.882298482332487e-06,0.0,0.0,-0.0008023058298771576,6.011429382096692e-08,0.000802305829877158,-6.011429382096691e-08,-2.094408050033409e-12,-6.59965923032994e-08,0.0008023058319715666,5.882298482332488e-09
2,6556.418494179729,0.0,1.0,0.0,0.8023058319855292,6.112427550375744e-06,0.0,0.0,-0.0008023058298195851,6.246610348688734e-08,0.0008023058298195855,-6.246610348688734e-08,-2.165943545449517e-12,-6.857853103726308e-08,0.0008023058319855292,6.112427550375745e-09
2,6812.920690579551,0.0,1.0,0.0,0.8023058320006056,6.35155979768762e-06,0.0,0.0,-0.00080230582975742,6.490992136490319e-08,0.0008023058297574202,-6.490992136490318e-08,-2.243185796613292e-12,-7.126148116259085e-08,0.0008023058320006056,6.35155979768762e-09
2,7079.457843841315,0.0,1.0,0.0,0.802305832016885,6.600047449376518e-06,0.0,0.0,-0.000802305829690294,6.74493470282169e-08,0.0008023058296902946,-6.744934702821689e-08,-2.326590060888988e-12,-7.404939447759339e-08,0.000802305832016885,6.600047449376518e-09
2,7356.422544596346,0.0,1.0,0.0,0.8023058320344629,6.858256510407757e-06,0.0,0.0,-0.0008023058296178142,7.008812087362414e-08,0.0008023058296178146,-7.008812087362413e-08,-2.416647913870675e-12,-7.694637738403187e-08,0.0008023058320344629,6.858256510407758e-09
2,7644.222742525932,0.0,1.0,0.0,0.8023058320534432,7.126567304703254e-06,0.0,0.0,-0.0008023058295395522,7.283012963085692e-08,0.0008023058295395525,-7.283012963085692e-08,-2.513890146674881e-12,-7.995669693556013e-08,0.0008023058320534432,7.126567304703254e-09
2,7943.282347242741,0.0,1.0,0.0,0.8023058320739376,7.405375035331943e-06,0.0,0.0,-0.0008023058294550464,7.56794120874646e-08,0.0008023058294550471,-7.56794120874646e-08,-2.618889894365185e-12,-8.308478712279651e-08,0.0008023058320739375,7.405375035331943e-09
2,8254.041852680108,0.0,1.0,0.0,0.8023058320960668,7.695090366616208e-06,0.0,0.0,-0.0008023058293638004,7.864016503766563e-08,0.0008023058293638007,-7.864016503766565e-08,-2.732266013947406e-12,-8.633525540428187e-08,0.0008023058320960668,7.69509036661621e-09
2,8576.958985908861,0.0,1.0,0.0,0.8023058321199615,7.996140029011589e-06,0.0,0.0,-0.0008023058292652738,8.1716749463932e-08,0.0008023058292652744,-8.1716749463932e-08,-2.854686731844887e-12,-8.971288949294353e-08,0.0008023058321199616,7.996140029011589e-09
2,8912.509381337371,0.0,1.0,0.0,0.8023058321457623,8.308967447650734e-06,0.0,0.0,-0.0008023058291588884,8.491369696041094e-08,0.0008023058291588887,-8.491369696041094e-08,-2.986873582351682e-12,-9.322266440806171e-08,0.0008023058321457624,8.308967447650733e-09
2,9261.187281287846,0.0,1.0,0.0,0.8023058321736215,8.634033395477544e-06,0.0,0.0,-0.0008023058290440154,8.82357164076467e-08,0.0008023058290440157,-8.823571640764669e-08,-3.129605660276505e-12,-9.686974980312422e-08,0.0008023058321736215,8.634033395477544e-09
2,9623.506263980795,0.0,1.0,0.0,0.8023058322037031,8.971816671933244e-06,0.0,0.0,-0.0008023058289199783,9.16877009084314e-08,0.0008023058289199789,-9.16877009084314e-08,-3.283724212841984e-12,-1.006595175803646e-07,0.0008023058322037031,8.971816671933244e-09
2,9999.999999999904,0.0,1.0,0.0,0.8023058322361846,9.322814808194308e-06,0.0,0.0,-0.0008023058287860464,9.527473499500325e-08,0.0008023058287860466,-9.527473499500326e-08,-3.450137597903422e-12,-1.045975498031975e-07,0.0008023058322361846,9.322814808194308e-09
2,10391.22303835159,0.0,1.0,0.0,0.802305832271257,9.687544800000838e-06,0.0,0.0,-0.0008023058286414308,9.900210211820636e-08,0.000802305828641431,-9.900210211820635e-08,-3.629826637710235e-12,-1.086896469182072e-07,0.000802305832271257,9.687544800000838e-09
2,10797.75162327699,0.0,1.0,0.0,0.8023058323091277,1.006654386915492e-05,0.0,0.0,-0.0008023058284852766,1.02875292429644e-07,0.000802305828485277,-1.02875292429644e-07,-3.823850399764558e-12,-1.129418362987989e-07,0.0008023058323091277,1.006654386915492e-08
2,11220.18454301952,0.0,1.0,0.0,0.8023058323500193,1.04603702548104e-05,0.0,0.0,-0.0008023058283166662,1.069000108682869e-07,0.0008023058283166668,-1.069000108682869e-07,-4.033352438848734e-12,-1.173603811230973e-07,0.0008023058323500193,1.04603702548104e-08
2,11659.1440117982,0.0,1.0,0.0,0.8023058323941732,1.086960403571981e-05,0.0,0.0,-0.0008023058281346044,1.110821855634488e-07,0.000802305828134605,-1.110821855634488e-07,-4.259567537011524e-12,-1.219517895991686e-07,0.0008023058323941732,1.086960403571981e-08
2,12115.27658628577,0.0,1.0,0.0,0.8023058324418492,1.129484798464934e-05,0.0,0.0,-0.0008023058279380199,1.154279765665052e-07,0.0008023058279380205,-1.154279765665052e-07,-4.503828981237763e-12,-1.267228245511546e-07,0.0008023058324418492,1.129484798464934e-08
2,12589.25411794155,0.0,1.0,0.0,0.8023058324933287,1.173672845622059e-05,0.0,0.0,-0.0008023058277257522,1.199437849242169e-07,0.0008023058277257527,-1.199437849242169e-07,-4.767576421695267e-12,-1.316805133804375e-07,0.0008023058324933286,1.173672845622059e-08
2,13081.77474260181,0.0,1.0,0.0,0.8023058325489152,1.219589630948657e-05,0.0,0.0,-0.0008023058274965497,1.246362621070226e-07,0.0008023058274965502,-1.246362621070226e-07,-5.052364356874555e-12,-1.368321584165092e-07,0.0008023058325489152,1.219589630948657e-08
2,13593.56390878512,0.0,1.0,0.0,0.8023058326089358,1.267302786660095e-05,0.0,0.0,-0.0008023058272490641,1.295123198061885e-07,0.0008023058272490644,-1.295123198061885e-07,-5.359871295631919e-12,-1.421853476727894e-07,0.0008023058326089359,1.267302786660095e-08
2,14125.3754462274,0.0,1.0,0.0,0.8023058326737447,1.316882590899262e-05,0.0,0.0,-0.0008023058269818347,1.34579140114243e-07,0.0008023058269818352,-1.34579140114243e-07,-5.691909650135893e-12,-1.477479660232357e-07,0.0008023058326737446,1.316882590899262e-08
2,14677.99267622055,0.0,1.0,0.0,0.8023058327437238,1.368402071251285e-05,0.0,0.0,-0.0008023058266932869,1.398441861036955e-07,0.0008023058266932872,-1.398441861036955e-07,-6.050436418025e-12,-1.535282068162083e-07,0.0008023058327437238,1.368402071251285e-08
2,15252.22956539003,0.0,1.0,0.0,0.8023058328192854,1.421937112307968e-05,0.0,0.0,-0.0008023058263817201,1.453152128196165e-07,0.0008023058263817207,-1.453152128196165e-07,-6.437564716736293e-12,-1.595345839426961e-07,0.0008023058328192853,1.421937112307968e-08
2,15848.93192461097,0.0,1.0,0.0,0.8023058329008749,1.477566567440382e-05,0.0,0.0,-0.0008023058260452987,1.510002787022735e-07,0.0008023058260452989,-1.510002787022735e-07,-6.855576237986635e-12,-1.657759443766774e-07,0.0008023058329008749,1.477566567440382e-08
2,16468.97865482852,0.0,1.0,0.0,0.8023058329889734,1.535372374944266e-05,0.0,0.0,-0.000802305825682038,1.569077574566469e-07,0.0008023058256820383,-1.569077574566469e-07,-7.306934695812172e-12,-1.722614812060895e-07,0.0008023058329889734,1.535372374944266e-08
2,17113.28304161763,0.0,1.0,0.0,0.8023058330840998,1.595439678729267e-05,0.0,0.0,-0.0008023058252897989,1.630463503863062e-07,0.0008023058252897995,-1.630463503863062e-07,-7.794300347427021e-12,-1.790007471735989e-07,0.0008023058330840998,1.595439678729267e-08
2,17782.79410038904,0.0,1.0,0.0,0.8023058331868149,1.657856953729831e-05,0.0,0.0,-0.0008023058248662687,1.694250992098176e-07,0.0008023058248662694,-1.694250992098176e-07,-8.320545672485755e-12,-1.86003668747116e-07,0.0008023058331868149,1.657856953729831e-08
2,18478.49797422272,0.0,1.0,0.0,0.8023058332977243,1.72271613622243e-05,0.0,0.0,-0.0008023058244089514,1.76053399378557e-07,0.0008023058244089516,-1.760533993785569e-07,-8.888772303161244e-12,-1.932805607407811e-07,0.0008023058332977243,1.72271613622243e-08
2,19201.41938638781,0.0,1.0,0.0,0.8023058334174813,1.790112759241075e-05,0.0,0.0,-0.0008023058239151519,1.829410139155458e-07,0.0008023058239151522,-1.829410139155458e-07,-9.502329304821894e-12,-2.008421415079566e-07,0.0008023058334174813,1.790112759241075e-08
2,19952.62314968858,0.0,1.0,0.0,0.8023058335467921,1.860146093290605e-05,0.0,0.0,-0.0008023058233819587,1.900980877956944e-07,0.0008023058233819592,-1.900980877956944e-07,-1.016483291505267e-11,-2.086995487286005e-07,0.0008023058335467921,1.860146093290605e-08
2,20733.21573485933,0.0,1.0,0.0,0.8023058336864187,1.93291929256495e-05,0.0,0.0,-0.00080230582280623,1.975351628886315e-07,0.0008023058228062303,-1.975351628886314e-07,-1.088018785735915e-11,-2.16864355814281e-07,0.0008023058336864187,1.93291929256495e-08
2,21544.3469003186,0.0,1.0,0.0,0.8023058338371839,2.008539546885786e-05,0.0,0.0,-0.0008023058221845731,2.052631934861308e-07,0.0008023058221845735,-2.052631934861308e-07,-1.165261035517546e-11,-2.253485889549887e-07,0.0008023058338371839,2.008539546885786e-08
2,22387.21138568315,0.0,1.0,0.0,0.8023058339999765,2.087118239585354e-05,0.0,0.0,-0.0008023058215133232,2.132935624370064e-07,0.0008023058215133234,-2.132935624370064e-07,-1.248665298181778e-11,-2.341647448328599e-07,0.0008023058339999765,2.087118239585355e-08
2,23263.05067153601,0.0,1.0,0.0,0.8023058341757558,2.168771111565978e-05,0.0,0.0,-0.0008023058207885241,2.216380979132397e-07,0.0008023058207885244,-2.216380979132397e-07,-1.338723149284638e-11,-2.433258090288994e-07,0.0008023058341757558,2.168771111565978e-08
2,24173.15480804078,0.0,1.0,0.0,0.8023058343655581,2.253618431777945e-05,0.0,0.0,-0.0008023058200059036,2.303090908320355e-07,0.000802305820005904,-2.303090908320355e-07,-1.435965379898291e-11,-2.528452751498149e-07,0.0008023058343655581,2.253618431777945e-08
2,25118.86431509553,0.0,1.0,0.0,0.8023058345705018,2.341785174366839e-05,0.0,0.0,-0.0008023058191608504,2.393193129594671e-07,0.0008023058191608506,-2.393193129594671e-07,-1.540965125034598e-11,-2.627371647031357e-07,0.0008023058345705018,2.341785174366839e-08
2,26101.57215682508,0.0,1.0,0.0,0.802305834791795,2.433401202751233e-05,0.0,0.0,-0.0008023058182483819,2.486820357223763e-07,0.0008023058182483823,-2.486820357223763e-07,-1.654341241639078e-11,-2.730160477498887e-07,0.0008023058347917949,2.433401202751233e-08
2,27122.72579331998,0.0,1.0,0.0,0.8023058350307418,2.52860146090189e-05,0.0,0.0,-0.0008023058172631214,2.584110497562361e-07,0.0008023058172631219,-2.584110497562361e-07,-1.776761956064765e-11,-2.83697064365255e-07,0.0008023058350307418,2.52860146090189e-08
2,28183.82931264423,0.0,1.0,0.0,0.8023058352887505,2.627526172104185e-05,0.0,0.0,-0.0008023058161992624,2.685206852177684e-07,0.0008023058161992628,-2.685206852177684e-07,-1.90894880252375e-11,-2.947959469388104e-07,0.0008023058352887506,2.627526172104185e-08
2,29286.44564625204,0.0,1.0,0.0,0.8023058355673423,2.730321045496523e-05,0.0,0.0,-0.0008023058150505324,2.790258328922367e-07,0.0008023058150505329,-2.790258328922367e-07,-2.051680875729172e-11,-3.063290433472019e-07,0.0008023058355673422,2.730321045496523e-08
2,30432.19887107688,0.0,1.0,0.0,0.8023058358681584,2.837137490688939e-05,0.0,0.0,-0.0008023058138101635,2.899419661265008e-07,0.0008023058138101641,-2.899419661265008e-07,-2.205799422792234e-11,-3.183133410333902e-07,0.0008023058358681584,2.837137490688939e-08
2,31622.77660168344,0.0,1.0,0.0,0.8023058361929724,2.948132840778003e-05,0.0,0.0,-0.0008023058124708433,3.012851636201407e-07,0.000802305812470844,-3.012851636201407e-07,-2.372212801438321e-11,-3.307664920279207e-07,0.0008023058361929724,2.948132840778003e-08
2,32859.93247600617,0.0,1.0,0.0,0.8023058365436982,3.063470584086506e-05,0.0,0.0,-0.0008023058110246794,3.130721331082187e-07,0.0008023058110246799,-3.130721331082187e-07,-2.551901833765389e-11,-3.437068389490838e-07,0.0008023058365436983,3.063470584086506e-08
2,34145.48873833563,0.0,1.0,0.0,0.8023058369224035,3.183320604969238e-05,0.0,0.0,-0.0008023058094631468,3.253202359705612e-07,0.0008023058094631472,-3.253202359705612e-07,-2.745925587098971e-11,-3.571534420202535e-07,0.0008023058369224036,3.183320604969238e-08
2,35481.33892335714,0.0,1.0,0.0,0.80230583733132,3.307859434039526e-05,0.0,0.0,-0.0008023058077770429,3.380475128038081e-07,0.0008023058077770435,-3.380475128038081e-07,-2.955427616015506e-11,-3.711261071442034e-07,0.00080230583733132,3.307859434039526e-08
2,36869.45064519533,0.0,1.0,0.0,0.8023058377728578,3.437270508185116e-05,0.0,0.0,-0.0008023058059564302,3.512727099938954e-07,0.0008023058059564306,-3.512727099938954e-07,-3.181642702323692e-11,-3.856454150757466e-07,0.0008023058377728578,3.437270508185116e-08
2,38311.86849557243,0.0,1.0,0.0,0.8023058382496194,3.571744440756334e-05,0.0,0.0,-0.0008023058039905774,3.650153073281086e-07,0.0008023058039905777,-3.650153073281085e-07,-3.425904132728481e-11,-4.007327517356719e-07,0.0008023058382496195,3.571744440756335e-08
2,39810.71705534926,0.0,1.0,0.0,0.8023058387644147,3.711479302324496e-05,0.0,0.0,-0.0008023058018678986,3.792955466873782e-07,0.0008023058018678988,-3.792955466873782e-07,-3.689651557071362e-11,-4.164103397106231e-07,0.0008023058387644148,3.711479302324496e-08
2,41368.20402388459,0.0,1.0,0.0,0.802305839320278,3.856680912424018e-05,0.0,0.0,-0.0008023057995758822,3.941344618610746e-07,0.0008023057995758826,-3.941344618610746e-07,-3.974439473462375e-11,-4.327012709853147e-07,0.000802305839320278,3.856680912424018e-08
2,42986.62347082227,0.0,1.0,0.0,0.8023058399204851,4.007563142708053e-05,0.0,0.0,-0.0008023057971010212,4.095539095282222e-07,0.0008023057971010215,-4.095539095282222e-07,-4.281946390314226e-11,-4.496295409553027e-07,0.0008023058399204851,4.007563142708053e-08
2,44668.35921509578,0.0,1.0,0.0,0.802305840568574,4.164348231963967e-05,0.0,0.0,-0.0008023057944287265,4.255766014507585e-07,0.000802305794428727,-4.255766014507585e-07,-4.613984719278234e-11,-4.672200837703981e-07,0.0008023058405685741,4.164348231963967e-08
2,46415.88833612725,0.0,1.0,0.0,0.8023058412683644,4.327267113452812e-05,0.0,0.0,-0.0008023057915432495,4.422261379262604e-07,0.0008023057915432497,-4.422261379262604e-07,-4.972511457389935e-11,-4.854988090607886e-07,0.0008023058412683643,4.327267113452812e-08
2,48231.7848223925,0.0,1.0,0.0,0.8023058420239805,4.496559755054737e-05,0.0,0.0,-0.0008023057884275829,4.595270425494057e-07,0.0008023057884275834,-4.595270425494057e-07,-5.35963972138332e-11,-5.044926400999532e-07,0.0008023058420239805,4.496559755054738e-08
2,50118.72336272663,0.0,1.0,0.0,0.802305842839876,4.672475512721395e-05,0.0,0.0,-0.0008023057850633638,4.775047983333713e-07,0.0008023057850633643,-4.775047983333713e-07,-5.777651202155558e-11,-5.242295534605855e-07,0.000802305842839876,4.672475512721395e-08
2,52079.48328595401,0.0,1.0,0.0,0.8023058437208599,4.855273497755933e-05,0.0,0.0,-0.0008023057814307631,4.961858852443715e-07,0.0008023057814307635,-4.961858852443715e-07,-6.229009612787082e-11,-5.447386202219309e-07,0.0008023058437208599,4.855273497755933e-08
2,54116.95265464572,0.0,1.0,0.0,0.8023058446721242,5.045222958461389e-05,0.0,0.0,-0.000802305777508372,5.155978192046163e-07,0.0008023057775083724,-5.155978192046163e-07,-6.716375209377758e-11,-5.660500487892304e-07,0.0008023058446721242,5.045222958461389e-08
2,56234.13251903423,0.0,1.0,0.0,0.8023058456992759,5.242603676719696e-05,0.0,0.0,-0.0008023057732730707,5.357691926211405e-07,0.0008023057732730711,-5.357691926211405e-07,-7.242620470283017e-11,-5.881952293883376e-07,0.0008023058456992759,5.242603676719696e-08
2,58434.14133735106,0.0,1.0,0.0,0.8023058468083687,5.447706380085283e-05,0.0,0.0,-0.0008023057686998981,5.56729716500194e-07,0.0008023057686998983,-5.56729716500194e-07,-7.810847026161048e-11,-6.112067803010469e-07,0.0008023058468083687,5.447706380085283e-08
2,60720.21956909812,0.0,1.0,0.0,0.8023058480059396,5.660833170000171e-05,0.0,0.0,-0.0008023057637618993,5.785102642092212e-07,0.0008023057637618999,-5.785102642092212e-07,-8.424403940614277e-11,-6.351185959092228e-07,0.0008023058480059397,5.660833170000171e-08
2,63095.73444801856,0.0,1.0,0.0,0.8023058492990468,5.882297966761311e-05,0.0,0.0,-0.0008023057584299717,6.011429169508877e-07,0.0008023057584299723,-6.011429169508877e-07,-9.086907449168644e-11,-6.599658966185007e-07,0.0008023058492990468,5.88229796676131e-08
2,65564.18494179708,0.0,1.0,0.0,0.8023058506953119,6.112426971895379e-05,0.0,0.0,-0.0008023057526726886,6.246610110161286e-07,0.000802305752672689,-6.246610110161287e-07,-9.802262272929148e-11,-6.857852807350823e-07,0.000802305850695312,6.112426971895379e-08
2,68129.20690579529,0.0,1.0,0.0,0.8023058522029642,6.35155914862198e-05,0.0,0.0,-0.0008023057464561171,6.490991868858125e-07,0.0008023057464561177,-6.490991868858124e-07,-1.057468463253099e-10,-7.126147783720323e-07,0.0008023058522029642,6.35155914862198e-08
2,70794.57843841292,0.0,1.0,0.0,0.8023058538308896,6.600046721112903e-05,0.0,0.0,-0.0008023057397436189,6.744934402533435e-07,0.0008023057397436192,-6.744934402533435e-07,-1.140872709802709e-10,-7.404939074644728e-07,0.0008023058538308896,6.600046721112903e-08
2,73564.22544596322,0.0,1.0,0.0,0.8023058555886832,6.858255693282546e-05,0.0,0.0,-0.0008023057324956285,7.008811750433454e-07,0.000802305732495629,-7.008811750433453e-07,-1.230930542117298e-10,-7.694637319761708e-07,0.0008023058555886831,6.858255693282546e-08
2,76442.22742525907,0.0,1.0,0.0,0.802305857486705,7.126566387873697e-05,0.0,0.0,-0.0008023057246694292,7.283012585045184e-07,0.0008023057246694295,-7.283012585045184e-07,-1.328172750825436e-10,-7.995669223832551e-07,0.000802305857486705,7.126566387873697e-08
2,79432.82347242715,0.0,1.0,0.0,0.8023058595361418,7.405374006632271e-05,0.0,0.0,-0.0008023057162188933,7.567940784578038e-07,0.000802305716218894,-7.567940784578038e-07,-1.433172470421787e-10,-8.308478185241264e-07,0.0008023058595361418,7.405374006632271e-08
2,82540.4185268008,0.0,1.0,0.0,0.8023058617490725,7.695089212396205e-05,0.0,0.0,-0.0008023057070942158,7.864016027841775e-07,0.0008023057070942162,-7.864016027841775e-07,-1.546548557248866e-10,-8.633524949081395e-07,0.0008023058617490725,7.695089212396206e-08
2,85769.58985908833,0.0,1.0,0.0,0.80230586413854,7.996138733955456e-05,0.0,0.0,-0.0008023056972416161,8.171674412396808e-07,0.0008023056972416163,-8.171674412396807e-07,-1.668969236956655e-10,-8.971288285792357e-07,0.00080230586413854,7.996138733955456e-08
2,89125.09381337342,0.0,1.0,0.0,0.8023058667186277,8.308965994573885e-05,0.0,0.0,-0.0008023056866030233,8.491369096887303e-07,0.0008023056866030236,-8.491369096887304e-07,-1.801156042937542e-10,-9.322265696344695e-07,0.0008023058667186278,8.308965994573885e-08
2,92611.87281287817,0.0,1.0,0.0,0.8023058695045423,8.634031765098528e-05,0.0,0.0,-0.0008023056751157351,8.823570968503072e-07,0.0008023056751157355,-8.823570968503072e-07,-1.943888068948967e-10,-9.686974145012928e-07,0.0008023058695045423,8.634031765098528e-08
2,96235.06263980764,0.0,1.0,0.0,0.8023058725127036,8.97181484261793e-05,0.0,0.0,-0.0008023056627120473,9.168769336553236e-07,0.0008023056627120476,-9.168769336553236e-07,-2.098006560987868e-10,-1.006595082081503e-06,0.0008023058725127036,8.971814842617931e-08
2,99999.9999999987,0.0,1.0,0.0,0.8023058757608412,9.322812755668797e-05,0.0,0.0,-0.0008023056493188536,9.527472653173146e-07,0.0008023056493188541,-9.527472653173146e-07,-2.264419875480498e-10,-1.045975392874002e-06,0.0008023058757608412,9.322812755668798e-08
2,103912.2303835156,0.0,1.0,0.0,0.8023058792680997,9.687542497029388e-05,0.0,0.0,-0.0008023056348572155,9.900209262225945e-07,0.000802305634857216,-9.900209262225945e-07,-2.444108833010127e-10,-1.086896351192888e-06,0.0008023058792680997,9.687542497029388e-08
2,107977.5162327696,0.0,1.0,0.0,0.8023058830551498,0.0001006654128517851,0.0,0.0,-0.0008023056192419001,1.028752817750165e-06,0.0008023056192419004,-1.028752817750165e-06,-2.638132499136299e-10,-1.129418230601951e-06,0.0008023058830551498,1.006654128517851e-07
2,112201.8454301949,0.0,1.0,0.0,0.8023058871443126,0.0001046036735554125,0.0,0.0,-0.0008023056023808693,1.068999989135986e-06,0.0008023056023808698,-1.068999989135986e-06,-2.847634426376464e-10,-1.173603662691399e-06,0.0008023058871443127,1.046036735554125e-07
2,116591.4401179817,0.0,1.0,0.0,0.8023058915596887,0.0001086960078268639,0.0,0.0,-0.0008023055841747491,1.110821721500683e-06,0.0008023055841747493,-1.110821721500683e-06,-3.073849394138715e-10,-1.219517729327547e-06,0.0008023058915596887,1.086960078268639e-07
2,121152.7658628573,0.0,1.0,0.0,0.802305896327302,0.000112948443346859,0.0,0.0,-0.0008023055645162325,1.15427961516445e-06,0.0008023055645162329,-1.15427961516445e-06,-3.318110686329093e-10,-1.267228058511309e-06,0.000802305896327302,1.12948443346859e-07
2,125892.5411794151,0.0,1.0,0.0,0.802305901475252,0.0001173672436089438,0.0,0.0,-0.0008023055432894565,1.199437680377722e-06,0.0008023055432894568,-1.199437680377722e-06,-3.581857949525811e-10,-1.316804923986665e-06,0.0008023059014752521,1.173672436089438e-07
2,130817.7474260177,0.0,1.0,0.0,0.8023059070338804,0.0001219589171445511,0.0,0.0,-0.0008023055203693116,1.246362431601206e-06,0.0008023055203693122,-1.246362431601206e-06,-3.866645678034192e-10,-1.368321348745757e-06,0.0008023059070338804,1.219589171445511e-07
2,135935.6390878508,0.0,1.0,0.0,0.8023059130359489,0.0001267302271089099,0.0,0.0,-0.0008023054956207104,1.295122985474153e-06,0.0008023054956207107,-1.295122985474153e-06,-4.174152375830983e-10,-1.421853212583063e-06,0.0008023059130359489,1.267302271089099e-07
2,141253.7544622736,0.0,1.0,0.0,0.8023059195168329,0.0001316882012419111,0.0,0.0,-0.000802305468897787,1.345791162615081e-06,0.0008023054688977873,-1.345791162615081e-06,-4.506190449395573e-10,-1.477479363856992e-06,0.0008023059195168329,1.316882012419111e-07
2,146779.926762205,0.0,1.0,0.0,0.80230592651473,0.0001368401422185905,0.0,0.0,-0.0008023054400430403,1.398441593404878e-06,0.0008023054400430408,-1.398441593404878e-06,-4.864716889733425e-10,-1.535281735623468e-06,0.00080230592651473,1.368401422185905e-07
2,152522.2956538998,0.0,1.0,0.0,0.8023059340708849,0.000142193638404466,0.0,0.0,-0.0008023054088864036,1.453151827908046e-06,0.0008023054088864041,-1.453151827908046e-06,-5.251844806548005e-10,-1.595345466312513e-06,0.0008023059340708849,1.42193638404466e-07
2,158489.3192461092,0.0,1.0,0.0,0.8023059422298328,0.0001477565750315546,0.0,0.0,-0.0008023053752442438,1.510002450093939e-06,0.0008023053752442441,-1.51000245009394e-06,-5.669855882539507e-10,-1.657759025125494e-06,0.0008023059422298328,1.477565750315546e-07
2,164689.7865482846,0.0,1.0,0.0,0.8023059510396611,0.0001535371458115162,0.0,0.0,-0.0008023053389182785,1.56907719652616e-06,0.0008023053389182791,-1.56907719652616e-06,-6.121213821231378e-10,-1.722614342337676e-06,0.0008023059510396611,1.535371458115162e-07
2,171132.8304161757,0.0,1.0,0.0,0.8023059605522942,0.0001595438650030145,0.0,0.0,-0.0008023052996944066,1.63046307969488e-06,0.0008023052996944072,-1.630463079694881e-06,-6.608578867580861e-10,-1.790006944697895e-06,0.0008023059605522942,1.595438650030145e-07
2,177827.9410038899,0.0,1.0,0.0,0.8023059708237981,0.0001657855799510492,0.0,0.0,-0.0008023052573414486,1.694250516173673e-06,0.000802305257341449,-1.694250516173673e-06,-7.134823486952032e-10,-1.860036096124723e-06,0.0008023059708237981,1.657855799510492e-07
2,184784.9797422266,0.0,1.0,0.0,0.8023059819147115,0.0001722714841167105,0.0,0.0,-0.0008023052116097819,1.760533459789525e-06,0.0008023052116097823,-1.760533459789525e-06,-7.703049294856298e-10,-1.932804943906235e-06,0.0008023059819147114,1.722714841167105e-07
2,192014.1938638775,0.0,1.0,0.0,0.802305993890403,0.0001790111306165191,0.0,0.0,-0.0008023051622298694,1.829409540002079e-06,0.0008023051622298697,-1.829409540002079e-06,-8.31660533723622e-10,-2.008420670618599e-06,0.000802305993890403,1.790111306165191e-07
2,199526.2314968852,0.0,1.0,0.0,0.8023060068214559,0.0001860144462912756,0.0,0.0,-0.0008023051089106718,1.900980205695841e-06,0.0008023051089106724,-1.900980205695841e-06,-8.979107829027882e-10,-2.086994651987117e-06,0.000802306006821456,1.860144462912756e-07
2,207332.1573485926,0.0,1.0,0.0,0.8023060207840834,0.0001932917463251046,0.0,0.0,-0.0008023050513379362,1.975350874597005e-06,0.0008023050513379365,-1.975350874597005e-06,-9.69446146733023e-10,-2.168642620922109e-06,0.0008023060207840835,1.932917463251047e-07
2,215443.4690031854,0.0,1.0,0.0,0.8023060358605797,0.0002008537494361986,0.0,0.0,-0.0008023049891723345,2.052631088534849e-06,0.0008023049891723351,-2.052631088534849e-06,-1.046688244478951e-09,-2.253484837971048e-06,0.0008023060358605797,2.008537494361986e-07
2,223872.1138568308,0.0,1.0,0.0,0.8023060521398033,0.0002087115936615966,0.0,0.0,-0.0008023049220474729,2.132934674776238e-06,0.0008023049220474734,-2.132934674776238e-06,-1.13009232988259e-09,-2.341646268437834e-06,0.0008023060521398034,2.087115936615967e-07
2,232630.5067153593,0.0,1.0,0.0,0.8023060697177017,0.0002168768527592054,0.0,0.0,-0.0008023048495677267,2.216379913670695e-06,0.0008023048495677271,-2.216379913670695e-06,-1.220149974314797e-09,-2.433256766429901e-06,0.0008023060697177017,2.168768527592054e-07
2,241731.548080407,0.0,1.0,0.0,0.8023060886978761,0.0002253615532511802,0.0,0.0,-0.0008023047713059117,2.303089712852781e-06,0.0008023047713059123,-2.303089712852781e-06,-1.317391963968195e-09,-2.52845126610396e-06,0.0008023060886978761,2.253615532511802e-07
2,251188.6431509545,0.0,1.0,0.0,0.802306109192193,0.0002341781921337063,0.0,0.0,-0.0008023046868007645,2.393191788258133e-06,0.0008023046868007651,-2.393191788258133e-06,-1.422391428165511e-09,-2.627369980391839e-06,0.0008023061091921931,2.341781921337063e-07
2,261015.72156825,0.0,1.0,0.0,0.8023061313214428,0.0002433397552792206,0.0,0.0,-0.0008023045955542246,2.486818852219585e-06,0.000802304595554225,-2.486818852219585e-06,-1.535767217219231e-09,-2.730158607498806e-06,0.0008023061313214428,2.433397552792207e-07
2,271227.2579331989,0.0,1.0,0.0,0.8023061552160512,0.0002528597365581006,0.0,0.0,-0.000802304497028501,2.584108808920106e-06,0.0008023044970285016,-2.584108808920106e-06,-1.658187549748837e-09,-2.836968545478206e-06,0.0008023061552160512,2.528597365581006e-07
2,281838.2931264414,0.0,1.0,0.0,0.8023061810168496,0.0002627521577079183,0.0,0.0,-0.000802304390642898,2.685204957490162e-06,0.0008023043906428984,-2.685204957490162e-06,-1.790373950949766e-09,-2.947957115198079e-06,0.0008023061810168496,2.627521577079184e-07
2,292864.4564625195,0.0,1.0,0.0,0.8023062088759032,0.0002730315889794407,0.0,0.0,-0.0008023042757703976,2.790256203048305e-06,0.000802304275770398,-2.790256203048305e-06,-1.933105505022515e-09,-3.063287792027746e-06,0.0008023062088759033,2.730315889794407e-07
2,304321.9887107678,0.0,1.0,0.0,0.8023062389574085,0.0002837131705896905,0.0,0.0,-0.0008023041517339615,2.899417275995444e-06,0.0008023041517339618,-2.899417275995444e-06,-2.087223446821447e-09,-3.183130446585138e-06,0.0008023062389574085,2.837131705896905e-07
2,316227.7660168334,0.0,1.0,0.0,0.8023062714386604,0.0002948126350135667,0.0,0.0,-0.0008023040178025409,3.012848959885384e-06,0.0008023040178025413,-3.012848959885384e-06,-2.253636119781546e-09,-3.307661594898953e-06,0.0008023062714386604,2.948126350135667e-07
2,328599.3247600607,0.0,1.0,0.0,0.8023063065110978,0.0003063463301467334,0.0,0.0,-0.0008023038731867676,3.13071832820676e-06,0.0008023038731867682,-3.130718328206759e-06,-2.433324329339369e-09,-3.437064658353492e-06,0.0008023063065110978,3.063463301467334e-07
2,341454.8873833552,0.0,1.0,0.0,0.8023063443814304,0.000318331243373771,0.0,0.0,-0.0008023037170343059,3.253198990424619e-06,0.0008023037170343065,-3.253198990424619e-06,-2.627347123394705e-09,-3.571530233798388e-06,0.0008023063443814305,3.183312433737711e-07
2,354813.3892335703,0.0,1.0,0.0,0.8023063852728586,0.0003307850265768871,0.0,0.0,-0.0008023035484248241,3.380471347643418e-06,0.0008023035484248247,-3.380471347643418e-06,-2.836848033875253e-09,-3.711256374220305e-06,0.0008023063852728586,3.307850265768871e-07
2,368694.5064519521,0.0,1.0,0.0,0.8023064294263881,0.0003437260221218568,0.0,0.0,-0.0008023033663645718,3.512722858267334e-06,0.0008023033663645723,-3.512722858267334e-06,-3.063061816183245e-09,-3.856448880389192e-06,0.0008023064294263881,3.437260221218568e-07
2,383118.6849557231,0.0,1.0,0.0,0.8023064771022506,0.0003571732898592845,0.0,0.0,-0.0008023031697805237,3.650148314048414e-06,0.0008023031697805244,-3.650148314048414e-06,-3.307321726235967e-09,-4.007321603907699e-06,0.0008023064771022505,3.571732898592845e-07
2,398107.1705534914,0.0,1.0,0.0,0.8023065285814368,0.0003711466351807465,0.0,0.0,-0.0008023029575140585,3.792950126928301e-06,0.0008023029575140589,-3.792950126928301e-06,-3.571067377979149e-09,-4.164096762109048e-06,0.0008023065285814368,3.711466351807465e-07
2,413682.0402388446,0.0,1.0,0.0,0.8023065841673533,0.0003856666381709044,0.0,0.0,-0.0008023027283141256,3.941338627095074e-06,0.0008023027283141261,-3.941338627095074e-06,-3.855853227671491e-09,-4.32700526526598e-06,0.0008023065841673534,3.856666381709044e-07
2,429866.2347082213,0.0,1.0,0.0,0.8023066441876104,0.0004007546838982691,0.0,0.0,-0.000802302480829875,4.095532372693128e-06,0.0008023024808298754,-4.095532372693127e-06,-4.163357734930662e-09,-4.496287056591399e-06,0.0008023066441876105,4.007546838982691e-07
2,446683.5921509565,0.0,1.0,0.0,0.8023067089959522,0.0004164329938889299,0.0,0.0,-0.0008023022136026976,4.255758471641061e-06,0.0008023022136026978,-4.255758471641061e-06,-4.495393254517222e-09,-4.672191465529992e-06,0.0008023067089959523,4.164329938889299e-07
2,464158.8833612709,0.0,1.0,0.0,0.8023067789743423,0.0004327246588292789,0.0,0.0,-0.0008023019250576252,4.422252916030193e-06,0.0008023019250576255,-4.422252916030193e-06,-4.853916717136983e-09,-4.854977574859473e-06,0.0008023067789743423,4.327246588292789e-07
2,482317.8482239234,0.0,1.0,0.0,0.8023068545352143,0.0004496536725455305,0.0,0.0,-0.0008023016134940516,4.595260929594776e-06,0.0008023016134940521,-4.595260929594776e-06,-5.241041162189277e-09,-5.044914602140306e-06,0.0008023068545352143,4.496536725455305e-07
2,501187.2336272647,0.0,1.0,0.0,0.8023069361239022,0.0004672449673096611,0.0,0.0,-0.000802301277075711,4.775037328763923e-06,0.0008023012770757116,-4.775037328763924e-06,-5.659048190405784e-09,-5.242282296073583e-06,0.0008023069361239023,4.672449673096611e-07
2,520794.8328595385,0.0,1.0,0.0,0.8023070242212652,0.0004855244505233124,0.0,0.0,-0.0008023009138198554,4.961846897825171e-06,0.000802300913819856,-4.96184689782517e-06,-6.110401409741835e-09,-5.447371348348483e-06,0.0008023070242212652,4.855244505233124e-07
2,541169.5265464555,0.0,1.0,0.0,0.8023071193465218,0.0005045190428331573,0.0,0.0,-0.000802300521585567,5.155964778750062e-06,0.0008023005215855675,-5.155964778750062e-06,-6.597760953730611e-09,-5.660483821583219e-06,0.0008023071193465217,5.045190428331573e-07
2,562341.3251903405,0.0,1.0,0.0,0.802307222060308,0.0005242567177332872,0.0,0.0,-0.0008023000980611496,5.357676876253544e-06,0.0008023000980611502,-5.357676876253544e-06,-7.123999157825493e-09,-5.881933593986834e-06,0.000802307222060308,5.242567177332871e-07
2,584341.4133735087,0.0,1.0,0.0,0.8023073329679835,0.00054476654271229,0.0,0.0,-0.0008022996407504967,5.567280278681052e-06,0.0008022996407504974,-5.567280278681052e-06,-7.692217486073422e-09,-6.112046821393342e-06,0.0008023073329679835,5.447665427122899e-07
2,607202.1956909792,0.0,1.0,0.0,0.8023074527231971,0.0005660787220048732,0.0,0.0,-0.0008022991469583884,5.785083695340144e-06,0.000802299146958389,-5.785083695340143e-06,-8.305764807822711e-09,-6.351162417345016e-06,0.0008023074527231972,5.660787220048733e-07
2,630957.3444801836,0.0,1.0,0.0,0.8023075820317394,0.0005882246410101881,0.0,0.0,-0.0008022986137746066,6.011407910917452e-06,0.0008022986137746072,-6.011407910917453e-06,-8.968257132116087e-09,-6.59963255192764e-06,0.0008023075820317394,5.882246410101882e-07
2,655641.8494179688,0.0,1.0,0.0,0.8023077216557016,0.0006112369124413328,0.0,0.0,-0.000802298038056785,6.246586257646413e-06,0.0008022980380567856,-6.246586257646413e-06,-9.683598915999088e-09,-6.857823170087746e-06,0.0008023077216557016,6.112369124413328e-07
2,681292.0690579507,0.0,1.0,0.0,0.8023078724179667,0.0006351494242729581,0.0,0.0,-0.0008022974164118937,6.490965105916873e-06,0.0008022974164118943,-6.490965105916873e-06,-1.045600607223688e-08,-7.12611453018983e-06,0.0008023078724179668,6.351494242729582e-07
2,707945.7843841269,0.0,1.0,0.0,0.8023080352070577,0.0006599973895564399,0.0,0.0,-0.0008022967451762454,6.744904374044431e-06,0.000802296745176246,-6.744904374044431e-06,-1.129003081193317e-08,-7.404901763600873e-06,0.0008023080352070577,6.5999738955644e-07
2,735642.2544596299,0.0,1.0,0.0,0.8023082109823739,0.0006858173981746569,0.0,0.0,-0.0008022960203939054,7.008778057944897e-06,0.0008022960203939056,-7.008778057944896e-06,-1.219058846834065e-08,-7.694595456119555e-06,0.000802308210982374,6.858173981746569e-07
2,764422.2742525883,0.0,1.0,0.0,0.8023084007798434,0.0007126474706111298,0.0,0.0,-0.0008022952377933837,7.28297478148791e-06,0.0008022952377933842,-7.282974781487911e-06,-1.316298645980785e-08,-7.995622252099042e-06,0.0008023084007798435,7.126474706111298e-07
2,794328.234724269,0.0,1.0,0.0,0.8023086057180279,0.0007405271138110647,0.0,0.0,-0.0008022943927624652,7.567898368333552e-06,0.0008022943927624656,-7.567898368333552e-06,-1.42129555623903e-08,-8.30842548214462e-06,0.0008023086057180279,7.405271138110647e-07
2,825404.1852680054,0.0,1.0,0.0,0.8023088270047122,0.000769497379214707,0.0,0.0,-0.000802293480321035,7.863968436086507e-06,0.0008022934803210354,-7.863968436086507e-06,-1.534668367623705e-08,-8.633465815301211e-06,0.0008023088270047122,7.69497379214707e-07
2,857695.8985908806,0.0,1.0,0.0,0.8023090659440212,0.000799600923046402,0.0,0.0,-0.0008022924950917359,8.171621013634314e-06,0.0008022924950917363,-8.171621013634312e-06,-1.657085228452762e-08,-8.97122193668071e-06,0.0008023090659440212,7.99600923046402e-07
2,891250.9381337314,0.0,1.0,0.0,0.8023093239441038,0.0008308820689458124,0.0,0.0,-0.0008022914312682838,8.491309182569325e-06,0.0008022914312682842,-8.491309182569323e-06,-1.789267581956422e-08,-9.322191251515137e-06,0.0008023093239441038,8.308820689458125e-07
2,926118.7281287787,0.0,1.0,0.0,0.8023096025254289,0.0008633868730309187,0.0,0.0,-0.0008022902825812602,8.823503743628303e-06,0.0008022902825812607,-8.823503743628303e-06,-1.931994416771206e-08,-9.68689061665922e-06,0.0008023096025254289,8.633868730309187e-07
2,962350.6263980733,0.0,1.0,0.0,0.8023099033297427,0.0008971631914856722,0.0,0.0,-0.0008022890422611788,9.168693909119077e-06,0.0008022890422611792,-9.168693909119077e-06,-2.086106856332627e-08,-1.006585710060475e-05,0.0008023099033297428,8.971631914856722e-07
2,999999.9999999839,0.0,1.0,0.0,0.8023102281297417,0.0009322607507685514,0.0,0.0,-0.0008022877029985991,9.5273880223405e-06,0.0008022877029985997,-9.527388022340501e-06,-2.252513114171525e-08,-1.045964877310905e-05,0.0008023102281297417,9.322607507685514e-07
2,1039122.303835152,0.0,1.0,0.0,0.8023105788395148,0.0009687312205417069,0.0,0.0,-0.0008022862569010722,9.900114305040056e-06,0.0008022862569010724,-9.900114305040058e-06,-2.432193844268249e-08,-1.086884552558177e-05,0.0008023105788395148,9.68731220541707e-07
2,1079775.162327692,0.0,1.0,0.0,0.80231095752582,0.001006628289423954,0.0,0.0,-0.0008022846954466398,1.028742163399285e-05,0.0008022846954466405,-1.028742163399286e-05,-2.626207917938739e-08,-1.129404992341681e-05,0.0008023109575258201,1.006628289423954e-06
2,1122018.454301945,0.0,1.0,0.0,0.8023113664202576,0.001046007743674496,0.0,0.0,-0.0008022830094336448,1.068988034782653e-05,0.0008022830094336453,-1.068988034782653e-05,-2.835698661230445e-08,-1.173588809150103e-05,0.0008023113664202576,1.046007743674496e-06
2,1165914.401179813,0.0,1.0,0.0,0.802311807932416,0.001086927548918048,0.0,0.0,-0.0008022811889265204,1.110808308525891e-05,0.000802281188926521,-1.110808308525891e-05,-3.061900589508639e-08,-1.219501063417695e-05,0.000802311807932416,1.086927548918048e-06
2,1211527.658628569,0.0,1.0,0.0,0.8023122846640641,0.001129447935025817,0.0,0.0,-0.0008022792231972757,1.154264565595862e-05,0.0008022792231972759,-1.154264565595862e-05,-3.306146678830284e-08,-1.267209359098444e-05,0.0008023122846640641,1.129447935025817e-06
2,1258925.411794147,0.0,1.0,0.0,0.8023127994244751,0.001173631484270795,0.0,0.0,-0.0008022771006623063,1.199420794528445e-05,0.0008022771006623069,-1.199420794528445e-05,-3.569876216850783e-08,-1.316783942955525e-05,0.0008023127994244751,1.173631484270795e-06
2,1308177.474260173,0.0,1.0,0.0,0.8023133552469714,0.001219543222879739,0.0,0.0,-0.0008022748088141766,1.246343485420504e-05,0.0008022748088141772,-1.246343485420504e-05,-3.854643279405771e-08,-1.368297807708479e-05,0.0008023133552469715,1.219543222879739e-06
2,1359356.390878503,0.0,1.0,0.0,0.8023139554067881,0.001267250716108438,0.0,0.0,-0.0008022723341479616,1.295101727574951e-05,0.0008022723341479623,-1.295101727574951e-05,-4.162125882576667e-08,-1.421826799185796e-05,0.0008023139554067881,1.267250716108438e-06
2,1412537.544622731,0.0,1.0,0.0,0.8023146034403599,0.001316824166970917,0.0,0.0,-0.0008022696620817189,1.345767310938847e-05,0.0008022696620817194,-1.345767310938847e-05,-4.494135864004355e-08,-1.477449727635939e-05,0.0008023146034403599,1.316824166970917e-06
2,1467799.267622045,0.0,1.0,0.0,0.8023153031661444,0.001368336518757564,0.0,0.0,-0.0008022667768706289,1.398414831479651e-05,0.0008022667768706295,-1.398414831479651e-05,-4.852629551484466e-08,-1.535248483355408e-05,0.0008023153031661444,1.368336518757564e-06
2,1525222.956538993,0.0,1.0,0.0,0.8023160587071051,0.001421863561481424,0.0,0.0,-0.0008022636615142896,1.453121800649981e-05,0.00080226366151429,-1.453121800649981e-05,-5.239719281483579e-08,-1.595308156798123e-05,0.0008023160587071051,1.421863561481424e-06
2,1584893.192461087,0.0,1.0,0.0,0.8023168745149838,0.001477484042396273,0.0,0.0,-0.0008022602976566315,1.509968759096687e-05,0.0008022602976566318,-1.509968759096686e-05,-5.657685835185193e-08,-1.657717163336315e-05,0.0008023168745149838,1.477484042396273e-06
2,1646897.865482841,0.0,1.0,0.0,0.802317755396508,0.001535279780734481,0.0,0.0,-0.0008022566654778567,1.56903939477563e-05,0.0008022566654778573,-1.56903939477563e-05,-6.108991865035769e-08,-1.722567372849077e-05,0.000802317755396508,1.535279780734481e-06
2,1711328.304161752,0.0,1.0,0.0,0.8023187065416838,0.001595335786817054,0.0,0.0,-0.0008022527435777782,1.630420665639297e-05,0.0008022527435777785,-1.630420665639296e-05,-6.596296390544699e-08,-1.789954244321003e-05,0.0008023187065416838,1.595335786817054e-06
2,1778279.410038893,0.0,1.0,0.0,0.8023197335543434,0.001657740385692747,0.0,0.0,-0.0008022485088498596,1.694202927070302e-05,0.00080224850884986,-1.694202927070301e-05,-7.122470448331443e-08,-1.859976965639576e-05,0.0008023197335543434,1.657740385692747e-06
2,1847849.79742226,0.0,1.0,0.0,0.8023208424851225,0.001722585345467416,0.0,0.0,-0.0008022439363452407,1.76048006423985e-05,0.0008022439363452409,-1.76048006423985e-05,-7.690613988141915e-08,-1.932738598786591e-05,0.0008023208424851225,1.722585345467416e-06
2,1920141.938638769,0.0,1.0,0.0,0.8023220398670647,0.001789966010489281,0.0,0.0,-0.000802238999125925,1.829349629576487e-05,0.0008022389991259257,-1.829349629576487e-05,-8.30407411381463e-08,-2.008346230625415e-05,0.0008023220398670648,1.789966010489281e-06
2,1995262.314968846,0.0,1.0,0.0,0.8023233327540581,0.001859981439559957,0.0,0.0,-0.0008022336681062976,1.900912985536766e-05,0.000802233668106298,-1.900912985536767e-05,-8.966464776003708e-08,-2.086911129492763e-05,0.0008023233327540581,1.859981439559957e-06
2,2073321.57348592,0.0,1.0,0.0,0.802324728762332,0.001932734549345404,0.0,0.0,-0.000802227911882013,1.975275452875987e-05,0.0008022279118820133,-1.975275452875987e-05,-9.681688031906017e-08,-2.168548907810529e-05,0.0008023247287623319,1.932734549345404e-06
2,2154434.690031847,0.0,1.0,0.0,0.8023262361152531,0.002008332263164943,0.0,0.0,-0.0008022216965452899,2.052546464623762e-05,0.0008022216965452903,-2.052546464623762e-05,-1.045395699633952e-07,-2.253379690940257e-05,0.0008023262361152531,2.008332263164943e-06
2,2238721.138568301,0.0,1.0,0.0,0.8023278636916862,0.002086885665340434,0.0,0.0,-0.000802214985485503,2.132839725975924e-05,0.0008022149854855033,-2.132839725975923e-05,-1.128782061833014e-07,-2.341528292509967e-05,0.0008023278636916862,2.086885665340434e-06
2,2326305.067153586,0.0,1.0,0.0,0.8023296210781995,0.002168510161291388,0.0,0.0,-0.0008022077391739196,2.216273380321136e-05,0.0008022077391739199,-2.216273380321136e-05,-1.218819042793937e-07,-2.433124396450275e-05,0.0008023296210781995,2.168510161291389e-06
2,2417315.480804062,0.0,1.0,0.0,0.802331518625421,0.002253325643565148,0.0,0.0,-0.000802199914931326,2.30297018162751e-05,0.0008021999149313264,-2.30297018162751e-05,-1.316036940946177e-07,-2.528302745984026e-05,0.000802331518625421,2.253325643565148e-06
2,2511886.431509537,0.0,1.0,0.0,0.802333567508874,0.002341456663994348,0.0,0.0,-0.000802191466677179,2.393057673421566e-05,0.0008021914666771796,-2.393057673421566e-05,-1.421008316940342e-07,-2.627203339821001e-05,0.000802333567508874,2.341456663994348e-06
2,2610157.215682491,0.0,1.0,0.0,0.8023357797946453,0.002433032612176601,0.0,0.0,-0.000802182344658836,2.486668374598973e-05,0.0008021823446588363,-2.486668374598973e-05,-1.534351358088523e-07,-2.729971635816634e-05,0.0008023357797946454,2.433032612176601e-06
2,2712272.579331981,0.0,1.0,0.0,0.8023381685102707,0.002528187900473393,0.0,0.0,-0.0008021724951592668,2.583939972313594e-05,0.0008021724951592671,-2.583939972313594e-05,-1.656733510036982e-07,-2.836758762360933e-05,0.0008023381685102707,2.528187900473393e-06
2,2818382.931264404,0.0,1.0,0.0,0.8023407477212476,0.002627062155726894,0.0,0.0,-0.0008021618601815675,2.685015522198516e-05,0.0008021618601815679,-2.685015522198517e-05,-1.788875396796401e-07,-2.947721737771206e-05,0.0008023407477212477,2.627062155726894e-06
2,2928644.564625185,0.0,1.0,0.0,0.8023435326136209,0.002729800417894253,0.0,0.0,-0.0008021503771084302,2.790043656179828e-05,0.0008021503771084307,-2.790043656179828e-05,-1.931555051908134e-07,-3.063023697969255e-05,0.0008023435326136209,2.729800417894253e-06
2,3043219.887107668,0.0,1.0,0.0,0.8023465395831221,0.002836553345799056,0.0,0.0,-0.0008021379783345909,2.899178798150943e-05,0.0008021379783345913,-2.899178798150943e-05,-2.08561248530474e-07,-3.182834132730849e-05,0.0008023465395831221,2.836553345799056e-06
2,3162277.660168324,0.0,1.0,0.0,0.8023497863313749,0.002947477430198906,0.0,0.0,-0.0008021245908701406,3.012581387782212e-05,0.0008021245908701408,-3.012581387782213e-05,-2.251954612338754e-07,-3.307329130802104e-05,0.0008023497863313748,2.947477430198906e-06
2,3285993.247600596,0.0,1.0,0.0,0.8023532919697302,0.003062735214366095,0.0,0.0,-0.0008021101359123785,3.130418112747295e-05,0.0008021101359123791,-3.130418112747295e-05,-2.43156057351489e-07,-3.436691634183904e-05,0.0008023532919697302,3.062735214366095e-06
2,3414548.873833541,0.0,1.0,0.0,0.8023570771313246,0.003182495522375366,0.0,0.0,-0.0008020945283837562,3.252862149654372e-05,0.0008020945283837567,-3.252862149654372e-05,-2.625487475678282e-07,-3.571111701891907e-05,0.0008023570771313246,3.182495522375366e-06
2,3548133.892335691,0.0,1.0,0.0,0.8023611640920125,0.003306933695288082,0.0,0.0,-0.0008020776764332328,3.38009341397648e-05,0.000802077676433233,-3.380093413976481e-05,-2.834876587795724e-07,-3.710786783505289e-05,0.0008023611640920126,3.306933695288082e-06
2,3686945.06451951,0.0,1.0,0.0,0.8023655769008687,0.003436231835416087,0.0,0.0,-0.0008020594808981654,3.512298819281241e-05,0.0008020594808981657,-3.51229881928124e-05,-3.060960027030367e-07,-3.85592200282285e-05,0.0008023655769008687,3.436231835416087e-06
2,3831186.849557219,0.0,1.0,0.0,0.8023703415210106,0.003570579058840315,0.0,0.0,-0.000802039834723654,3.649672546065623e-05,0.0008020398347236543,-3.649672546065623e-05,-3.305067973564652e-07,-4.006730451949657e-05,0.0008023703415210106,3.570579058840315e-06
2,3981071.705534901,0.0,1.0,0.0,0.8023754859815497,0.003710171756349188,0.0,0.0,-0.0008020186223359907,3.792416320506428e-05,0.0008020186223359909,-3.792416320506428e-05,-3.568636455585378e-07,-4.163433496141345e-05,0.0008023754859815497,3.710171756349188e-06
2,4136820.402388433,0.0,1.0,0.0,0.8023810405415415,0.003855213862948983,0.0,0.0,-0.0008019957189666386,3.940739703441313e-05,0.0008019957189666389,-3.940739703441313e-05,-3.853215749021534e-07,-4.326261089736212e-05,0.0008023810405415415,3.855213862948983e-06
2,4298662.3470822,0.0,1.0,0.0,0.8023870378668717,0.004005917136083087,0.0,0.0,-0.000801970989922868,4.094860389898818e-05,0.0008019709899228683,-4.094860389898818e-05,-4.16047944003515e-07,-4.495452103507127e-05,0.0008023870378668717,4.005917136083087e-06
2,4466835.921509551,0.0,1.0,0.0,0.8023935132210874,0.004162501442678233,0.0,0.0,-0.0008019442898008944,4.255004519498254e-05,0.0008019442898008949,-4.255004519498254e-05,-4.492234201922337e-07,-4.671254663766076e-05,0.0008023935132210875,4.162501442678233e-06
2,4641588.833612694,0.0,1.0,0.0,0.8024005046712552,0.004325195055113758,0.0,0.0,-0.0008019154616370548,4.421406998041952e-05,0.0008019154616370552,-4.421406998041952e-05,-4.850430342002234e-07,-4.853926503553328e-05,0.0008024005046712553,4.325195055113757e-06
2,4823178.482239218,0.0,1.0,0.0,0.8024080533100176,0.004494234956183497,0.0,0.0,-0.0008018843359921903,4.594311830622504e-05,0.000801884335992191,-4.594311830622504e-05,-5.237173178271687e-07,-5.043735326240857e-05,0.0008024080533100176,4.494234956183496e-06
2,5011872.336272631,0.0,1.0,0.0,0.802416203495098,0.004669867153088994,0.0,0.0,-0.0008018507299640872,4.773972466566344e-05,0.0008018507299640878,-4.773972466566344e-05,-5.654735310100148e-07,-5.240959181875246e-05,0.0008024162034950981,4.669867153088994e-06
2,5207948.328595368,0.0,1.0,0.0,0.8024250031076045,0.004852347000466564,0.0,0.0,-0.0008018144461223987,4.960652156532126e-05,0.0008018144461223993,-4.960652156532125e-05,-6.105569852050065e-07,-5.44588685657878e-05,0.0008024250031076045,4.852347000466564e-06
2,5411695.265464537,0.0,1.0,0.0,0.8024345038305826,0.005041939532408658,0.0,0.0,-0.000801775271360077,5.154624322077369e-05,0.0008017752713600774,-5.154624322077369e-05,-6.592324705050321e-07,-5.658818275318235e-05,0.0008024345038305826,5.041939532408658e-06
2,5623413.251903387,0.0,1.0,0.0,0.8024447614493704,0.005238919803391317,0.0,0.0,-0.0008017329756549053,5.356172937999692e-05,0.0008017329756549057,-5.356172937999692e-05,-7.117857944642359e-07,-5.880064918338822e-05,0.0008024447614493704,5.238919803391317e-06
2,5843414.133735067,0.0,1.0,0.0,0.8024558361754275,0.005443573237963038,0.0,0.0,-0.0008016873107342393,5.565592927749087e-05,0.0008016873107342395,-5.565592927749087e-05,-7.685254411877775e-07,-6.109950251545391e-05,0.0008024558361754275,5.443573237963038e-06
2,6072021.956909773,0.0,1.0,0.0,0.8024677929954314,0.00565619598898601,0.0,0.0,-0.0008016380086355614,5.783190572195072e-05,0.0008016380086355618,-5.783190572195072e-05,-8.297843598691497e-07,-6.348810171093671e-05,0.0008024677929954314,5.65619598898601e-06
2,6309573.444801815,0.0,1.0,0.0,0.8024807020475603,0.005877095304146231,0.0,0.0,-0.0008015847801549378,6.009283932016339e-05,0.0008015847801549382,-6.009283932016339e-05,-8.959218926221913e-07,-6.596993462430965e-05,0.0008024807020475603,5.877095304146232e-06
2,6556418.494179667,0.0,1.0,0.0,0.8024946390270263,0.006106589900364345,0.0,0.0,-0.0008015273131748643,6.244203283960661e-05,0.0008015273131748647,-6.244203283960661e-05,-9.673258521616404e-07,-6.854862273997098e-05,0.0008024946390270263,6.106589900364345e-06
2,6812920.690579485,0.0,1.0,0.0,0.8025096856230611,0.006345010345641992,0.0,0.0,-0.000801465270862424,6.488291571198388e-05,0.0008014652708624245,-6.488291571198388e-05,-1.044414760636201e-06,-7.122792605762589e-05,0.0008025096856230611,6.345010345641992e-06
2,7079457.843841247,0.0,1.0,0.0,0.8025259299897186,0.006592699447768552,0.0,0.0,-0.0008013982897280051,6.741904867963865e-05,0.0008013982897280053,-6.741904867963865e-05,-1.127640261713161e-06,-7.401174812740719e-05,0.0008025259299897186,6.592699447768552e-06
2,7356422.544596274,0.0,1.0,0.0,0.8025434672530202,0.006850012649187383,0.0,0.0,-0.000801325977534165,7.005412858644027e-05,0.0008013259775341652,-7.005412858644027e-05,-1.217489718854501e-06,-7.690414123562767e-05,0.0008025434672530202,6.850012649187383e-06
2,7644222.742525859,0.0,1.0,0.0,0.8025624000571389,0.007117318427179064,0.0,0.0,-0.0008012479110435259,7.279199331432684e-05,0.0008012479110435261,-7.279199331432683e-05,-1.314489013612365e-06,-7.990931174150587e-05,0.0008025624000571388,7.117318427179064e-06
2,7943282.347242665,0.0,1.0,0.0,0.8025828391525077,0.007394998698357576,0.0,0.0,-0.0008011636335937995,7.563662686620482e-05,0.0008011636335938002,-7.563662686620482e-05,-1.419205558706788e-06,-8.30316255645624e-05,0.0008025828391525077,7.394998698357576e-06
2,8254041.852680027,0.0,1.0,0.0,0.802604904028922,0.007683449226293989,0.0,0.0,-0.0008010726524872898,7.859216459534844e-05,0.0008010726524872903,-7.859216459534845e-05,-1.53225154163112e-06,-8.627561382164244e-05,0.0008026049040289221,7.683449226293989e-06
2,8576958.985908778,0.0,1.0,0.0,0.8026287235969128,0.007983080030876187,0.0,0.0,-0.0008009744361813522,8.166289858078749e-05,0.0008009744361813526,-8.166289858078749e-05,-1.654287415559597e-06,-8.964597861166367e-05,0.0008026287235969129,7.983080030876187e-06
2,8912509.381337285,0.0,1.0,0.0,0.8026544369208721,0.008294315797781948,0.0,0.0,-0.0008008684112654663,8.485328314742434e-05,0.0008008684112654666,-8.485328314742435e-05,-1.786025655405987e-06,-9.314759894520639e-05,0.0008026544369208722,8.294315797781948e-06
2,9261187.281287758,0.0,1.0,0.0,0.802682194007636,0.008617596286181861,0.0,0.0,-0.0008007539592096357,8.816794052875782e-05,0.0008007539592096363,-8.816794052875782e-05,-1.928234797999764e-06,-9.678553681493972e-05,0.000802682194007636,8.617596286181861e-06
2,9623506.263980702,0.0,1.0,0.0,0.8027121566544476,0.008953376732495195,0.0,0.0,-0.0008006304128679435,9.161166666910204e-05,0.0008006304128679438,-9.161166666910204e-05,-2.0817437865034e-06,-0.0001005650434015972,0.0008027121566544477,8.953376732495196e-06
2,10000000.0,0.0,1.0,0.0,0.8027444993604674,0.009302128247693435,0.0,0.0,-0.0008004970527200799,9.518943716106578e-05,0.0008004970527200802,-9.518943716106578e-05,-2.247446640386785e-06,-0.0001044915654087592,0.0008027444993604675,9.302128247693435e-06
3,10.0,0.0,1.0,0.0,0.8648714781044253,8.66994312432454e-09,0.0,0.0,-0.0003931233980032445,8.248348584273409e-11,0.0003931233980032445,-8.248348584273409e-11,-1.135130420463835e-12,-8.64243690810634e-11,0.0003931233991383751,3.940883238329337e-12
3,10.39122303835169,0.0,1.0,0.0,0.8648714781044253,9.009131273468005e-09,0.0,0.0,-0.0003931233980032445,8.571042983725742e-11,0.0003931233980032445,-8.571042983725741e-11,-1.135130571922427e-12,-8.980548950701557e-11,0.0003931233991383751,4.095059669758184e-12
3,10.7977516232771,0.0,1.0,0.0,0.8648714781044253,9.361589244439527e-09,0.0,0.0,-0.0003931233980032445,8.90636193151935e-11,0.0003931233980032445,-8.90636193151935e-11,-1.135130735463652e-12,-9.331888715357518e-11,0.0003931233991383751,4.255267838381603e-12
3,11.22018454301963,0.0,1.0,0.0,0.8648714781044254,9.72783618324055e-09,0.0,0.0,-0.0003931233980032445,9.254799329070237e-11,0.0003931233980032442,-9.254799329070237e-11,-1.135130912051404e-12,-9.696973701035715e-11,0.0003931233991383752,4.421743719654795e-12
3,11.65914401179831,0.0,1.0,0.0,0.8648714781044254,1.010841154606002e-08,0.0,0.0,-0.0003931233980032445,9.616868400355636e-11,0.0003931233980032442,-9.616868400355635e-11,-1.135131102726473e-12,-1.007634165244928e-10,0.0003931233991383752,4.594732520936373e-12
3,12.11527658628588,0.0,1.0,0.0,0.8648714781044256,1.050387589385592e-08,0.0,0.0,-0.0003931233980032441,9.993102447857186e-11,0.0003931233980032439,-9.993102447857188e-11,-1.135131308612677e-12,-1.047055135212337e-10,0.0003931233991383752,4.774489042661781e-12
3,12.58925411794167,0.0,1.0,0.0,0.8648714781044258,1.091481171802224e-08,0.0,0.0,-0.0003931233980032432,1.038405563807822e-10,0.0003931233980032432,-1.038405563807822e-10,-1.135131530923486e-12,-1.088018344344287e-10,0.0003931233991383753,4.961278053646472e-12
3,13.08177474260194,0.0,1.0,0.0,0.8648714781044258,1.134182429835836e-08,0.0,0.0,-0.0003931233980032432,1.079030381779242e-10,0.0003931233980032432,-1.079030381779242e-10,-1.135131770969176e-12,-1.130584128589962e-10,0.0003931233991383753,5.155374681071983e-12
3,13.59356390878525,0.0,1.0,0.0,0.8648714781044259,1.178554259460384e-08,0.0,0.0,-0.0003931233980032432,1.121244536222588e-10,0.0003931233980032429,-1.121244536222588e-10,-1.13513203016455e-12,-1.174815184379877e-10,0.0003931233991383754,5.35706481572902e-12
3,14.12537544622754,0.0,1.0,0.0,0.8648714781044259,1.224662017285226e-08,0.0,0.0,-0.0003931233980032432,1.165110205642211e-10,0.0003931233980032429,-1.165110205642211e-10,-1.135132310037277e-12,-1.220776660973358e-10,0.0003931233991383754,5.566645533114662e-12
3,14.67799267622069,0.0,1.0,0.0,0.8648714781044259,1.272573616820847e-08,0.0,0.0,-0.0003931233980032432,1.210692001108802e-10,0.0003931233980032429,-1.210692001108802e-10,-1.135132612236897e-12,-1.26853625641884e-10,0.0003931233991383754,5.784425531003852e-12
3,15.25222956539018,0.0,1.0,0.0,0.8648714781044261,1.322359628510732e-08,0.0,0.0,-0.0003931233980032423,1.258057061426989e-10,0.0003931233980032422,-1.258057061426989e-10,-1.135132938544539e-12,-1.318164317268386e-10,0.0003931233991383755,6.010725584139692e-12
3,15.84893192461113,0.0,1.0,0.0,0.8648714781044262,1.374093383676689e-08,0.0,0.0,-0.0003931233980032419,1.307275152026115e-10,0.0003931233980032419,-1.307275152026115e-10,-1.135133290883427e-12,-1.369733942193238e-10,0.0003931233991383756,6.245879016712224e-12
3,16.46897865482867,0.0,1.0,0.0,0.8648714781044264,1.427851082530784e-08,0.0,0.0,-0.0003931233980032415,1.358418767719847e-10,0.0003931233980032413,-1.358418767719847e-10,-1.135133671330207e-12,-1.423321089653064e-10,0.0003931233991383757,6.490232193321744e-12
3,17.11328304161779,0.0,1.0,0.0,0.8648714781044264,1.483711906412926e-08,0.0,0.0,-0.0003931233980032415,1.411563239485979e-10,0.0003931233980032413,-1.411563239485979e-10,-1.135134082127191e-12,-1.479004689777475e-10,0.0003931233991383757,6.744145029149663e-12
3,17.78279410038921,0.0,1.0,0.0,0.8648714781044265,1.54175813441947e-08,0.0,0.0,-0.000393123398003241,1.466786845423705e-10,0.0003931233980032409,-1.466786845423705e-10,-1.135134525695571e-12,-1.53686676062459e-10,0.0003931233991383757,7.0079915200885e-12
3,18.47849797422289,0.0,1.0,0.0,0.8648714781044267,1.602075264594569e-08,0.0,0.0,-0.0003931233980032406,1.524170926051799e-10,0.0003931233980032406,-1.524170926051799e-10,-1.13513500464969e-12,-1.596992528987917e-10,0.0003931233991383758,7.282160293611679e-12
3,19.201419386388,0.0,1.0,0.0,0.8648714781044269,1.664752139862848e-08,0.0,0.0,-0.0003931233980032402,1.583800004117529e-10,0.00039312339800324,-1.583800004117529e-10,-1.135135521812452e-12,-1.659470555929476e-10,0.0003931233991383758,7.567055181194762e-12
3,19.95262314968878,0.0,1.0,0.0,0.8648714781044271,1.729881078888805e-08,0.0,0.0,-0.0003931233980032393,1.645761909092756e-10,0.0003931233980032393,-1.645761909092756e-10,-1.135136080231957e-12,-1.724392867224064e-10,0.0003931233991383759,7.863095813130933e-12
3,20.73321573485953,0.0,1.0,0.0,0.8648714781044271,1.797558012055803e-08,0.0,0.0,-0.0003931233980032393,1.71014790654063e-10,0.0003931233980032393,-1.710147906540631e-10,-1.135136683199469e-12,-1.791855088906803e-10,0.0003931233991383759,8.170718236617286e-12
3,21.54434690031881,0.0,1.0,0.0,0.8648714781044274,1.86788262276479e-08,0.0,0.0,-0.0003931233980032384,1.77705283254339e-10,0.0003931233980032383,-1.777052832543391e-10,-1.135137334268812e-12,-1.861956588123608e-10,0.0003931233991383761,8.490375558021771e-12
3,22.38721138568337,0.0,1.0,0.0,0.8648714781044277,1.940958494261023e-08,0.0,0.0,-0.000393123398003238,1.8465752333893e-10,0.0003931233980032376,-1.8465752333893e-10,-1.135138037277317e-12,-1.934800619492073e-10,0.0003931233991383762,8.822538610277375e-12
3,23.26305067153623,0.0,1.0,0.0,0.864871478104428,2.016893262204953e-08,0.0,0.0,-0.0003931233980032367,1.918817510724454e-10,0.0003931233980032366,-1.918817510724454e-10,-1.13513879636844e-12,-2.010494477188314e-10,0.0003931233991383764,9.167696646386149e-12
3,24.17315480804101,0.0,1.0,0.0,0.8648714781044281,2.095798773212036e-08,0.0,0.0,-0.0003931233980032367,1.993886072383257e-10,0.0003931233980032363,-1.993886072383258e-10,-1.135139616016181e-12,-2.089149652983804e-10,0.0003931233991383764,9.526358060054708e-12
3,25.11886431509577,0.0,1.0,0.0,0.8648714781044284,2.17779124959501e-08,0.0,0.0,-0.0003931233980032354,2.071891489119747e-10,0.0003931233980032353,-2.071891489119747e-10,-1.135140501051453e-12,-2.170882000464972e-10,0.0003931233991383765,9.899051134522772e-12
3,26.10157215682533,0.0,1.0,0.0,0.8648714781044285,2.262991460551232e-08,0.0,0.0,-0.0003931233980032354,2.152948657470589e-10,0.000393123398003235,-2.152948657470589e-10,-1.135141456690558e-12,-2.255811905677464e-10,0.0003931233991383766,1.028632482068742e-11
3,27.12272579332025,0.0,1.0,0.0,0.8648714781044289,2.351524900047305e-08,0.0,0.0,-0.0003931233980032341,2.237176968989671e-10,0.000393123398003234,-2.237176968989671e-10,-1.135142488565927e-12,-2.344064464446366e-10,0.0003931233991383768,1.068874954566957e-11
3,28.1838293126445,0.0,1.0,0.0,0.8648714781044293,2.443521971662915e-08,0.0,0.0,-0.0003931233980032328,2.324700486103525e-10,0.0003931233980032327,-2.324700486103525e-10,-1.135143602759321e-12,-2.435769666633657e-10,0.000393123399138377,1.110691805301325e-11
3,29.28644564625232,0.0,1.0,0.0,0.8648714781044295,2.539118180666215e-08,0.0,0.0,-0.0003931233980032324,2.415648124846631e-10,0.0003931233980032321,-2.415648124846631e-10,-1.135144805837675e-12,-2.531062587604186e-10,0.0003931233991383771,1.154144627575552e-11
3,30.43219887107717,0.0,1.0,0.0,0.86487147810443,2.638454333603636e-08,0.0,0.0,-0.0003931233980032311,2.510153844745736e-10,0.0003931233980032307,-2.510153844745736e-10,-1.135146104891799e-12,-2.630083587182264e-10,0.0003931233991383773,1.199297424365289e-11
3,31.62277660168374,0.0,1.0,0.0,0.8648714781044304,2.741676745698085e-08,0.0,0.0,-0.0003931233980032298,2.608356846132894e-10,0.0003931233980032294,-2.608356846132894e-10,-1.135147507578177e-12,-2.732978516391897e-10,0.0003931233991383775,1.246216702590039e-11
3,32.85993247600649,0.0,1.0,0.0,0.8648714781044308,2.848937456361095e-08,0.0,0.0,-0.0003931233980032285,2.710401775177845e-10,0.0003931233980032285,-2.710401775177845e-10,-1.135149022164089e-12,-2.839898932285167e-10,0.0003931233991383776,1.294971571073225e-11
3,34.14548873833596,0.0,1.0,0.0,0.8648714781044313,2.960394453136239e-08,0.0,0.0,-0.0003931233980032272,2.816438936941732e-10,0.0003931233980032268,-2.816438936941732e-10,-1.135150657576337e-12,-2.951002321175196e-10,0.0003931233991383779,1.345633842334654e-11
3,35.48133892335748,0.0,1.0,0.0,0.8648714781044318,3.07621190440377e-08,0.0,0.0,-0.0003931233980032259,2.926624516765963e-10,0.0003931233980032255,-2.926624516765963e-10,-1.135152423453863e-12,-3.066452330602497e-10,0.0003931233991383781,1.39827813836535e-11
3,36.86945064519569,0.0,1.0,0.0,0.8648714781044324,3.196560401189211e-08,0.0,0.0,-0.0003931233980032237,3.041120810322334e-10,0.0003931233980032235,-3.041120810322334e-10,-1.135154330204555e-12,-3.186419010376388e-10,0.0003931233991383784,1.45298200054055e-11
3,38.31186849557281,0.0,1.0,0.0,0.8648714781044328,3.321617208431987e-08,0.0,0.0,-0.0003931233980032228,3.160096462663214e-10,0.0003931233980032225,-3.160096462663214e-10,-1.135156389066594e-12,-3.311079063046487e-10,0.0003931233991383785,1.509826003832721e-11
3,39.81071705534965,0.0,1.0,0.0,0.8648714781044337,3.451566526084371e-08,0.0,0.0,-0.0003931233980032202,3.283726716623962e-10,0.0003931233980032199,-3.283726716623962e-10,-1.135158612174685e-12,-3.440616104173252e-10,0.0003931233991383789,1.568893875492896e-11
3,41.36820402388499,0.0,1.0,0.0,0.8648714781044343,3.586599760425126e-08,0.0,0.0,-0.0003931233980032181,3.412193670943382e-10,0.0003931233980032179,-3.412193670943382e-10,-1.135161012631586e-12,-3.575220932780886e-10,0.0003931233991383792,1.630272618375057e-11
3,42.98662347082268,0.0,1.0,0.0,0.864871478104435,3.726915805987605e-08,0.0,0.0,-0.0003931233980032163,3.545686548482465e-10,0.0003931233980032159,-3.545686548482465e-10,-1.135163604585325e-12,-3.715091812390992e-10,0.0003931233991383795,1.694052639085275e-11
3,44.66835921509622,0.0,1.0,0.0,0.864871478104436,3.872721338517514e-08,0.0,0.0,-0.0003931233980032133,3.684401974936458e-10,0.000393123398003213,-3.684401974936458e-10,-1.135166403312595e-12,-3.860434763050892e-10,0.00039312339913838,1.760327881144324e-11
3,46.41588833612769,0.0,1.0,0.0,0.8648714781044368,4.024231119391915e-08,0.0,0.0,-0.0003931233980032107,3.828544268450813e-10,0.0003931233980032107,-3.828544268450813e-10,-1.135169425308787e-12,-4.011463864786809e-10,0.0003931233991383803,1.829195963359962e-11
3,48.23178482239296,0.0,1.0,0.0,0.8648714781044377,4.181668311947683e-08,0.0,0.0,-0.0003931233980032081,3.978325740567533e-10,0.0003931233980032081,-3.978325740567533e-10,-1.135172688385216e-12,-4.16840157292879e-10,0.0003931233991383808,1.900758323612583e-11
3,50.11872336272711,0.0,1.0,0.0,0.8648714781044387,4.345264810185561e-08,0.0,0.0,-0.0003931233980032055,4.133967008945279e-10,0.0003931233980032052,-4.133967008945279e-10,-1.135176211774096e-12,-4.331479045771897e-10,0.0003931233991383812,1.975120368266164e-11
3,52.07948328595451,0.0,1.0,0.0,0.8648714781044398,4.515261580333871e-08,0.0,0.0,-0.000393123398003202,4.295697322313791e-10,0.0003931233980032018,-4.295697322313791e-10,-1.135180016241897e-12,-4.500936485056242e-10,0.0003931233991383817,2.052391627424487e-11
3,54.11695265464624,0.0,1.0,0.0,0.8648714781044411,4.691909015774917e-08,0.0,0.0,-0.0003931233980031981,4.463754898141261e-10,0.0003931233980031979,-4.463754898141261e-10,-1.135184124211733e-12,-4.677023489767392e-10,0.0003931233991383823,2.132685916261326e-11
3,56.23413251903477,0.0,1.0,0.0,0.8648714781044425,4.875467305856986e-08,0.0,0.0,-0.0003931233980031938,4.638387273512054e-10,0.0003931233980031936,-4.638387273512054e-10,-1.13518855989553e-12,-4.85999942377828e-10,0.000393123399138383,2.216121502662266e-11
3,58.43414133735162,0.0,1.0,0.0,0.8648714781044439,5.066206819135108e-08,0.0,0.0,-0.0003931233980031899,4.81985166973156e-10,0.0003931233980031897,-4.819851669731561e-10,-1.135193349436723e-12,-5.050133797874062e-10,0.0003931233991383836,2.302821281425049e-11
3,60.7202195690987,0.0,1.0,0.0,0.8648714781044453,5.264408501605056e-08,0.0,0.0,-0.0003931233980031855,5.008415371195227e-10,0.0003931233980031854,-5.008415371195228e-10,-1.135198521064341e-12,-5.24770666672273e-10,0.0003931233991383842,2.392912955275025e-11
3,63.09573444801917,0.0,1.0,0.0,0.8648714781044469,5.470364290517229e-08,0.0,0.0,-0.0003931233980031812,5.204356119079839e-10,0.0003931233980031809,-5.204356119079839e-10,-1.135204105259392e-12,-5.453009041376077e-10,0.0003931233991383849,2.486529222962377e-11
3,65.56418494179772,0.0,1.0,0.0,0.8648714781044488,5.684377544379826e-08,0.0,0.0,-0.0003931233980031756,5.407962520436879e-10,0.0003931233980031752,-5.407962520436879e-10,-1.13521013493451e-12,-5.666343317908688e-10,0.0003931233991383858,2.583807974718103e-11
3,68.12920690579594,0.0,1.0,0.0,0.8648714781044505,5.906763489784789e-08,0.0,0.0,-0.0003931233980031703,5.619534473290594e-10,0.00039312339800317,-5.619534473290594e-10,-1.135216645627939e-12,-5.888023722826265e-10,0.0003931233991383866,2.684892495356722e-11
3,70.7945784384136,0.0,1.0,0.0,0.8648714781044526,6.137849685714534e-08,0.0,0.0,-0.0003931233980031638,5.839383608366846e-10,0.0003931233980031637,-5.839383608366847e-10,-1.135223675712993e-12,-6.118376775899328e-10,0.0003931233991383875,2.789931675324788e-11
3,73.56422544596393,0.0,1.0,0.0,0.864871478104455,6.377976506013553e-08,0.0,0.0,-0.0003931233980031569,6.06783374810345e-10,0.0003931233980031568,-6.06783374810345e-10,-1.135231266624224e-12,-6.357741771104066e-10,0.0003931233991383886,2.89908023000616e-11
3,76.44222742525982,0.0,1.0,0.0,0.8648714781044573,6.627497640735262e-08,0.0,0.0,-0.00039312339800315,6.30522138361801e-10,0.0003931233980031499,-6.30522138361801e-10,-1.13523946310163e-12,-6.606471276378708e-10,0.0003931233991383897,3.012498927606937e-11
3,79.43282347242791,0.0,1.0,0.0,0.8648714781044599,6.886780617102854e-08,0.0,0.0,-0.0003931233980031426,6.551896170335883e-10,0.0003931233980031424,-6.551896170335884e-10,-1.135248313454352e-12,-6.864931652931467e-10,0.0003931233991383908,3.130354825955843e-11
3,82.5404185268016,0.0,1.0,0.0,0.8648714781044627,7.156207340851159e-08,0.0,0.0,-0.0003931233980031339,6.808221443008203e-10,0.0003931233980031339,-6.808221443008204e-10,-1.135257869845399e-12,-7.133503594865071e-10,0.0003931233991383921,3.252821518568709e-11
3,85.76958985908915,0.0,1.0,0.0,0.8648714781044657,7.436174658747227e-08,0.0,0.0,-0.0003931233980031252,7.074574750878629e-10,0.000393123398003125,-7.07457475087863e-10,-1.135268188599093e-12,-7.412582689912598e-10,0.0003931233991383935,3.380079390339649e-11
3,89.12509381337428,0.0,1.0,0.0,0.864871478104469,7.727094943117932e-08,0.0,0.0,-0.0003931233980031157,7.351348413787063e-10,0.0003931233980031155,-7.351348413787064e-10,-1.135279330533038e-12,-7.702580002110611e-10,0.000393123399138395,3.512315883235424e-11
3,92.61187281287906,0.0,1.0,0.0,0.8648714781044724,8.029396699245593e-08,0.0,0.0,-0.0003931233980031053,7.638950100029371e-10,0.0003931233980031053,-7.63895010002937e-10,-1.135291361316572e-12,-8.003922677267809e-10,0.0003931233991383965,3.64972577238436e-11
3,96.23506263980856,0.0,1.0,0.0,0.8648714781044763,8.343525196526338e-08,0.0,0.0,-0.000393123398003094,7.937803426824343e-10,0.0003931233980030938,-7.937803426824343e-10,-1.135304351857815e-12,-8.317054572120999e-10,0.0003931233991383983,3.792511452966518e-11
3,99.99999999999969,0.0,1.0,0.0,0.8648714781044804,8.669943124320974e-08,0.0,0.0,-0.0003931233980030819,8.248348584272336e-10,0.0003931233980030817,-8.248348584272336e-10,-1.135318378721595e-12,-8.642436908105113e-10,0.0003931233991384002,3.940883238327716e-11
3,103.9122303835166,0.0,1.0,0.0,0.8648714781044848,9.009131273463996e-08,0.0,0.0,-0.0003931233980030689,8.571042983724537e-10,0.0003931233980030685,-8.571042983724536e-10,-1.135333524580709e-12,-8.980548950700173e-10,0.0003931233991384022,4.095059669756362e-11
3,107.9775162327706,0.0,1.0,0.0,0.8648714781044896,9.361589244435051e-08,0.0,0.0,-0.0003931233980030546,8.906361931518005e-10,0.0003931233980030543,-8.906361931518005e-10,-1.135349878703194e-12,-9.331888715355962e-10,0.0003931233991384043,4.255267838379569e-11
3,112.201845430196,0.0,1.0,0.0,0.8648714781044948,9.727836183235521e-08,0.0,0.0,-0.0003931233980030389,9.254799329068728e-10,0.0003931233980030389,-9.254799329068728e-10,-1.135367537478454e-12,-9.696973701033977e-10,0.0003931233991384067,4.42174371965251e-11
3,116.5914401179828,0.0,1.0,0.0,0.8648714781045004,1.010841154605439e-07,0.0,0.0,-0.0003931233980030225,9.616868400353949e-10,0.0003931233980030225,-9.61686840035395e-10,-1.135386604985377e-12,-1.007634165244733e-09,0.0003931233991384093,4.594732520933815e-11
3,121.1527658628584,0.0,1.0,0.0,0.8648714781045065,1.050387589384959e-07,0.0,0.0,-0.0003931233980030047,9.993102447855295e-10,0.0003931233980030044,-9.993102447855293e-10,-1.13540719360576e-12,-1.047055135212119e-09,0.000393123399138412,4.774489042658906e-11
3,125.8925411794163,0.0,1.0,0.0,0.8648714781045129,1.091481171801516e-07,0.0,0.0,-0.0003931233980029856,1.038405563807611e-09,0.0003931233980029854,-1.038405563807611e-09,-1.135429424686676e-12,-1.088018344344043e-09,0.000393123399138415,4.961278053643255e-11
3,130.8177474260189,0.0,1.0,0.0,0.8648714781045199,1.134182429835044e-07,0.0,0.0,-0.0003931233980029648,1.079030381779005e-09,0.0003931233980029647,-1.079030381779005e-09,-1.135453429255681e-12,-1.130584128589689e-09,0.0003931233991384182,5.155374681068382e-11
3,135.9356390878521,0.0,1.0,0.0,0.8648714781045276,1.178554259459493e-07,0.0,0.0,-0.0003931233980029422,1.121244536222322e-09,0.0003931233980029421,-1.121244536222322e-09,-1.135479348793075e-12,-1.174815184379571e-09,0.0003931233991384216,5.357064815724968e-11
3,141.2537544622749,0.0,1.0,0.0,0.8648714781045358,1.224662017284226e-07,0.0,0.0,-0.0003931233980029179,1.165110205641913e-09,0.0003931233980029177,-1.165110205641913e-09,-1.135507336065772e-12,-1.220776660973014e-09,0.0003931233991384254,5.566645533110118e-11
3,146.7799267622064,0.0,1.0,0.0,0.8648714781045447,1.272573616819726e-07,0.0,0.0,-0.0003931233980028915,1.210692001108467e-09,0.0003931233980028915,-1.210692001108467e-09,-1.135537556027691e-12,-1.268536256418455e-09,0.0003931233991384294,5.784425530998756e-11
3,152.5222956539013,0.0,1.0,0.0,0.8648714781045542,1.322359628509476e-07,0.0,0.0,-0.0003931233980028633,1.258057061426614e-09,0.0003931233980028632,-1.258057061426615e-09,-1.135570186791978e-12,-1.318164317267954e-09,0.0003931233991384337,6.010725584133982e-11
3,158.4893192461107,0.0,1.0,0.0,0.8648714781045644,1.374093383675277e-07,0.0,0.0,-0.0003931233980028329,1.307275152025695e-09,0.000393123398002833,-1.307275152025695e-09,-1.135605420680783e-12,-1.369733942192754e-09,0.0003931233991384384,6.245879016705806e-11
3,164.6897865482862,0.0,1.0,0.0,0.8648714781045757,1.427851082529202e-07,0.0,0.0,-0.0003931233980028,1.358418767719377e-09,0.0003931233980027998,-1.358418767719377e-09,-1.135643465358787e-12,-1.423321089652522e-09,0.0003931233991384435,6.490232193314557e-11
3,171.1328304161774,0.0,1.0,0.0,0.8648714781045876,1.483711906411152e-07,0.0,0.0,-0.0003931233980027644,1.411563239485451e-09,0.0003931233980027643,-1.411563239485451e-09,-1.135684545057154e-12,-1.479004689776866e-09,0.0003931233991384489,6.744145029141601e-11
3,177.8279410038916,0.0,1.0,0.0,0.8648714781046006,1.541758134417478e-07,0.0,0.0,-0.0003931233980027263,1.466786845423112e-09,0.0003931233980027259,-1.466786845423112e-09,-1.135728901895127e-12,-1.536866760623907e-09,0.0003931233991384548,7.007991520079444e-11
3,184.7849797422283,0.0,1.0,0.0,0.8648714781046147,1.602075264592337e-07,0.0,0.0,-0.0003931233980026842,1.524170926051135e-09,0.0003931233980026842,-1.524170926051135e-09,-1.135776797307049e-12,-1.596992528987151e-09,0.0003931233991384613,7.28216029360153e-11
3,192.0141938638794,0.0,1.0,0.0,0.8648714781046299,1.66475213986034e-07,0.0,0.0,-0.0003931233980026395,1.583800004116784e-09,0.0003931233980026392,-1.583800004116784e-09,-1.135828513583233e-12,-1.659470555928617e-09,0.0003931233991384682,7.567055181183364e-11
3,199.5262314968871,0.0,1.0,0.0,0.8648714781046463,1.729881078885996e-07,0.0,0.0,-0.000393123398002591,1.645761909091921e-09,0.0003931233980025909,-1.645761909091921e-09,-1.135884355533743e-12,-1.724392867223102e-09,0.0003931233991384756,7.863095813118166e-11
3,207.3321573485946,0.0,1.0,0.0,0.8648714781046639,1.797558012052647e-07,0.0,0.0,-0.0003931233980025389,1.710147906539693e-09,0.0003931233980025387,-1.710147906539693e-09,-1.135944652284921e-12,-1.791855088905723e-09,0.0003931233991384836,8.170718236602941e-11
3,215.4434690031875,0.0,1.0,0.0,0.8648714781046831,1.867882622761249e-07,0.0,0.0,-0.0003931233980024821,1.777052832542339e-09,0.0003931233980024819,-1.777052832542339e-09,-1.136009759219211e-12,-1.861956588122396e-09,0.0003931233991384923,8.49037555800568e-11
3,223.872113856833,0.0,1.0,0.0,0.8648714781047037,1.940958494257053e-07,0.0,0.0,-0.0003931233980024214,1.846575233388121e-09,0.0003931233980024211,-1.846575233388121e-09,-1.136080060069754e-12,-1.934800619490714e-09,0.0003931233991385017,8.82253861025933e-11
3,232.6305067153616,0.0,1.0,0.0,0.864871478104726,2.016893262200496e-07,0.0,0.0,-0.0003931233980023555,1.918817510723131e-09,0.0003931233980023551,-1.918817510723131e-09,-1.136155969182059e-12,-2.01049447718679e-09,0.0003931233991385118,9.16769664636589e-11
3,241.7315480804093,0.0,1.0,0.0,0.8648714781047498,2.095798773207036e-07,0.0,0.0,-0.0003931233980022848,1.993886072381774e-09,0.0003931233980022845,-1.993886072381774e-09,-1.136237933956122e-12,-2.089149652982094e-09,0.0003931233991385226,9.526358060031984e-11
3,251.1886431509569,0.0,1.0,0.0,0.8648714781047757,2.177791249589399e-07,0.0,0.0,-0.000393123398002208,2.071891489118082e-09,0.0003931233980022079,-2.071891489118082e-09,-1.13632643748334e-12,-2.170882000463056e-09,0.0003931233991385344,9.899051134497268e-11
3,261.0157215682525,0.0,1.0,0.0,0.8648714781048038,2.26299146054494e-07,0.0,0.0,-0.0003931233980021252,2.152948657468723e-09,0.0003931233980021249,-2.152948657468723e-09,-1.136422001393809e-12,-2.25581190567531e-09,0.0003931233991385472,1.028632482065882e-10
3,271.2272579332016,0.0,1.0,0.0,0.864871478104834,2.351524900040248e-07,0.0,0.0,-0.0003931233980020358,2.237176968987578e-09,0.0003931233980020355,-2.237176968987578e-09,-1.136525188930747e-12,-2.344064464443953e-09,0.0003931233991385609,1.068874954563749e-10
3,281.8382931264441,0.0,1.0,0.0,0.8648714781048668,2.443521971654997e-07,0.0,0.0,-0.0003931233980019387,2.324700486101178e-09,0.0003931233980019386,-2.324700486101178e-09,-1.136636608270196e-12,-2.435769666630948e-09,0.0003931233991385758,1.110691805297726e-10
3,292.8644564625223,0.0,1.0,0.0,0.864871478104902,2.539118180657333e-07,0.0,0.0,-0.0003931233980018346,2.415648124843998e-09,0.0003931233980018345,-2.415648124843998e-09,-1.136756916105535e-12,-2.531062587601149e-09,0.0003931233991385918,1.154144627571515e-10
3,304.3219887107707,0.0,1.0,0.0,0.86487147810494,2.638454333593667e-07,0.0,0.0,-0.0003931233980017219,2.510153844742781e-09,0.0003931233980017218,-2.510153844742781e-09,-1.136886821517967e-12,-2.630083587178856e-09,0.0003931233991386091,1.199297424360758e-10
3,316.2277660168364,0.0,1.0,0.0,0.8648714781049811,2.741676745686904e-07,0.0,0.0,-0.0003931233980016004,2.608356846129579e-09,0.0003931233980016003,-2.60835684612958e-09,-1.137027090155764e-12,-2.732978516388074e-09,0.0003931233991386278,1.246216702584956e-10
3,328.5993247600638,0.0,1.0,0.0,0.8648714781050255,2.848937456348547e-07,0.0,0.0,-0.000393123398001469,2.710401775174127e-09,0.0003931233980014689,-2.710401775174127e-09,-1.13717854874691e-12,-2.83989893228088e-09,0.000393123399138648,1.294971571067521e-10
3,341.4548873833585,0.0,1.0,0.0,0.8648714781050734,2.96039445312216e-07,0.0,0.0,-0.0003931233980013276,2.81643893693756e-09,0.0003931233980013274,-2.81643893693756e-09,-1.137342089971751e-12,-2.951002321170387e-09,0.0003931233991386697,1.345633842328254e-10
3,354.8133892335737,0.0,1.0,0.0,0.864871478105125,3.076211904387976e-07,0.0,0.0,-0.000393123398001175,2.926624516761284e-09,0.0003931233980011745,-2.926624516761284e-09,-1.13751867772435e-12,-3.066452330597102e-09,0.0003931233991386932,1.398278138358171e-10
3,368.6945064519557,0.0,1.0,0.0,0.8648714781051811,3.196560401171488e-07,0.0,0.0,-0.0003931233980010089,3.041120810317084e-09,0.0003931233980010088,-3.041120810317084e-09,-1.137709352793578e-12,-3.186419010370332e-09,0.0003931233991387187,1.452982000532494e-10
3,383.1186849557268,0.0,1.0,0.0,0.8648714781052412,3.321617208412105e-07,0.0,0.0,-0.0003931233980008311,3.160096462657325e-09,0.0003931233980008307,-3.160096462657326e-09,-1.137915238997405e-12,-3.311079063039694e-09,0.000393123399138746,1.509826003823684e-10
3,398.1071705534952,0.0,1.0,0.0,0.8648714781053064,3.451566526062066e-07,0.0,0.0,-0.0003931233980006381,3.283726716617356e-09,0.0003931233980006379,-3.283726716617356e-09,-1.138137549806564e-12,-3.440616104165631e-09,0.0003931233991387756,1.568893875482757e-10
3,413.6820402388486,0.0,1.0,0.0,0.8648714781053767,3.586599760400097e-07,0.0,0.0,-0.0003931233980004304,3.41219367093597e-09,0.00039312339800043,-3.41219367093597e-09,-1.13837759549661e-12,-3.575220932772338e-09,0.0003931233991388076,1.63027261836368e-10
3,429.8662347082254,0.0,1.0,0.0,0.8648714781054527,3.726915805959523e-07,0.0,0.0,-0.0003931233980002053,3.545686548474149e-09,0.000393123398000205,-3.545686548474149e-09,-1.138636790870545e-12,-3.7150918123814e-09,0.0003931233991388421,1.69405263907251e-10
3,446.6835921509607,0.0,1.0,0.0,0.8648714781055348,3.872721338486013e-07,0.0,0.0,-0.0003931233979999624,3.684401974927132e-09,0.0003931233979999622,-3.684401974927131e-09,-1.13891666359751e-12,-3.86043476304013e-09,0.0003931233991388794,1.760327881130006e-10
3,464.1588833612755,0.0,1.0,0.0,0.8648714781056233,4.02423111935657e-07,0.0,0.0,-0.0003931233979997005,3.828544268440348e-09,0.0003931233979997005,-3.828544268440348e-09,-1.1392188632167e-12,-4.011463864774738e-09,0.0003931233991389197,1.829195963343895e-10
3,482.317848223928,0.0,1.0,0.0,0.8648714781057188,4.181668311908024e-07,0.0,0.0,-0.0003931233979994177,3.978325740555792e-09,0.0003931233979994177,-3.978325740555792e-09,-1.139545170859565e-12,-4.168401572915247e-09,0.0003931233991389631,1.900758323594556e-10
3,501.1872336272695,0.0,1.0,0.0,0.8648714781058222,4.345264810141065e-07,0.0,0.0,-0.000393123397999112,4.133967008932107e-09,0.0003931233979991119,-4.133967008932107e-09,-1.139897509747608e-12,-4.331479045756698e-09,0.0003931233991390101,1.975120368245939e-10
3,520.7948328595435,0.0,1.0,0.0,0.8648714781059336,4.515261580283943e-07,0.0,0.0,-0.0003931233979987828,4.29569732229901e-09,0.0003931233979987824,-4.29569732229901e-09,-1.140277956527639e-12,-4.500936485039191e-09,0.0003931233991390607,2.052391627401792e-10
3,541.1695265464607,0.0,1.0,0.0,0.8648714781060538,4.691909015718904e-07,0.0,0.0,-0.0003931233979984267,4.46375489812468e-09,0.0003931233979984267,-4.46375489812468e-09,-1.140688753511303e-12,-4.677023489748268e-09,0.0003931233991391154,2.132685916235865e-10
3,562.341325190346,0.0,1.0,0.0,0.8648714781061839,4.875467305794136e-07,0.0,0.0,-0.0003931233979980421,4.63838727349345e-09,0.0003931233979980418,-4.638387273493451e-09,-1.141132321891021e-12,-4.859999423756819e-09,0.0003931233991391745,2.216121502633698e-10
3,584.3414133735142,0.0,1.0,0.0,0.8648714781063241,5.06620681906459e-07,0.0,0.0,-0.000393123397997627,4.819851669710687e-09,0.0003931233979976269,-4.819851669710687e-09,-1.141611276010235e-12,-5.050133797849987e-09,0.0003931233991392383,2.302821281392995e-10
3,607.202195690985,0.0,1.0,0.0,0.8648714781064757,5.264408501525933e-07,0.0,0.0,-0.0003931233979971786,5.008415371171808e-09,0.0003931233979971786,-5.008415371171808e-09,-1.142128438772054e-12,-5.247706666695714e-09,0.0003931233991393071,2.39291295523906e-10
3,630.9573444801896,0.0,1.0,0.0,0.8648714781066392,5.470364290428454e-07,0.0,0.0,-0.0003931233979966951,5.204356119053563e-09,0.0003931233979966948,-5.204356119053563e-09,-1.142686858277147e-12,-5.453009041345768e-09,0.0003931233991393815,2.486529222922025e-10
3,655.6418494179751,0.0,1.0,0.0,0.864871478106816,5.68437754428023e-07,0.0,0.0,-0.000393123397996172,5.407962520407402e-09,0.0003931233979961719,-5.407962520407402e-09,-1.143289825788903e-12,-5.666343317874684e-09,0.0003931233991394618,2.583807974672832e-10
3,681.2920690579573,0.0,1.0,0.0,0.8648714781070068,5.90676348967303e-07,0.0,0.0,-0.0003931233979956074,5.619534473257519e-09,0.0003931233979956073,-5.619534473257519e-09,-1.143940895131787e-12,-5.888023722788112e-09,0.0003931233991395486,2.684892495305923e-10
3,707.9457843841337,0.0,1.0,0.0,0.8648714781072127,6.137849685589152e-07,0.0,0.0,-0.0003931233979949985,5.83938360832974e-09,0.0003931233979949983,-5.839383608329739e-09,-1.144643903637184e-12,-6.118376775856522e-09,0.0003931233991396421,2.789931675267796e-10
3,735.6422544596369,0.0,1.0,0.0,0.8648714781074353,6.377976505872867e-07,0.0,0.0,-0.0003931233979943397,6.067833748061814e-09,0.0003931233979943397,-6.067833748061815e-09,-1.145402994760214e-12,-6.357741771056036e-09,0.0003931233991397433,2.899080229942213e-10
3,764.4222742525956,0.0,1.0,0.0,0.8648714781076753,6.627497640577415e-07,0.0,0.0,-0.0003931233979936298,6.305221383571297e-09,0.0003931233979936295,-6.305221383571297e-09,-1.146222642500802e-12,-6.606471276324816e-09,0.0003931233991398524,3.012498927535189e-10
3,794.3282347242767,0.0,1.0,0.0,0.8648714781079347,6.886780616925746e-07,0.0,0.0,-0.0003931233979928622,6.551896170283473e-09,0.000393123397992862,-6.551896170283473e-09,-1.147107677772944e-12,-6.864931652871003e-09,0.0003931233991399703,3.130354825875339e-10
3,825.4041852680133,0.0,1.0,0.0,0.8648714781082145,7.156207340652432e-07,0.0,0.0,-0.0003931233979920343,6.808221442949393e-09,0.0003931233979920342,-6.808221442949393e-09,-1.148063316877583e-12,-7.133503594797233e-09,0.0003931233991400975,3.252821518478378e-10
3,857.6958985908889,0.0,1.0,0.0,0.864871478108517,7.43617465852427e-07,0.0,0.0,-0.0003931233979911396,7.074574750812653e-09,0.0003931233979911396,-7.074574750812653e-09,-1.149095192246917e-12,-7.412582689836481e-09,0.000393123399140235,3.380079390238304e-10
3,891.25093813374,0.0,1.0,0.0,0.8648714781088435,7.727094942867776e-07,0.0,0.0,-0.0003931233979901738,7.351348413713039e-09,0.0003931233979901735,-7.351348413713039e-09,-1.150209385641337e-12,-7.702580002025207e-09,0.0003931233991403834,3.512315883121716e-10
3,926.1187281287878,0.0,1.0,0.0,0.864871478109196,8.029396698964905e-07,0.0,0.0,-0.0003931233979891308,7.638950099946313e-09,0.0003931233979891307,-7.638950099946315e-09,-1.151412463994655e-12,-8.003922677171986e-09,0.0003931233991405436,3.649725772256775e-10
3,962.3506263980825,0.0,1.0,0.0,0.8648714781095764,8.343525196211405e-07,0.0,0.0,-0.0003931233979880054,7.937803426731152e-09,0.0003931233979880051,-7.937803426731152e-09,-1.152711518118894e-12,-8.31705457201349e-09,0.0003931233991407166,3.792511452823366e-10
3,999.9999999999936,0.0,1.0,0.0,0.8648714781099875,8.669943123967613e-07,0.0,0.0,-0.0003931233979867889,8.248348584167777e-09,0.0003931233979867888,-8.248348584167777e-09,-1.154114204496759e-12,-8.642436907984484e-09,0.0003931233991409034,3.940883238167097e-10
3,1039.122303835162,0.0,1.0,0.0,0.8648714781104313,9.009131273067521e-07,0.0,0.0,-0.0003931233979854762,8.571042983607222e-09,0.0003931233979854759,-8.57104298360722e-09,-1.155628790408104e-12,-8.980548950564836e-09,0.0003931233991411051,4.095059669576146e-10
3,1079.775162327703,0.0,1.0,0.0,0.8648714781109105,9.361589243990195e-07,0.0,0.0,-0.0003931233979840585,8.906361931386376e-09,0.0003931233979840583,-8.906361931386376e-09,-1.157264202656374e-12,-9.331888715204109e-09,0.000393123399141323,4.255267838177362e-10
3,1122.018454301956,0.0,1.0,0.0,0.8648714781114277,9.72783618273639e-07,0.0,0.0,-0.000393123397982528,9.25479932892104e-09,0.000393123397982528,-9.254799328921041e-09,-1.15903008018221e-12,-9.696973700863604e-09,0.0003931233991415581,4.421743719425632e-10
3,1165.914401179824,0.0,1.0,0.0,0.8648714781119864,1.010841154549436e-06,0.0,0.0,-0.0003931233979808752,9.616868400188242e-09,0.0003931233979808752,-9.616868400188242e-09,-1.160936830874304e-12,-1.007634165225617e-08,0.000393123399141812,4.594732520679255e-10
3,1211.52765862858,0.0,1.0,0.0,0.8648714781125898,1.050387589322123e-06,0.0,0.0,-0.0003931233979790902,9.993102447669373e-09,0.0003931233979790901,-9.993102447669372e-09,-1.162995692912362e-12,-1.04705513519067e-08,0.0003931233991420863,4.774489042373287e-10
3,1258.925411794159,0.0,1.0,0.0,0.864871478113241,1.091481171731012e-06,0.0,0.0,-0.0003931233979771634,1.03840556378675e-08,0.0003931233979771633,-1.03840556378675e-08,-1.165218801003695e-12,-1.088018344319978e-08,0.0003931233991423823,4.961278053322783e-10
3,1308.177474260185,0.0,1.0,0.0,0.8648714781139445,1.134182429755936e-06,0.0,0.0,-0.0003931233979750826,1.079030381755599e-08,0.0003931233979750822,-1.079030381755599e-08,-1.167619257903862e-12,-1.130584128562686e-08,0.0003931233991427021,5.1553746807088e-10
3,1359.356390878516,0.0,1.0,0.0,0.8648714781147038,1.178554259370736e-06,0.0,0.0,-0.0003931233979728361,1.121244536196061e-08,0.0003931233979728359,-1.121244536196061e-08,-1.170211211642873e-12,-1.174815184349276e-08,0.0003931233991430472,5.357064815321526e-10
3,1412.537544622744,0.0,1.0,0.0,0.8648714781155239,1.224662017184638e-06,0.0,0.0,-0.0003931233979704097,1.165110205612447e-08,0.0003931233979704096,-1.165110205612447e-08,-1.173009938912126e-12,-1.220776660939021e-08,0.00039312339914342,5.566645532657445e-10
3,1467.799267622059,0.0,1.0,0.0,0.8648714781164092,1.272573616707989e-06,0.0,0.0,-0.0003931233979677907,1.210692001075407e-08,0.0003931233979677904,-1.210692001075407e-08,-1.176031935103557e-12,-1.268536256380316e-08,0.0003931233991438224,5.784425530490858e-10
3,1525.222956539008,0.0,1.0,0.0,0.8648714781173653,1.322359628384101e-06,0.0,0.0,-0.0003931233979649618,1.25805706138952e-08,0.0003931233979649617,-1.25805706138952e-08,-1.179295011531669e-12,-1.318164317225161e-08,0.000393123399144257,6.010725583564097e-10
3,1584.893192461102,0.0,1.0,0.0,0.8648714781183977,1.374093383534608e-06,0.0,0.0,-0.0003931233979619078,1.307275151984075e-08,0.0003931233979619075,-1.307275151984075e-08,-1.182818400411469e-12,-1.369733942144738e-08,0.0003931233991447262,6.245879016066399e-10
3,1646.897865482857,0.0,1.0,0.0,0.8648714781195124,1.427851082371365e-06,0.0,0.0,-0.0003931233979586101,1.358418767672678e-08,0.0003931233979586097,-1.358418767672678e-08,-1.186622868211038e-12,-1.423321089598649e-08,0.0003931233991452329,6.490232192597115e-10
3,1711.328304161769,0.0,1.0,0.0,0.8648714781207161,1.483711906234059e-06,0.0,0.0,-0.0003931233979550487,1.411563239433055e-08,0.0003931233979550485,-1.411563239433055e-08,-1.190730838046818e-12,-1.479004689716421e-08,0.00039312339914578,6.744145028336634e-10
3,1778.27941003891,0.0,1.0,0.0,0.8648714781220156,1.541758134218777e-06,0.0,0.0,-0.0003931233979512041,1.466786845364323e-08,0.0003931233979512039,-1.466786845364323e-08,-1.195166521843003e-12,-1.536866760556086e-08,0.0003931233991463707,7.007991519176259e-10
3,1847.849797422278,0.0,1.0,0.0,0.8648714781234188,1.602075264369389e-06,0.0,0.0,-0.0003931233979470529,1.524170925985173e-08,0.0003931233979470525,-1.524170925985173e-08,-1.199956063033967e-12,-1.596992528911055e-08,0.0003931233991470085,7.282160292588132e-10
3,1920.141938638787,0.0,1.0,0.0,0.8648714781249343,1.664752139610191e-06,0.0,0.0,-0.0003931233979425691,1.583800004042774e-08,0.0003931233979425691,-1.583800004042774e-08,-1.205127690650803e-12,-1.659470555843236e-08,0.0003931233991476974,7.567055180046324e-10
3,1995.262314968865,0.0,1.0,0.0,0.8648714781265703,1.729881078605321e-06,0.0,0.0,-0.0003931233979377292,1.64576190900888e-08,0.0003931233979377289,-1.64576190900888e-08,-1.210711885700141e-12,-1.724392867127304e-08,0.000393123399148441,7.86309581184237e-10
3,2073.32157348594,0.0,1.0,0.0,0.8648714781283369,1.797558011737728e-06,0.0,0.0,-0.0003931233979325025,1.710147906446521e-08,0.0003931233979325025,-1.710147906446521e-08,-1.216741560815858e-12,-1.791855088798237e-08,0.000393123399149244,8.170718235171492e-10
3,2154.434690031867,0.0,1.0,0.0,0.8648714781302446,1.867882622407908e-06,0.0,0.0,-0.0003931233979268586,1.777052832437799e-08,0.0003931233979268586,-1.777052832437799e-08,-1.223252254242537e-12,-1.861956588001795e-08,0.0003931233991501112,8.49037555639958e-10
3,2238.721138568323,0.0,1.0,0.0,0.8648714781323044,1.940958493860595e-06,0.0,0.0,-0.0003931233979207649,1.846575233270826e-08,0.0003931233979207647,-1.846575233270826e-08,-1.230282339293989e-12,-1.934800619355398e-08,0.0003931233991510474,8.822538608457252e-10
3,2326.305067153608,0.0,1.0,0.0,0.8648714781345284,2.016893261755664e-06,0.0,0.0,-0.0003931233979141851,1.918817510591524e-08,0.0003931233979141851,-1.918817510591524e-08,-1.237873250521358e-12,-2.010494477034963e-08,0.0003931233991520584,9.167696644343929e-10
3,2417.315480804085,0.0,1.0,0.0,0.86487147813693,2.095798772707928e-06,0.0,0.0,-0.0003931233979070801,1.993886072234109e-08,0.0003931233979070798,-1.993886072234109e-08,-1.246069727923825e-12,-2.089149652811742e-08,0.00039312339915315,9.526358057763309e-10
3,2511.886431509561,0.0,1.0,0.0,0.8648714781395231,2.177791249029389e-06,0.0,0.0,-0.0003931233978994083,2.071891488952399e-08,0.000393123397899408,-2.071891488952399e-08,-1.254920080641261e-12,-2.170882000271916e-08,0.0003931233991543287,9.89905113195177e-10
3,2610.157215682516,0.0,1.0,0.0,0.864871478142323,2.2629914599166e-06,0.0,0.0,-0.000393123397891125,2.152948657282824e-08,0.0003931233978911246,-2.152948657282824e-08,-1.264476471683008e-12,-2.25581190546085e-08,0.0003931233991556014,1.028632481780273e-09
3,2712.272579332007,0.0,1.0,0.0,0.8648714781453463,2.351524899335236e-06,0.0,0.0,-0.0003931233978821808,2.237176968778996e-08,0.0003931233978821804,-2.237176968778996e-08,-1.274795225370931e-12,-2.344064464203326e-08,0.0003931233991569756,1.068874954243289e-09
3,2818.382931264432,0.0,1.0,0.0,0.8648714781486109,2.443521970863965e-06,0.0,0.0,-0.0003931233978725223,2.324700485867147e-08,0.0003931233978725221,-2.324700485867147e-08,-1.285937159308811e-12,-2.435769666360963e-08,0.0003931233991584595,1.110691804938166e-09
3,2928.644564625213,0.0,1.0,0.0,0.8648714781521357,2.53911817976978e-06,0.0,0.0,-0.000393123397862094,2.415648124581411e-08,0.0003931233978620939,-2.415648124581411e-08,-1.297967942834625e-12,-2.531062587298219e-08,0.0003931233991600617,1.154144627168082e-09
3,3043.219887107698,0.0,1.0,0.0,0.8648714781559421,2.638454332597817e-06,0.0,0.0,-0.000393123397850833,2.510153844448154e-08,0.0003931233978508327,-2.510153844448155e-08,-1.310958484068435e-12,-2.630083586838963e-08,0.0003931233991617919,1.199297423908098e-09
3,3162.277660168354,0.0,1.0,0.0,0.8648714781600517,2.741676744569542e-06,0.0,0.0,-0.0003931233978386748,2.608356845799003e-08,0.0003931233978386745,-2.608356845799003e-08,-1.324985347837075e-12,-2.732978516006711e-08,0.0003931233991636599,1.246216702077065e-09
3,3285.993247600628,0.0,1.0,0.0,0.8648714781644894,2.848937455094852e-06,0.0,0.0,-0.0003931233978255459,2.710401774803216e-08,0.0003931233978255456,-2.710401774803217e-08,-1.34013120693885e-12,-2.839898931852983e-08,0.000393123399165677,1.29497157049766e-09
3,3414.548873833574,0.0,1.0,0.0,0.864871478169281,2.960394451715491e-06,0.0,0.0,-0.0003931233978113698,2.816438936521393e-08,0.0003931233978113697,-2.816438936521393e-08,-1.356485329407944e-12,-2.951002320690279e-08,0.000393123399167855,1.34563384168886e-09
3,3548.133892335725,0.0,1.0,0.0,0.8648714781744551,3.076211902809667e-06,0.0,0.0,-0.0003931233977960626,2.926624516294336e-08,0.0003931233977960623,-2.926624516294336e-08,-1.374144104650435e-12,-3.06645233005841e-08,0.0003931233991702069,1.398278137640757e-09
3,3686.945064519545,0.0,1.0,0.0,0.8648714781800417,3.196560399400592e-06,0.0,0.0,-0.0003931233977795346,3.041120809793159e-08,0.0003931233977795342,-3.041120809793159e-08,-1.393211611552886e-12,-3.186419009765914e-08,0.0003931233991727462,1.452981999727542e-09
3,3831.186849557256,0.0,1.0,0.0,0.864871478186074,3.32161720642513e-06,0.0,0.0,-0.0003931233977616877,3.160096462069474e-08,0.0003931233977616877,-3.160096462069474e-08,-1.413800231911895e-12,-3.311079062361525e-08,0.0003931233991754882,1.509826002920513e-09
3,3981.071705534939,0.0,1.0,0.0,0.8648714781925877,3.451566523832645e-06,0.0,0.0,-0.0003931233977424171,3.283726715957777e-08,0.0003931233977424171,-3.283726715957777e-08,-1.436031312800083e-12,-3.440616103404715e-08,0.000393123399178449,1.568893874469384e-09
3,4136.820402388472,0.0,1.0,0.0,0.8648714781996208,3.586599757898648e-06,0.0,0.0,-0.00039312339772161,3.412193670195911e-08,0.0003931233977216095,-3.412193670195911e-08,-1.46003588177244e-12,-3.575220931918576e-08,0.0003931233991816459,1.630272617226658e-09
3,4298.662347082241,0.0,1.0,0.0,0.864871478207215,3.72691580315285e-06,0.0,0.0,-0.0003931233976991427,3.54568654764379e-08,0.0003931233976991424,-3.54568654764379e-08,-1.485955419128368e-12,-3.715091811423466e-08,0.0003931233991850977,1.69405263779675e-09
3,4466.835921509593,0.0,1.0,0.0,0.8648714782154152,3.87272133533688e-06,0.0,0.0,-0.0003931233976748822,3.684401973995455e-08,0.0003931233976748821,-3.684401973995455e-08,-1.513942691781053e-12,-3.860434761965311e-08,0.0003931233991888251,1.760327879698582e-09
3,4641.588833612739,0.0,1.0,0.0,0.8648714782242695,4.024231115823179e-06,0.0,0.0,-0.000393123397648687,3.828544267394989e-08,0.0003931233976486869,-3.828544267394989e-08,-1.544162653648901e-12,-4.011463863568773e-08,0.0003931233991928498,1.829195961737809e-09
3,4823.178482239265,0.0,1.0,0.0,0.8648714782338303,4.181668307943497e-06,0.0,0.0,-0.0003931233976204014,3.978325739382881e-08,0.0003931233976204014,-3.978325739382881e-08,-1.576793417875848e-12,-4.168401571562128e-08,0.0003931233991971956,1.900758321792499e-09
3,5011.87233627268,0.0,1.0,0.0,0.8648714782441534,4.345264805692795e-06,0.0,0.0,-0.0003931233975898603,4.133967007616081e-08,0.0003931233975898603,-4.133967007616081e-08,-1.612027306610691e-12,-4.33147904423848e-08,0.0003931233992018879,1.975120366223998e-09
3,5207.948328595417,0.0,1.0,0.0,0.8648714782553003,4.515261575292913e-06,0.0,0.0,-0.0003931233975568828,4.295697320822409e-08,0.0003931233975568825,-4.295697320822409e-08,-1.65007198453275e-12,-4.500936483335722e-08,0.0003931233992069547,2.052391625133142e-09
3,5411.695265464588,0.0,1.0,0.0,0.8648714782673363,4.691909010118865e-06,0.0,0.0,-0.0003931233975212741,4.463754896467903e-08,0.000393123397521274,-4.463754896467903e-08,-1.691151682804697e-12,-4.677023487836942e-08,0.0003931233992124256,2.132685913690393e-09
3,5623.413251903441,0.0,1.0,0.0,0.8648714782803328,4.87546729951079e-06,0.0,0.0,-0.000393123397482824,4.638387271634519e-08,0.000393123397482824,-4.638387271634518e-08,-1.735508520666444e-12,-4.85999942161228e-08,0.0003931233992183331,2.216121499777632e-09
3,5843.414133735124,0.0,1.0,0.0,0.864871478294366,5.066206812014564e-06,0.0,0.0,-0.0003931233974413073,4.819851667624933e-08,0.0003931233974413072,-4.819851667624934e-08,-1.783403932459378e-12,-5.050133795443775e-08,0.0003931233992247118,2.302821278188439e-09
3,6072.021956909831,0.0,1.0,0.0,0.8648714783095185,5.264408493615679e-06,0.0,0.0,-0.0003931233973964786,5.008415368831556e-08,0.0003931233973964785,-5.008415368831556e-08,-1.835120208491675e-12,-5.247706663995904e-08,0.0003931233992315993,2.39291295164349e-09
3,6309.573444801876,0.0,1.0,0.0,0.8648714783258798,5.470364281553002e-06,0.0,0.0,-0.0003931233973480737,5.204356116427758e-08,0.0003931233973480737,-5.204356116427758e-08,-1.890962158826409e-12,-5.453009038316526e-08,0.0003931233992390363,2.486529218887728e-09
3,6556.418494179729,0.0,1.0,0.0,0.8648714783435463,5.6843775343218e-06,0.0,0.0,-0.0003931233972958078,5.407962517461199e-08,0.0003931233972958077,-5.407962517461198e-08,-1.951258909798609e-12,-5.666343314475827e-08,0.0003931233992470665,2.583807970146273e-09
3,6812.920690579551,0.0,1.0,0.0,0.8648714783626223,5.906763478499498e-06,0.0,0.0,-0.0003931233972393716,5.619534469951828e-08,0.0003931233972393713,-5.619534469951828e-08,-2.016365843849746e-12,-5.888023718974533e-08,0.0003931233992557374,2.684892490227044e-09
3,7079.457843841315,0.0,1.0,0.0,0.8648714783832202,6.137849673052239e-06,0.0,0.0,-0.0003931233971784329,5.839383604620694e-08,0.0003931233971784328,-5.839383604620694e-08,-2.086666694112833e-12,-6.118376771577612e-08,0.0003931233992651001,2.7899316695692e-09
3,7356.422544596346,0.0,1.0,0.0,0.8648714784054611,6.377976491806221e-06,0.0,0.0,-0.0003931233971126336,6.0678337439002e-08,0.0003931233971126334,-6.0678337439002e-08,-2.162575806093368e-12,-6.357741766255027e-08,0.0003931233992752096,2.899080223548282e-09
3,7644.222742525932,0.0,1.0,0.0,0.8648714784294762,6.627497624794388e-06,0.0,0.0,-0.0003931233970415849,6.305221378901891e-08,0.0003931233970415849,-6.305221378901891e-08,-2.244540579776246e-12,-6.606471270938e-08,0.0003931233992861255,3.012498920361085e-09
3,7943.282347242741,0.0,1.0,0.0,0.8648714784554073,6.886780599216892e-06,0.0,0.0,-0.0003931233969648681,6.551896165044312e-08,0.0003931233969648679,-6.551896165044312e-08,-2.333044106552116e-12,-6.864931646826896e-08,0.0003931233992979124,3.13035481782586e-09
3,8254.041852680108,0.0,1.0,0.0,0.864871478483407,7.156207320782778e-06,0.0,0.0,-0.0003931233968820316,6.808221437070963e-08,0.0003931233968820314,-6.808221437070963e-08,-2.428608016504966e-12,-7.133503588015635e-08,0.0003931233993106395,3.252821509446717e-09
3,8576.958985908861,0.0,1.0,0.0,0.8648714785136403,7.436174636230154e-06,0.0,0.0,-0.0003931233967925866,7.074574744216946e-08,0.0003931233967925863,-7.074574744216946e-08,-2.531795552842507e-12,-7.412582682227406e-08,0.000393123399324382,3.380079380104616e-09
3,8912.509381337371,0.0,1.0,0.0,0.8648714785462854,7.727094917853358e-06,0.0,0.0,-0.0003931233966960063,7.351348406312533e-08,0.000393123396696006,-7.351348406312533e-08,-2.643214891589723e-12,-7.702579993487688e-08,0.0003931233993392207,3.512315871751526e-09
3,9261.187281287846,0.0,1.0,0.0,0.8648714785815351,8.02939667089827e-06,0.0,0.0,-0.0003931233965917204,7.638950091642812e-08,0.0003931233965917202,-7.63895009164281e-08,-2.763522726111499e-12,-8.003922667592731e-08,0.0003931233993552433,3.649725759499214e-09
3,9623.506263980795,0.0,1.0,0.0,0.8648714786195967,8.34352516472014e-06,0.0,0.0,-0.0003931233964791156,7.937803417414479e-08,0.0003931233964791155,-7.937803417414479e-08,-2.893428137591068e-12,-8.317054561265392e-08,0.0003931233993725439,3.792511438509155e-09
3,9999.999999999904,0.0,1.0,0.0,0.8648714786606946,8.66994308863382e-06,0.0,0.0,-0.000393123396357528,8.248348573714293e-08,0.0003931233963575277,-8.248348573714293e-08,-3.033696774276494e-12,-8.642436895924924e-08,0.0003931233993912248,3.940883222106281e-09
3,10391.22303835159,0.0,1.0,0.0,0.864871478705071,9.009131233422351e-06,0.0,0.0,-0.0003931233962262411,8.571042971878219e-08,0.0003931233962262407,-8.571042971878219e-08,-3.185155364127182e-12,-8.980548937033784e-08,0.0003931233994113959,4.095059651555614e-09
3,10797.75162327699,0.0,1.0,0.0,0.8648714787529876,9.361589199507591e-06,0.0,0.0,-0.0003931233960844799,8.906361918226225e-08,0.0003931233960844797,-8.906361918226225e-08,-3.348696587457439e-12,-9.331888700022026e-08,0.0003931233994331762,4.255267817957996e-09
3,11220.18454301952,0.0,1.0,0.0,0.864871478804727,9.7278361328261e-06,0.0,0.0,-0.0003931233959314096,9.254799314155113e-08,0.0003931233959314092,-9.254799314155113e-08,-3.52528433829591e-12,-9.696973683829019e-08,0.0003931233994566941,4.421743696739137e-09
3,11659.1440117982,0.0,1.0,0.0,0.8648714788605937,1.010841148949407e-05,0.0,0.0,-0.0003931233957661286,9.616868383620594e-08,0.0003931233957661284,-9.616868383620594e-08,-3.715959405470756e-12,-1.007634163314306e-07,0.000393123399482088,4.594732495224576e-09
3,12115.27658628577,0.0,1.0,0.0,0.8648714789209172,1.05038758303879e-05,0.0,0.0,-0.000393123395587662,9.993102429080174e-08,0.0003931233955876619,-9.993102429080174e-08,-3.921845606904304e-12,-1.047055133046144e-07,0.0003931233995095078,4.774489013812682e-09
3,12589.25411794155,0.0,1.0,0.0,0.864871478986053,1.091481164680997e-05,0.0,0.0,-0.0003931233953949585,1.038405561701008e-07,0.0003931233953949583,-1.038405561701008e-07,-4.144156413271838e-12,-1.08801834191378e-07,0.000393123399539115,4.961278021277257e-09
3,13081.77474260181,0.0,1.0,0.0,0.864871479056385,1.134182421845688e-05,0.0,0.0,-0.0003931233951868819,1.079030379415358e-07,0.0003931233951868819,-1.079030379415358e-07,-4.384202100063898e-12,-1.130584125862889e-07,0.0003931233995710841,5.15537464475313e-09
3,13593.56390878512,0.0,1.0,0.0,0.8648714791323278,1.178554250495292e-05,0.0,0.0,-0.0003931233949622062,1.121244533570267e-07,0.0003931233949622059,-1.121244533570267e-07,-4.643397470205288e-12,-1.174815181320053e-07,0.0003931233996056035,5.357064774978598e-09
3,14125.3754462274,0.0,1.0,0.0,0.8648714792143288,1.224662007226227e-05,0.0,0.0,-0.0003931233947196068,1.165110202666259e-07,0.0003931233947196066,-1.165110202666259e-07,-4.923270192747171e-12,-1.220776657540179e-07,0.0003931233996428767,5.566645487391942e-09
3,14677.99267622055,0.0,1.0,0.0,0.8648714793028718,1.272573605534466e-05,0.0,0.0,-0.0003931233944576532,1.210691997769729e-07,0.0003931233944576532,-1.210691997769729e-07,-5.22546980677952e-12,-1.268536252566751e-07,0.0003931233996831236,5.784425479702117e-09
3,15252.22956539003,0.0,1.0,0.0,0.864871479398478,1.322359615847204e-05,0.0,0.0,-0.0003931233941748035,1.258057057680489e-07,0.0003931233941748033,-1.258057057680489e-07,-5.551777443631997e-12,-1.318164312946271e-07,0.0003931233997265809,6.0107255265782e-09
3,15848.93192461097,0.0,1.0,0.0,0.8648714795017112,1.374093369467979e-05,0.0,0.0,-0.0003931233938693889,1.307275147822474e-07,0.000393123393869389,-1.307275147822474e-07,-5.904116324664689e-12,-1.369733937343747e-07,0.0003931233997735051,6.245878952127176e-09
3,16468.97865482852,0.0,1.0,0.0,0.8648714796131801,1.42785106658835e-05,0.0,0.0,-0.0003931233935396093,1.358418763003286e-07,0.0003931233935396093,-1.358418763003286e-07,-6.28456309652165e-12,-1.423321084211848e-07,0.0003931233998241728,6.490232120856134e-09
3,17113.28304161763,0.0,1.0,0.0,0.8648714797335414,1.483711888525224e-05,0.0,0.0,-0.0003931233931835218,1.411563234193911e-07,0.0003931233931835217,-1.411563234193911e-07,-6.695360070655778e-12,-1.47900468367233e-07,0.0003931233998788824,6.744144947841925e-09
3,17782.79410038904,0.0,1.0,0.0,0.8648714798635042,1.541758114349138e-05,0.0,0.0,-0.0003931233927990281,1.466786839485908e-07,0.000393123392799028,-1.466786839485908e-07,-7.138928439263479e-12,-1.536866753774505e-07,0.0003931233999379564,7.007991428859718e-09
3,18478.49797422272,0.0,1.0,0.0,0.8648714800038352,1.602075242075287e-05,0.0,0.0,-0.0003931233923838606,1.524170919389483e-07,0.0003931233923838603,-1.524170919389483e-07,-7.617882545522253e-12,-1.596992521301996e-07,0.0003931234000017433,7.282160191251305e-09
3,19201.41938638781,0.0,1.0,0.0,0.8648714801553609,1.664752114595799e-05,0.0,0.0,-0.0003931233919355734,1.583799996642289e-07,0.0003931233919355732,-1.583799996642289e-07,-8.135045292238369e-12,-1.659470547305733e-07,0.0003931234000706186,7.56705506634454e-09
3,19952.62314968858,0.0,1.0,0.0,0.8648714803189748,1.72988105053871e-05,0.0,0.0,-0.0003931233914515231,1.645761900705399e-07,0.0003931233914515231,-1.645761900705399e-07,-8.69346477972126e-12,-1.724392857548068e-07,0.0003931234001449885,7.863095684266862e-09
3,20733.21573485933,0.0,1.0,0.0,0.8648714804956408,1.797557980246475e-05,0.0,0.0,-0.0003931233909288587,1.710147897129863e-07,0.0003931233909288586,-1.710147897129863e-07,-9.2964322709467e-12,-1.791855078050157e-07,0.0003931234002252913,8.170718092029432e-09
3,21544.3469003186,0.0,1.0,0.0,0.8648714806864004,1.867882587074138e-05,0.0,0.0,-0.0003931233903644985,1.777052821984337e-07,0.0003931233903644982,-1.777052821984336e-07,-9.94750158989265e-12,-1.861956575942252e-07,0.0003931234003120002,8.490375395791537e-09
3,22387.21138568315,0.0,1.0,0.0,0.8648714808923779,1.940958454215455e-05,0.0,0.0,-0.0003931233897551162,1.846575221541848e-07,0.000393123389755116,-1.846575221541848e-07,-1.065051006738008e-11,-1.934800605824368e-07,0.0003931234004056263,8.822538428252068e-09
3,23263.05067153601,0.0,1.0,0.0,0.8648714811147873,2.016893217273089e-05,0.0,0.0,-0.0003931233890971204,1.918817497431396e-07,0.0003931233890971201,-1.918817497431396e-07,-1.140960115787035e-11,-2.0104944618529e-07,0.0003931234005067215,9.167696442150405e-09
3,24173.15480804078,0.0,1.0,0.0,0.8648714813549395,2.095798722797656e-05,0.0,0.0,-0.0003931233883866323,1.993886057468203e-07,0.0003931233883866322,-1.993886057468203e-07,-1.222924886052022e-11,-2.089149635777188e-07,0.0003931234006158816,9.526357830898434e-09
3,25118.86431509553,0.0,1.0,0.0,0.8648714816142496,2.177791193029143e-05,0.0,0.0,-0.000393123387619466,2.071891472384781e-07,0.0003931233876194659,-2.07189147238478e-07,-1.311428408842925e-11,-2.170881981158834e-07,0.0003931234007337498,9.899050877405195e-09
3,26101.57215682508,0.0,1.0,0.0,0.8648714818942467,2.262991397083294e-05,0.0,0.0,-0.0003931233867910978,2.152948638693651e-07,0.0003931233867910976,-2.152948638693651e-07,-1.406992314149648e-11,-2.255811884015619e-07,0.0003931234008610212,1.028632453219679e-08
3,27122.72579331998,0.0,1.0,0.0,0.8648714821965804,2.351524828835111e-05,0.0,0.0,-0.0003931233858966467,2.237176947921603e-07,0.0003931233858966464,-2.237176947921603e-07,-1.510179845070201e-11,-2.344064440141379e-07,0.0003931234009984457,1.068874922197778e-08
3,28183.82931264423,0.0,1.0,0.0,0.8648714825230325,2.443521891761516e-05,0.0,0.0,-0.0003931233849308415,2.324700462464764e-07,0.0003931233849308414,-2.324700462464765e-07,-1.621599177501671e-11,-2.435769639363017e-07,0.0003931234011468329,1.110691768982507e-08
3,29286.44564625204,0.0,1.0,0.0,0.8648714828755278,2.539118091015376e-05,0.0,0.0,-0.0003931233838879878,2.415648098323508e-07,0.0003931233838879875,-2.415648098323508e-07,-1.741907004659829e-11,-2.531062557006024e-07,0.0003931234013070581,1.154144586825171e-08
3,30432.19887107688,0.0,1.0,0.0,0.8648714832561434,2.638454233013743e-05,0.0,0.0,-0.0003931233827619406,2.510153814986304e-07,0.0003931233827619404,-2.510153814986305e-07,-1.871812407554051e-11,-2.630083552850564e-07,0.0003931234014800652,1.199297378642611e-08
3,31622.77660168344,0.0,1.0,0.0,0.8648714836671223,2.741676632834374e-05,0.0,0.0,-0.0003931233815460638,2.608356812742264e-07,0.0003931233815460636,-2.608356812742265e-07,-2.012081034229697e-11,-2.732978477871099e-07,0.0003931234016668737,1.246216651288352e-08
3,32859.93247600617,0.0,1.0,0.0,0.8648714841108875,2.848937329725927e-05,0.0,0.0,-0.0003931233802331887,2.710401737712944e-07,0.0003931233802331887,-2.710401737712945e-07,-2.163539612409837e-11,-2.839898889064122e-07,0.0003931234018685852,1.294971513511785e-08
3,34145.48873833563,0.0,1.0,0.0,0.8648714845900541,2.960394311049246e-05,0.0,0.0,-0.0003931233788155796,2.816438894905425e-07,0.0003931233788155793,-2.816438894905425e-07,-2.327080822133235e-11,-2.951002272680389e-07,0.0003931234020863883,1.345633777749657e-08
3,35481.33892335714,0.0,1.0,0.0,0.864871485107446,3.076211744979546e-05,0.0,0.0,-0.0003931233772848809,2.926624469600453e-07,0.0003931233772848807,-2.926624469600453e-07,-2.503668557107268e-11,-3.066452276190432e-07,0.0003931234023215664,1.398278065899793e-08
3,36869.45064519533,0.0,1.0,0.0,0.8648714856661132,3.196560222312286e-05,0.0,0.0,-0.0003931233756320702,3.041120757401762e-07,0.0003931233756320699,-3.041120757401762e-07,-2.694343605785549e-11,-3.186418949325049e-07,0.000393123402575506,1.452981919232857e-08
3,38311.86849557243,0.0,1.0,0.0,0.8648714862693482,3.321617007728784e-05,0.0,0.0,-0.0003931233738474057,3.16009640328536e-07,0.0003931233738474054,-3.16009640328536e-07,-2.900229785653672e-11,-3.311078994545759e-07,0.0003931234028497037,1.509825912603993e-08
3,39810.71705534926,0.0,1.0,0.0,0.864871486920706,3.45156630089168e-05,0.0,0.0,-0.0003931233719203704,3.283726650000917e-07,0.00039312337192037,-3.283726650000917e-07,-3.122540566877777e-11,-3.440616027314177e-07,0.0003931234031457755,1.568893773132582e-08
3,41368.20402388459,0.0,1.0,0.0,0.8648714876240264,3.586599507754773e-05,0.0,0.0,-0.0003931233698396043,3.4121935961911e-07,0.0003931233698396039,-3.4121935961911e-07,-3.362586224354749e-11,-3.575220846543588e-07,0.0003931234034654665,1.630272503524897e-08
3,42986.62347082227,0.0,1.0,0.0,0.8648714883834541,3.726915522486805e-05,0.0,0.0,-0.0003931233675928455,3.545686464609025e-07,0.0003931233675928452,-3.545686464609025e-07,-3.621781560317251e-11,-3.715091715631152e-07,0.000393123403810661,1.694052510221275e-08
3,44668.35921509578,0.0,1.0,0.0,0.8648714892034653,3.8727210204244e-05,0.0,0.0,-0.0003931233651668507,3.684401880828918e-07,0.0003931233651668504,-3.684401880828918e-07,-3.901654243009481e-11,-3.860434654484573e-07,0.0003931234041833933,1.760327736556545e-08
3,46415.88833612725,0.0,1.0,0.0,0.8648714900888931,4.024230762485572e-05,0.0,0.0,-0.000393123362547322,3.828544162860419e-07,0.0003931233625473216,-3.828544162860419e-07,-4.203853810580553e-11,-4.011463742973399e-07,0.0003931234045858605,1.829195801129806e-08
3,48231.7848223925,0.0,1.0,0.0,0.8648714910449556,4.181667911492187e-05,0.0,0.0,-0.0003931233597188207,3.978325622093166e-07,0.0003931233597188205,-3.978325622093166e-07,-4.530161393263156e-11,-4.168401436251902e-07,0.0003931234050204344,1.900758141587358e-08
3,50118.72336272663,0.0,1.0,0.0,0.8648714920772886,4.345264360867111e-05,0.0,0.0,-0.0003931233566646744,4.133966876014857e-07,0.0003931233566646741,-4.133966876014858e-07,-4.882500211138402e-11,-4.331478892417906e-07,0.0003931234054896767,1.975120164030505e-08
3,52079.48328595401,0.0,1.0,0.0,0.8648714931919759,4.515261076190288e-05,0.0,0.0,-0.0003931233533668839,4.295697173163409e-07,0.0003931233533668836,-4.295697173163409e-07,-5.262946909359193e-11,-4.50093631299024e-07,0.0003931234059963527,2.052391398268312e-08
3,54116.95265464572,0.0,1.0,0.0,0.8648714943955875,4.691908450116516e-05,0.0,0.0,-0.0003931233498060114,4.463754730791783e-07,0.000393123349806011,-4.463754730791784e-07,-5.673743797639844e-11,-4.677023296706174e-07,0.0003931234065434489,2.132685659143871e-08
3,56234.13251903423,0.0,1.0,0.0,0.8648714956952177,4.875466671177837e-05,0.0,0.0,-0.0003931233459610688,4.638387085742859e-07,0.0003931233459610687,-4.638387085742859e-07,-6.11731206614976e-11,-4.859999207160033e-07,0.0003931234071341899,2.216121214171744e-08
3,58434.14133735106,0.0,1.0,0.0,0.8648714970985257,5.066206107013391e-05,0.0,0.0,-0.0003931233418093968,4.819851459051061e-07,0.0003931233418093965,-4.819851459051061e-07,-6.596266055703075e-11,-5.0501335548244e-07,0.0003931234077720572,2.302820957733359e-08
3,60720.21956909812,0.0,1.0,0.0,0.864871498613783,5.264407702591366e-05,0.0,0.0,-0.0003931233373265239,5.008415134807827e-07,0.0003931233373265238,-5.008415134807826e-07,-7.113428666350612e-11,-5.247706394016526e-07,0.0003931234084608105,2.392912592086985e-08
3,63095.73444801856,0.0,1.0,0.0,0.8648715002499201,5.470363394009142e-05,0.0,0.0,-0.0003931233324860292,5.204355853848821e-07,0.0003931233324860292,-5.204355853848821e-07,-7.671847995189223e-11,-5.453008735394691e-07,0.0003931234092045091,2.486528815458701e-08
3,65564.18494179708,0.0,1.0,0.0,0.8648715020165804,5.684376538481228e-05,0.0,0.0,-0.0003931233272593832,5.407962222842791e-07,0.0003931233272593832,-5.407962222842791e-07,-8.274815301448976e-11,-5.666342974591937e-07,0.0003931234100075365,2.583807517491467e-08
3,68129.20690579529,0.0,1.0,0.0,0.864871503924176,5.906762361148016e-05,0.0,0.0,-0.0003931233216157817,5.619534139384544e-07,0.0003931233216157814,-5.619534139384544e-07,-8.925884404740801e-11,-5.888023337618543e-07,0.0003931234108746254,2.684891982340007e-08
3,70794.57843841292,0.0,1.0,0.0,0.8648715059839506,6.137848419363268e-05,0.0,0.0,-0.0003931233155219601,5.839383233718106e-07,0.0003931233155219598,-5.839383233718108e-07,-9.62889263079396e-11,-6.118376343689165e-07,0.0003931234118108866,2.789931099710576e-08
3,73564.22544596322,0.0,1.0,0.0,0.8648715082080436,6.377975085144095e-05,0.0,0.0,-0.0003931233089420039,6.067833327740663e-07,0.0003931233089420038,-6.067833327740663e-07,-1.038798342813342e-10,-6.357741286156304e-07,0.000393123412821838,2.899079584156407e-08
3,76442.22742525907,0.0,1.0,0.0,0.8648715106095642,6.627496046493546e-05,0.0,0.0,-0.0003931233018371299,6.305220911963218e-07,0.00039312330183713,-6.305220911963219e-07,-1.120763078899455e-10,-6.606470732258379e-07,0.0003931234139134383,3.012498202951611e-08
3,79432.82347242715,0.0,1.0,0.0,0.8648715132026663,6.886778828334253e-05,0.0,0.0,-0.0003931232941654646,6.551895641130515e-07,0.0003931232941654646,-6.551895641130515e-07,-1.209266561840718e-10,-6.864931042418435e-07,0.000393123415092121,3.130354012879206e-08
3,82540.4185268008,0.0,1.0,0.0,0.8648715160026333,7.156205333819834e-05,0.0,0.0,-0.0003931232858817913,6.808220849230032e-07,0.0003931232858817913,-6.808220849230033e-07,-1.304830420686171e-10,-7.133502909858207e-07,0.0003931234163648333,3.252820606281742e-08
3,85769.58985908833,0.0,1.0,0.0,0.8648715190259681,7.436172406821088e-05,0.0,0.0,-0.0003931232769372869,7.074574084648583e-07,0.0003931232769372868,-7.074574084648582e-07,-1.408017897436859e-10,-7.412581921322275e-07,0.0003931234177390765,3.380078366736858e-08
3,89125.09381337342,0.0,1.0,0.0,0.86487152229049,7.727092416415324e-05,0.0,0.0,-0.000393123267279233,7.351347666264682e-07,0.0003931232672792329,-7.351347666264682e-07,-1.519437166710916e-10,-7.702579139738104e-07,0.00039312341922295,3.512314734734238e-08
3,92611.87281287817,0.0,1.0,0.0,0.8648715258154391,8.029393864238707e-05,0.0,0.0,-0.0003931232568507078,7.638949261295488e-07,0.0003931232568507076,-7.638949261295489e-07,-1.639744920232934e-10,-8.003921709669982e-07,0.0003931234208251996,3.649724483744867e-08
3,96235.06263980764,0.0,1.0,0.0,0.8648715296215915,8.343522015596407e-05,0.0,0.0,-0.0003931232455902456,7.937802485749488e-07,0.0003931232455902455,-7.937802485749488e-07,-1.769650237273723e-10,-8.317053486458418e-07,0.0003931234225552689,3.792510007089276e-08
3,99999.9999999987,0.0,1.0,0.0,0.8648715337313804,8.66993955525899e-05,0.0,0.0,-0.0003931232334314781,8.248347528369014e-07,0.000393123233431478,-8.248347528369015e-07,-1.90991876385162e-10,-8.6424356899717e-07,0.0003931234244233547,3.940881616026814e-08
3,103912.2303835156,0.0,1.0,0.0,0.8648715381690278,9.009127268910723e-05,0.0,0.0,-0.0003931232203027444,8.571041798981569e-07,0.0003931232203027443,-8.571041798981569e-07,-2.061377225326363e-10,-8.980547583932057e-07,0.0003931234264404672,4.095057849504874e-08
3,107977.5162327696,0.0,1.0,0.0,0.8648715429606889,9.361584751252556e-05,0.0,0.0,-0.0003931232061266652,8.90636060221459e-07,0.0003931232061266649,-8.906360602214591e-07,-2.224918298981264e-10,-9.331887181816981e-07,0.000393123428618495,4.255265796023889e-08
3,112201.8454301949,0.0,1.0,0.0,0.8648715481346053,9.727831141802029e-05,0.0,0.0,-0.0003931231908196873,9.254797837565823e-07,0.0003931231908196872,-9.254797837565823e-07,-2.401505875311084e-10,-9.696971980375003e-07,0.0003931234309702751,4.421741428091832e-08
3,116591.4401179817,0.0,1.0,0.0,0.8648715537212712,0.0001010840588947323,0.0,0.0,-0.0003931231742915946,9.616866726860247e-07,0.0003931231742915944,-9.616866726860249e-07,-2.592180739023808e-10,-1.00763397218363e-06,0.0003931234335096688,4.594729949760559e-08
3,121152.7658628573,0.0,1.0,0.0,0.8648715597536137,0.0001050386954706143,0.0,0.0,-0.000393123156444972,9.993100570164566e-07,0.0003931231564449719,-9.993100570164566e-07,-2.798066703237936e-10,-1.047054918594008e-06,0.0003931234362516426,4.774486157755194e-08
3,125892.5411794151,0.0,1.0,0.0,0.8648715662671868,0.0001091480459680206,0.0,0.0,-0.0003931231371746341,1.038405353127257e-06,0.0003931231371746341,-1.038405353127257e-06,-3.020377233027963e-10,-1.088018101294539e-06,0.0003931234392123576,4.96127481672821e-08
3,130817.7474260177,0.0,1.0,0.0,0.8648715733003804,0.0001134181630821835,0.0,0.0,-0.0003931231163670041,1.079030145391773e-06,0.0003931231163670039,-1.079030145391773e-06,-3.26042259735435e-10,-1.130583855883674e-06,0.0003931234424092638,5.155371049190159e-08
3,135935.6390878508,0.0,1.0,0.0,0.8648715808946474,0.000117855336295198,0.0,0.0,-0.0003931230938994442,1.121244270991501e-06,0.0003931230938994442,-1.121244270991501e-06,-3.519617591528394e-10,-1.174814878398409e-06,0.0003931234458612034,5.357060740690818e-08
3,141253.7544622736,0.0,1.0,0.0,0.8648715890947475,0.0001224661011386313,0.0,0.0,-0.0003931230696395337,1.165109908048056e-06,0.0003931230696395337,-1.165109908048056e-06,-3.799489875724571e-10,-1.220776317656525e-06,0.0003931234495885216,5.566640960846878e-08
3,146779.926762205,0.0,1.0,0.0,0.8648715979490106,0.0001272572488183781,0.0,0.0,-0.000393123043444289,1.210691667202691e-06,0.0003931230434442886,-1.210691667202691e-06,-4.101688978683408e-10,-1.268535871211045e-06,0.0003931234536131866,5.784420400835368e-08
3,152522.2956538998,0.0,1.0,0.0,0.8648716075096228,0.0001322358362159205,0.0,0.0,-0.0003931230151593174,1.258056686778198e-06,0.0003931230151593172,-1.258056686778198e-06,-4.427996019667967e-10,-1.318163885058163e-06,0.0003931234579589194,6.010719827996386e-08
3,158489.3192461092,0.0,1.0,0.0,0.8648716178329328,0.0001374091962807018,0.0,0.0,-0.0003931229846179125,1.307274731663293e-06,0.0003931229846179122,-1.307274731663293e-06,-4.780334205969761e-10,-1.36973345724543e-06,0.0003931234626513331,6.245872558213717e-08
3,164689.7865482846,0.0,1.0,0.0,0.8648716289797846,0.0001427849488288924,0.0,0.0,-0.0003931229516400672,1.358418296065044e-06,0.0003931229516400671,-1.358418296065043e-06,-5.160780167830052e-10,-1.423320545532722e-06,0.0003931234677180839,6.490224946767835e-08
3,171132.8304161757,0.0,1.0,0.0,0.8648716410158765,0.0001483710117644299,0.0,0.0,-0.0003931229160314149,1.411562710280633e-06,0.0003931229160314147,-1.411562710280633e-06,-5.571576197577518e-10,-1.479004079264464e-06,0.0003931234731890348,6.744136898383179e-08
3,177827.9410038899,0.0,1.0,0.0,0.8648716540121472,0.0001541756127388253,0.0,0.0,-0.0003931228775820839,1.466786251645599e-06,0.0003931228775820836,-1.466786251645599e-06,-6.015143465111365e-10,-1.536866075617792e-06,0.0003931234790964305,7.007982397219331e-08
3,184784.9797422266,0.0,1.0,0.0,0.8648716680451946,0.0001602073012668744,0.0,0.0,-0.0003931228360654596,1.524170259821878e-06,0.0003931228360654592,-1.524170259821878e-06,-6.494096287612491e-10,-1.59699176039773e-06,0.0003931234854750885,7.2821500575852e-08
3,192014.1938638775,0.0,1.0,0.0,0.8648716831977272,0.0001664749613160795,0.0,0.0,-0.0003931227912368496,1.583799256595347e-06,0.0003931227912368492,-1.583799256595347e-06,-7.011257537577287e-10,-1.659469693557201e-06,0.0003931234923626033,7.567043696185431e-08
3,199526.2314968852,0.0,1.0,0.0,0.864871699559052,0.0001729878243882819,0.0,0.0,-0.0003931227428320408,1.645761070359176e-06,0.0003931227428320406,-1.645761070359176e-06,-7.5696752799766e-10,-1.724391899626577e-06,0.0003931234997995691,7.863082926740086e-08
3,207332.1573485926,0.0,1.0,0.0,0.8648717172255995,0.0001797554831127186,0.0,0.0,-0.000393122690565744,1.710146965466201e-06,0.0003931226905657439,-1.710146965466201e-06,-8.172640736584336e-10,-1.791854003244709e-06,0.000393123507829818,8.170703777850848e-08
3,215443.4690031854,0.0,1.0,0.0,0.8648717363014936,0.0001867879053704686,0.0,0.0,-0.0003931226341299101,1.777051776640665e-06,0.0003931226341299101,-1.777051776640665e-06,-8.823707683340706e-10,-1.861955369990877e-06,0.0003931235165006789,8.4903593350213e-08
3,223872.1138568308,0.0,1.0,0.0,0.8648717568991642,0.0001940954489710333,0.0,0.0,-0.0003931225731919168,1.846574048647138e-06,0.0003931225731919165,-1.846574048647138e-06,-9.52671339505874e-10,-1.934799252724881e-06,0.0003931235258632564,8.822520407774243e-08
3,232630.5067153593,0.0,1.0,0.0,0.8648717791400102,0.000201688876902592,0.0,0.0,-0.0003931225073926055,1.918816181422105e-06,0.0003931225073926053,-1.918816181422105e-06,-1.028580126089942e-09,-2.010492943650555e-06,0.0003931235359727319,9.16767622284509e-08
3,241731.548080407,0.0,1.0,0.0,0.8648718031551151,0.0002095793731783141,0.0,0.0,-0.0003931224363441679,1.993884580881758e-06,0.0003931224363441679,-1.993884580881758e-06,-1.110544520388489e-09,-2.089147932326445e-06,0.0003931235468886887,9.526335144468822e-08
3,251188.6431509545,0.0,1.0,0.0,0.8648718290860192,0.0002177785593019841,0.0,0.0,-0.0003931223596278588,2.071889815627863e-06,0.0003931223596278585,-2.071889815627863e-06,-1.199047604834829e-09,-2.170880069856037e-06,0.0003931235586754633,9.89902542281746e-08
3,261015.72156825,0.0,1.0,0.0,0.8648718570855545,0.0002262985113770822,0.0,0.0,-0.0003931222767915256,2.152946779782202e-06,0.0003931222767915254,-2.152946779782202e-06,-1.294610999069462e-09,-2.255809739499058e-06,0.0003931235714025247,1.028629597168555e-07
3,271227.2579331989,0.0,1.0,0.0,0.8648718873187441,0.0002351517778844154,0.0,0.0,-0.0003931221873469492,2.237174862189123e-06,0.0003931221873469491,-2.237174862189123e-06,-1.397797934123901e-09,-2.344062033954767e-06,0.0003931235851448837,1.068871717656433e-07
3,281838.2931264414,0.0,1.0,0.0,0.864871919963776,0.0002443513981543496,0.0,0.0,-0.0003931220907669626,2.324698122235006e-06,0.0003931220907669626,-2.324698122235006e-06,-1.509216571826739e-09,-2.435766939577893e-06,0.0003931235999835345,1.110688173428862e-07
3,292864.4564625195,0.0,1.0,0.0,0.864871955213053,0.0002539109215607123,0.0,0.0,-0.0003931219864823443,2.415645472543224e-06,0.000393121986482344,-2.415645472543224e-06,-1.629523588991088e-09,-2.531059527798093e-06,0.0003931236160059332,1.154140552548692e-07
3,304321.9887107678,0.0,1.0,0.0,0.8648719932743261,0.0002638444274644721,0.0,0.0,-0.0003931218738784646,2.510150868813207e-06,0.0003931218738784646,-2.510150868813207e-06,-1.759428047502244e-09,-2.630080154024331e-06,0.0003931236333065118,1.199292852111237e-07
3,316227.7660168334,0.0,1.0,0.0,0.8648720343719196,0.0002741665459363989,0.0,0.0,-0.0003931217522916627,2.608353507082695e-06,0.0003931217522916626,-2.608353507082695e-06,-1.899695573108567e-09,-2.732974664326511e-06,0.0003931236519872362,1.246211572438177e-07
3,328599.3247600607,0.0,1.0,0.0,0.864872078748052,0.0002848924792890118,0.0,0.0,-0.0003931216210053376,2.710398028703136e-06,0.0003931216210053375,-2.710398028703136e-06,-2.051152867536743e-09,-2.83989461019814e-06,0.0003931236721582055,1.294965814950054e-07
3,341454.8873833552,0.0,1.0,0.0,0.8648721266642648,0.000296038024449315,0.0,0.0,-0.0003931214792457218,2.816434733329464e-06,0.0003931214792457215,-2.816434733329464e-06,-2.214692580516013e-09,-2.950997471715515e-06,0.0003931236939383022,1.345627383860522e-07
3,354813.3892335703,0.0,1.0,0.0,0.8648721784029633,0.0003076195962050119,0.0,0.0,-0.0003931213261773219,2.926619800237231e-06,0.0003931213261773217,-2.926619800237231e-06,-2.391278570415484e-09,-3.066446889421328e-06,0.0003931237174558924,1.398270891840963e-07
3,368694.5064519521,0.0,1.0,0.0,0.8648722342690803,0.0003196542513581599,0.0,0.0,-0.0003931211608979969,3.041115518292245e-06,0.0003931211608979968,-3.041115518292245e-06,-2.581951584487431e-09,-3.186412905273227e-06,0.000393123742849582,1.452973869809818e-07
3,383118.6849557231,0.0,1.0,0.0,0.8648722945918738,0.0003321597138215113,0.0,0.0,-0.0003931209824336417,3.160090524910451e-06,0.0003931209824336414,-3.160090524910451e-06,-2.787835392180279e-09,-3.311072213011138e-06,0.0003931237702690335,1.509816881006869e-07
3,398107.1705534914,0.0,1.0,0.0,0.8648723597268676,0.0003451544006941518,0.0,0.0,-0.0003931207897324416,3.283720054358999e-06,0.0003931207897324413,-3.283720054359e-06,-3.01014340765301e-09,-3.440608418310888e-06,0.0003931237998758489,1.568883639518872e-07
3,413682.0402388446,0.0,1.0,0.0,0.8648724300579457,0.0003586574493544422,0.0,0.0,-0.0003931205816586803,3.41218619576304e-06,0.0003931205816586801,-3.41218619576304e-06,-3.250185840503078e-09,-3.57521230910597e-06,0.0003931238318445208,1.630261133429283e-07
3,429866.2347082213,0.0,1.0,0.0,0.8648725059996147,0.0003726887456097106,0.0,0.0,-0.0003931203569860443,3.545678161196888e-06,0.000393120356986044,-3.545678161196889e-06,-3.509377416829721e-09,-3.715082136474028e-06,0.0003931238663634612,1.694039752771412e-07
3,446683.5921509565,0.0,1.0,0.0,0.8648725879994469,0.0003872689529436516,0.0,0.0,-0.0003931201143903959,3.684392564252979e-06,0.0003931201143903955,-3.684392564252979e-06,-3.789245716112241e-09,-3.86042390650009e-06,0.0003931239036361122,1.760313422471144e-07
3,464158.8833612709,0.0,1.0,0.0,0.864872676540717,0.0004024195429039408,0.0,0.0,-0.0003931198524419711,3.828533709497202e-06,0.0003931198524419711,-3.828533709497202e-06,-4.091440173007693e-09,-4.011451683544448e-06,0.0003931239438821441,1.829179740472458e-07
3,482317.8482239234,0.0,1.0,0.0,0.8648727721452513,0.0004181628266741858,0.0,0.0,-0.0003931195695969533,3.978313893235108e-06,0.0003931195695969533,-3.978313893235108e-06,-4.417741797086135e-09,-4.168387905359738e-06,0.0003931239873387506,1.900740121246299e-07
3,501187.2336272647,0.0,1.0,0.0,0.8648728753765008,0.0004345219878759956,0.0,0.0,-0.0003931192641883781,4.133953716029826e-06,0.0003931192641883778,-4.133953716029826e-06,-4.770073667746745e-09,-4.331463710518913e-06,0.0003931240342620458,1.975099944890889e-07
3,520794.8328595385,0.0,1.0,0.0,0.864872986842863,0.0004515211166486758,0.0,0.0,-0.0003931189344163078,4.295682407429649e-06,0.0003931189344163076,-4.295682407429649e-06,-5.150512266119689e-09,-4.50091927863359e-06,0.0003931240849285741,2.052368712039435e-07
3,541169.5265464555,0.0,1.0,0.0,0.8648731072012656,0.0004691852450558484,0.0,0.0,-0.0003931185783372284,4.463738163380917e-06,0.0003931185783372281,-4.463738163380918e-06,-5.561299710683365e-09,-4.677004183860851e-06,0.0003931241396369389,2.132660204799311e-07
3,562341.3251903405,0.0,1.0,0.0,0.8648732371610388,0.0004875403838701326,0.0,0.0,-0.0003931181938525946,4.638368496820185e-06,0.0003931181938525942,-4.638368496820185e-06,-6.004856968643114e-09,-4.859977762215701e-06,0.0003931241987095631,2.216092653955148e-07
3,584341.4133735087,0.0,1.0,0.0,0.8648733774880933,0.0005066135607889174,0.0,0.0,-0.0003931177786964668,4.819830601958656e-06,0.0003931177786964665,-4.819830601958656e-06,-6.483798120856907e-09,-5.050109493226344e-06,0.0003931242624945879,2.302788912676897e-07
3,607202.1956909792,0.0,1.0,0.0,0.864873529009434,0.0005264328601362559,0.0,0.0,-0.0003931173304221602,5.008391732791748e-06,0.0003931173304221599,-5.008391732791747e-06,-7.000945764289892e-09,-5.247679396490047e-06,0.0003931243313679245,2.392876636982982e-07
3,630957.3444801836,0.0,1.0,0.0,0.8648736926180328,0.0005470274641079199,0.0,0.0,-0.0003931168463878264,5.204329596387023e-06,0.0003931168463878262,-5.204329596387024e-06,-7.559347642668367e-09,-5.452978443708804e-06,0.0003931244057354695,2.486488473217818e-07
3,655641.8494179688,0.0,1.0,0.0,0.8648738692780892,0.0005684276956187452,0.0,0.0,-0.0003931163237408915,5.407932761524994e-06,0.0003931163237408915,-5.407932761524994e-06,-8.162294603224168e-09,-5.666308986806242e-06,0.0003931244860354951,2.583762252812478e-07
3,681292.0690579507,0.0,1.0,0.0,0.8648740600307117,0.0005906650628135987,0.0,0.0,-0.0003931157594012471,5.619501083289421e-06,0.0003931157594012467,-5.619501083289422e-06,-8.813339985215637e-09,-5.887985202750146e-06,0.0003931245727412325,2.684841194607267e-07
3,707945.7843841269,0.0,1.0,0.0,0.8648742660000506,0.0006137723053054826,0.0,0.0,-0.0003931151500431054,5.839346144226453e-06,0.000393115150043105,-5.839346144226453e-06,-9.51632055432464e-09,-6.118333555728949e-06,0.0003931246663636594,2.789874115024921e-07
3,735642.2544596299,0.0,1.0,0.0,0.8648744883999222,0.0006377834422066292,0.0,0.0,-0.0003931144920754038,6.067791712715742e-06,0.0003931144920754037,-6.067791712715742e-06,-1.027537910611206e-08,-6.357693277355124e-06,0.0003931247674545101,2.899015646393769e-07
3,764422.2742525883,0.0,1.0,0.0,0.8648747285409576,0.0006627338220207713,0.0,0.0,-0.0003931137816206545,6.305174219221098e-06,0.0003931137816206543,-6.305174219221098e-06,-1.109498887151726e-08,-6.606416865594175e-06,0.0003931248766095262,3.012426463730779e-07
3,794328.234724269,0.0,1.0,0.0,0.8648749878383246,0.0006886601744672191,0.0,0.0,-0.0003931130144920977,6.551843251113715e-06,0.0003931130144920975,-6.551843251113715e-06,-1.197997986796919e-08,-6.86487060314427e-06,0.0003931249944719657,3.130273520305541e-07
3,825404.1852680054,0.0,1.0,0.0,0.8648752678200639,0.0007156006643098851,0.0,0.0,-0.0003931121861690413,6.808162066787378e-06,0.0003931121861690412,-6.808162066787378e-06,-1.293556735109814e-08,-7.133435096019141e-06,0.0003931251217363926,3.25273029231766e-07
3,857695.8985908806,0.0,1.0,0.0,0.864875570136089,0.0007435949472669222,0.0,0.0,-0.0003931112917702332,7.074508129812178e-06,0.000393111291770233,-7.074508129812177e-06,-1.396738253436458e-08,-7.412505833115326e-06,0.0003931252591527677,3.379977033031465e-07
3,891250.9381337314,0.0,1.0,0.0,0.864875896567905,0.0007726842280793159,0.0,0.0,-0.0003931103260251092,7.351273663901651e-06,0.0003931103260251088,-7.351273663901651e-06,-1.50815057572261e-08,-7.702493767574068e-06,0.0003931254075308659,3.512201036724163e-07
3,926118.7281287787,0.0,1.0,0.0,0.8648762490391014,0.0008029113208193979,0.0,0.0,-0.0003931092832427491,7.638866229497264e-06,0.0003931092832427491,-7.638866229497263e-06,-1.628450229682226e-08,-8.003825920778805e-06,0.0003931255677450461,3.649596912815445e-07
3,962350.6263980733,0.0,1.0,0.0,0.86487662962668,0.0008343207115230726,0.0,0.0,-0.0003931081572783662,7.937709322804612e-06,0.0003931081572783661,-7.937709322804612e-06,-1.758346103365393e-08,-8.316946009860548e-06,0.0003931257407394,3.792366870559421e-07
3,999999.9999999839,0.0,1.0,0.0,0.8648770405732871,0.0008669586232322732,0.0,0.0,-0.000393106941497114,8.248242998146695e-06,0.0003931069414971138,-8.248242998146695e-06,-1.898603619845524e-08,-8.642315099615907e-06,0.0003931259275333123,3.940721014692151e-07
3,1039122.303835152,0.0,1.0,0.0,0.8648774843004199,0.0009008730835370765,0.0,0.0,-0.000393105628735018,8.570924514532094e-06,0.0003931056287350178,-8.570924514532092e-06,-2.050049244550252e-08,-8.980412279776222e-06,0.0003931261292274636,4.094877652441257e-07
3,1079775.162327692,0.0,1.0,0.0,0.8648779634226845,0.0009361139947097787,0.0,0.0,-0.0003931042112567938,8.906229007369155e-06,0.0003931042112567934,-8.906229007369153e-06,-2.213575351707598e-08,-9.331735368600871e-06,0.0003931263470103112,4.255063612317175e-07
3,1122018.454301945,0.0,1.0,0.0,0.8648784807631902,0.0009727332065261789,0.0,0.0,-0.0003931026807103017,9.254650186291733e-06,0.0003931026807103014,-9.254650186291732e-06,-2.390145478479918e-08,-9.696801643803632e-06,0.0003931265821650865,4.421514575118995e-07
3,1165914.401179813,0.0,1.0,0.0,0.8648790393701707,0.00101078459187231,0.0,0.0,-0.0003931010280773741,9.616701060097648e-06,0.0003931010280773737,-9.616701060097648e-06,-2.580799997625021e-08,-1.007614860185779e-05,0.0003931268360773504,4.594475417601407e-07
3,1211527.658628569,0.0,1.0,0.0,0.8648796425349278,0.001050324125237862,0.0,0.0,-0.0003930992436207291,9.992914689837722e-06,0.0003930992436207289,-9.992914689837724e-06,-2.786662241969343e-08,-1.047033474676402e-05,0.000393127110243149,4.774200569263008e-07
3,1258925.411794147,0.0,1.0,0.0,0.8648802938112047,0.001091409964200507,0.0,0.0,-0.0003930973168266546,1.038384497113087e-05,0.0003930973168266542,-1.038384497113087e-05,-3.008945116616143e-08,-1.087994040940383e-05,0.0003931274062778203,4.960954382729575e-07
3,1308177.474260173,0.0,1.0,0.0,0.8648809970361031,0.001134102534008441,0.0,0.0,-0.0003930952363431243,1.079006744681998e-05,0.0003930952363431243,-1.079006744681998e-05,-3.248958237657737e-08,-1.1305568598642e-05,0.0003931277259255014,5.155011518220188e-07
3,1359356.390878503,0.0,1.0,0.0,0.8648817563526627,0.001178464615371394,0.0,0.0,-0.0003930929899129999,1.121218015112315e-05,0.0003930929899129996,-1.121218015112315e-05,-3.508115639230081e-08,-1.174784588538287e-05,0.0003931280710693921,5.356657342597247e-07
3,1412537.544622731,0.0,1.0,0.0,0.8648825762342417,0.001224561435573382,0.0,0.0,-0.0003930905643018969,1.16508044864762e-05,0.0003930905643018967,-1.16508044864762e-05,-3.78794409405878e-08,-1.220742332082774e-05,0.0003931284437428371,5.566188343515372e-07
3,1467799.267622045,0.0,1.0,0.0,0.8648834615108348,0.001272460763023408,0.0,0.0,-0.0003930879452203264,1.210658613430482e-05,0.0003930879452203261,-1.210658613430482e-05,-4.090092096215614e-08,-1.268497739022455e-05,0.0003931288461412886,5.783912559197309e-07
3,1525222.956538993,0.0,1.0,0.0,0.8648844173974863,0.001322233005363174,0.0,0.0,-0.0003930851172396343,1.258019600100792e-05,0.0003930851172396342,-1.258019600100792e-05,-4.416339558654478e-08,-1.318121100344574e-05,0.000393129280635221,6.010150024378065e-07
3,1584893.192461087,0.0,1.0,0.0,0.8648854495249643,0.001373951311253669,0.0,0.0,-0.0003930820637012525,1.307233120047881e-05,0.0003930820637012521,-1.307233120047881e-05,-4.768608282246408e-08,-1.369685452377593e-05,0.0003931297497840747,6.245233232971221e-07
3,1646897.865482841,0.0,1.0,0.0,0.8648865639728741,0.001427691675965131,0.0,0.0,-0.0003930787666187306,1.358371607453588e-05,0.0003930787666187306,-1.358371607453588e-05,-5.14897325750802e-08,-1.423266683633822e-05,0.0003931302563513064,6.489507618023323e-07
3,1711328.304161752,0.0,1.0,0.0,0.8648877673054041,0.00148353305089745,0.0,0.0,-0.0003930752065719875,1.411510325268192e-05,0.0003930752065719872,-1.411510325268192e-05,-5.55967486504135e-08,-1.47894364576353e-05,0.0003931308033206382,6.743332049533863e-07
3,1778279.410038893,0.0,1.0,0.0,0.8648890666099152,0.001541557457160277,0.0,0.0,-0.0003930713625931383,1.466727475265791e-05,0.0003930713625931382,-1.466727475265791e-05,-6.003132045901278e-08,-1.536798268773077e-05,0.0003931313939135978,7.007079350728533e-07
3,1847849.79742226,0.0,1.0,0.0,0.8648904695385955,0.001601850103344394,0.0,0.0,-0.0003930672120432653,1.524104312330681e-05,0.0003930672120432649,-1.524104312330681e-05,-6.481956518709348e-08,-1.596915680664517e-05,0.0003931320316084525,7.281136833383609e-07
3,1920141.938638769,0.0,1.0,0.0,0.8648919843534256,0.001664499507617441,0.0,0.0,-0.0003930627304793845,1.583725263131113e-05,0.0003930627304793841,-1.583725263131114e-05,-6.998968126367739e-08,-1.659384331659179e-05,0.000393132720160648,7.56590685280655e-07
3,1995262.314968846,0.0,1.0,0.0,0.864893619974715,0.001729597624278861,0.0,0.0,-0.0003930578915108535,1.645678049341928e-05,0.0003930578915108531,-1.645678049341928e-05,-7.557211401730107e-08,-1.724296123172786e-05,0.0003931334636248705,7.86180738308573e-07
3,2073321.57348592,0.0,1.0,0.0,0.8648953860334924,0.001797239974909803,0.0,0.0,-0.0003930526666443743,1.710053815582566e-05,0.0003930526666443741,-1.710053815582567e-05,-8.159973448588242e-08,-1.791746541714831e-05,0.0003931342663788602,8.169272613226378e-07
3,2154434.690031847,0.0,1.0,0.0,0.8648972929280538,0.001867525784254392,0.0,0.0,-0.0003930470251166962,1.776947262242125e-05,0.000393047025116696,-1.776947262242125e-05,-8.810803241874336e-08,-1.861834797890051e-05,0.0003931351331491154,8.488753564792692e-07
3,2238721.138568301,0.0,1.0,0.0,0.864899351884998,0.00194055812096891,0.0,0.0,-0.0003930409337140443,1.846456783368254e-05,0.0003930409337140443,-1.846456783368255e-05,-9.513532459097097e-08,-1.934663970685023e-05,0.0003931360690386355,8.820718731676866e-07
3,2326305.067153586,0.0,1.0,0.0,0.8649015750251019,0.002016444043374808,0.0,0.0,-0.0003930343565772265,1.918684609801909e-05,0.0003930343565772263,-1.91868460980191e-05,-1.027229796376724e-07,-2.010341157228036e-05,0.0003931370795568645,9.165654742612765e-07
3,2417315.480804062,0.0,1.0,0.0,0.8649039754344162,0.002095294750350163,0.0,0.0,-0.0003930272549912978,1.993736957745066e-05,0.0003930272549912977,-1.993736957745066e-05,-1.109156607096949e-07,-2.088977628215529e-05,0.0003931381706520074,9.524067047046197e-07
3,2511886.431509537,0.0,1.0,0.0,0.8649065672409963,0.002177225737492112,0.0,0.0,-0.0003930195871585536,2.071724182953709e-05,0.0003930195871585536,-2.071724182953709e-05,-1.197615873535201e-07,-2.17068898920335e-05,0.0003931393487459075,9.896480624964145e-07
3,2610157.215682491,0.0,1.0,0.0,0.8649093656977055,0.002262356958679617,0.0,0.0,-0.0003930113079535576,2.152760940753406e-05,0.0003930113079535575,-2.152760940753406e-05,-1.293128181267958e-07,-2.255595347966116e-05,0.0003931406207716843,1.028344072127099e-06
3,2712272.579331981,0.0,1.0,0.0,0.8649123872715735,0.002350812993161653,0.0,0.0,-0.0003930023686587736,2.23696635207979e-05,0.0003930023686587732,-2.23696635207979e-05,-1.39625555577881e-07,-2.343821488132591e-05,0.0003931419942143516,1.068551360528024e-06
3,2818382.931264404,0.0,1.0,0.0,0.864915649740219,0.002442723218290435,0.0,0.0,-0.0003929927166793018,2.324464175751066e-05,0.0003929927166793016,-2.324464175751066e-05,-1.507604753434167e-07,-2.435497049309724e-05,0.000393143477154645,1.110328735586561e-06
3,2928644.564625185,0.0,1.0,0.0,0.8649191722958947,0.002538221988012228,0.0,0.0,-0.000392982295235063,2.415382987184331e-05,0.0003929822952350626,-2.415382987184331e-05,-1.627830812528828e-07,-2.53075671391216e-05,0.0003931450783163157,1.153737267278285e-06
3,3043219.887107668,0.0,1.0,0.0,0.8649229756577453,0.002637448817219567,0.0,0.0,-0.0003929710430286833,2.509856363771876e-05,0.0003929710430286829,-2.509856363771876e-05,-1.757640884740002e-07,-2.62974040091822e-05,0.000393146807117157,1.19884037146344e-06
3,3162277.660168324,0.0,1.0,0.0,0.8649270821929257,0.002740548572058202,0.0,0.0,-0.0003929588938871684,2.608023077137787e-05,0.0003929588938871683,-2.608023077137788e-05,-1.89779836888334e-07,-2.732593466776795e-05,0.0003931486737240571,1.245703896390092e-06
3,3285993.247600596,0.0,1.0,0.0,0.8649315160472636,0.002847671666269216,0.0,0.0,-0.000392945776375339,2.7100272924989e-05,0.0003929457763753389,-2.7100272924989e-05,-2.049127370532486e-07,-2.839466913692957e-05,0.0003931506891123925,1.294396211940553e-06
3,3414548.873833541,0.0,1.0,0.0,0.8649363032862158,0.002958974263631516,0.0,0.0,-0.0003929316133788126,2.816018775357479e-05,0.0003929316133788125,-2.816018775357479e-05,-2.212517512851547e-07,-2.950517605522546e-05,0.0003931528651300981,1.344988301650689e-06
3,3548133.892335691,0.0,1.0,0.0,0.8649414720469112,0.003074618486551807,0.0,0.0,-0.0003929163216541873,2.926153105755793e-05,0.0003929163216541871,-2.926153105755793e-05,-2.388929125905468e-07,-3.065908491508147e-05,0.0003931552145667778,1.397553857523549e-06
3,3686945.06451951,0.0,1.0,0.0,0.864947052702143,0.003194772630828104,0.0,0.0,-0.0003928998113438701,3.040591900324973e-05,0.00039289981134387,-3.040591900324973e-05,-2.579398843764121e-07,-3.185808838089886e-05,0.0003931577512282468,1.452169377649138e-06
3,3831186.849557219,0.0,1.0,0.0,0.8649530780372319,0.003319611386587741,0.0,0.0,-0.0003928819854528325,3.159503042361915e-05,0.0003928819854528323,-3.159503042361915e-05,-2.785045640909628e-07,-3.310394469024992e-05,0.0003931604900169236,1.508914266630791e-06
3,3981071.705534901,0.0,1.0,0.0,0.864959583440753,0.003449316065372222,0.0,0.0,-0.0003928627392843433,3.283060920168664e-05,0.0003928627392843433,-3.283060920168664e-05,-3.007077341801737e-07,-3.439848014049219e-05,0.0003931634470185241,1.567870938805556e-06
3,4136820.402388433,0.0,1.0,0.0,0.8649666071101902,0.003584074833307773,0.0,0.0,-0.0003928419598315451,3.411446673888274e-05,0.0003928419598315449,-3.411446673888274e-05,-3.246797639960472e-07,-3.574359166311355e-05,0.000393166639595541,1.629124924230806e-06
3,4298662.3470822,0.0,1.0,0.0,0.8649741902736652,0.003724082950261737,0.0,0.0,-0.0003928195251214697,3.544848451069585e-05,0.0003928195251214696,-3.544848451069585e-05,-3.505613665597212e-07,-3.714124948808755e-05,0.0003931700864880296,1.692764977391699e-06
3,4466835.921509551,0.0,1.0,0.0,0.8649823774289616,0.003869543014840902,0.0,0.0,-0.0003927953035078881,3.683461671190549e-05,0.0003927953035078881,-3.68346167119055e-05,-3.785044143673264e-07,-3.859349990046957e-05,0.0003931738079222553,1.758883188564046e-06
3,4641588.833612694,0.0,1.0,0.0,0.8649912166011687,0.004020665215036658,0.0,0.0,-0.0003927691529090741,3.827489299365233e-05,0.0003927691529090741,-3.827489299365232e-05,-4.086728187295997e-07,-4.010246809139627e-05,0.000393177825727804,1.827575097743936e-06
3,4823178.482239218,0.0,1.0,0.0,0.865000759620347,0.004177667584263967,0.0,0.0,-0.0003927409199863353,3.977142129453592e-05,0.000392740919986335,-3.977142129453592e-05,-4.412434774585141e-07,-4.1670361105565e-05,0.000393182163463794,1.898939811029076e-06
3,5011872.336272631,0.0,1.0,0.0,0.8650110624207307,0.004340776262474557,0.0,0.0,-0.0003927104392588213,4.132639076784886e-05,0.0003927104392588212,-4.132639076784886e-05,-4.764072960562145e-07,-4.329947088715547e-05,0.0003931868465548776,1.973080119306617e-06
3,5207948.328595368,0.0,1.0,0.0,0.8650221853630841,0.004510225761949288,0.0,0.0,-0.0003926775321498412,4.294207480695225e-05,0.0003926775321498412,-4.294207480695225e-05,-5.143702879240313e-07,-4.49921774260201e-05,0.0003931919024377655,2.050102619067858e-06
3,5411695.265464537,0.0,1.0,0.0,0.8650341935819367,0.004686259237288722,0.0,0.0,-0.0003926420059595687,4.462083417066772e-05,0.0003926420059595687,-4.462083417066772e-05,-5.553547594927773e-07,-4.675095200579895e-05,0.0003931973607190621,2.130117835131237e-06
3,5623413.251903387,0.0,1.0,0.0,0.8650471573595487,0.004869128759023317,0.0,0.0,-0.0003926036527586696,4.636512021040103e-05,0.0003926036527586693,-4.636512021040103e-05,-5.996005865802678e-07,-4.857836055541164e-05,0.0003932032533452494,2.213240345010598e-06
3,5843414.133735067,0.0,1.0,0.0,0.8650611525285802,0.005059095590154675,0.0,0.0,-0.0003925622481970098,4.817747820052118e-05,0.0003925622481970094,-4.817747820052118e-05,-6.473665887083483e-07,-5.047706710513697e-05,0.0003932096147857183,2.299588904615761e-06
3,6072021.956909773,0.0,1.0,0.0,0.8650762609055602,0.005256430464814152,0.0,0.0,-0.0003925175502212403,5.006055077328827e-05,0.0003925175502212403,-5.006055077328828e-05,-6.989320085595146e-07,-5.244983734820379e-05,0.0003932164822298001,2.389286574915524e-06
3,6309573.444801815,0.0,1.0,0.0,0.8650925707574089,0.005461413868084533,0.0,0.0,-0.0003924692976945998,5.201708145935162e-05,0.0003924692976945997,-5.201708145935163e-05,-7.545981042223051e-07,-5.449954230848098e-05,0.0003932238957988222,2.482460849129333e-06
3,6556418.494179667,0.0,1.0,0.0,0.8651101773033854,0.005674336315871775,0.0,0.0,-0.0003924172089119016,5.404991833452128e-05,0.0003924172089119017,-5.404991833452128e-05,-8.146898623643668e-07,-5.662916211446301e-05,0.0003932318987742661,2.579243779941716e-06
3,6812920.690579485,0.0,1.0,0.0,0.865129183255004,0.005895498633534765,0.0,0.0,-0.0003923609800022022,5.616201777314185e-05,0.0003923609800022021,-5.616201777314185e-05,-8.79557840981315e-07,-5.884178987929404e-05,0.0003932405378431836,2.679772106152166e-06
3,7079457.843841247,0.0,1.0,0.0,0.865149699396602,0.006125212231780787,0.0,0.0,-0.0003923002832111945,5.835644830796835e-05,0.0003923002832111945,-5.835644830796835e-05,-9.495801508969358e-07,-6.114063568605054e-05,0.0003932498633620918,2.784187378082176e-06
3,7356422.544596274,0.0,1.0,0.0,0.865171845209409,0.00636379937810809,0.0,0.0,-0.000392234765054907,6.063639459594234e-05,0.0003922347650549066,-6.063639459594234e-05,-1.025164585733374e-06,-6.352903067690055e-05,0.0003932599296406405,2.892636080958223e-06
3,7644222.742525859,0.0,1.0,0.0,0.8651957495421276,0.0066115934618248,0.0,0.0,-0.0003921640443357959,6.30051614886966e-05,0.0003921640443357955,-6.300516148869661e-05,-1.106750910626318e-06,-6.601043124407157e-05,0.0003932707952464216,3.005269755374909e-06
3,7943282.347242665,0.0,1.0,0.0,0.8652215513312023,0.006868939250389949,0.0,0.0,-0.000392087710011839,6.546617820595974e-05,0.0003920877100118387,-6.546617820595974e-05,-1.194813320525676e-06,-6.858842331977335e-05,0.0003932825233323646,3.122245113813613e-06
3,8254041.852680027,0.0,1.0,0.0,0.8652494003741167,0.007136193134505614,0.0,0.0,-0.0003920053189087427,6.802300260928468e-05,0.0003920053189087425,-6.802300260928468e-05,-1.289863079492308e-06,-7.12667267613327e-05,0.0003932951819882349,3.243724152048006e-06
3,8576958.985908778,0.0,1.0,0.0,0.8652794581592355,0.007413723359036319,0.0,0.0,-0.0003919163932648642,7.067932557267768e-05,0.0003919163932648639,-7.067932557267768e-05,-1.39245135297015e-06,-7.40491998267851e-05,0.0003933088446178343,3.369874254107417e-06
3,8912509.381337285,0.0,1.0,0.0,0.8653118987558571,0.007701910236436738,0.0,0.0,-0.0003918204180979987,7.343897544574007e-05,0.0003918204180979984,-7.343897544574007e-05,-1.503172245572799e-06,-7.693984373502956e-05,0.0003933235903435714,3.500868289289426e-06
3,9261187.281287758,0.0,1.0,0.0,0.8653469097683163,0.008001146338930447,0.0,0.0,-0.0003917168383826778,7.630592260385088e-05,0.0003917168383826777,-7.630592260385088e-05,-1.622666057465717e-06,-7.994280730336473e-05,0.0003933395044401438,3.636884699513839e-06
3,9623506.263980702,0.0,1.0,0.0,0.8653846933581153,0.008311836665193861,0.0,0.0,-0.0003916050560262055,7.928428407869364e-05,0.0003916050560262053,-7.928428407869366e-05,-1.751622772938269e-06,-8.306239165378182e-05,0.0003933566787991433,3.778107575088119e-06
3,10000000.0,0.0,1.0,0.0,0.8654254673382084,0.00863439877675816,0.0,0.0,-0.0003914844266312274,8.237832826105959e-05,0.000391484426631227,-8.237832826105959e-05,-1.890785795230944e-06,-8.630305497776787e-05,0.0003933752124264583,3.924726716708254e-06
