case,frequency_real,frequency_imag,v(drain)_real,v(drain)_imag,v(out)_real,v(out)_imag,v(ref)_real,v(ref)_imag,v(vn)_real,v(vn)_imag,v(in)_real,v(in)_imag,v(source)_real,v(source)_imag,v(vp)_real,v(vp)_imag,i(vp)_real,i(vp)_imag,i(vin)_real,i(vin)_imag,i(rd)_real,i(rd)_imag,id(j1)_real,id(j1)_imag,i(rf)_real,i(rf)_imag,i(cf)_real,i(cf)_imag,i(vn)_real,i(vn)_imag,i(vref)_real,i(vref)_imag,i(rs)_real,i(rs)_imag
1,10.0,0.0,-4.311190033856604e-06,-4.310609119636452e-06,4.291776511010318,-7.468809609678948e-05,0.0,0.0,0.0,0.0,1.0,0.0,0.9980892159244888,-5.944730207594654e-06,0.0,0.0,-0.0004727557104691471,1.035002006519814e-09,-1.00041123415011e-12,-5.723844297204926e-11,2.155595016928302e-09,2.155304559818226e-09,2.1558071601113e-09,1.4829354346159e-08,0.0009980870591169179,-2.08313229967257e-08,2.078315523016031e-13,1.267404547573165e-08,-0.0005252903976145362,4.966217451402187e-09,0.0,0.0,0.000998089215924489,-5.944730207594653e-09
1,10.39122303835169,0.0,-4.31119601085328e-06,-4.479250079227623e-06,4.291776510912568,-7.761006648349724e-05,0.0,0.0,0.0,0.0,1.0,0.0,0.9980892159166815,-6.177301748861601e-06,0.0,0.0,-0.0004727557104678981,1.075493669468388e-09,-1.000291263399327e-12,-5.947774273112478e-11,2.15559800542664e-09,2.239625039613811e-09,2.155826728415526e-09,1.540951285223625e-08,0.0009980870590896626,-2.164629234382898e-08,2.244113481184986e-13,1.316988333337236e-08,-0.0005252903976080137,5.160507319336888e-09,0.0,0.0,0.0009980892159166816,-6.177301748861602e-09
1,10.7977516232771,0.0,-4.311202464135633e-06,-4.654488661666561e-06,4.291776510807024,-8.064635108326858e-05,0.0,0.0,0.0,0.0,1.0,0.0,0.9980892159082517,-6.418972024613229e-06,0.0,0.0,-0.0004727557104667046,1.117569459557271e-09,-1.000161721962431e-12,-6.180464905600539e-11,2.155601232067816e-09,2.327244330833281e-09,2.155847856965451e-09,1.601236849562026e-08,0.000998087059060234,-2.24931451692895e-08,2.423137998372538e-13,1.368511951029832e-08,-0.000525290397601047,5.362398254504343e-09,0.0,0.0,0.0009980892159082517,-6.418972024613229e-09
1,11.22018454301963,0.0,-4.31120943211738e-06,-4.836582981157366e-06,4.291776510693054,-8.380142213145465e-05,0.0,0.0,0.0,0.0,1.0,0.0,0.9980892158991491,-6.670096998302565e-06,0.0,0.0,-0.0004727557104653168,1.161291351486873e-09,-1.000021846336386e-12,-6.422258931740758e-11,2.15560471605869e-09,2.418291490578683e-09,2.155870671813132e-09,1.663880924060793e-08,0.0009980870590284559,-2.33731288282279e-08,2.616444225470105e-13,1.422051291344627e-08,-0.0005252903975934697,5.572187628163454e-09,0.0,0.0,0.0009980892158991492,-6.670096998302565e-09
1,11.65914401179831,0.0,-4.311216956098818e-06,-5.025801249926286e-06,4.291776510569994,-8.707992682755424e-05,0.0,0.0,0.0,0.0,1.0,0.0,0.9980892158893205,-6.931046559492792e-06,0.0,0.0,-0.0004727557104637625,1.206723744552145e-09,-9.998708121095747e-13,-6.673512497268963e-11,2.155608478049409e-09,2.512900624963143e-09,2.155895306251908e-09,1.728975779070465e-08,0.0009980870589941435,-2.428753947517013e-08,2.825171488202546e-13,1.477685213994026e-08,-0.0005252903975852263,5.79018444542242e-09,0.0,0.0,0.0009980892158893205,-6.931046559492793e-09
1,12.11527658628588,0.0,-4.311225080932957e-06,-5.222422173279606e-06,4.291776510437114,-9.04866941802134e-05,0.0,0.0,0.0,0.0,1.0,0.0,0.9980892158787074,-7.202205068678694e-06,0.0,0.0,-0.0004727557104621805,1.253933557498412e-09,-9.99707729102813e-13,-6.934595681163153e-11,2.155612540466478e-09,2.611211086639803e-09,2.155921907201338e-09,1.7966172947702e-08,0.000998087058957093,-2.523772397319234e-08,3.050550002189105e-13,1.535495663864003e-08,-0.0005252903975764556,6.016709800381731e-09,0.0,0.0,0.0009980892158787075,-7.202205068678694e-09
1,12.58925411794167,0.0,-4.311233852805074e-06,-5.426735360116985e-06,4.291776510293638,-9.402674212001775e-05,0.0,0.0,0.0,0.0,1.0,0.0,0.9980892158672482,-7.4839719234228e-06,0.0,0.0,-0.0004727557104604319,1.302990327087211e-09,-9.995316361227233e-13,-7.205893040743929e-11,2.155616926402537e-09,2.713367680058493e-09,2.155950628551215e-09,1.866905102392581e-08,0.0009980870589170877,-2.622508187775604e-08,3.293908123699451e-13,1.595567791713196e-08,-0.0005252903975668799,6.252097349083059e-09,0.0,0.0,0.0009980892158672483,-7.483971923422799e-09
1,13.08177474260194,0.0,-4.311243325894054e-06,-5.639041749505245e-06,4.291776510138714,-9.770528489055382e-05,0.0,0.0,0.0,0.0,1.0,0.0,0.9980892158548744,-7.776762146640096e-06,0.0,0.0,-0.0004727557104585722,1.353966310519508e-09,-9.993414952965766e-13,-7.487804178100858e-11,2.155621662947027e-09,2.819520874752623e-09,2.155981642260238e-09,1.939942730973456e-08,0.0009980870588738907,-2.725106749815567e-08,3.556680178839951e-13,1.657990079594019e-08,-0.0005252903975565826,6.496693800961588e-09,0.0,0.0,0.0009980892158548745,-7.776762146640097e-09
1,13.59356390878525,0.0,-4.311253553268557e-06,-5.859654053940505e-06,4.291776509971434,-0.0001015277407286251,0.0,0.0,0.0,0.0,1.0,0.0,0.9980892158415139,-8.081006997897775e-06,0.0,0.0,-0.0004727557104566016,1.406936591858621e-09,-9.991361859551717e-13,-7.780744328678372e-11,2.155626776634279e-09,2.929827026970252e-09,2.156015129213987e-09,2.015837759842978e-08,0.0009980870588272488,-2.831719203961434e-08,3.840414917314529e-13,1.722854471180547e-08,-0.0005252903975455081,6.750859429520478e-09,0.0,0.0,0.000998089215841514,-8.081006997897775e-09
1,14.12537544622754,0.0,-4.311264597545161e-06,-6.088897219951809e-06,4.291776509790806,-0.000105499739844936,0.0,0.0,0.0,0.0,1.0,0.0,0.9980892158270872,-8.397154608630382e-06,0.0,0.0,-0.0004727557104543256,1.461979192629844e-09,-9.989144980277472e-13,-8.085144972888898e-11,2.155632298772581e-09,3.044448609975905e-09,2.156051288363562e-09,2.094701977082424e-08,0.0009980870587768843,-2.942502582918351e-08,4.146784640585672e-13,1.790256507195112e-08,-0.0005252903975334344,7.014968602991085e-09,0.0,0.0,0.0009980892158270873,-8.397154608630383e-09
1,14.67799267622069,0.0,-4.31127652200658e-06,-6.327108906724736e-06,4.29177650959577,-0.0001096271327169992,0.0,0.0,0.0,0.0,1.0,0.0,0.9980892158115098,-8.725670642206179e-06,0.0,0.0,-0.0004727557104520219,1.519175186748426e-09,-9.986751249099453e-13,-8.401454471653312e-11,2.15563826100329e-09,3.163554453362368e-09,2.156090331755189e-09,2.176651544180244e-08,0.000998087058722503,-3.057620062872515e-08,4.477595058235963e-13,1.860295466133117e-08,-0.0005252903975204726,7.289410335760722e-09,0.0,0.0,0.00099808921581151,-8.725670642206178e-09
1,15.25222956539018,0.0,-4.311289398373219e-06,-6.574639983449633e-06,4.291776509385173,-0.0001139159987064791,0.0,0.0,0.0,0.0,1.0,0.0,0.9980892157946896,-9.067038979816623e-06,0.0,0.0,-0.0004727557104494406,1.578608819919023e-09,-9.984166557628379e-13,-8.730138726805556e-11,2.15564469918661e-09,3.287319991724816e-09,2.156132490067282e-09,2.261807167129788e-08,0.0009980870586637827,-3.177241203838256e-08,4.834795930622399e-13,1.933074510493308e-08,-0.0005252903975064838,7.574588861345555e-09,0.0,0.0,0.0009980892157946896,-9.067038979816623e-09
1,15.84893192461113,0.0,-4.311303301696157e-06,-6.831855046127498e-06,4.291776509157776,-0.0001183726550136668,0.0,0.0,0.0,0.0,1.0,0.0,0.9980892157765275,-9.421762433199578e-06,0.0,0.0,-0.0004727557104466651,1.640367633739584e-09,-9.9813756719759e-13,-9.071681867333609e-11,2.155651650848078e-09,3.415927523063749e-09,2.156178011517762e-09,2.350294274220806e-08,0.0009980870586003784,-3.301542199408097e-08,5.220492560550214e-13,2.008700838728926e-08,-0.000525290397491357,7.87092422781411e-09,0.0,0.0,0.0009980892157765275,-9.421762433199577e-09
1,16.46897865482867,0.0,-4.311318314131896e-06,-7.099132954594296e-06,4.291776508912243,-0.000123003665982274,0.0,0.0,0.0,0.0,1.0,0.0,0.9980892157569167,-9.790363485245796e-06,0.0,0.0,-0.0004727557104436952,1.70454259462738e-09,-9.978362142967774e-13,-9.426586962467873e-11,2.155659157065948e-09,3.549566477297148e-09,2.156227164356883e-09,2.442243200786535e-08,0.0009980870585319173,-3.430706136273584e-08,5.636958201696812e-13,2.087285843143525e-08,-0.0005252903974749812,8.178852916478772e-09,0.0,0.0,0.0009980892157569166,-9.790363485245797e-09
1,17.11328304161779,0.0,-4.311334524498278e-06,-7.376867390555108e-06,4.291776508647117,-0.0001278158527682522,0.0,0.0,0.0,0.0,1.0,0.0,0.9980892157357413,-1.017338505957968e-05,0.0,0.0,-0.0004727557104404756,1.771228227824708e-09,-9.975108209194216e-13,-9.79537676266724e-11,2.155667262249139e-09,3.688433695277554e-09,2.156280238534185e-09,2.537789381178534e-08,0.0009980870584579925,-3.564923263899168e-08,6.086647456919703e-13,2.168945273964039e-08,-0.0005252903974573564,8.498828484805647e-09,0.0,0.0,0.0009980892157357413,-1.017338505957969e-08
1,17.78279410038921,0.0,-4.311352027386306e-06,-7.665467437449508e-06,4.291776508360843,-0.0001328163033868777,0.0,0.0,0.0,0.0,1.0,0.0,0.9980892157128768,-1.057139132024777e-05,0.0,0.0,-0.0004727557104370339,1.840522756613831e-09,-9.971594692326093e-13,-1.017859446959418e-10,2.155676013693153e-09,3.832733718724754e-09,2.156337546271944e-09,2.63707354825199e-08,0.0009980870583781716,-3.704391274746362e-08,6.572210745416631e-13,2.253799409832771e-08,-0.0005252903974383438,8.831322234477922e-09,0.0,0.0,0.0009980892157128768,-1.057139132024777e-08
1,18.47849797422289,0.0,-4.311370927378988e-06,-7.965358183003056e-06,4.291776508051732,-0.000138012383152902,0.0,0.0,0.0,0.0,1.0,0.0,0.9980892156881881,-1.098496850269288e-05,0.0,0.0,-0.0004727557104332314,1.912528246998679e-09,-9.96780088407998e-13,-1.057680453621318e-10,2.155685463689494e-09,3.982679091501528e-09,2.156399426213083e-09,2.74024194065538e-08,0.000998087058291983,-3.849315595460883e-08,7.096509924005692e-13,2.341973234969409e-08,-0.0005252903974177492,9.176823905575785e-09,0.0,0.0,0.0009980892156881882,-1.098496850269289e-08
1,19.201419386388,0.0,-4.311391334610448e-06,-8.276981345351582e-06,4.291776507717957,-0.0001434117455291444,0.0,0.0,0.0,0.0,1.0,0.0,0.99808921566153,-1.141472577723785e-05,0.0,0.0,-0.0004727557104292068,1.987350758048115e-09,-9.963704424165776e-13,-1.099059349819077e-10,2.155695667305224e-09,4.138490672675791e-09,2.15646624233952e-09,2.847446518229738e-08,0.0009980870581989174,-3.999909689451715e-08,7.662635154595577e-13,2.433596623264025e-08,-0.0005252903973955447,9.535842397957965e-09,0.0,0.0,0.00099808921566153,-1.141472577723785e-08
1,19.95262314968878,0.0,-4.311413369872952e-06,-8.600795923661162e-06,4.291776507357559,-0.0001490223433995078,0.0,0.0,0.0,0.0,1.0,0.0,0.9980892156327452,-1.186129614635082e-05,0.0,0.0,-0.000472755710424877,2.065100498089656e-09,-9.959281168497627e-13,-1.142057083782192e-10,2.155706684936476e-09,4.300397961830581e-09,2.156538388672346e-09,2.958845185834883e-08,0.0009980870580984283,-4.156395371307786e-08,8.273923117261041e-13,2.528804529572232e-08,-0.0005252903973716194,9.908906520792718e-09,0.0,0.0,0.0009980892156327453,-1.186129614635082e-08
1,20.73321573485953,0.0,-4.311437163506682e-06,-8.93727887420159e-06,4.291776506968409,-0.0001548524407830173,0.0,0.0,0.0,0.0,1.0,0.0,0.998089215601664,-1.232533737701337e-05,0.0,0.0,-0.0004727557104200752,2.14589198706536e-09,-9.954505046891335e-13,-1.186736988175526e-10,2.155718581753341e-09,4.468639437100795e-09,2.156616290959967e-09,3.074602025932177e-08,0.0009980870579899227,-4.31900313351527e-08,8.933976676269193e-13,2.627737188494211e-08,-0.000525290397345668,1.02965657714944e-08,0.0,0.0,0.000998089215601664,-1.232533737701337e-08
1,21.54434690031881,0.0,-4.31146285495565e-06,-9.286925812869705e-06,4.291776506548217,-0.0001609106250061433,0.0,0.0,0.0,0.0,1.0,0.0,0.9980892155681034,-1.280753296956539e-05,0.0,0.0,-0.0004727557104150237,2.229844225204889e-09,-9.949347909409528e-13,-1.233164873383935e-10,2.155731427477825e-09,4.643462906434853e-09,2.156700407512429e-09,3.194887540266529e-08,0.0009980870578727619,-4.487972485956907e-08,9.6466861149664e-13,2.730540320930464e-08,-0.0005252903973177181,1.069939114508126e-08,0.0,0.0,0.0009980892155681035,-1.280753296956539e-08
1,22.38721138568337,0.0,-4.311490596320411e-06,-9.650251745196586e-06,4.291776506094498,-0.0001672058193513292,0.0,0.0,0.0,0.0,1.0,0.0,0.9980892155318652,-1.330859316445289e-05,0.0,0.0,-0.0004727557104095836,2.317080868285089e-09,-9.943779360449048e-13,-1.281409124446411e-10,2.155745298160205e-09,4.825125872598293e-09,2.156791235032393e-09,3.319878901003469e-08,0.0009980870577462524,-4.663552308693222e-08,1.041625206468146e-12,2.837365348718465e-08,-0.000525290397287631,1.111797597520372e-08,0.0,0.0,0.0009980892155318653,-1.330859316445289e-08
1,23.26305067153623,0.0,-4.311520549915571e-06,-1.002779182491486e-05,4.291776505604592,-0.0001737472962003623,0.0,0.0,0.0,0.0,1.0,0.0,0.9980892154927367,-1.382925598836262e-05,0.0,0.0,-0.0004727557104035607,2.407730409801373e-09,-9.93776657959256e-13,-1.331540801782522e-10,2.155760274957785e-09,5.013895912457433e-09,2.156889307242095e-09,3.449760211691355e-08,0.0009980870576096533,-4.846001218545443e-08,1.124721026278589e-12,2.94836961766643e-08,-0.0005252903972549627,1.155293680809948e-08,0.0,0.0,0.0009980892154927367,-1.382925598836262e-08
1,24.17315480804101,0.0,-4.311552893376813e-06,-1.042010214220234e-05,4.291776505075596,-0.0001805446906919395,0.0,0.0,0.0,0.0,1.0,0.0,0.9980892154504861,-1.437028834128337e-05,0.0,0.0,-0.0004727557103972324,2.501926370194877e-09,-9.931274128168679e-13,-1.383633745859496e-10,2.155776446688407e-09,5.210051071101171e-09,2.15699520432353e-09,3.584722778432951e-08,0.0009980870574621545,-5.035587950019882e-08,1.214445828583223e-12,3.063716629312619e-08,-0.0005252903972198519,1.200491431070258e-08,0.0,0.0,0.0009980892154504862,-1.437028834128337e-08
1,25.11886431509577,0.0,-4.311587816996365e-06,-1.082776054276388e-05,4.291776504504403,-0.0001876080149135521,0.0,0.0,0.0,0.0,1.0,0.0,0.9980892154048653,-1.493248712609593e-05,0.0,0.0,-0.0004727557103902658,2.599807493540288e-09,-9.924263740380263e-13,-1.43776468595413e-10,2.155793908498183e-09,5.413880271381941e-09,2.157109548762903e-09,3.724965391665898e-08,0.0009980870573028902,-5.232591751135035e-08,1.311328441533282e-12,3.183576281751652e-08,-0.0005252903971818268,1.247457421431858e-08,0.0,0.0,0.0009980892154048653,-1.493248712609593e-08
1,26.10157215682533,0.0,-4.311625526609575e-06,-1.125136747895755e-05,4.291776503887644,-0.0001949476726485859,0.0,0.0,0.0,0.0,1.0,0.0,0.9980892153556051,-1.551668042235502e-05,0.0,0.0,-0.0004727557103827718,2.701517951895932e-09,-9.916694097770038e-13,-1.494013353169722e-10,2.155812763304788e-09,5.625683739478773e-09,2.157233014800983e-09,3.870694618967068e-08,0.0009980870571309208,-5.437302794734269e-08,1.415939880631059e-12,3.308125119882443e-08,-0.0005252903971407763,1.296260829519227e-08,0.0,0.0,0.000998089215355605,-1.551668042235502e-08
1,27.12272579332025,0.0,-4.311666244705137e-06,-1.169154689421865e-05,4.291776503221683,-0.0002025744747003636,0.0,0.0,0.0,0.0,1.0,0.0,0.9980892153024149,-1.612372870599226e-05,0.0,0.0,-0.0004727557103747504,2.807207557671871e-09,-9.908520585694156e-13,-1.552462597874498e-10,2.155833122352568e-09,5.845773447109325e-09,2.15736633121814e-09,4.022125109312068e-08,0.0009980870569452327,-5.65002260589004e-08,1.528896714232593e-12,3.437546595446445e-08,-0.0005252903970965617,1.346973539344677e-08,0.0,0.0,0.000998089215302415,-1.612372870599227e-08
1,28.1838293126445,0.0,-4.311710211091224e-06,-1.214894714208449e-05,4.291776502502592,-0.0002104996548156969,0.0,0.0,0.0,0.0,1.0,0.0,0.9980892152449817,-1.675452611673667e-05,0.0,0.0,-0.0004727557103660074,2.917031984271825e-09,-9.899695030368335e-13,-1.613198511734482e-10,2.155855105545612e-09,6.074473571042244e-09,2.157510282172067e-09,4.179479909238086e-08,0.0009980870567447304,-5.871064506029098e-08,1.650864697533862e-12,3.572031337239149e-08,-0.0005252903970487111,1.39967024718866e-08,0.0,0.0,0.0009980892152449817,-1.675452611673667e-08
1,29.28644564625232,0.0,-4.311757685115936e-06,-1.262424194117356e-05,4.291776501726134,-0.0002187348862314066,0.0,0.0,0.0,0.0,1.0,0.0,0.9980892151829667,-1.741000177511964e-05,0.0,0.0,-0.0004727557103566538,3.031152995405318e-09,-9.890165414936932e-13,-1.676310554520623e-10,2.155878842557968e-09,6.312120970586779e-09,2.157665717211398e-09,4.342990791375769e-08,0.0009980870565282325,-6.10075407443294e-08,1.782562696458814e-12,3.711777431892897e-08,-0.0005252903969971134,1.454428571620368e-08,0.0,0.0,0.0009980892151829667,-1.741000177511964e-08
1,30.43219887107717,0.0,-4.311808945889339e-06,-1.311813136752557e-05,4.29177650088774,-0.0002272922988681773,0.0,0.0,0.0,0.0,1.0,0.0,0.9980892151160045,-1.809112115100402e-05,0.0,0.0,-0.0004727557103464397,3.149738683361434e-09,-9.87987557289125e-13,-1.741891685876871e-10,2.15590447294467e-09,6.559065683762783e-09,2.157833551838142e-09,4.512898595833959e-08,0.0009980870562944653,-6.33942962779313e-08,1.924766924576151e-12,3.856990715644544e-08,-0.0005252903969413247,1.511329167828377e-08,0.0,0.0,0.0009980892151160044,-1.809112115100402e-08
1,31.62277660168374,0.0,-4.31186429694641e-06,-1.363134288576403e-05,4.291776499982458,-0.0002361844971970752,0.0,0.0,0.0,0.0,1.0,0.0,0.9980892150437002,-1.879888748565311e-05,0.0,0.0,-0.000472755710335393,3.272963716567748e-09,-9.868764857030353e-13,-1.810038502243367e-10,2.155932148473205e-09,6.815671442882016e-09,2.158014775844179e-09,4.689453584940197e-08,0.0009980870560420477,-6.587442718527942e-08,2.078315518016834e-12,4.007885077517707e-08,-0.0005252903968810674,1.570455846415492e-08,0.0,0.0,0.0009980892150437003,-1.879888748565312e-08
1,32.85993247600649,0.0,-4.311924062694317e-06,-1.416463242060032e-05,4.29177649900496,-0.0002454245788050464,0.0,0.0,0.0,0.0,1.0,0.0,0.9980892149656279,-1.953434326943439e-05,0.0,0.0,-0.0004727557103235969,3.401009596896916e-09,-9.85676778201308e-13,-1.880851379136371e-10,2.155962031347159e-09,7.08231621030016e-09,2.158210456947573e-09,4.8729158118595e-08,0.0009980870557694949,-6.845158652594302e-08,2.244113475356352e-12,4.164682774366241e-08,-0.0005252903968160638,1.631895696849229e-08,0.0,0.0,0.000998089214965628,-1.953434326943439e-08
1,34.14548873833596,0.0,-4.311988595961935e-06,-1.47187854702575e-05,4.291776497949482,-0.0002550261536867367,0.0,0.0,0.0,0.0,1.0,0.0,0.9980892148813274,-2.029857177733414e-05,0.0,0.0,-0.0004727557103108015,3.534064926981797e-09,-9.843813638394682e-13,-1.95443461899453e-10,2.155994297980968e-09,7.359392735128749e-09,2.158421748282885e-09,5.063555503634293e-08,0.0009980870554751984,-7.112957027557654e-08,2.423137991576845e-12,4.327614758242874e-08,-0.00052529039674587,1.695739215736478e-08,0.0,0.0,0.0009980892148813273,-2.029857177733414e-08
1,35.48133892335748,0.0,-4.312058278665987e-06,-1.52946182634534e-05,4.2917764968098,-0.000265003364291053,0.0,0.0,0.0,0.0,1.0,0.0,0.9980892147903019,-2.109269866454504e-05,0.0,0.0,-0.0004727557102969515,3.672325688027018e-09,-9.829826075873134e-13,-2.030896604809256e-10,2.156029139332993e-09,7.647309131726701e-09,2.158649895371407e-09,5.261653459209765e-08,0.0009980870551574237,-7.391232291712362e-08,2.616444217546911e-12,4.49692101657527e-08,-0.0005252903966700417,1.76208044011939e-08,0.0,0.0,0.0009980892147903018,-2.109269866454503e-08
1,36.86945064519569,0.0,-4.312133519368544e-06,-1.589297896164807e-05,4.291776495579204,-0.0002753709063519899,0.0,0.0,0.0,0.0,1.0,0.0,0.9980892146920146,-2.19178936244766e-05,0.0,0.0,-0.00047275571028213,3.815995528479494e-09,-9.814722653288797e-13,-2.110349959765465e-10,2.156066759684272e-09,7.946489480824035e-09,2.158896243362445e-09,5.467501463030845e-08,0.0009980870548142997,-7.680394325076161e-08,2.825171478964786e-12,4.672850925650545e-08,-0.0005252903965882738,1.831017085986099e-08,0.0,0.0,0.0009980892146920146,-2.19178936244766e-08
1,38.31186849557281,0.0,-4.312214762602906e-06,-1.651474890832516e-05,4.291776494250433,-0.0002861440505344045,0.0,0.0,0.0,0.0,1.0,0.0,0.9980892145858866,-2.277537211163068e-05,0.0,0.0,-0.0004727557102659485,3.965286063974653e-09,-9.798414352725347e-13,-2.192911713127864e-10,2.156107381301453e-09,8.257374454162581e-09,2.159162243416561e-09,5.681402714820011e-08,0.000998087054443802,-7.980869043114357e-08,3.050549991418668e-12,4.855663617928862e-08,-0.0005252903964998168,1.902650692197203e-08,0.0,0.0,0.0009980892145858866,-2.277537211163068e-08
1,39.81071705534965,0.0,-4.312302487097242e-06,-1.716084392714874e-05,4.291776492815663,-0.0002973386649266255,0.0,0.0,0.0,0.0,1.0,0.0,0.9980892144712922,-2.366639713187998e-05,0.0,0.0,-0.0004727557102485735,4.12041718903948e-09,-9.780805054847958e-13,-2.278703472617119e-10,2.156151243548621e-09,8.580421963574369e-09,2.159449463848292e-09,5.903672276169027e-08,0.0009980870540437486,-8.293099024083197e-08,3.293908111142045e-12,5.045628363727195e-08,-0.0005252903964044209,1.977086770047898e-08,0.0,0.0,0.0009980892144712923,-2.366639713187998e-08
1,41.36820402388499,0.0,-4.312397209993435e-06,-1.783221567090591e-05,4.291776491266426,-0.0003089712384130177,0.0,0.0,0.0,0.0,1.0,0.0,0.9980892143475558,-2.459228110278578e-05,0.0,0.0,-0.0004727557102298385,4.281617400967423e-09,-9.761790972386513e-13,-2.367851603529766e-10,2.156198604996718e-09,8.916107835452953e-09,2.1597595976334e-09,6.134637534602246e-08,0.0009980870536117788,-8.61754416091612e-08,3.556680164199083e-12,5.243024967835382e-08,-0.0005252903963014199,2.05443495867718e-08,0.0,0.0,0.000998089214347556,-2.459228110278578e-08
1,42.98662347082268,0.0,-4.312499489067534e-06,-1.852985302322441e-05,4.291776489593604,-0.0003210589049609415,0.0,0.0,0.0,0.0,1.0,0.0,0.9980892142139484,-2.555438778669606e-05,0.0,0.0,-0.0004727557102095492,4.44912413641573e-09,-9.741260038424865e-13,-2.460487414865752e-10,2.156249744533767e-09,9.264926511612205e-09,2.160094472435205e-09,6.374638685795232e-08,0.0009980870531453505,-8.954682338613497e-08,3.840414900244531e-12,5.448144181648712e-08,-0.0005252903961901478,2.134809186557384e-08,0.0,0.0,0.0009980892142139484,-2.555438778669607e-08
1,44.66835921509622,0.0,-4.31260992761473e-06,-1.925478355512687e-05,4.291776487787334,-0.000333619468857862,0.0,0.0,0.0,0.0,1.0,0.0,0.9980892140696827,-2.655413429947003e-05,0.0,0.0,-0.0004727557101876501,4.623184121092843e-09,-9.719091245890792e-13,-2.55674735273773e-10,2.156304963807365e-09,9.627391777563436e-09,2.160456061162e-09,6.624029234658708e-08,0.0009980870526417125,-9.30501013813309e-08,4.146784620683521e-12,5.661288131424009e-08,-0.000525290396069994,2.218327839306149e-08,0.0,0.0,0.0009980892140696827,-2.655413429947003e-08
1,46.41588833612769,0.0,-4.312729176225716e-06,-2.000807503857036e-05,4.291776485836969,-0.000346671430935799,0.0,0.0,0.0,0.0,1.0,0.0,0.998089213913908,-2.759299319778897e-05,0.0,0.0,-0.0004727557101639468,4.804053733172795e-09,-9.695153934353657e-13,-2.656773201347011e-10,2.156364588112858e-09,1.000403751928518e-08,2.160846495902439e-09,6.883176516026116e-08,0.0009980870520978973,-9.669043567818485e-08,4.477595035031764e-12,5.882770763290095e-08,-0.0005252903959402366,2.305113934055779e-08,0.0,0.0,0.000998089213913908,-2.759299319778897e-08
1,48.23178482239296,0.0,-4.31285793789371e-06,-2.079083701919751e-05,4.291776483731009,-0.0003602340158217289,0.0,0.0,0.0,0.0,1.0,0.0,0.9980892137457062,-2.867249464812692e-05,0.0,0.0,-0.0004727557101384394,4.991999380953325e-09,-9.669307019926216e-13,-2.760712291822164e-10,2.156428968946855e-09,1.039541850959875e-08,2.161268078200895e-09,7.15246223571157e-08,0.0009980870515106978,-1.004731882344248e-07,4.834795903568286e-12,6.112918305667993e-08,-0.0005252903958002098,2.395295300653064e-08,0.0,0.0,0.0009980892137457062,-2.867249464812692e-08
1,50.11872336272711,0.0,-4.312996971789218e-06,-2.160422245061822e-05,4.29177648145705,-0.0003743272002540881,0.0,0.0,0.0,0.0,1.0,0.0,0.9980892135640865,-2.979422868057664e-05,0.0,0.0,-0.0004727557101109059,5.187297895238807e-09,-9.64139816373177e-13,-2.868717719227927e-10,2.156498485894609e-09,1.080211122530911e-08,2.161723291314024e-09,7.432283032735253e-08,0.0009980870508766555,-1.04403930779852e-07,5.220492529007439e-12,6.352069749782096e-08,-0.0005252903956489974,2.489004769940312e-08,0.0,0.0,0.0009980892135640865,-2.979422868057664e-08
1,52.07948328595451,0.0,-4.313147097478875e-06,-2.244942939262716e-05,4.291776479001682,-0.000388971742507073,0.0,0.0,0.0,0.0,1.0,0.0,0.9980892133679777,-3.095984753084965e-05,0.0,0.0,-0.0004727557100810964,5.390236937051089e-09,-9.611262874035654e-13,-2.980948568064035e-10,2.156573548739438e-09,1.122471469631358e-08,2.162214819963573e-09,7.723051063544194e-08,0.0009980870501920317,-1.08488453023098e-07,5.636958164920638e-12,6.600577348969894e-08,-0.0005252903954856558,2.586380369405385e-08,0.0,0.0,0.0009980892133679778,-3.095984753084965e-08
1,54.11695265464624,0.0,-4.31330919870021e-06,-2.332770277585985e-05,4.291776476350438,-0.0004041892129660889,0.0,0.0,0.0,0.0,1.0,0.0,0.9980892131562246,-3.217106807390095e-05,0.0,0.0,-0.0004727557100489554,5.601115421417015e-09,-9.578723536749094e-13,-3.097570146586101e-10,2.156654599350105e-09,1.166385138792992e-08,2.162745559801129e-09,8.025194609089135e-08,0.0009980870494527918,-1.127327711794509e-07,6.086647414041831e-12,6.858807137525866e-08,-0.0005252903953092969,2.687565526488753e-08,0.0,0.0,0.0009980892131562246,-3.217106807390095e-08
1,56.23413251903477,0.0,-4.31348423246547e-06,-2.424033623548564e-05,4.29177647348769,-0.0004200020258993749,0.0,0.0,0.0,0.0,1.0,0.0,0.9980892129275784,-3.342967435276215e-05,0.0,0.0,-0.0004727557100142887,5.82024395757484e-09,-9.543588368591452e-13,-3.218754230293787e-10,2.156742116232735e-09,1.212016811774282e-08,2.163318640492307e-09,8.339158705651536e-08,0.0009980870486545794,-1.171431368323069e-07,6.572210695424703e-12,7.127139469843633e-08,-0.0005252903951189491,2.792709279841643e-08,0.0,0.0,0.0009980892129275783,-3.342967435276215e-08
1,58.43414133735162,0.0,-4.313673228839576e-06,-2.518867401663872e-05,4.291776470396567,-0.0004364334724726017,0.0,0.0,0.0,0.0,1.0,0.0,0.9980892126806921,-3.473752020630803e-05,0.0,0.0,-0.0004727557099768187,6.04794530651093e-09,-9.505650286740717e-13,-3.344679314944754e-10,2.156836614419788e-09,1.259433700831936e-08,2.163937438257919e-09,8.665405800349858e-08,0.0009980870477926892,-1.217260461413011e-07,7.09650986571938e-12,7.40596958065052e-08,-0.0005252903949133081,2.901966498844788e-08,0.0,0.0,0.000998089212680692,-3.473752020630803e-08
1,60.7202195690987,0.0,-4.31387730315258e-06,-2.617411295439369e-05,4.291776467058847,-0.0004535077550550738,0.0,0.0,0.0,0.0,1.0,0.0,0.9980892124141104,-3.609653199982703e-05,0.0,0.0,-0.0004727557099362956,6.284554856368868e-09,-9.464685688310371e-13,-3.475530879467264e-10,2.15693865157629e-09,1.308705647719685e-08,2.164605600620041e-09,9.004416432290709e-08,0.0009980870468620413,-1.264882494106808e-07,7.662635086638738e-12,7.695708167159726e-08,-0.0005252903946912912,3.015498111726261e-08,0.0,0.0,0.0009980892124141104,-3.609653199982703e-08
1,63.09573444801917,0.0,-4.314097656887839e-06,-2.719810453120203e-05,4.291776463454863,-0.0004712500228680632,0.0,0.0,0.0,0.0,1.0,0.0,0.9980892121262621,-3.750871146241752e-05,0.0,0.0,-0.0004727557098926638,6.530421116449227e-09,-9.420453132458664e-13,-3.611501659158511e-10,2.157048828443919e-09,1.359905226560102e-08,2.165327065898172e-09,9.356689940368046e-08,0.0009980870458571516,-1.314367610320138e-07,8.27392303802918e-12,7.996781993997496e-08,-0.0005252903944516496,3.133471342593142e-08,0.0,0.0,0.000998089212126262,-3.750871146241752e-08
1,65.56418494179772,0.0,-4.314335589228335e-06,-2.826215701481964e-05,4.291776459563367,-0.0004896864090277811,0.0,0.0,0.0,0.0,1.0,0.0,0.9980892118154507,-3.897613863538899e-05,0.0,0.0,-0.0004727557098455348,6.785906230497989e-09,-9.372691917363135e-13,-3.752791929571248e-10,2.157167794614168e-09,1.413107850740982e-08,2.166106086014748e-09,9.722745198753026e-08,0.0009980870447720957,-1.365788698158764e-07,8.933976583891635e-12,8.30963452179634e-08,-0.0005252903941928566,3.256059957739888e-08,0.0,0.0,0.0009980892118154508,-3.897613863538899e-08
1,68.12920690579594,0.0,-4.314592503051884e-06,-2.936783767987525e-05,4.291776455361432,-0.0005088440690375494,0.0,0.0,0.0,0.0,1.0,0.0,0.9980892114798445,-4.050097493601097e-05,0.0,0.0,-0.0004727557097945201,7.051386510191607e-09,-9.321120543672979e-13,-3.899609801506753e-10,2.157296251525942e-09,1.468391883993762e-08,2.166947252094173e-09,1.010312138115772e-07,0.000998087043600481,-1.419221497277389e-07,9.646686007262074e-12,8.634726560380192e-08,-0.0005252903939133302,3.383444521596281e-08,0.0,0.0,0.0009980892114798445,-4.050097493601097e-08
1,70.7945784384136,0.0,-4.314869912480646e-06,-3.051677511634996e-05,4.29177645082428,-0.0005287512207858645,0.0,0.0,0.0,0.0,1.0,0.0,0.9980892111174648,-4.208546634112204e-05,0.0,0.0,-0.0004727557097395363,7.327252989367607e-09,-9.265435055383197e-13,-4.052171527548742e-10,2.157434956240323e-09,1.525838755817498e-08,2.167855523419483e-09,1.049837875499844e-07,0.0009980870423353984,-1.474744710438613e-07,1.041625193910743e-11,8.972536947503433e-08,-0.0005252903936115716,3.515812662684253e-08,0.0,0.0,0.0009980892111174648,-4.208546634112204e-08
1,73.56422544596393,0.0,-4.315169451984957e-06,-3.171066162837071e-05,4.291776445925179,-0.0005494371861092751,0.0,0.0,0.0,0.0,1.0,0.0,0.9980892107261765,-4.373194669528872e-05,0.0,0.0,-0.0004727557096801949,7.613911999976498e-09,-9.20530724835166e-13,-4.210701820589633e-10,2.157584725992479e-09,1.585533081418535e-08,2.168836251623616e-09,1.090909950662845e-07,0.0009980870409693947,-1.532440119436322e-07,1.124721011637734e-11,9.323563254143755e-08,-0.0005252903932857766,3.653359349978648e-08,0.0,0.0,0.0009980892107261765,-4.373194669528872e-08
1,76.44222742525982,0.0,-4.315492887041472e-06,-3.295125572684838e-05,4.291776440635254,-0.0005709324339812752,0.0,0.0,0.0,0.0,1.0,0.0,0.9980892103036731,-4.544284114838565e-05,0.0,0.0,-0.0004727557096160517,7.911785770639296e-09,-9.140382735900519e-13,-4.375434184818531e-10,2.157746443520736e-09,1.647562786342419e-08,2.169895217431996e-09,1.133588859885536e-07,0.0009980870394944183,-1.592392705554211e-07,1.21444581151324e-11,9.688322517387363e-08,-0.0005252903929339192,3.796287180087303e-08,0.0,0.0,0.000998089210303673,-4.544284114838565e-08
1,79.43282347242791,0.0,-4.315842124347213e-06,-3.424038471963349e-05,4.29177643492332,-0.0005932686253908436,0.0,0.0,0.0,0.0,1.0,0.0,0.9980892098474645,-4.722066972766152e-05,0.0,0.0,-0.0004727557095467461,8.221313048478133e-09,-9.070278860100642e-13,-4.54661125965825e-10,2.157921062173607e-09,1.712019235981675e-08,2.171038662372068e-09,1.177937466200642e-07,0.0009980870379017743,-1.654690774736915e-07,1.311328421631143e-11,1.006735200198627e-07,-0.0005252903925539454,3.944806675653306e-08,0.0,0.0,0.0009980892098474645,-4.722066972766153e-08
1,82.5404185268016,0.0,-4.316219222699758e-06,-3.557994740300386e-05,4.291776428755717,-0.0006164786599767201,0.0,0.0,0.0,0.0,1.0,0.0,0.9980892093548617,-4.906805104955132e-05,0.0,0.0,-0.0004727557094720281,8.542949745429492e-09,-8.994582436428519e-13,-4.724485177158204e-10,2.158109611349879e-09,1.778997370150193e-08,2.172273326078315e-09,1.224021091985416e-07,0.0009980870361820772,-1.719426087658087e-07,1.415939857426867e-11,1.046120999170923e-07,-0.0005252903921438012,4.099136595449689e-08,0.0,0.0,0.0009980892093548618,-4.906805104955132e-08
1,85.76958985908915,0.0,-4.316626403211288e-06,-3.697191685844859e-05,4.291776422096094,-0.0006405967244861058,0.0,0.0,0.0,0.0,1.0,0.0,0.9980892088229614,-5.09877061767018e-05,0.0,0.0,-0.0004727557093912316,8.877169609751608e-09,-8.912847318502901e-13,-4.909317933369389e-10,2.158313201605644e-09,1.84859584292243e-08,2.173606485239689e-09,1.271907615176594e-07,0.0009980870343251917,-1.786693994876982e-07,1.528896687178491e-11,1.087047661165183e-07,-0.0005252903917008223,4.259504256581614e-08,0.0,0.0,0.0009980892088229615,-5.09877061767018e-08
1,89.12509381337428,0.0,-4.317066067738295e-06,-3.841834335886744e-05,4.291776414905195,-0.0006656583431291634,0.0,0.0,0.0,0.0,1.0,0.0,0.9980892082486285,-5.298246262589163e-05,0.0,0.0,-0.0004727557093041346,9.224464923786486e-09,-8.824591768548078e-13,-5.101381774248751e-10,2.158533033869148e-09,1.920917167943372e-08,2.175045997835049e-09,1.321667569249477e-07,0.0009980870323201716,-1.856593577282642e-07,1.650864665991097e-11,1.129575468271706e-07,-0.0005252903912226214,4.426145869320869e-08,0.0,0.0,0.0009980892082486284,-5.298246262589163e-08
1,92.61187281287906,0.0,-4.317540805320874e-06,-3.992135738846696e-05,4.291776407140644,-0.000691700429903488,0.0,0.0,0.0,0.0,1.0,0.0,0.9980892076284784,-5.505525853274924e-05,0.0,0.0,-0.0004727557092099322,9.585347229047216e-09,-8.729295618085435e-13,-5.300959596661103e-10,2.158770402660437e-09,1.996067869423348e-08,2.17660034685193e-09,1.373374247108388e-07,0.0009980870301552018,-1.929227792032542e-07,1.78256265968265e-11,1.17376706095248e-07,-0.0005252903907061457,4.599306885013808e-08,0.0,0.0,0.0009980892076284784,-5.505525853274924e-08
1,96.23506263980856,0.0,-4.318053415719447e-06,-4.148317278079974e-05,4.291776398756677,-0.0007187613429656081,0.0,0.0,0.0,0.0,1.0,0.0,0.9980892069588556,-5.720914697940236e-05,0.0,0.0,-0.000472755709108319,9.960348079785907e-09,-8.626397202119052e-13,-5.508345365069559e-10,2.159026707859724e-09,2.074158639039987e-08,2.178278694784635e-09,1.427103809041531e-07,0.0009980870278175217,-2.004703624200623e-07,1.924766881698294e-11,1.219687530305804e-07,-0.0005252903901485362,4.779242357618054e-08,0.0,0.0,0.0009980892069588556,-5.720914697940237e-08
1,99.99999999999969,0.0,-4.318606919406776e-06,-4.310608997957058e-05,4.291776389703876,-0.0007468809411295997,0.0,0.0,0.0,0.0,1.0,0.0,0.9980892062358135,-5.944730049143303e-05,0.0,0.0,-0.0004727557089986012,1.035001982580122e-08,-8.515290048745469e-13,-5.723844544527969e-10,2.159303459703388e-09,2.155304498978529e-08,2.180090933200066e-09,1.482935394899222e-07,0.0009980870252933522,-2.083132244358081e-07,2.078315468024924e-11,1.26740451394047e-07,-0.0005252903895464345,4.966217319383971e-08,0.0,0.0,0.0009980892062358135,-5.944730049143304e-08
1,103.9122303835166,0.0,-4.319204579106284e-06,-4.479249942701107e-05,4.291776379928882,-0.0007761006425760391,0.0,0.0,0.0,0.0,1.0,0.0,0.9980892054550907,-6.177301571076261e-05,0.0,0.0,-0.0004727557088801404,1.075493642607787e-08,-8.395319304676824e-13,-5.947774550613483e-10,2.159602289553142e-09,2.239624971350554e-08,2.182047743104914e-09,1.54095124066078e-07,0.0009980870225678156,-2.164629172319019e-07,2.244113417070062e-11,1.31698829560073e-07,-0.0005252903888963434,5.160507171209799e-08,0.0,0.0,0.0009980892054550908,-6.177301571076261e-08
1,107.9775162327706,0.0,-4.319849918443808e-06,-4.654488508481294e-05,4.29177636937409,-0.0008064634858577515,0.0,0.0,0.0,0.0,1.0,0.0,0.9980892046120855,-6.418971825134794e-05,0.0,0.0,-0.0004727557087521872,1.117569429417975e-08,-8.265777875609763e-13,-6.180465216961808e-10,2.159924959221904e-09,2.327244254240647e-08,2.184160658111446e-09,1.601236799561691e-07,0.0009980870196248499,-2.249314447292132e-07,2.423137923620023e-11,1.368511908688775e-07,-0.0005252903881943216,5.362398088302334e-08,0.0,0.0,0.0009980892046120855,-6.418971825134794e-08
1,112.201845430196,0.0,-4.32054673815685e-06,-4.836582809280659e-05,4.291776357977287,-0.0008380141932922099,0.0,0.0,0.0,0.0,1.0,0.0,0.9980892037018295,-6.670096774484084e-05,0.0,0.0,-0.0004727557086140755,1.16129131766976e-08,-8.125902258691849e-13,-6.422259281093844e-10,2.160273369078425e-09,2.41829140464033e-08,2.186442130969405e-09,1.663880867959495e-07,0.0009980870164471086,-2.337312804688997e-07,2.616444138315075e-11,1.422051243837181e-07,-0.0005252903874363446,5.572187441681527e-08,0.0,0.0,0.0009980892037018295,-6.670096774484084e-08
1,116.5914401179828,0.0,-4.321299146736735e-06,-5.025801057077472e-05,4.291776345671305,-0.0008707992368339646,0.0,0.0,0.0,0.0,1.0,0.0,0.9980892027189577,-6.931046308364336e-05,0.0,0.0,-0.0004727557084648337,1.206723706608626e-08,-7.974868042522786e-13,-6.673512889249581e-10,2.160649573368367e-09,2.512900528538736e-08,2.188905608652935e-09,1.728975716123775e-07,0.0009980870130158628,-2.428753859849458e-07,2.825171386587245e-11,1.477685160689796e-07,-0.0005252903866178327,5.79018423618597e-08,0.0,0.0,0.0009980892027189577,-6.931046308364335e-08
1,121.1527658628584,0.0,-4.322111579524446e-06,-5.222421956899663e-05,4.291776332383607,-0.0009048669065241036,0.0,0.0,0.0,0.0,1.0,0.0,0.9980892016576771,-7.202204786907932e-05,0.0,0.0,-0.0004727557083037404,1.253933514926028e-08,-7.811785048167741e-13,-6.934596120972622e-10,2.161055789762223e-09,2.611210978449832e-08,2.191565610861905e-09,1.796617224142853e-07,0.000998087009310888,-2.523772298954619e-07,3.050549883714364e-11,1.535495604055674e-07,-0.0005252903857340674,6.016709565616216e-08,0.0,0.0,0.000998089201657677,-7.202204786907932e-08
1,125.8925411794163,0.0,-4.322988824245755e-06,-5.426735117334714e-05,4.291776318035884,-0.0009402673816175779,0.0,0.0,0.0,0.0,1.0,0.0,0.9980892005117327,-7.483971607270813e-05,0.0,0.0,-0.0004727557081299072,1.302990279322853e-08,-7.635692082544685e-13,-7.205893534218282e-10,2.161494412122877e-09,2.713367558667357e-08,2.194437815175823e-09,1.866905023147396e-07,0.0009980870053103489,-2.622508077408696e-07,3.29390798556805e-11,1.595567724607148e-07,-0.0005252903847798585,6.252097085672584e-08,0.0,0.0,0.0009980892005117326,-7.483971607270813e-08
1,130.8177474260189,0.0,-4.323936050765198e-06,-5.639041477099063e-05,4.29177630254357,-0.000977052804493131,0.0,0.0,0.0,0.0,1.0,0.0,0.9980891992743705,-7.776761791911737e-05,0.0,0.0,-0.0004727557079420852,1.353966256925193e-08,-7.445551273262946e-13,-7.487804731788168e-10,2.161968025382599e-09,2.819520738549532e-08,2.197539149699759e-09,1.939942642058897e-07,0.0009980870009906665,-2.725106625981859e-07,3.556680017790561e-11,1.657990004299797e-07,-0.0005252903837494605,6.496693505409092e-08,0.0,0.0,0.0009980891992743704,-7.776761791911737e-08
1,135.9356390878521,0.0,-4.324958843282545e-06,-5.859653748295721e-05,4.291776285815349,-0.001015277357454709,0.0,0.0,0.0,0.0,1.0,0.0,0.9980891979382973,-8.081006599885996e-05,0.0,0.0,-0.000472755707739303,1.4069365317225e-08,-7.240241951523153e-13,-7.780744949925781e-10,2.162479421641272e-09,2.92982687414786e-08,2.200887894078105e-09,2.015837660079199e-07,0.0009980869963263793,-2.831719065017725e-07,3.840414729544723e-11,1.722854386699038e-07,-0.0005252903826368505,6.7508590979042e-08,0.0,0.0,0.0009980891979382972,-8.081006599885997e-08
1,141.2537544622749,0.0,-4.326063228310417e-06,-6.088896877012745e-05,4.291776267752637,-0.001054997342537452,0.0,0.0,0.0,0.0,1.0,0.0,0.9980891964956391,-8.39715416205384e-05,0.0,0.0,-0.000472755707520256,1.461979125158249e-08,-7.018554047025139e-13,-8.085145669939934e-10,2.163031614155209e-09,3.044448438506373e-08,2.204503784140416e-09,2.094701865145627e-07,0.0009980869912899995,-2.942502427020951e-07,4.146784421662161e-11,1.790256412405303e-07,-0.0005252903814354504,7.01496823091272e-08,0.0,0.0,0.0009980891964956392,-8.397154162053841e-08
1,146.7799267622064,0.0,-4.327255716196632e-06,-6.327108521940762e-05,4.291776248248964,-0.001096271264435799,0.0,0.0,0.0,0.0,1.0,0.0,0.998089194937892,-8.725670141139052e-05,0.0,0.0,-0.0004727557072839728,1.519175111045873e-08,-6.779180955954576e-13,-8.401455253757445e-10,2.163627858098316e-09,3.163554260970381e-08,2.208408133756415e-09,2.176651418585091e-07,0.00099808698585184,-3.057619887952754e-07,4.477594802989888e-11,1.860295359777201e-07,-0.0005252903801383768,7.289409918282916e-08,0.0,0.0,0.0009980891949378922,-8.725670141139052e-08
1,152.5222956539013,0.0,-4.328543335319068e-06,-6.574639551714921e-05,4.29177622718939,-0.001139159916675871,0.0,0.0,0.0,0.0,1.0,0.0,0.9980891932558758,-9.067038417610075e-05,0.0,0.0,-0.0004727557070286215,1.578608734978729e-08,-6.520711840012805e-13,-8.730139604340823e-10,2.164271667659534e-09,3.287319775857461e-08,2.212623952840389e-09,2.261807026209713e-07,0.0009980869799798527,-3.177241007575061e-07,4.834795633027334e-11,1.933074391160011e-07,-0.0005252903787376362,7.574588392926171e-08,0.0,0.0,0.0009980891932558757,-9.067038417610075e-08
1,158.4893192461107,0.0,-4.329933674496189e-06,-6.831854561713179e-05,4.29177620444978,-0.001183726471159001,0.0,0.0,0.0,0.0,1.0,0.0,0.9980891914396763,-9.421761802393456e-05,0.0,0.0,-0.0004727557067528976,1.640367538431945e-08,-6.241623311101809e-13,-9.071682851944378e-10,2.164966837248095e-09,3.415927280856589e-08,2.21717608953922e-09,2.350294116105881e-07,0.0009980869736394254,-3.301541979197172e-07,5.220492213579845e-11,2.008700704834766e-07,-0.0005252903772251794,7.87092370223779e-08,0.0,0.0,0.0009980891914396764,-9.421761802393455e-08
1,164.6897865482862,0.0,-4.331434928062095e-06,-7.099132411072522e-05,4.291776179896113,-0.001230036571208342,0.0,0.0,0.0,0.0,1.0,0.0,0.9980891894785893,-9.790362777469693e-05,0.0,0.0,-0.00047275570645533,1.704542487690995e-08,-5.940270452654768e-13,-9.426588067219329e-10,2.165717464031047e-09,3.549566205536261e-08,2.222091373818871e-09,2.442243023378673e-07,0.000998086966793189,-3.430705889192863e-07,5.636957797159066e-11,2.087285692911806e-07,-0.0005252903755921523,8.178852326773249e-08,0.0,0.0,0.0009980891894785892,-9.790362777469694e-08
1,171.1328304161774,0.0,-4.333055944050201e-06,-7.376866780713616e-05,4.291776153383675,-0.001278158428255531,0.0,0.0,0.0,0.0,1.0,0.0,0.9980891873610563,-0.0001017338426544183,0.0,0.0,-0.000472755706133976,1.771228107840797e-08,-5.614877124693395e-13,-9.79537800221874e-10,2.166527972025101e-09,3.688433390356808e-08,2.227398775241212e-09,2.537789182123637e-07,0.0009980869594007936,-3.56492298667004e-07,6.08664698526332e-11,2.168945105401279e-07,-0.0005252903738288406,8.498827823146877e-08,0.0,0.0,0.0009980891873610563,-1.017338426544183e-07
1,177.8279410038916,0.0,-4.334806277261904e-06,-7.665466753196121e-05,4.291776124756205,-0.001328162922309859,0.0,0.0,0.0,0.0,1.0,0.0,0.9980891850745969,-0.0001057139042921046,0.0,0.0,-0.0004727557057869203,1.840522621991496e-08,-5.263525495471343e-13,-1.017859586039384e-09,2.167403138630952e-09,3.832733376598061e-08,2.23312957548854e-09,2.637073324908726e-07,0.0009980869514186691,-3.704390963690166e-07,6.572210195505665e-11,2.253799220702245e-07,-0.0005252903719248081,8.831321492083359e-08,0.0,0.0,0.0009980891850745969,-1.057139042921046e-07
1,184.7849797422283,0.0,-4.33669624300137e-06,-7.96535741525815e-05,4.291776093844974,-0.001380123706357857,0.0,0.0,0.0,0.0,1.0,0.0,0.9980891826057348,-0.0001098496750293259,0.0,0.0,-0.0004727557054121645,1.912528095951698e-08,-4.884144738004842e-13,-1.057680609671605e-09,2.168348121500685e-09,3.982678707629075e-08,2.239317551192247e-09,2.740241690060119e-07,0.0009980869427997695,-3.849315246450093e-07,7.096509282856582e-11,2.34197302276147e-07,-0.0005252903698688971,9.17682307259918e-08,0.0,0.0,0.0009980891826057348,-1.098496750293258e-07
1,192.0141938638794,0.0,-4.338736981912561e-06,-8.276980483927645e-05,4.291776060467791,-0.001434117314847092,0.0,0.0,0.0,0.0,1.0,0.0,0.9980891799399185,-0.0001141472465548837,0.0,0.0,-0.0004727557050075992,1.987350588565293e-08,-4.474498824869687e-13,-1.09905952491038e-09,2.16936849095628e-09,4.138490241963823e-08,2.245999174268825e-09,2.847446237057236e-07,0.0009980869334932948,-3.999909297855177e-07,7.662634407070617e-11,2.433596385162804e-07,-0.0005252903676490062,9.535841463335882e-08,0.0,0.0,0.0009980891799399186,-1.141472465548837e-07
1,199.5262314968871,0.0,-4.340940520375369e-06,-8.600794957127592e-05,4.291776024427945,-0.001490223276413923,0.0,0.0,0.0,0.0,1.0,0.0,0.9980891770614368,-0.000118612948877272,0.0,0.0,-0.000472755704570671,2.065100307926016e-08,-4.032173349328826e-13,-1.142057280237862e-09,2.170470260187685e-09,4.300397478563796e-08,2.253213823706049e-09,2.958844870354147e-07,0.0009980869234443963,-4.156394931929246e-07,8.273922245710932e-11,2.528804262418273e-07,-0.0005252903652519514,9.908905472130693e-08,0.0,0.0,0.0009980891770614369,-1.18612948877272e-07
1,207.3321573485946,0.0,-4.343319846444871e-06,-8.93727778973314e-05,4.291775985513013,-0.001548524231021214,0.0,0.0,0.0,0.0,1.0,0.0,0.9980891739533237,-0.0001232533596481448,0.0,0.0,-0.0004727557040989927,2.145891773701488e-08,-3.554561295116677e-13,-1.186737208602412e-09,2.171659923222435e-09,4.46863889486657e-08,2.261004023178591e-09,3.074601671956977e-07,0.0009980869125938451,-4.319002640524451e-07,8.933975660116395e-11,2.627736888742543e-07,-0.0005252903626637717,1.02965645948789e-07,0.0,0.0,0.0009980891739533237,-1.232533596481448e-07
1,215.4434690031875,0.0,-4.34588898334809e-06,-9.286924596076058e-05,4.291775943493632,-0.001609106051678517,0.0,0.0,0.0,0.0,1.0,0.0,0.9980891705972604,-0.0001280753138505216,0.0,0.0,-0.0004727557035895669,2.229843985803901e-08,-3.038847671009401e-13,-1.233165120706964e-09,2.172944491674045e-09,4.64346229803803e-08,2.269415687050951e-09,3.194887143099824e-07,0.0009980869008776882,-4.487971932812108e-07,9.646684930219215e-11,2.730539984603559e-07,-0.0005252903598690073,1.069938982489554e-07,0.0,0.0,0.0009980891705972605,-1.280753138505216e-07
1,223.872113856833,0.0,-4.348663073860948e-06,-9.650250379931698e-05,4.291775898122154,-0.001672057970924004,0.0,0.0,0.0,0.0,1.0,0.0,0.9980891669734667,-0.0001330859138659985,0.0,0.0,-0.0004727557030395346,2.317080599675695e-08,-2.481992919619921e-13,-1.281409401947412e-09,2.174331536930474e-09,4.825125189965849e-08,2.278498392517287e-09,3.319878455375103e-07,0.0009980868882268749,-4.663551688054561e-07,1.041625068336768e-10,2.837364971353479e-07,-0.0005252903568513378,1.111797449393097e-07,0.0,0.0,0.0009980891669734667,-1.330859138659985e-07
1,232.6305067153616,0.0,-4.351658468237929e-06,-0.0001002779029306248,4.291775849131159,-0.001737472712254335,0.0,0.0,0.0,0.0,1.0,0.0,0.9980891630605844,-0.0001382925399357871,0.0,0.0,-0.0004727557024456763,2.407730108416547e-08,-1.880715002632089e-13,-1.331541113143764e-09,2.175829234118964e-09,5.013895146531243e-08,2.288305672059864e-09,3.44975971168811e-07,0.0009980868745668406,-4.846000522177419e-07,1.124720865229229e-10,2.948369194255957e-07,-0.0005252903535929443,1.155293514608396e-07,0.0,0.0,0.0009980891630605843,-1.382925399357872e-07
1,241.7315480804093,0.0,-4.354892819913303e-06,-0.0001042010042343571,4.291775796231902,-0.001805446626696091,0.0,0.0,0.0,0.0,1.0,0.0,0.9980891588355512,-0.0001437028610309905,0.0,0.0,-0.0004727557018044393,2.50192603203493e-08,-1.231470056887499e-13,-1.383634095212552e-09,2.177446409956652e-09,5.210050211717856e-08,2.298895329012878e-09,3.584722217420091e-07,0.000998086859817076,-5.035587168682123e-07,1.214445640813459e-10,3.063716154238264e-07,-0.0005252903500746753,1.200491244589009e-07,0.0,0.0,0.0009980891588355512,-1.437028610309905e-07
1,251.1886431509569,0.0,-4.358385192526626e-06,-0.0001082775861427605,4.291775739112596,-0.001876079834719808,0.0,0.0,0.0,0.0,1.0,0.0,0.9980891542734656,-0.0001493248461481187,0.0,0.0,-0.0004727557011120764,2.599807114118317e-08,-5.304315073154961e-14,-1.437765077934701e-09,2.179192596263313e-09,5.413879307138023e-08,2.310329776755101e-09,3.724964762199129e-07,0.0009980868438906458,-5.232590874459664e-07,1.311328222609814e-10,3.183575748709465e-07,-0.0005252903462757141,1.247457212196797e-07,0.0,0.0,0.0009980891542734655,-1.493248461481187e-07
1,261.0157215682525,0.0,-4.362156170056863e-06,-0.0001125136531515864,4.291775677436591,-0.001949476373705631,0.0,0.0,0.0,0.0,1.0,0.0,0.9980891493474386,-0.00015516677604648,0.0,0.0,-0.0004727557003643967,2.701517526179544e-08,2.265324863980035e-14,-1.494013792979153e-09,2.181078085028432e-09,5.625682657579319e-08,2.322676409928003e-09,3.870693912693745e-07,0.0009980868266936825,-5.437301811088337e-07,1.415939625385037e-10,3.30812452179928e-07,-0.0005252903421736344,1.296260594753644e-07,0.0,0.0,0.0009980891493474387,-1.5516677604648e-07
1,271.2272579332016,0.0,-4.366227978058745e-06,-0.0001169154446639639,4.291775610840374,-0.002025744351177714,0.0,0.0,0.0,0.0,1.0,0.0,0.9980891440284375,-0.0001612372554447301,0.0,0.0,-0.0004727556995571258,2.807207080008647e-08,1.0438833823279e-13,-1.552463091348787e-09,2.183113989029373e-09,5.845772233198197e-08,2.336007996792423e-09,4.022124316860374e-07,0.0009980868081248292,-5.650021502221165e-07,1.528896416637584e-10,3.437545924386109e-07,-0.0005252903377443163,1.346973275933422e-07,0.0,0.0,0.0009980891440284376,-1.612372554447302e-07
1,281.8382931264441,0.0,-4.370624614002949e-06,-0.0001214894441802315,4.291775538931438,-0.002104996104032991,0.0,0.0,0.0,0.0,1.0,0.0,0.9980891382851125,-0.0001675452256945381,0.0,0.0,-0.0004727556986854065,2.917031448326974e-08,1.926438551542094e-13,-1.613199065421733e-09,2.185312307001475e-09,6.074472209011576e-08,2.350403112491002e-09,4.179479020092681e-07,0.0009980867880746442,-5.87106326769228e-07,1.650864350563564e-10,3.572030584297083e-07,-0.0005252903329616698,1.399669951636232e-07,0.0,0.0,0.0009980891382851125,-1.675452256945381e-07
1,292.8644564625223,0.0,-4.375371993159405e-06,-0.0001262423888472652,4.291775461285952,-0.002187348363998775,0.0,0.0,0.0,0.0,1.0,0.0,0.9980891320836125,-0.0001740999779500287,0.0,0.0,-0.0004727556977442704,3.031152394066135e-08,2.87939967102712e-13,-1.676311175767928e-09,2.187685996579702e-09,6.31211944236326e-08,2.365946601518858e-09,4.342989793738232e-07,0.0009980867664249513,-6.1007526849962e-07,1.782562291921154e-10,3.711776587078019e-07,-0.0005252903277974952,1.454428240005241e-07,0.0,0.0,0.0009980891320836125,-1.740999779500287e-07
1,304.3219887107707,0.0,-4.3804980944806e-06,-0.0001311812793813568,4.291775377446293,-0.002272922429562831,0.0,0.0,0.0,0.0,1.0,0.0,0.9980891253873875,-0.0001809111668523965,0.0,0.0,-0.0004727556967279167,3.149738008647175e-08,3.908383381649125e-13,-1.741892382927798e-09,2.1902490472403e-09,6.559063969067839e-08,2.382730073332727e-09,4.512897476466255e-07,0.0009980867430481532,-6.339428068819499e-07,1.924766452919877e-10,3.856989767746678e-07,-0.0005252903222213168,1.511328795749978e-07,0.0,0.0,0.0009980891253873875,-1.809111668523965e-07
1,316.2277660168364,0.0,-4.386033131131839e-06,-0.0001363133903792536,4.291775286918312,-0.002361844344628994,0.0,0.0,0.0,0.0,1.0,0.0,0.9980891181569703,-0.0001879888247498318,0.0,0.0,-0.0004727556956305168,3.272962959525614e-08,5.019454391840673e-13,-1.810039284347354e-09,2.19301656556592e-09,6.81566951896268e-08,2.400852448574556e-09,4.689452328989002e-07,0.000998086717806467,-6.587440969330794e-07,2.078314968106004e-10,4.007884013958829e-07,-0.0005252903162002998,1.570455428936534e-07,0.0,0.0,0.0009980891181569703,-1.879888247498318e-07
1,328.5993247600638,0.0,-4.392009726794655e-06,-0.0001416462810325441,4.29177518916845,-0.002454245084161447,0.0,0.0,0.0,0.0,1.0,0.0,0.9980891103497457,-0.0001953433764737036,0.0,0.0,-0.0004727556944455202,3.401008747476691e-08,6.21916122211929e-13,-1.880852256671459e-09,2.196004863397327e-09,7.082314051627204e-08,2.420420538709705e-09,4.872914402659109e-07,0.0009980866905511226,-6.845156689962859e-07,2.244112834207408e-10,4.164681581033578e-07,-0.0005252903096988892,1.631895228430217e-07,0.0,0.0,0.0009980891103497458,-1.953433764737036e-07
1,341.4548873833585,0.0,-4.398463104626771e-06,-0.0001471878062611582,4.291775083620588,-0.002550260747090923,0.0,0.0,0.0,0.0,1.0,0.0,0.9980891019196989,-0.0002029856546927473,0.0,0.0,-0.0004727556931660715,3.53406397392167e-08,7.51457480110683e-13,-1.954435603605071e-09,2.199231552313385e-09,7.359390313057908e-08,2.441549675200477e-09,5.063553922485493e-07,0.0009980866611214816,-7.112954825449019e-07,2.423137244052081e-10,4.32761341930164e-07,-0.000525290302678949,1.695738690161682e-07,0.0,0.0,0.000998089101919699,-2.029856546927473e-07
1,354.8133892335737,0.0,-4.405431303089458e-06,-0.0001529461282823718,4.291774969652624,-0.002650032756766805,0.0,0.0,0.0,0.0,1.0,0.0,0.9980890928171439,-0.0002109269158678613,0.0,0.0,-0.0004727556917845099,3.672324618673333e-08,8.913330140524201e-13,-2.030897709560428e-09,2.202715651544729e-09,7.64730641411859e-08,2.464364391780146e-09,5.261651685131673e-07,0.000998086629344085,-7.391229820905889e-07,2.616443345997044e-10,4.496919514258533e-07,-0.0005252902950989291,1.76207985041495e-07,0.0,0.0,0.000998089092817144,-2.109269158678613e-07
1,368.6945064519557,0.0,-4.412955389110351e-06,-0.0001589297286323531,4.291774846592862,-0.002753708069250314,0.0,0.0,0.0,0.0,1.0,0.0,0.9980890829884319,-0.000219178856831007,0.0,0.0,-0.0004727556902928143,3.815994328650887e-08,1.042367133478372e-12,-2.110351199316634e-09,2.206477694555176e-09,7.946486431617655e-08,2.48899915384404e-09,5.46749947248254e-07,0.0009980865950316455,-7.680391552785779e-07,2.825170462812273e-10,4.672849240023489e-07,-0.0005252902869142539,1.831016424326786e-07,0.0,0.0,0.0009980890829884318,-2.19178856831007e-07
1,383.1186849557268,0.0,-4.421079710104081e-06,-0.0001651474206579375,4.29177471371599,-0.002861439389755254,0.0,0.0,0.0,0.0,1.0,0.0,0.9980890723756333,-0.0002277536320126063,0.0,0.0,-0.0004727556886820472,3.965284717745887e-08,1.205450015039244e-12,-2.192913103927112e-09,2.21053985505204e-09,8.257371032896875e-08,2.515599157027966e-09,5.681400481388143e-07,0.000998086557981926,-7.98086593255348e-07,3.050548806671854e-10,4.855661726624253e-07,-0.0005252902780766566,1.90264994980369e-07,0.0,0.0,0.0009980890723756332,-2.277536320126063e-07
1,398.1071705534952,0.0,-4.429852149767655e-06,-0.0001716083624970244,4.291774570238855,-0.002973385397555084,0.0,0.0,0.0,0.0,1.0,0.0,0.9980890609161976,-0.0002366638713428067,0.0,0.0,-0.0004727556869427996,4.1204156785385e-08,1.381542849153954e-12,-2.278705033119492e-09,2.214926074883827e-09,8.580418124851221e-08,2.54432117789865e-09,5.903669770217337e-07,0.0009980865179765627,-8.293095533976598e-07,3.293906729828718e-10,5.045626241648589e-07,-0.0005252902685339844,1.977085937068346e-07,0.0,0.0,0.0009980890609161976,-2.366638713428067e-07
1,413.6820402388486,0.0,-4.439324411631418e-06,-0.0001783220705666983,4.291774415315819,-0.0030897109796872,0.0,0.0,0.0,0.0,1.0,0.0,0.9980890485425844,-0.000245922698852953,0.0,0.0,-0.0004727556850648018,4.281615706167659e-08,1.57168350510822e-12,-2.367853354442167e-09,2.219662205815709e-09,8.916103528334914e-08,2.575334500857651e-09,6.134634722878311e-07,0.000998086474779768,-8.617540244952264e-07,3.556678553706048e-10,5.243022586824117e-07,-0.00052529025823006,2.054434024058587e-07,0.0,0.0,0.0009980890485425844,-2.45922698852953e-07
1,429.8662347082254,0.0,-4.449552323704253e-06,-0.0001852984335789285,4.29177424803378,-0.003210587473798533,0.0,0.0,0.0,0.0,1.0,0.0,0.9980890351818653,-0.0002555437520046519,0.0,0.0,-0.0004727556830370072,4.449122234810501e-08,1.77699264808133e-12,-2.460489379421703e-09,2.224776161852127e-09,9.264921678946427e-08,2.608821913773538e-09,6.374635530989205e-07,0.0009980864281369439,-8.954677944829943e-07,3.840413022547577e-10,5.448141510110227e-07,-0.000525290247104182,2.134808137897899e-07,0.0,0.0,0.0009980890351818654,-2.555437520046519e-07
1,446.6835921509607,0.0,-4.460596168875952e-06,-0.0001925477271044697,4.291774067406808,-0.003336192920489802,0.0,0.0,0.0,0.0,1.0,0.0,0.9980890207552936,-0.0002655412017748728,0.0,0.0,-0.0004727556808473421,4.623181987454118e-08,1.998680344152689e-12,-2.556749557005675e-09,2.230298084437976e-09,9.627386355223487e-08,2.644980788217403e-09,6.624025694908267e-07,0.0009980863777731862,-9.305005208227056e-07,4.14678243144969e-10,5.66128513390865e-07,-0.0005252902350906252,2.218326662690616e-07,0.0,0.0,0.0009980890207552937,-2.655412017748728e-07
1,464.1588833612755,0.0,-4.472521036857913e-06,-0.0002000806287063992,4.291773872370303,-0.003466712325529788,0.0,0.0,0.0,0.0,1.0,0.0,0.9980890051778412,-0.0002759297735266438,0.0,0.0,-0.0004727556784830944,4.804051339195444e-08,2.238053192215643e-12,-2.656775674576219e-09,2.236260518428956e-09,1.000403143531996e-07,2.68402423929322e-09,6.883172544360966e-07,0.0009980863233916553,-9.669038036373164e-07,4.477592482572619e-10,5.882767400022685e-07,-0.0005252902221187794,2.305112613872463e-07,0.0,0.0,0.0009980890051778412,-2.759297735266438e-07
1,482.317848223928,0.0,-4.4853972127612e-06,-0.0002079082336655562,4.291773661774748,-0.003602337932325543,0.0,0.0,0.0,0.0,1.0,0.0,0.9980889883576962,-0.0002867247686960556,0.0,0.0,-0.0004727556759302753,4.991996694871581e-08,2.496522024831356e-12,-2.760715066830853e-09,2.2426986063806e-09,1.039541168327781e-07,2.726182384774344e-09,7.152457779430185e-07,0.000998086264671834,-1.004731261705905e-06,4.834792927619554e-10,6.112914532020072e-07,-0.0005252902081121502,2.39529381938292e-07,0.0,0.0,0.0009980889883576963,-2.867247686960556e-07
1,501.1872336272695,0.0,-4.499300585658617e-06,-0.0002160420713210286,4.291773434378922,-0.003743269505049393,0.0,0.0,0.0,0.0,1.0,0.0,0.9980889701957234,-0.000297942087327486,0.0,0.0,-0.0004727556731737581,5.187294881397325e-08,2.775610223408462e-12,-2.868720832838732e-09,2.249650292829308e-09,1.080210356605143e-07,2.771703698339438e-09,7.432278032705559e-07,0.000998086201267636,-1.044038611430881e-06,5.220489059306135e-10,6.352065515679702e-07,-0.0005252901929880538,2.489003107927431e-07,0.0,0.0,0.0009980889701957235,-2.97942087327486e-07
1,520.7948328595435,0.0,-4.514313100889566e-06,-0.0002244941220497114,4.291773188842583,-0.003889714622839343,0.0,0.0,0.0,0.0,1.0,0.0,0.9980889505848783,-0.0003095982514901968,0.0,0.0,-0.0004727556701972502,5.39023355547398e-08,3.076962696714485e-12,-2.980952061592625e-09,2.257156550444783e-09,1.122470610248557e-07,2.820856476856312e-09,7.72304545341891e-07,0.000998086132805365,-1.084883748893681e-06,5.63695411954614e-10,6.600572598229134e-07,-0.0005252901766574225,2.586378504596757e-07,0.0,0.0,0.0009980889505848784,-3.095982514901968e-07
1,541.1695265464607,0.0,-4.530523240564577e-06,-0.0002332768349099377,4.291772923718568,-0.004041888985505747,0.0,0.0,0.0,0.0,1.0,0.0,0.9980889294095773,-0.0003217104296107618,0.0,0.0,-0.0004727556669834321,5.601111627216953e-08,3.402355575634443e-12,-3.097574066389423e-09,2.265261620282288e-09,1.166384174549688e-07,2.87393042039398e-09,8.025188314425412e-07,0.0009980860588815123,-1.127326835119693e-06,6.086642697481728e-10,6.85880180710737e-07,-0.0005252901590240833,2.687563434139158e-07,0.0,0.0,0.0009980889294095774,-3.217104296107618e-07
1,562.341325190346,0.0,-4.548026544481942e-06,-0.0002424031459751138,4.291772637444279,-0.004200016731193878,0.0,0.0,0.0,0.0,1.0,0.0,0.9980889065450157,-0.0003342964617571109,0.0,0.0,-0.0004727556635131247,5.820239700409608e-08,3.753706681312692e-12,-3.218758628385172e-09,2.274013272240971e-09,1.212015729875569e-07,2.931238339949505e-09,8.339151642923116e-07,0.0009980859790603828,-1.171430384677808e-06,6.572205196319702e-10,7.127133489016089e-07,-0.0005252901399839527,2.792706932186288e-07,0.0,0.0,0.0009980889065450158,-3.34296461757111e-07
1,584.3414133735142,0.0,-4.566926175231245e-06,-0.0002518864973843392,4.291772328332448,-0.004364330766469724,0.0,0.0,0.0,0.0,1.0,0.0,0.9980888818564331,-0.0003473748859113889,0.0,0.0,-0.0004727556597660665,6.04794052989834e-08,4.133086828371984e-12,-3.344684249684119e-09,2.283463087615623e-09,1.259432486921696e-07,2.993118000404495e-09,8.665397875838771e-07,0.0009980858928715197,-1.21725935774495e-06,7.096503454234097e-10,7.4059628700521e-07,-0.0005252901194249815,2.901963864732581e-07,0.0,0.0,0.0009980888818564332,-3.473748859113889e-07
1,607.202195690985,0.0,-4.587333523486947e-06,-0.0002617408571380189,4.291771994561224,-0.004535073109314461,0.0,0.0,0.0,0.0,1.0,0.0,0.9980888551983189,-0.0003609649652702645,0.0,0.0,-0.0004727556557199697,6.284549496923071e-08,4.54273202982469e-12,-3.475536416335485e-09,2.293666761743474e-09,1.308704285690094e-07,3.059934110420645e-09,9.004407540843682e-07,0.000998085799806941,-1.264881255770969e-06,7.662627611396274e-10,7.695700637745022e-07,-0.0005252900972258778,3.015495156204488e-07,0.0,0.0,0.000998088855198319,-3.609649652702645e-07
1,630.9573444801896,0.0,-4.609368868147001e-06,-0.0002719807396675771,4.291771634163397,-0.004712495245531967,0.0,0.0,0.0,0.0,1.0,0.0,0.9980888264135536,-0.0003750867166128383,0.0,0.0,-0.0004727556513512143,6.530415103041818e-08,4.98505667560483e-12,-3.611507871626343e-09,2.304684434073501e-09,1.359903698337886e-07,3.132080475941384e-09,9.356679964001198e-07,0.0009980856993181343,-1.314366220884584e-06,8.273914322537036e-10,7.996773545855915e-07,-0.0005252900732558574,3.133468026443229e-07,0.0,0.0,0.0009980888264135535,-3.750867166128383e-07
1,655.6418494179751,0.0,-4.63316208221265e-06,-0.0002826212272095209,4.291771245014841,-0.00489685849909353,0.0,0.0,0.0,0.0,1.0,0.0,0.9980887953324841,-0.0003897609397778634,0.0,0.0,-0.0004727556466339322,6.785899483351338e-08,5.462667762387128e-12,-3.752798900074206e-09,2.316581041106325e-09,1.413106136047604e-07,3.2099823164941e-09,9.72273400508628e-07,0.0009980855908128354,-1.365787139186566e-06,8.933966422374706e-10,8.309625042826404e-07,-0.0005252900473736444,3.256056236959355e-07,0.0,0.0,0.0009980887953324842,-3.897609397778635e-07
1,681.2920690579573,0.0,-4.6588533992864e-06,-0.0002936779920152652,4.291770824821967,-0.005088434416964127,0.0,0.0,0.0,0.0,1.0,0.0,0.9980887617719228,-0.0004050092482936129,0.0,0.0,-0.0004727556415402845,7.051378939776365e-08,5.97838025855418e-12,-3.899617622538993e-09,2.3294266996432e-09,1.468389960076326e-07,3.294098774881848e-09,1.010310882165822e-06,0.0009980854736515285,-1.419219748081974e-06,9.646674159804242e-10,8.634715924801972e-07,-0.0005252900194266386,3.383440346812322e-07,0.0,0.0,0.000998088761771923,-4.05009248293613e-07
1,707.9457843841337,0.0,-4.686594240022046e-06,-0.000305167319429369,4.291770371108228,-0.005287505168976032,0.0,0.0,0.0,0.0,1.0,0.0,0.9980887255340696,-0.0004208541012054209,0.0,0.0,-0.0004727556360403506,7.327244495224311e-08,6.53523369486212e-12,-4.052180302890358e-09,2.343297120011023e-09,1.525836597146845e-07,3.384925619434446e-09,1.049836466300965e-06,0.0009980853471436846,-1.474742747809276e-06,1.041623812598714e-09,8.972525014189607e-07,-0.0005252899892502216,3.515807978499966e-07,0.0,0.0,0.0009980887255340695,-4.208541012054209e-07
1,735.6422544596369,0.0,-4.716548104521934e-06,-0.000317106131870097,4.291769881199501,-0.005494363963337409,0.0,0.0,0.0,0.0,1.0,0.0,0.9980886864053439,-0.0004373188361476727,0.0,0.0,-0.0004727556301015179,7.613902469399622e-08,7.136510078577697e-12,-4.210711666683805e-09,2.358274052260967e-09,1.585530659350485e-07,3.482998169709402e-09,1.090908369515867e-06,0.0009980852105436842,-1.532437917330223e-06,1.124719401146319e-09,9.323549864746863e-07,-0.0005252899566663971,3.653354094238686e-07,0.0,0.0,0.0009980886864053439,-4.373188361476727e-07
1,764.4222742525956,0.0,-4.748891536454636e-06,-0.0003295120137475378,4.291769352208343,-0.005709315478386543,0.0,0.0,0.0,0.0,1.0,0.0,0.9980886441551267,-0.0004544277037088472,0.0,0.0,-0.0004727556236890085,7.911775077142427e-08,7.785753236658418e-12,-4.375445232316612e-09,2.374445768227318e-09,1.647560068737689e-07,3.588894451206834e-09,1.133587085809653e-06,0.000998085063046429,-1.592390234750817e-06,1.214443933818325e-09,9.688307494238707e-07,-0.0005252899214832629,3.796281283049616e-07,0.0,0.0,0.0009980886441551266,-4.544277037088472e-07
1,794.3282347242767,0.0,-4.783815162001659e-06,-0.0003424032373558805,4.29176878101697,-0.00593267631122596,0.0,0.0,0.0,0.0,1.0,0.0,0.9980885985344028,-0.000472205903140094,0.0,0.0,-0.0004727556167649916,8.221301050196804e-08,8.486789701967781e-12,-4.546623655153413e-09,2.39190758100083e-09,1.712016186779403e-07,3.703238597463749e-09,1.177935475655015e-06,0.000998084903782596,-1.654688002450262e-06,1.311326232399878e-09,1.006733514573837e-06,-0.0005252898834933739,3.944800059071159e-07,0.0,0.0,0.0009980885985344029,-4.72205903140094e-07
1,825.4041852680133,0.0,-4.821524815845635e-06,-0.0003557987897778884,4.291768164258868,-0.006164775443895498,0.0,0.0,0.0,0.0,1.0,0.0,0.998088549274291,-0.0004906796194598025,0.0,0.0,-0.0004727556092884999,8.542936283135062e-08,9.243751265609981e-12,-4.72449908513063e-09,2.410762407922817e-09,1.778993948889442e-07,3.826704534591461e-09,1.224018858556792e-06,0.0009980847318135082,-1.719422977101726e-06,1.415937304970956e-09,1.046119107869059e-06,-0.0005252898424728258,4.099129171521274e-07,0.0,0.0,0.000998088549274291,-4.906796194598025e-07
1,857.6958985908889,0.0,-4.862242751757506e-06,-0.0003697184008410592,4.291767498298978,-0.006405954727768971,0.0,0.0,0.0,0.0,1.0,0.0,0.9980884960844608,-0.0005098760620086542,0.0,0.0,-0.000472755601215652,8.877154504814992e-08,1.006109932828542e-11,-4.909333538368821e-09,2.431121375878753e-09,1.848592004205296e-07,3.960019949365757e-09,1.27190510922883e-06,0.0009980845461256113,-1.786690504775853e-06,1.528893711233824e-09,1.087045539089901e-06,-0.0005252897981798954,4.259495926800115e-07,0.0,0.0,0.000998088496084461,-5.098760620086542e-07
1,891.25093813374,0.0,-4.906208955546276e-06,-0.0003841825721665178,4.291766779212241,-0.006656569386885543,0.0,0.0,0.0,0.0,1.0,0.0,0.9980884386514203,-0.0005298235045117599,0.0,0.0,-0.0004727555924987359,9.224447975754967e-08,1.094365119416822e-11,-5.101399283343322e-09,2.453104477773138e-09,1.920912860832589e-07,4.103970580377968e-09,1.321664757530285e-06,0.0009980843456244913,-1.856589661325389e-06,1.650861196294903e-09,1.129573087264455e-06,-0.0005252897503534582,4.426136523151807e-07,0.0,0.0,0.0009980884386514204,-5.298235045117599e-07
1,926.1187281287878,0.0,-4.953682553709982e-06,-0.000399212607353277,4.2917660027605,-0.006916988540954763,0.0,0.0,0.0,0.0,1.0,0.0,0.9980883766366699,-0.0005505513267066973,0.0,0.0,-0.0004727555830865426,9.585328213058616e-08,1.189660846225269e-11,-5.300979242184974e-09,2.476841276854991e-09,1.996063036766385e-07,4.259404845358173e-09,1.373371092308107e-06,0.0009980841291284334,-1.92922339825699e-06,1.782558614314583e-09,1.173764389418862e-06,-0.000525289698711795,4.59929639844126e-07,0.0,0.0,0.00099808837663667,-5.505513267066974e-07
1,962.3506263980825,0.0,-5.004943347763913e-06,-0.0004148306433421386,4.291765164367495,-0.007187595748802655,0.0,0.0,0.0,0.0,1.0,0.0,0.9980883096747069,-0.0005720900575985256,0.0,0.0,-0.0004727555729233668,9.96032674350166e-08,1.29255876824726e-11,-5.508367407705796e-09,2.502471673881956e-09,2.074153216710693e-07,4.427238843840725e-09,1.42710026929805e-06,0.000998083895361451,-2.004698694304282e-06,1.924762165146278e-09,1.219684532796338e-06,-0.0005252896429502885,4.779230591494361e-07,0.0,0.0,0.000998088309674707,-5.720900575985256e-07
1,999.9999999999936,0.0,-5.060293459147047e-06,-0.000431059683005243,4.291764259091892,-0.007468789573056123,0.0,0.0,0.0,0.0,1.0,0.0,0.9980882373708695,-0.0005944714204052368,0.0,0.0,-0.0004727555619494783,1.034999588609277e-07,1.403665345724132e-11,-5.723869276767674e-09,2.530146729573524e-09,2.155298415026215e-07,4.608461758619663e-09,1.482931423242507e-06,0.0009980836429457642,-2.083126712924511e-06,2.078309968930103e-09,1.267401150680202e-06,-0.0005252895827405069,4.966204117575618e-07,0.0,0.0,0.0009980882373708695,-5.944714204052368e-07
1,1039.122303835162,0.0,-5.120059109797737e-06,-0.000447923629009051,4.291763281598183,-0.007760984166893954,0.0,0.0,0.0,0.0,1.0,0.0,0.9980881592990137,-0.0006177283792595658,0.0,0.0,-0.0004727555501002068,1.075490956529025e-07,1.523635418346717e-11,-5.947802300636881e-09,2.560029554898868e-09,2.239618145045255e-07,4.804141680719752e-09,1.540946784389612e-06,0.0009980833703936876,-2.164622965949815e-06,2.2441070055976e-09,1.316984521961457e-06,-0.0005252895177275396,5.160492358541563e-07,0.0,0.0,0.0009980881592990137,-6.177283792595658e-07
1,1079.775162327703,0.0,-5.184592546614297e-06,-0.0004654473190003811,4.291762226125222,-0.008064609883724407,0.0,0.0,0.0,0.0,1.0,0.0,0.9980880749990003,-0.0006418951877356102,0.0,0.0,-0.000472755537305608,1.117566415588284e-07,1.653176064565422e-11,-6.180496352992912e-09,2.592296273307149e-09,2.327236595001906e-07,5.015431906847579e-09,1.601231799544365e-06,0.000998083076098855,-2.249307483632969e-06,2.423130448393685e-09,1.368507674596855e-06,-0.00052528944752811,5.362381468219067e-07,0.0,0.0,0.0009980880749990003,-6.418951877356103e-07
1,1122.018454301956,0.0,-5.254274114907531e-06,-0.000483656562167056,4.291761086452285,-0.008380113910683065,0.0,0.0,0.0,0.0,1.0,0.0,0.9980879839739838,-0.0006670074392713898,0.0,0.0,-0.0004727555234902703,1.161287936097665e-07,1.793050768749478e-11,-6.422294216286554e-09,2.627137057453766e-09,2.41828281083528e-07,5.243577734413529e-09,1.663875257849194e-06,0.0009980827583267577,-2.337304991336871e-06,2.616435422843227e-09,1.422046493109104e-06,-0.0005252893717285767,5.572168793646073e-07,0.0,0.0,0.0009980879839739838,-6.670074392713898e-07
1,1165.914401179824,0.0,-5.329514502383503e-06,-0.0005025781772266978,4.291759855862384,-0.008707960926878838,0.0,0.0,0.0,0.0,1.0,0.0,0.9980878856874823,-0.0006931021195611954,0.0,0.0,-0.0004727555085728419,1.206719912423744e-07,1.944083920749405e-11,-6.673552087169872e-09,2.664757251191752e-09,2.512890886133489e-07,5.489923805826664e-09,1.728969421478193e-06,0.0009980824152045155,-2.428745093126558e-06,2.825161225095859e-09,1.477679830286667e-06,-0.0005252892898821027,5.790163312752086e-07,0.0,0.0,0.0009980878856874823,-6.931021195611954e-07
1,1211.52765862858,0.0,-5.410757159429735e-06,-0.0005222400318992736,4.291758527102718,-0.009048633787352113,0.0,0.0,0.0,0.0,1.0,0.0,0.9980877795602183,-0.0007202176609944574,0.0,0.0,-0.0004727554924653932,1.253929257781939e-07,2.107165674374868e-11,-6.934640101749687e-09,2.705378579714868e-09,2.611200159496368e-07,5.755922026865341e-09,1.796610161436416e-06,0.0009980820447098484,-2.523762462532623e-06,3.050538036288693e-09,1.535489623246747e-06,-0.0005252892015063793,6.016686089143036e-07,0.0,0.0,0.0009980877795602184,-7.202176609944575e-07
1,1258.925411794159,0.0,-5.498480908361358e-06,-0.0005426710839211502,4.291757092341903,-0.009402634233745894,0.0,0.0,0.0,0.0,1.0,0.0,0.998087664966704,-0.0007483939992207938,0.0,0.0,-0.0004727554750730278,1.302985502727068e-07,2.283257193414093e-11,-7.205942881446157e-09,2.749240454180679e-09,2.713355419605751e-07,6.043140125356457e-09,1.866897098662942e-06,0.0009980816446591512,-2.622497040765182e-06,3.293894172488211e-09,1.595561014031282e-06,-0.0005252891060806009,6.252070744644836e-07,0.0,0.0,0.000998087664966704,-7.483939992207938e-07
1,1308.177474260185,0.0,-5.593202772269379e-06,-0.0005639014236606084,4.291755543123816,-0.009770483632729672,0.0,0.0,0.0,0.0,1.0,0.0,0.998087541231554,-0.0007776726319239863,0.0,0.0,-0.0004727554562931613,1.353960897499317e-07,2.473396316103735e-11,-7.487860100269604e-09,2.796601386134689e-09,2.819507118303043e-07,6.353270892402312e-09,1.939933750644133e-06,0.000998081212694625,-2.72509424266839e-06,3.556663912927348e-09,1.657982474912405e-06,-0.0005252890030422452,6.496663950298969e-07,0.0,0.0,0.000998087541231554,-7.776726319239863e-07
1,1359.356390878516,0.0,-5.695481016365633e-06,-0.0005859623183971186,4.291753870317784,-0.01015272374325565,0.0,0.0,0.0,0.0,1.0,0.0,0.9980874076255061,-0.0008080966798908218,0.0,0.0,-0.000472755436015132,1.406930518351411e-07,2.678703671422582e-11,-7.780807074360816e-09,2.847740508182817e-09,2.929811591985593e-07,6.688142156612844e-09,2.015827683751431e-06,0.0009980807462703872,-2.831705170716614e-06,3.840395952659706e-09,1.722845938590553e-06,-0.0005252888917840759,6.750825936538158e-07,0.0,0.0,0.0009980874076255062,-8.080966798908219e-07
1,1412.537544622744,0.0,-5.805918439127922e-06,-0.0006088862583290208,4.291752064064748,-0.01054991751376817,0.0,0.0,0.0,0.0,1.0,0.0,0.9980872633611237,-0.000839710950464004,0.0,0.0,-0.0004727554141195078,1.461972378048867e-07,2.90038928324339e-11,-8.085215374674749e-09,2.902959219563961e-09,3.044431291645104e-07,7.049727555264576e-09,2.094690671526219e-06,0.000998080242637462,-2.942486837364898e-06,4.14676252943022e-09,1.79024693347545e-06,-0.0005252887716503396,7.014931023264733e-07,0.0,0.0,0.0009980872633611239,-8.39710950464004e-07
1,1467.799267622059,0.0,-5.925165927678222e-06,-0.0006327070043767786,4.291750113719184,-0.01096264991053084,0.0,0.0,0.0,0.0,1.0,0.0,0.9980871075881547,-0.00087256200347182,0.0,0.0,-0.0004727553904770865,1.519167540664241e-07,3.139759701250262e-11,-8.401533463722613e-09,2.962582963839111e-09,3.163535021883893e-07,7.440158167528198e-09,2.176638859142947e-06,0.0009980796988275846,-3.05760239607849e-06,4.477569278532376e-09,1.860284724247553e-06,-0.0005252886419330194,7.289368170630217e-07,0.0,0.0,0.0009980871075881547,-8.725620034718199e-07
1,1525.222956539008,0.0,-6.053926289828482e-06,-0.000657459637851478,4.291748007786347,-0.01139152877827958,0.0,0.0,0.0,0.0,1.0,0.0,0.9980869393885204,-0.0009066982197307275,0.0,0.0,-0.0004727553649486183,1.578600240878395e-07,3.398225700630661e-11,-8.730227357324299e-09,3.026963144914241e-09,3.28729818925739e-07,7.861735072402007e-09,2.261792934290387e-06,0.0009980791116357048,-3.177221381378439e-06,4.834765873708539e-09,1.933062457905011e-06,-0.0005252885018675879,7.574541551314635e-07,0.0,0.0,0.0009980869393885206,-9.066982197307275e-07
1,1584.893192461102,0.0,-6.192958397432946e-06,-0.0006831806120610169,4.291745733854551,-0.01183718573445704,0.0,0.0,0.0,0.0,1.0,0.0,0.9980867577709065,-0.0009421698722207823,0.0,0.0,-0.0004727553373837234,1.640358007898302e-07,3.677310595900511e-11,-9.071781312361888e-09,3.096479198716473e-09,3.415903060305085e-07,8.316942908668394e-09,2.350278304720265e-06,0.0009980784776011044,-3.30151995825341e-06,5.220457516778884e-09,2.008687315509145e-06,-0.0005252883506286221,7.870871145110574e-07,0.0,0.0,0.0009980867577709066,-9.421698722207824e-07
1,1646.897865482857,0.0,-6.343081657034233e-06,-0.0007099078059290402,4.291743278522013,-0.0123002770983307,0.0,0.0,0.0,0.0,1.0,0.0,0.9980865616649209,-0.0009790292000375616,0.0,0.0,-0.0004727553076197544,1.704531794264599e-07,3.978659217836319e-11,-9.426698541564944e-09,3.171540828517116e-09,3.549539029645201e-07,8.80846451508923e-09,2.442225282721825e-06,0.0009980777929869975,-3.430681181300951e-06,5.636917343681041e-09,2.087270669849499e-06,-0.0005252881873246407,8.178793356737905e-07,0.0,0.0,0.000998086561664921,-9.790292000375616e-07
1,1711.328304161769,0.0,-6.505180844440517e-06,-0.0007376805797046709,4.291740627317878,-0.01278148485634757,0.0,0.0,0.0,0.0,1.0,0.0,0.9980863499147838,-0.001017330485228255,0.0,0.0,-0.0004727552754814623,1.771216109625875e-07,4.304047606392411e-11,-9.795501956400793e-09,3.252590422220258e-09,3.688402898523354e-07,9.33919674764247e-09,2.537769276790895e-06,0.0009980770537585133,-3.564895263975551e-06,6.086599819998282e-09,2.16892824925798e-06,-0.0005252880109933022,8.498761657718028e-07,0.0,0.0,0.0009980863499147838,-1.017330485228255e-06
1,1778.27941003891,0.0,-6.680211309006978e-06,-0.0007665398328439608,4.291737764616942,-0.01328151766512903,0.0,0.0,0.0,0.0,1.0,0.0,0.9980861212725206,-0.001057130132623643,0.0,0.0,-0.00047275524077936,1.840509159781092e-07,4.655393476695958e-11,-1.017873493918578e-08,3.340105654503489e-09,3.832699164219804e-07,9.912267539853304e-09,2.637050990772139e-06,0.0009980762555589155,-3.704359858334967e-06,6.572155204878611e-09,2.253780307810325e-06,-0.0005252878205952993,8.831247253298074e-07,0.0,0.0,0.0009980861212725207,-1.057130132623643e-06
1,1847.849797422278,0.0,-6.869204611126278e-06,-0.0007965280641470912,4.291734673547597,-0.01380111189356327,0.0,0.0,0.0,0.0,1.0,0.0,0.9980858743906047,-0.00109848675278195,0.0,0.0,-0.0004727552033089444,1.912512991113745e-07,5.034767519763045e-11,-1.057696214558083e-08,3.434602305563139e-09,3.982640320735456e-07,1.053105434296315e-08,2.740216630763778e-06,0.000998075393683937,-3.84928034569131e-06,7.09644516853625e-09,2.341951802162169e-06,-0.000525287615008585,9.176739775369931e-07,0.0,0.0,0.0009980858743906047,-1.09848675278195e-06
1,1920.141938638787,0.0,-7.07327459736895e-06,-0.0008276894342384936,4.291731335892372,-0.01434103270550714,0.0,0.0,0.0,0.0,1.0,0.0,0.9980856078140176,-0.001141461248164902,0.0,0.0,-0.0004727551628493365,1.987333640670382e-07,5.444405604491563e-11,-1.099077033868096e-08,3.536637298684475e-09,4.138447171192468e-07,1.119920402705769e-08,2.847418120084972e-06,0.0009980744630540468,-3.999870138588556e-06,7.662559655316205e-09,2.433572575276291e-06,-0.0005252873930213786,9.535748002377237e-07,0.0,0.0,0.0009980856078140176,-1.141461248164902e-06
1,1995.262314968865,0.0,-7.293623964788054e-06,-0.0008600698304803782,4.291727731980618,-0.01490207518466724,0.0,0.0,0.0,0.0,1.0,0.0,0.9980853199716759,-0.001186116902670932,0.0,0.0,-0.0004727551191621993,2.065081292091644e-07,5.886721952790856e-11,-1.142076925595924e-08,3.646811982394027e-09,4.300349152401891e-07,1.192065436774825e-08,2.958813322617443e-06,0.000998073458184528,-4.156350994544335e-06,8.273835091633165e-09,2.528777547307424e-06,-0.0005252871533255599,9.908800607292363e-07,0.0,0.0,0.000998085319971676,-1.186116902670932e-06
1,2073.32157348594,0.0,-7.531551348360921e-06,-0.000893716934413518,4.291723840572584,-0.01548506550328815,0.0,0.0,0.0,0.0,1.0,0.0,0.9980850091671731,-0.001232519474655084,0.0,0.0,-0.0004727550719899332,2.14587043760291e-07,6.364323365433803e-11,-1.186759251037781e-08,3.765775674180461e-09,4.46858467206759e-07,1.26996572522547e-08,3.074566274844558e-06,0.0009980723731531549,-4.318953342010021e-06,8.933874046009143e-09,2.627706913920865e-06,-0.00052528689450837,1.029644693469555e-06,0.0,0.0,0.0009980850091671732,-1.232519474655084e-06
1,2154.434690031867,0.0,-7.788458971980106e-06,-0.0009286802918226558,4.291719638734267,-0.01609086213633733,0.0,0.0,0.0,0.0,1.0,0.0,0.9980846735687837,-0.001280737293570101,0.0,0.0,-0.0004727550210546216,2.229820046326927e-07,6.880024582398906e-11,-1.233189852703307e-08,3.894229485990053e-09,4.643401459113279e-07,1.354080373180328e-08,3.194847426923238e-06,0.000998071201565298,-4.487916619020373e-06,9.646566456977924e-09,2.730506352331619e-06,-0.0005252866150444735,1.069925780811955e-06,0.0,0.0,0.0009980846735687836,-1.280737293570101e-06
1,2238.721138568323,0.0,-8.065860912731537e-06,-0.0009650113855275604,4.291715101702268,-0.01672035712293914,0.0,0.0,0.0,0.0,1.0,0.0,0.9980843111986692,-0.001330841360368154,0.0,0.0,-0.0004727549660560049,2.317053739168875e-07,7.436864868143558e-11,-1.281437151675954e-08,4.032930456365768e-09,4.825056927637802e-07,1.444905107642987e-08,3.319833893136597e-06,0.000998069936516242,-4.663489625021511e-06,1.041611255384761e-08,2.83732723536143e-06,-0.0005252863132869101,1.111782636882205e-06,0.0,0.0,0.0009980843111986693,-1.330841360368154e-06
1,2326.305067153608,0.0,-8.365392018427897e-06,-0.00100276371100443,4.291710202737895,-0.01737447737687571,0.0,0.0,0.0,0.0,1.0,0.0,0.9980839199212262,-0.001382905451807888,0.0,0.0,-0.0004727549066700365,2.407699970465764e-07,8.038125919454088e-11,-1.331572248817648e-08,4.182696009213949e-09,5.013818555022148e-07,1.542975197968839e-08,3.449709712088125e-06,0.0009980685705505057,-4.845930886384189e-06,1.12470476052695e-08,2.948326853822198e-06,-0.0005252859874572413,1.155276894715894e-06,0.0,0.0,0.0009980839199212263,-1.382905451807888e-06
1,2417.315480804085,0.0,-8.68881754612083e-06,-0.001041992854946281,4.291704912969604,-0.01805418604803959,0.0,0.0,0.0,0.0,1.0,0.0,0.9980834974305007,-0.001437006228816796,0.0,0.0,-0.0004727548425465522,2.501892216737363e-07,8.687351201295736e-11,-1.383669029972483e-08,4.344408773060415e-09,5.209964274731404e-07,1.648868610299286e-08,3.584666117011597e-06,0.0009980670956179101,-5.035509036128118e-06,1.214426864131032e-08,3.063668647545602e-06,-0.0005252856356351698,1.200472596784327e-06,0.0,0.0,0.0009980834974305007,-1.437006228816796e-06
1,2511.886431509561,0.0,-9.038043556008901e-06,-0.001082756576874943,4.2916992012229,-0.01876048393679286,0.0,0.0,0.0,0.0,1.0,0.0,0.9980830412366043,-0.001493223349064493,0.0,0.0,-0.0004727547733078818,2.599769172773915e-07,9.388366824481828e-11,-1.437804275330662e-08,4.51902177800445e-09,5.413782884374713e-07,1.763209412247017e-08,3.724901816584735e-06,0.0009980655030261503,-5.232503208402535e-06,1.311306330632922e-08,3.183522445390687e-06,-0.0005252852557473819,1.247436289042014e-06,0.0,0.0,0.0009980830412366043,-1.493223349064493e-06
1,2610.157215682516,0.0,-9.415128147338692e-06,-0.00112511489392131,4.291693033836665,-0.01949441096325892,0.0,0.0,0.0,0.0,1.0,0.0,0.9980825486510426,-0.001551639583908134,0.0,0.0,-0.0004727546985459352,2.70147495535231e-07,1.014530408804436e-10,-1.494057773120962e-08,4.707564073669346e-09,5.625574469606551e-07,1.886671450166723e-08,3.870623286648771e-06,0.0009980637833895828,-5.437203448288116e-06,1.415914101248601e-08,3.308064714573222e-06,-0.0005252848455551407,1.296237118620009e-06,0.0,0.0,0.0009980825486510427,-1.551639583908134e-06
1,2712.272579332007,0.0,-9.822293579375696e-06,-0.001169130168894878,4.291686374464834,-0.02025704769364716,0.0,0.0,0.0,0.0,1.0,0.0,0.9980820167708769,-0.00161234093987714,0.0,0.0,-0.000472754617819926,2.807159314821388e-07,1.096262381897239e-10,-1.552512437807043e-08,4.911146789687848e-09,5.845650844474391e-07,2.019982318943651e-08,4.022045073250854e-06,0.0009980619265739263,-5.649911137506067e-06,1.528866657723007e-08,3.437478819673247e-06,-0.0005252844026408521,1.346946935316777e-06,0.0,0.0,0.000998082016770877,-1.61234093987714e-06
1,2818.382931264432,0.0,-1.026193936670694e-05,-0.001214867201767838,4.291679183862267,-0.02104951692578727,0.0,0.0,0.0,0.0,1.0,0.0,0.9980814424616206,-0.001675416784870445,0.0,0.0,-0.0004727545306543179,2.916977854990066e-07,1.18451426525453e-10,-1.613254432970748e-08,5.13096968335347e-09,6.074336008839191e-07,2.163927648810411e-08,4.17939010744131e-06,0.0009980599216365595,-5.870939436641463e-06,1.650829654271477e-08,3.57195529169019e-06,-0.0005252839243945207,1.399640397024816e-06,0.0,0.0,0.0009980814424616206,-1.675416784870446e-06
1,2928.644564625213,0.0,-1.073665641260213e-05,-0.001262393324703582,4.291671419653555,-0.02187298533612774,0.0,0.0,0.0,0.0,1.0,0.0,0.998080822338774,-0.0017409599792457,0.0,0.0,-0.0004727544365354108,3.031092261460318e-07,1.279806140788769e-10,-1.67637329907331e-08,5.368328206301065e-09,6.311966623517912e-07,2.319355733403451e-08,4.342890032273275e-06,0.0009980577567620548,-6.10061374450971e-06,1.78252183908376e-08,3.71169210752816e-06,-0.0005252834079977065,1.454395079242884e-06,0.0,0.0,0.000998080822338774,-1.7409599792457e-06
1,3043.219887107698,0.0,-1.124924227591251e-05,-0.001311778500764005,4.291663036083373,-0.02272866519053448,0.0,0.0,0.0,0.0,1.0,0.0,0.9980801527478864,-0.001809067011986335,0.0,0.0,-0.0004727543349084262,3.149670538872291e-07,1.382699572567755e-10,-1.741962086294003e-08,5.624621137956254e-09,6.558892503820024e-07,2.487182527217809e-08,4.512785542468345e-06,0.0009980554191925716,-6.33927217531762e-06,1.924719288461327e-08,3.856894980307841e-06,-0.0005252828504072049,1.511291588831253e-06,0.0,0.0,0.0009980801527478865,-1.809067011986335e-06
1,3162.277660168354,0.0,-1.180271764655849e-05,-0.001363095426434847,4.291653983746968,-0.02361781612130825,0.0,0.0,0.0,0.0,1.0,0.0,0.9980794297430284,-0.00187983814213895,0.0,0.0,-0.0004727542251746486,3.272887257347798e-07,1.493800914822085e-10,-1.810117492654419e-08,5.901358823279246e-09,6.815477132174237e-07,2.66839704109721e-08,4.689326737228232e-06,0.000998052895152709,-6.587266054293727e-06,2.078259978494257e-08,4.007777660915383e-06,-0.0005252822483371722,1.570413682170767e-06,0.0,0.0,0.0009980794297430285,-1.87983814213895e-06
1,3285.993247600628,0.0,-1.240034414218272e-05,-0.001416419638113058,4.291644209299115,-0.02454174697292438,0.0,0.0,0.0,0.0,1.0,0.0,0.9980786490635479,-0.001953377545720268,0.0,0.0,-0.0004727541066872343,3.400923808422746e-07,1.613764883644011e-10,-1.880940007646098e-08,6.200172071091359e-09,7.08209819056529e-07,2.86406716828558e-08,4.872773486689367e-06,0.0009980501697683536,-6.844960432486096e-06,2.244048721165263e-08,4.164562251213198e-06,-0.000525281598239502,1.631848387889439e-06,0.0,0.0,0.000998078649063548,-1.953377545720268e-06
1,3414.548873833574,0.0,-1.304564351412019e-05,-0.00147182962270526,4.291633655139921,-0.02550181771908639,0.0,0.0,0.0,0.0,1.0,0.0,0.998077806108975,-0.002029793468299888,0.0,0.0,-0.0004727539787480473,3.533968670949884e-07,1.743298413379681e-10,-1.954534061588817e-08,6.522821757060093e-09,7.359148113526299e-07,3.075345974213346e-08,5.063395812534679e-06,0.0009980472269790746,-7.112734621450457e-06,2.423062493906796e-08,4.327479529352427e-06,-0.0005252808962832867,1.695686134332419e-06,0.0,0.0,0.0009980778061089751,-2.029793468299888e-06
1,3548.133892335725,0.0,-1.374241840057522e-05,-0.001529406932491427,4.291622259075559,-0.026499441453774,0.0,0.0,0.0,0.0,1.0,0.0,0.9980768959119245,-0.002109198383472143,0.0,0.0,-0.0004727538406031906,3.672217687258113e-07,1.883164820386483e-10,-2.031008180957504e-08,6.87120920028761e-09,7.647034662457137e-07,3.303478488242825e-08,5.261474283294601e-06,0.0009980440494435255,-7.390982748576321e-06,2.616356193945049e-08,4.496769287641954e-06,-0.0005252801383321404,1.762020881953055e-06,0.0,0.0,0.0009980768959119246,-2.109198383472144e-06
1,3686.945064519545,0.0,-1.449477471182625e-05,-0.001589236304413103,4.291609953951952,-0.02753608645905749,0.0,0.0,0.0,0.0,1.0,0.0,0.9980759131088403,-0.002191709157437646,0.0,0.0,-0.00047275369143851,3.815874349947807e-07,2.034188298629252e-10,-2.110475149926436e-08,7.247387355913127e-09,7.946181522065514e-07,3.549809036346901e-08,5.467300424887286e-06,0.0009980406184373067,-7.680114333824195e-06,2.825068851255299e-08,4.672680683444429e-06,-0.0005252793199194139,1.830950260803613e-06,0.0,0.0,0.0009980759131088402,-2.191709157437646e-06
1,3831.186849557256,0.0,-1.530714581710058e-05,-0.001651405783950888,4.291596667259325,-0.02861327835254513,0.0,0.0,0.0,0.0,1.0,0.0,0.9980748519084076,-0.002277447219922631,0.0,0.0,-0.0004727535303751529,3.965150099820899e-07,2.197258773533923e-10,-2.193052178391188e-08,7.653572908550288e-09,8.257028919754443e-07,3.81578915822561e-08,5.681177146966943e-06,0.0009980369137427023,-7.980554888673485e-06,3.050430336641147e-08,4.855472603585716e-06,-0.0005252784362227425,1.902575713327078e-06,0.0,0.0,0.0009980748519084076,-2.277447219922631e-06
1,3981.071705534939,0.0,-1.618431865235692e-05,-0.001716006853761158,4.291582320705161,-0.02973260231742329,0.0,0.0,0.0,0.0,1.0,0.0,0.9980737060574485,-0.002366538741671615,0.0,0.0,-0.0004727533564639341,4.120264635225444e-07,2.373337142615593e-10,-2.278861076740961e-08,8.092159326178462e-09,8.580034268805791e-07,4.102986155393828e-08,5.903419185667545e-06,0.0009980329135296099,-8.292746538106569e-06,3.293768604350517e-08,5.045414042780111e-06,-0.0005252774820347361,1.977002642635254e-06,0.0,0.0,0.0009980737060574485,-2.366538741671615e-06
1,4136.820402388472,0.0,-1.713146190396309e-05,-0.001783134567247753,4.291566829753175,-0.0308957054181488,0.0,0.0,0.0,0.0,1.0,0.0,0.9980724688041,-0.002459114818756816,0.0,0.0,-0.0004727531686801456,4.281446233352429e-07,2.563460933662736e-10,-2.368028437666942e-08,8.565730951981542e-09,8.915672836238764e-07,4.413092320108877e-08,6.134353563348932e-06,0.0009980285942269925,-8.617148666482418e-06,3.556517511771615e-08,5.24278449659049e-06,-0.00052527645173292,2.054340566486285e-06,0.0,0.0,0.0009980724688041002,-2.459114818756816e-06
1,4298.662347082241,0.0,-1.81541564472365e-05,-0.001852887687249626,4.291550103125593,-0.03210429900494965,0.0,0.0,0.0,0.0,1.0,0.0,0.9980711328580585,-0.002555311663955459,0.0,0.0,-0.0004727529659173391,4.448932083896823e-07,2.768750413702529e-10,-2.460685825306226e-08,9.07707822361825e-09,9.264438436248132e-07,4.747934899893477e-08,6.374320065971534e-06,0.0009980239303841016,-8.954238588180057e-06,3.840225262129156e-08,5.447874369459035e-06,-0.0005252753392464837,2.134703277164142e-06,0.0,0.0,0.0009980711328580584,-2.555311663955459e-06
1,4466.835921509593,0.0,-1.925842820327262e-05,-0.001925368830031327,4.291532042265692,-0.03336016121039004,0.0,0.0,0.0,0.0,1.0,0.0,0.9980696903476561,-0.002655270805454039,0.0,0.0,-0.0004727527469807202,4.622968635468842e-07,2.990415184608641e-10,-2.556969972035388e-08,9.629214101636307e-09,9.626844150156636e-07,5.109486855761009e-08,6.623671738745607e-06,0.0009980188945206171,-9.304512243920002e-06,4.146563519745204e-08,5.660985398361113e-06,-0.0005252741380203652,2.218209007480605e-06,0.0,0.0,0.000998069690347656,-2.655270805454039e-06
1,4641.588833612739,0.0,-2.045078360990438e-05,-0.002000684614768804,4.291512540757634,-0.03466513954135848,0.0,0.0,0.0,0.0,1.0,0.0,0.9980681327735215,-0.002759139293146777,0.0,0.0,-0.0004727525105802932,4.803811955349582e-07,3.229761304057317e-10,-2.657022983243443e-08,1.022539180495219e-08,1.000342307384402e-06,5.499878476922634e-08,6.882775400721301e-06,0.0009980134569648827,-9.668484923700515e-06,4.477337251360696e-08,5.882431092652284e-06,-0.000525272840976837,2.304980603121771e-06,0.0,0.0,0.0009980681327735215,-2.759139293146777e-06
1,4823.178482239265,0.0,-2.173824792706114e-05,-0.002078945818728646,4.291491483699998,-0.03602115356993635,0.0,0.0,0.0,0.0,1.0,0.0,0.9980664509585446,-0.002867069912803351,0.0,0.0,-0.0004727522553232277,4.991728103026852e-07,3.48819897360575e-10,-2.760992550430672e-08,1.086912396353057e-08,1.039472909364323e-06,5.921409921450581e-08,7.15201217900537e-06,0.0009980075856792282,-1.004669201731303e-05,4.834495351254879e-08,6.112537190695228e-06,-0.0005252714404738734,2.395145701572423e-06,0.0,0.0,0.0009980664509585447,-2.867069912803351e-06
1,5011.87233627268,0.0,-2.312840658857951e-05,-0.002160267538344616,4.291468747029476,-0.0374301977267088,0.0,0.0,0.0,0.0,1.0,0.0,0.9980646349938619,-0.002979221408389259,0.0,0.0,-0.0004727519797056712,5.186993517901535e-07,3.767250838977052e-10,-2.869032172997205e-08,1.156420329428975e-08,1.080133769172308e-06,6.376564754781743e-08,7.431778063310933e-06,0.0009980012460713982,-1.043968979343016e-05,5.220142112475572e-08,6.351642133871087e-06,-0.0005252699282600193,2.488836917843547e-06,0.0,0.0,0.0009980646349938619,-2.979221408389259e-06
1,5207.948328595417,0.0,-2.462944984005233e-05,-0.002244769356401157,4.291444196790739,-0.03889434420018067,0.0,0.0,0.0,0.0,1.0,0.0,0.9980626741805384,-0.003095758712830233,0.0,0.0,-0.0004727516821037281,5.389895421895226e-07,4.068560951206461e-10,-2.981301389104465e-08,1.231472492002617e-08,1.122384678200579e-06,6.868024566397991e-08,7.722484481566734e-06,0.0009979944007909697,-1.084805620828801e-05,5.636549611428529e-08,6.600097558596798e-06,-0.0005252682954259569,2.586192037263863e-06,0.0,0.0,0.0009980626741805385,-3.095758712830233e-06
1,5411.695265464588,0.0,-2.625022093938334e-05,-0.002332575515538859,4.291417688348117,-0.0404157459460605,0.0,0.0,0.0,0.0,1.0,0.0,0.9980605569666073,-0.003216853187520037,0.0,0.0,-0.0004727513607639955,5.600732237323429e-07,4.393904441154181e-10,-3.097966016012687e-08,1.312511046969167e-08,1.166287757769429e-06,7.398684750381931e-08,8.024558897332096e-06,0.0009979870095095484,-1.127239174501226e-05,6.086171078397255e-08,6.85826880698715e-06,-0.0005252665323518535,2.687354215573454e-06,0.0,0.0,0.0009980605569666074,-3.216853187520037e-06
1,5623.413251903441,0.0,-2.800026818872148e-05,-0.002423815098302733,4.291389065534575,-0.04199663981027758,0.0,0.0,0.0,0.0,1.0,0.0,0.9980582708790987,-0.003342682870879115,0.0,0.0,-0.0004727510137936819,5.819814020637144e-07,4.745197964043441e-10,-3.219198400319308e-08,1.400013409436074e-08,1.211907549151367e-06,7.971671541767875e-08,8.338445429783893e-06,0.0009979790286834777,-1.17133202846662e-05,6.571655332305831e-08,7.12653545681743e-06,-0.0005252646286512952,2.79247218657624e-06,0.0,0.0,0.0009980582708790987,-3.342682870879115e-06
1,5843.414133735124,0.0,-2.988990110819323e-05,-0.002518622213959321,4.291358159732972,-0.04363934976969451,0.0,0.0,0.0,0.0,1.0,0.0,0.998055802450659,-0.003473432736279266,0.0,0.0,-0.0004727506391484226,6.047462912583609e-07,5.124510975160726e-10,-3.345177678546352e-08,1.494495055409661e-08,1.25931110697966e-06,8.590360408663394e-08,8.6646054970611e-06,0.0009979704112976708,-1.217149001012583e-05,7.09586236422829e-08,7.405291871459225e-06,-0.0005252625731093363,2.901700477619517e-06,0.0,0.0,0.000998055802450659,-3.473432736279266e-06
1,6072.021956909831,0.0,-3.193025108205738e-05,-0.002617136192313937,4.29132478888417,-0.04534629029457202,0.0,0.0,0.0,0.0,1.0,0.0,0.9980531371403311,-0.003609294959657029,0.0,0.0,-0.0004727502346215384,6.284013605428046e-07,5.534077902683852e-10,-3.476090048549821e-08,1.596512554102869e-08,1.308568096156969e-06,9.258395907973006e-08,9.003518483771103e-06,0.000997961106589042,-1.264757434391363e-05,7.661880160823247e-08,7.694947770477943e-06,-0.0005252603536173295,3.015199633176185e-06,0.0,0.0,0.000998053137140331,-3.609294959657029e-06
1,6309.573444801876,0.0,-3.413333682256159e-05,-0.00271950178476431,4.29128875641629,-0.04711996983693812,0.0,0.0,0.0,0.0,1.0,0.0,0.9980502592480331,-0.003750469197146004,0.0,0.0,-0.000472749797829991,6.529813827670095e-07,5.976311288809728e-10,-3.612129052250849e-08,1.706666841128079e-08,1.359750892382155e-06,9.979713120567501e-08,9.355682433480612e-06,0.0009979510597479568,-1.314227292114913e-05,8.273042866070233e-08,7.995928821596672e-06,-0.0005252579571013993,3.13313644678551e-06,0.0,0.0,0.000998050259248033,-3.750469197146004e-06
1,6556.418494179729,0.0,-3.651213504962669e-05,-0.002825869372831542,4.291249850088778,-0.04896299444909827,0.0,0.0,0.0,0.0,1.0,0.0,0.9980471518222355,-0.003897162873065031,0.0,0.0,-0.0004727493262010052,6.785224847070254e-07,6.453815975965523e-10,-3.753495870217305e-08,1.825606752481335e-08,1.412934686415771e-06,1.075856079116942e-07,9.721614767030743e-06,0.0009979402115959219,-1.365631259879795e-05,8.932950387442257e-08,8.308677254745599e-06,-0.0005252553694453099,3.255684201653418e-06,0.0,0.0,0.0009980471518222355,-3.897162873065031e-06
1,6812.920690579551,0.0,-3.90806567764912e-05,-0.00293639518441371,4.291207840744578,-0.05087807153660756,0.0,0.0,0.0,0.0,1.0,0.0,0.9980437965602976,-0.004049591478605863,0.0,0.0,-0.0004727488169567473,7.050621992424344e-07,6.969404420935812e-10,-3.900399628655548e-08,1.95403283882456e-08,1.468197592206855e-06,1.159952630792388e-07,1.010185302753234e-05,0.0009979284982376607,-1.419044850242476e-05,9.645489561012219e-08,8.633652498930294e-06,-0.0005252525754079473,3.383022920199624e-06,0.0,0.0,0.0009980437965602976,-4.049591478605863e-06
1,7079.457843841315,0.0,-4.185402967915586e-05,-0.003051241518011002,4.291162480963096,-0.05286801375009995,0.0,0.0,0.0,0.0,1.0,0.0,0.9980401737008805,-0.004207978881569767,0.0,0.0,-0.0004727482670977556,7.326395194805907e-07,7.526113226256792e-10,-4.053057719405842e-08,2.092701483957793e-08,1.525620759005501e-06,1.250756266834236e-07,1.049695565291198e-05,0.00099791585068552,-1.474546511167581e-05,1.041485699900329e-07,8.971331842664968e-06,-0.0005252495585332806,3.515339622818959e-06,0.0,0.0,0.0009980401737008805,-4.207978881569767e-06
1,7356.422544596346,0.0,-4.484858698927674e-05,-0.003170576975174868,4.291113503606133,-0.05493574302043683,0.0,0.0,0.0,0.0,1.0,0.0,0.9980362619078117,-0.004372557647507862,0.0,0.0,-0.0004727476733860092,7.612949548944405e-07,8.12722098525268e-10,-4.211696133570901e-08,2.242429349463837e-08,1.585288487587434e-06,1.348801758735569e-07,1.090750277689248e-05,0.0009979021944540368,-1.532217738573605e-05,1.124558375300498e-07,9.322211118728068e-06,-0.0005252463010541331,3.652828596194084e-06,0.0,0.0,0.0009980362619078117,-4.372557647507862e-06
1,7644.222742525932,0.0,-4.808196346872684e-05,-0.003294576701436236,4.291060620248302,-0.05708429474169407,0.0,0.0,0.0,0.0,1.0,0.0,0.9980320381447233,-0.00454356937262441,0.0,0.0,-0.0004727470323247773,7.910705895263978e-07,8.776267544656297e-10,-4.376549809446809e-08,2.404098173436342e-08,1.647288350718118e-06,1.454666491820352e-07,1.133409705930223e-05,0.0009978874491222967,-1.592143193002111e-05,1.214256193653953e-07,9.686805414007411e-06,-0.0005252427837872109,3.795691671418938e-06,0.0,0.0,0.0009980320381447233,-4.54356937262441e-06
1,7943.282347242741,0.0,-5.157319898962953e-05,-0.003423422635969455,4.291003519482772,-0.05931682210654973,0.0,0.0,0.0,0.0,1.0,0.0,0.9980274775397335,-0.004721265028805718,0.0,0.0,-0.000472746340139496,8.22010142348048e-07,9.477074796906164e-10,-4.547862995467801e-08,2.578659949481477e-08,1.711711317984727e-06,1.568973856871778e-07,1.177736454661657e-05,0.0009978715278615268,-1.654410820537697e-05,1.31110734619331e-07,1.006564980520921e-05,-0.0005252389860210538,3.944138512265542e-06,0.0,0.0,0.0009980274775397335,-4.721265028805718e-06
1,8254.041852680108,0.0,-5.534285035224684e-05,-0.003557303770249936,4.29094186509252,-0.06163660059866725,0.0,0.0,0.0,0.0,1.0,0.0,0.9980225532393844,-0.004905905321139796,0.0,0.0,-0.000472745592754259,8.541590298121078e-07,1.023376912299015e-09,-4.725889628923217e-08,2.767142517612342e-08,1.778651885124968e-06,1.692396911050135e-07,1.223795556363989e-05,0.0009978543369251924,-1.719111978106893e-05,1.415682105858437e-07,1.045930012121116e-05,-0.0005252348853938549,4.098386913885602e-06,0.0,0.0,0.0009980225532393843,-4.905905321139796e-06
1,8576.958985908861,0.0,-5.941311196311361e-05,-0.003696416415963192,4.290875294076478,-0.06404703264668034,0.0,0.0,0.0,0.0,1.0,0.0,0.9980172362509925,-0.005097761058292754,0.0,0.0,-0.000472744785768725,8.875644306942203e-07,1.105080561615551e-09,-4.910893731254673e-08,2.97065559815568e-08,1.848208207981596e-06,1.825662329221775e-07,1.271654563723942e-05,0.0009978357750986318,-1.786341563284472e-05,1.528596175279123e-07,1.086833373284141e-05,-0.0005252304577624267,4.258663112254816e-06,0.0,0.0,0.0009980172362509924,-5.097761058292754e-06
1,8912.509381337371,0.0,-6.380794609484042e-05,-0.003840964482421487,4.290803414519061,-0.06655165244438006,0.0,0.0,0.0,0.0,1.0,0.0,0.9980114952724879,-0.005297113536107447,0.0,0.0,-0.0004727439144319445,9.222753532705553e-07,1.193299422697771e-09,-5.103149820797096e-08,3.190397304742021e-08,1.920482241210743e-06,1.969554668891949e-07,1.321383645303992e-05,0.0009978157331050222,-1.856198148735534e-05,1.650514300336442e-07,1.129335037086469e-05,-0.000525225677060509,4.425202104668246e-06,0.0,0.0,0.000998011495272488,-5.297113536107447e-06
1,9261.187281287846,0.0,-6.855322347187887e-05,-0.003991159763741777,4.290725803290802,-0.06915413094167638,0.0,0.0,0.0,0.0,1.0,0.0,0.9980052965087676,-0.005504254934787475,0.0,0.0,-0.0004727429736147426,9.583427049201197e-07,1.288552798122719e-09,-5.302943343886498e-08,3.427661173593944e-08,1.995579881870889e-06,2.124920973134527e-07,1.373055684598242e-05,0.0009977940929642528,-1.928784121420876e-05,1.782154170239721e-07,1.173497297295177e-05,-0.0005252205151458911,4.598247981594649e-06,0.0,0.0,0.0009980052965087676,-5.504254934787475e-06
1,9623.506263980795,0.0,-7.367687499293396e-05,-0.004147222236033993,4.290642003566765,-0.07185828101085033,0.0,0.0,0.0,0.0,1.0,0.0,0.9979986034734901,-0.00571948873002511,0.0,0.0,-0.0004727419577793546,9.958193641964458e-07,1.391401343375e-09,-5.510571125322971e-08,3.683843749646698e-08,2.073611118016997e-06,2.29267573842191e-07,1.426746382563839e-05,0.0009977707273009923,-2.004205826691674e-05,1.924290626684894e-07,1.219384856039916e-05,-0.0005252149416352381,4.778054270173845e-06,0.0,0.0,0.00099799860347349,-5.71948873002511e-06
1,9999.999999999904,0.0,-7.920905547575963e-05,-0.00430938036484247,4.290551522148372,-0.07466806279252707,0.0,0.0,0.0,0.0,1.0,0.0,0.9979913767751738,-0.005943130118424802,0.0,0.0,-0.0004727408609469241,1.034760255452793e-06,1.502450353424446e-09,-5.726341839248777e-08,3.960452773787982e-08,2.154690182421235e-06,2.47380627587954e-07,1.482534363715309e-05,0.000997745498597939,-2.082573717397038e-05,2.077760206412049e-07,1.267064914535149e-05,-0.0005252089237258173,4.964884289671966e-06,0.0,0.0,0.0009979913767751737,-5.943130118424802e-06
1,10391.22303835159,0.0,-8.51823203646962e-05,-0.004477871423074608,4.290453826573251,-0.0775875892256799,0.0,0.0,0.0,0.0,1.0,0.0,0.997983573886359,-0.006175506457564186,0.0,0.0,-0.0004727396766630865,1.075222426092856e-06,1.622353309443383e-09,-5.950576501579514e-08,4.25911601823481e-08,2.238935711537304e-06,2.669378497011615e-07,1.54050128586672e-05,0.0009977182583899673,-2.164002508124718e-05,2.243466043363851e-07,1.316607266925848e-05,-0.0005252024260039012,5.159011519168671e-06,0.0,0.0,0.000997983573886359,-6.175506457564186e-06
1,10797.75162327699,0.0,-9.163181640992057e-05,-0.004652941819640046,4.290348341996415,-0.08062113176581331,0.0,0.0,0.0,0.0,1.0,0.0,0.9979751488945134,-0.006416957721021521,0.0,0.0,-0.0004727383979591382,1.117265126488604e-06,1.751815706077121e-09,-6.183608985211746e-08,4.581590820496029e-08,2.326470909820023e-06,2.880543157037008e-07,1.600731953603297e-05,0.0009976888463945157,-2.24861133469066e-05,2.422383158671275e-07,1.368084397327113e-05,-0.000525195410236462,5.360719977750422e-06,0.0,0.0,0.0009979751488945134,-6.416957721021521e-06
1,11220.18454301952,0.0,-9.859548743240687e-05,-0.004834847439009441,4.290234447824862,-0.08377312629526615,0.0,0.0,0.0,0.0,1.0,0.0,0.9979660522332365,-0.006667836968681829,0.0,0.0,-0.0004727370173122358,1.160949892650698e-06,1.89159918125367e-09,-6.425786559325059e-08,4.929774371620344e-08,2.417423719504721e-06,3.108542591987174e-07,1.663314435559895e-05,0.00099765708957322,-2.336523918987404e-05,2.615564168868723e-07,1.421571580124679e-05,-0.0005251878351480166,5.570304617483895e-06,0.0,0.0,0.0009979660522332365,-6.66783696868183e-06
1,11659.1440117982,0.0,-0.0001061142963367789,-0.00502385399188489,4.290111474086312,-0.08704817922931653,0.0,0.0,0.0,0.0,1.0,0.0,0.9979562303922352,-0.006928510832613239,0.0,0.0,-0.0004727355266005984,1.206340631717401e-06,2.042525972207327e-09,-6.677470454198768e-08,5.305714816838947e-08,2.511926995942445e-06,3.354717987903266e-07,1.728340185578517e-05,0.0009976228011194172,-2.427868739294039e-05,2.824145445077097e-07,1.477146983598873e-05,-0.0005251796561788202,5.788071729400691e-06,0.0,0.0,0.0009979562303922352,-6.928510832613239e-06
1,12115.27658628577,0.0,-0.0001142324646488113,-0.005220237377153105,4.289978697511299,-0.09045107382145151,0.0,0.0,0.0,0.0,1.0,0.0,0.9979456256044004,-0.007199360018779386,0.0,0.0,-0.0004727339170569056,1.253503710284959e-06,2.205483723203275e-09,-6.939036453077635e-08,5.711623232440566e-08,2.610118688576552e-06,3.620517223970013e-07,1.795904167810563e-05,0.000997585779365727,-2.522779206141579e-05,3.049353758401734e-07,1.53489177692917e-05,-0.0005251708252245191,6.014339362720583e-06,0.0,0.0,0.0009979456256044004,-7.199360018779386e-06
1,12589.25411794155,0.0,-0.000122997730953589,-0.005424284055267107,4.289835337306198,-0.09398677667077175,0.0,0.0,0.0,0.0,1.0,0.0,0.9979341755082032,-0.007480779824822389,0.0,0.0,-0.0004727321792157013,1.30250804566967e-06,2.381430672394842e-09,-7.210875512745471e-08,6.14988654767945e-08,2.712142027633553e-06,3.907503334227836e-07,1.866104985821663e-05,0.0009975458066054529,-2.621393843816647e-05,3.292513449483255e-07,1.594890240629903e-05,-0.0005251612903545144,6.249437757512369e-06,0.0,0.0,0.0009979341755082033,-7.480779824822389e-06
1,13081.77474260181,0.0,-0.00013246162968783,-0.005636291433172463,4.289680550593212,-0.09766044443404406,0.0,0.0,0.0,0.0,1.0,0.0,0.9979218127834882,-0.007773180674114139,0.0,0.0,-0.0004727303028594365,1.353425200144136e-06,2.571401247330225e-09,-7.493394414602747e-08,6.623081484391503e-08,2.818145716586231e-06,4.217363636085038e-07,1.939045015747617e-05,0.0009975026478211283,-2.723856477573634e-05,3.555054163025817e-07,1.65722988045985e-05,-0.0005251509955091493,6.493709790964496e-06,0.0,0.0,0.0009979218127834882,-7.77318067411414e-06
1,13593.56390878512,0.0,-0.0001426797918857581,-0.00585656826085855,4.289513427491334,-0.1014774307443524,0.0,0.0,0.0,0.0,1.0,0.0,0.9979084647585948,-0.008076988666228718,0.0,0.0,-0.0004727282769584062,1.406329478175448e-06,2.776512100859708e-09,-7.787016448196144e-08,7.133989594287904e-08,2.928284130429275e-06,4.551919577448018e-07,2.01483054353874e-05,0.0009974560493129514,-2.830316426609809e-05,3.838519191220129e-07,1.722001544838986e-05,-0.0005251398801726925,6.747511437383419e-06,0.0,0.0,0.000997908464758595,-8.076988666228718e-06
1,14125.3754462274,0.0,-0.0001537122695733917,-0.006085435039573713,4.289332985810518,-0.105443293337653,0.0,0.0,0.0,0.0,1.0,0.0,0.9978940529865807,-0.008392646143937066,0.0,0.0,-0.0004727260896058016,1.461298026698282e-06,2.99796862158735e-09,-8.09218212931508e-08,7.685613478669585e-08,3.042717519786856e-06,4.913137358276048e-07,2.093571906316853e-05,0.0009974057372193748,-2.940928702839876e-05,4.144574473292011e-07,1.789299545794664e-05,-0.0005251278790196212,7.011212242002095e-06,0.0,0.0,0.0009978940529865807,-8.392646143937065e-06
1,14677.99267622055,0.0,-0.0001656238856388992,-0.006323224441694485,4.28913816532904,-0.1095638013877656,0.0,0.0,0.0,0.0,1.0,0.0,0.9978784927881611,-0.008720612276763162,0.0,0.0,-0.0004727237279495422,1.518410938501809e-06,3.237071955571454e-09,-8.409349954954442e-08,8.28119428194496e-08,3.161612220847243e-06,5.303139386382531e-07,2.175383637853651e-05,0.0009973514159214783,-3.055854215484921e-05,4.475018301952944e-07,1.859221783446482e-05,-0.0005251149215350914,7.28519580866973e-06,0.0,0.0,0.0009978784927881612,-8.720612276763162e-06
1,15252.22956539003,0.0,-0.0001784846111532179,-0.006570281742183083,4.288927821621976,-0.1138449430494484,0.0,0.0,0.0,0.0,1.0,0.0,0.9978616927587914,-0.009061363661070134,0.0,0.0,-0.0004727211781163365,1.577751358648911e-06,3.495226578716445e-09,-8.7389971976471e-08,8.924230557660895e-08,3.285140871091542e-06,5.724216631936988e-07,2.260384618161348e-05,0.000997292766322177,-3.175259981466009e-05,4.831791791321756e-07,1.93186987402402e-05,-0.0005251009316036559,7.569860301330847e-06,0.0,0.0,0.0009978616927587914,-9.061363661070135e-06
1,15848.93192461097,0.0,-0.0001923699722403693,-0.006826965261501589,4.288700719406155,-0.1182929332081603,0.0,0.0,0.0,0.0,1.0,0.0,0.9978435542371344,-0.00941539493656128,0.0,0.0,-0.0004727184251313299,1.6394055940578e-06,3.773948462223649e-09,-9.081620741895003e-08,9.618498612018467e-08,3.413482630750794e-06,6.178841949839877e-07,2.348698227165582e-05,0.0009972294439906124,-3.299319341563606e-05,5.216990164938768e-07,2.007349281393977e-05,-0.0005250858270667569,7.865618959282394e-06,0.0,0.0,0.0009978435542371345,-9.41539493656128e-06
1,16468.97865482852,0.0,-0.0002073614887887487,-0.007093646819775867,4.288455525364498,-0.1229142214339174,0.0,0.0,0.0,0.0,1.0,0.0,0.9978239707319418,-0.009783219418985278,0.0,0.0,-0.000472715452831729,1.703463226124594e-06,4.07487387659072e-09,-9.437737965677288e-08,1.036807443943744e-07,3.546823409887934e-06,6.669684444383091e-07,2.440452502406465e-05,0.000997161077161381,-3.428212182270672e-05,5.632874926820163e-07,2.085769452052991e-05,-0.0005250695192461352,8.172900625964298e-06,0.0,0.0,0.0009978239707319418,-9.783219418985278e-06
1,17113.28304161763,0.0,-0.0002235471474092421,-0.0073707122019161,4.288190800409938,-0.1277155001352735,0.0,0.0,0.0,0.0,1.0,0.0,0.997802827304182,-0.0101653697487245,0.0,0.0,-0.0004727122437720721,1.770017226427646e-06,4.399768882978368e-09,-9.807887670289253e-08,1.117735737046211e-07,3.68535610095805e-06,7.199624955633734e-07,2.535780300686017e-05,0.0009970872645775016,-3.562125163228757e-05,6.08188698311425e-07,2.167243953518993e-05,-0.0005250519124284647,8.492150291051007e-06,0.0,0.0,0.000997802827304182,-1.01653697487245e-05
1,17782.79410038904,0.0,-0.0002410219112720657,-0.007658561633301461,4.28790499134618,-0.1327037129078609,0.0,0.0,0.0,0.0,1.0,0.0,0.9977799999009869,-0.01056239855481836,0.0,0.0,-0.0004727087791238371,1.83916407547717e-06,4.750539564308225e-09,-1.019263106207273e-07,1.205109556360329e-07,3.82928081665073e-06,7.771772753418919e-07,2.634819463548289e-05,0.0009970075731652098,-3.701251950092197e-05,6.566660786836352e-07,2.251890616027051e-05,-0.0005250329033112122,8.82382964549535e-06,0.0,0.0,0.000997779999900987,-1.056239855481836e-05
1,18478.49797422272,0.0,-0.0002598882696223104,-0.00795761026552243,4.287596421879453,-0.1378860630701154,0.0,0.0,0.0,0.0,1.0,0.0,0.9977553546377685,-0.01097487913382819,0.0,0.0,-0.0004727050385659182,1.91100388438354e-06,5.129243052226402e-09,-1.059255278993649e-07,1.299441348111552e-07,3.978805132761215e-06,8.389483530382834e-07,2.737712986442009e-05,0.0009969215355277831,-3.845793452614764e-05,7.090039583388453e-07,2.33983167740486e-05,-0.0005250123804044493,9.168417648967864e-06,0.0,0.0,0.0009977553546377685,-1.097487913382819e-05
1,19201.41938638781,0.0,-0.0002802568299593577,-0.00826828867154553,4.287263282932231,-0.1432700223767313,0.0,0.0,0.0,0.0,1.0,0.0,0.9977287470245809,-0.01140340614278444,0.0,0.0,-0.0004727010001679133,1.985640519466814e-06,5.538099410072423e-09,-1.100826204294067e-07,1.401284149796789e-07,4.134144335772765e-06,9.056378792491955e-07,2.844609191373973e-05,0.0009968286472447423,-3.995958067695358e-05,7.655091840125949e-07,2.43119393096783e-05,-0.0005249902233873949,9.52641110914601e-06,0.0,0.0,0.000997728747024581,-1.140340614278444e-05
1,19952.62314968858,0.0,-0.0003022469561055896,-0.008591043349517376,4.286903622206324,-0.1488633398980237,0.0,0.0,0.0,0.0,1.0,0.0,0.9977000211325311,-0.01184859630526743,0.0,0.0,-0.0004726966402626986,2.063181729532529e-06,5.979504436240313e-09,-1.144039371263606e-07,1.511234780527948e-07,4.295521674758689e-06,9.776366752127627e-07,2.955661902813839e-05,0.0009967283639617554,-4.151961927053219e-05,8.265128949127998e-07,2.526108876233636e-05,-0.0005249663024132767,9.898325271963382e-06,0.0,0.0,0.000997700021132531,-1.184859630526743e-05
1,20733.21573485933,0.0,-0.0003259874556031939,-0.008926337234257727,4.286515332939079,-0.1546740510506831,0.0,0.0,0.0,0.0,1.0,0.0,0.9976690086957445,-0.01231108912945763,0.0,0.0,-0.0004726919333108426,2.143739275876216e-06,6.456043456814571e-09,-1.188960962531003e-07,1.629937278015969e-07,4.463168617128864e-06,1.055366483646033e-06,3.071030626556971e-05,0.0009966200982555557,-4.314029149128044e-05,8.923724298570101e-07,2.624712872210361e-05,-0.0005249404773621791,1.028469442197495e-05,0.0,0.0,0.0009976690086957445,-1.231108912945763e-05
1,21544.3469003186,0.0,-0.0003516173200996953,-0.00927465021530114,4.286096141792616,-0.1607104867623494,0.0,0.0,0.0,0.0,1.0,0.0,0.9976355281440855,-0.0127915476367472,0.0,0.0,-0.0004726868517534732,2.22742906463326e-06,6.97050618111404e-09,-1.235659984980333e-07,1.758086600498476e-07,4.637325107650571e-06,1.139282393136698e-06,3.190880731190693e-05,0.0009965032162571302,-4.482392094715218e-05,9.63473381469593e-07,2.727147292960614e-05,-0.0005249125970355206,1.068607249155896e-05,0.0,0.0,0.0009976355281440855,-1.27915476367472e-05
1,22387.21138568315,0.0,-0.0003792865226630582,-0.009636479660131574,4.28564359581182,-0.1669812827489626,0.0,0.0,0.0,0.0,1.0,0.0,0.9975993835615014,-0.01329065909922713,0.0,0.0,-0.0004726813658540996,2.314371281390837e-06,7.52590269878431e-09,-1.284208408713003e-07,1.896432613315291e-07,4.818239830065787e-06,1.229875448952665e-06,3.315383631739715e-05,0.000996377034015248,-4.657291625749558e-05,1.040231808334473e-06,2.83355868508517e-05,-0.0005248824982883316,1.1103033677606e-05,0.0,0.0,0.0009975993835615014,-1.329065909922713e-05
1,23263.05067153601,0.0,-0.0004091568762074616,-0.01001234094101189,4.285155048382555,-0.1734953888799297,0.0,0.0,0.0,0.0,1.0,0.0,0.9975603635645139,-0.01380913578405106,0.0,0.0,-0.0004726754435283864,2.404690527719328e-06,8.125480702345645e-09,-1.33468131487629e-07,2.045784381037308e-07,5.006170470505944e-06,1.327675463991829e-06,3.444716974987907e-05,0.0009962408135812245,-4.838977366541776e-05,1.123096616731419e-06,2.94409892670322e-05,-0.000524850005095584,1.153617306403135e-05,0.0,0.0,0.000997560363564514,-1.380913578405106e-05
1,24173.15480804078,0.0,-0.0004414029574935086,-0.01040276796353443,4.284627644117023,-0.1802620786017073,0.0,0.0,0.0,0.0,1.0,0.0,0.9975182400950231,-0.01434771570232224,0.0,0.0,-0.0004726690501611897,2.49851595936039e-06,8.772744024625932e-09,-1.38715705311461e-07,2.207014787467543e-07,5.201383981767213e-06,1.433254044502091e-06,3.579064825884661e-05,0.0009960937587945454,-5.027707966648031e-05,1.212552124352325e-06,3.058925387431143e-05,-0.0005248149275470793,1.198610724815682e-05,0.0,0.0,0.000997518240095023,-1.434771570232224e-05
1,25118.86431509553,0.0,-0.0004762131014692805,-0.01080831369471065,4.284058302588446,-0.1872909583854059,0.0,0.0,0.0,0.0,1.0,0.0,0.9974727671212068,-0.01490716335975099,0.0,0.0,-0.0004726621484087701,2.595981425611987e-06,9.471472586281821e-09,-1.441717409477302e-07,2.381065507346403e-07,5.404156847355323e-06,1.547227846145977e-06,3.718617854343911e-05,0.0009959350107476483,-5.223751364413784e-05,1.309120819198012e-06,3.17820108877701e-05,-0.0005247770607652025,1.24534749686208e-05,0.0,0.0,0.0009974727671212067,-1.490716335975099e-05
1,26101.57215682508,0.0,-0.0005137904709855423,-0.01122955068806835,4.283443700832303,-0.1945919771583813,0.0,0.0,0.0,0.0,1.0,0.0,0.9974236792399085,-0.01548827050587909,0.0,0.0,-0.0004726546979872126,2.697225609570378e-06,1.022574385462457e-08,-1.49844778570273e-07,2.568952354927712e-07,5.614775344034173e-06,1.67026207697751e-06,3.863573521630885e-05,0.0009957636429067864,-5.427385050075823e-05,1.413366327694216e-06,3.302094864272398e-05,-0.0005247361837417142,1.293893773224482e-05,0.0,0.0,0.0009974236792399086,-1.548827050587909e-05
1,27122.72579331998,0.0,-0.0005543542072889984,-0.01166707160283412,4.282780254526256,-0.2021754356734438,0.0,0.0,0.0,0.0,1.0,0.0,0.9973706901734879,-0.01609185687816166,0.0,0.0,-0.0004726466554439146,2.802392168613221e-06,1.103995592120526e-08,-1.557437390894112e-07,2.771771036444992e-07,5.833535801417059e-06,1.80307426493467e-06,4.01413626540465e-05,0.0009955786558644751,-5.63889632712976e-05,1.525896606935857e-06,3.430781518555785e-05,-0.0005246920580857239,1.344318043670391e-05,0.0,0.0,0.0009973706901734878,-1.609185687816166e-05
1,28183.82931264423,0.0,-0.0005981406669484102,-0.01212148971383775,4.282064097755547,-0.2100519957621919,0.0,0.0,0.0,0.0,1.0,0.0,0.9973134911537002,-0.01671877093662759,0.0,0.0,-0.0004726379739121711,2.911629874568708e-06,1.191885231205344e-08,-1.618779446708199e-07,2.990703334742051e-07,6.060744856918873e-06,1.94643830848314e-06,4.170517682341804e-05,0.0009953789716975294,-5.858582570471645e-05,1.647367376868236e-06,3.564441984500945e-05,-0.0005246444266777395,1.396691198539933e-05,0.0,0.0,0.0009973134911537003,-1.671877093662759e-05
1,29286.44564625204,0.0,-0.0006454047512722827,-0.01259343940828332,4.281291061265235,-0.2182326894109863,0.0,0.0,0.0,0.0,1.0,0.0,0.9972517491847159,-0.01736989058420111,0.0,0.0,-0.0004726286028476634,3.02509275287334e-06,1.28675486510736e-08,-1.682571407295512e-07,3.227023756361414e-07,6.296719704141661e-06,2.101188830179524e-06,4.332936707106487e-05,0.0009951634279031876,-6.086751479599552e-05,1.778485809138549e-06,3.70326347734838e-05,-0.0005245930122238784,1.451086589058896e-05,0.0,0.0,0.000997251749184716,-1.736989058420111e-05
1,30432.19887107688,0.0,-0.0006964213345568293,-0.01308357666497764,4.280456649095076,-0.2267289275891249,0.0,0.0,0.0,0.0,1.0,0.0,0.997185105176967,-0.0180461238670519,0.0,0.0,-0.0004726184877450745,3.142940219861418e-06,1.389156130384428e-08,-1.748915195360793e-07,3.482106672784147e-07,6.541788332488821e-06,2.26822585399568e-06,4.501619786252504e-05,0.0009949307708842755,-6.323721324911302e-05,1.920014490295651e-06,3.847439644645956e-05,-0.0005245375157013066,1.507580085990771e-05,0.0,0.0,0.000997185105176967,-1.80461238670519e-05
1,31622.77660168344,0.0,-0.0007514867978941631,-0.01359257951098978,4.279556013487172,-0.2355525087487571,0.0,0.0,0.0,0.0,1.0,0.0,0.9971131719430385,-0.01874840964853986,0.0,0.0,-0.0004726075698336663,3.265337217339681e-06,1.499683813588342e-08,-1.817917455856533e-07,3.757433989470816e-07,6.79628975549489e-06,2.448519828407598e-06,4.676801045442513e-05,0.0009946796489527677,-6.569821184855067e-05,2.072775677973485e-06,3.997170710635074e-05,-0.0005244776146897667,1.566250136104952e-05,0.0,0.0,0.0009971131719430386,-1.874840964853986e-05
1,32859.93247600617,0.0,-0.0008109206755799736,-0.01412114845002424,4.278583927950881,-0.2447156269048776,0.0,0.0,0.0,0.0,1.0,0.0,0.997035532046384,-0.01947771824942635,0.0,0.0,-0.0004725957857508734,3.392454343329951e-06,1.618979152627483e-08,-1.889689828981978e-07,4.054603377899868e-07,7.06057422501212e-06,2.643117018365967e-06,4.858722448144854e-05,0.0009944086048195445,-6.825391171377309e-05,2.237655869655194e-06,4.152663613528799e-05,-0.0005244129615801507,1.627177815846648e-05,0.0,0.0,0.000997035532046384,-1.947771824942635e-05
1,34145.48873833563,0.0,-0.0008750674215221022,-0.01467000685602008,4.277534758363883,-0.2542308791912378,0.0,0.0,0.0,0.0,1.0,0.0,0.996951735493188,-0.02023505204602473,0.0,0.0,-0.0004725830671916675,3.524467977768925e-06,1.747733378431277e-08,-1.964349244336566e-07,4.375337107610511e-07,7.33500342801004e-06,2.853145290398749e-06,5.047633943718192e-05,0.0009941160675365742,-7.090782640764031e-05,2.415610704569913e-06,4.314132133916505e-05,-0.0005243431816525645,1.690446881512549e-05,0.0,0.0,0.000996951735493188,-2.023505204602473e-05
1,35481.33892335714,0.0,-0.0009442983033862706,-0.01523990132463001,4.276402431982667,-0.2641112727740764,0.0,0.0,0.0,0.0,1.0,0.0,0.9968612972572605,-0.02102144601684972,0.0,0.0,-0.0004725693405327469,3.661560401834602e-06,1.886691512341439e-08,-2.042018238271935e-07,4.721491516931353e-07,7.619950662315005e-06,3.079820316200474e-06,5.243793602514935e-05,0.000993800343856184,-7.366358386582625e-05,2.607670220208853e-06,4.481797012293301e-05,-0.0005242678710151993,1.756143815152995e-05,0.0,0.0,0.0009968612972572604,-2.102144601684972e-05
1,36869.45064519533,0.0,-0.001019013432521421,-0.0158316019742776,4.27518040423059,-0.2743702309900724,0.0,0.0,0.0,0.0,1.0,0.0,0.996763694627423,-0.02183796822708663,0.0,0.0,-0.0004725545264297193,3.80391990930859e-06,2.036656435284946e-08,-2.122825296702373e-07,5.095067162607103e-07,7.915800987138798e-06,3.324452221120016e-06,5.44746773532388e-05,0.0009934596089706568,-7.652492810999568e-05,2.814944485845547e-06,4.655886053449803e-05,-0.0005241865943955981,1.824357865302245e-05,0.0,0.0,0.000996763694627423,-2.183796822708663e-05
1,38311.86849557243,0.0,-0.001099643938031081,-0.01644590268743175,4.273861623126545,-0.2850215985576899,0.0,0.0,0.0,0.0,1.0,0.0,0.9966583643664578,-0.02268572023882515,0.0,0.0,-0.0004725385393858361,3.951740908201412e-06,2.198493245369754e-08,-2.20690522587151e-07,5.498219690155404e-07,8.222951343715875e-06,3.588452704945688e-06,5.658930994127398e-05,0.0009930918965939657,-7.949572070268629e-05,3.038629636286627e-06,4.836634215165541e-05,-0.0005240988827751036,1.895181081542838e-05,0.0,0.0,0.0009966583643664579,-2.268572023882515e-05
1,39810.71705534926,0.0,-0.001186654293607425,-0.01708362128155804,4.272438491212891,-0.2960796456919624,0.0,0.0,0.0,0.0,1.0,0.0,0.9965446996703214,-0.02356583743347421,0.0,0.0,-0.0004725212872901119,4.105224010682307e-06,2.373133921068177e-08,-2.294399553835591e-07,5.933271468037127e-07,8.541810640779021e-06,3.87334266329884e-06,5.878466450765381e-05,0.0009926950883462331,-8.257994189651157e-05,3.280014329840629e-06,5.02428367832535e-05,-0.000524004230856856,1.968708341765386e-05,0.0,0.0,0.0009965446996703215,-2.356583743347422e-05
1,41368.20402388459,0.0,-0.001280544805984496,-0.01774559959790575,4.270902824837449,-0.3075590709316018,0.0,0.0,0.0,0.0,1.0,0.0,0.9964220469160344,-0.0244794892310844,0.0,0.0,-0.0004725026709231361,4.264576109032359e-06,2.561582307593924e-08,-2.385456965712601e-07,6.402724029922479e-07,8.872799798952877e-06,4.180760338681601e-06,6.106365649674355e-05,0.0009922669024004288,-8.578169142439923e-05,3.540486655144393e-06,5.21908389521911e-05,-0.000523902094357459,2.045037370854846e-05,0.0,0.0,0.0009964220469160345,-2.44794892310844e-05
1,42986.62347082227,0.0,-0.001381854274054461,-0.01843270349484737,4.269245810641285,-0.3194750024638954,0.0,0.0,0.0,0.0,1.0,0.0,0.9962897021863982,-0.02542787918943288,0.0,0.0,-0.0004724825834299395,4.430010435086534e-06,2.764919444411069e-08,-2.48023377606452e-07,6.909271370272307e-07,9.216351747423687e-06,4.512470030876924e-06,6.342928630400992e-05,0.0009918048813499659,-8.910518887104925e-05,3.821541511995372e-06,5.421291612388274e-05,-0.0005237918871139335,2.124268749374714e-05,0.0,0.0,0.0009962897021863982,-2.542787918943288e-05
1,44668.35921509578,0.0,-0.00149116282778583,-0.01914582273089992,4.267457959102257,-0.3318429977070375,0.0,0.0,0.0,0.0,1.0,0.0,0.9961469075595613,-0.02641224496366345,0.0,0.0,-0.00047246090975539,4.601746600396001e-06,2.984309252007503e-08,-2.578894442128864e-07,7.455814138929152e-07,9.572911365449959e-06,4.870371396719506e-06,6.588463915072187e-05,0.0009913063792553623,-9.25547735585982e-05,4.124788491663753e-06,5.631170863944919e-05,-0.0005236729779933558,2.206505910651128e-05,0.0,0.0,0.0009961469075595612,-2.641224496366345e-05
1,46415.88833612725,0.0,-0.001609094956130486,-0.01988587072080567,4.265529054983603,-0.344679040881088,0.0,0.0,0.0,0.0,1.0,0.0,0.9959928471513939,-0.02743385810500165,0.0,0.0,-0.0004724375260442004,4.780010613852914e-06,3.221004596085953e-08,-2.681612121998511e-07,8.045474780652429e-07,9.942935360402832e-06,5.256509369413338e-06,6.843288455433982e-05,0.0009907685478279422,-9.613490387154133e-05,4.451960282252864e-06,5.848992930806629e-05,-0.0005235446875985206,2.29185512446578e-05,0.0,0.0,0.000995992847151394,-2.743385810500165e-05
1,48231.7848223925,0.0,-0.001736322733016049,-0.02065378414613,4.263448104538073,-0.3579995382675035,0.0,0.0,0.0,0.0,1.0,0.0,0.9958266428987345,-0.02849402367456804,0.0,0.0,-0.0004724122989994417,4.965034873228441e-06,3.476353747131852e-08,-2.788569282267487e-07,8.681613665080246e-07,1.0326892073065e-05,5.673084727315842e-06,7.107727533445836e-05,0.0009901883217088903,-9.985015593725316e-05,4.804921624484833e-06,6.075036260760921e-05,-0.0005234062847559728,2.380425465359562e-05,0.0,0.0,0.0009958266428987345,-2.849402367456804e-05
1,50118.72336272663,0.0,-0.001873569250322005,-0.02145052239972756,4.261203279321297,-0.3718213108229446,0.0,0.0,0.0,0.0,1.0,0.0,0.9956473500718194,-0.02959407964557816,0.0,0.0,-0.0004723850852011435,5.157058126786795e-06,3.751807252860975e-08,-2.89995836011765e-07,9.367846251610024e-07,1.072526119986378e-05,6.122465341476275e-06,7.3821146087309e-05,0.0009895624028028718,-0.0001037052215688989,5.185678842746036e-06,6.309586343692284e-05,-0.0005232569827799405,2.472328763329298e-05,0.0,0.0,0.0009956473500718193,-2.959407964557816e-05
1,52079.48328595401,0.0,-0.002021612266389861,-0.02227706684112547,4.258781856473799,-0.3861615837756222,0.0,0.0,0.0,0.0,1.0,0.0,0.9954539525046708,-0.03073539606422609,0.0,0.0,-0.0004723557303817627,5.356325400336648e-06,4.04892524027515e-08,-3.015982485319328e-07,1.01080613319493e-06,1.113853342056273e-05,6.607198130065545e-06,7.666791105433167e-05,0.0009888872436270087,-0.0001077049053670897,5.596389975258095e-06,6.552935535670209e-05,-0.0005230959355012055,2.567679534431697e-05,0.0,0.0,0.000995453952504671,-3.07353960642261e-05
1,54116.95265464572,0.0,-0.002181288078053178,-0.02313441983736658,4.256170155339875,-0.40103797279166,0.0,0.0,0.0,0.0,1.0,0.0,0.9952453575329164,-0.03191937393629117,0.0,0.0,-0.0004723240686564933,5.563087885074314e-06,4.369385162897603e-08,-3.136856268160159e-07,1.090644039026589e-06,1.156720991868329e-05,7.130021746073773e-06,7.962106130215609e-05,0.0009881590296384724,-0.0001118541208652633,6.039375525758914e-06,6.805382824905297e-05,-0.000522922233051698,2.66659488855972e-05,0.0,0.0,0.0009952453575329165,-3.191937393629117e-05
1,56234.13251903423,0.0,-0.002353495623436341,-0.02402360356113153,4.253353470303813,-0.4164684662546524,0.0,0.0,0.0,0.0,1.0,0.0,0.995020390629495,-0.03314744380296797,0.0,0.0,-0.0004722899217084464,5.777602780546176e-06,4.714990007146121e-08,-3.262806659902621e-07,1.176747811718171e-06,1.201180178056576e-05,7.693880022197313e-06,8.268416112246133e-05,0.0009873736605073688,-0.0001161578855914195,6.517129856983603e-06,7.067233531829202e-05,-0.0005227348973985968,2.769194411342962e-05,0.0,0.0,0.000995020390629495,-3.314744380296797e-05
1,58434.14133735106,0.0,-0.002539200821706444,-0.02494565851501133,4.250315999740757,-0.4324714031536514,0.0,0.0,0.0,0.0,1.0,0.0,0.9947777897300467,-0.0344210639655906,0.0,0.0,-0.0004722530979262007,6.00013308697453e-06,5.08767696964789e-08,-3.39407389300341e-07,1.269600410853222e-06,1.247282925750566e-05,8.301936193467876e-06,8.586084355058201e-05,0.000986526730306276,-0.000120621314905473,7.032333243413415e-06,7.338798934741784e-05,-0.0005225328776196636,2.875600016824867e-05,0.0,0.0,0.0009947777897300468,-3.44210639655906e-05
1,60720.21956909812,0.0,-0.002739441154654187,-0.0259016417476302,4.247040771001081,-0.4490654460231654,0.0,0.0,0.0,0.0,1.0,0.0,0.9945161992415119,-0.03574171831479586,0.0,0.0,-0.0004722133914925875,6.230947340007953e-06,5.489526614507765e-08,-3.530912509008574e-07,1.369720577327094e-06,1.29508208738151e-05,8.957587913848592e-06,8.915480489138498e-05,0.0009856135065938088,-0.0001252496144570817,7.587864597080485e-06,7.620395811592812e-05,-0.0005223150449145675,2.985935767194775e-05,0.0,0.0,0.000994516199241512,-3.574171831479586e-05
1,63095.73444801856,0.0,-0.002955330493254138,-0.02689262472391037,4.243509561374901,-0.4662695483233565,0.0,0.0,0.0,0.0,1.0,0.0,0.9942341637296704,-0.03711091371524453,0.0,0.0,-0.0004721705814256794,6.470319281005887e-06,5.922772516002176e-08,-3.673592482766696e-07,1.477665246627069e-06,1.344631236195518e-05,9.664483077487596e-06,9.256979812984606e-05,0.0009846289083773425,-0.0001300480710933673,8.186814875529915e-06,7.912345887526616e-05,-0.0005220801873500602,3.100327655525953e-05,0.0,0.0,0.0009942341637296705,-3.711091371524453e-05
1,65564.18494179708,0.0,-0.003188064170226212,-0.02791969080814385,4.239702815017981,-0.4841029155895266,0.0,0.0,0.0,0.0,1.0,0.0,0.9939301212841314,-0.03853017689230023,0.0,0.0,-0.0004721244305689598,6.71852745432952e-06,6.389811387760407e-08,-3.822400452378404e-07,1.594032085113106e-06,1.395984540407193e-05,1.042653644835734e-05,9.610962509192441e-05,0.0009835674829496515,-0.0001350220420294625,8.83250117517994e-06,8.21497517681617e-05,-0.0005218270043350071,3.218903347028401e-05,0.0,0.0,0.0009939301212841315,-3.853017689230023e-05
1,68129.20690579529,0.0,-0.00343892429699677,-0.02898393231468191,4.235599555862756,-0.5025849596173289,0.0,0.0,0.0,0.0,1.0,0.0,0.993602396562668,-0.04000105076205961,0.0,0.0,-0.0004720746845343349,6.975854723496183e-06,6.893213694073828e-08,-3.977641065122456e-07,1.719462148498385e-06,1.449196615734096e-05,1.124794709352125e-05,9.977812720878247e-05,0.0009824233816060873,-0.0001401769420773543,9.528481506098374e-06,8.528613206750916e-05,-0.000521554100830629,3.341791873963731e-05,0.0,0.0,0.000993602396562668,-4.000105076205961e-05
1,70794.57843841292,0.0,-0.003709285320267819,-0.03008644707700781,4.231177296590305,-0.5217352448842344,0.0,0.0,0.0,0.0,1.0,0.0,0.9932491935209541,-0.04152509014086329,0.0,0.0,-0.0004720210705955186,7.242587696097702e-06,7.435734732388253e-08,-4.139638450462698e-07,1.85464266013391e-06,1.50432235385039e-05,1.21332166048388e-05,0.0001035791747242029,0.0009811903342634397,-0.0001455182287101125,1.027857023541932e-05,8.853592109925189e-05,-0.0005212599812974006,3.469123278877773e-05,0.0,0.0,0.0009932491935209541,-4.152509014086329e-05
1,73564.22544596322,0.0,-0.004000619809542805,-0.03122833448172632,4.226411943801478,-0.5415734263389588,0.0,0.0,0.0,0.0,1.0,0.0,0.9928685878387453,-0.04310385676491964,0.0,0.0,-0.0004719632965358433,7.519016047424776e-06,8.020326168111263e-08,-4.308737832141693e-07,2.000309904771402e-06,1.561416724086316e-05,1.308716808141683e-05,0.0001075166541712719,0.0009798616230190101,-0.0001510513847194058,1.108685417602521e-05,9.190245570207432e-05,-0.0005209430433901763,3.601028200381218e-05,0.0,0.0,0.0009928685878387454,-4.310385676491964e-05
1,76442.22742525907,0.0,-0.004314504462365365,-0.03241069090964363,4.221277699600235,-0.5621191776195305,0.0,0.0,0.0,0.0,1.0,0.0,0.9924585190595211,-0.04473891354499926,0.0,0.0,-0.0004719010494513842,7.805431731535556e-06,8.65014799341853e-08,-4.48530729229819e-07,2.157252231182683e-06,1.620534545482181e-05,1.411496583014802e-05,0.0001115944539301743,0.0009784300547093074,-0.0001567818982044034,1.195770928446118e-05,9.538907606466156e-05,-0.0005206015714145917,3.737637395233306e-05,0.0,0.0,0.0009924585190595212,-4.473891354499926e-05
1,79432.82347242715,0.0,-0.004652626308596863,-0.03363460452165162,4.215746959890559,-0.5833921086881604,0.0,0.0,0.0,0.0,1.0,0.0,0.9920167824676625,-0.04643181797536571,0.0,0.0,-0.000471833994515003,8.102128067538628e-06,9.328580870562369e-08,-4.669739701496182e-07,2.326313154298432e-06,1.681730226082581e-05,1.522213572397619e-05,0.0001158164476644224,0.0009768879325523928,-0.0001627152396099378,1.289581791705115e-05,9.899911176899208e-05,-0.0005202337295661941,3.879081189983938e-05,0.0,0.0,0.0009920167824676626,-4.643181797536571e-05
1,82540.4185268008,0.0,-0.00501678908863501,-0.03490114932266548,4.209790209792612,-0.6054116717983183,0.0,0.0,0.0,0.0,1.0,0.0,0.9915410207355692,-0.04818411461029595,0.0,0.0,-0.0004717617737031998,8.409398688263847e-06,1.005923880705362e-07,-4.862454829509453e-07,2.508394544317505e-06,1.745057466133274e-05,1.641458613665701e-05,0.000120186475418275,0.0009752270269869826,-0.0001688568355115219,1.390618657555011e-05,0.000102735865855793,-0.0005198375549769485,4.025488854962969e-05,0.0,0.0,0.0009915410207355692,-4.818411461029596e-05
1,85769.58985908833,0.0,-0.005408919773030929,-0.03621137843245492,4.203375916705103,-0.6281970546377238,0.0,0.0,0.0,0.0,1.0,0.0,0.9910287153828025,-0.04999732651581683,0.0,0.0,-0.0004716840044947379,8.727536337398145e-06,1.084598209476443e-07,-5.06390165264968e-07,2.704459886515465e-06,1.810568921622746e-05,1.769862934850809e-05,0.0001247083221437385,0.0009734385458552427,-0.0001752120388248203,1.499416405307256e-05,0.0001066025967161326,-0.0005194109506067857,4.176987892922854e-05,0.0,0.0,0.0009910287153828024,-4.999732651581683e-05
1,89125.09381337342,0.0,-0.005831075182277212,-0.03756631648798869,4.196470421681883,-0.6517670594222508,0.0,0.0,0.0,0.0,1.0,0.0,0.9904771781006224,-0.05187294559879535,0.0,0.0,-0.0004716002785478401,9.05683150043829e-06,1.169293042723886e-07,-5.274560874334406e-07,2.915537591138606e-06,1.878315824399435e-05,1.908100328936161e-05,0.000129385693411788,0.0009715131041155335,-0.0001817860950980168,1.616545986714769e-05,0.0001106024976014772,-0.0005189516780231551,4.333703234171704e-05,0.0,0.0,0.0009904771781006224,-5.187294559879535e-05
1,92611.87281287817,0.0,-0.006285448655566572,-0.03896695109801768,4.189037829953287,-0.6761399666523431,0.0,0.0,0.0,0.0,1.0,0.0,0.9898835420082449,-0.05381242171045547,0.0,0.0,-0.0004715101603661453,9.39757085408749e-06,1.260447608904545e-07,-5.494947676436224e-07,3.142724327783286e-06,1.948347554900884e-05,2.056889345245604e-05,0.0001342221880497456,0.0009694406933166796,-0.0001885841045278448,1.742616283922412e-05,0.0001147386735337857,-0.0005184573501245959,4.495756329641123e-05,0.0,0.0,0.000989883542008245,-5.381242171045548e-05
1,96235.06263980764,0.0,-0.006774376705889651,-0.0404142232672124,4.181039901608544,-0.7013333821881071,0.0,0.0,0.0,0.0,1.0,0.0,0.9892447529220058,-0.05581715041696642,0.0,0.0,-0.0004714131859655801,9.750035518021893e-06,1.358529708759997e-07,-5.725614719700265e-07,3.387188352944825e-06,2.02071116336062e-05,2.21699547757492e-05,0.0001392212674356516,0.0009672106511171327,-0.0001956109793245881,1.878275964842771e-05,0.0001190141153878222,-0.0005179254238754649,4.66326413293347e-05,0.0,0.0,0.0009892447529220058,-5.581715041696642e-05
1,99999.9999999987,0.0,-0.007300345585844914,-0.04190901670448099,4.172435943667194,-0.7273640662554902,0.0,0.0,0.0,0.0,1.0,0.0,0.9885575607355076,-0.05788845932625147,0.0,0.0,-0.0004713088615559968,1.011449909223833e-05,1.464037007128262e-07,-5.967155412120735e-07,3.650172792922457e-06,2.09545083522405e-05,2.389233324480146e-05,0.0001443862211716997,0.0009648116311914202,-0.0002028713960391632,2.024215315153323e-05,0.0001234316709104425,-0.0005173531931338959,4.836337962105253e-05,0.0,0.0,0.0009885575607355077,-5.788845932625148e-05
1,103912.2303835156,0.0,-0.007865997673849323,-0.0434521459283575,4.163182705006281,-0.7542477429677356,0.0,0.0,0.0,0.0,1.0,0.0,0.9878185110279083,-0.06002759285791148,0.0,0.0,-0.0004711966622574781,1.049122546330911e-05,1.577498284763369e-07,-6.220207464577581e-07,3.932998836924662e-06,2.172607296417875e-05,2.574468692354463e-05,0.0001497201288531532,0.0009622315739328402,-0.0002103697424575225,2.181168022062245e-05,0.0001279940124368285,-0.0005167377816709673,5.015082231794171e-05,0.0,0.0,0.0009878185110279083,-6.002759285791148e-05
1,107977.5162327696,0.0,-0.008474137573989182,-0.04504434308187827,4.153234275877979,-0.7819988889387518,0.0,0.0,0.0,0.0,1.0,0.0,0.9870239370388999,-0.06223569534255345,0.0,0.0,-0.0004710760308695716,1.088046636235629e-05,1.699474628173659e-07,-6.485456753189563e-07,4.237068786994591e-06,2.252217154093913e-05,2.773620606563309e-05,0.0001552258176476422,0.0009594576784360844,-0.0002181100586655146,2.349912880450099e-05,0.00013270360106236,-0.0005160761364959021,5.199593046190804e-05,0.0,0.0,0.0009870239370388999,-6.223569534255345e-05
1,112201.8454301949,0.0,-0.009127737804434988,-0.04668624337051194,4.142541994050311,-0.8106304995837841,0.0,0.0,0.0,0.0,1.0,0.0,0.9861699521727417,-0.06451379233831112,0.0,0.0,-0.000470946376719461,1.128245865793243e-05,1.830560531743354e-07,-6.763641507668914e-07,4.563868902217494e-06,2.334312168525597e-05,2.987663189938086e-05,0.0001609058154034895,0.0009564763763265361,-0.0002260959718925676,2.531275386942543e-05,0.0001375626470319902,-0.0005153650216234984,5.389956643513799e-05,0.0,0.0,0.0009861699521727418,-6.451379233831112e-05
1,116591.4401179817,0.0,-0.009829943929125173,-0.04837836903987873,4.131054359932659,-0.8401538317546099,0.0,0.0,0.0,0.0,1.0,0.0,0.9852524432199762,-0.06686277005648349,0.0,0.0,-0.000470807074616747,1.169742136768875e-05,1.971384882268646e-07,-7.055556844380614e-07,4.914971964562586e-06,2.418918451993937e-05,3.217627361345046e-05,0.0001667622990160865,0.0009532733080947524,-0.000234330624757008,2.726129181894419e-05,0.000142573066117778,-0.0005146010124399136,5.586247682996814e-05,0.0,0.0,0.0009852524432199762,-6.686277005648349e-05
1,121152.7658628573,0.0,-0.01058407896534796,-0.05012111181567308,4.118716963407267,-0.870578121449034,0.0,0.0,0.0,0.0,1.0,0.0,0.9842670645141806,-0.06928335279560871,0.0,0.0,-0.0004706574639479211,1.212555237382201e-05,2.122611791520989e-07,-7.362059661721454e-07,5.292039482673983e-06,2.506055590783654e-05,3.464602299845813e-05,0.0001727970377998632,0.0009498333026948746,-0.000242816596561644,2.935397293170521e-05,0.0001477364317709148,-0.0005137804908491861,5.788527366000495e-05,0.0,0.0,0.0009842670645141805,-6.92833527956087e-05
1,125892.5411794151,0.0,-0.01139364687593991,-0.05191471373690196,4.105472425477032,-0.9019102754764399,0.0,0.0,0.0,0.0,1.0,0.0,0.9832092332721891,-0.07177607829463063,0.0,0.0,-0.0004704968479476712,1.256702482874128e-05,2.28494123756127e-07,-7.684073913731418e-07,5.696823437969956e-06,2.595735686845098e-05,3.729736612175065e-05,0.0001790113316418172,0.0009461403612741949,-0.000251555817327821,3.160053129013376e-05,0.0001530539228586524,-0.0005128996414066889,5.996841383783258e-05,0.0,0.0,0.0009832092332721892,-7.177607829463064e-05
1,130817.7474260177,0.0,-0.01226233492924056,-0.05375924632589377,4.09126035825606,-0.9341545361622914,0.0,0.0,0.0,0.0,1.0,0.0,0.9820741263994469,-0.07434127093187799,0.0,0.0,-0.0004703244931898165,1.302198324051873e-05,2.459109470300551e-07,-8.022596275411207e-07,6.13116746462028e-06,2.687962316294688e-05,4.014239132932188e-05,0.0001854059437528273,0.0009421776460171557,-0.0002605494743122465,3.401121160236652e-05,0.0001585262668306341,-0.0005119544486750505,6.211217685871129e-05,0.0,0.0,0.000982074126399447,-7.434127093187799e-05
1,135935.6390878508,0.0,-0.0131940146830265,-0.05565458805514106,4.07601734726802,-0.9673121184453626,0.0,0.0,0.0,0.0,1.0,0.0,0.9808566790772014,-0.07697901271821274,0.0,0.0,-0.0004701396293446125,1.349053922983234e-05,2.645889131289068e-07,-8.378702209913185e-07,6.59700734151325e-06,2.782729402757053e-05,4.319379278099166e-05,0.000191981027887205,0.000937927475209339,-0.000269797910826409,3.659677224546341e-05,0.0001641536782050464,-0.0005109406960653595,6.431664064688453e-05,0.0,0.0,0.0009808566790772014,-7.697901271821274e-05
1,141253.7544622736,0.0,-0.01419274132063819,-0.05760040009264486,4.059676960472621,-1.001380819073615,0.0,0.0,0.0,0.0,1.0,0.0,0.9795515854845924,-0.07968911206082756,0.0,0.0,-0.0004699414492567722,1.397276695575683e-05,2.84608903199401e-07,-8.75355244345419e-07,7.096370660319096e-06,2.880020004632243e-05,4.646486863384447e-05,0.0001987360499714292,0.0009333713257539481,-0.0002793005172766022,3.936848378078387e-05,0.0001699357923247066,-0.0005098539664595003,6.65816555452392e-05,0.0,0.0,0.0009795515854845924,-7.968911206082757e-05
1,146779.926762205,0.0,-0.01526275103913277,-0.05959610033474924,4.042169788902931,-1.03635459805006,0.0,0.0,0.0,0.0,1.0,0.0,0.9781533020456393,-0.08247107030974918,0.0,0.0,-0.0004697291094024336,1.446869821172814e-05,3.060553529008987e-07,-9.148399848318653e-07,7.631375519566386e-06,2.979805016737462e-05,4.996951289633166e-05,0.0002056697041721798,0.0009284898445022095,-0.0002890556144667609,4.233812211401449e-05,0.0001758715944087049,-0.0005086896449372491,6.890681645815855e-05,0.0,0.0,0.0009781533020456394,-8.247107030974918e-05
1,152522.2956538998,0.0,-0.01640845616110065,-0.06164083576926227,4.023423524254556,-1.072223133031027,0.0,0.0,0.0,0.0,1.0,0.0,0.9766560536277263,-0.08532404614311677,0.0,0.0,-0.0004695017307890514,1.497831720082693e-05,3.290161428872201e-07,-9.564596727523759e-07,8.204228080550324e-06,3.082041788463113e-05,5.37221998836956e-05,0.0002127798235441035,0.0009232628698869179,-0.0002990603293599727,4.551795539468887e-05,0.0001819593440186366,-0.0005074429239648182,7.129143319454384e-05,0.0,0.0,0.0009766560536277264,-8.532404614311676e-05
1,158489.3192461092,0.0,-0.01763443761488159,-0.06373345325268814,4.003363079205928,-1.108971348048018,0.0,0.0,0.0,0.0,1.0,0.0,0.9750538431531908,-0.0882468179007209,0.0,0.0,-0.0004692584003673228,1.550155500688183e-05,3.535824349647551e-07,-1.000360248645559e-06,8.817218807440796e-06,3.186672662634407e-05,5.773796011762898e-05,0.0002200632855316326,0.0009176694654705265,-0.0003093104636809991,4.89207236757502e-05,0.0001881964951718353,-0.0005061088114285128,7.37344991021821e-05,0.0,0.0,0.0009750538431531907,-8.824681790072091e-05
1,164689.7865482846,0.0,-0.01894543440332352,-0.06587246883434397,3.981910756648138,-1.146578918722218,0.0,0.0,0.0,0.0,1.0,0.0,0.9733404651175069,-0.0912377440390131,0.0,0.0,-0.0004689981730316151,1.603828378763522e-05,3.798484461384321e-07,-1.046699166691326e-06,9.472717201661763e-06,3.293623441717198e-05,6.203234643315139e-05,0.000227515912758903,0.0009116879671304942,-0.0003198003559646074,5.255961028605482e-05,0.0001945796124692621,-0.0005046821419259495,7.623465813768465e-05,0.0,0.0,0.000973340465117507,-9.12377440390131e-05
1,171132.8304161757,0.0,-0.02034632966056082,-0.06805603581759112,3.958986474339266,-1.185019757077238,0.0,0.0,0.0,0.0,1.0,0.0,0.9715095235344301,-0.09429472195559797,0.0,0.0,-0.0004687200742842235,1.65883107281356e-05,4.079111523312022e-07,-1.09564623073981e-06,1.017316483028041e-05,3.402801790879556e-05,6.662138898832581e-05,0.0002351323697293107,0.000905296045698435,-0.0003305227379156485,5.644820381171583e-05,0.0002011042837644794,-0.0005031575917477937,7.879017057928206e-05,0.0,0.0,0.0009715095235344301,-9.429472195559798e-05
1,177827.9410038899,0.0,-0.02184213288117909,-0.07028191181481147,3.934508051743128,-1.224261480137921,0.0,0.0,0.0,0.0,1.0,0.0,0.9695544548480353,-0.09741514551765673,0.0,0.0,-0.00046842310364692,1.715137180423321e-05,4.378699132501526e-07,-1.147384458006935e-06,1.092106644058954e-05,3.514095590740573e-05,7.152153782337878e-05,0.0002429060562729013,0.0008984707869379068,-0.000341468586248565,6.060044954065638e-05,0.0002077650300835838,-0.0005015296980003525,8.139887766029502e-05,0.0,0.0,0.0009695544548480353,-9.741514551765674e-05
1,184784.9797422266,0.0,-0.02343795789864256,-0.07254742512827547,3.908391565933095,-1.264264867733886,0.0,0.0,0.0,0.0,1.0,0.0,0.9674685563612346,-0.100595861727062,0.0,0.0,-0.0004681062389018387,1.772712542257027e-05,4.6982600971463e-07,-1.202110963951826e-06,1.171897894932128e-05,3.627371256413774e-05,7.674959159159818e-05,0.0002508289988262054,0.0008911887907793516,-0.0003526269715172193,6.503058920431878e-05,0.0002145552137146426,-0.0004997928823270714,8.405816548477663e-05,0.0,0.0,0.0009674685563612346,-0.000100595861727062
1,192014.1938638775,0.0,-0.02513899619237647,-0.0748494408735553,3.88055178339969,-1.304983316303834,0.0,0.0,0.0,0.0,1.0,0.0,0.9652450207269958,-0.103833127064951,0.0,0.0,-0.0004677684412437433,1.831514601882689e-05,5.038820848063367e-07,-1.260037860141831e-06,1.256949809618824e-05,3.742472043677765e-05,8.232261109280458e-05,0.0002588917409048718,0.0008834262917189982,-0.0003639849058299647,6.975308785761976e-05,0.0002214669456186533,-0.0004979414796842663,8.676492867729091e-05,0.0,0.0,0.0009652450207269958,-0.000103833127064951
1,199526.2314968852,0.0,-0.02695048511795339,-0.07718432735504016,3.850902674353642,-1.346362297010782,0.0,0.0,0.0,0.0,1.0,0.0,0.962876977028766,-0.1071225641794604,0.0,0.0,-0.0004674086614229467,1.891491771464915e-05,5.401414805011768e-07,-1.321393155030849e-06,1.34752425589767e-05,3.859216367752008e-05,8.825781628960753e-05,0.0002670832344325758,0.0008751593022196594,-0.000375527191767067,7.478254678014562e-05,0.0002284909935707283,-0.0004959697726098777,8.951553431978815e-05,0.0,0.0,0.0009628769770287659,-0.0001071225641794604
1,207332.1573485926,0.0,-0.02887767068530778,-0.0795479233032956,3.819358015617992,-1.388338828111148,0.0,0.0,0.0,0.0,1.0,0.0,0.960357538936816,-0.1104591197107369,0.0,0.0,-0.0004670258469525179,1.952582815349657e-05,5.78707462055196e-07,-1.38642164554874e-06,1.443883534265389e-05,3.977396165164781e-05,9.457246558639358e-05,0.0002753907339165662,0.0008663637808124774,-0.0003872362752728518,8.013360136606899e-05,0.000235616692716995,-0.0004938720313914513,9.230578683756818e-05,0.0,0.0,0.000960357538936816,-0.0001104591197107369
1,215443.4690031854,0.0,-0.03092576455873774,-0.08193550668966931,3.785832087405106,-1.43084097324272,0.0,0.0,0.0,0.0,1.0,0.0,0.957679860363511,-0.1138370241848802,0.0,0.0,-0.0004666189504422547,2.014716265649752e-05,6.196823234025693e-07,-1.455385785260281e-06,1.546288227936887e-05,4.096775334483466e-05,0.0001012837163106726,0.0002837996958049624,0.000857015826376241,-0.0003990921057751029,8.582080310553908e-05,0.0002428318605246211,-0.0004916425604851726,9.513089461073154e-05,0.0,0.0,0.000957679860363511,-0.0001138370241848802
1,223872.1138568308,0.0,-0.03309989502266064,-0.08434176594212572,3.750240468128579,-1.473787379065874,0.0,0.0,0.0,0.0,1.0,0.0,0.9548371989489826,-0.1172497550497969,0.0,0.0,-0.0004661869391102691,2.077809886039117e-05,6.631663682430136e-07,-1.528566512653972e-06,1.654994751133032e-05,4.217088297106286e-05,0.0001084084655658333,0.000292293685715148,0.0008470918997513928,-0.000411072007277599,9.185848495460791e-05,0.0002501227184023192,-0.0004892757514636248,9.798543920512548e-05,0.0,0.0,0.0009548371989489826,-0.0001172497550497969
1,232630.5067153593,0.0,-0.03540505175146902,-0.08676077449429448,3.712500929859372,-1.517086867452549,0.0,0.0,0.0,0.0,1.0,0.0,0.951822987585636,-0.1206900040665243,0.0,0.0,-0.0004657288055025521,2.141770202075677e-05,7.092567634070147e-07,-1.606264020934265e-06,1.770252587573451e-05,4.338038724714724e-05,0.0001159631709327594,0.0003008542965749731,0.0008365690734162836,-0.0004231505646624317,9.826060965197301e-05,0.0002574738225670515,-0.0004867661426648795,0.0001008633482338372,0.0,0.0,0.000951822987585636,-0.0001206900040665243
1,241731.548080407,0.0,-0.03784602434294504,-0.08918596970272352,3.672534435059902,-1.560638099095891,0.0,0.0,0.0,0.0,1.0,0.0,0.9486309140321222,-0.124149650403639,0.0,0.0,-0.0004652435794275656,2.206492118521364e-05,7.580462635404165e-07,-1.688798448606134e-06,1.892301217147252e-05,4.459298485136176e-05,0.0001239636508933056,0.0003094610810544978,0.0008254253094023575,-0.0004352995299067431,0.0001050406008758087,0.0002648680070171664,-0.0004841084855865541,0.0001037578729729399,0.0,0.0,0.0009486309140321222,-0.000124149650403639
1,251188.6431509545,0.0,-0.04042733472431737,-0.09161013725985556,3.630266232788231,-1.604329326921042,0.0,0.0,0.0,0.0,1.0,0.0,0.9452550084724024,-0.1276197409027774,0.0,0.0,-0.0004647303410839909,2.27185864573598e-05,8.096218091832387e-07,-1.776510468269197e-06,2.021366736215868e-05,4.580506862992778e-05,0.0001324248653373954,0.0003180915019678216,0.0008136397649441906,-0.0004474877533388681,0.0001122111575479019,0.0002722863417277564,-0.0004812978179043748,0.0001066615719539782,0.0,0.0,0.0009452550084724025,-0.0001276197409027774
1,261015.72156825,0.0,-0.04315316371921374,-0.09402540230584872,3.585627049642177,-1.648038258909074,0.0,0.0,0.0,0.0,1.0,0.0,0.9416897386421134,-0.1310904790816518,0.0,0.0,-0.000464188235323737,2.337740758907858e-05,8.640630039502567e-07,-1.869761749511341e-06,2.157658185960687e-05,4.701270115292436e-05,0.0001413606771005899,0.0003267209045710859,0.0008011931245454737,-0.000459681145402249,0.0001197840520878194,0.0002797081093927593,-0.0004783295428004708,0.0001095663018390869,0.0,0.0,0.0009416897386421134,-0.0001310904790816518
1,271227.2579331989,0.0,-0.04602727227208536,-0.09642322849363721,3.538554367314581,-1.691632050780969,0.0,0.0,0.0,0.0,1.0,0.0,0.9379301118730031,-0.1345512245076365,0.0,0.0,-0.0004636164869516179,2.403997414753001e-05,9.214404807462925e-07,-1.968935270759115e-06,2.301363613604268e-05,4.821161424681861e-05,0.0001507835961593325,0.000335322514849887,0.0007880679561944174,-0.0004718426746282827,0.0001277699139960174,0.00028711080417984,-0.0004751995140617749,0.0001124632169393347,0.0,0.0,0.0009379301118730032,-0.0001345512245076365
1,281838.2931264414,0.0,-0.04905291806226564,-0.09879442628051144,3.488993774788605,-1.734967449295186,0.0,0.0,0.0,0.0,1.0,0.0,0.9339717830993075,-0.1379905041994794,0.0,0.0,-0.0004630144169169292,2.470475750798728e-05,9.818141717276658e-07,-2.074435454568304e-06,2.452645903113282e-05,4.939721314025572e-05,0.0001607045088803388,0.0003438674679507119,0.0007742490883906963,-0.0004839324076047596,0.0001361780007962881,0.0002944701560160299,-0.0004719041261513068,0.0001153427787578543,0.0,0.0,0.0009339717830993075,-0.0001379905041994794
1,292864.4564625195,0.0,-0.05223276849869407,-0.1011291716974672,3.436900378979331,-1.777891106551984,0.0,0.0,0.0,0.0,1.0,0.0,0.9298111675326719,-0.1413960376859184,0.0,0.0,-0.0004623814591999398,2.53701149177249e-05,1.045231501972787e-06,-2.186688101296288e-06,2.611638424934704e-05,5.056458584873358e-05,0.00017113239556596,0.0003523248708388658,0.0007597240034686846,-0.0004959075966260804,0.0001450159590838445,0.0003017601838609606,-0.0004684404081758131,0.0001181947769146596,0.0,0.0,0.0009298111675326719,-0.0001413960376859184
1,304321.9887107678,0.0,-0.0555688113622701,-0.1034170367761738,3.382240253127112,-1.820240084532377,0.0,0.0,0.0,0.0,1.0,0.0,0.9254455563527466,-0.1447547772568994,0.0,0.0,-0.0004617171781440554,2.603429586388317e-05,1.111725532422541e-06,-2.306140097559658e-06,2.778440568113505e-05,5.170851838808688e-05,0.0001820740404383917,0.0003606619030320493,0.0007444832414467772,-0.0005077228203865085,0.0001542895791884455,0.0003089532812269257,-0.0004648061203726683,0.0001210083627335296,0.0,0.0,0.0009254455563527466,-0.0001447547772568994
1,316227.7660168334,0.0,-0.05906226464705222,-0.1056470326847977,3.324991897611746,-1.861842567001288,0.0,0.0,0.0,0.0,1.0,0.0,0.9208732333902591,-0.1480529647754996,0.0,0.0,-0.0004610212859270102,2.669545095186632e-05,1.181313083416618e-06,-2.433258878506118e-06,2.953113232352611e-05,5.282351634239888e-05,0.0001935337391338314,0.0003688439588386573,0.0007285208073398446,-0.000519330182492663,0.0001640025477480403,0.0003160203368492257,-0.00046099985143086,0.0001237720966307532,0.0,0.0,0.0009208732333902591,-0.0001480529647754996
1,328599.3247600607,0.0,-0.06271348743265648,-0.1078076664315324,3.265147683270514,-1.902518792766639,0.0,0.0,0.0,0.0,1.0,0.0,0.9160935904130852,-0.1512762061680336,0.0,0.0,-0.0004602936598085694,2.735164346280572e-05,1.253992875853418e-06,-2.568531626851583e-06,3.135674371632824e-05,5.390383321576622e-05,0.0002055130096957792,0.0003768348339016616,0.0007118345735931603,-0.000530679571696547,0.0001741562032659633,0.0003229308928782291,-0.0004570211146561476,0.0001264740102374234,0.0,0.0,0.0009160935904130853,-0.0001512762061680336
1,341454.8873833552,0.0,-0.06652189388430707,-0.1098870117341365,3.202715242994523,-1.942082220036709,0.0,0.0,0.0,0.0,1.0,0.0,0.9111072382817055,-0.1544095643704109,0.0,0.0,-0.0004595343587414646,2.800086370799426e-05,1.32974373235504e-06,-2.712464196941402e-06,3.326094694215354e-05,5.494350586706822e-05,0.0002180103139192677,0.0003845969579981925,0.0006944266680947931,-0.0005417189865655449,0.0001847493004552203,0.0003296533422441126,-0.00045287044070208,0.0001291016839036901,0.0,0.0,0.0009111072382817055,-0.0001544095643704109
1,354813.3892335703,0.0,-0.07048587270790874,-0.1118727943236134,3.137718773610301,-1.980340926233595,0.0,0.0,0.0,0.0,1.0,0.0,0.9059161109395168,-0.1574376710787458,0.0,0.0,-0.000458743638886816,2.864104623280517e-05,1.408522885496421e-06,-2.865579758817924e-06,3.524293635395437e-05,5.593639716180668e-05,0.000231020796652049,0.0003920916749669361,0.0006763038371729649,-0.0005523949258044999,0.0001957777898122218,0.000336155165932335,-0.0004485494643409194,0.0001316423398754346,0.0,0.0,0.0009059161109395169,-0.0001574376710787458
1,368694.5064519521,0.0,-0.07460271456743994,-0.1137524915527642,3.070200207116624,-2.017099241139751,0.0,0.0,0.0,0.0,1.0,0.0,0.900523558968902,-0.1603448571345797,0.0,0.0,-0.0004579219675380775,2.927008984449087e-05,1.490264443797312e-06,-3.028417165366781e-06,3.730135728371997e-05,5.687624577638212e-05,0.0002445360512467231,0.0003992795693379839,0.0006574777721659764,-0.0005626528436379306,0.0002072346193602888,0.0003424032098091103,-0.0004440610025494562,0.0001340829510026592,0.0,0.0,0.0009005235589689021,-0.0001603448571345797
1,383118.6849557231,0.0,-0.07886855008240601,-0.1155134457226486,3.000220208542084,-2.052159603790732,0.0,0.0,0.0,0.0,1.0,0.0,0.894934429299822,-0.1631153007789289,0.0,0.0,-0.0004570700349375567,2.988588034778805e-05,1.574878068401176e-06,-3.201529054929533e-06,3.9434275041203e-05,5.77567228613243e-05,0.0002585439197190536,0.0004061208377454758,0.0006379653876491702,-0.0005724376675793342,0.0002191095658093003,0.0003483639993707057,-0.0004394091210679352,0.0001364103643416437,0.0,0.0,0.000894934429299822,-0.0001631153007789289
1,398107.1705534914,0.0,-0.08327830104606448,-0.117142990034063,2.927858957310357,-2.085324625276462,0.0,0.0,0.0,0.0,1.0,0.0,0.8891551276274807,-0.1657331923503592,0.0,0.0,-0.0004561887634642603,3.048631577361183e-05,1.662247913809639e-06,-3.385479712066157e-06,4.163915052303224e-05,5.857149501703149e-05,0.0002730283362434492,0.0004125757015515452,0.0006177890392978412,-0.0005816943736139706,0.0002313891024421158,0.0003540040893915237,-0.0004345991865628562,0.0001386114384645948,0.0,0.0,0.0008891551276274807,-0.0001657331923503592
1,413682.0402388446,0.0,-0.08782564742445986,-0.1186285855343372,2.853216670310451,-2.116399330858879,0.0,0.0,0.0,0.0,1.0,0.0,0.8831936602002545,-0.1681829133030629,0.0,0.0,-0.0004552793136871069,3.106933377922116e-05,1.752231884377072e-06,-3.580842720073111e-06,4.391282371222993e-05,5.931429276716862e-05,0.0002879692223542688,0.0004186048553574143,0.0005969766697303626,-0.0005903686113805503,0.0002440563108163913,0.0003592904439616601,-0.0004296379016126839,0.0001406731927075383,0.0,0.0,0.0008831936602002545,-0.0001681829133030629
1,429866.2347082213,0.0,-0.0925030124994426,-0.1199579668845509,2.776413828073613,-2.145193545921993,0.0,0.0,0.0,0.0,1.0,0.0,0.8770596518950402,-0.1704492267106998,0.0,0.0,-0.0004543430868166054,3.163294079192025e-05,1.844661254240916e-06,-3.788198449954638e-06,4.62515062497213e-05,5.997898344227545e-05,0.0003033424415800169,0.0004241699442973132,0.0005755618715692646,-0.0005984073694579676,0.0002570908428272829,0.0003641908408970711,-0.0004245333199494605,0.0001425829659953692,0.0,0.0,0.0008770596518950402,-0.0001704492267106998
1,446683.5921509565,0.0,-0.09730156819830715,-0.1211192942455968,2.69759107067832,-2.171524381679914,0.0,0.0,0.0,0.0,1.0,0.0,0.8707643379140751,-0.1725174757356344,0.0,0.0,-0.0004533817231512083,3.217524236399927e-05,1.939340691818379e-06,-4.008131441258492e-06,4.865078409915358e-05,6.055964712279838e-05,0.000319119820192486,0.0004292340612910706,0.0005535838584134076,-0.0006057596684679636,0.0002704689387917643,0.0003686742930489781,-0.0004192948397345325,0.0001443285823122531,0.0,0.0,0.0008707643379140752,-0.0001725174757356344
1,464158.8833612709,0.0,-0.1022112622077702,-0.1221013081034394,2.616908737252361,-2.195218768769251,0.0,0.0,0.0,0.0,1.0,0.0,0.8643205270161655,-0.1743737859202683,0.0,0.0,-0.0004523970962012624,3.269447411285986e-05,2.036048720923377e-06,-4.241227739910982e-06,5.110563110388511e-05,6.105065405171969e-05,0.0003352692393018784,0.0004337622538698155,0.0005310873364352108,-0.0006123772675299948,0.0002841635059867311,0.0003727114777167877,-0.0004139331731320001,0.0001458985193652229,0.0,0.0,0.0008643205270161654,-0.0001743737859202683
1,482317.8482239234,0.0,-0.1072208679077404,-0.1228934834558848,2.534546032100578,-2.216115980357563,0.0,0.0,0.0,0.0,1.0,0.0,0.8577425349268577,-0.1760052666384198,0.0,0.0,-0.0004513913022841376,3.318903254125039e-05,2.134538639093693e-06,-4.488072266279416e-06,5.361043395387022e-05,6.14467417279424e-05,0.0003517548016951274,0.0004377220288889805,0.0005081222718708243,-0.0006182153677936796,0.0002981442605203888,0.0003762751642675547,-0.0004084602910498364,0.0001472820765579808,0.0,0.0,0.0008577425349268577,-0.0001760052666384198
1,501187.2336272647,0.0,-0.1123180574964737,-0.1234861794958911,2.450699811303059,-2.234070081708709,0.0,0.0,0.0,0.0,1.0,0.0,0.8510460874359906,-0.1774002066700418,0.0,0.0,-0.0004503666455148436,3.365750497662245e-05,2.234539900186007e-06,-4.749246292529401e-06,5.615902874823686e-05,6.174308974794557e-05,0.0003685370746491869,0.0004410838425036916,0.0004847435526869905,-0.0006232332954662627,0.0003123779335828927,0.0003793406292695666,-0.0004028893426420987,0.0001484695380788853,0.0,0.0,0.0008510460874359907,-0.0001774002066700418
1,520794.8328595385,0.0,-0.1174894979373875,-0.1238707807771631,2.365582995706268,-2.24895224070409,0.0,0.0,0.0,0.0,1.0,0.0,0.844248193655743,-0.1785482586675307,0.0,0.0,-0.0004493256182615812,3.409869783858877e-05,2.335759953188631e-06,-5.025325111373683e-06,5.874474896869375e-05,6.193539038858154e-05,0.0003855734075330156,0.0004438215622927802,0.0004610105460759166,-0.0006273951460716846,0.0003268285410748237,0.000381886048033418,-0.0003972345499660135,0.0001494523267458886,0.0,0.0,0.000844248193655743,-0.0001785482586675307
1,541169.5265464555,0.0,-0.1227209685712167,-0.1240398258579434,2.279422629046471,-2.260652833975001,0.0,0.0,0.0,0.0,1.0,0.0,0.8373669909359929,-0.1794406072943577,0.0,0.0,-0.0004482708772906019,3.451166244458626e-05,2.437886513170548e-06,-5.316875978093254e-06,6.136048428560837e-05,6.20199129289717e-05,0.0004028183204459887,0.0004459128884489561,0.0004369865570031752,-0.0006306703717214072,0.0003414577134394112,0.0003838928514801587,-0.000391511079042825,0.0001502231442598451,0.0,0.0,0.0008373669909359929,-0.0001794406072943577
1,562341.3251903405,0.0,-0.1279974984434002,-0.1239871196016571,2.192457612877534,-2.269083286269224,0.0,0.0,0.0,0.0,1.0,0.0,0.8304215639667717,-0.1800701160538056,0.0,0.0,-0.0004472052159798234,3.489571760091625e-05,2.540590224108146e-06,-5.624456403981884e-06,6.399874922170012e-05,6.199355980082855e-05,0.000420223957551255,0.0004473397215468848,0.0004127381966396249,-0.0006330342940046724,0.0003562250803320564,0.0003853460377589368,-0.0003857348894320684,0.0001507760937174002,0.0,0.0,0.0008304215639667717,-0.0001800701160538056
1,584341.4133735087,0.0,-0.1333035206378241,-0.123707825671321,2.104936162338267,-2.274177586503142,0.0,0.0,0.0,0.0,1.0,0.0,0.8234317415850564,-0.1804314482910974,0.0,0.0,-0.0004461315331316384,3.525046829548628e-05,2.643527657863793e-06,-5.948612872062507e-06,6.665176031891207e-05,6.18539128356605e-05,0.0004377405962874026,0.0004480884655677626,0.0003883346729555185,-0.0006344685267309226,0.0003710887026649695,0.0003862344290242763,-0.0003799225652505178,0.0001511067806212185,0.0,0.0,0.0008234317415850564,-0.0001804314482910974
1,607202.1956909792,0.0,-0.1386230402270627,-0.1231985362801284,2.017113037888609,-2.275893432502928,0.0,0.0,0.0,0.0,1.0,0.0,0.8164178756892573,-0.180521158535286,0.0,0.0,-0.0004450527990460806,3.557581991091296e-05,2.74634457970581e-06,-6.289880035215568e-06,6.931152011353137e-05,6.159926814006422e-05,0.000455317201420675,0.0004481502565712078,0.0003638470188482884,-0.0006349612951417097,0.0003860055426841036,0.0003865508652326072,-0.0003740911313062784,0.000151212389194938,0.0,0.0,0.0008164178756892573,-0.000180521158535286
1,630957.3444801836,0.0,-0.1439398118866486,-0.1224573169334672,1.929246617309681,-2.274212967391585,0.0,0.0,0.0,0.0,1.0,0.0,0.8094006073968392,-0.1803377512221271,0.0,0.0,-0.0004439720196291463,3.587198751034415e-05,2.848679399280107e-06,-6.648780443149672e-06,7.196990594332431e-05,6.122865846673359e-05,0.0004729020110649552,0.0004475211095981955,0.000339347275731164,-0.0006345076412634723,0.0004009319611818188,0.000386292328674145,-0.0003682578586285956,0.0001510917315397792,0.0,0.0,0.0008094006073968391,-0.0001803377512221271
1,655641.8494179688,0.0,-0.1492375228111555,-0.1214837246874734,1.841595878935987,-2.269143083436992,0.0,0.0,0.0,0.0,1.0,0.0,0.8024006261135335,-0.1798817048661755,0.0,0.0,-0.0004428921993894636,3.613949990222132e-05,2.950166717574967e-06,-7.025824828549976e-06,7.461876140557777e-05,6.074186234373669e-05,0.0004904431404606677,0.0004462019789630975,0.0003149076523704404,-0.0006331095086578231,0.0004158242298175672,0.0003854599951356362,-0.0003624400641179387,0.000150745268025651,0.0,0.0,0.0008024006261135335,-0.0001798817048661755
1,681292.0690579507,0.0,-0.1544999763390134,-0.1202787993169162,1.754417370846633,-2.260715283301397,0.0,0.0,0.0,0.0,1.0,0.0,0.7954384274827971,-0.1791554608785584,0.0,0.0,-0.0004418163042217982,3.637919835892955e-05,3.050440875688477e-06,-7.421512965056629e-06,7.724998816950668e-05,6.01393996584581e-05,0.0005078891885512633,0.0004441987299208814,0.0002905996798072229,-0.0006307757037644965,0.0004306390458817804,0.0003840592099836242,-0.0003566549092904742,0.0001501750982486755,0.0,0.0,0.0007954384274827972,-0.0001791554608785584
1,707945.7843841269,0.0,-0.1597112716556757,-0.1188450276856566,1.667962241345729,-2.248985103290857,0.0,0.0,0.0,0.0,1.0,0.0,0.7885340762323773,-0.1781633773976374,0.0,0.0,-0.0004407472248848382,3.659223004440215e-05,3.149139410414501e-06,-7.836335091368443e-06,7.985563582783784e-05,5.942251384282832e-05,0.0005251898322751102,0.0004415220226301515,0.0002664933833676823,-0.0006275217351191575,0.0004453340367360006,0.0003820993899422956,-0.0003509192031329045,0.0001493849228650368,0.0,0.0,0.0007885340762323773,-0.0001781633773976374
1,735642.2544596299,0.0,-0.1648559751034948,-0.1171862824986735,1.582473403470943,-2.234031117618188,0.0,0.0,0.0,0.0,1.0,0.0,0.7817069797278743,-0.1769116496511349,0.0,0.0,-0.0004396877420468903,3.678003637490324e-05,3.245906324857527e-06,-8.270773877703138e-06,8.242798755174741e-05,5.859314124933674e-05,0.0005422963940093783,0.0004381871122187536,0.0002426564920433541,-0.0006233695357475919,0.0004598682416016558,0.0003795938537831346,-0.0003452492139089935,0.000148379977568211,0.0,0.0,0.0007817069797278743,-0.0001769116496511349
1,764422.2742525883,0.0,-0.1699192789711879,-0.1153077374391569,1.498182900650255,-2.215953556108557,0.0,0.0,0.0,0.0,1.0,0.0,0.7749756775944222,-0.1754081994398189,0.0,0.0,-0.0004386404937071764,3.694433670227426e-05,3.340395089261526e-06,-8.725306894018148e-06,8.495963948559392e-05,5.765386871957845e-05,0.0005591623687273713,0.0004342135714445682,0.0002191537039563131,-0.0006183470777784055,0.0004742025593224979,0.0003765595874172523,-0.000339660494387245,0.0001471669413716237,0.0,0.0,0.0007749756775944222,-0.000175408199439819
1,794328.234724269,0.0,-0.1748871441441866,-0.1132157614158384,1.415309532338045,-2.194872579512754,0.0,0.0,0.0,0.0,1.0,0.0,0.768357652105552,-0.173662537270216,0.0,0.0,-0.0004376079456996085,3.708710784809666e-05,3.432271297549071e-06,-9.200409524652316e-06,8.74435720720933e-05,5.660788070791923e-05,0.0005757438990902249,0.0004296249447937796,0.0001960460243128767,-0.000612487891588648,0.0004883001521309874,0.0003730169508700991,-0.0003341677244063784,0.0001457538221392302,0.0,0.0,0.000768357652105552,-0.000173662537270216
1,825404.1852680054,0.0,-0.179746423637807,-0.1109177952305246,1.334056788018386,-2.170926266095474,0.0,0.0,0.0,0.0,1.0,0.0,0.7618691632041995,-0.1716856014227845,0.0,0.0,-0.0004365923658601334,3.721056013182567e-05,3.521214918071238e-06,-9.696558262079437e-06,8.987321181890351e-05,5.545889761526229e-05,0.000592000188784639,0.0004244483447614056,0.0001733901893376322,-0.0006058305044462696,0.0005021267972193117,0.000368989336228348,-0.0003287845740006373,0.0001441498229394766,0.0,0.0,0.0007618691632041995,-0.0001716856014227845
1,857695.8985908806,0.0,-0.1844849647694626,-0.1084222143997877,1.254611125996098,-2.144268370044151,0.0,0.0,0.0,0.0,1.0,0.0,0.755525111064973,-0.1694895787913664,0.0,0.0,-0.0004355958022938256,3.731711061866205e-05,3.606922091982488e-06,-1.021423430375544e-05,9.224248238473132e-05,5.421110719989386e-05,0.0006078938468141896,0.0004187140024360251,0.0001512381863427652,-0.0005984178155311468,0.0005156511799444933,0.0003645027868139167,-0.0003235235895102315,0.0001423651932561665,0.0,0.0,0.000755525111064973,-0.0001694895787913664
1,891250.9381337314,0.0,-0.189091688511676,-0.1057381821153096,1.177140620595024,-2.115065916291224,0.0,0.0,0.0,0.0,1.0,0.0,0.7493389280843583,-0.1670877126530027,0.0,0.0,-0.000434620066024613,3.740935436070958e-05,3.689106448617856e-06,-1.075392737084918e-05,9.4545844255838e-05,5.28690910576548e-05,0.0006233911580145929,0.0004124547853210635,0.0001296368765183836,-0.0005902964253449155,0.000528845124667066,0.0003595855885252266,-0.0003183961042511063,0.0001404110693598581,0.0,0.0,0.0007493389280843583,-0.0001670877126530027
1,926118.7281287787,0.0,-0.1935566453617741,-0.1028754964032206,1.101793988445172,-2.083496697539496,0.0,0.0,0.0,0.0,1.0,0.0,0.7433225011521905,-0.1644941026228027,0.0,0.0,-0.0004336667181535359,3.749003441952392e-05,3.767499923395169e-06,-1.131613966599566e-05,9.677832268088704e-05,5.143774820161029e-05,0.0006384622776534703,0.0004057056955647451,0.0001086277234221157,-0.0005815159378535435,0.000541683761415938,0.0003542678444876385,-0.0003134121744558099,0.0001382993082235107,0.0,0.0,0.0007433225011521904,-0.0001644941026228027
1,962350.6263980733,0.0,-0.1978710478268646,-0.09984443545349608,1.02869999211761,-2.049746737781559,0.0,0.0,0.0,0.0,1.0,0.0,0.737486124065483,-0.1617235019288572,0.0,0.0,-0.0004327370615017923,3.75620114378139e-05,3.841853079282302e-06,-1.190138988890689e-05,9.89355239134323e-05,4.992221772674804e-05,0.0006530813504623033,0.0003985033614709333,8.82466266824627e-05,-0.0005721282532886975,0.0005541456286778228,0.0003485810438997499,-0.0003085805403713476,0.000136042319265936,0.0,0.0,0.000737486124065483,-0.0001617235019288572
1,999999.9999999839,0.0,-0.2020272803194647,-0.09665560485458224,0.9579672080220214,-2.0140077827121,0.0,0.0,0.0,0.0,1.0,0.0,0.7318384790396719,-0.1587911168313313,0.0,0.0,-0.0004318321365794492,3.762823348280042e-05,3.911934947057849e-06,-1.251021723333921e-05,0.0001010136401597324,4.832780242729112e-05,0.0006672265567193516,0.0003908855343840474,6.852385726737863e-05,-0.0005621868684487179,0.0005662127145323385,0.0003425576353011513,-0.0003039086116447334,0.0001336528979505036,0.0,0.0,0.0007318384790396719,-0.0001587911168313313
1,1039122.303835152,0.0,-0.2060188878627183,-0.0933197901113414,0.8896841356619647,-1.976474871560528,0.0,0.0,0.0,0.0,1.0,0.0,0.7263866454879878,-0.15571241254092,0.0,0.0,-0.0004309527216005207,3.76917068093674e-05,3.977532411901321e-06,-1.314318529603321e-05,0.0001030094439313591,4.665989505567069e-05,0.0006808800899683809,0.0003828906018659585,4.948408793150815e-05,-0.0005517461997029116,0.0005778704400181338,0.0003362306134904976,-0.0002994024754727001,0.0001311440648734119,0.0,0.0,0.0007263866454879878,-0.00015571241254092
1,1079775.162327692,0.0,-0.2098405454956216,-0.08984781737583125,0.8239196173553931,-1.937344037504578,0.0,0.0,0.0,0.0,1.0,0.0,0.7211361336017107,-0.152502929403477,0.0,0.0,-0.0004300993361706293,3.775546810311226e-05,4.03844918389535e-06,-1.380088583720551e-05,0.0001049202727478108,4.492390868791563e-05,0.0006940280725572182,0.0003745571266081358,3.114651022838861e-05,-0.0005408609418488185,0.0005891075899688619,0.0003296331280724029,-0.0002950669254603647,0.0001285289134887457,0.0,0.0,0.0007211361336017107,-0.000152502929403477
1,1122018.454301945,0.0,-0.213488010637894,-0.08625042481179102,0.7607235315403054,-1.896810175475903,0.0,0.0,0.0,0.0,1.0,0.0,0.7160909397858134,-0.1491781124507337,0.0,0.0,-0.0004292722482014538,3.782255866127682e-05,4.094504397602858e-06,-1.4483942342344e-05,0.000106744005318947,4.312521240589551e-05,0.0007066604163790256,0.0003659234188509128,1.352502780439151e-05,-0.0005295854736439906,0.0005999161975720678,0.0003227981201945926,-0.0002909055087351661,0.0001258204690613579,0.0,0.0,0.0007160909397858134,-0.0001491781124507337
1,1165914.401179813,0.0,-0.2169580609190104,-0.08253814647584523,0.700127718831255,-1.855065107338747,0.0,0.0,0.0,0.0,1.0,0.0,0.7112536206886699,-0.1457531567117875,0.0,0.0,-0.0004284714835586859,3.789600086209766e-05,4.145530890960021e-06,-1.51930133458114e-05,0.0001084790304595052,4.126907323792262e-05,0.0007187706369909682,0.0003570271483142071,-3.371485411337852e-06,-0.000517973318371806,0.0006102913895734023,0.0003157579925381379,-0.0002869205885983536,0.0001230315608523186,0.0,0.0,0.00071125362068867,-0.0001457531567117875
1,1211527.658628569,0.0,-0.220248420101724,-0.07872121005958044,0.6421470979886315,-1.8122958655732,0.0,0.0,0.0,0.0,1.0,0.0,0.7066253824044642,-0.1422428699732241,0.0,0.0,-0.0004276968379269414,3.797877716466003e-05,4.191373216410356e-06,-1.592879548752278e-05,0.000110124210050862,3.936060502979022e-05,0.0007303556296862782,0.0003479049998725791,-1.953887406540385e-05,-0.0005060766653333259,0.0006202311993869963,0.0003085443161215788,-0.0002831134198622506,0.0001201747089530081,0.0,0.0,0.0007066253824044642,-0.0001422428699732241
1,1258925.411794147,0.0,-0.2233576747480088,-0.07480944932105704,0.586780928732235,-1.7686832081208,0.0,0.0,0.0,0.0,1.0,0.0,0.7022061814085168,-0.1386615539989466,0.0,0.0,-0.000426947890373619,3.807381177847735e-05,4.231885437723895e-06,-1.669202628423939e-05,0.0001116788373740044,3.740472466052852e-05,0.0007414154161420835,0.0003385923755113149,-3.497734929584296e-05,-0.000493945955794501,0.0006297363554104042,0.0003011875760413373,-0.0002794842340059049,0.0001172620266212121,0.0,0.0,0.0007022061814085168,-0.0001386615539989466
1,1308177.474260173,0.0,-0.2262851841998573,-0.07081223156129868,0.534014179629344,-1.72440036926741,0.0,0.0,0.0,0.0,1.0,0.0,0.6979948338894724,-0.1350229045991739,0.0,0.0,-0.0004262240181099608,3.818395504738559e-05,4.266928764609959e-06,-1.748348660642321e-05,0.0001131425920999287,3.540611578064934e-05,0.0007519528700056374,0.0003291231435423531,-4.969110735155403e-05,-0.0004816295347479505,0.0006388100516205243,0.0002937169569494722,-0.0002760323313671653,0.0001143051384560612,0.0,0.0,0.0006979948338894724,-0.0001350229045991739
1,1359356.390878503,0.0,-0.2290309862963755,-0.06673840008479148,0.4838189618299771,-1.67961204457498,0.0,0.0,0.0,0.0,1.0,0.0,0.6939891303453474,-0.1313399303899113,0.0,0.0,-0.0004255244119799502,3.831197050715995e-05,4.29636907440593e-06,-1.830400285984103e-05,0.0001145154931481878,3.336920004239574e-05,0.0007619734292728964,0.000319529434685117,-6.368792985314251e-05,-0.0004691733679348693,0.0006474577070937218,0.0002861601679043212,-0.0002727561777571448,0.0001113151142915908,0.0,0.0,0.0006939891303453474,-0.0001313399303899113
1,1412537.544622731,0.0,-0.2315957010406918,-0.06259623123186542,0.4361559929072261,-1.634473602073905,0.0,0.0,0.0,0.0,1.0,0.0,0.6901859525887857,-0.1276248896209666,0.0,0.0,-0.0004248480922510074,3.846052450594273e-05,4.320074366192694e-06,-1.915444887802098e-05,0.0001157978505203459,3.129811561593271e-05,0.0007714848026160574,0.000309841483456448,-7.697877566107865e-05,-0.0004566208219554358,0.0006556867205000104,0.0002785433052442842,-0.0002696535031140902,0.0001083024183044234,0.0,0.0,0.0006901859525887857,-0.0001276248896209666
1,1467799.267622045,0.0,-0.2339804341836604,-0.05839340528885328,0.3909760591919601,-1.589130507256033,0.0,0.0,0.0,0.0,1.0,0.0,0.6865813906368404,-0.1238892440774738,0.0,0.0,-0.0004241939243326519,3.863217821864495e-05,4.337912188027742e-06,-2.003574753717138e-05,0.0001169902170918302,2.919670264442664e-05,0.0007804966759899838,0.0003000875123788576,-8.957737316511525e-05,-0.0004440125039935028,0.0006635062249177194,0.0002708907513410258,-0.0002667214000872109,0.0001052768725216952,0.0,0.0,0.0006865813906368405,-0.0001238892440774738
1,1525222.956538993,0.0,-0.2361866824231391,-0.05413699036900033,0.3482214494941884,-1.543717945863843,0.0,0.0,0.0,0.0,1.0,0.0,0.6831708573202218,-0.1201436287767974,0.0,0.0,-0.0004235606341051606,3.882938184289475e-05,4.349747072953072e-06,-2.094887210928238e-05,0.0001180933412115696,2.706849518450016e-05,0.0007890204249465185,0.0002902936558069644,-0.0001014998205533435,-0.0004313861566930442,0.0006709268475482663,0.0002632251064854739,-0.0002639564207388319,0.0001022476336791506,0.0,0.0,0.0006831708573202217,-0.0001201436287767974
1,1584893.192461087,0.0,-0.2382162416427555,-0.04983343820966524,0.3078273377359289,-1.498360625997645,0.0,0.0,0.0,0.0,1.0,0.0,0.6799491988169347,-0.116397835985138,0.0,0.0,-0.0004229468225992079,3.905447073201951e-05,4.3554380143381e-06,-2.18948473719255e-05,0.0001191081208213777,2.491671910483262e-05,0.0007970688371588507,0.0002804839196770297,-0.0001127642003275775,-0.0004187766030340932,0.0006779604781212311,0.0002555671507387589,-0.0002613546698598309,9.922318221616822e-05,0.0,0.0,0.0006799491988169347,-0.000116397835985138
1,1646897.865482841,0.0,-0.2400711193450272,-0.04548859074337097,0.2697230965809405,-1.453172739565002,0.0,0.0,0.0,0.0,1.0,0.0,0.6769107996794463,-0.1126608119585474,0.0,0.0,-0.0004223509798251673,3.930966320311868e-05,4.354836006219523e-06,-2.28747504948745e-05,0.0001200355596725136,2.274429537168549e-05,0.0008046558487458194,0.0002706801731848974,-0.0001233902130601533,-0.0004062157356383194,0.0006846200490021862,0.0002479358323246214,-0.0002589118936947628,9.621132209600147e-05,0.0,0.0,0.0006769107996794463,-0.0001126608119585474
1,1711328.304161752,0.0,-0.2417534521803715,-0.04110769626417854,0.2338335284759105,-1.408258062453087,0.0,0.0,0.0,0.0,1.0,0.0,0.6740496812702531,-0.1089406647616888,0.0,0.0,-0.0004217714976062527,3.95970597479034e-05,4.347781669810713e-06,-2.388971172426301e-05,0.0001208767260901857,2.055384813208927e-05,0.0008117962971201685,0.0002609021682690174,-0.0001333988341801038,-0.0003937325447549693,0.00069091932927653,0.0002403482790292319,-0.0002566235631583248,9.321919009669388e-05,0.0,0.0,0.0006740496812702531,-0.0001089406647616888
1,1778279.410038893,0.0,-0.243265429243234,-0.03669543401797881,0.200080004498831,-1.363710172879677,0.0,0.0,0.0,0.0,1.0,0.0,0.6713595928386513,-0.1052446815236636,0.0,0.0,-0.0004212066813217598,3.991864337550555e-05,4.33410298342615e-06,-2.494091488475591e-05,0.000121632714621617,1.834771700898941e-05,0.0008185056922886898,0.0002511675827903723,-0.0001428119964666122,-0.0003813531791987918,0.0006968727344016436,0.0002328198290859489,-0.0002544849508874861,9.025327322415011e-05,0.0,0.0,0.0006713595928386514,-0.0001052446815236636
1,1847849.79742226,0.0,-0.244609221604137,-0.03225594608692728,0.16838150496558,-1.319612768032457,0.0,0.0,0.0,0.0,1.0,0.0,0.6688340947554074,-0.1015793535424746,0.0,0.0,-0.0004206547605134954,4.027628082324541e-05,4.313613129810015e-06,-2.60295977193404e-05,0.0001223046108020685,1.612797304346364e-05,0.0008248000078215288,0.0002414920834321189,-0.0001516522999363113,-0.000369101034693934,0.0007024951524102388,0.0002253640781327093,-0.000252491201706573,8.731943294239264e-05,0.0,0.0,0.0006688340947554075,-0.0001015793535424746
1,1920141.938638769,0.0,-0.2457869183747042,-0.02779287550563336,0.1386555588317492,-1.276040060203758,0.0,0.0,0.0,0.0,1.0,0.0,0.6664666336684503,-0.09795040773733214,0.0,0.0,-0.0004201138983507468,4.067172438490529e-05,4.286108472331602e-06,-2.715705208503532e-05,0.0001228934591873521,1.389643775281668e-05,0.000830695492091297,0.0002318894045613979,-0.0001599427499505155,-0.0003569968643837655,0.0007078017871170268,0.0002179929390157057,-0.0002506373962847686,8.442293498929498e-05,0.0,0.0,0.0006664666336684503,-9.795040773733215e-05
1,1995262.314968846,0.0,-0.2468004694625631,-0.02330940963184591,0.1108190815290413,-1.233057235043228,0.0,0.0,0.0,0.0,1.0,0.0,0.6642506095504627,-0.09436284306105056,0.0,0.0,-0.0004195821999857536,4.11066141237787e-05,4.251366669738352e-06,-2.832462402126105e-05,0.0001234002347312815,1.165470481592296e-05,0.0008362084998630564,0.0002223714395789541,-0.000167706523642855,-0.0003450589066612658,0.0007128080183313049,0.0002107167114536217,-0.0002489186079345958,8.156848363995162e-05,0.0,0.0,0.0006642506095504626,-9.436284306105055e-05
1,2073321.57348592,0.0,-0.2476516350640292,-0.01880832788993336,0.08478911300233816,-1.190720956172703,0.0,0.0,0.0,0.0,1.0,0.0,0.6621794347790396,-0.09082097061428171,0.0,0.0,-0.0004190577198631088,4.158248025754041e-05,4.209144938130506e-06,-2.953371370598228e-05,0.0001238258175320146,9.40416394496668e-06,0.0008413553438919286,0.0002129483416065304,-0.000174966764174758,-0.0003333030259267943,0.0007175292787082786,0.0002035441588532358,-0.0002473299526372231,7.876025938675923e-05,0.0,0.0,0.0006621794347790396,-9.082097061428171e-05
1,2154434.690031847,0.0,-0.2483419418630111,-0.01429205310505888,0.06048345939040191,-1.149079902139787,0.0,0.0,0.0,0.0,1.0,0.0,0.6602465855239061,-0.08732845634164366,0.0,0.0,-0.000418538468073229,4.210074552633836e-05,4.159178468505076e-06,-3.078577531319516e-05,0.0001241709709315055,7.146026552529438e-06,0.000846152165851049,0.0002036286307082348,-0.0001817464018586376,-0.0003217428623630737,0.0007219809465776016,0.0001964825898636524,-0.000245866632487332,7.600195911972724e-05,0.0,0.0,0.0006602465855239061,-8.732845634164366e-05
1,2238721.138568301,0.0,-0.2488726458522701,-0.009762705744167488,0.03782124305742433,-1.108175323450236,0.0,0.0,0.0,0.0,1.0,0.0,0.6584456458165678,-0.08388836533060143,0.0,0.0,-0.0004180224158620643,4.266272737814963e-05,4.101179008555711e-06,-3.208231678402208e-05,0.000124436322926135,4.881352872083744e-06,0.0008506148256612279,0.0001944193051943565,-0.0001880680008361041,-0.00031038998730898,0.0007261782538624473,0.0001895379425595669,-0.0002445239728293515,7.329683800570003e-05,0.0,0.0,0.0006584456458165679,-8.388836533060143e-05
1,2326305.067153586,0.0,-0.2492447016650806,-0.005222160472235338,0.01672336657919522,-1.068041609151085,0.0,0.0,0.0,0.0,1.0,0.0,0.6567703447492584,-0.08050320687219102,0.0,0.0,-0.0004175075004274059,4.326963983049964e-05,4.034833618336002e-06,-3.34248995227345e-05,0.0001246223508325403,2.611080236117669e-06,0.0008547588081160986,0.0001853259549017092,-0.000193953629748504,-0.0002992540612966346,0.0007301362080388567,0.000182714869443431,-0.0002432974534110816,7.064775237724391e-05,0.0,0.0,0.0006567703447492584,-8.050320687219102e-05
1,2417315.480804062,0.0,-0.2494587382981844,-0.00067210451505062,-0.002887103135047864,-1.028706854088709,0.0,0.0,0.0,0.0,1.0,0.0,0.6552145872960409,-0.07717497957453338,0.0,0.0,-0.0004169916291468435,4.392259489370554e-05,3.959803610811117e-06,-3.481513802856176e-05,0.0001247293691490922,3.3605225752531e-07,0.0008585991455829405,0.0001763528746739275,-0.0001994247546760875,-0.0002883429922770228,0.0007338695269751097,0.0001760168217442978,-0.0002421827339135576,6.805720304953883e-05,0.0,0.0,0.0006552145872960409,-7.717497957453339e-05
1,2511886.431509537,0.0,-0.2495150411172586,0.003885902609781944,-0.02108462409676642,-0.9901934195039073,0.0,0.0,0.0,0.0,1.0,0.0,0.653772479273346,-0.07390521594277619,0.0,0.0,-0.000416472683394,4.46226034642519e-05,3.875723690136029e-06,-3.625469947426685e-05,0.0001247575205586293,-1.942951304890972e-06,0.0008621503554998802,0.0001675031765711785,-0.0002045021525363977,-0.0002776630919882216,0.0007373925854262096,0.000169446131761972,-0.0002411756742305022,6.552737857948299e-05,0.0,0.0,0.000653772479273346,-7.390521594277618e-05
1,2610157.215682491,0.0,-0.2494135400603739,0.008450368376032746,-0.03794093529498661,-0.9525184810270009,0.0,0.0,0.0,0.0,1.0,0.0,0.6524383469638949,-0.07069502595080547,0.0,0.0,-0.0004159485221087802,4.537057562385705e-05,3.782201302597606e-06,-3.774530324327029e-05,0.0001247067700301869,-4.225184188016374e-06,0.0008654263913752448,0.0001587788996168925,-0.000209205843108752,-0.0002672192288109683,0.0007407193719315178,0.0001630040922552773,-0.000240272349870501,6.30601980702375e-05,0.0,0.0,0.0006524383469638949,-7.069502595080547e-05
1,2712272.579331981,0.0,-0.2491538039895496,0.013019805888976,-0.0535248730751646,-0.9156945593860774,0.0,0.0,0.0,0.0,1.0,0.0,0.6512067519204598,-0.06754513922970912,0.0,0.0,-0.0004154169852940747,4.616732030372772e-05,3.678816217416997e-06,-3.928872043866101e-05,0.0001245769019947748,-6.509902944488e-06,0.0008684406060153392,0.0001501811161365899,-0.000213555037877462,-0.0002570149758049601,0.0007438634548667605,0.0001566910321008837,-0.0002394690628430211,6.065735319898957e-05,0.0,0.0,0.0006512067519204599,-6.754513922970912e-05
1,2818382.931264404,0.0,-0.2487350411819788,0.01759267220274519,-0.06790224158862965,-0.8797300302358179,0.0,0.0,0.0,0.0,1.0,0.0,0.6500725014475025,-0.06445594558510283,0.0,0.0,-0.0004148758976160404,4.701354429993004e-05,3.56512035689038e-06,-4.088677337981871e-05,0.0001243675205909894,-8.796336101372592e-06,0.0008712057257547357,0.0001417100339595375,-0.0002175681039503431,-0.0002470527529244591,0.0007468379564287054,0.0001505063876535824,-0.0002387623483686005,5.832034921048751e-05,0.0,0.0,0.0006500725014475025,-6.445594558510283e-05
1,2928644.564625185,0.0,-0.2481561059972445,0.02216730663072897,-0.08113573139083309,-0.8446296104529099,0.0,0.0,0.0,0.0,1.0,0.0,0.6490306552323307,-0.06142753363008639,0.0,0.0,-0.0004143230722877421,4.790985065119407e-05,3.440637897494892e-06,-4.254133510564081e-05,0.0001240780529986222,-1.108365331536448e-05,0.0008737338345307847,0.0001333650939378557,-0.0002212625414009587,-0.0002373339626735829,0.0007496555333760563,0.0001444487694205268,-0.000238148977726664,5.605054467044956e-05,0.0,0.0,0.0006490306552323307,-6.142753363008639e-05
1,3043219.887107668,0.0,-0.2474155118013652,0.02674186937851286,-0.09328488066485327,-0.8103948190322634,0.0,0.0,0.0,0.0,1.0,0.0,0.6480765285655746,-0.05845972738318608,0.0,0.0,-0.0004137563154165214,4.885673641744775e-05,3.304865665430572e-06,-4.425432890755892e-05,0.0001237077559006826,-1.337093468925643e-05,0.0008760363667250746,0.0001251450623907935,-0.0002246549724940691,-0.0002278591186815386,0.0007523283634088802,0.0001385160238219194,-0.0002376259575237877,5.384918981339581e-05,0.0,0.0,0.0006480765285655746,-5.845972738318608e-05
1,3162277.660168324,0.0,-0.2465114502692227,0.03131428086066346,-0.1044060739861529,-0.7770244113643469,0.0,0.0,0.0,0.0,1.0,0.0,0.6472056925556722,-0.05555212073182589,0.0,0.0,-0.0004131734309937912,4.985458992477071e-05,3.157273851415554e-06,-4.602772792066621e-05,0.0001232557251346114,-1.565714043033173e-05,0.0008781241077833983,0.0001170481182058476,-0.0002277611413763107,-0.0002186279668583397,0.0007548681361373367,0.0001327052899504602,-0.0002371905256331507,5.171746334807492e-05,0.0,0.0,0.0006472056925556722,-5.55521207318259e-05
1,3285993.247600596,0.0,-0.2454418172202025,0.03588216211195649,-0.1145525740023188,-0.7445147861886823,0.0,0.0,0.0,0.0,1.0,0.0,0.6464139717055687,-0.05270410970250961,0.0,0.0,-0.0004125722267017693,5.090368757054015e-05,2.997307070188436e-06,-4.786355480735006e-05,0.0001227209086101013,-1.794108105597825e-05,0.0008800072017175407,0.0001090719344253441,-0.0002305959229417841,-0.0002096395989352038,0.0007572860476656223,0.0001270130513634844,-0.0002368401440243466,4.965650760180296e-05,0.0,0.0,0.0006464139717055687,-5.270410970250961e-05
1,3414548.873833541,0.0,-0.2442042451640709,0.04044277676949204,-0.123774581858241,-0.7128603649140052,0.0,0.0,0.0,0.0,1.0,0.0,0.6456974391834871,-0.04991492250995862,0.0,0.0,-0.0004119505207043203,5.200419031296116e-05,2.824385789865292e-06,-4.976388157479999e-05,0.0001221021225820354,-2.022138838474602e-05,0.0008816951646829675,0.0001012137542194979,-0.0002331733397096146,-0.0002008925583042565,0.0007595927978966868,0.0001214351830470207,-0.0002365724886732676,4.766746189398263e-05,0.0,0.0,0.0006456974391834871,-4.991492250995862e-05
1,3548133.892335691,0.0,-0.2427961427414425,0.04499297518296452,-0.1321193226370039,-0.6820539432848819,0.0,0.0,0.0,0.0,1.0,0.0,0.6450524100847297,-0.04718364737998453,0.0,0.0,-0.0004113061495782345,5.315613999890695e-05,2.63790815479818e-06,-5.17308295755535e-05,0.0001213980713707212,-2.249648759148226e-05,0.0008831969039127808,9.347046119746119e-05,-0.0002355065856732526,-0.0001923849381529992,0.0007617985897459169,0.0001159669937819186,-0.0002363854367163371,4.575149402800266e-05,0.0,0.0,0.0006450524100847298,-4.718364737998453e-05
1,3686945.06451951,0.0,-0.2412147412319012,0.04952914130400743,-0.1396311524968123,-0.6520870155711412,0.0,0.0,0.0,0.0,1.0,0.0,0.6444754329490517,-0.04450925815596833,0.0,0.0,-0.0004106369775261224,5.43594557161145e-05,2.437252222621795e-06,-5.376656974873004e-05,0.0001206073706159506,-2.476457065200371e-05,0.0008845207413673899,8.583864403929341e-05,-0.0002376080561957164,-0.0001841144719439918,0.000763913129536698,0.0001106032642204384,-0.0002362770509931238,4.390982978366015e-05,0.0,0.0,0.0006444754329490518,-4.450925815596833e-05
1,3831186.849557219,0.0,-0.2394571482691895,0.05404714310909309,-0.1463516845542708,-0.6229500715741157,0.0,0.0,0.0,0.0,1.0,0.0,0.6439632797690734,-0.04189063770757968,0.0,0.0,-0.0004099409069918784,5.561393038717305e-05,2.221778631483554e-06,-5.58733231685859e-05,0.0001197285741345948,-2.702357155454655e-05,0.0008856744415288435,7.831465544702713e-05,-0.0002394893831282861,-0.0001760786163231927,0.0007659456279371002,0.0001053382810487168,-0.0002362455621077713,4.214378027728519e-05,0.0,0.0,0.0006439632797690735,-4.189063770757968e-05
1,3981071.705534901,0.0,-0.2375204088433018,0.05854228742018674,-0.152319930886269,-0.5946328667961701,0.0,0.0,0.0,0.0,1.0,0.0,0.6435129347000879,-0.03932659916392194,0.0,0.0,-0.0004092158907738133,5.691922785502207e-05,1.990833706762319e-06,-5.805336197624825e-05,0.0001187602044216509,-2.927114371009337e-05,0.0008866652428269584,7.08946654150565e-05,-0.0002411614744201081,-0.0001682746265552267,0.0007679048008848988,0.0001001658676674372,-0.0002362893481338254,4.045476703853565e-05,0.0,0.0,0.0006435129347000879,-3.932659916392194e-05
1,4136820.402388433,0.0,-0.2354015735805693,0.0630092800985127,-0.1575724582906417,-0.5671246661212119,0.0,0.0,0.0,0.0,1.0,0.0,0.6431215816610052,-0.03681590499276395,0.0,0.0,-0.0004084599456981031,5.827488073975248e-05,1.743753007644404e-06,-6.030901077960806e-05,0.0001177007867902847,-3.150464004925635e-05,0.0008874998922297547,6.357470881200614e-05,-0.0002426345575611051,-0.0001606996245843782,0.0007697988700378963,9.507941187054246e-05,-0.0002364069120898713,3.884434463026845e-05,0.0,0.0,0.0006431215816610052,-3.681590499276395e-05
1,4298662.3470822,0.0,-0.2330977741721945,0.06744219269366047,-0.1621435556556077,-0.540414461317638,0.0,0.0,0.0,0.0,1.0,0.0,0.6427865910003798,-0.03435728394405068,0.0,0.0,-0.0004076711678756822,5.968028937498523e-05,1.479865302532187e-06,-6.264264861494629e-05,0.0001165488870860973,-3.372109634683024e-05,0.0008881846825623024,5.6350727251181e-05,-0.0002439182262593902,-0.000153350659810178,0.0007716355623784308,9.007189104020383e-05,-0.000236596857325762,3.731422061503328e-05,0.0,0.0,0.0006427865910003798,-3.435728394405068e-05
1,4466835.921509551,0.0,-0.230606305667351,0.07183443672601547,-0.1660654109375591,-0.5144911626154056,0.0,0.0,0.0,0.0,1.0,0.0,0.6425055053906671,-0.03194944587062262,0.0,0.0,-0.0004068477495186539,6.113472215700522e-05,1.198496948263545e-06,-6.505671157142e-05,0.0001153031528336755,-3.591721836300774e-05,0.0008887254921353633,4.921860520789166e-05,-0.0002450214897964322,-0.0001462247626499343,0.000773422108695382,8.513589540533614e-05,-0.0002368578609814346,3.586627264932224e-05,0.0,0.0,0.0006425055053906671,-3.194944587062262e-05
1,4641588.833612694,0.0,-0.2279247151582072,0.07617874685734227,-0.1693682958357839,-0.4893437645394956,0.0,0.0,0.0,0.0,1.0,0.0,0.6422760251080986,-0.02959109443316803,0.0,0.0,-0.0004059879972375582,6.263731765836569e-05,8.989766314603571e-07,-6.755369618544654e-05,0.0001139623575791036,-3.808937342867114e-05,0.0008891278262680085,4.217420032269676e-05,-0.0002459528245284492,-0.0001393189909413114,0.00077516524076419,8.026364993011473e-05,-0.0002371886457127655,3.450256246758515e-05,0.0,0.0,0.0006422760251080985,-2.959109443316803e-05
1,4823178.482239218,0.0,-0.2250508961618897,0.08046717425352518,-0.1720807562828794,-0.4649614861167685,0.0,0.0,0.0,0.0,1.0,0.0,0.6420959928546977,-0.02728093769103662,0.0,0.0,-0.0004050903516782927,6.418708886964802e-05,5.806404110631803e-07,-7.013616371561816e-05,0.0001125254480809449,-4.023358712676259e-05,0.0008893968602771478,3.521336781326395e-05,-0.000246720227011387,-0.0001326304692199187,0.0007768711871453066,7.544703540720081e-05,-0.0002375879499210733,3.32253465047741e-05,0.0,0.0,0.0006420959928546976,-2.728093769103662e-05
1,5011872.336272631,0.0,-0.2219831877512929,0.08469109145560644,-0.1742298068449602,-0.4413338855257456,0.0,0.0,0.0,0.0,1.0,0.0,0.6419633782826439,-0.02501769657679754,0.0,0.0,-0.0004041534082884386,6.578292993483087e-05,2.42836979458867e-07,-7.280674540932586e-05,0.0001109915938756465,-4.234554572780322e-05,0.0008895374834825895,2.833197890749726e-05,-0.0002473312682204861,-0.0001261564208936206,0.0007785456676237554,7.06776093263919e-05,-0.0002380544967742551,3.203708290104232e-05,0.0,0.0,0.000641963378282644,-2.501769657679754e-05
1,5207948.328595368,0.0,-0.2187204772077765,0.08884121004069295,-0.1758411270525551,-0.4184509492421883,0.0,0.0,0.0,0.0,1.0,0.0,0.6418762623889152,-0.02280011125142801,0.0,0.0,-0.0004031759389276392,6.742362573553332e-05,-1.150669640383126e-07,-7.55681488690138e-05,0.0001093602386038883,-4.442060502034648e-05,0.0008895543437404742,2.152593321009166e-05,-0.0002477931483155971,-0.0001198941933305334,0.0007801938864161084,6.594662707164824e-05,-0.0002385869623665032,3.09404346380375e-05,0.0,0.0,0.0006418762623889152,-2.280011125142801e-05
1,5411695.265464537,0.0,-0.2152623046719354,0.09290761226357491,-0.1769392575703773,-0.3963031557598173,0.0,0.0,0.0,0.0,1.0,0.0,0.6418328219591107,-0.02062694533980364,0.0,0.0,-0.0004021569139579084,6.91078646550998e-05,-4.936813586320602e-07,-7.84231656181812e-05,0.0001076311523359677,-4.645380613178746e-05,0.0008894518919730514,1.479116492686779e-05,-0.0002481127513725721,-0.0001138412758848526,0.0007818205243747789,6.124506396626744e-05,-0.0002391839434283454,2.993826857565496e-05,0.0,0.0,0.0006418328219591108,-2.062694533980364e-05
1,5623413.251903387,0.0,-0.2116089679642358,0.09687979771450261,-0.1775477939734804,-0.3748815140457047,0.0,0.0,0.0,0.0,1.0,0.0,0.6418313142526322,-0.01849698805362878,0.0,0.0,-0.0004010955243696941,7.083425481295424e-05,-8.935876033063479e-07,-8.137467995422354e-05,0.0001058044839821179,-4.843989885725131e-05,0.0008892344261117847,8.123642898837372e-06,-0.0002482966994624583,-0.0001079953109066897,0.0007834297305206988,5.656363863588644e-05,-0.0002398439250664332,2.90336501931332e-05,0.0,0.0,0.0006418313142526322,-1.849698805362878e-05
1,5843414.133735067,0.0,-0.2077616254488833,0.100746745801665,-0.1776895757431063,-0.3541775770325959,0.0,0.0,0.0,0.0,1.0,0.0,0.6418700621357054,-0.01640905422183539,0.0,0.0,-0.0003999912034214435,7.26013440009339e-05,-1.315333735919036e-06,-8.442567915642044e-05,0.0001038808127244416,-5.037337290083252e-05,0.000888906133817608,1.519364443186756e-06,-0.0002483514054178217,-0.0001023540978214426,0.0007850251133315406,5.189283809076509e-05,-0.000240565249079833,2.822983389087416e-05,0.0,0.0,0.0006418700621357054,-1.640905422183539e-05
1,6072021.956909773,0.0,-0.2037223945379153,0.1044969945642885,-0.1773868679445135,-0.3341834306613122,0.0,0.0,0.0,0.0,1.0,0.0,0.6419474398826819,-0.01436198226726995,0.0,0.0,-0.0003988436471982562,7.440764347623266e-05,-1.759430175507642e-06,-8.757926509249517e-05,0.0001018611972689576,-5.224849728214423e-05,0.0008884711332911732,-5.025656937328044e-06,-0.0002482831235839986,-9.691559042243706e-05,0.0007866097322998211,4.722294484181076e-05,-0.0002413460834621659,2.753024878093466e-05,0.0,0.0,0.0006419474398826818,-1.436198226726995e-05
1,6309573.444801815,0.0,-0.1994944431966802,0.1081187359432638,-0.1766615329201491,-0.3148916592676503,0.0,0.0,0.0,0.0,1.0,0.0,0.6420618598780187,-0.0123546301933611,0.0,0.0,-0.0003976528334336538,7.625165566872705e-05,-2.226346253341811e-06,-9.083866723613054e-05,9.974722159834012e-05,-5.405936797163191e-05,0.0008879335114423041,-1.15154098312222e-05,-0.0002480979978176266,-9.167788759826946e-05,0.000788186090349521,4.254406625914562e-05,-0.0002421843937524988,2.693847998419194e-05,0.0,0.0,0.0006420618598780187,-1.23546301933611e-05
1,6556418.494179667,0.0,-0.1950820716365715,0.1115999271846113,-0.1755351892448505,-0.2962952884574608,0.0,0.0,0.0,0.0,1.0,0.0,0.6422117604595848,-0.01038586967520782,0.0,0.0,-0.0003964190378922348,7.813190574638973e-05,-2.716507773620289e-06,-9.420725707092763e-05,9.754103581828578e-05,-5.579996359230566e-05,0.0008872973586570057,-1.795390893333152e-05,-0.000247802105971041,-8.663921781280392e-05,0.0007897561277566482,3.78461662589013e-05,-0.0002430779169368992,2.645824556061528e-05,0.0,0.0,0.0006422117604595848,-1.038586967520782e-05
1,6812920.690579485,0.0,-0.1904907812865643,0.1149284175358979,-0.1740293551658039,-0.278387707023394,0.0,0.0,0.0,0.0,1.0,0.0,0.6423955951467455,-0.008454578385505599,0.0,0.0,-0.0003951428475852479,8.004697685174388e-05,-3.230295853666201e-06,-9.768856381423266e-05,9.524539064328217e-05,-5.746420876794897e-05,0.0008865667993877911,-2.434522443068115e-05,-0.0002474015000947119,-8.17979177690571e-05,0.0007913212182537276,3.311909926568535e-05,-0.0002440241386221917,2.609336932322959e-05,0.0,0.0,0.0006423955951467455,-8.4545783855056e-06
1,7079457.843841247,0.0,-0.1857273281413415,0.118092088831712,-0.1721655738082963,-0.2611625699142098,0.0,0.0,0.0,0.0,1.0,0.0,0.6426118234923363,-0.006559630725822789,0.0,0.0,-0.0003938251700905983,8.199554868047222e-05,-3.768047294479473e-06,-0.0001012862913481993,9.286366407067075e-05,-5.904604441585601e-05,0.0008857460178041093,-3.069351625935934e-05,-0.0002469022416062523,-7.715240581466273e-05,0.0007928821680061104,2.835264624858543e-05,-0.0002450202741986459,2.584774992295431e-05,0.0,0.0,0.0006426118234923362,-6.559630725822789e-06
1,7356422.544596274,0.0,-0.1807997577075435,0.1210790079720456,-0.1699655175858575,-0.2446136847539986,0.0,0.0,0.0,0.0,1.0,0.0,0.6428589037847223,-0.004699887176354542,0.0,0.0,-0.0003924672382777297,8.397643892330171e-05,-4.330056724215969e-06,-0.0001050043361970125,9.039987885377174e-05,-6.053950398602279e-05,0.0008848392777788644,-3.700307259226278e-05,-0.0002463104307183575,-7.270115078110427e-05,0.0007944392181253349,2.353655247276796e-05,-0.0002460632546746697,2.572532673476152e-05,0.0,0.0,0.0006428589037847224,-4.699887176354542e-06
1,7644222.742525859,0.0,-0.1757174190235739,0.1238775887030662,-0.1674510695230946,-0.2287348849003235,0.0,0.0,0.0,0.0,1.0,0.0,0.643135287803534,-0.002874182520371888,0.0,0.0,-0.0003910706097994612,8.59886469428417e-05,-4.91658073858204e-06,-0.0001088468063404322,8.785870951178693e-05,-6.193879435153311e-05,0.0008838509365578697,-4.327835177597023e-05,-0.0002456322294929177,-6.844263708483383e-05,0.0007959920513286639,1.866056645315148e-05,-0.0002471497178011938,2.573004322015474e-05,0.0,0.0,0.000643135287803534,-2.874182520371888e-06
1,7943282.347242665,0.0,-0.1704909556189071,0.1264767595439248,-0.1646443795884191,-0.2135198924990705,0.0,0.0,0.0,0.0,1.0,0.0,0.6434394177997824,-0.001081313240734904,0.0,0.0,-0.0003896371608082556,8.803139891398228e-05,-5.527844232746611e-06,-0.0001128180406071282,8.524547780945354e-05,-6.323837977196238e-05,0.000882785451563461,-4.952402679988257e-05,-0.0002448738779964247,-6.437532704798049e-05,0.0007975398032630514,1.371447944883942e-05,-0.0002482760050041468,2.58658085779094e-05,0.0,0.0,0.0006434394177997824,-1.081313240734904e-06
1,8254041.852680027,0.0,-0.1651322718047227,0.12886613419968,-0.1615678946417875,-0.1989621754086187,0.0,0.0,0.0,0.0,1.0,0.0,0.6437697258279068,0.0006799755776169593,0.0,0.0,-0.0003881690734839766,9.010419352945345e-05,-6.164049079281448e-06,-0.0001169226283493322,8.256613590236137e-05,-6.443306709984e-05,0.0008816473799212601,-5.574503126073475e-05,-0.0002440417031726346,-6.049762151098048e-05,0.0007990810788866269,8.688164705239467e-06,-0.0002494381645110812,2.613645861722358e-05,0.0,0.0,0.0006437697258279069,6.799755776169594e-07
1,8576958.985908778,0.0,-0.1596544733387341,0.1310361803937407,-0.1582443612209598,-0.1850548021948542,0.0,0.0,0.0,0.0,1.0,0.0,0.6441246355046194,0.002411003476088822,0.0,0.0,-0.0003866688171208655,9.220684726854098e-05,-6.825385256646979e-06,-0.000121165429065842,7.982723666936705e-05,-6.551809019687035e-05,0.0008804413704678456,-6.194660568946738e-05,-0.0002431421202198725,-5.680781990028576e-05,0.0008006139741440049,3.571615543583259e-06,-0.0002506319608946333,2.654571688493791e-05,0.0,0.0,0.0006441246355046195,2.411003476088822e-06
1,8912509.381337285,0.0,-0.1540717822635761,0.1329783827765054,-0.1546968011012031,-0.1717902996109627,0.0,0.0,0.0,0.0,1.0,0.0,0.6445025662087208,0.004113167599438975,0.0,0.0,-0.0003851391227082303,9.433953815647829e-05,-7.51204447440503e-06,-0.0001255515916159769,7.703589113178807e-05,-6.648919138825273e-05,0.0008791721481918686,-6.813434304368896e-05,-0.0002421816264575527,-5.330408097284899e-05,0.0008021361029882983,-1.645018677053442e-06,-0.0002518528910661396,2.709715714455455e-05,0.0,0.0,0.0006445025662087208,4.113167599438975e-06
1,9261187.281287758,0.0,-0.1483994265510653,0.1346853954487217,-0.1509484603417183,-0.1591605170453384,0.0,0.0,0.0,0.0,1.0,0.0,0.6449019396695687,0.005787955032066461,0.0,0.0,-0.0003835829511456678,9.65028469101549e-05,-8.224236276951354e-06,-0.0001300865726549431,7.419971327553266e-05,-6.734269772436084e-05,0.0008778444912748256,-7.431423214487524e-05,-0.0002411667878822082,-4.998438547800148e-05,0.0008036446295998668,-6.971399735118849e-06,-0.0002530962065446646,2.77941683310013e-05,0.0,0.0,0.0006449019396695686,5.787955032066461e-06
1,9623506.263980702,0.0,-0.1426535060568042,0.1361511796999079,-0.1470227333435606,-0.1471565023274403,0.0,0.0,0.0,0.0,1.0,0.0,0.6453211888225469,0.007436954111245582,0.0,0.0,-0.0003820034554492873,9.869779437914235e-05,-8.962206540060955e-06,-0.000134776153922882,7.132675302840209e-05,-6.807558984995393e-05,0.0008764632011206998,-8.049269786051951e-05,-0.0002401042188382144,-4.684650195111693e-05,0.0008051363054387916,-1.241697185938581e-05,-0.0002543569416089287,2.863992308662581e-05,0.0,0.0,0.0006453211888225468,7.436954111245582e-06
1,10000000.0,0.0,-0.1368508371575382,0.1373711228156738,-0.1429430642488778,-0.1357683930140502,0.0,0.0,0.0,0.0,1.0,0.0,0.6457587687410573,0.00906186435683011,0.0,0.0,-0.0003804039375204836,0.0001009258742516415,-9.726258207356978e-06,-0.0001396264580365485,6.842541857876911e-05,-6.86855614078369e-05,0.0008750330659851963,-8.667663690066367e-05,-0.0002390005554514955,-4.388795677905465e-05,0.0008066075105555901,-1.799093812170395e-05,-0.0002556299467230778,2.963735091833161e-05,0.0,0.0,0.0006457587687410573,9.06186435683011e-06
2,10.0,0.0,-1.101527968150329e-05,-1.101308199901181e-05,10.97891141426451,-0.0005467177747123402,0.0,0.0,0.0,0.0,1.0,0.0,0.9980878651430727,-1.51692385482957e-05,0.0,0.0,-0.0002257738046188562,-1.012591864614078e-08,-9.98084953907283e-13,-5.723912947192882e-11,5.507639840751644e-09,5.506540999505907e-09,5.509232844139292e-09,3.792837593863685e-08,0.0009980823549121437,-5.315485361640446e-08,1.581987971494464e-12,3.242182392604894e-08,-0.0007722039232243016,2.534691499993184e-08,0.0,0.0,0.0009980878651430728,-1.516923854829569e-08
2,10.39122303835169,0.0,-1.101532340652689e-05,-1.144393913692213e-05,10.97891141213669,-0.0005681066334988922,0.0,0.0,0.0,0.0,1.0,0.0,0.9980878650839616,-1.576269410473469e-05,0.0,0.0,-0.0002257738046588242,-1.052206791000206e-08,-9.977787612836694e-13,-5.947845610197967e-11,5.507661703263444e-09,5.721969568461067e-09,5.509380909861539e-09,3.941222137857909e-08,0.000998082354705273,-5.523439393941575e-08,1.708191318396825e-12,3.369024036617887e-08,-0.0007722039231257138,2.633854470484928e-08,0.0,0.0,0.0009980878650839616,-1.576269410473469e-08
2,10.7977516232771,0.0,-1.101537062031532e-05,-1.189165239842082e-05,10.97891140983912,-0.0005903322737044208,0.0,0.0,0.0,0.0,1.0,0.0,0.9980878650201349,-1.637936700939982e-05,0.0,0.0,-0.0002257738047017899,-1.093371544548489e-08,-9.974481420939348e-13,-6.180539035073986e-11,5.507685310157661e-09,5.945826199210411e-09,5.509540787744532e-09,4.095411826975155e-08,0.0009980823544818984,-5.739529066950211e-08,1.844462557730848e-12,3.500828017888874e-08,-0.0007722039230191324,2.736896924775833e-08,0.0,0.0,0.0009980878650201349,-1.637936700939982e-08
2,11.22018454301963,0.0,-1.10154216002023e-05,-1.235688123386342e-05,10.97891140735826,-0.0006134274321442381,0.0,0.0,0.0,0.0,1.0,0.0,0.9980878649512162,-1.702016557839805e-05,0.0,0.0,-0.0002257738047481972,-1.136146758065008e-08,-9.970911477048234e-13,-6.42233596303189e-11,5.507710800101151e-09,6.178440616931713e-09,5.509713420541871e-09,4.255633771855565e-08,0.0009980823542407042,-5.9640726656584e-08,1.991604857240647e-12,3.637788474474271e-08,-0.0007722039229041133,2.843970637202476e-08,0.0,0.0,0.0009980878649512163,-1.702016557839805e-08
2,11.65914401179831,0.0,-1.101547664705826e-05,-1.284031089281861e-05,10.97891140467949,-0.0006374261263730955,0.0,0.0,0.0,0.0,1.0,0.0,0.9980878648767997,-1.768603366324963e-05,0.0,0.0,-0.0002257738047984903,-1.180595436448912e-08,-9.967056740305482e-13,-6.673592544111239e-11,5.507738323529132e-09,6.420155446409306e-09,5.509899824416961e-09,4.422123968229386e-08,0.000998082353980269,-6.19740092709846e-08,2.150485457506017e-12,3.780107139557365e-08,-0.0007722039227801014,2.955233319864054e-08,0.0,0.0,0.0009980878648767997,-1.768603366324963e-08
2,12.11527658628588,0.0,-1.101553608506833e-05,-1.334265343339229e-05,10.97891140178703,-0.000662363704790636,0.0,0.0,0.0,0.0,1.0,0.0,0.9980878647964466,-1.83779520411146e-05,0.0,0.0,-0.0002257738048527802,-1.226783049500463e-08,-9.962894491315422e-13,-6.934678861764854e-11,5.507768042534167e-09,6.671326716696145e-09,5.510101098689817e-09,4.595127644521991e-08,0.000998082353699058,-6.439857527495214e-08,2.32204078336306e-12,3.927993638587033e-08,-0.000772203922645931,3.070848854915079e-08,0.0,0.0,0.0009980878647964466,-1.83779520411146e-08
2,12.58925411794167,0.0,-1.101560026484094e-05,-1.386464877103893e-05,10.97891139866381,-0.0006882768987070877,0.0,0.0,0.0,0.0,1.0,0.0,0.9980878647096834,-1.909693985940823e-05,0.0,0.0,-0.000225773804911289,-1.274777628343881e-08,-9.958400198238958e-13,-7.205979477966396e-11,5.507800132420471e-09,6.932324385519464e-09,5.510318429718174e-09,4.774899623058006e-08,0.0009980823533954132,-6.691799588476796e-08,2.507281963089168e-12,4.081665798041181e-08,-0.0007722039225010469,3.190987535959936e-08,0.0,0.0,0.0009980878647096833,-1.909693985940823e-08
2,13.08177474260194,0.0,-1.101566956474009e-05,-1.440706576840459e-05,10.97891139529144,-0.0007152038764458801,0.0,0.0,0.0,0.0,1.0,0.0,0.9980878646159983,-1.984405613693293e-05,0.0,0.0,-0.0002257738049743496,-1.324649865639467e-08,-9.953547372205599e-13,-7.48789399964392e-11,5.507834782370047e-09,7.203532884202293e-09,5.510553098972248e-09,4.961704695396537e-08,0.0009980823530675441,-6.953598203089472e-08,2.707300787881853e-12,4.241349966269731e-08,-0.000772203922344783,3.315826318877978e-08,0.0,0.0,0.0009980878646159983,-1.984405613693293e-08
2,13.59356390878525,0.0,-1.101574439288378e-05,-1.497070336780685e-05,10.97891139165004,-0.0007431842995628805,0.0,0.0,0.0,0.0,1.0,0.0,0.9980878645148398,-2.062040132373786e-05,0.0,0.0,-0.0002257738050426283,-1.376473219705644e-08,-9.948307411190969e-13,-7.780837667273588e-11,5.507872196441888e-09,7.485351683903428e-09,5.510806488317684e-09,5.155818012350369e-08,0.0009980823527135205,-7.225638982391427e-08,2.923276146755906e-12,4.407281346889689e-08,-0.0007722039221759736,3.445549082470469e-08,0.0,0.0,0.0009980878645148399,-2.062040132373786e-08
2,14.12537544622754,0.0,-1.101582519047462e-05,-1.555639176802033e-05,10.97891138771815,-0.0007722593812650446,0.0,0.0,0.0,0.0,1.0,0.0,0.9980878644056115,-2.142711892200365e-05,0.0,0.0,-0.0002257738051161251,-1.430324022720295e-08,-9.94264943143964e-13,-8.08524196650071e-11,5.507912595237307e-09,7.778195884010163e-09,5.511080091410685e-09,5.357525489263545e-08,0.0009980823523312544,-7.50832262343041e-08,3.156480974785441e-12,4.579704345223352e-08,-0.0007722039219935639,3.580346899298691e-08,0.0,0.0,0.0009980878644056115,-2.142711892200365e-08
2,14.67799267622069,0.0,-1.101591243357625e-05,-1.616499364710031e-05,10.9789113834726,-0.0008024719471145428,0.0,0.0,0.0,0.0,1.0,0.0,0.998087864287669,-2.226539717033982e-05,0.0,0.0,-0.0002257738051957281,-1.486281593151173e-08,-9.936540085439685e-13,-8.401555263688743e-11,5.507956216788124e-09,8.082496823550153e-09,5.511375522326744e-09,5.567124227144361e-08,0.0009980823519184928,-7.80206549944203e-08,3.408289755643031e-12,4.758872928289979e-08,-0.0007722039217968324,3.720418317119793e-08,0.0,0.0,0.0009980878642876691,-2.226539717033982e-08
2,15.25222956539018,0.0,-1.101600663688806e-05,-1.679740543304598e-05,10.97891137888834,-0.0008338664981077618,0.0,0.0,0.0,0.0,1.0,0.0,0.9980878641603179,-2.313647079397563e-05,0.0,0.0,-0.0002257738052816594,-1.544428352583436e-08,-9.929943365376085e-13,-8.730243466332592e-11,5.508003318444032e-09,8.398702716522988e-09,5.511694520839347e-09,5.784922950273966e-08,0.0009980823514728026,-8.107300273137863e-08,3.680186622655006e-12,4.945050998881124e-08,-0.0007722039215842802,3.865969651334735e-08,0.0,0.0,0.0009980878641603179,-2.313647079397563e-08
2,15.84893192461113,0.0,-1.101610835507749e-05,-1.745455862417509e-05,10.97891137393838,-0.0008664892762220986,0.0,0.0,0.0,0.0,1.0,0.0,0.9980878640228072,-2.404162282342226e-05,0.0,0.0,-0.000225773805374363,-1.604849947128595e-08,-9.922820390904666e-13,-9.071790709308836e-11,5.508054177538746e-09,8.727279312087548e-09,5.51203896771739e-09,6.011242460935228e-08,0.0009980823509915576,-8.424476533986765e-08,3.973774106119669e-12,5.138512784270613e-08,-0.0007722039213547971,4.017215288877965e-08,0.0,0.0,0.0009980878640228072,-2.404162282342226e-08
2,16.46897865482867,0.0,-1.101621818788701e-05,-1.813742116115408e-05,10.97891136859354,-0.000900388332527087,0.0,0.0,0.0,0.0,1.0,0.0,0.9980878638743268,-2.498218648428501e-05,0.0,0.0,-0.0002257738054745051,-1.667635373566026e-08,-9.915129179995628e-13,-9.426700067973783e-11,5.508109093943503e-09,9.068710580577042e-09,5.512410892511954e-09,6.246416111931547e-08,0.0009980823504719212,-8.75406146042802e-08,4.29078257844411e-12,5.339543240131726e-08,-0.0007722039211071063,4.174378003991299e-08,0.0,0.0,0.0009980878638743268,-2.498218648428501e-08
2,17.11328304161779,0.0,-1.101633678279867e-05,-1.884699885270563e-05,10.9789113628223,-0.0009356135979601834,0.0,0.0,0.0,0.0,1.0,0.0,0.998087863714001,-2.595954716100918e-05,0.0,0.0,-0.0002257738055826408,-1.732877110433169e-08,-9.906824401496095e-13,-9.79549429915967e-11,5.508168391399338e-09,9.423499426352816e-09,5.512812488293832e-09,6.490790297591665e-08,0.0009980823499108303,-9.096540507991742e-08,4.633080452768216e-12,5.5484384702565e-08,-0.0007722039208395981,4.337689286353644e-08,0.0,0.0,0.000998087863714001,-2.595954716100918e-08
2,17.78279410038921,0.0,-1.101646483836483e-05,-1.958433685709257e-05,10.97891135659068,-0.0009722169568714566,0.0,0.0,0.0,0.0,1.0,0.0,0.9980878635408856,-2.697514443745202e-05,0.0,0.0,-0.0002257738056994363,-1.800671254244696e-08,-9.897857107953305e-13,-1.017871661116035e-10,5.508232419182413e-09,9.792168428546288e-09,5.513246120557534e-09,6.744724963983682e-08,0.0009980823493049794,-9.452418124340045e-08,5.002685195185392e-12,5.765506162695368e-08,-0.000772203920550607,4.507389682050384e-08,0.0,0.0,0.0009980878635408856,-2.697514443745202e-08
2,18.47849797422289,0.0,-1.101660310953712e-05,-2.035052122156071e-05,10.97891134986192,-0.001010252323445499,0.0,0.0,0.0,0.0,1.0,0.0,0.9980878633539597,-2.803047421728605e-05,0.0,0.0,-0.0002257738058253356,-1.871117661024935e-08,-9.888174447123747e-13,-1.057693146384088e-10,5.508301554768558e-09,1.017526061078036e-08,5.513714346402356e-09,7.008594139089679e-08,0.0009980823486507957,-9.822218492282127e-08,5.401775215464779e-12,5.991066042959524e-08,-0.0007722039202386344,4.683729147883872e-08,0.0,0.0,0.0009980878633539597,-2.803047421728605e-08
2,19.201419386388,0.0,-1.101675241144129e-05,-2.114668048200842e-05,10.97891134259637,-0.001049775721113144,0.0,0.0,0.0,0.0,1.0,0.0,0.9980878631521216,-2.912709092735764e-05,0.0,0.0,-0.0002257738059615599,-1.944320093396837e-08,-9.877719350467853e-13,-1.099072540004937e-10,5.508376205720644e-09,1.057334024100421e-08,5.514219925382018e-09,7.282786483722051e-08,0.0009980823479444252,-1.020648630185787e-07,5.832702706357612e-12,6.225450344953581e-08,-0.0007722039199018482,4.86696741953393e-08,0.0,0.0,0.0009980878631521215,-2.912709092735764e-08
2,19.95262314968878,0.0,-1.101691362359603e-05,-2.197398732523787e-05,10.97891133475121,-0.001090845365069921,0.0,0.0,0.0,0.0,1.0,0.0,0.9980878629341822,-3.026660980724505e-05,0.0,0.0,-0.0002257738061085535,-2.020386373410436e-08,-9.866430196794364e-13,-1.142070790955556e-10,5.508456811798013e-09,1.098699366261894e-08,5.514765836195453e-09,7.5677058639927e-08,0.0009980823471817024,-1.060578755262676e-07,6.298007507160946e-12,6.469004300332072e-08,-0.0007722039195381947,5.057374394139595e-08,0.0,0.0,0.0009980878629341822,-3.026660980724504e-08
2,20.73321573485953,0.0,-1.101708769679632e-05,-2.283366031623829e-05,10.9789113262802,-0.001133521748022829,0.0,0.0,0.0,0.0,1.0,0.0,0.9980878626988564,-3.145070928838966e-05,0.0,0.0,-0.0002257738062672043,-2.099428541373728e-08,-9.854240449071855e-13,-1.186751232678913e-10,5.508543848398162e-09,1.141683015811914e-08,5.515355297531437e-09,7.863771946178642e-08,0.0009980823463581342,-1.10207103873444e-07,6.800432073249277e-12,6.722086647000697e-08,-0.0007722039191454533,5.255230527822515e-08,0.0,0.0,0.0009980878626988565,-3.145070928838966e-08
2,21.54434690031881,0.0,-1.10172756571103e-05,-2.372696569304304e-05,10.97891131713342,-0.001177867729291694,0.0,0.0,0.0,0.0,1.0,0.0,0.9980878624447574,-3.268113346630328e-05,0.0,0.0,-0.0002257738064384007,-2.181563020847905e-08,-9.841078262266825e-13,-1.233179676369959e-10,5.508637828555152e-09,1.186348284652152e-08,5.515991783376173e-09,8.171420814859883e-08,0.000998082345468866,-1.145186595825391e-07,7.342937639802511e-12,6.985070157511162e-08,-0.0007722039187214591,5.460827248801191e-08,0.0,0.0,0.0009980878624447575,-3.268113346630328e-08
2,22.38721138568337,0.0,-1.101747861165236e-05,-2.465521923180618e-05,10.97891130725695,-0.001223948627396362,0.0,0.0,0.0,0.0,1.0,0.0,0.9980878621703877,-3.395969466949369e-05,0.0,0.0,-0.0002257738066233639,-2.266910790166114e-08,-9.826866059897057e-13,-1.281424507911217e-10,5.508739305826182e-09,1.232760961590309e-08,5.516679044981932e-09,8.491105615240204e-08,0.0009980823445086562,-1.189988932726869e-07,7.92872167499759e-12,7.258342188127972e-08,-0.0007722039182635476,5.674467386620509e-08,0.0,0.0,0.0009980878621703878,-3.395969466949369e-08
2,23.26305067153623,0.0,-1.101769775635475e-05,-2.561978818484408e-05,10.97891129659258,-0.001271832316266102,0.0,0.0,0.0,0.0,1.0,0.0,0.9980878618741302,-3.528827612889195e-05,0.0,0.0,-0.000225773806823315,-2.355597560597684e-08,-9.811520076804441e-13,-1.331556788600725e-10,5.508848878177375e-09,1.280989409242204e-08,5.517421132551949e-09,8.823297220596895e-08,0.0009980823434718453,-1.23654404013721e-07,8.56123672553084e-12,7.542305249375875e-08,-0.0007722039177691098,5.896465618213527e-08,0.0,0.0,0.0009980878618741302,-3.528827612889194e-08
2,24.17315480804101,0.0,-1.101793438462728e-05,-2.662209329449786e-05,10.97891128507746,-0.001321589325212923,0.0,0.0,0.0,0.0,1.0,0.0,0.9980878615542387,-3.66688347517134e-05,0.0,0.0,-0.0002257738070390314,-2.44775396153528e-08,-9.794949865452475e-13,-1.383650359820754e-10,5.508967192313641e-09,1.331104664724893e-08,5.518222420541292e-09,9.168484925842548e-08,0.0009980823423523222,-1.28492049046121e-07,9.24421076554442e-12,7.837377598908323e-08,-0.0007722039172353701,6.12714893138909e-08,0.0,0.0,0.0009980878615542387,-3.66688347517134e-08
2,25.11886431509577,0.0,-1.101818988891168e-05,-2.766361088578201e-05,10.97891127264372,-0.001373292942816047,0.0,0.0,0.0,0.0,1.0,0.0,0.9980878612088275,-3.810340400383751e-05,0.0,0.0,-0.0002257738072718452,-2.543515732879125e-08,-9.777057762838486e-13,-1.437781951801384e-10,5.509094944455839e-09,1.383180544289101e-08,5.519087631880315e-09,9.52717716822033e-08,0.0009980823411434897,-1.335189538812209e-07,9.981669168890892e-12,8.14399385757014e-08,-0.0007722039166588868,6.366857106463575e-08,0.0,0.0,0.0009980878612088275,-3.810340400383751e-08
2,26.10157215682533,0.0,-1.101846577644672e-05,-2.874587504090153e-05,10.97891125921808,-0.001427019324870563,0.0,0.0,0.0,0.0,1.0,0.0,0.9980878608358614,-3.959409690495271e-05,0.0,0.0,-0.0002257738075234217,-2.643023924986919e-08,-9.757738314878839e-13,-1.494031296639258e-10,5.509232888223359e-09,1.437293752045076e-08,5.520021864911148e-09,9.899902276194433e-08,0.0009980823398382222,-1.38742522796561e-07,1.07779584342382e-11,8.462605649561858e-08,-0.0007722039160365513,6.615943216737425e-08,0.0,0.0,0.0009980878608358615,-3.959409690495271e-08
2,27.12272579332025,0.0,-1.101876367237686e-05,-2.98704798588408e-05,10.97891124472142,-0.001482847606559249,0.0,0.0,0.0,0.0,1.0,0.0,0.9980878604331419,-4.114310914087727e-05,0.0,0.0,-0.0002257738077949822,-2.746425106432725e-08,-9.73687765487431e-13,-1.552481245737887e-10,5.509381836188432e-09,1.49352399294204e-08,5.521030626511774e-09,1.028720924763861e-07,0.0009980823384288277,-1.441704497418372e-07,1.163777180284771e-11,8.793682267648582e-08,-0.0007722039153644777,6.874774148527972e-08,0.0,0.0,0.000998087860433142,-4.114310914087727e-08
2,28.1838293126445,0.0,-1.101908533396312e-05,-3.103908180335213e-05,10.97891122906826,-0.001540860019012775,0.0,0.0,0.0,0.0,1.0,0.0,0.998087859998295,-4.275272229764002e-05,0.0,0.0,-0.0002257738080881921,-2.85387157987569e-08,-9.714352832392515e-13,-1.613217891842572e-10,5.50954266698156e-09,1.551954090167606e-08,5.522119863223634e-09,1.068966855846892e-07,0.0009980823369069968,-1.498107296715135e-07,1.256617692001367e-11,9.13771136439313e-08,-0.0007722039146388915,7.143731141591371e-08,0.0,0.0,0.000998087859998295,-4.275272229764002e-08
2,29.28644564625232,0.0,-1.101943265569005e-05,-3.225340214280228e-05,10.97891121216639,-0.001601142010429991,0.0,0.0,0.0,0.0,1.0,0.0,0.9980878595287584,-4.442530722208566e-05,0.0,0.0,-0.0002257738084044947,-2.965521606407219e-08,-9.690031088611767e-13,-1.676330695849633e-10,5.509716327845027e-09,1.612670107140114e-08,5.523295992969631e-09,1.1107873002912e-07,0.0009980823352637627,-1.556716703207906e-07,1.356864570319744e-11,9.49519967043167e-08,-0.0007722039138551295,7.423210350634968e-08,0.0,0.0,0.0009980878595287584,-4.442530722208566e-08
2,30.43219887107717,0.0,-1.101980768503097e-05,-3.351522948547048e-05,10.97891119391615,-0.001663782371936662,0.0,0.0,0.0,0.0,1.0,0.0,0.9980878590217646,-4.616332751395268e-05,0.0,0.0,-0.0002257738087466654,-3.081539638647671e-08,-9.663769073855526e-13,-1.741912618576799e-10,5.509903842515485e-09,1.675761474273524e-08,5.524565948702578e-09,1.154243856664606e-07,0.000998082333489439,-1.61761904442271e-07,1.465108659289539e-11,9.866673740849587e-08,-0.0007722039130091951,7.713623428849139e-08,0.0,0.0,0.0009980878590217647,-4.616332751395268e-08
2,31.62277660168374,0.0,-1.102021263243991e-05,-3.482642241403202e-05,10.97891117421,-0.001728873368368039,0.0,0.0,0.0,0.0,1.0,0.0,0.998087858474325,-4.796934315456838e-05,0.0,0.0,-0.0002257738091159256,-3.20209656297474e-08,-9.635412002705487e-13,-1.810060257688808e-10,5.510106316219954e-09,1.741321120701601e-08,5.525937215678043e-09,1.199400533410098e-07,0.000998082331573568,-1.680904025213471e-07,1.581987937632343e-11,1.025268073075714e-07,-0.0007722039120957036,8.015398134214829e-08,0.0,0.0,0.000998087858474325,-4.796934315456838e-08
2,32.85993247600649,0.0,-1.102064988445228e-05,-3.61889122231083e-05,10.9789111529318,-0.00179651087416791,0.0,0.0,0.0,0.0,1.0,0.0,0.9980878578832135,-4.984601427750564e-05,0.0,0.0,-0.0002257738095142736,-3.327369951233185e-08,-9.604792741713744e-13,-1.88087398997992e-10,5.510324942226141e-09,1.809445611155415e-08,5.527417875391635e-09,1.246323843125369e-07,0.0009980823295048591,-1.746664859890405e-07,1.708191278916491e-11,1.065378920120704e-07,-0.0007722039111091039,8.32897895957274e-08,0.0,0.0,0.0009980878578832136,-4.984601427750564e-08
2,34.14548873833596,0.0,-1.102112201833982e-05,-3.760470576391424e-05,10.97891112995611,-0.001866794514604255,0.0,0.0,0.0,0.0,1.0,0.0,0.9980878572449459,-5.179610508675429e-05,0.0,0.0,-0.0002257738099449291,-3.45754432227015e-08,-9.571730824337118e-13,-1.954458119222962e-10,5.510561009169912e-09,1.880235288195712e-08,5.529016655355745e-09,1.295082900530735e-07,0.0009980823272711169,-1.8149984095175e-07,1.844462511700156e-11,1.107058995664106e-07,-0.0007722039100440115,8.654827787326941e-08,0.0,0.0,0.000998087857244946,-5.179610508675429e-08
2,35.48133892335748,0.0,-1.102163181698756e-05,-3.90758884001947e-05,10.97891110514755,-0.001939827812509548,0.0,0.0,0.0,0.0,1.0,0.0,0.9980878565557605,-5.382248792817953e-05,0.0,0.0,-0.0002257738104096685,-3.592811413727023e-08,-9.536031387287745e-13,-2.030921029802628e-10,5.510815908493782e-09,1.953794420009735e-08,5.530742977769216e-09,1.345749524269771e-07,0.000998082324859179,-1.886005324581369e-07,1.991604803572803e-11,1.150369691509914e-07,-0.0007722039088940424,8.993424569762756e-08,0.0,0.0,0.0009980878565557605,-5.382248792817953e-08
2,36.86945064519569,0.0,-1.102218228488105e-05,-4.060462707980091e-05,10.97891107835987,-0.002015718340761766,0.0,0.0,0.0,0.0,1.0,0.0,0.998087855811595,-5.592814752026178e-05,0.0,0.0,-0.0002257738109113783,-3.733370464452422e-08,-9.497484022030945e-13,-2.110375346359396e-10,5.511091142440528e-09,2.030231353990045e-08,5.532607018476758e-09,1.398398342692527e-07,0.0009980823222548278,-1.959790193241504e-07,2.150485394933906e-11,1.195374801247251e-07,-0.000772203907652147,9.345268035969626e-08,0.0,0.0,0.000998087855811595,-5.592814752026178e-08
2,38.31186849557281,0.0,-1.102277666631402e-05,-4.219317352643359e-05,10.9789110494352,-0.002094577880730753,0.0,0.0,0.0,0.0,1.0,0.0,0.9980878550080636,-5.811618535035182e-05,0.0,0.0,-0.0002257738114531671,-3.879428507969974e-08,-9.455861534661233e-13,-2.192938099679202e-10,5.511388333157008e-09,2.10965867632168e-08,5.534619763138249e-09,1.453106903777204e-07,0.0009980823194427138,-2.036461695380401e-07,2.322040710409335e-11,1.2421406142133e-07,-0.0007722039063111641,9.710876426436863e-08,0.0,0.0,0.0009980878550080636,-5.811618535035182e-08
2,39.81071705534965,0.0,-1.102341846492827e-05,-4.384386755625181e-05,10.97891101820307,-0.00217652258692327,0.0,0.0,0.0,0.0,1.0,0.0,0.9980878541404306,-6.038982424291413e-05,0.0,0.0,-0.0002257738120382546,-4.031200677403395e-08,-9.41091860684735e-13,-2.278730899073214e-10,5.511709232464135e-09,2.19219337781259e-08,5.536793074528889e-09,1.509955789352141e-07,0.000998082316406264,-2.116132762680356e-07,2.50728187803137e-11,1.290736013132206e-07,-0.0007722039048632667,1.00907882563862e-07,0.0,0.0,0.0009980878541404306,-6.038982424291413e-08
2,41.36820402388499,0.0,-1.102411146258753e-05,-4.55591405242335e-05,10.97891098447939,-0.002261673158069231,0.0,0.0,0.0,0.0,1.0,0.0,0.9980878532035818,-6.275241310648805e-05,0.0,0.0,-0.0002257738126700826,-4.188910522376593e-08,-9.362390349954046e-13,-2.367880111501687e-10,5.512055731293763e-09,2.277957026211675e-08,5.539139762351658e-09,1.56902873378636e-07,0.0009980823131275805,-2.198920744962743e-07,2.707300688711742e-11,1.341232575573788e-07,-0.0007722039032999617,1.048556310894697e-07,0.0,0.0,0.000998087853203582,-6.275241310648805e-08
2,42.98662347082268,0.0,-1.102485974469047e-05,-4.734151890536305e-05,10.97891094806539,-0.00235015501490112,0.0,0.0,0.0,0.0,1.0,0.0,0.9980878521919959,-6.52074318663577e-05,0.0,0.0,-0.0002257738133522036,-4.352790338273669e-08,-9.309990743818875e-13,-2.460517047705664e-10,5.512429872345237e-09,2.367075945268153e-08,5.541673657467889e-09,1.63041274732348e-07,0.0009980823095873395,-2.284947583034763e-07,2.923276031132048e-11,1.393704679381476e-07,-0.0007722039016118121,1.089578245938561e-07,0.0,0.0,0.000998087852191996,-6.52074318663577e-08
2,44.66835921509622,0.0,-1.102566772082092e-05,-4.919362801592e-05,10.97891090874646,-0.002442098484888403,0.0,0.0,0.0,0.0,1.0,0.0,0.9980878510997105,-6.775849659019515e-05,0.0,0.0,-0.0002257738140887255,-4.523081508371108e-08,-9.253410950982268e-13,-2.556778155620833e-10,5.51283386041046e-09,2.459681400796e-08,5.544409694521106e-09,1.694198244240635e-07,0.000998082305764675,-2.374339988298208e-07,3.156480839977919e-11,1.448229612224754e-07,-0.0007722038997890479,1.132205053157249e-07,0.0,0.0,0.0009980878510997106,-6.775849659019516e-08
2,46.41588833612769,0.0,-1.102654015339155e-05,-5.111819588035171e-05,10.97891086629086,-0.00253763899419905,0.0,0.0,0.0,0.0,1.0,0.0,0.9980878499202881,-7.040936481422765e-05,0.0,0.0,-0.0002257738148840893,-4.700034859404594e-08,-9.19231749643525e-13,-2.656805221358352e-10,5.513270076695776e-09,2.555909794017586e-08,5.547363998953557e-09,1.760479176021187e-07,0.0009980823016370573,-2.467229629384823e-07,3.408289598469003e-11,1.50488768543747e-07,-0.0007722038978208445,1.1764995187952e-07,0.0,0.0,0.0009980878499202882,-7.040936481422765e-08
2,48.23178482239296,0.0,-1.102748218495542e-05,-5.311805724942071e-05,10.97891082044835,-0.002636917267170845,0.0,0.0,0.0,0.0,1.0,0.0,0.9980878486467767,-7.316394107777074e-05,0.0,0.0,-0.0002257738157427358,-4.883911031012254e-08,-9.12635030215646e-13,-2.760745578048748e-10,5.513741092477709e-09,2.655902862471036e-08,5.550553984355716e-09,1.829353169737318e-07,0.0009980822971801572,-2.563753326093074e-07,3.680186439403541e-11,1.563762352309642e-07,-0.0007722038956956001,1.222526885432361e-07,0.0,0.0,0.0009980878486467767,-7.316394107777074e-08
2,50.11872336272711,0.0,-1.102849936684969e-05,-5.51961577755511e-05,10.97891077094875,-0.00274007953358632,0.0,0.0,0.0,0.0,1.0,0.0,0.998087847271671,-7.602628267428141e-05,0.0,0.0,-0.0002257738166699941,-5.074980859599149e-08,-9.055120564854219e-13,-2.868752322856529e-10,5.514249683424843e-09,2.759807888777555e-08,5.553998450634012e-09,1.900921671846369e-07,0.0009980822923677075,-2.664053250912039e-07,3.973773892464146e-11,1.624940331007036e-07,-0.0007722038934008801,1.27035494808177e-07,0.0,0.0,0.000998087847271671,-7.602628267428141e-08
2,52.07948328595451,0.0,-1.102959769472278e-05,-5.735555835151699e-05,10.97891071750031,-0.002847277744056532,0.0,0.0,0.0,0.0,1.0,0.0,0.9980878457868659,-7.900060562739904e-05,0.0,0.0,-0.0002257738176713042,-5.27352577731554e-08,-8.978208464405535e-13,-2.980984542485247e-10,5.514798847361391e-09,2.86777791757585e-08,5.557717699968792e-09,1.975290097612658e-07,0.0009980822871713446,-2.768277138429133e-07,4.290782329340068e-11,1.688511732299489e-07,-0.0007722038909229734,1.320054154045527e-07,0.0,0.0,0.000998087845786866,-7.900060562739904e-08
2,54.11695265464624,0.0,-1.103078364117493e-05,-5.959943961886691e-05,10.97891065978802,-0.00295866979383091,0.0,0.0,0.0,0.0,1.0,0.0,0.9980878441836105,-8.209129090077634e-05,0.0,0.0,-0.0002257738187524394,-5.479838226520278e-08,-8.89516068948568e-13,-3.097607547505114e-10,5.515391820587468e-09,2.979971980943345e-08,5.561733652516481e-09,2.052567986374866e-07,0.0009980822815604414,-2.876578502930133e-07,4.63308016233423e-11,1.754570192286135e-07,-0.0007722038882475579,1.371697706677275e-07,0.0,0.0,0.0009980878441836105,-8.209129090077634e-08
2,56.23413251903477,0.0,-1.103206419728053e-05,-6.193110665272229e-05,10.97891059747172,-0.00307441975536283,0.0,0.0,0.0,0.0,1.0,0.0,0.9980878424524549,-8.53028908508466e-05,0.0,0.0,-0.0002257738199197279,-5.694222090572268e-08,-8.805487765804977e-13,-3.218793115848489e-10,5.516032098640267e-09,3.096555332636114e-08,5.566069979042235e-09,2.132869162887669e-07,0.0009980822755019264,-2.989116864511984e-07,5.002684856564222e-11,1.823213010312991e-07,-0.0007722038853585911,1.425361673205159e-07,0.0,0.0,0.000998087842452455,-8.53028908508466e-08
2,58.43414133735162,0.0,-1.103344690989161e-05,-6.435399382985137e-05,10.97891053018412,-0.003194698119973386,0.0,0.0,0.0,0.0,1.0,0.0,0.9980878405831959,-8.864013593202977e-05,0.0,0.0,-0.0002257738211801641,-5.916993141378288e-08,-8.708661171205572e-13,-3.344719745831837e-10,5.516723454945805e-09,3.217699691492568e-08,5.570752236928024e-09,2.216311904975227e-07,0.0009980822689600929,-3.106057984041357e-07,5.401774820661492e-11,1.894541292286032e-07,-0.0007722038822391974,1.481125096768944e-07,0.0,0.0,0.0009980878405831959,-8.864013593202977e-08
2,60.7202195690987,0.0,-1.103493992848925e-05,-6.687166988718403e-05,10.97891045752866,-0.003319682048969256,0.0,0.0,0.0,0.0,1.0,0.0,0.998087838564817,-9.210794166425192e-05,0.0,0.0,-0.0002257738225411865,-6.148479504531983e-08,-8.604110220615218e-13,-3.475572919076989e-10,5.517469964244626e-09,3.343583494359202e-08,5.575808021445089e-09,2.303019117743408e-07,0.0009980822618963843,-3.227574107305004e-07,5.832702246050773e-11,1.968660099590789e-07,-0.0007722038788710028,1.539070112848416e-07,0.0,0.0,0.000998087838564817,-9.210794166425192e-08
2,63.09573444801917,0.0,-1.10365520529232e-05,-6.948784317822344e-05,10.97891037907708,-0.003449555634584543,0.0,0.0,0.0,0.0,1.0,0.0,0.9980878363854214,-9.571141587304079e-05,0.0,0.0,-0.0002257738240107887,-6.389022142610536e-08,-8.491218702498364e-13,-3.611545373719052e-10,5.518276026461599e-09,3.474392158911172e-08,5.58126713234161e-09,2.393118514607375e-07,0.0009980822542691662,-3.353844218711502e-07,6.298006970482586e-11,2.045678603837826e-07,-0.0007722038752341343,1.599282070235139e-07,0.0,0.0,0.0009980878363854214,-9.571141587304079e-08
2,65.56418494179772,0.0,-1.103829278514823e-05,-7.220636713508834e-05,10.97891029436703,-0.003584510171130831,0.0,0.0,0.0,0.0,1.0,0.0,0.9980878340321638,-9.945586621285865e-05,0.0,0.0,-0.0002257738255978525,-6.638975357339165e-08,-8.369321246980254e-13,-3.752837388303361e-10,5.519146392574115e-09,3.610318356754417e-08,5.587161745702301e-09,2.486742805401083e-07,0.0009980822460334863,-3.485054304917972e-07,6.800431447528259e-11,2.125710247661969e-07,-0.0007722038713071089,1.661849656747869e-07,0.0,0.0,0.0009980878340321638,-9.945586621285864e-08
2,68.12920690579594,0.0,-1.104017238406918e-05,-7.503124594423647e-05,10.97891020289921,-0.00372474443675479,0.0,0.0,0.0,0.0,1.0,0.0,0.9980878314911753,-0.0001033468079847522,0.0,0.0,-0.0002257738273111487,-6.898707311482686e-08,-8.237699404238429e-13,-3.899657076789854e-10,5.52008619203459e-09,3.751562297211824e-08,5.593526601389175e-09,2.584029891845726e-07,0.0009980822371408033,-3.621397628770037e-07,7.34293691026536e-11,2.208872911812085e-07,-0.000772203867066612,1.726865029857765e-07,0.0,0.0,0.0009980878314911753,-1.033468079847523e-07
2,70.7945784384136,0.0,-1.104220192815752e-05,-7.796664044422319e-05,10.97891010413455,-0.003870464986218306,0.0,0.0,0.0,0.0,1.0,0.0,0.9980878287474789,-0.0001073899722598339,0.0,0.0,-0.0002257738291612243,-7.168600571106514e-08,-8.095577410048282e-13,-4.052220695099463e-10,5.521100964078762e-09,3.89833202221116e-08,5.600399214666804e-09,2.685123070665034e-07,0.000998082227538707,-3.763075013958472e-07,7.928720824419734e-11,2.295289088777513e-07,-0.0007722038624879968,1.794423952429427e-07,0.0,0.0,0.000998087828747479,-1.073899722598339e-07
2,73.56422544596393,0.0,-1.104439337962226e-05,-8.101687425418291e-05,10.97890999749091,-0.004021886455132181,0.0,0.0,0.0,0.0,1.0,0.0,0.9980878257849038,-0.0001115913143205534,0.0,0.0,-0.0002257738311590707,-7.449052669041955e-08,-7.942117613525453e-13,-4.210752959654098e-10,5.522196689811132e-09,4.050843712709146e-08,5.607820091454559e-09,2.790171244646439e-07,0.0009980822171706007,-3.910295140811628e-07,8.56123573382989e-11,2.385086063206783e-07,-0.0007722038575441181,1.864625933768e-07,0.0,0.0,0.000998087825784904,-1.115913143205534e-07
2,76.44222742525982,0.0,-1.104675965479807e-05,-8.418644014205579e-05,10.97890988233975,-0.004179231876091604,0.0,0.0,0.0,0.0,1.0,0.0,0.9980878225859889,-0.000115957022432197,0.0,0.0,-0.000225773833316012,-7.74047669042043e-08,-7.776415540116988e-13,-4.375487378379615e-10,5.523379827399033e-09,4.20932200710279e-08,5.615832969714064e-09,2.899329141959059e-07,0.0009980822059753767,-4.063274853659408e-07,9.244209609306008e-11,2.478396099384378e-07,-0.0007722038522058328,1.937574376185698e-07,0.0,0.0,0.000998087822585989,-1.15957022432197e-07
2,79.43282347242791,0.0,-1.104931469964043e-05,-8.74800066419413e-05,10.9789097580024,-0.004342733007178768,0.0,0.0,0.0,0.0,1.0,0.0,0.9980878191318798,-0.0001204935269575242,0.0,0.0,-0.0002257738356453709,-8.043301881092502e-08,-7.597494560743387e-13,-4.546666594659469e-10,5.524657349820217e-09,4.374000332097065e-08,5.624485077247059e-09,3.012757544051343e-07,0.0009980821938870524,-4.222239480221244e-07,9.981667820815893e-11,2.575356636041569e-07,-0.0007722038464417769,2.01337672730374e-07,0.0,0.0,0.0009980878191318799,-1.204935269575242e-07
2,82.5404185268016,0.0,-1.105207357365856e-05,-9.090242493031986e-05,10.97890962374603,-0.00451263067331647,0.0,0.0,0.0,0.0,1.0,0.0,0.9980878154022188,-0.0001252075098279698,0.0,0.0,-0.0002257738381601371,-8.357974279869524e-08,-7.404300135672432e-13,-4.724542744745754e-10,5.526036786829281e-09,4.545121246515993e-08,5.633827407561328e-09,3.130623522464057e-07,0.0009980821808343813,-4.3874231634885e-07,1.077795686249817e-10,2.676110488788209e-07,-0.0007722038402176445,2.092144638309013e-07,0.0,0.0,0.0009980878154022188,-1.252075098279698e-07
2,85.76958985908915,0.0,-1.105505253695682e-05,-9.445873597126852e-05,10.97890947877934,-0.004689175120975318,0.0,0.0,0.0,0.0,1.0,0.0,0.9980878113750239,-0.0001301059143853535,0.0,0.0,-0.0002257738408759646,-8.684957375493241e-08,-7.195693599199276e-13,-4.909377829154383e-10,5.527526268478411e-09,4.722936798563426e-08,5.643915022722245e-09,3.253100684907276e-07,0.0009980821667404318,-4.559069206589965e-07,1.16377699703334e-10,2.780806060463571e-07,-0.0007722038334972425,2.173994128403141e-07,0.0,0.0,0.000998087811375024,-1.301059143853535e-07
2,89.12509381337428,0.0,-1.105826914726826e-05,-9.815417794119381e-05,10.9789093222479,-0.004872626386756855,0.0,0.0,0.0,0.0,1.0,0.0,0.9980878070265585,-0.0001351959556085922,0.0,0.0,-0.0002257738438081747,-9.024732789254895e-08,-6.970445448500862e-13,-5.101444098591576e-10,5.529134573634132e-09,4.907708897059691e-08,5.654807379841623e-09,3.38036943096375e-07,0.0009980821515221344,-4.737430431148262e-07,1.256617478345887e-10,2.889597559716002e-07,-0.0007722038262406583,2.25904575568847e-07,0.0,0.0,0.0009980878070265586,-1.351959556085922e-07
2,92.61187281287906,0.0,-1.106174236364943e-05,-0.0001019941939440133,10.97890915322914,-0.005063254680395406,0.0,0.0,0.0,0.0,1.0,0.0,0.998087802331194,-0.0001404851307404732,0.0,0.0,-0.0002257738469744197,-9.377800984448339e-08,-6.727228097110471e-13,-5.301024454980314e-10,5.530871181824715e-09,5.099709697200663e-08,5.666568675627004e-09,3.512617217795222e-07,0.0009980821350897946,-4.922769549654933e-07,1.356864321215747e-10,3.002645228133216e-07,-0.0007722038184050928,2.347424794728944e-07,0.0,0.0,0.000998087802331194,-1.404851307404732e-07
2,96.23506263980856,0.0,-1.106549265594836e-05,-0.0001059844400281455,10.9789089707269,-0.005261340782742463,0.0,0.0,0.0,0.0,1.0,0.0,0.9980877972612563,-0.000145981230330134,0.0,0.0,-0.0002257738503930184,-9.744682003405255e-08,-6.464608050302983e-13,-5.508412868177842e-10,5.53274632797418e-09,5.299222001407277e-08,5.679268229897845e-09,3.650038836242812e-07,0.0009980821173465647,-5.11535955241233e-07,1.465108368855608e-10,3.120115576257685e-07,-0.0007722038099444162,2.439261421068029e-07,0.0,0.0,0.0009980877972612563,-1.45981230330134e-07
2,99.99999999999969,0.0,-1.106954212826139e-05,-0.000110130793517112,10.97890877366552,-0.005467176459319669,0.0,0.0,0.0,0.0,1.0,0.0,0.9980877917868635,-0.0001516923497075079,0.0,0.0,-0.000225773854084621,-1.01259162334623e-07,-6.181037456274196e-13,-5.723914808998185e-10,5.534771064130694e-09,5.506539675855599e-08,5.692980893256545e-09,3.792836697728085e-07,0.0009980820981878656,-5.315484109612161e-07,1.581987599011248e-10,3.242181628834589e-07,-0.000772203800808835,2.534690902962012e-07,0.0,0.0,0.0009980877917868634,-1.516923497075079e-07
2,103.9122303835166,0.0,-1.107391464771901e-05,-0.0001144393616660201,10.97890856088355,-0.005681064890049397,0.0,0.0,0.0,0.0,1.0,0.0,0.9980877858757502,-0.0001576269009066336,0.0,0.0,-0.0002257738580706548,-1.052206520293897e-07,-5.874844983318636e-13,-5.94784769917785e-10,5.536957323859504e-09,5.721968083301007e-08,5.707787486212352e-09,3.941221132377249e-07,0.00099808207750078,-5.523437989142764e-07,1.708190884113289e-10,3.369023179653531e-07,-0.0007722037909445034,2.633853800604585e-07,0.0,0.0,0.0009980877858757503,-1.576269009066336e-07
2,107.9775162327706,0.0,-1.107863598592829e-05,-0.0001189164906566691,10.97890833112686,-0.00590332111579543,0.0,0.0,0.0,0.0,1.0,0.0,0.9980877794930773,-0.0001637936250553781,0.0,0.0,-0.0002257738623747674,-1.093371240810199e-07,-5.544225969238181e-13,-6.180541378947918e-10,5.539317992964144e-09,5.945824532833456e-08,5.723775276671622e-09,4.095410698807324e-07,0.0009980820551633782,-5.739527490740052e-07,1.84446205139343e-10,3.500827056359071e-07,-0.0007722037802933013,2.736896173157963e-07,0.0,0.0,0.0009980877794930772,-1.637936250553781e-07
2,112.201845430196,0.0,-1.108373396929707e-05,-0.0001235687749445213,10.9789080830413,-0.006134272502371377,0.0,0.0,0.0,0.0,1.0,0.0,0.9980877726012259,-0.0001702016052498189,0.0,0.0,-0.0002257738670219389,-1.136146417264486e-07,-5.187231784924392e-13,-6.422338592901633e-10,5.541866984648536e-09,6.178438747226063e-08,5.741038494697526e-09,4.255632506030468e-07,0.0009980820310440074,-5.964070897121558e-07,1.991604266894574e-10,3.637787395620113e-07,-0.0007722037687922789,2.843969793873773e-07,0.0,0.0,0.000998087772601226,-1.702016052498189e-07
2,116.5914401179828,0.0,-1.108923864467926e-05,-0.000128403066971302,10.97890781516469,-0.006374259222699769,0.0,0.0,0.0,0.0,1.0,0.0,0.9980877651595764,-0.0001768602799322357,0.0,0.0,-0.0002257738720399249,-1.180595054066391e-07,-4.801758349426238e-13,-6.67359549487355e-10,5.544619322339628e-09,6.420153348565101e-08,5.759678887867204e-09,4.422122547950303e-07,0.000998082005000512,-6.197398942767534e-07,2.150484769213048e-10,3.780105929063123e-07,-0.0007722037563737127,2.955232373633046e-07,0.0,0.0,0.0009980877651595765,-1.768602799322357e-07
2,121.1527658628584,0.0,-1.10951824556782e-05,-0.0001334264872575258,10.97890752591821,-0.006623634757831768,0.0,0.0,0.0,0.0,1.0,0.0,0.9980877571242682,-0.0001837794567924091,0.0,0.0,-0.0002257738774583684,-1.226782620459437e-07,-4.385533728814003e-13,-6.934682172574544e-10,5.547591227839099e-09,6.67132436287629e-08,5.779806321127793e-09,4.595126050942694e-07,0.000998081976879394,-6.439855301039359e-07,2.322039980872397e-10,3.927992280390191e-07,-0.0007722037429645501,3.070847793226771e-07,0.0,0.0,0.0009980877571242682,-1.837794567924091e-07
2,125.8925411794163,0.0,-1.110160043493735e-05,-0.0001386464348898049,10.97890721359705,-0.006882766417564993,0.0,0.0,0.0,0.0,1.0,0.0,0.9980877484479429,-0.0001909693272126874,0.0,0.0,-0.0002257738833090217,-1.274777146951069e-07,-3.936104745750447e-13,-7.205983192755859e-10,5.550800217468677e-09,6.932321744490245e-08,5.801539421421533e-09,4.774897835032676e-07,0.000998081946514911,-6.691797090352306e-07,2.507281027453775e-10,4.081664274119305e-07,-0.000772203728485632,3.190986344725867e-07,0.0,0.0,0.0009980877484479429,-1.909693272126874e-07
2,130.8177474260189,0.0,-1.110853040975357e-05,-0.0001440705984183769,10.97890687636044,-0.007152035881425875,0.0,0.0,0.0,0.0,1.0,0.0,0.9980877390794625,-0.0001984404812780895,0.0,0.0,-0.0002257738896263017,-1.324649325508106e-07,-3.450822520849947e-13,-7.487898167706128e-10,5.554265204876785e-09,7.203529920918843e-08,5.825006282938951e-09,4.961702689199184e-07,0.0009980819137280974,-6.953595400147786e-07,2.707299697011109e-10,4.241348256401316e-07,-0.0007722037128518044,3.315824982292378e-07,0.0,0.0,0.0009980877390794625,-1.984404812780895e-07
2,135.9356390878521,0.0,-1.11160132241217e-05,-0.0001497069671808966,10.97890651222073,-0.007431839760812754,0.0,0.0,0.0,0.0,1.0,0.0,0.9980877289636105,-0.0002062039233735322,0.0,0.0,-0.000225773896447623,-1.376472613668885e-07,-2.926826860610688e-13,-7.78084234391617e-10,5.558006612060851e-09,7.48534835904483e-08,5.850345215767241e-09,5.155815761359984e-07,0.0009980818783257121,-7.225635837439222e-07,2.923274874894034e-10,4.407279428385831e-07,-0.0007722036959705858,3.44554758279728e-07,0.0,0.0,0.0009980877289636105,-2.062039233735323e-07
2,141.2537544622749,0.0,-1.112409297987504e-05,-0.000155563843069152,10.97890611903176,-0.00772259018312727,0.0,0.0,0.0,0.0,1.0,0.0,0.9980877180407659,-0.0002142710883911461,0.0,0.0,-0.0002257739038132867,-1.430323342735797e-07,-2.361029399907365e-13,-8.085247213779804e-10,5.562046489937522e-09,7.778192153457601e-08,5.877705563484575e-09,5.357522963610884e-07,0.0009980818400990995,-7.508319094736124e-07,3.156479491903423e-10,4.579702192626694e-07,-0.0007722036777428887,3.580345216636842e-07,0.0,0.0,0.0009980877180407659,-2.142710883911461e-07
2,146.7799267622064,0.0,-1.113281729914206e-05,-0.0001616498527560297,10.97890569447611,-0.008024715398753603,0.0,0.0,0.0,0.0,1.0,0.0,0.9980877062465506,-0.0002226538585715269,0.0,0.0,-0.0002257739117662583,-1.486280830195123e-07,-1.750095399691923e-13,-8.401561151232489e-10,5.566408649571031e-09,8.082492637801486e-08,5.907248584722356e-09,5.567121393315577e-07,0.000998081798822956,-7.802061540182077e-07,3.408288026729598e-10,4.7588705130369e-07,-0.0007722036580608549,3.720416429141629e-07,0.0,0.0,0.0009980877062465508,-2.226538585715269e-07
2,152.5222956539013,0.0,-1.114223760145805e-05,-0.0001679739604007187,10.97890523605149,-0.008338660411779032,0.0,0.0,0.0,0.0,1.0,0.0,0.9980876935114507,-0.0002313645810037144,0.0,0.0,-0.0002257739203538334,-1.544427496533857e-07,-1.090424092624213e-13,-8.730250072265044e-10,5.571118800729025e-09,8.398698020035937e-08,5.939148403438767e-09,5.784919770665909e-07,0.0009980817542540044,-8.107295830775318e-07,3.680184606890024e-10,4.945048288922711e-07,-0.0007722036368086882,3.865967532989088e-07,0.0,0.0,0.0009980876935114507,-2.313645810037144e-07
2,158.4893192461107,0.0,-1.115240940952056e-05,-0.0001745454808508526,10.97890474105602,-0.008664887635383879,0.0,0.0,0.0,0.0,1.0,0.0,0.9980876797604072,-0.0002404160858096474,0.0,0.0,-0.0002257739296266381,-1.604848986624268e-07,-3.781274607971611e-14,-9.071798121286633e-10,5.576204704760279e-09,8.727274042542628e-08,5.973593032293823e-09,6.011238893356472e-07,0.0009980817061295613,-8.424471549574232e-07,3.973771755910354e-10,5.1385097436474e-07,-0.0007722036138612665,4.017212912054997e-07,0.0,0.0,0.0009980876797604072,-2.404160858096474e-07
2,164.6897865482862,0.0,-1.116339267404065e-05,-0.0001813740933610138,10.97890420657226,-0.00900387757286531,0.0,0.0,0.0,0.0,1.0,0.0,0.9980876649123733,-0.0002498217050398563,0.0,0.0,-0.0002257739396387404,-1.667634295862697e-07,3.909926795194427e-14,-9.426708384349276e-10,5.581696337020325e-09,9.068704668050692e-08,6.010785483947273e-09,6.246412109042543e-07,0.0009980816541659884,-8.754055867825454e-07,4.290779838301363e-10,5.339539828496538e-07,-0.0007722035890831425,4.174375337151568e-07,0.0,0.0,0.0009980876649123734,-2.498217050398563e-07
2,171.1328304161774,0.0,-1.117525212901427e-05,-0.00018846985584779,10.97890362945002,-0.009356129525296972,0.0,0.0,0.0,0.0,1.0,0.0,0.9980876488798367,-0.0002595952923081931,0.0,0.0,-0.0002257739504499812,-1.732875901232786e-07,1.221469421169409e-13,-9.795503630285948e-10,5.587626064507134e-09,9.423492792389499e-08,6.050944965466538e-09,6.490785806276567e-07,0.0009980815980570182,-9.09653423298878e-07,4.633077257996488e-10,5.548434642339057e-07,-0.0007722035623282664,4.337686294108656e-07,0.0,0.0,0.0009980876488798367,-2.595952923081931e-07
2,177.8279410038916,0.0,-1.118805767230668e-05,-0.0001958432197023485,10.97890300628782,-0.009722162326865801,0.0,0.0,0.0,0.0,1.0,0.0,0.9980876315683038,-0.000269751243194492,0.0,0.0,-0.0002257739621235322,-1.800669897497002e-07,2.118197483261258e-13,-1.017872708085564e-09,5.594028836153342e-09,9.792160985117424e-08,6.094308171209003e-09,6.744719924645534e-07,0.0009980815374719522,-9.452411083671309e-07,5.002681470355233e-10,5.765501867701594e-07,-0.0007722035334392641,4.507386324698417e-07,0.0,0.0,0.0009980876315683039,-2.69751243194492e-07
2,184.7849797422283,0.0,-1.120188477865547e-05,-0.0002035050451823271,10.97890233341285,-0.01010251510896754,0.0,0.0,0.0,0.0,1.0,0.0,0.9980876128757427,-0.0002803045164451702,0.0,0.0,-0.0002257739747284493,-1.871116138727836e-07,3.08646205963811e-13,-1.057694321103151e-09,5.600942389327735e-09,1.017525225911635e-07,6.141130678584931e-09,7.008588484859631e-07,0.0009980814720537106,-9.822210592522366e-07,5.401770872631927e-10,5.991061223897545e-07,-0.0007722035022454943,4.683725380874517e-07,0.0,0.0,0.0009980876128757427,-2.803045164451702e-07
2,192.0141938638794,0.0,-1.121681494242743e-05,-0.0002114666174056733,10.97890160685925,-0.01049774809418516,0.0,0.0,0.0,0.0,1.0,0.0,0.9980875926919821,-0.0002912706560029587,0.0,0.0,-0.0002257739883387844,-1.944318385352188e-07,4.131969968685333e-13,-1.099073858061317e-09,5.608407471213717e-09,1.057333087028367e-07,6.191688452287178e-09,7.282780139572002e-07,0.000998081401416727,-1.020647743818221e-06,5.832697642986578e-10,6.225444937877464e-07,-0.0007722034685631041,4.866963192880452e-07,0.0,0.0,0.0009980875926919822,-2.912706560029587e-07
2,199.5262314968871,0.0,-1.123293616056564e-05,-0.0002197396629699669,10.97890082234483,-0.01090844342131798,0.0,0.0,0.0,0.0,1.0,0.0,0.9980875708980615,-0.0003026658138981641,0.0,0.0,-0.0002257740030348065,-2.020384456956651e-07,5.26088328805636e-13,-1.142072269839035e-09,5.616468080282822e-09,1.098698314849835e-07,6.246279473656478e-09,7.567698745739785e-07,0.0009980813251446766,-1.060577760741982e-06,6.29800160370417e-10,6.46899823349332e-07,-0.0007722034321938631,5.057369651754453e-07,0.0,0.0,0.0009980875708980616,-3.026658138981641e-07
2,207.3321573485946,0.0,-1.125034344906517e-05,-0.0002283363672216537,10.97889997524576,-0.01133520600267465,0.0,0.0,0.0,0.0,1.0,0.0,0.9980875473655308,-0.0003145067740351273,0.0,0.0,-0.0002257740189032242,-2.099426391074339e-07,6.479855672541193e-13,-1.186752892013342e-09,5.625171724532585e-09,1.141681836108269e-07,6.305225494085381e-09,7.863763959368121e-07,0.0009980812427880226,-1.102069922863953e-06,6.800425190324534e-10,6.722079839896179e-07,-0.0007722033929231098,5.255225206780107e-07,0.0,0.0,0.0009980875473655309,-3.145067740351273e-07
2,215.4434690031875,0.0,-1.126913940385776e-05,-0.0002372693922006003,10.97889906056936,-0.011778664414891,0.0,0.0,0.0,0.0,1.0,0.0,0.9980875219556928,-0.0003268109769088588,0.0,0.0,-0.0002257740360377403,-2.181560608173353e-07,7.796071569113692e-13,-1.233181538173657e-09,5.634569701928882e-09,1.186346961003002e-07,6.368873932474549e-09,8.17141185351182e-07,0.0009980811538613673,-1.145185343798214e-06,7.342929614902084e-10,6.985062519814898e-07,-0.0007722033505197512,5.460821278493663e-07,0.0,0.0,0.0009980875219556928,-3.268109769088588e-07
2,223.872113856833,0.0,-1.128943480521727e-05,-0.0002465518952863326,10.97889807292468,-0.01223947182458213,0.0,0.0,0.0,0.0,1.0,0.0,0.9980874945187854,-0.000339596545288187,0.0,0.0,-0.0002257740545389408,-2.266908083099501e-07,9.217288560266026e-13,-1.281426596889137e-09,5.644717402608634e-09,1.232759476431663e-07,6.437599923970825e-09,8.491095560443188e-07,0.0009980810578405896,-1.189987527929394e-06,7.92871231865144e-10,7.258333618492574e-07,-0.0007722033047335986,5.674460687826429e-07,0.0,0.0,0.0009980874945187854,-3.39596545288187e-07
2,232.6305067153616,0.0,-1.131134927168098e-05,-0.0002561975485733912,10.97889700649069,-0.0127183069501899,0.0,0.0,0.0,0.0,1.0,0.0,0.9980874648930997,-0.0003528823109031821,0.0,0.0,-0.0002257740745162939,-2.355594523221561e-07,1.075188308517396e-12,-1.33155913247228e-09,5.655674635840491e-09,1.280987742866956e-07,6.511808528885166e-09,8.823285938930181e-07,0.0009980809541597585,-1.236542463928672e-06,8.561225816833185e-10,7.542295634087744e-07,-0.0007722032552947011,5.896458102044172e-07,0.0,0.0,0.0009980874648930999,-3.528823109031821e-07
2,241.7315480804093,0.0,-1.133501196348696e-05,-0.000266220559004262,10.97889585498198,-0.01321587506143935,0.0,0.0,0.0,0.0,1.0,0.0,0.9980874329040266,-0.0003666878421760779,0.0,0.0,-0.0002257740960872612,-2.447750553542533e-07,1.240889980814028e-12,-1.383652989687618e-09,5.667505981743482e-09,1.33110279502131e-07,6.591937121273883e-09,9.168472267605623e-07,0.0009980808422077952,-1.284918721926328e-06,9.244198046938054e-10,7.837366810378721e-07,-0.000772203201912014,6.127140498109109e-07,0.0,0.0,0.0009980874329040266,-3.666878421760779e-07
2,251.1886431509569,0.0,-1.136056234507521e-05,-0.0002766356892894827,10.97889461161173,-0.01373290901787302,0.0,0.0,0.0,0.0,1.0,0.0,0.9980873983630271,-0.0003810334730364478,0.0,0.0,-0.0002257741193788521,-2.543511909047953e-07,1.41981049252565e-12,-1.437784902560209e-09,5.680281172537605e-09,1.383178446447414e-07,6.678457967173102e-09,9.527162965446488e-07,0.00099808072132487,-1.335187554483657e-06,9.981654340086235e-10,8.143981752642184e-07,-0.0007722031442705668,6.366847644170837e-07,0.0,0.0,0.0009980873983630272,-3.810334730364478e-07
2,261.0157215682525,0.0,-1.13881510062086e-05,-0.0002874582796456545,10.97889326905173,-0.01427017034798923,0.0,0.0,0.0,0.0,1.0,0.0,0.9980873610665224,-0.0003959403328629784,0.0,0.0,-0.0002257741445288453,-2.643019634579642e-07,1.613004372342867e-12,-1.494034607444714e-09,5.694075503104301e-09,1.437291398228272e-07,6.771881005843304e-09,9.899886340422016e-07,0.0009980805907985211,-1.387423001512625e-06,1.077794114512339e-09,8.462592067610951e-07,-0.0007722030820309644,6.61593259986817e-07,0.0,0.0,0.0009980873610665225,-3.959403328629784e-07
2,271.2272579332016,0.0,-1.141794054992928e-05,-0.0002987042703832983,10.97889181938915,-0.01482845037056941,0.0,0.0,0.0,0.0,1.0,0.0,0.9980873207946932,-0.0004114303775958173,0.0,0.0,-0.0002257741716847894,-2.746420292515719e-07,1.821610273096962e-12,-1.552484960522223e-09,5.708970274964642e-09,1.493521351916491e-07,6.872756857109833e-09,1.02871913674102e-06,0.000998080449859446,-1.441701999297359e-06,1.163775164522239e-09,8.793667028451006e-07,-0.0007722030148260006,6.874762236207341e-07,0.0,0.0,0.0009980873207946933,-4.114303775958173e-07
2,281.8382931264441,0.0,-1.145010655023704e-05,-0.0003103902253777241,10.97889025407992,-0.01540857135984174,0.0,0.0,0.0,0.0,1.0,0.0,0.9980872773101838,-0.0004275264220652044,0.0,0.0,-0.0002257742010076669,-2.85386617857237e-07,2.046857682601541e-12,-1.613222059898561e-09,5.725053275118519e-09,1.551951126888621e-07,6.98168006703475e-09,1.068964849652551e-06,0.0009980802976769741,-1.498104493777654e-06,1.256615341795134e-09,9.137694265734635e-07,-0.0007722029422600474,7.143717775749464e-07,0.0,0.0,0.0009980872773101839,-4.275264220652044e-07
2,292.8644564625223,0.0,-1.148483858837146e-05,-0.0003225333564573828,10.9788885638984,-0.01601138775619192,0.0,0.0,0.0,0.0,1.0,0.0,0.9980872303567043,-0.0004442521735838521,0.0,0.0,-0.0002257742326695622,-2.96551554604613e-07,2.29007416982358e-12,-1.67633537248466e-09,5.74241929418573e-09,1.612666782286914e-07,7.099292609147003e-09,1.11078504930447e-06,0.0009980801333541694,-1.556713558260807e-06,1.356861830180871e-09,9.49518048542422e-07,-0.0007722028639049472,7.423195353919347e-07,0.0,0.0,0.0009980872303567043,-4.44252173583852e-07
2,304.3219887107707,0.0,-1.152234136925223e-05,-0.0003351515487454976,10.97888673888293,-0.01663778742419845,0.0,0.0,0.0,0.0,1.0,0.0,0.9980871796575191,-0.0004616322668523896,0.0,0.0,-0.0002257742668568818,-3.081532838813267e-07,2.552693209084983e-12,-1.741917865846744e-09,5.761170684626116e-09,1.675757743727488e-07,7.226287671574172e-09,1.15424133101637e-06,0.0009980799559225408,-1.617615515734606e-06,1.465105464522691e-09,9.86665221492072e-07,-0.0007722027792990138,7.713606602257478e-07,0.0,0.0,0.0009980871796575193,-4.616322668523896e-07
2,316.2277660168364,0.0,-1.156283592651519e-05,-0.0003482633869921693,10.97888476827722,-0.01728869295983913,0.0,0.0,0.0,0.0,1.0,0.0,0.9980871249138169,-0.0004796923002291095,0.0,0.0,-0.0002257743037719084,-3.202088933439715e-07,2.836262628401613e-12,-1.810066145221474e-09,5.781417963257596e-09,1.741316934960847e-07,7.363413738945906e-09,1.199397699586671e-06,0.0009980797643363406,-1.680900065961002e-06,1.581984212808328e-09,1.025265657827199e-06,-0.0007722026879438681,8.01537925446843e-07,0.0,0.0,0.0009980871249138169,-4.796923002291094e-07
2,328.5993247600638,0.0,-1.160656092769052e-05,-0.0003618881829355887,10.9788826404669,-0.01796506304878642,0.0,0.0,0.0,0.0,1.0,0.0,0.9980870658029485,-0.0004984588734172253,0.0,0.0,-0.0002257743436314685,-3.327361390756097e-07,3.142453731743769e-12,-1.880880595898959e-09,5.803280463845262e-09,1.809440914677943e-07,7.511479006627355e-09,1.246320663523795e-06,0.0009980795574663956,-1.74666041753692e-06,1.708186936091362e-09,1.065376210167818e-06,-0.0007722025893006634,8.328957776152597e-07,0.0,0.0,0.0009980870658029485,-4.984588734172253e-07
2,341.4548873833585,0.0,-1.165377407930102e-05,-0.0003760460037324827,10.97888034291108,-0.01866789387778438,0.0,0.0,0.0,0.0,1.0,0.0,0.9980870019765262,-0.0005179596266249273,0.0,0.0,-0.0002257743866711515,-3.457534717256697e-07,3.473071148972763e-12,-1.954465531184498e-09,5.826887039650508e-09,1.880230018662413e-07,7.671356141730434e-09,1.295079332959834e-06,0.0009980793340934556,-1.814993425115946e-06,1.84445744833885e-09,1.107055955047589e-06,-0.0007722024827883645,8.654804019143881e-07,0.0,0.0,0.0009980870019765263,-5.179596266249273e-07
2,354.8133892335737,0.0,-1.170475364653534e-05,-0.0003907577014994905,10.97887786206842,-0.01939822060117655,0.0,0.0,0.0,0.0,1.0,0.0,0.9980869330583698,-0.0005382232812556541,0.0,0.0,-0.0002257744331441991,-3.592800636724632e-07,3.830063471495087e-12,-2.030929346158399e-09,5.852376823267669e-09,1.953788507497453e-07,7.843987428467123e-09,1.345745521390277e-06,0.0009980790929010055,-1.88599973199209e-06,1.991598900128257e-09,1.15036627988283e-06,-0.0007722023677791401,8.993397901431313e-07,0.0,0.0,0.0009980869330583697,-5.382232812556541e-07
2,368.6945064519557,0.0,-1.175980009060495e-05,-0.0004060449440087506,10.97887518331738,-0.02015711886473462,0.0,0.0,0.0,0.0,1.0,0.0,0.9980868586422911,-0.0005592796821882295,0.0,0.0,-0.0002257744833243924,-3.733358372459434e-07,4.215534736304573e-12,-2.110384677461788e-09,5.879900045302478e-09,2.030224720043753e-07,8.030390317021653e-09,1.398393851388948e-06,0.0009980788324675087,-1.959783918254639e-06,2.150478512024553e-09,1.195370973339629e-06,-0.0007722022435949216,9.345238113616511e-07,0.0,0.0,0.0009980868586422912,-5.592796821882295e-07
2,383.1186849557268,0.0,-1.181923784487893e-05,-0.0004219302465826907,10.97887229086997,-0.02094570638902055,0.0,0.0,0.0,0.0,1.0,0.0,0.9980867782896973,-0.0005811598417088101,0.0,0.0,-0.000225774537507939,-3.879414940536393e-07,4.631756826080673e-12,-2.192948569345557e-09,5.909618922439463e-09,2.109651232913454e-07,8.231663426812662e-09,1.453101864453019e-06,0.000998078551258027,-2.036454654731174e-06,2.322032685528291e-09,1.242136319231426e-06,-0.0007722021095039611,9.710842853012875e-07,0.0,0.0,0.0009980867782896973,-5.811598417088101e-07
2,398.1071705534952,0.0,-1.188341722113684e-05,-0.0004384370052347103,10.97886916767877,-0.02176514461460114,0.0,0.0,0.0,0.0,1.0,0.0,0.9980866915270087,-0.0006038959851589875,0.0,0.0,-0.0002257745960140278,-4.031185454498806e-07,5.081182858407237e-12,-2.278742646228773e-09,5.941708610568419e-09,2.192185026173552e-07,8.448993015319384e-09,1.509950135138999e-06,0.000998078247615176,-2.116124862944215e-06,2.507272521709626e-09,1.290731194084638e-06,-0.0007722019647160572,1.009075058639591e-06,0.0,0.0,0.0009980866915270086,-6.038959851589875e-07
2,413.6820402388486,0.0,-1.195271647724816e-05,-0.0004555895311042782,10.97886579533643,-0.02261664041152389,0.0,0.0,0.0,0.0,1.0,0.0,0.9980865978428667,-0.0006275215983668809,0.0,0.0,-0.0002257746591872722,-4.188893442003561e-07,5.566461643002631e-12,-2.367893292023004e-09,5.97635823862408e-09,2.277947655521391e-07,8.683659971373712e-09,1.569022389656797e-06,0.0009980779197493567,-2.198911881315701e-06,2.707289780044794e-09,1.341227168515127e-06,-0.000772201808377837,1.048552084253335e-06,0.0,0.0,0.0009980865978428666,-6.275215983668809e-07
2,429.8662347082254,0.0,-1.202754404583395e-05,-0.0004734130862368335,10.97886215396722,-0.0235014478555553,0.0,0.0,0.0,0.0,1.0,0.0,0.9980864966851204,-0.0006520714769306137,0.0,0.0,-0.000225774727400152,-4.352771173778917e-07,6.090453292142704e-12,-2.46053183648897e-09,6.013772022916975e-09,2.367065431184168e-07,8.937047363269833e-09,1.630405629095366e-06,0.0009980775657282104,-2.284937637862468e-06,2.923263312564323e-09,1.393698612563863e-06,-0.000772201639567649,1.089573503570713e-06,0.0,0.0,0.0009980864966851204,-6.520714769306137e-07
2,446.6835921509607,0.0,-1.21083409418965e-05,-0.0004919339207607855,10.97885822210985,-0.02442087007377942,0.0,0.0,0.0,0.0,1.0,0.0,0.9980863874575724,-0.0006775817774262545,0.0,0.0,-0.0002257748010545679,-4.523060005464773e-07,6.656246076250316e-12,-2.556794748902747e-09,6.05417047094825e-09,2.459669603803928e-07,9.21064859033319e-09,1.69419025746016e-06,0.000998077183465228,-2.374328829635317e-06,3.156466011221902e-09,1.448222805145846e-06,-0.0007722014572907332,1.132199732135171e-06,0.0,0.0,0.0009980863874575723,-6.775817774262545e-07
2,464.1588833612755,0.0,-1.219558335918691e-05,-0.0005111793115159654,10.97885397659102,-0.02537626116225428,0.0,0.0,0.0,0.0,1.0,0.0,0.998086269516465,-0.000704090070615071,0.0,0.0,-0.0002257748805849502,-4.700010732760444e-07,7.26717462395875e-12,-2.65682383931976e-09,6.097791679593456e-09,2.555896557579827e-07,9.506076184422886e-09,1.76047021470953e-06,0.0009980767707074552,-2.467217109163921e-06,3.408272309415422e-09,1.504880047772236e-06,-0.0007722012604727824,1.176493548512257e-06,0.0,0.0,0.000998086269516465,-7.04090070615071e-07
2,482.317848223928,0.0,-1.22897854804016e-05,-0.0005311776021899471,10.97884939238883,-0.02636902817852754,0.0,0.0,0.0,0.0,1.0,0.0,0.9980861421666868,-0.0007316353967278197,0.0,0.0,-0.000225774966459702,-4.883883960476228e-07,7.926839573874142e-12,-2.760766467736399e-09,6.144892740200803e-09,2.655888010949735e-07,9.825071311647446e-09,1.829343114984416e-06,0.0009980763250222143,-2.563739278179972e-06,3.680166281855315e-09,1.56375378271184e-06,-0.000772201047954002,1.222520186667554e-06,0.0,0.0,0.0009980861421666869,-7.316353967278197e-07
2,501.1872336272695,0.0,-1.239150250498255e-05,-0.0005519582450208033,10.97884444248537,-0.02740063321191999,0.0,0.0,0.0,0.0,1.0,0.0,0.998086004657676,-0.0007602583229067718,0.0,0.0,-0.0002257750591850849,-5.074950485974526e-07,8.63912879381097e-12,-2.868775761461132e-09,6.195751252491278e-09,2.759791225104017e-07,1.016951403470937e-08,1.900910390233089e-06,0.0009980758437827697,-2.664037488901322e-06,3.973750390498857e-09,1.624930715764443e-06,-0.0007722008184816165,1.270347431947408e-06,0.0,0.0,0.0009980860046576762,-7.602583229067718e-07
2,520.7948328595435,0.0,-1.250133392005637e-05,-0.0005735518441271242,10.97883909770749,-0.02847259553459673,0.0,0.0,0.0,0.0,1.0,0.0,0.9980858561789984,-0.0007900010028892686,0.0,0.0,-0.0002257751593073287,-5.273491697564258e-07,9.408240292504568e-12,-2.981010841019492e-09,6.250666960028184e-09,2.867759220635621e-07,1.054143438949825e-08,1.975277439440458e-06,0.0009980753241528495,-2.768259453170746e-06,4.290754928073474e-09,1.688500943825052e-06,-0.0007722005707030966,1.320045720808183e-06,0.0,0.0,0.0009980858561789985,-7.900010028892686e-07
2,541.1695265464607,0.0,-1.261992703693871e-05,-0.0005959902005284542,10.97883332655479,-0.02958649383656144,0.0,0.0,0.0,0.0,1.0,0.0,0.9980856958555688,-0.0008209072390197951,0.0,0.0,-0.0002257752674170721,-5.47979998843191e-07,1.023870695877007e-11,-3.097637054930523e-09,6.309963518469352e-09,2.979951002642271e-07,1.094302435326481e-08,2.052553783679439e-06,0.000998074763069922,-2.876558659754165e-06,4.6330482148195e-09,1.754558087425013e-06,-0.0007722003031583324,1.371688244434111e-06,0.0,0.0,0.0009980856958555688,-8.209072390197951e-07
2,562.341325190346,0.0,-1.274798080208583e-05,-0.000619306358921677,10.97882709501412,-0.03074396854782944,0.0,0.0,0.0,0.0,1.0,0.0,0.998085522742497,-0.0008530225466809015,0.0,0.0,-0.0002257753841510279,-5.694179186751039e-07,1.113542327383645e-11,-3.218826223705756e-09,6.373990401042918e-09,3.096531794608385e-07,1.137665075749586e-08,2.132853227210247e-06,0.0009980741572271625,-2.989094600114854e-06,5.002647608517627e-09,1.82319942844305e-06,-0.0007722000142706409,1.425351056399656e-06,0.0,0.0,0.000998085522742497,-8.530225466809016e-07
2,584.3414133735142,0.0,-1.288624991713228e-05,-0.0006435346562814135,10.97882036635906,-0.0319467242511571,0.0,0.0,0.0,0.0,1.0,0.0,0.9980853358195176,-0.0008863942212366928,0.0,0.0,-0.0002257755101973125,-5.916945002534032e-07,1.21036741542002e-11,-3.344756893436155e-09,6.443124958566138e-09,3.217673281407068e-07,1.184486923753309e-08,2.216294024861913e-06,0.000998073503053954,-3.106033002992041e-06,5.401731392653869e-09,1.894526053186549e-06,-0.0007721997023370508,1.481113184524478e-06,0.0,0.0,0.0009980853358195177,-8.863942212366928e-07
2,607.202195690985,0.0,-1.303554928711037e-05,-0.0006687107723550587,10.97881310093351,-0.03319653218883629,0.0,0.0,0.0,0.0,1.0,0.0,0.9980851339849792,-0.0009210714075862271,0.0,0.0,-0.0002257756462987759,-6.148425491896148e-07,1.314916609488495e-11,-3.475614599347301e-09,6.517774643555185e-09,3.343553861775293e-07,1.235043929178885e-08,2.302999055939433e-06,0.000998072796694853,-3.227546078125006e-06,5.832651612744406e-09,1.96864300105113e-06,-0.000772199365519477,1.539056747099045e-06,0.0,0.0,0.0009980851339849793,-9.210714075862272e-07
2,630.9573444801896,0.0,-1.319675882105464e-05,-0.0006948717821257331,10.97880525591804,-0.03449523286719289,0.0,0.0,0.0,0.0,1.0,0.0,0.9980849160493515,-0.0009571051724277968,0.0,0.0,-0.0002257757932575544,-6.388961539479949e-07,1.42780607965329e-11,-3.611592139718474e-09,6.598379410527322e-09,3.474358910628665e-07,1.289634054346923e-08,2.393096004908994e-06,0.0009980720339868687,-3.35381276947651e-06,6.297947936423233e-09,2.045659418974345e-06,-0.0007721990018325631,1.599267073627885e-06,0.0,0.0,0.0009980849160493514,-9.571051724277968e-07
2,655.6418494179751,0.0,-1.337082861807559e-05,-0.0007220562103192674,10.9787967850775,-0.03584473876256746,0.0,0.0,0.0,0.0,1.0,0.0,0.9980846807282159,-0.0009945485793389124,0.0,0.0,-0.0002257759519397329,-6.63890735955186e-07,1.549701147437238e-11,-3.752889860577707e-09,6.685414309037796e-09,3.610281051596337e-07,1.348579029876829e-08,2.486717549123364e-06,0.0009980712104349285,-3.485019018322855e-06,6.800362618920805e-09,2.125688721907522e-06,-0.0007721986091331345,1.661832830291083e-06,0.0,0.0,0.000998084680728216,-9.945485793389124e-07
2,681.2920690579573,0.0,-1.355878456643644e-05,-0.0007503040880340992,10.97878763848865,-0.03724703713269822,0.0,0.0,0.0,0.0,1.0,0.0,0.9980844266346978,-0.001033456766780758,0.0,0.0,-0.0002257761232805633,-6.898631016772662e-07,1.681320206288726e-11,-3.89971595160151e-09,6.779392283218222e-09,3.751520440170496e-07,1.41222625038932e-08,2.584001553859387e-06,0.0009980703211853958,-3.621358036591747e-06,7.342856662066834e-09,2.20884875953825e-06,-0.0007721981851067095,1.726846150278821e-06,0.0,0.0,0.0009980844266346978,-1.033456766780758e-06
2,707.9457843841337,0.0,-1.376173438671913e-05,-0.0007796570115760264,10.97877776224596,-0.0387041929375729,0.0,0.0,0.0,0.0,1.0,0.0,0.9980841522712934,-0.001073887029139945,0.0,0.0,-0.0002257763082895714,-7.16851496711246e-07,1.82343895470521e-11,-4.052286753665874e-09,6.880867193359563e-09,3.898285057880132e-07,1.480950821662404e-08,2.685091274949686e-06,0.0009980693609974664,-3.763030590843296e-06,7.928627261972628e-09,2.29526198950466e-06,-0.0007721977272540648,1.79440276921192e-06,0.0,0.0,0.0009980841522712934,-1.073887029139945e-06
2,735.6422544596369,0.0,-1.398087415993565e-05,-0.0008101582035827315,10.97876709814392,-0.04021835187396943,0.0,0.0,0.0,0.0,1.0,0.0,0.9980838560210465,-0.001115898900924648,0.0,0.0,-0.0002257765080578844,-7.448956619872903e-07,1.976894966939038e-11,-4.210827078513485e-09,6.990437079967826e-09,4.050791017913657e-07,1.555157770860352e-08,2.790135569301318e-06,0.0009980683242122878,-3.910245297304478e-06,8.56112664813018e-09,2.385055657351747e-06,-0.0007721972328774696,1.864602165829645e-06,0.0,0.0,0.0009980838560210467,-1.115898900924648e-06
2,764.4222742525956,0.0,-1.421749537677819e-05,-0.0008418525765262216,10.97875558333418,-0.04179174352806207,0.0,0.0,0.0,0.0,1.0,0.0,0.9980835361380207,-0.001159554244236555,0.0,0.0,-0.0002257767237618946,-7.740368921597268e-07,2.14259262819707e-11,-4.375570541021413e-09,7.108747688389095e-09,4.209262882631109e-07,1.635284433021919e-08,2.899289113604977e-06,0.0009980672047196157,-4.063218928382551e-06,9.24408242484964e-09,2.478361983489289e-06,-0.0007721966990625884,1.937547708147748e-06,0.0,0.0,0.0009980835361380208,-1.159554244236555e-06
2,794.3282347242767,0.0,-1.447299254286882e-05,-0.0008747867986846079,10.97874314995519,-0.04342668465063283,0.0,0.0,0.0,0.0,1.0,0.0,0.9980831907370121,-0.001204917339644585,0.0,0.0,-0.0002257769566732515,-8.043180962616532e-07,2.321508463389277e-11,-4.546759904573779e-09,7.236496271434412e-09,4.37393399342304e-07,1.721803027907363e-08,3.012712631549666e-06,0.0009980659959218181,-4.222176731098825e-06,9.981519534792684e-09,2.575318357420564e-06,-0.0007721961226639373,2.013346805306406e-06,0.0,0.0,0.0009980831907370122,-1.204917339644585e-06
2,825.4041852680133,0.0,-1.474887140084924e-05,-0.0009090093626778991,10.97872972473232,-0.04512558255959374,0.0,0.0,0.0,0.0,1.0,0.0,0.9980828177824421,-0.00125205498059094,0.0,0.0,-0.0002257772081647458,-8.357838607278741e-07,2.514696890795532e-11,-4.724647440064981e-09,7.37443570042462e-09,4.545046813389496e-07,1.815223442299919e-08,3.130573129869276e-06,0.0009980646906949879,-4.387352757900281e-06,1.077778397389725e-08,2.676067539520963e-06,-0.0007721955002844005,2.092111065316211e-06,0.0,0.0,0.0009980828177824422,-1.25205498059094e-06
2,857.6958985908889,0.0,-1.504675779795406e-05,-0.0009445706566661828,10.97871522854621,-0.0468909386747032,0.0,0.0,0.0,0.0,1.0,0.0,0.9980824150763632,-0.001301036571464959,0.0,0.0,-0.0002257774797185252,-8.684805148533904e-07,2.72329643451823e-11,-4.909495299081271e-09,7.52337889897703e-09,4.722853283330914e-07,1.916096234315022e-08,3.253044143559784e-06,0.0009980632813469843,-4.558990210323825e-06,1.163756839728694e-08,2.780757870656036e-06,-0.0007721948282562452,2.173956458935769e-06,0.0,0.0,0.0009980824150763632,-1.301036571464959e-06
2,891.25093813374,0.0,-1.536840726501509e-05,-0.0009815230383119432,10.97869957596659,-0.04872535218953303,0.0,0.0,0.0,0.0,1.0,0.0,0.9980819802455109,-0.001351934229485088,0.0,0.0,-0.0002257777729343102,-9.02456198804101e-07,2.948536432284808e-11,-5.101575901831537e-09,7.684203632507548e-09,4.907615191559716e-07,2.02501587676095e-08,3.380305990617875e-06,0.0009980617595721074,-4.737341796004794e-06,1.256593976687246e-08,2.889543489938866e-06,-0.0007721941026186396,2.259003489910733e-06,0.0,0.0,0.000998081980245511,-1.351934229485088e-06
2,926.1187281287878,0.0,-1.571571536218563e-05,-0.001019920911612096,10.97868267474893,-0.05063152388593097,0.0,0.0,0.0,0.0,1.0,0.0,0.9980815107273194,-0.001404822890534469,0.0,0.0,-0.000225778089540829,-9.377609342634159e-07,3.191744278075472e-11,-5.301172340422766e-09,7.857857681092818e-09,5.099604558060479e-07,2.14262426001792e-08,3.512546036664758e-06,0.0009980601164021614,-4.922670099539649e-06,1.356836920335197e-08,3.002584560937799e-06,-0.0007721933190957264,2.347377371817588e-06,0.0,0.0,0.0009980815107273194,-1.404822890534469e-06
2,962.3506263980825,0.0,-1.609072884334317e-05,-0.001059820806709119,10.97866442529112,-0.05261226009641191,0.0,0.0,0.0,0.0,1.0,0.0,0.9980810037548272,-0.001459780419100897,0.0,0.0,-0.0002257784314033673,-9.744466978097582e-07,3.454353242193661e-11,-5.50857879810066e-09,8.045364421671587e-09,5.299104033545597e-07,2.26961447307169e-08,3.649958969832104e-06,0.0009980583421536292,-5.115247967731102e-06,1.465076421826879e-08,3.120047506656737e-06,-0.0007721924730694774,2.439208211774558e-06,0.0,0.0,0.0009980810037548272,-1.459780419100897e-06
2,999.9999999999936,0.0,-1.64956577153319e-05,-0.001101281462794535,10.97864472004652,-0.05467047682010526,0.0,0.0,0.0,0.0,1.0,0.0,0.9980804563403748,-0.001516887722477271,0.0,0.0,-0.0002257788005369799,-1.012567497152457e-06,3.737910914788535e-11,-5.724100985103277e-09,8.24782885766595e-09,5.506407313972676e-07,2.406734886920577e-08,3.792747086300426e-06,0.0009980564263706144,-5.3153589097628e-06,1.581950351576482e-08,3.242105253621695e-06,-0.0007721915595548245,2.534631201258578e-06,0.0,0.0,0.0009980804563403747,-1.516887722477271e-06
2,1039.122303835162,0.0,-1.693288825421746e-05,-0.001144363914222067,10.97862344289061,-0.05680920399808929,0.0,0.0,0.0,0.0,1.0,0.0,0.998079865258006,-0.001576228869384321,0.0,0.0,-0.0002257791991167046,-1.052179450310598e-06,4.044088322499943e-11,-5.94805659180317e-09,8.46644412710873e-09,5.721819571110333e-07,2.554793562884397e-08,3.941120586894375e-06,0.0009980543577632602,-5.523297512870498e-06,1.708147456875908e-08,3.368937485419427e-06,-0.0007721905731676859,2.633786814319142e-06,0.0,0.0,0.000998079865258006,-1.576228869384321e-06
2,1079.775162327703,0.0,-1.740499706737175e-05,-0.001189131579951926,10.97860046843679,-0.05903158995414628,0.0,0.0,0.0,0.0,1.0,0.0,0.9980792270244636,-0.001637891213183003,0.0,0.0,-0.0002257796294916625,-1.093340867853662e-06,4.374689771847823e-11,-6.180775759843485e-09,8.702498533685876e-09,5.945657899759633e-07,2.714663012925054e-08,4.09529788515348e-06,0.0009980521241412324,-5.739369874096328e-06,1.844411419056735e-08,3.500730906045937e-06,-0.0007721895080955443,2.736821013465257e-06,0.0,0.0,0.0009980792270244637,-1.637891213183003e-06
2,1122.018454301956,0.0,-1.791476626444855e-05,-0.001235650356451973,10.97857566129787,-0.06134090600718713,0.0,0.0,0.0,0.0,1.0,0.0,0.9980785378786733,-0.001701965519849945,0.0,0.0,-0.0002257800941977139,-1.136112338322344e-06,4.731663477253073e-11,-6.42260157200419e-09,8.957383132224273e-09,6.178251782259864e-07,2.887285338740359e-08,4.25550592731177e-06,0.0009980497123419202,-5.963894048733719e-06,1.991545234055951e-08,3.637679513435426e-06,-0.0007721883580621425,2.843885463500468e-06,0.0,0.0,0.0009980785378786734,-1.701965519849945e-06
2,1165.914401179824,0.0,-1.846519984938233e-05,-0.00128398871418576,10.97854887528867,-0.0637405512618099,0.0,0.0,0.0,0.0,1.0,0.0,0.9980777937595889,-0.001768546100895267,0.0,0.0,-0.000225780595973446,-1.180556816956623e-06,5.117113036180083e-11,-6.67389056156783e-09,9.232599924691165e-09,6.419943570928799e-07,3.073677781129015e-08,4.421980524634629e-06,0.0009980471081529078,-6.197200516091464e-06,2.150415942142399e-08,3.779984883553035e-06,-0.0007721871162901794,2.955137753625579e-06,0.0,0.0,0.0009980777937595889,-1.768546100895267e-06
2,1211.52765862858,0.0,-1.905954140890564e-05,-0.001334217797822043,10.97851995256492,-0.06623405758367773,0.0,0.0,0.0,0.0,1.0,0.0,0.9980769902822757,-0.001837730951408284,0.0,0.0,-0.0002257811377757157,-1.226739717829529e-06,5.533309818858987e-11,-6.935013241988292e-09,9.529770704452822e-09,6.671088989110213e-07,3.274938710949534e-08,4.594966698576673e-06,0.0009980442962282642,-6.439632663226945e-06,2.321959734608576e-08,3.927856465447852e-06,-0.0007721857754624528,3.070741628108734e-06,0.0,0.0,0.0009980769902822758,-1.837730951408284e-06
2,1258.925411794159,0.0,-1.970129321882119e-05,-0.001386411530304771,10.97848872269369,-0.06882509476663072,0.0,0.0,0.0,0.0,1.0,0.0,0.9980761227120828,-0.00190962189342291,0.0,0.0,-0.0002257817227975245,-1.274729009544465e-06,5.982706345407103e-11,-7.206354657702843e-09,9.850646609410595e-09,6.932057651523857e-07,3.492254098486416e-08,4.774719039240168e-06,0.0009980412599981609,-6.691547287320782e-06,2.507187467442304e-08,4.081511887676251e-06,-0.0007721843276777829,3.190867225839021e-06,0.0,0.0,0.0009980761227120828,-1.90962189342291e-06
2,1308.177474260185,0.0,-2.03942368692811e-05,-0.001440646720927377,10.97845500164973,-0.07151747589867824,0.0,0.0,0.0,0.0,1.0,0.0,0.9980751859367627,-0.001984324724801039,0.0,0.0,-0.0002257823544854487,-1.324595314611005e-06,6.467950728954961e-11,-7.488314956965853e-09,1.019711843464055e-08,7.203233604636886e-07,3.72690449724044e-08,4.961502077629718e-06,0.0009980379815712971,-6.953315117387721e-06,2.707190614377656e-08,4.241177276519309e-06,-0.0007721827644048829,3.315691329110106e-06,0.0,0.0,0.0009980751859367627,-1.984324724801039e-06
2,1359.356390878516,0.0,-2.11424555298656e-05,-0.001497003177559692,10.97841859073174,-0.07431516293425193,0.0,0.0,0.0,0.0,1.0,0.0,0.9980741744363655,-0.002061949373838645,0.0,0.0,-0.0002257830365622882,-1.376412012645337e-06,6.991902269625337e-11,-7.781309987623422e-09,1.05712277649328e-08,7.485015887798461e-07,3.980272585027249e-08,5.15559067221506e-06,0.0009980344416295377,-7.225321356041328e-06,2.923147694297855e-08,4.407087586432037e-06,-0.0007721810764320103,3.445397621950914e-06,0.0,0.0,0.0009980741744363656,-2.061949373838646e-06
2,1412.537544622744,0.0,-2.195035799834599e-05,-0.001555563823180916,10.97837927539234,-0.07722227248034214,0.0,0.0,0.0,0.0,1.0,0.0,0.9980730822507353,-0.002142610059806105,0.0,0.0,-0.0002257837730471612,-1.430255347509811e-06,7.557648290951159e-11,-8.085771916791289e-09,1.0975178999173e-08,7.777819115904581e-07,4.253851305678283e-08,5.357270410330706e-06,0.000998030619314161,-7.507966242053603e-06,3.156331210739851e-08,4.579486943176426e-06,-0.0007721792538135652,3.580176958395843e-06,0.0,0.0,0.0009980730822507354,-2.142610059806105e-06
2,1467.799267622059,0.0,-2.282270465436831e-05,-0.001616414816876639,10.9783368239749,-0.08024308180438462,0.0,0.0,0.0,0.0,1.0,0.0,0.9980719029444182,-0.002226425459640955,0.0,0.0,-0.0002257845682793747,-1.486204538588519e-06,8.168522317587006e-11,-8.402149875443298e-09,1.141135232718415e-08,8.082074084383197e-07,4.549252659238522e-08,5.566838024957971e-06,0.0009980264921030484,-7.801665634474367e-06,3.408115144246576e-08,4.758629000104835e-06,-0.0007721772858095277,3.720227641012836e-06,0.0,0.0,0.0009980719029444181,-2.226425459640955e-06
2,1525.222956539008,0.0,-2.376463548747765e-05,-0.001679645679463068,10.97829098634964,-0.08338203507200835,0.0,0.0,0.0,0.0,1.0,0.0,0.9980706295687738,-0.002313518881018124,0.0,0.0,-0.0002257854269445136,-1.544341896296021e-06,8.828123701011798e-11,-8.730910628966797e-09,1.188231774373882e-08,8.398228397315339e-07,4.868217192411112e-08,5.784601827451933e-06,0.0009980220356780867,-8.106851619099023e-06,3.679983041545515e-08,4.944777308074718e-06,-0.0007721751608243954,3.86575571009783e-06,0.0,0.0,0.0009980706295687738,-2.313518881018124e-06
2,1584.893192461102,0.0,-2.478170035602467e-05,-0.001745349423906497,10.97824149244114,-0.0866437498230059,0.0,0.0,0.0,0.0,1.0,0.0,0.9980692546210699,-0.002404018442029609,0.0,0.0,-0.0002257863541015315,-1.604752942007022e-06,9.54033880838184e-11,-9.072539274791954e-09,1.239085017801234e-08,8.726747119532487e-07,5.212624244979822e-08,6.010882156793229e-06,0.0009980172237820074,-8.42397313809763e-06,3.973536749020025e-08,5.138205699490558e-06,-0.0007721728663374616,4.016975243921559e-06,0.0,0.0,0.00099806925462107,-2.404018442029609e-06
2,1646.897865482857,0.0,-2.587989165525606e-05,-0.001813622690711018,10.97818805063864,-0.09003302369413893,0.0,0.0,0.0,0.0,1.0,0.0,0.9980677700003175,-0.002498057257712499,0.0,0.0,-0.0002257873552139467,-1.667526532547932e-06,1.030936389882121e-10,-9.427539968256682e-09,1.293994582762803e-08,9.068113453555088e-07,5.584503012447026e-08,6.246011845961889e-06,0.0009980120280638318,-8.753496643642643e-06,4.29050584170241e-08,5.339198686983689e-06,-0.0007721703888305398,4.174108670403423e-06,0.0,0.0,0.0009980677700003175,-2.498057257712499e-06
2,1711.328304161769,0.0,-2.706567958621342e-05,-0.001884565888452538,10.9781303460796,-0.09355484139763821,0.0,0.0,0.0,0.0,1.0,0.0,0.9980661669595927,-0.002595773633671139,0.0,0.0,-0.0002257884361793749,-1.7327549894329e-06,1.113972982128293e-10,-9.796436677926635e-09,1.353283979310671e-08,9.422829442262692e-07,5.986044488930426e-08,6.490336706047643e-06,0.000998006417912001,-9.095906776396708e-06,4.632757803076228e-08,5.548051877255484e-06,-0.0007721677137065841,4.337387090653025e-06,0.0,0.0,0.0009980661669595928,-2.59577363367114e-06
2,1778.27941003891,0.0,-2.834605023394055e-05,-0.001958283339642086,10.97806803879685,-0.09721438196451267,0.0,0.0,0.0,0.0,1.0,0.0,0.9980644360545586,-0.002697311267046284,0.0,0.0,-0.0002257896033667217,-1.80053423299003e-06,1.203632867873524e-10,-1.017977397165172e-08,1.417302511697027e-08,9.79141669821043e-07,6.419614361625484e-08,6.744216028728704e-06,0.0009980003602742288,-9.451707069746638e-06,5.002309015353382e-08,5.765072400624316e-06,-0.0007721648252050906,4.507050614782279e-06,0.0,0.0,0.0009980644360545587,-2.697311267046284e-06
2,1847.849797422278,0.0,-2.972854667504521e-05,-0.002034883432106363,10.97800076171795,-0.1010170262620243,0.0,0.0,0.0,0.0,1.0,0.0,0.9980625670878925,-0.002802819455090785,0.0,0.0,-0.0002257908636518202,-1.87096392156947e-06,1.300444261488142e-10,-1.05781178347061e-08,1.48642733375226e-08,1.017441716053182e-06,6.887766931220669e-08,7.008023107767864e-06,0.000997993819463006,-9.821420680693353e-06,5.401336624612848e-08,5.99057935683125e-06,-0.0007721617063089492,4.683348710434777e-06,0.0,0.0,0.0009980625670878926,-2.802819455090785e-06
2,1920.141938638787,0.0,-3.122131336108502e-05,-0.002114478776078283,10.97792811850561,-0.1049683647949361,0.0,0.0,0.0,0.0,1.0,0.0,0.9980605490492883,-0.002912453311618333,0.0,0.0,-0.0002257922244593979,-1.944147596008583e-06,1.404977489197518e-10,-1.099205652142906e-08,1.561065668054251e-08,1.057239388039141e-06,7.3932601404738e-08,7.282145780192013e-06,0.0009979867569456327,-1.020559114833177e-05,5.832191350280125e-08,6.224904277674093e-06,-0.0007721583386442465,4.866540564460453e-06,0.0,0.0,0.0009980605490492883,-2.912453311618333e-06
2,1995.262314968865,0.0,-3.283314402757753e-05,-0.002197186367195044,10.97784968122602,-0.1090742058003712,0.0,0.0,0.0,0.0,1.0,0.0,0.9980583700506852,-0.003026373991598166,0.0,0.0,-0.0002257936938059313,-2.020192829513788e-06,1.517848344161322e-10,-1.142220144185954e-08,1.641657201378877e-08,1.098593183597522e-06,7.939071798606041e-08,7.56698698783728e-06,0.0009979791311175337,-1.060478318087731e-05,6.297411313916847e-08,6.468391607053391e-06,-0.0007721547023726849,5.05689545821867e-06,0.0,0.0,0.0009980583700506852,-3.026373991598166e-06
2,2073.32157348594,0.0,-3.457353341773661e-05,-0.002283127755605796,10.97776498783184,-0.1133405836463643,0.0,0.0,0.0,0.0,1.0,0.0,0.9980560172563435,-0.003144748924175353,0.0,0.0,-0.0002257952803466079,-2.099211383188061e-06,1.639721708474965e-10,-1.186918808493726e-08,1.728676670886831e-08,1.141563877802898e-06,8.528417096454079e-08,7.862965359958606e-06,0.0009979708970575497,-1.10195834722189e-05,6.799736968210707e-08,6.721399199027952e-06,-0.0007721507760740098,5.254693156941243e-06,0.0,0.0,0.0009980560172563435,-3.144748924175353e-06
2,2154.434690031867,0.0,-3.645273312469222e-05,-0.002372429221395413,10.9776735394449,-0.1177737675443967,0.0,0.0,0.0,0.0,1.0,0.0,0.9980534768073579,-0.003267752054402158,0.0,0.0,-0.0002257969934270632,-2.181319367342872e-06,1.771315463265953e-10,-1.233367697993024e-08,1.822636656234611e-08,1.186214610697706e-06,9.164767514940426e-08,8.170515817617365e-06,0.0009979620062637543,-1.145060154899945e-05,7.342127213437717e-08,6.984298834490438e-06,-0.0007721465366209435,5.46022431367494e-06,0.0,0.0,0.000998053476807358,-3.267752054402158e-06
2,2238.721138568323,0.0,-3.848181186349997e-05,-0.002465221956534891,10.97757479742288,-0.1223802705864264,0.0,0.0,0.0,0.0,1.0,0.0,0.998050733740169,-0.003395564093972013,0.0,0.0,-0.000225798843137226,-2.266637408844356e-06,1.913404709726921e-10,-1.281635469784071e-08,1.924090593174999e-08,1.232610978267446e-06,9.851871236885076e-08,8.490090200575582e-06,0.0009979524063682716,-1.189847064924543e-05,7.927776795549164e-08,7.257476757086179e-06,-0.0007721419590422385,5.67379088823889e-06,0.0,0.0,0.000998050733740169,-3.395564093972013e-06
2,2326.305067153608,0.0,-4.067272054819604e-05,-0.002561642253572745,10.97746818019265,-0.1271668591171117,0.0,0.0,0.0,0.0,1.0,0.0,0.9980477718985943,-0.003528372781252855,0.0,0.0,-0.0002258008403719369,-2.35529082462816e-06,2.066826325725902e-10,-1.331793489464211e-08,2.033636027409802e-08,1.280821126786372e-06,1.059377518211853e-07,8.822157917438391e-06,0.0009979420408294053,-1.236384863358589e-05,8.560135087450351e-08,7.541334229009763e-06,-0.000772137016377128,5.89570658176327e-06,0.0,0.0,0.0009980477718985943,-3.528372781252855e-06
2,2417.315480804085,0.0,-4.303836253027882e-05,-0.002661831701285273,10.97735305983212,-0.1321405624521121,0.0,0.0,0.0,0.0,1.0,0.0,0.9980445738388702,-0.003666373150921675,0.0,0.0,-0.0002258029968936759,-2.447409801647517e-06,2.232483884572957e-10,-1.383915939830622e-08,2.151918126513941e-08,1.330915850642637e-06,1.139484879332907e-07,9.16720661979906e-06,0.0009979308485993253,-1.284741893011904e-05,9.242926363029485e-08,7.83628810732472e-06,-0.0007721316795157862,6.126297287229084e-06,0.0,0.0,0.0009980445738388703,-3.666373150921676e-06
2,2511.886431509561,0.0,-4.559266942472107e-05,-0.00276593738750627,10.9772287583803,-0.1373086829534912,0.0,0.0,0.0,0.0,1.0,0.0,0.9980411207271456,-0.003809767813506101,0.0,0.0,-0.0002258053254023951,-2.543129583414995e-06,2.411352964610702e-10,-1.438079934169653e-08,2.279633471236053e-08,1.382968693753135e-06,1.225980971260636e-07,9.525742901150712e-06,0.000997918763765316,-1.334989151399851e-05,9.980171682104143e-08,8.14277144146019e-06,-0.000772125917028299,6.3659015565945e-06,0.0,0.0,0.0009980411207271456,-3.809767813506101e-06
2,2610.157215682516,0.0,-4.835068295405698e-05,-0.002874112109359381,10.97709454385443,-0.1426788064733895,0.0,0.0,0.0,0.0,1.0,0.0,0.9980373922288369,-0.003958767245142647,0.0,0.0,-0.000225807839610459,-2.642590663350444e-06,2.604486880546414e-10,-1.49436563435284e-08,2.417534147702849e-08,1.43705605467969e-06,1.319375149649076e-07,9.89829302133851e-06,0.0009979057151625597,-1.387200392282468e-05,1.077621251372857e-07,8.461234092546714e-06,-0.0007721196949810327,6.614871084983064e-06,0.0,0.0,0.0009980373922288369,-3.958767245142647e-06
2,2712.272579332007,0.0,-5.132864329682185e-05,-0.002986514591117763,10.9769496259507,-0.1482588131772124,0.0,0.0,0.0,0.0,1.0,0.0,0.9980333663891936,-0.004113590087863572,0.0,0.0,-0.0002258105543224698,-2.745938985162372e-06,2.813022869866499e-10,-1.552856373973267e-08,2.566432164841093e-08,1.493257295558881e-06,1.420217353299196e-07,1.028540365733158e-05,0.000997891625956151,-1.441452230893488e-05,1.163573623529388e-07,8.792143375258106e-06,-0.0007721129767360169,6.873571212463736e-06,0.0,0.0,0.0009980333663891937,-4.113590087863572e-06
2,2818.382931264432,0.0,-5.454408444505177e-05,-0.003103309709916851,10.97679315140379,-0.1540568887576503,0.0,0.0,0.0,0.0,1.0,0.0,0.9980290195043863,-0.004274463460726107,0.0,0.0,-0.0002258134855219751,-2.853326150452709e-06,3.038188770283804e-10,-1.613638786770579e-08,2.727204222252588e-08,1.551654854958426e-06,1.529101333224909e-07,1.06876426810986e-05,0.0009978764131899404,-1.497824252969242e-05,1.256380365561164e-07,9.135984722830463e-06,-0.0007721057227371708,7.142381443964868e-06,0.0,0.0,0.0009980290195043863,-4.274463460726107e-06
2,2928.644564625213,0.0,-5.801593712706499e-05,-0.003224668729545932,10.97662419897827,-0.1600815360508533,0.0,0.0,0.0,0.0,1.0,0.0,0.9980243259823656,-0.004441623282098048,0.0,0.0,-0.0002258166504665038,-2.9649096337514e-06,3.28131022697746e-10,-1.676802940608886e-08,2.900796856353249e-08,1.612334364772966e-06,1.646668137968641e-07,1.110559996537139e-05,0.000997859987299591,-1.556399127687553e-05,1.356587872175216e-07,9.49326237592969e-06,-0.0007720978902764908,7.421695987814766e-06,0.0,0.0,0.0009980243259823656,-4.441623282098048e-06
2,3043.219887107698,0.0,-6.176463989349124e-05,-0.003350769542542984,10.97644177406272,-0.1663415870660448,0.0,0.0,0.0,0.0,1.0,0.0,0.998019258192687,-0.004615314603412538,0.0,0.0,-0.0002258200677879296,-3.080853005208925e-06,3.543818471408701e-10,-1.742442477289096e-08,3.088231994674562e-08,1.675384771271492e-06,1.773609875297846e-07,1.153988821807781e-05,0.0009978422515870037,-1.617262724626323e-05,1.464786058187464e-07,9.864500096036769e-06,-0.0007720894332450823,7.711924313464832e-06,0.0,0.0,0.000998019258192687,-4.615314603412538e-06
2,3162.277660168354,0.0,-6.581225901336474e-05,-0.003481796920815421,10.97624480283527,-0.1728462154397616,0.0,0.0,0.0,0.0,1.0,0.0,0.9980137863044287,-0.004795791954702241,0.0,0.0,-0.0002258237576019395,-3.201326161121967e-06,3.82725871674989e-10,-1.810654758496098e-08,3.290612950668237e-08,1.74089846040771e-06,1.910673772160259e-07,1.199114384621874e-05,0.0009978231016530845,-1.680504234850594e-05,1.581611818969988e-07,1.025024190401411e-05,-0.0007720803018616551,8.01349172889227e-06,0.0,0.0,0.0009980137863044288,-4.79579195470224e-06
2,3285.993247600628,0.0,-7.018261786129187e-05,-0.0036179427750049,10.976032125967,-0.1796049493257413,0.0,0.0,0.0,0.0,1.0,0.0,0.9980078781112717,-0.004983319702218402,0.0,0.0,-0.0002258277416258281,-3.32650556253769e-06,4.133299218463971e-10,-1.881541018201543e-08,3.509130893064594e-08,1.80897138750245e-06,2.058666556205565e-07,1.246002784995188e-05,0.0009978024247855731,-1.746216296235229e-05,1.707752765070665e-07,1.065105284450665e-05,-0.0007720704423809233,8.326839978195846e-06,0.0,0.0,0.0009980078781112716,-4.983319702218402e-06
2,3414.548873833574,0.0,-7.49014365597489e-05,-0.003759406422809864,10.97580249182663,-0.1866276847312281,0.0,0.0,0.0,0.0,1.0,0.0,0.9980014988427239,-0.005178172418433308,0.0,0.0,-0.0002258320433061733,-3.456574482066724e-06,4.463741052335593e-10,-1.955206521865575e-08,3.745071827987445e-08,1.879703211404932e-06,2.218459184377162e-07,1.294722674762752e-05,0.0009977800992983909,-1.814495123127949e-05,1.843951252564991e-07,1.106751977681617e-05,-0.0007720597967785237,8.652427859912049e-06,0.0,0.0,0.000998001498842724,-5.178172418433308e-06
2,3548.133892335725,0.0,-7.999648266299175e-05,-0.003906394866471249,10.97555454914751,-0.1939246993101337,0.0,0.0,0.0,0.0,1.0,0.0,0.9979946109604084,-0.005380635264715379,0.0,0.0,-0.0002258366879559492,-3.59172325919109e-06,4.820528666301504e-10,-2.031760732805037e-08,3.999824133149588e-08,1.953197433235624e-06,2.390991945647425e-07,1.345345353249841e-05,0.0009977559938187104,-1.885440640454183e-05,1.991008732368289e-07,1.150025219286792e-05,-0.0007720483024110103,8.990731866470592e-06,0.0,0.0,0.0009979946109604084,-5.380635264715379e-06
2,3686.945064519545,0.0,-8.549773376653746e-05,-0.004059123079618206,10.97528683911455,-0.2015066666230396,0.0,0.0,0.0,0.0,1.0,0.0,0.9979871739382385,-0.005591004386953608,0.0,0.0,-0.0002258417029026294,-3.732149564136464e-06,5.205761266776203e-10,-2.111317486122537e-08,4.274886688326873e-08,2.029561539809103e-06,2.577279967340637e-07,1.397944866179377e-05,0.000997729966517631,-1.95915662236086e-05,2.14979044352923e-07,1.194988306286159e-05,-0.0007720358916495362,9.342246845336563e-06,0.0,0.0,0.0009979871739382385,-5.591004386953608e-06
2,3831.186849557256,0.0,-9.143755296392442e-05,-0.004217814303658079,10.97499778682588,-0.2093846708734742,0.0,0.0,0.0,0.0,1.0,0.0,0.99797914402522,-0.005809587324392596,0.0,0.0,-0.0002258471176485033,-3.878058670608864e-06,5.621705104839875e-10,-2.193995170619902e-08,4.571877648196221e-08,2.108907151829039e-06,2.778419156647089e-07,1.452598107880936e-05,0.000997701864280066,-2.035750835490816e-05,2.321230477451593e-07,1.241706970916602e-05,-0.0007720224914830043,9.707486682204378e-06,0.0,0.0,0.00099797914402522,-5.809587324392596e-06
2,3981.071705534939,0.0,-9.78508781595e-05,-0.004382700353880649,10.97468569208008,-0.2175702221291855,0.0,0.0,0.0,0.0,1.0,0.0,0.9979704739895203,-0.006036703431919673,0.0,0.0,-0.000225852964043205,-4.029663737395786e-06,6.070806732671015e-10,-2.279916919151622e-08,4.892543907975e-08,2.191350176940324e-06,2.99559261136158e-07,1.50938492686154e-05,0.0009976715218090566,-2.115335186972659e-05,2.506337242059054e-07,1.290249470897472e-05,-0.0007720080230918525,1.008698500669716e-05,0.0,0.0,0.0009979704739895203,-6.036703431919673e-06
2,4136.820402388472,0.0,-0.0001047754263237,-0.004554021935428222,10.97434871943656,-0.2260752720362876,0.0,0.0,0.0,0.0,1.0,0.0,0.997961112842342,-0.00627268431602212,0.0,0.0,-0.0002258592764694534,-4.187186099166573e-06,6.555707305988913e-10,-2.369210807908973e-08,5.238771316184998e-08,2.277010967714111e-06,3.230077536504931e-07,1.568388234792534e-05,0.0009976387606594219,-2.198025877202655e-05,2.706199357137371e-07,1.340686682618929e-05,-0.0007719924013871449,1.048129592089511e-05,0.0,0.0,0.0009979611128423421,-6.27268431602212e-06
2,4298.662347082241,0.0,-0.0001122519138472278,-0.004732028969261815,10.97398488749208,-0.2349122300331076,0.0,0.0,0.0,0.0,1.0,0.0,0.9979510055400276,-0.006517874284603323,0.0,0.0,-0.0002258660920442246,-4.350855566413042e-06,7.079258014044662e-10,-2.462010065164119e-08,5.612595692361389e-08,2.366014484630908e-06,3.483252706224058e-07,1.629694118959547e-05,0.0009976033881952057,-2.283943557485043e-05,2.921992014468944e-07,1.393092197293559e-05,-0.0007719755345126922,1.089099475105534e-05,0.0,0.0,0.0009979510055400276,-6.517874284603324e-06
2,4466.835921509593,0.0,-0.0001203242942549032,-0.004916980928227841,10.97359205731298,-0.2440939800693515,0.0,0.0,0.0,0.0,1.0,0.0,0.9979400926626998,-0.006772630810812956,0.0,0.0,-0.0002258734508358007,-4.520910734722924e-06,7.644536724889691e-10,-2.558453290045948e-08,6.01621471274516e-08,2.45849046411392e-06,3.756606513443868e-07,1.693391958214044e-05,0.0009975651964650278,-2.373213492585385e-05,3.154983838927444e-07,1.447542420104559e-05,-0.0007719573233101462,1.131667882274534e-05,0.0,0.0,0.0009979400926626999,-6.772630810812956e-06
2,4641.588833612739,0.0,-0.0001290400146216619,-0.005109147183299174,10.97316791995676,-0.2536338978347109,0.0,0.0,0.0,0.0,1.0,0.0,0.9979283100676145,-0.007037325011004872,0.0,0.0,-0.0002258813960969164,-4.697599303483263e-06,8.254865940281768e-10,-2.658684681966055e-08,6.452000731083097e-08,2.554573591649587e-06,4.05174565294044e-07,1.759574542454606e-05,0.0009975239609889145,-2.46596572823706e-05,3.406544289434645e-07,1.50411667237493e-05,-0.0007719376607389639,1.175896825959637e-05,0.0,0.0,0.0009979283100676145,-7.037325011004872e-06
2,4823.178482239265,0.0,-0.0001384502921426556,-0.005308807360028419,10.97270998301331,-0.2635458684993442,0.0,0.0,0.0,0.0,1.0,0.0,0.9979155885152703,-0.007312342136889266,0.0,0.0,-0.0002258899745173348,-4.881178403980807e-06,8.913832161689355e-10,-2.762854281364672e-08,6.92251460713278e-08,2.65440368001421e-06,4.370404486824853e-07,1.828338195654258e-05,0.0009974794394498037,-2.56233526362455e-05,3.678151641610062e-07,1.562897296772101e-05,-0.0007719164312539606,1.221850680578791e-05,0.0,0.0,0.0009979155885152704,-7.312342136889266e-06
2,5011.87233627268,0.0,-0.0001486104124159837,-0.005516251705209983,10.97221555608933,-0.2738443049666297,0.0,0.0,0.0,0.0,1.0,0.0,0.9979018532661657,-0.007598082081889181,0.0,0.0,-0.0002258992364958523,-5.071914936906341e-06,9.625306776451284e-10,-2.871118222503121e-08,7.430520620799186e-08,2.758125852604992e-06,4.714455145261879e-07,1.899782902435984e-05,0.000997431370282317,-2.662462228847405e-05,3.971401597076681e-07,1.623969765550314e-05,-0.000771893510131183,1.269596267229785e-05,0.0,0.0,0.0009979018532661657,-7.598082081889181e-06
2,5207.948328595417,0.0,-0.0001595800511082768,-0.005731781463698146,10.97168173515487,-0.2845441666362529,0.0,0.0,0.0,0.0,1.0,0.0,0.9978870236459426,-0.007894959901646481,0.0,0.0,-0.0002259092364322868,-5.270085919339279e-06,1.039346858126913e-09,-2.98363899909176e-08,7.979002555413839e-08,2.865890731849073e-06,5.085918419075128e-07,1.974012438182325e-05,0.0009973794711508929,-2.766492067346065e-05,4.28801656773533e-07,1.687422791819271e-05,-0.0007718687627425447,1.31920294067743e-05,0.0,0.0,0.0009978870236459427,-7.894959901646482e-06
2,5411.695265464588,0.0,-0.000171423620803246,-0.005955709265272677,10.97110538566425,-0.2956609786729796,0.0,0.0,0.0,0.0,1.0,0.0,0.9978710125764848,-0.008203406348547066,0.0,0.0,-0.0002259200330457789,-5.475978840891599e-06,1.122282806888318e-09,-3.100585743611599e-08,8.571181040162302e-08,2.977854632636339e-06,5.48697550514715e-07,2.051134502646007e-05,0.000997323437308777,-2.874575723244326e-05,4.629855686897757e-07,1.753348443811447e-05,-0.0007718420437740625,1.370742678691653e-05,0.0,0.0,0.0009978710125764848,-8.203406348547066e-06
2,5623.413251903441,0.0,-0.0001842106449667646,-0.006188359521377869,10.97048312435768,-0.3072108517733176,0.0,0.0,0.0,0.0,1.0,0.0,0.9978537260703627,-0.0085238684200476,0.0,0.0,-0.0002259316897137431,-5.68989202913775e-06,1.211825361303627e-09,-3.222134521263798e-08,9.210532248338232e-08,3.094179760688934e-06,5.919980669925227e-07,2.131260857006677e-05,0.0009972629398287318,-2.986869833532701e-05,4.998925602985417e-07,1.821842262101832e-05,-0.0007718131963810881,1.424290173685817e-05,0.0,0.0,0.0009978537260703628,-8.5238684200476e-06
2,5843.414133735124,0.0,-0.0001980161610879438,-0.006430068831487234,10.96981129964262,-0.3192105024186849,0.0,0.0,0.0,0.0,1.0,0.0,0.9978350626858263,-0.008856809920486364,0.0,0.0,-0.0002259442748407947,-5.912135023846549e-06,1.308499969669431e-09,-3.34846863956576e-08,9.900808054397193e-08,3.215034415743617e-06,6.38747490116664e-07,2.214507464293784e-05,0.000997197623695679,-3.103536924981986e-05,5.397392115570319e-07,1.893003379712539e-05,-0.0007717820512797013,1.4799229266187e-05,0.0,0.0,0.0009978350626858264,-8.856809920486365e-06
2,6072.021956909831,0.0,-0.0002129211552373,-0.006681186398759209,10.96908597044678,-0.3316772735995341,0.0,0.0,0.0,0.0,1.0,0.0,0.9978149129393374,-0.009202712035945068,0.0,0.0,-0.0002259578622542113,-6.143028959883223e-06,1.412873733899115e-09,-3.479778974705744e-08,1.0646057761865e-07,3.340593199379605e-06,6.892200623261986e-07,2.300994633066679e-05,0.0009971271057507445,-3.22474561563589e-05,5.827592717865687e-07,1.966934645010079e-05,-0.0007717484257660501,1.537721343075615e-05,0.0,0.0,0.0009978149129393375,-9.202712035945068e-06
2,6309.573444801876,0.0,-0.0002290130303941318,-0.006942074454552466,10.96830288342718,-0.3446291559901844,0.0,0.0,0.0,0.0,1.0,0.0,0.9977931586724339,-0.009562073921597795,0.0,0.0,-0.0002259725316300365,-6.382906958393025e-06,1.525558688753081e-09,-3.616264315870764e-08,1.145065151970659e-07,3.471037227276233e-06,7.437117556482112e-07,2.390847164210216e-05,0.0009970509724754745,-3.350670820685866e-05,6.292050114380853e-07,2.043742747275147e-05,-0.0007717121226591406,1.59776883143694e-05,0.0,0.0,0.000997793158672434,-9.562073921597795e-06
2,6556.418494179729,0.0,-0.000246386111125485,-0.007213108691256785,10.96745744841064,-0.358084809548668,0.0,0.0,0.0,0.0,1.0,0.0,0.9977696723694653,-0.009935413300832061,0.0,0.0,-0.0002259883689554876,-6.63211452560028e-06,1.647215335452951e-09,-3.758131728877381e-08,1.231930555627425e-07,3.606554345628392e-06,8.025419806836155e-07,2.484194500666276e-05,0.0009969687776041174,-3.48149396247836e-05,6.79348678734439e-07,2.123538344792568e-05,-0.000771672929163747,1.660151903024043e-05,0.0,0.0,0.0009977696723694654,-9.935413300832061e-06
2,6812.920690579551,0.0,-0.0002651421873200999,-0.007494678702769147,10.96654471193351,-0.3720635855097816,0.0,0.0,0.0,0.0,1.0,0.0,0.9977443164225207,-0.01032326707525689,0.0,0.0,-0.0002260054670221168,-6.891009958893274e-06,1.778556448784302e-09,-3.905596940560752e-08,1.325710936600499e-07,3.747339351384574e-06,8.660554278705468e-07,2.581170879878998e-05,0.0009968800395510986,-3.617403184345248e-05,7.334840690683858e-07,2.206436195272671e-05,-0.000771630615642116,1.724960274062867e-05,0.0,0.0,0.0009977443164225206,-1.032326707525689e-05
2,7079.457843841315,0.0,-0.0002853910999094378,-0.007787188431799451,10.96555932873802,-0.3865855487325038,0.0,0.0,0.0,0.0,1.0,0.0,0.9977169423395938,-0.01072619194451755,0.0,0.0,-0.0002260239259613828,-7.159964759244353e-06,1.920351178121245e-09,-4.058884745517966e-08,1.426955499547189e-07,3.893594215899725e-06,9.346240509291512e-07,2.681915488682589e-05,0.0009967842386398426,-3.758593567879863e-05,7.919282155834949e-07,2.292555288373774e-05,-0.0007715849342939118,1.792286969289417e-05,0.0,0.0,0.0009977169423395938,-1.072619194451755e-05
2,7356.422544596346,0.0,-0.0003072513716944059,-0.00809105662302698,10.96449553107372,-0.401671500355022,0.0,0.0,0.0,0.0,1.0,0.0,0.9976873898917734,-0.01114476503461667,0.0,0.0,-0.0002260438538193021,-7.439364049097869e-06,2.073429464209424e-09,-4.218229436956592e-08,1.536256858472029e-07,4.04552831151349e-06,1.008649203042945e-06,2.786572620305431e-05,0.000996680814118195,-3.905267353204054e-05,8.550232099445039e-07,2.382018980048419e-05,-0.0007715356177320221,1.862228426989868e-05,0.0,0.0,0.0009976873898917735,-1.114476503461667e-05
2,7644.222742525932,0.0,-0.0003308508866093351,-0.008406717280942758,10.96334709564169,-0.4173430007016078,0.0,0.0,0.0,0.0,1.0,0.0,0.9976554861949486,-0.01157958453319089,0.0,0.0,-0.0002260653671749546,-7.729606994834326e-06,2.238686795022002e-09,-4.383875263571682e-08,1.654254433046676e-07,4.203358640471379e-06,1.088563937069408e-06,2.895291833101508e-05,0.0009965691609446744,-4.057634161684169e-05,9.231381629138402e-07,2.474955128382641e-05,-0.0007714823774510604,1.93488460519739e-05,0.0,0.0,0.0009976554861949485,-1.15795845331909e-05
2,7943.282347242741,0.0,-0.0003563276209737065,-0.008734620131003522,10.96210730800872,-0.4336223923754181,0.0,0.0,0.0,0.0,1.0,0.0,0.9976210447212295,-0.0120312703299105,0.0,0.0,-0.0002260885918079492,-8.031107232363971e-06,2.417089325556398e-09,-4.556076914564961e-08,1.781638104868533e-07,4.367310065501761e-06,1.174835481806643e-06,3.008228110549461e-05,0.0009964486263287487,-4.215911220455075e-05,9.966713149923538e-07,2.57149623053727e-05,-0.0007714249021765762,2.010359088759281e-05,0.0,0.0,0.0009976210447212295,-1.20312703299105e-05
2,8254.041852680108,0.0,-0.000383830430525034,-0.009075231082485969,10.96076892430697,-0.4505328234598107,0.0,0.0,0.0,0.0,1.0,0.0,0.9975838642349596,-0.01250046465984949,0.0,0.0,-0.0002261136634161831,-8.344293294510613e-06,2.609679388066671e-09,-4.735100035131513e-08,1.91915215262517e-07,4.537615541242985e-06,1.267967907146952e-06,3.125542021979533e-05,0.0009963185060072007,-4.380323587999613e-05,1.076052308054359e-06,2.671779560332126e-05,-0.0007713628560906405,2.088759196901963e-05,0.0,0.0,0.0009975838642349597,-1.250046465984949e-05
2,8576.958985908861,0.0,-0.0004135198972547993,-0.009429032691163209,10.95932413002328,-0.4680982707378251,0.0,0.0,0.0,0.0,1.0,0.0,0.9975437276478757,-0.01298783274731467,0.0,0.0,-0.000226140728386337,-8.669609038478715e-06,2.81758142092571e-09,-4.921221774973499e-08,2.067599486273997e-07,4.714516345581605e-06,1.368504991756238e-06,3.247399883398664e-05,0.0009961780402375402,-4.551104379905105e-05,1.161744629609038e-06,2.775947305937236e-05,-0.0007712958769207079,2.170196090887921e-05,0.0,0.0,0.0009975437276478758,-1.298783274731467e-05
2,8912.509381337371,0.0,-0.0004455692403337874,-0.009796524619624854,10.95776449566944,-0.4863435628248961,0.0,0.0,0.0,0.0,1.0,0.0,0.997500400787623,-0.01349406344721698,0.0,0.0,-0.0002261699446259868,-9.00751407133249e-06,3.042008346079154e-09,-5.114731372660301e-08,2.227846201668937e-07,4.898262309812427e-06,1.477033307786765e-06,3.373973917682433e-05,0.000996026409488182,-4.728494993776792e-05,1.254248242050719e-06,2.884146707048728e-05,-0.000771223573884372,2.254784881259089e-05,0.0,0.0,0.000997500400787623,-1.349406344721698e-05
2,9261.187281287846,0.0,-0.0004801652956762936,-0.0101782240927245,10.95608092911233,-0.50529440309348,0.0,0.0,0.0,0.0,1.0,0.0,0.9974536310734793,-0.01401986988061267,0.0,0.0,-0.000226201482455668,-9.35848417130819e-06,3.284268426883982e-09,-5.315930778942317e-08,2.400826478381468e-07,5.089112046362252e-06,1.594185538020556e-06,3.505442413288464e-05,0.000995862729803885,-4.912745332128673e-05,1.354102410017394e-06,2.99653019082983e-05,-0.0007711455254799104,2.342644734128554e-05,0.0,0.0,0.0009974536310734792,-1.401986988061267e-05
2,9623.506263980795,0.0,-0.0005175095689502474,-0.01057466634525901,10.95426362432957,-0.5249773922498808,0.0,0.0,0.0,0.0,1.0,0.0,0.9974031460927802,-0.01456599006053136,0.0,0.0,-0.0002262355255687742,-9.7230117023471e-06,3.545772640011947e-09,-5.525135322444628e-08,2.587547844751237e-07,5.287333172629504e-06,1.720644041741891e-06,3.641989880517915e-05,0.0009956860478236786,-5.104114021893495e-05,1.461888739757204e-06,3.113255505788331e-05,-0.0007710612771104075,2.433898975848572e-05,0.0,0.0,0.0009974031460927802,-1.456599006053136e-05
2,9999.999999999904,0.0,-0.0005578193671296194,-0.01098640505855895,10.95230200634288,-0.5454200504029115,0.0,0.0,0.0,0.0,1.0,0.0,0.9973486520711617,-0.01513318750363395,0.0,0.0,-0.0002262722720632881,-1.010160601863652e-05,3.828042597031326e-09,-5.742674421520026e-08,2.789096835648097e-07,5.493202529279474e-06,1.857144686586688e-06,3.783807204207861e-05,0.0009954953354271718,-5.302868628992777e-05,1.578234445202314e-06,3.234485852639408e-05,-0.0007709703385311295,2.528675195332189e-05,0.0,0.0,0.0009973486520711617,-1.513318750363395e-05
2,10391.22303835159,0.0,-0.0006013290139657013,-0.01141401278219401,10.95018467206762,-0.5666508384409303,0.0,0.0,0.0,0.0,1.0,0.0,0.9972898322293492,-0.0157222518226017,0.0,0.0,-0.0002263119355501164,-1.049479385595992e-05,4.132719053247487e-09,-5.968892346432387e-08,3.006645069828506e-07,5.707006391097004e-06,2.004480964575454e-06,3.931091791576684e-05,0.0009952894839838267,-5.509285866183287e-05,1.703815856263803e-06,3.360390011065706e-05,-0.0007708721811070518,2.627105343163544e-05,0.0,0.0,0.0009972898322293492,-1.57222518226017e-05
2,10797.75162327699,0.0,-0.0006482911550289572,-0.0118580813364638,10.94789932680286,-0.5886991785079322,0.0,0.0,0.0,0.0,1.0,0.0,0.9972263450188461,-0.0163339992934394,0.0,0.0,-0.000226354746342361,-1.090311970580043e-05,4.461571043366961e-09,-6.204149036474297e-08,3.241455775144786e-07,5.929040668231901e-06,2.163508411488694e-06,4.084047713764513e-05,0.0009950672981784015,-5.723651792144928e-05,1.839362185682842e-06,3.491142461133189e-05,-0.0007707662348687694,2.729325826530959e-05,0.0,0.0,0.000997226345018846,-1.63339992934394e-05
2,11220.18454301952,0.0,-0.0006989781582757981,-0.01231922219075109,10.9454327160731,-0.6115954733405123,0.0,0.0,0.0,0.0,1.0,0.0,0.9971578222284869,-0.01696927339107364,0.0,0.0,-0.0002264009527321864,-1.13271461676806e-05,4.816505685530826e-09,-6.448820977101846e-08,3.494890791378991e-07,6.159611095375547e-06,2.335149349710585e-06,4.242885839409921e-05,0.0009948274893844613,-5.946261999494387e-05,1.985659571594589e-06,3.626923497950148e-05,-0.0007706518853530242,2.83547759888543e-05,0.0,0.0,0.000997157822228487,-1.696927339107364e-05
2,11659.1440117982,0.0,-0.0007536836163484217,-0.01279806681215102,10.94277055251847,-0.6353711241953255,0.0,0.0,0.0,0.0,1.0,0.0,0.9970838669534352,-0.01762894528573262,0.0,0.0,-0.0002264508223609463,-1.176745427473869e-05,5.199578697216053e-09,-6.70330214269949e-08,3.768418081742109e-07,6.399033406075511e-06,2.520397975629237e-06,4.407823958379968e-05,0.000994568668556503,-6.177421789095929e-05,2.143555413771385e-06,3.767919337965736e-05,-0.0007705284702130277,2.945706243054e-05,0.0,0.0,0.0009970838669534352,-1.762894528573262e-05
2,12115.27658628577,0.0,-0.0008127239571222855,-0.01329526697805108,10.93989743751718,-0.6600585470607703,0.0,0.0,0.0,0.0,1.0,0.0,0.9970040514178485,-0.01831391429159696,0.0,0.0,-0.0002265046436860096,-1.222464378678595e-05,5.613005668396409e-09,-6.968005011172733e-08,4.063619785611428e-07,6.647633489025543e-06,2.720325813582846e-06,4.579086893520865e-05,0.0009942893386099333,-6.417446327691733e-05,2.313963022298142e-06,3.914322215091613e-05,-0.0007703952755847565,3.06016204641088e-05,0.0,0.0,0.0009970040514178486,-1.831391429159696e-05
2,12589.25411794155,0.0,-0.0008764401692349377,-0.0138114950455165,10.93679677721182,-0.6856911868067868,0.0,0.0,0.0,0.0,1.0,0.0,0.9969179146420736,-0.01902510825810385,0.0,0.0,-0.0002265627275553905,-1.269933344419383e-05,6.059174139150922e-09,-7.243361657212366e-08,4.382200846174689e-07,6.905747522758248e-06,2.936087559237666e-06,4.756906598019234e-05,0.0009939878862569747,-6.666660785486829e-05,2.497866598180369e-06,4.066330464593903e-05,-0.0007702515321950654,3.179000066486429e-05,0.0,0.0,0.0009969179146420736,-1.902510825810385e-05
2,13081.77474260181,0.0,-0.0009451996496117054,-0.01434744416942309,10.93345069259859,-0.7123035288823187,0.0,0.0,0.0,0.0,1.0,0.0,0.9968249599449168,-0.01976348389305512,0.0,0.0,-0.0002266254088907349,-1.319216117560973e-05,6.540656530560805e-09,-7.529824931786504e-08,4.725998248058527e-07,7.173722084711546e-06,3.168927336079834e-06,4.941522235655338e-05,0.0009936625732653674,-6.925400449892636e-05,2.696326566074755e-06,4.224148592439769e-05,-0.0007700964111922448,3.302380185196685e-05,0.0,0.0,0.0009968249599449168,-1.976348389305512e-05
2,13593.56390878512,0.0,-0.001019398180173603,-0.01490382846026971,10.92983992332925,-0.7399311081209249,0.0,0.0,0.0,0.0,1.0,0.0,0.9967246522712477,-0.02053002700531683,0.0,0.0,-0.0002266930484904339,-1.370378425084168e-05,7.060223979191821e-09,-7.827869736200901e-08,5.096990900868014e-07,7.451914230134853e-06,3.420185389426774e-06,5.133180240888198e-05,0.0009933115271058,-7.19401081115608e-05,2.910485279941871e-06,4.387987327491866e-05,-0.0007699290196874764,3.430467149683619e-05,0.0,0.0,0.0009967246522712477,-2.053002700531683e-05
2,14125.3754462274,0.0,-0.001099462041116661,-0.01548138307148373,10.92594372486638,-0.7686105141606665,0.0,0.0,0.0,0.0,1.0,0.0,0.9966164153349594,-0.02132575265338748,0.0,0.0,-0.0002267660349553058,-1.423487936992596e-05,7.620861126652278e-09,-8.137994399931671e-08,5.497310205583305e-07,7.740691535741865e-06,3.6913052429439e-06,5.332134355334111e-05,0.0009929327309531422,-7.472847615072792e-05,3.141573122923445e-06,4.558063653621617e-05,-0.0007697483959862583,3.563430597448847e-05,0.0,0.0,0.0009966164153349594,-2.132575265338748e-05
2,14677.99267622055,0.0,-0.001185850268262678,-0.01608086420479766,10.92173975862673,-0.7983793929243799,0.0,0.0,0.0,0.0,1.0,0.0,0.9964996285671358,-0.02215170518444486,0.0,0.0,-0.0002268447867468382,-1.478614267794165e-05,8.225781916570405e-09,-8.460722172382784e-08,5.929251341313391e-07,8.040432102398829e-06,3.983841343092618e-06,5.538645636782482e-05,0.0009925240130059594,-7.76227687739935e-05,3.390915023111189e-06,4.734600818456177e-05,-0.0007695535044961455,3.701445063224174e-05,0.0,0.0,0.000996499628567136,-2.215170518444486e-05
2,15252.22956539003,0.0,-0.001279057062053335,-0.01670304902091416,10.91720397474415,-0.8292764435402844,0.0,0.0,0.0,0.0,1.0,0.0,0.9963736238591914,-0.02300895814664323,0.0,0.0,-0.0002269297543830984,-1.535828969385228e-05,8.878446451758082e-09,-8.796602839761388e-08,6.395285310266674e-07,8.35152451045708e-06,4.299467217146882e-06,5.752982436432329e-05,0.0009920830350884954,-8.062674853936412e-05,3.659937407063378e-06,4.917828315081718e-05,-0.0007693432302914305,3.84468996470419e-05,0.0,0.0,0.0009963736238591914,-2.300895814664323e-05
2,15848.93192461097,0.0,-0.001379614355739855,-0.01734873544117852,10.91231048708421,-0.8613414100100845,0.0,0.0,0.0,0.0,1.0,0.0,0.9962376820907611,-0.02389861405541046,0.0,0.0,-0.0002270214227807488,-1.595205514034331e-05,9.582578964213027e-09,-9.146214479403094e-08,6.898071778699278e-07,8.67436772058926e-06,4.639984170379235e-06,5.975420339526294e-05,0.0009916072804993454,-8.37442795954674e-05,3.950175612895072e-06,5.107981832593825e-05,-0.000769116373319223,3.993349563936877e-05,0.0,0.0,0.0009962376820907611,-2.389861405541046e-05
2,16468.97865482852,0.0,-0.001488094550228691,-0.01801874182433397,10.90703144014757,-0.8946150668518454,0.0,0.0,0.0,0.0,1.0,0.0,0.9960910294322581,-0.02482180399227552,0.0,0.0,-0.0002271203137471645,-1.656819266038223e-05,1.034218694983462e-08,-9.510165365125254e-08,7.440472751143457e-07,9.009370912166987e-06,5.00733054767663e-06,6.206242064003024e-05,0.000991094041071531,-8.6979326285957e-05,4.263281784467397e-06,5.305303170912143e-05,-0.0007688716422294406,4.147612900760184e-05,0.0,0.0,0.0009960910294322582,-2.482180399227551e-05
2,17113.28304161763,0.0,-0.001605113422815663,-0.01871390650063718,10.90133686750971,-0.9291391978575064,0.0,0.0,0.0,0.0,1.0,0.0,0.9959328334123139,-0.02577968701232806,0.0,0.0,-0.0002272269886329781,-1.720747440409065e-05,1.116158151814379e-08,-9.889096038543742e-08,8.025567114078314e-07,9.356953250318592e-06,5.403591584092064e-06,6.445737311180435e-05,0.00099054040340974,-9.033595108451785e-05,4.601033267570833e-06,5.510040114757924e-05,-0.0007686076478114479,4.307673694346065e-05,0.0,0.0,0.000995932833412314,-2.577968701232806e-05
2,17782.79410038904,0.0,-0.001731333216680619,-0.01943508714364721,10.89519454146238,-0.9649565670094603,0.0,0.0,0.0,0.0,1.0,0.0,0.9957621987407962,-0.02677344933376065,0.0,0.0,-0.0002273420511479385,-1.787069046814416e-05,1.204539900473661e-08,-1.028368156276647e-07,8.656666083403097e-07,9.717543571823607e-06,5.831009867641718e-06,6.694202561818166e-05,0.0009899432342721588,-9.381831176756996e-05,4.965341527968166e-06,5.722446261127093e-05,-0.0007683228960242983,4.473730208372217e-05,0.0,0.0,0.0009957621987407963,-2.677344933376065e-05
2,18478.49797422272,0.0,-0.001867465917504418,-0.02018315995786647,10.88856981354709,-1.002110880496827,0.0,0.0,0.0,0.0,1.0,0.0,0.9955781628788111,-0.02780430328006022,0.0,0.0,-0.000227466150349076,-1.855864816790315e-05,1.299862389047022e-08,-1.069463397647944e-07,9.337329587522092e-07,1.009157997893323e-05,6.291996435873061e-06,6.951940810185167e-05,0.0009892991650668282,-9.743065772167666e-05,5.358261609655311e-06,5.942780793975848e-05,-0.0007680157806046473,4.645985074944181e-05,0.0,0.0,0.0009955781628788111,-2.780430328006022e-05
2,19201.41938638781,0.0,-0.002014276722833275,-0.02095901865809414,10.88142544570617,-1.040646738659412,0.0,0.0,0.0,0.0,1.0,0.0,0.995379691348059,-0.02887348594228651,0.0,0.0,-0.0002275999838029508,-1.927217112011187e-05,1.402661306625474e-08,-1.112270496817416e-07,1.007138361416637e-06,1.047950932904707e-05,6.789142525313533e-06,7.219261227974436e-05,0.000988604575435811,-0.0001011773252717126,5.782002149620457e-06,6.171308199167861e-05,-0.0007676845752378481,4.82464507180827e-05,0.0,0.0,0.000995379691348059,-2.887348594228651e-05
2,19952.62314968858,0.0,-0.002172587708873186,-0.02176357321385504,10.87372143182358,-1.080609576565877,0.0,0.0,0.0,0.0,1.0,0.0,0.9951656727732163,-0.02998225752550015,0.0,0.0,-0.000227744300928423,-2.001209811194199e-05,1.513512147555314e-08,-1.156868879213233e-07,1.086293854436593e-06,1.088178660692752e-05,7.325231989655266e-06,7.496478749061618e-05,0.0009878555759050363,-0.0001050627319040376,6.23893596263108e-06,6.408297912011547e-05,-0.0007673274252855133,5.009920846896915e-05,0.0,0.0,0.0009951656727732164,-2.998225752550015e-05
2,20733.21573485933,0.0,-0.002343281698164335,-0.0225977483295734,10.86541480948688,-1.122045591801794,0.0,0.0,0.0,0.0,1.0,0.0,0.9949349136526612,-0.03113189933976869,0.0,0.0,-0.0002278999065228327,-2.077928172997817e-05,1.633032915797846e-08,-1.203342544978834e-07,1.171640849082167e-06,1.12988741647867e-05,7.903254398396797e-06,7.783913565193594e-05,0.000987047989583422,-0.0001090913692462025,6.731611206033104e-06,6.65402388894009e-05,-0.0007669423390593288,5.202026583552011e-05,0.0,0.0,0.0009949349136526612,-3.11318993397687e-05
2,21544.3469003186,0.0,-0.002527306330029289,-0.02346248162828791,10.85645946187777,-1.165001657903524,0.0,0.0,0.0,0.0,1.0,0.0,0.9946861328549685,-0.03232371139229567,0.0,0.0,-0.0002280676644736968,-2.15745867191558e-05,1.761886970639992e-08,-1.251780416222922e-07,1.263653165014644e-06,1.173124081414396e-05,8.526418822395786e-06,8.081890521720492e-05,0.0009861773329022797,-0.0001132677946511229,7.262763130074665e-06,6.908764094057932e-05,-0.0007665271786365668,5.401179599222317e-05,0.0,0.0,0.0009946861328549686,-3.232371139229567e-05
2,22387.21138568315,0.0,-0.002725678333770354,-0.024358721503644,10.84680590979171,-1.209525221725045,0.0,0.0,0.0,0.0,1.0,0.0,0.9944179558411943,-0.03355900953308473,0.0,0.0,-0.0002282485016532609,-2.239888804046741e-05,1.900786013635454e-08,-1.302276716186623e-07,1.362839166885177e-06,1.2179360751822e-05,9.198168306278896e-06,8.390738401449262e-05,0.0009852387953950515,-0.000117596621219196,7.835326413715275e-06,7.17279989039491e-05,-0.0007660796502187428,5.607599869659335e-05,0.0,0.0,0.0009944179558411942,-3.355900953308473e-05
2,23263.05067153601,0.0,-0.00293948800222843,-0.02528742460166319,10.83640109390235,-1.255664182867688,0.0,0.0,0.0,0.0,1.0,0.0,0.9941289086161529,-0.03483912210218401,0.0,0.0,-0.0002284434119983469,-2.325306859124465e-05,2.050493214989247e-08,-1.354931383371177e-07,1.469744001114215e-06,1.26437123008316e-05,9.922195019682929e-06,8.710789083602926e-05,0.0009842272185286197,-0.0001220825060765504,8.452448079080573e-06,7.446415324777304e-05,-0.0007655972940376898,5.821509469973452e-05,0.0,0.0,0.000994128908616153,-3.483912210218401e-05
2,24173.15480804078,0.0,-0.003169903860464895,-0.02624955289040497,10.82518814752468,-1.303466753138004,0.0,0.0,0.0,0.0,1.0,0.0,0.9938174114157566,-0.03616538602197891,0.0,0.0,-0.0002286534607665036,-2.413801655104519e-05,2.211826475580745e-08,-1.409850523921043e-07,1.584951930232448e-06,1.312477644520248e-05,1.07024560696207e-05,9.042376563723147e-05,0.0009831370736108922,-0.0001267301367116025,9.117500969484765e-06,7.729896294247609e-05,-0.0007650774738213739,6.043131923078732e-05,0.0,0.0,0.0009938174114157566,-3.616538602197891e-05
2,25118.86431509553,0.0,-0.003418177520890131,-0.02724607027211203,10.81310616029823,-1.35298129382781,0.0,0.0,0.0,0.0,1.0,0.0,0.9934817721421099,-0.03753914227324712,0.0,0.0,-0.0002288797889617999,-2.505462231081057e-05,2.385661818400322e-08,-1.46714690581849e-07,1.709088760445066e-06,1.362303513605602e-05,1.154318994468131e-05,9.385835819162734e-05,0.0009819624388156126,-0.0001315442151554563,9.83409776605869e-06,8.023529580950109e-05,-0.0007645173658381577,6.272691445339401e-05,0.0,0.0,0.0009934817721421099,-3.753914227324713e-05
2,26101.57215682508,0.0,-0.003685648712100642,-0.02827793868881727,10.80008993340962,-1.404256128434737,0.0,0.0,0.0,0.0,1.0,0.0,0.9931201795635647,-0.03896173068880657,0.0,0.0,-0.0002291236179209344,-2.600377494117734e-05,2.572936900297185e-08,-1.526940498714244e-07,1.842824356050321e-06,1.413896934440863e-05,1.244893354796199e-05,9.741501503591506e-05,0.0009806969753846052,-0.000136529439774593,1.060610550626298e-05,8.327601741356773e-05,-0.0007639139475502654,6.510412078353928e-05,0.0,0.0,0.0009931201795635647,-3.896173068880657e-05
2,27122.72579331998,0.0,-0.003973750463858616,-0.02934611366872552,10.78606972720732,-1.457339328263459,0.0,0.0,0.0,0.0,1.0,0.0,0.9927306963034384,-0.04043448399363912,0.0,0.0,-0.0002293862540403424,-2.698635815186201e-05,2.774654631540078e-08,-1.589359063491017e-07,1.986875231929308e-06,1.467305683436276e-05,1.342453975936514e-05,0.0001010970645269939,0.0009793339030903878,-0.000141690484426982,1.143766055368531e-05,8.64239783465174e-05,-0.0007632639859130874,6.756516695001491e-05,0.0,0.0,0.0009927306963034383,-4.043448399363912e-05
2,28183.82931264423,0.0,-0.004284014425012472,-0.03045153925703947,10.77097100233689,-1.51227846817066,0.0,0.0,0.0,0.0,1.0,0.0,0.9923112516487246,-0.04195872101545083,0.0,0.0,-0.0002296690936244294,-2.800324569066093e-05,2.991886886714129e-08,-1.654538795928474e-07,2.142007212506236e-06,1.522576962851974e-05,1.447519544877503e-05,0.0001049077998204773,0.0009778659750688161,-0.0001470319747155209,1.233318395225436e-05,8.968199974041827e-05,-0.0007625640253746679,7.011225867090132e-05,0.0,0.0,0.0009923112516487247,-4.195872101545084e-05
2,29286.44564625204,0.0,-0.004618076284609751,-0.03159514227134795,10.75471415584295,-1.56912034954416,0.0,0.0,0.0,0.0,1.0,0.0,0.9918596342189862,-0.04353573898483501,0.0,0.0,-0.0002299736278296161,-2.905529612763635e-05,3.225778285846911e-08,-1.722625029103711e-07,2.309038142304875e-06,1.579757113567398e-05,1.560643983944822e-05,0.0001088504595681872,0.0009762854521623961,-0.0001525584610559325,1.329739707906716e-05,9.305285683737091e-05,-0.000761810375642602,7.274756581097941e-05,0.0,0.0,0.0009918596342189862,-4.353573898483501e-05
2,30432.19887107688,0.0,-0.004977681258823363,-0.0327778258183504,10.73721425405443,-1.627910687444052,0.0,0.0,0.0,0.0,1.0,0.0,0.9913734845458865,-0.04516680483968635,0.0,0.0,-0.000230301447667336,-3.014334696695153e-05,3.477550019304194e-08,-1.793772999413098e-07,2.488840629411682e-06,1.63889129091752e-05,1.682418309522531e-05,0.0001129282061208089,0.0009745840769508542,-0.0001582743882604366,1.433533748813233e-05,9.653926043380792e-05,-0.0007609990993010518,7.547320787759659e-05,0.0,0.0,0.0009913734845458865,-4.516680483968635e-05
2,31622.77660168344,0.0,-0.005364689597640471,-0.03400046200566939,10.71838076449298,-1.688693758686856,0.0,0.0,0.0,0.0,1.0,0.0,0.9908502876255884,-0.04685314544443596,0.0,0.0,-0.0002306542490239094,-3.126820802583363e-05,3.748503683847541e-08,-1.86814868133094e-07,2.682344798820236e-06,1.70002310028347e-05,1.813472497568766e-05,0.0001171441010116729,0.0009727530476867387,-0.000164184061324242,1.545237481217818e-05,0.0001001438360083762,-0.0007601259993824661,7.829123770590474e-05,0.0,0.0,0.0009908502876255884,-4.685314544443596e-05
2,32859.93247600617,0.0,-0.005781082055267506,-0.03526388377997132,10.6981172895289,-1.751512007530649,0.0,0.0,0.0,0.0,1.0,0.0,0.9902873655197014,-0.04859593663125794,0.0,0.0,-0.000231033837652439,-3.243065401813128e-05,4.040025090230289e-08,-1.945929696216328e-07,2.890541027633753e-06,1.763194188998566e-05,1.954477336968384e-05,0.0001215010774890595,0.0009707829924009197,-0.000170291607089939,1.665422656096815e-05,0.0001038691003351901,-0.0007591866070212339,8.12036231785801e-05,0.0,0.0,0.0009902873655197014,-4.859593663125794e-05
2,34145.48873833563,0.0,-0.006228965256950936,-0.03656887582075379,10.67632130505757,-1.816405605528764,0.0,0.0,0.0,0.0,1.0,0.0,0.9896818700957039,-0.05039629096788777,0.0,0.0,-0.0002314421340633421,-3.363141627814314e-05,4.353587994756174e-08,-2.027306300628846e-07,3.114482628475468e-06,1.82844379103769e-05,2.106146247946539e-05,0.000126001909858137,0.0009686639434961864,-0.0001766009314560876,1.794697362202469e-05,0.0001077174353788843,-0.0007581761693390421,8.421222682052087e-05,0.0,0.0,0.0009896818700957039,-5.039629096788777e-05
2,35481.33892335714,0.0,-0.006710576882202002,-0.03791616441820004,10.65288390808682,-1.883411962073121,0.0,0.0,0.0,0.0,1.0,0.0,0.9890307760149157,-0.05225524415539975,0.0,0.0,-0.0002318811782547892,-3.487117355939484e-05,4.690757698274184e-08,-2.112482459700543e-07,3.355288441101001e-06,1.895808220910002e-05,2.2692370384708e-05,0.0001306491793904023,0.0009663853132071907,-0.0001831156717917721,1.933707523303008e-05,0.0001116910592651379,-0.0007570896377444569,8.73187831078176e-05,0.0,0.0,0.0009890307760149159,-5.225524415539976e-05
2,36869.45064519533,0.0,-0.007228290570230111,-0.03930640626370776,10.62768957781623,-1.952565182158534,0.0,0.0,0.0,0.0,1.0,0.0,0.9883308740952824,-0.05417373995957632,0.0,0.0,-0.0002323531341850149,-3.615054184337441e-05,5.053194446082922e-08,-2.201677011116832e-07,3.614145285115056e-06,1.965320313185388e-05,2.444553566764832e-05,0.0001354452365592077,0.0009639358703720952,-0.0001898391442198958,2.083138315424313e-05,0.0001157919941209476,-0.0007559216568570615,9.052487332959769e-05,0.0,0.0,0.0009883308740952824,-5.417373995957632e-05
2,38311.86849557243,0.0,-0.007784620437653267,-0.04074017608338799,10.60061595555381,-2.023895467981599,0.0,0.0,0.0,0.0,1.0,0.0,0.9875787651974715,-0.05615261358178652,0.0,0.0,-0.0002328602938954649,-3.747006309492984e-05,5.442656551133894e-08,-2.295124925160968e-07,3.892310218826633e-06,2.037008804169399e-05,2.63294727273486e-05,0.0001403921593656786,0.0009613037190356343,-0.0001967742854399813,2.243715472390174e-05,0.0001200220305838086,-0.0007546665543062825,9.383189784617496e-05,0.0,0.0,0.0009875787651974714,-5.615261358178652e-05
2,39810.71705534926,0.0,-0.008382225081277506,-0.04221795304835665,10.57153364965667,-2.097428461159533,0.0,0.0,0.0,0.0,1.0,0.0,0.9867708548061428,-0.05819257338006283,0.0,0.0,-0.0002334050811622079,-3.883019290341905e-05,5.861003150745009e-08,-2.393078666050203e-07,4.191112540638753e-06,2.110897652417833e-05,2.835318535259762e-05,0.0001454917075312792,0.0009584762794850528,-0.000203923588777947,2.416206442973352e-05,0.0001243826887891478,-0.000753318331689512,9.724104559441504e-05,0.0,0.0,0.0009867708548061428,-5.819257338006283e-05
2,41368.20402388459,0.0,-0.009023910919938594,-0.04374010590141972,10.54030607259617,-2.173184522635532,0.0,0.0,0.0,0.0,1.0,0.0,0.9859033485036502,-0.06029418085887676,0.0,0.0,-0.0002339900545468288,-4.023128695572475e-05,6.310196493784853e-08,-2.495809659407673e-07,4.511955459969297e-06,2.187005295070986e-05,3.052617805933568e-05,0.000150745272352848,0.0009554402724092525,-0.0002112890341776655,2.601421357545529e-05,0.0001288751756620322,-0.0007518706570194822,0.0001007532607039813,0.0,0.0,0.0009859033485036502,-6.029418085887676e-05
2,42986.62347082227,0.0,-0.00971263470915007,-0.04530687674824198,10.50678931823288,-2.251177947750449,0.0,0.0,0.0,0.0,1.0,0.0,0.9849722485607822,-0.06245782885759274,0.0,0.0,-0.0002346179096928136,-4.16735862924511e-05,6.792303641028479e-08,-2.603609870140092e-07,4.856317354575035e-06,2.265343837412099e-05,3.285846462998239e-05,0.0001561538220446789,0.0009521817069672098,-0.0002188720118892856,2.800213756277268e-05,0.0001335003383636811,-0.0007503168590366482,0.0001043692061081375,0.0,0.0,0.0009849722485607822,-6.245782885759274e-05
2,44668.35921509578,0.0,-0.01045150504081582,-0.04691836347280426,10.47083208843197,-2.331416114530537,0.0,0.0,0.0,0.0,1.0,0.0,0.9839733518981983,-0.06468371788341302,0.0,0.0,-0.0002352914806988959,-4.315720131219114e-05,7.309497446233466e-08,-2.716793494191712e-07,5.225752520407911e-06,2.345918173640213e-05,3.53605732192831e-05,0.0001617178424318802,0.0009486858736533771,-0.0002266732396647124,3.013481024737033e-05,0.0001382586137771147,-0.0007486499238085198,0.0001080892240582082,0.0,0.0,0.0009839733518981983,-6.468371788341302e-05
2,46415.88833612725,0.0,-0.01124378261774872,-0.04857450075244213,10.43227567924462,-2.413898563994731,0.0,0.0,0.0,0.0,1.0,0.0,0.9829022497026251,-0.06697183055556452,0.0,0.0,-0.0002360137403740747,-4.468209450000926e-05,7.864056669624088e-08,-2.835698766580329e-07,5.62189130887436e-06,2.428725037622106e-05,3.804354731512223e-05,0.0001674372729116941,0.0009449373429541992,-0.0002346926733439167,3.242164476246534e-05,0.0001431499739609723,-0.0007468624940912272,0.0001119132934865874,0.0,0.0,0.000982902249702625,-6.697183055556452e-05
2,48231.7848223925,0.0,-0.01209287906960643,-0.05027503966762614,10.3909540380058,-2.498616012251465,0.0,0.0,0.0,0.0,1.0,0.0,0.9817543290131321,-0.06932190415432861,0.0,0.0,-0.0002367877991666933,-4.624806187680797e-05,8.458365059167725e-08,-2.960689886750155e-07,6.046439534803217e-06,2.513751983381307e-05,4.091894176445645e-05,0.0001733114376667101,0.0009409199708992668,-0.0002429294108097137,3.48724901367744e-05,0.0001481738675578574,-0.0007449468719785135,0.0001158409842075686,0.0,0.0,0.000981754329013132,-6.93219041543286e-05
2,50118.72336272663,0.0,-0.01300235405362282,-0.05201952592648961,10.3466939038295,-2.585549295364009,0.0,0.0,0.0,0.0,1.0,0.0,0.9805247766242093,-0.07173340130209964,0.0,0.0,-0.0002376169025269936,-4.785471318752288e-05,9.094909218642504e-08,-3.092159060555623e-07,6.501177026811411e-06,2.600976296324481e-05,4.399881299586611e-05,0.0001793389721980358,0.0009366169127205295,-0.000251381589406191,3.74976229667005e-05,0.000153329157215265,-0.0007428950254169675,0.000119871408001071,0.0,0.0,0.0009805247766242094,-7.173340130209964e-05
2,52079.48328595401,0.0,-0.01397591036082479,-0.05380727675456576,10.29931504508505,-2.674668249444912,0.0,0.0,0.0,0.0,1.0,0.0,0.979208585683011,-0.07420547884481823,0.0,0.0,-0.0002385044264572311,-4.95014508735403e-05,9.776275065506272e-08,-3.230528656076115e-07,6.987955180412398e-06,2.690363837728288e-05,4.729570249346173e-05,0.0001855177453495835,0.0009320106459402043,-0.0002600462770600094,4.030773333713928e-05,0.0001586140531650239,-0.0007406985992184922,0.0001240031666938368,0.0,0.0,0.000979208585683011,-7.420547884481823e-05
2,54116.95265464572,0.0,-0.01501738672717634,-0.0556373565368508,10.2486306084716,-2.765930530223566,0.0,0.0,0.0,0.0,1.0,0.0,0.9778005653868236,-0.07673695505166724,0.0,0.0,-0.000239453870965467,-5.118744791035579e-05,1.050514266659288e-07,-3.376253467912829e-07,7.508693363588171e-06,2.78186782684254e-05,5.082261250501108e-05,0.0001918447771187314,0.000927083004308478,-0.0002689193575171898,4.331390412403645e-05,0.0001640260432129494,-0.0007383489312452474,0.000128234297434332,0.0,0.0,0.0009778005653868235,-7.673695505166723e-05
2,56234.13251903423,0.0,-0.01613074803038628,-0.05750855134269724,10.19444759521885,-2.859280378441614,0.0,0.0,0.0,0.0,1.0,0.0,0.9762953542121363,-0.07932627530955509,0.0,0.0,-0.0002404688511430386,-5.291162462733867e-05,1.12842792264368e-07,-3.529823081597468e-07,8.065374015193138e-06,2.875427567134862e-05,5.459297290373023e-05,0.000198316152695491,0.000921815224100671,-0.0002779954103132059,4.652758275778879e-05,0.0001695618195155911,-0.0007358370744905973,0.0001325622154565442,0.0,0.0,0.0009762953542121364,-7.93262753095551e-05
2,58434.14133735106,0.0,-0.01732007253814905,-0.05941934251458857,10.13656748066772,-2.954647339890221,0.0,0.0,0.0,0.0,1.0,0.0,0.974687437126848,-0.08197147655723022,0.0,0.0,-0.0002415530855499615,-5.467262467678813e-05,1.211652999247825e-07,-3.691764326218522e-07,8.660036269074522e-06,2.970967125729429e-05,5.862059807268531e-05,0.000204926933343447,0.0009161880043540875,-0.0002872675863332991,4.996054448353845e-05,0.0001752172026668102,-0.0007331538258044668,0.0001369836547407133,0.0,0.0,0.0009746874371268481,-8.197147655723022e-05
2,60720.21956909812,0.0,-0.01858953586404222,-0.06136787955982811,10.07478699395056,-3.051944951723791,0.0,0.0,0.0,0.0,1.0,0.0,0.9729711672500749,-0.0846701507822249,0.0,0.0,-0.0002427103816043941,-5.646879036841357e-05,1.300480683461402e-07,-3.862643799325677e-07,9.294767932021109e-06,3.068393977991406e-05,6.291963264837218e-05,0.0002116710649319991,0.000910181582670049,-0.0002967274800941566,5.362484612681572e-05,0.0001809870637842055,-0.0007302897620444226,0.0001414946071108258,0.0,0.0,0.000972971167250075,-8.46701507822249e-05
2,63095.73444801856,0.0,-0.01994339128487188,-0.06335195264960997,10.00889907460747,-3.151069409868195,0.0,0.0,0.0,0.0,1.0,0.0,0.9711407924272988,-0.08741940799226547,0.0,0.0,-0.000243944617656755,-5.82981376481273e-05,1.395207425479213e-07,-4.043070443604185e-07,9.971695642435941e-06,3.167597632480498e-05,6.75044849518292e-05,0.0002185412851509671,0.0009037758282180167,-0.000306365000187593,5.753276936600223e-05,0.0001868652454742095,-0.0007272352844271412,0.0001460902604554504,0.0,0.0,0.0009711407924272988,-8.741940799226547e-05
2,65564.18494179708,0.0,-0.02138594607998767,-0.06536896510255845,9.938694022647974,-3.251898235874533,0.0,0.0,0.0,0.0,1.0,0.0,0.9691904871794725,-0.09021583917093029,0.0,0.0,-0.0002452597214358532,-6.015833106398638e-05,1.496133258702375e-07,-4.233698149738479e-07,1.069297303999384e-05,3.268448255127922e-05,7.23897469584923e-05,0.0002255290306844561,0.0008969503535468502,-0.0003161682396703602,6.16967525325525e-05,0.0001928444827642118,-0.0007239806718501995,0.0001507649369231201,0.0,0.0,0.0009691904871794725,-9.02158391709303e-05
2,68129.20690579529,0.0,-0.02292153357122806,-0.0674159063089598,9.863960857684033,-3.354288965418914,0.0,0.0,0.0,0.0,1.0,0.0,0.9671143904601852,-0.09305547983427652,0.0,0.0,-0.0002466596445817038,-6.20466591353952e-05,1.603559816087276e-07,-4.435228354355097e-07,1.146076678561403e-05,3.37079531544799e-05,7.759009971940853e-05,0.0002326243458887517,0.0008896846467223848,-0.0003261233485584637,6.612931001226132e-05,0.0001989163253183655,-0.000720516143905725,0.0001555120321214409,0.0,0.0,0.0009671143904601853,-9.305547983427652e-05
2,70794.57843841292,0.0,-0.02455448057408027,-0.06948932563636258,9.784488901207721,-3.458077884757951,0.0,0.0,0.0,0.0,1.0,0.0,0.9649066496118439,-0.09593377491930946,0.0,0.0,-0.0002481483329951351,-6.396001061848011e-05,1.71778802238556e-07,-4.648412596032172e-07,1.227724028704014e-05,3.474466281818129e-05,8.312020325449412e-05,0.0002398157948049516,0.0008819582251595878,-0.0003362144109838642,7.084293841297304e-05,0.0002050710624974446,-0.0007168319342399365,0.0001603239565387826,0.0,0.0,0.0009649066496118439,-9.593377491930946e-05
2,73564.22544596322,0.0,-0.026289070018779,-0.07158530794527272,9.700069593744054,-3.563078845732386,0.0,0.0,0.0,0.0,1.0,0.0,0.962561470846751,-0.09884554585414397,0.0,0.0,-0.0002497296927870263,-6.589485224087199e-05,1.839115445197116e-07,-4.874054986209881e-07,1.31445350093895e-05,3.579265397263636e-05,8.899457010154012e-05,0.0002470903786350593,0.0008737508122897303,-0.0003464233299878242,7.585000880308066e-05,0.0002112976530771151,-0.0007129183748019741,0.0001651920806082785,0.0,0.0,0.000962561470846751,-9.884554585414397e-05
2,76442.22742525907,0.0,-0.02812949856687075,-0.07369945143281084,9.610498555359168,-3.669082194248501,0.0,0.0,0.0,0.0,1.0,0.0,0.9600731764886584,-0.1017849607801954,0.0,0.0,-0.0002514075516678593,-6.78472085597348e-05,1.967833292447478e-07,-5.113014545606405e-07,1.406474928343537e-05,3.684972571640542e-05,9.522742193085153e-05,0.0002544334611120746,0.0008650425378870511,-0.0003567297233468306,8.116264451791775e-05,0.0002175836616962177,-0.0007087659913750932,0.0001701066850324784,0.0,0.0,0.0009600731764886584,-0.0001017849607801954
2,79432.82347242715,0.0,-0.03007982913644458,-0.07582684860926682,9.515577893739518,-3.775853851402241,0.0,0.0,0.0,0.0,1.0,0.0,0.957436269091911,-0.1047455090143936,0.0,0.0,-0.0002531856156983148,-6.981264467684212e-05,2.10422305005759e-07,-5.366207350662945e-07,1.503991456822229e-05,3.791342430463341e-05,0.0001018325289321557,0.0002618287044893249,0.0008558141624647608,-0.0003671108342387848,8.67925842841046e-05,0.0002239152043578429,-0.0007043656105855667,0.0001750569181845352,0.0,0.0,0.0009574362690919111,-0.0001047455090143936
2,82540.4185268008,0.0,-0.03214393835957341,-0.07796207129339346,9.415118758688083,-3.883134590347354,0.0,0.0,0.0,0.0,1.0,0.0,0.9546455024061262,-0.1077199809487667,0.0,0.0,-0.0002550674214231718,-7.178625261811122e-05,2.248552761325478e-07,-5.634608428893945e-07,1.60719691797867e-05,3.898103564669673e-05,0.0001088230320540627,0.0002692580191482027,0.0008460473256281957,-0.0003775414609398588,9.275103073033785e-05,0.0002302769055394346,-0.0006997084783362251,0.00018003076258441,0.0,0.0,0.0009546455024061262,-0.0001077199809487667
2,85769.58985908833,0.0,-0.03432545912978235,-0.0800991605821945,9.308944135352538,-3.990639555409705,0.0,0.0,0.0,0.0,1.0,0.0,0.9516959589729134,-0.1107004546792172,0.0,0.0,-0.0002570562835306212,-7.376264224975837e-05,2.401072958971257e-07,-5.919253337147321e-07,1.716272956489118e-05,4.004958029109725e-05,0.000116211248630848,0.0002767015300601169,0.0008357248176379626,-0.0003879939100730488,9.904848474049779e-05,0.000236651869669859,-0.0006947863893080886,0.0001850150126055383,0.0,0.0,0.0009516959589729134,-0.0001107004546792172
2,89125.09381337342,0.0,-0.03662771855581459,-0.08223162280416678,9.196891860790247,-4.098058072538882,0.0,0.0,0.0,0.0,1.0,0.0,0.9485831339269597,-0.1136782907272333,0.0,0.0,-0.0002591552383286455,-7.573593764814701e-05,2.562012271930958e-07,-6.221239353083395e-07,1.83138592779073e-05,4.111581140208339e-05,0.0001240084624678238,0.0002841375635186234,0.0008248308726863288,-0.0003984379781811649,0.0001056945665621978,0.0002430216698849173,-0.0006895918268166601,0.0001899952656883586,0.0,0.0,0.0009485831339269597,-0.0001136782907272333
2,92611.87281287817,0.0,-0.039053671819818,-0.08435243249514951,9.078817839629272,-4.205053801656684,0.0,0.0,0.0,0.0,1.0,0.0,0.9453030243280658,-0.1166441362590726,0.0,0.0,-0.0002613669834889976,-7.769977987304166e-05,2.731572741760607e-07,-6.541726208107272e-07,1.9526835909909e-05,4.217621624757476e-05,0.0001322247000721211,0.0002915426576598778,0.0008133514815301206,-0.0004088409665397611,0.0001126978251085404,0.0002493663570598706,-0.0006841181118988349,0.0001949559294043002,0.0,0.0,0.0009453030243280658,-0.0001166441362590726
2,96235.06263980764,0.0,-0.04160583264089701,-0.08645404343622934,8.954599424716108,-4.311265281477138,0.0,0.0,0.0,0.0,1.0,0.0,0.9418522230765729,-0.1195879402073746,0.0,0.0,-0.0002636938147000945,-7.96473370906492e-05,2.90992489776487e-07,-6.88193629001794e-07,2.080291632044851e-05,4.322702171811467e-05,0.0001408684954023957,0.0002988916002906,0.0008012747201639535,-0.0004191677341269764,0.0001200655374761144,0.000255664492118442,-0.000678359560049524,0.0001998802467147731,0.0,0.0,0.0009418522230765729,-0.0001195879402073746
2,99999.9999999987,0.0,-0.04428620126476046,-0.08852840875658709,8.824138917949444,-4.416306915594347,0.0,0.0,0.0,0.0,1.0,0.0,0.9382280161676089,-0.1224989806507501,0.0,0.0,-0.0002661375600666593,-8.157132295993907e-05,3.09720265540701e-07,-7.243154246261447e-07,2.214310063238023e-05,4.426420437829355e-05,0.000149946646254966,0.0003061574974189835,0.0007885910901781836,-0.0004293807934943597,0.0001278035013363843,0.0002618932045122812,-0.0006723116435295995,0.0002047503416882368,0.0,0.0,0.0009382280161676089,-0.0001224989806507501
2,103912.2303835156,0.0,-0.04709619113079344,-0.09056701102395982,8.687367135279828,-4.519770444732385,0.0,0.0,0.0,0.0,1.0,0.0,0.9344284817279064,-0.1253659056985009,0.0,0.0,-0.0002686995133072134,-8.346402412415244e-05,3.293498118760338e-07,-7.626725924371096e-07,2.354809556539672e-05,4.528350551197991e-05,0.00015946396618459,0.0003133118756124503,0.0007752938653551923,-0.0004394404539033884,0.0001359158235230022,0.0002680282795334595,-0.000665971156651457,0.0002095472877550464,0.0,0.0,0.0009344284817279064,-0.0001253659056985009
2,107977.5162327696,0.0,-0.05003655560113462,-0.09256090311552942,8.544246968508245,-4.621226943734905,0.0,0.0,0.0,0.0,1.0,0.0,0.9304525889637256,-0.1281767889521409,0.0,0.0,-0.0002713803670100767,-8.531733752994985e-05,3.498856384148851e-07,-8.034056595366808e-07,2.501827780056731e-05,4.628045155776471e-05,0.0001694230366476881,0.0003203248208665989,0.000761379437954452,-0.0004493050154782764,0.0001444047088105653,0.0002740442767479311,-0.0006593363809150876,0.0002142512002906716,0.0,0.0,0.0009304525889637257,-0.0001281767889521408
2,112201.8454301949,0.0,-0.05310731636185251,-0.09450076047792283,8.39477686554501,-4.720229372915396,0.0,0.0,0.0,0.0,1.0,0.0,0.9263002948436232,-0.1309192003665728,0.0,0.0,-0.0002741801474147043,-8.71228181281436e-05,3.713270457967308e-07,-8.466608418893481e-07,2.655365818092626e-05,4.725038023896141e-05,0.0001798239648192807,0.0003271651560464202,0.0007468476570701388,-0.0004589310172548824,0.0001532702535310381,0.0002799146813066984,-0.000652407246365172,0.0002188413548986634,0.0,0.0,0.0009263002948436232,-0.0001309192003665728
2,116591.4401179817,0.0,-0.05630769531174984,-0.09637694514408518,8.2389941407951,-4.816315701668973,0.0,0.0,0.0,0.0,1.0,0.0,0.921972636062136,-0.1335802930081887,0.0,0.0,-0.0002770981523769755,-8.887173729216213e-05,3.93667641610112e-07,-8.925897125883545e-07,2.815384765587492e-05,4.818847257204259e-05,0.0001906641532304495,0.0003338006581453014,0.0007317021504732965,-0.0004682735408660784,0.0001625102492668792,0.0002856120891963137,-0.0006451854850743066,0.0002232963322246762,0.0,0.0,0.000921972636062136,-0.0001335802930081887
2,121152.7658628573,0.0,-0.05963605192578103,-0.09817958157724553,8.076978018995511,-4.909012607773477,0.0,0.0,0.0,0.0,1.0,0.0,0.9174718135987486,-0.1361469058050924,0.0,0.0,-0.0002801328943240478,-9.055515201911168e-05,4.168948944401631e-07,-9.413487915516555e-07,2.981802596289052e-05,4.908979078862277e-05,0.0002019380879535126,0.0003401983156001945,0.0007159506205396763,-0.0004772865701968385,0.0001721200023545701,0.0002911084266319901,-0.0006376747722687259,0.0002275941894587796,0.0,0.0,0.0009174718135987487,-0.0001361469058050924
2,125892.5411794151,0.0,-0.06308982820248543,-0.0998986440617758,7.908852309872564,-4.997839738760647,0.0,0.0,0.0,0.0,1.0,0.0,0.9128012670210072,-0.1386056819110753,0.0,0.0,-0.0002832820501265654,-9.216398465511366e-05,4.409897408261434e-07,-9.930990587959772e-07,3.154491410124272e-05,4.99493220308879e-05,0.0002136371524766773,0.000346324624715086,0.0006996051042851557,-0.0004859234056849572,0.0001820921752856067,0.000296375202785554,-0.0006298808503411024,0.0002317126578972872,0.0,0.0,0.0009128012670210072,-0.0001386056819110752
2,130817.7474260177,0.0,-0.06666550336319732,-0.101524054964998,7.734787608147399,-5.082314502488038,0.0,0.0,0.0,0.0,1.0,0.0,0.907965735601756,-0.140943201770202,0.0,0.0,-0.0002865424198596478,-9.368911253293533e-05,4.659262603412543e-07,-1.048005396227216e-06,3.333275168159866e-05,5.076202748249902e-05,0.0002257494746075319,0.0003521459229053545,0.0006826821872545643,-0.0004941371300717836,0.0001924166562604302,0.0003013837938988005,-0.0006218116308579491,0.0002356293650369323,0.0,0.0,0.000907965735601756,-0.000140943201770202
2,135935.6390878508,0.0,-0.0703585604508552,-0.1030457927649715,7.555002914386287,-5.161957333171278,0.0,0.0,0.0,0.0,1.0,0.0,0.9029713033473762,-0.1431461293890605,0.0,0.0,-0.0002899098964153635,-9.51214665114164e-05,4.916714338641226e-07,-1.106235965909866e-06,3.51792802254276e-05,5.152289638248577e-05,0.0002382598136773492,0.0003576287550232515,0.000665203161103891,-0.0005018811203782219,0.0002030804630933611,0.0003061057555949731,-0.0006134772697193314,0.0002393220787139383,0.0,0.0,0.0009029713033473762,-0.0001431461293890605
2,141253.7544622736,0.0,-0.07416346686598652,-0.1044540082931519,7.369766577553152,-5.236297357435056,0.0,0.0,0.0,0.0,1.0,0.0,0.8978254251828308,-0.1452013697208644,0.0,0.0,-0.0002933794478178764,-9.645213700659738e-05,5.181849993330744e-07,-1.167961535922774e-06,3.708173343299326e-05,5.222700414657595e-05,0.000251149494945132,0.0003627402675146321,0.0006471941152370322,-0.0005091095987714192,0.0002140676873486717,0.0003105131589140479,-0.0006048902108726217,0.0002427689697856172,0.0,0.0,0.0008978254251828309,-0.0001452013697208644
2,146779.926762205,0.0,-0.07807367066846127,-0.1057391471979495,7.17939647028687,-5.304878363396378,0.0,0.0,0.0,0.0,1.0,0.0,0.8925369318217031,-0.1470962344670752,0.0,0.0,-0.000296945113915148,-9.767248569275688e-05,5.454194178012837e-07,-1.233354768030888e-06,3.903683533423064e-05,5.286957359897476e-05,0.0002643963973929876,0.0003674486236578242,0.0006286859538465168,-0.0005157782128929303,0.0002253594839850864,0.0003145789443197022,-0.0005960651944582063,0.0002459488888638117,0.0,0.0,0.0008925369318217031,-0.0001470962344670752
2,152522.2956538998,0.0,-0.0820816141621834,-0.1068920762189191,6.984259323072282,-5.367264955544351,0.0,0.0,0.0,0.0,1.0,0.0,0.8871160112701978,-0.1488186130396819,0.0,0.0,-0.0003006000188232605,-9.877426068199968e-05,5.733199604172701e-07,-1.302589484337732e-06,4.10408070810917e-05,5.344603810945957e-05,0.0002779750000504064,0.0003717234317264473,0.0006097143311802084,-0.000521844634250467,0.0002369341108877006,0.0003182772867249114,-0.000587019225960328,0.0002488416516603087,0.0,0.0,0.0008871160112701979,-0.0001488186130396819
2,158489.3192461092,0.0,-0.08617876586845252,-0.1079042104971386,6.784769163487583,-5.423048760463903,0.0,0.0,0.0,0.0,1.0,0.0,0.8815741654700504,-0.1503571449350954,0.0,0.0,-0.0003043364001367732,-9.974971265080956e-05,6.018249240576924e-07,-1.375839932652685e-06,4.308938293422626e-05,5.395210524856928e-05,0.0002918564905923548,0.0003755361766851327,0.0005903194998017533,-0.0005272691615528808,0.0002487670214793628,0.0003215839635323529,-0.0005777715038723374,0.0002514283266897288,0.0,0.0,0.0008815741654700504,-0.0001503571449350954
2,164689.7865482846,0.0,-0.09035567149130852,-0.1087676388608708,6.5813848311476,-5.471854534516738,0.0,0.0,0.0,0.0,1.0,0.0,0.8759241412641549,-0.1517013893835235,0.0,0.0,-0.000308145655452341,-0.0001005917091237984,6.308659798019949e-07,-1.453280072329627e-06,4.517783574565426e-05,5.438381943043541e-05,0.0003060089382556126,0.0003788606450574683,0.0005705460689883446,-0.0005320153145133215,0.0002608310121542866,0.000324476716859394,-0.0005683433045111652,0.0002536915184283839,0.0,0.0,0.0008759241412641549,-0.0001517013893835235
2,171132.8304161757,0.0,-0.09460202390110939,-0.1094752438410352,6.374606567032948,-5.51334601561349,0.0,0.0,0.0,0.0,1.0,0.0,0.870179835648522,-0.1528419878882405,0.0,0.0,-0.0003120184062312958,-0.000101293843958572,6.603686543754143e-07,-1.535082903639976e-06,4.73010119505547e-05,5.473762192051761e-05,0.0003203975311644549,0.0003816733319806446,0.0005504426731384426,-0.000536050402772525,0.0002730964246118761,0.0003269356005848832,-0.0005587578239226176,0.0002556156386088193,0.0,0.0,0.000870179835648522,-0.0001528419878882406
2,177827.9410038899,0.0,-0.0989067515338169,-0.1100208131086051,6.164971706478526,-5.547231358175492,0.0,0.0,0.0,0.0,1.0,0.0,0.8643561761237992,-0.1537708151848399,0.0,0.0,-0.0003159445784526871,-0.0001018505390160684,6.902529402600916e-07,-1.621419864190324e-06,4.945337576690845e-05,5.501040655430258e-05,0.0003349848760285866,0.0003839538192500351,0.0005300615530354727,-0.0005393460542990651,0.0002855314013549266,0.0003289433026749194,-0.0005490399782338562,0.0002571871581911744,0.0,0.0,0.0008643561761237993,-0.0001537708151848399
2,184784.9797422266,0.0,-0.1032581239519508,-0.1103991391003847,5.95304953678597,-5.573267994000161,0.0,0.0,0.0,0.0,1.0,0.0,0.8584689778399679,-0.1544811142509943,0.0,0.0,-0.0003199134989126384,-0.0001022571350697277,7.204340255867875e-07,-1.712460315380764e-06,5.162906197597539e-05,5.519956955019237e-05,0.0003497313559709543,0.0003856851134085416,0.0005094580558946003,-0.0005418786879749167,0.000298102190736855,0.0003304854334592102,-0.0005392161652789107,0.0002583948327198049,0.0,0.0,0.0008584689778399679,-0.0001544811142509943
2,192014.1938638775,0.0,-0.1076438726719768,-0.110606103817621,5.739435411612421,-5.591266772348709,0.0,0.0,0.0,0.0,1.0,0.0,0.8525347800942356,-0.1549676112918514,0.0,0.0,-0.0003239140054461243,-0.0001025099692047449,7.508231304047944e-07,-1.80837114037547e-06,5.382193633598842e-05,5.530305190881052e-05,0.0003645955400728212,0.000386853933673459,0.0004886900631518186,-0.0005436299161056858,0.0003107734960929604,0.0003315507711585446,-0.000529313991771363,0.0002592298942647453,0.0,0.0,0.0008525347800942356,-0.0001549676112918514
2,199526.2314968852,0.0,-0.1120513247672013,-0.1106387461416709,5.524744243263393,-5.601095250075149,0.0,0.0,0.0,0.0,1.0,0.0,0.8465706655470867,-0.1552266071123488,0.0,0.0,-0.0003279345687988156,-0.0001026064362880108,7.813284317321755e-07,-1.909316472535899e-06,5.602566238360063e-05,5.531937307083544e-05,0.0003795346362071881,0.0003874509407113954,0.0004678173577716306,-0.0005445868642962801,0.0003235088617722625,0.0003321314570018139,-0.000519361971638127,0.0002596862039590253,0.0,0.0,0.0008465706655470867,-0.0001552266071123488
2,207332.1573485926,0.0,-0.1164675462395288,-0.1104953095011094,5.309603519099811,-5.602680026459657,0.0,0.0,0.0,0.0,1.0,0.0,0.8405940662182474,-0.1552560419501281,0.0,0.0,-0.0003319634234112967,-0.0001025450325344845,8.118560561554437e-07,-2.015457569828648e-06,5.823377311976441e-05,5.524765475055473e-05,0.0003945049769862455,0.0003874708989309962,0.0004469009452881564,-0.0005447423984509529,0.0003362710873989352,0.0003322231336851321,-0.0005093892022936808,0.0002597603602489673,0.0,0.0,0.0008405940662182474,-0.0001552560419501281
2,215443.4690031854,0.0,-0.1208794917490423,-0.1101752683247023,5.094646007939724,-5.596008046597627,0.0,0.0,0.0,0.0,1.0,0.0,0.834622560870762,-0.1550555316535793,0.0,0.0,-0.0003359887040069176,-0.0001023253797425294,8.42311115896663e-07,-2.12695284650931e-06,6.043974587452117e-05,5.508763416235114e-05,0.0004094625272797625,0.0003869127669943161,0.0004260023447068963,-0.0005440952514944048,0.0003490226605257494,0.0003318250226566966,-0.0004994250265458744,0.0002594517593268453,0.0,0.0,0.0008346225608707621,-0.0001550555316535793
2,223872.1138568308,0.0,-0.1252741570223663,-0.1096793323959927,4.880502335366378,-5.581126830338239,0.0,0.0,0.0,0.0,1.0,0.0,0.8286736687534048,-0.1546263740102521,0.0,0.0,-0.0003399985846313514,-0.0001019482293944662,8.725987623743129e-07,-2.243958068601279e-06,6.263707851118317e-05,5.483966619799635e-05,0.0004243634008544815,0.0003857797135539454,0.0004051828666612973,-0.0005426500456327987,0.0003617261970691415,0.0003309399376766166,-0.0004894986884265984,0.0002587626057516668,0.0,0.0,0.0008286736687534048,-0.0001546263740102521
2,232630.5067153593,0.0,-0.1296387301463784,-0.1090094289531203,4.667793612415412,-5.558143619173565,0.0,0.0,0.0,0.0,1.0,0.0,0.8227646448261153,-0.153971525014487,0.0,0.0,-0.000343981416687289,-0.000101415446476516,9.026252304720004e-07,-2.366626714578924e-06,6.48193650731892e-05,5.450471447656015e-05,0.0004391643732976575,0.000384079057686842,0.0003845028967589297,-0.0005404172094159079,0.0003743448785857383,0.0003295742342008529,-0.0004796389915009414,0.0002576978729075252,0.0,0.0,0.0008227646448261154,-0.000153971525014487
2,241731.548080407,0.0,-0.1339607380003558,-0.1081686631136803,4.45712429984698,-5.527223469289146,0.0,0.0,0.0,0.0,1.0,0.0,0.8169122815301962,-0.1530955458579264,0.0,0.0,-0.000347925862549725,-0.00010072997355004,9.322988470480902e-07,-2.495110497496753e-06,6.698036900017789e-05,5.408433155684017e-05,0.0004538233785455662,0.0003818221359876988,0.0003640212018316783,-0.0005374127923431219,0.0003868428755846502,0.0003277376962621956,-0.000469873968101775,0.0002562652146056166,0.0,0.0,0.0008169122815301962,-0.0001530955458579264
2,251188.6431509545,0.0,-0.1382281842840238,-0.1071612579099266,4.249075480259941,-5.488586353305918,0.0,0.0,0.0,0.0,1.0,0.0,0.8111327218886156,-0.1520045223799481,0.0,0.0,-0.0003518210215355255,-9.989577624253121e-05,9.615309786482914e-07,-2.62956003985421e-06,6.911409214201192e-05,5.35806289549633e-05,0.0004682999770301312,0.0003790241006727947,0.0003437942758371325,-0.0005336581830925971,0.000399185746659935,0.0003254433645565736,-0.0004602305674756557,0.0002544748307296563,0.0,0.0,0.0008111327218886156,-0.0001520045223799481
2,261015.72156825,0.0,-0.1424296759482195,-0.1059924758579503,4.044198693312257,-5.442503364292497,0.0,0.0,0.0,0.0,1.0,0.0,0.8054412882497002,-0.1507059595776159,0.0,0.0,-0.0003556565453172733,-9.891777191278761e-05,9.902368958299906e-07,-2.770125688006502e-06,7.121483797410977e-05,5.299623792897517e-05,0.0004825557846392741,0.0003757036552058657,0.0003238757405062557,-0.0005291797404714881,0.0004113408042354883,0.0003227073112844146,-0.0004507343700396738,0.0002523392912642808,0.0,0.0,0.0008054412882497002,-0.0001507059595776159
2,271227.2579331989,0.0,-0.1465545353068414,-0.1046685245241005,3.843010466345949,-5.389292141876065,0.0,0.0,0.0,0.0,1.0,0.0,0.7998523303495099,-0.1492086545039475,0.0,0.0,-0.0003594227403011518,-9.780174373530404e-05,1.01833653481672e-06,-2.916958449146564e-06,7.327726765342069e-05,5.233426226205025e-05,0.0004965548532846826,0.0003718827357841176,0.0003043158135996439,-0.0005240083487372117,0.0004232774390767265,0.0003195483688535428,-0.0004414093338809266,0.0002498733242593809,0.0,0.0,0.0007998523303495099,-0.0001492086545039475
2,281838.2931264414,0.0,-0.1505928956745519,-0.1031964489687726,3.645987645186511,-5.329311660555868,0.0,0.0,0.0,0.0,1.0,0.0,0.7943790956034373,-0.1475225514465644,0.0,0.0,-0.0003631106550082697,-9.655424282734026e-05,1.045755141169621e-06,-3.070211030961824e-06,7.529644783727596e-05,5.159822448438628e-05,0.0005102639957862994,0.0003675861484334042,0.0002851608549583073,-0.0005181789109109305,0.000434967397356128,0.000315987820752569,-0.0004322775783585364,0.0002470935742285574,0.0,0.0,0.0007943790956034374,-0.0001475225514465644
2,292864.4564625195,0.0,-0.1545357790007631,-0.1015840142264465,3.45356359942433,-5.262956533880454,0.0,0.0,0.0,0.0,1.0,0.0,0.7890336236913277,-0.1456585836554042,0.0,0.0,-0.0003667121510640692,-9.518248129836149e-05,1.072423784554654e-06,-3.23003896211905e-06,7.726788950038154e-05,5.079200711322326e-05,0.0005236530499025813,0.0003628411724049819,0.0002664529975733003,-0.000511729795022505,0.0004463850058664211,0.0003120490637077445,-0.0004233592082517612,0.0002440183381034466,0.0,0.0,0.0007890336236913277,-0.0001456585836554042
2,304321.9887107678,0.0,-0.158375154621601,-0.09983958111561136,3.266125344802481,-5.190650994702164,0.0,0.0,0.0,0.0,1.0,0.0,0.7838266666202517,-0.1436285060702021,0.0,0.0,-0.0003702199569982356,-9.369421922278409e-05,1.098279738251755e-06,-3.396601770793106e-06,7.918757731080051e-05,4.991979055780568e-05,0.00053669507854028,0.000357677141022201,0.000248229867818223,-0.0005047022488631962,0.000457507342854325,0.0003077572506248141,-0.0004146721804311471,0.0002406672861731685,0.0,0.0,0.0007838266666202517,-0.0001436285060702021
2,316227.7660168334,0.0,-0.162103978893527,-0.09797197866632312,3.084011594098333,-5.112842711431592,0.0,0.0,0.0,0.0,1.0,0.0,0.778767634581298,-0.1414447234903683,0.0,0.0,-0.0003736277046401393,-9.20976485326852e-05,1.123266721554198e-06,-3.570064198506936e-06,8.10519894467635e-05,4.898598933316156e-05,0.0005493665053511484,0.0003521250111052472,0.0002305243959517035,-0.0004971397987941225,0.0004683143538004061,0.000303138923800107,-0.0004062322135815477,0.0002370611754223817,0.0,0.0,0.0007787676345812981,-0.0001414447234903683
2,328599.3247600607,0.0,-0.1657162160741859,-0.09599037631809448,2.90751171859923,-5.029996593641309,0.0,0.0,0.0,0.0,1.0,0.0,0.773864567103145,-0.139120118447271,0.0,0.0,-0.0003769299484461253,-9.040127670212339e-05,1.147335007425599e-06,-3.750597427510014e-06,8.285810803709293e-05,4.799518815904725e-05,0.0005616471869609621,0.0003462169316446229,0.0002133647151496085,-0.0004890876475194039,0.0004787889132076531,0.0002982216474951993,-0.0003980527401473977,0.0002332215623775946,0.0,0.0,0.000773864567103145,-0.000139120118447271
2,341454.8873833552,0.0,-0.169206841352175,-0.09390415879477182,2.736865576183865,-4.942588728393537,0.0,0.0,0.0,0.0,1.0,0.0,0.7691241282804308,-0.1366678827062819,0.0,0.0,-0.0003801221685793832,-8.861381287283976e-05,1.17044140153769e-06,-3.938380301662626e-06,8.46034206760875e-05,4.695207939738591e-05,0.000573520424891625,0.0003399858215607811,0.0001967741447903435,-0.0004805920845687256,0.0004889168350086963,0.0002930336482592364,-0.0003901448984608286,0.0002291705220167917,0.0,0.0,0.0007691241282804308,-0.0001366678827062819
2,354813.3892335703,0.0,-0.1725718273786145,-0.09172280622873463,2.572264140063683,-4.851100572398354,0.0,0.0,0.0,0.0,1.0,0.0,0.7645516242449616,-0.1341013558740022,0.0,0.0,-0.0003832007589801012,-8.674405876468727e-05,1.192549101969246e-06,-4.133600523154215e-06,8.628591368930727e-05,4.586140311436732e-05,0.0005849729217650589,0.0003334649652552788,0.0001807712515818722,-0.0004716999216524352,0.0004986868355039242,0.0002876034704181052,-0.0003825175619967952,0.0002249303785412382,0.0,0.0,0.0007645516242449616,-0.0001341013558740022
2,368694.5064519521,0.0,-0.1758081160075322,-0.08945578170948909,2.413850845002901,-4.756013505776576,0.0,0.0,0.0,0.0,1.0,0.0,0.7601510405689895,-0.1314338740490291,0.0,0.0,-0.0003861630019814377,-8.480080635181464e-05,1.213627451320112e-06,-4.336455810187075e-06,8.79040580037661e-05,4.472789085474455e-05,0.0005959946875769182,0.0003266876333135385,0.0001653699804433912,-0.0004624579631727547,0.000508090453765036,0.0002819596530030123,-0.0003751774018990739,0.000220523452916066,0.0,0.0,0.0007601510405689895,-0.0001314338740490291
2,383118.6849557231,0.0,-0.1789135772039716,-0.08711242799722979,2.261723555571052,-4.65780383205812,0.0,0.0,0.0,0.0,1.0,0.0,0.7559250969490733,-0.1286786308672516,0.0,0.0,-0.0003890070312590338,-8.279274389186297e-05,1.233651594747827e-06,-4.547155003821141e-06,8.94567886019858e-05,4.35562139986149e-05,0.0006065789026816231,0.0003196867342480141,0.0001505798458621979,-0.0004529125201190868,0.0005171219351660601,0.0002761304331369712,-0.000368128978352561,0.0002159718311001702,0.0,0.0,0.0007559250969490733,-0.0001286786308672517
2,398107.1705534914,0.0,-0.1818869572296919,-0.08470187469469309,2.115937053628841,-4.556938287281294,0.0,0.0,0.0,0.0,1.0,0.0,0.7518753163147744,-0.1258485526880201,0.0,0.0,-0.0003917317850395258,-8.072837148326295e-05,1.252602058476617e-06,-4.765919115329046e-06,9.094347861484597e-05,4.235093734734654e-05,0.0006167217446418439,0.0003124945016559783,0.0001364061737314067,-0.0004431089734593274,0.0005257780841400408,0.0002701434796067569,-0.0003613748560370444,0.0002112971558831944,0.0,0.0,0.0007518753163147744,-0.0001258485526880202
2,413682.0402388446,0.0,-0.1847278182728691,-0.08223295673234454,1.976505939486202,-4.45387009972838,0.0,0.0,0.0,0.0,1.0,0.0,0.7480021054297077,-0.122956189074973,0.0,0.0,-0.0003943369515445883,-7.861592693167441e-05,1.270464263705716e-06,-4.992982308500486e-06,9.236390913643455e-05,4.111647836617227e-05,0.0006264221862877647,0.0003051422196818673,0.0001228503834056494,-0.0004330913910653408,0.0005340580924235115,0.0002640256590827381,-0.0003549157387693902,0.0002065204442543433,0.0,0.0,0.0007480021054297077,-0.000122956189074973
2,429866.2347082213,0.0,-0.1874364716610284,-0.07971414461064918,1.843407842481239,-4.349035621814487,0.0,0.0,0.0,0.0,1.0,0.0,0.7443048440888642,-0.1200136191691903,0.0,0.0,-0.0003968229086219466,-7.646332232713604e-05,1.287227990631124e-06,-5.228592814233561e-06,9.37182358305142e-05,3.985707230532459e-05,0.0006356817722402577,0.0002976599882811059,0.0001099102998392374,-0.0004229022002645297,0.0005419633489732717,0.0002578028362616367,-0.0003487506185012729,0.0002016619313007229,0.0,0.0,0.0007443048440888642,-0.0001200136191691903
2,446683.5921509565,0.0,-0.1900139066990107,-0.07715348647267417,1.716586841457191,-4.242851537611433,0.0,0.0,0.0,0.0,1.0,0.0,0.7407819801474723,-0.1170323740513182,0.0,0.0,-0.0003991906594277145,-7.427809139776143e-05,1.302886806586488e-06,-5.473013777362003e-06,9.500695334950538e-05,3.857674323633708e-05,0.0006445043808230871,0.0002900765285273312,9.758048613097183e-05,-0.0004125819163560115,0.0005494972374596749,0.0002514997081375076,-0.0003428769340598353,0.0001967409407982734,0.0,0.0,0.0007407819801474723,-0.0001170323740513183
2,464158.8833612709,0.0,-0.1924617170208702,-0.07455856176001946,1.595957003038456,-4.135712633895167,0.0,0.0,0.0,0.0,1.0,0.0,0.7374311278229199,-0.1140233747561229,0.0,0.0,-0.0004014417658835256,-7.206734741341259e-05,1.317437471209284e-06,-5.726524037923204e-06,9.623085851043511e-05,3.727928088000973e-05,0.0006528959777725752,0.0002824190271198584,8.585258752155357e-05,-0.0004021689259139045,0.0005566649268004232,0.0002451396716812868,-0.0003372907353619975,0.0001917757819336063,0.0,0.0,0.0007374311278229199,-0.0001140233747561229
2,482317.8482239234,0.0,-0.1947820261514708,-0.07193644594032017,1.481405954989323,-4.027990109711533,0.0,0.0,0.0,0.0,1.0,0.0,0.7342491669718938,-0.1109968852447379,0.0,0.0,-0.0004035782814573452,-6.983775117105906e-05,1.330879330154411e-06,-5.989418850936632e-06,9.739101307573539e-05,3.596822297016009e-05,0.0006608643675003052,0.0002747130183510051,7.471567880174297e-05,-0.0003916993224466795,0.0005634731596425436,0.000238744723444399,-0.0003319868492688283,0.0001867836709983917,0.0,0.0,0.0007342491669718939,-0.0001109968852447379
2,501187.2336272647,0.0,-0.1969774137545823,-0.06929368558697974,1.372798422576516,-3.920030389338772,0.0,0.0,0.0,0.0,1.0,0.0,0.7312323413404276,-0.1079624793588363,0.0,0.0,-0.000405602684616535,-6.759548840459817e-05,1.343213707310447e-06,-6.262010550222687e-06,9.848870687729117e-05,3.464684279348987e-05,0.000668418946924129,0.0002669823010889347,6.415660812360888e-05,-0.0003812067909979936,0.0005699300430694242,0.0002323353890017591,-0.0003269590437390488,0.0001817806764285723,0.0,0.0,0.0007312323413404276,-0.0001079624793588363
2,520794.8328595385,0.0,-0.1990508438125924,-0.06663628293986495,1.269979667112652,-3.812154396115471,0.0,0.0,0.0,0.0,1.0,0.0,0.7283763540972277,-0.104929020575107,0.0,0.0,-0.000407517814091804,-6.534625582219067e-05,1.354443303816214e-06,-6.54462916285942e-06,9.952542190629622e-05,3.331814146993248e-05,0.0006755704660995016,0.0002592488878160701,5.416033130154246e-05,-0.0003707225375540364,0.0005760448451423615,0.0002259306797098546,-0.0003222001874631786,0.0001767816852186466,0.0,0.0,0.0007283763540972276,-0.000104929020575107
2,541169.5265464555,0.0,-0.2010055957497801,-0.06396968897563038,1.172778777186024,-3.704657239712836,0.0,0.0,0.0,0.0,1.0,0.0,0.7256764592753687,-0.1019046532425772,0.0,0.0,-0.0004093268068771291,-6.309525488404355e-05,1.364571610505932e-06,-6.837622981574676e-06,0.00010050279787489,3.198484448781519e-05,0.0006823307990948094,0.000251532982422874,4.471023179106556e-05,-0.0003602752586470259,0.0005818278002143236,0.0002195480739653698,-0.0003177024026846595,0.000171800388511778,0.0,0.0,0.0007256764592753688,-0.0001019046532425773
2,562341.3251903405,0.0,-0.202845199285546,-0.0612988039626452,1.081011774039052,-3.597808266793336,0.0,0.0,0.0,0.0,1.0,0.0,0.7231275480518292,-0.09889680391206665,0.0,0.0,-0.0004110330396865994,-6.08471923828624e-05,1.373602338794351e-06,-7.141359102742838e-06,0.000101422599642773,3.06494019813226e-05,0.0006887127277919016,0.0002438529832733175,3.578842259872227e-05,-0.0003498911462881269,0.0005872899253039291,0.0002132035199931908,-0.00031345720942242,0.0001668492840474489,0.0,0.0,0.0007231275480518292,-9.889680391206665e-05
2,584341.4133735087,0.0,-0.2045733735930528,-0.05862798446163986,0.9944845028040094,-3.491851424296651,0.0,0.0,0.0,0.0,1.0,0.0,0.7207242290789906,-0.09591219134758017,0.0,0.0,-0.0004126400743959258,-5.860628687751057e-05,1.381538873498034e-06,-7.456223937743664e-06,0.0001022866867965264,2.931399223081993e-05,0.000694729740579987,0.0002362255080095833,2.737602737250188e-05,-0.0003395939232949071,0.000592442849210087,0.000206911457150779,-0.0003094556597844911,0.000161939693114177,0.0,0.0,0.0007207242290789906,-9.591219134758017e-05
2,607202.1956909792,0.0,-0.2061939711472969,-0.05596105575226168,0.9129952906015112,-3.387005885490078,0.0,0.0,0.0,0.0,1.0,0.0,0.7184609023404961,-0.09295684383434094,0.0,0.0,-0.0004141516078231683,-5.637628004645512e-05,1.388383749710026e-06,-7.782623705294383e-06,0.0001030969855736484,2.798052787613084e-05,0.0007003958472641041,0.0002286654366259384,1.945343882610151e-05,-0.0003294049041655737,0.0005972986554964848,0.0002006848527887518,-0.0003056884614933975,0.0001570817896968668,0.0,0.0,0.0007184609023404961,-9.295684383434094e-05
2,630957.3444801836,0.0,-0.2077109264777879,-0.05330132871072524,0.836337360706439,-3.283466891075839,0.0,0.0,0.0,0.0,1.0,0.0,0.7163318262316424,-0.09003612245803806,0.0,0.0,-0.0004155714260489357,-5.416045206821374e-05,1.394138154624138e-06,-8.120984912033748e-06,0.0001038554632388939,2.665066435536262e-05,0.0007057254109387867,0.0002211859694917083,1.200055344747967e-05,-0.0003193430768617801,0.0006018697399889667,0.000194535251835017,-0.0003021460901242445,0.0001522846396088406,0.0,0.0,0.0007163318262316424,-9.003612245803806e-05
2,655641.8494179688,0.0,-0.2091282098961595,-0.05065162022815184,0.7643009990169135,-3.181406760741883,0.0,0.0,0.0,0.0,1.0,0.0,0.71433117775981,-0.08715474911581703,0.0,0.0,-0.0004169033633441774,-5.196164019477534e-05,1.398801454152503e-06,-8.471754828163484e-06,0.0001045641049480798,2.532581011407592e-05,0.0007107329970882522,0.0002137986972186261,4.996982125710348e-06,-0.0003094252011626066,0.0006061686830119627,0.0001884728364529299,-0.0002988188898818481,0.0001475562475419245,0.0,0.0,0.00071433117775981,-8.715474911581703e-05
2,681292.0690579507,0.0,-0.2104497861483869,-0.04801427633698374,0.6966754749177126,-3.080976034284894,0.0,0.0,0.0,0.0,1.0,0.0,0.7124531059231082,-0.0843168381234967,0.0,0.0,-0.0004181512656649677,-4.978225975382777e-05,1.402370743297148e-06,-8.835401964380986e-06,0.0001052248930741935,2.400713816849187e-05,0.0007154332397669446,0.000206513679528262,-1.577763100539553e-06,-0.0002996659196161397,0.0006102081362429651,0.0001825064933454939,-0.0002956971630160357,0.0001429036101410763,0.0,0.0,0.0007124531059231082,-8.431683812349671e-05
2,707945.7843841269,0.0,-0.2116795778439255,-0.0453911972988621,0.6332507233520296,-2.9823047055703,0.0,0.0,0.0,0.0,1.0,0.0,0.7106917784566165,-0.08152593039839538,0.0,0.0,-0.0004193189585839224,-4.762432689364715e-05,1.404840418517464e-06,-9.212416555702063e-06,0.0001058397889219628,2.269559864943105e-05,0.0007198407243855928,0.0001993395305630931,-7.744105510458688e-06,-0.0002900778775171905,0.0006140007237840522,0.0001766438865224647,-0.0002927712481918081,0.0001383327734033046,0.0,0.0,0.0007106917784566165,-8.152593039839539e-05
2,735642.2544596299,0.0,-0.2128214334384768,-0.04278386399717204,0.5738187985825082,-2.885503516910617,0.0,0.0,0.0,0.0,1.0,0.0,0.7090414222374808,-0.07878502931706197,0.0,0.0,-0.000420410219459974,-4.548948246446693e-05,1.406201769769891e-06,-9.603311057105591e-06,0.0001064107167192384,2.139193199858602e-05,0.0007239698863727477,0.000192283508385188,-1.352226236549726e-05,-0.0002806718487593556,0.0006175589568320762,0.000170891533602738,-0.0002900315883020872,0.0001338488929001624,0.0,0.0,0.0007090414222374808,-7.878502931706197e-05
2,764422.2742525883,0.0,-0.2138790994911122,-0.0401933650675288,0.5181751128349559,-2.790665285766953,0.0,0.0,0.0,0.0,1.0,0.0,0.7074963577154729,-0.07609663746731463,0.0,0.0,-0.0004214287535971167,-4.337901651385589e-05,1.406442589469838e-06,-1.000862065525652e-05,0.0001069395497455561,2.00966825337644e-05,0.0007278349247929939,0.0001853516067073928,-1.89321244880517e-05,-0.0002714568648299639,0.0006208951611683385,0.0001652548839802632,-0.0002874687883362981,0.0001294562955232031,0.0,0.0,0.000707496357715473,-7.609663746731462e-05
2,794328.234724269,0.0,-0.2148561968778548,-0.03762042428705636,0.4661194748905587,-2.697866239874529,0.0,0.0,0.0,0.0,1.0,0.0,0.7060510277876574,-0.07346279363055411,0.0,0.0,-0.0004223781741071048,-4.129389295035035e-05,1.405546795322917e-06,-1.0428903799899e-05,0.0001074280984389274,1.881021214352818e-05,0.0007314497298726896,0.0001785486471939445,-2.399315528970987e-05,-0.0002624403446243975,0.0006240214165775656,0.0001597383974299919,-0.000285073664004501,0.0001251585416478934,0.0,0.0,0.0007060510277876574,-7.34627936305541e-05
2,825404.1852680054,0.0,-0.2157562006200484,-0.03506542782636191,0.4174569448439789,-2.607167340862159,0.0,0.0,0.0,0.0,1.0,0.0,0.704700021567796,-0.07088510944058113,0.0,0.0,-0.0004232619851704568,-3.923477400541442e-05,1.403494063776777e-06,-1.086474275787128e-05,0.0001078781003100242,1.753271391318095e-05,0.0007348278233039547,0.0001718783709437054,-2.872430767238171e-05,-0.0002536282231421578,0.0006269495072377298,0.0001543456219650966,-0.0002828372818708368,0.0001209584867949004,0.0,0.0,0.000704700021567796,-7.088510944058113e-05
2,857695.8985908806,0.0,-0.2165824229745587,-0.03252845104522517,0.3719985217935565,-2.518615580109141,0.0,0.0,0.0,0.0,1.0,0.0,0.7034380935163812,-0.06836480526719724,0.0,0.0,-0.0004240835683788531,-3.720204419216389e-05,1.400259470739908e-06,-1.131674419208721e-05,0.0001082912114872793,1.626422552261259e-05,0.0007379823101594035,0.00016534352802491,-3.314395717228247e-05,-0.0002450250774841944,0.0006296908820897013,0.0001490792699738464,-0.0002807509917748842,0.0001168583420390751,0.0,0.0,0.0007034380935163812,-6.836480526719724e-05
2,891250.9381337314,0.0,-0.2173379994317428,-0.03000928458335006,0.3295616812878208,-2.432245233918493,0.0,0.0,0.0,0.0,1.0,0.0,0.7022601783988013,-0.06590274496552853,0.0,0.0,-0.0004248461718416412,-3.519583352384892e-05,1.395813136184885e-06,-1.178553976726135e-05,0.0001086689997158714,1.500464229167503e-05,0.0007409258412460836,0.0001589459641625066,-3.726984971109805e-05,-0.0002366342488952964,0.0006322566241922128,0.000143941291861547,-0.0002788064523225938,0.0001128597325698311,0.0,0.0,0.0007022601783988013,-6.590274496552854e-05
2,926118.7281287787,0.0,-0.2180258772741162,-0.02750745956063805,0.2899707790225974,-2.348079068061708,0.0,0.0,0.0,0.0,1.0,0.0,0.7011614025299899,-0.06349946921469354,0.0,0.0,-0.0004255529017449626,-3.321603980979693e-05,1.390119869287121e-06,-1.227178678362834e-05,0.0001090129386370581,1.375372978031902e-05,0.0007436705847500156,0.0001526867038863796,-4.111906235073925e-05,-0.0002284579598847014,0.0006346574280870804,0.000138932946598601,-0.0002769956502129273,0.0001089637539475191,0.0,0.0,0.00070116140252999,-6.349946921469354e-05
2,962350.6263980733,0.0,-0.2186488063618586,-0.02502227175726068,0.2530573366571319,-2.266129484363117,0.0,0.0,0.0,0.0,1.0,0.0,0.7001370917465273,-0.06115522724202341,0.0,0.0,-0.0004262067160639756,-3.126234989625498e-05,1.383138810834646e-06,-1.277616883942164e-05,0.0001093244031809293,1.251113587863034e-05,0.0007462282060663018,0.0001465660296306643,-4.470797550893953e-05,-0.0002204974257121094,0.0006369035842365661,0.0001340548687297622,-0.000275310914137206,0.0001051710257195665,0.0,0.0,0.0007001370917465272,-6.115522724202341e-05
2,999999.9999999839,0.0,-0.2192093318291444,-0.0225528046925163,0.2186602247759633,-2.186399604249966,0.0,0.0,0.0,0.0,1.0,0.0,0.699182776523788,-0.05887000679177253,0.0,0.0,-0.0004268104201446427,-2.933425976327231e-05,1.374823069770004e-06,-1.329939652243085e-05,0.0001096046659145722,1.127640234625815e-05,0.0007486098547683397,0.000140583556431616,-4.805225517478248e-05,-0.0002127529597458193,0.0006390049696444359,0.0001293071315325532,-0.0002737449239492203,0.0001014817421669117,0.0,0.0,0.000699182776523788,-5.887000679177253e-05
2,1039122.303835152,0.0,-0.2197097883963346,-0.02009795156344396,0.1866257570340227,-2.108884286115384,0.0,0.0,0.0,0.0,1.0,0.0,0.6982941946282537,-0.05664356225062751,0.0,0.0,-0.0004273666638900837,-2.743109342520644e-05,1.36511935088453e-06,-1.38422081305471e-05,0.0001098548941981673,1.004897578172198e-05,0.0007508261577385609,0.0001347383020053011,-5.11668437594231e-05,-0.0002052240723864757,0.0006409710438306056,0.0001246893061256277,-0.0002722907157579318,9.789572003976454e-05,0.0,0.0,0.0006982941946282537,-5.664356225062751e-05
2,1079775.162327692,0.0,-0.2201522960262634,-0.01765643603990752,0.1568077084424961,-2.033571074949549,0.0,0.0,0.0,0.0,1.0,0.0,0.6974672916651254,-0.05447544088699757,0.0,0.0,-0.0004278779403071083,-2.555202061164941e-05,1.353967570872089e-06,-1.440537042082773e-05,0.0001100761480131317,8.82821801995376e-06,0.0007528872175582605,0.0001290287520984299,-5.406595832226293e-05,-0.0001979095634062552,0.0006428108493928327,0.00012020051642204,-0.00027094168354444,9.441244321822806e-05,0.0,0.0,0.0006974672916651254,-5.447544088699757e-05
2,1122018.454301945,0.0,-0.2205387566772363,-0.01522683194296592,0.1290672696285206,-1.96044108401772,0.0,0.0,0.0,0.0,1.0,0.0,0.6966982198501245,-0.05236500719783704,0.0,0.0,-0.0004283465851898614,-2.36960732342556e-05,1.341300460160418e-06,-1.498967938626257e-05,0.0001102693783386182,7.613415971482962e-06,0.0007548026153324452,0.0001234529210978887,-5.676309502216039e-05,-0.0001908076076819883,0.0006445330164550705,0.0001158394898995737,-0.0002696915778524055,9.103110429314887e-05,0.0,0.0,0.0006966982198501245,-5.236500719783704e-05
2,1165914.401179813,0.0,-0.2208708519302353,-0.01280758185840414,0.1032729477694812,-1.88946980943177,0.0,0.0,0.0,0.0,1.0,0.0,0.695983335302936,-0.05031146538642036,0.0,0.0,-0.0004287747777391958,-2.186216066253632e-05,1.327043148171117e-06,-1.559596105909714e-05,0.0001104354259651176,6.403790929202069e-06,0.0007565814172044524,0.0001180084079590175,-5.927103875334548e-05,-0.000183915834404535,0.0006461457703684831,0.0001116046042222335,-0.0002685345020483733,8.775064311511427e-05,0.0,0.0,0.000695983335302936,-5.031146538642036e-05
2,1211527.658628569,0.0,-0.2211500412927038,-0.01039701475792909,0.07930042379080754,-1.820627879305029,0.0,0.0,0.0,0.0,1.0,0.0,0.6953191941288636,-0.04831388001791913,0.0,0.0,-0.0004291645419377283,-2.004908385033755e-05,1.311112729914089e-06,-1.622507233926179e-05,0.0001105750206463519,5.198507378964546e-06,0.0007582321838925836,0.0001126924475715301,-6.16018770338056e-05,-0.000177231399928711,0.0006476569420961904,0.0001074939297955508,-0.000267464906596418,8.456978239768098e-05,0.0,0.0,0.0006953191941288636,-4.831388001791913e-05
2,1258925.411794147,0.0,-0.2213775610057427,-0.007993362717348185,0.05703237434565882,-1.753881739827569,0.0,0.0,0.0,0.0,1.0,0.0,0.6947025475255308,-0.04637119491761628,0.0,0.0,-0.0004295177485212072,-1.825554836754062e-05,1.293417812099715e-06,-1.687790184616485e-05,0.0001106887805028713,3.996681358674092e-06,0.0007597629826556179,0.0001075019577272141,-6.376701731798721e-05,-0.0001707510544909952,0.0006490739807751855,0.0001035052683751774,-0.0002664775817413615,8.148706049167231e-05,0.0,0.0,0.0006947025475255308,-4.637119491761628e-05
2,1308177.474260173,0.0,-0.2215544232054013,-0.005594776834573323,0.03635826608072981,-1.689194281078725,0.0,0.0,0.0,0.0,1.0,0.0,0.6941303361232987,-0.04448225038992375,0.0,0.0,-0.0004298361174066253,-1.648017640037969e-05,1.273858037255027e-06,-1.755537079182991e-05,0.0001107772116027007,2.797388417286662e-06,0.0007611814011648101,0.0001024335818871265,-6.577720700425689e-05,-0.0001644712030688801,0.0006504039680076865,9.963618787506297e-05,-0.000265567648947249,7.850086147181967e-05,0.0,0.0,0.0006941303361232986,-4.448225038992375e-05
2,1359356.390878503,0.0,-0.2216814153118243,-0.003199342461060795,0.01717412874441906,-1.626525405731205,0.0,0.0,0.0,0.0,1.0,0.0,0.6935996837417399,-0.04264579884575123,0.0,0.0,-0.0004301212204562524,-1.47215177926513e-05,1.252323584662216e-06,-1.825843387309074e-05,0.0001108407076559121,1.599671230530397e-06,0.000762494562826134,9.748372796970337e-05,-6.764255549973208e-05,-0.0001583879606885454,0.0006516536334888067,9.588405353983049e-05,-0.0002647305513930208,7.560944269162373e-05,0.0,0.0,0.0006935996837417399,-4.264579884575123e-05
2,1412537.544622731,0.0,-0.2217590995423214,-0.0008050938687341747,-0.0006176871824405951,-1.565832544020145,0.0,0.0,0.0,0.0,1.0,0.0,0.6931078907201799,-0.04086051893186486,0.0,0.0,-0.0004303744844742343,-1.297806020386649e-05,1.228694647303903e-06,-1.898808018030047e-05,0.0001108795497711607,4.025469343670874e-07,0.0007637091431577455,9.264860339666274e-05,-6.937255779026204e-05,-0.0001524972025088281,0.0006528293716274856,9.224605565720177e-05,-0.0002639620437858142,7.281095997443976e-05,0.0,0.0,0.0006931078907201799,-4.086051893186486e-05
2,1467799.267622045,0.0,-0.2217878124659776,0.001589971519055045,-0.01710876345461506,-1.507071118471949,0.0,0.0,0.0,0.0,1.0,0.0,0.6926524269580461,-0.03912502825925332,0.0,0.0,-0.0004305971943488406,-1.124823846462841e-05,1.20284088440569e-06,-1.974533411976621e-05,0.0001108939062329888,-7.949857595275223e-07,0.0007648313868837178,8.792424664224998e-05,-7.097611904126612e-05,-0.0001467946090212695,0.0006539372588629167,8.871923399174902e-05,-0.0002632581817141544,7.010349061516152e-05,0.0,0.0,0.000692652426958046,-3.912502825925332e-05
2,1525222.956538993,0.0,-0.2217676645383115,0.003987879199105038,-0.03238487347753149,-1.450194961930027,0.0,0.0,0.0,0.0,1.0,0.0,0.692230924780584,-0.03743789482870152,0.0,0.0,-0.0004307904962685823,-9.530443211169803e-06,1.174620849618998e-06,-2.053125634688608e-05,0.0001108838322691558,-1.993939599552519e-06,0.0007658671254560142,8.330655553454498e-05,-7.246157982581156e-05,-0.0001412757067101326,0.0006549830714191941,8.530049912197675e-05,-0.0002626153107283297,6.748505436884877e-05,0.0,0.0,0.000692230924780584,-3.743789482870152e-05
2,1584893.192461087,0.0,-0.2216985395748979,0.006390663825563525,-0.04652624467186562,-1.39515669239393,0.0,0.0,0.0,0.0,1.0,0.0,0.6918411717273169,-0.0357976472512021,0.0,0.0,-0.0004309554009545575,-7.823028880901695e-06,1.143881395393639e-06,-2.13469447067494e-05,0.000110849269787449,-3.195331912781763e-06,0.0007668217947626282,7.879131255632126e-05,-7.383674163991825e-05,-0.0001359359045142728,0.0006559723032766397,8.198665085976688e-05,-0.0002620300553035108,6.495363260416998e-05,0.0,0.0,0.0006918411717273168,-3.57976472512021e-05
2,1646897.865482841,0.0,-0.221580094142912,0.008800355473534194,-0.05960782087477012,-1.341908048118412,0.0,0.0,0.0,0.0,1.0,0.0,0.691481103344391,-0.03420278385889962,0.0,0.0,-0.0004310927868644548,-6.124321152017886e-06,1.110457054657826e-06,-2.21935351787641e-05,0.000110790047071456,-4.400177736767097e-06,0.0007677004528209644,7.437420738828752e-05,-7.510889242191611e-05,-0.0001307705264259512,0.0006569101841694144,7.877439392541013e-05,-0.0002614993078124063,6.250718579448727e-05,0.0,0.0,0.000691481103344391,-3.420278385889962e-05
2,1711328.304161752,0.0,-0.2214117568694881,0.01121896578868475,-0.07169952238404939,-1.290400186311614,0.0,0.0,0.0,0.0,1.0,0.0,0.6911487960475191,-0.03265178079928194,0.0,0.0,-0.0004312034033358315,-4.432623907160704e-06,1.074169401561384e-06,-2.307220282171011e-05,0.0001107058784347441,-5.609482894342377e-06,0.0007685077972922372,7.00508569302412e-05,-7.628483184315686e-05,-0.0001257748405512332,0.0006578016974457363,7.566035104354936e-05,-0.0002610202176082706,6.014366951846706e-05,0.0,0.0,0.0006911487960475191,-3.265178079928194e-05
2,1778279.410038893,0.0,-0.2211927276857884,0.01364847388231305,-0.08286650170998558,-1.240583948636373,0.0,0.0,0.0,0.0,1.0,0.0,0.6908424601094976,-0.0311430992015831,0.0,0.0,-0.0004312878736477043,-2.746225801320001e-06,1.034826393754104e-06,-2.398416271549031e-05,0.0001105963638428942,-6.824236941156526e-06,0.0007692481826851998,6.581682302640558e-05,-7.737089618194831e-05,-0.000120944084943479,0.0006586515976495778,7.2641073616036e-05,-0.0002605901802956801,5.786104913294704e-05,0.0,0.0,0.0006908424601094976,-3.11430992015831e-05
2,1847849.79742226,0.0,-0.220921977045945,0.01609081183227423,-0.09316939350216444,-1.192410096563935,0.0,0.0,0.0,0.0,1.0,0.0,0.6905604328150787,-0.02967519150006345,0.0,0.0,-0.000431346697990209,-1.063406510071196e-06,9.922216994734159e-07,-2.493067089577604e-05,0.0001104609885229725,-8.045405916137117e-06,0.000769925637146276,6.166762811054774e-05,-7.837298263172432e-05,-0.0001162734905063872,0.0006594644277013266,6.971305011749662e-05,-0.0002602068272453358,5.56573132770577e-05,0.0,0.0,0.0006905604328150787,-2.967519150006345e-05
2,1920141.938638769,0.0,-0.2205982451808343,0.01854784965232481,-0.1026645574706615,-1.145829519461465,0.0,0.0,0.0,0.0,1.0,0.0,0.6903011718161967,-0.02824650699416817,0.0,0.0,-0.0004313802563423114,6.175572671851537e-07,9.461340136109147e-07,-2.591302527773779e-05,0.0001102991225904171,-9.273924826162406e-06,0.0007705438787584934,5.759876897482372e-05,-7.929657292868582e-05,-0.0001117583012467297,0.0006602445355698309,6.687271234883567e-05,-0.0002598680153900806,5.353048635706181e-05,0.0,0.0,0.0006903011718161966,-2.824650699416817e-05
2,1995262.314968846,0.0,-0.2202200414680842,0.02102137959594674,-0.1114043134273541,-1.100793418119089,0.0,0.0,0.0,0.0,1.0,0.0,0.6900632487120157,-0.02685549672068134,0.0,0.0,-0.000431388811267322,2.298385978607986e-06,8.963263679220175e-07,-2.693256656513274e-05,0.0001101100207340421,-1.051068979797337e-05,0.000771106331293875,5.360572885402671e-05,-8.014675621393698e-05,-0.0001073937921398408,0.0006609960903397917,6.411643967337963e-05,-0.0002595718173220027,5.147864015458276e-05,0.0,0.0,0.0006900632487120158,-2.685549672068134e-05
2,2073321.57348592,0.0,-0.2197856440220126,0.02351309966584036,-0.1194371678388448,-1.057253466242746,0.0,0.0,0.0,0.0,1.0,0.0,0.6898453428708781,-0.02550061770799739,0.0,0.0,-0.0004313725106454324,3.980791498582603e-06,8.425454416413246e-07,-2.799067914121073e-05,0.0001098928220110063,-1.175654983292018e-05,0.0007716161393834923,4.968398800426675e-05,-8.092825107097229e-05,-0.0001031752848534748,0.0006617230975868417,6.144056135028671e-05,-0.0002593165116947134,4.949990469130944e-05,0.0,0.0,0.0006898453428708781,-2.550061770799739e-05
2,2154434.690031847,0.0,-0.2192930996304487,0.02602459620733844,-0.1268080315120856,-1.015161952259042,0.0,0.0,0.0,0.0,1.0,0.0,0.6896462355048325,-0.02418033667761617,0.0,0.0,-0.0004313313903717914,5.666471451157284e-06,7.845208799698147e-07,-2.908879193822778e-05,0.0001096465498152243,-1.301229810366922e-05,0.000772076183086494,4.582903294229863e-05,-8.164542670169181e-05,-9.909816155814256e-05,0.0006624294139781701,5.884135707056406e-05,-0.00025910057392051,4.759247847507114e-05,0.0,0.0,0.0006896462355048326,-2.418033667761617e-05
2,2238721.138568301,0.0,-0.2187402241896726,0.02855732547336176,-0.133558428231617,-0.9744719035997857,0.0,0.0,0.0,0.0,1.0,0.0,0.6894648040019105,-0.02289313325298689,0.0,0.0,-0.0004312653770576118,7.357103520781727e-06,7.219646292073744e-07,-3.022837928284907e-05,0.0001093701120948363,-1.427866273668088e-05,0.0007724890918544703,4.203636449884391e-05,-8.230232322335274e-05,-9.515787703467989e-05,0.00066311876101941,5.631505579285037e-05,-0.0002589226671387288,4.57546382424609e-05,0.0,0.0,0.0006894648040019105,-2.289313325298689e-05
2,2326305.067153586,0.0,-0.2181246038140101,0.03111259406071387,-0.1397266943372459,-0.9351371954585225,0.0,0.0,0.0,0.0,1.0,0.0,0.6893000165165795,-0.02163750273092649,0.0,0.0,-0.0004311742907809942,9.054339697389668e-06,6.545702987087614e-07,-3.141096171541898e-05,0.0001090623019070051,-1.555629703035694e-05,0.0007728572579006713,3.830150482641414e-05,-8.290267108538255e-05,-9.134996927275961e-05,0.0006637947378690624,5.385783296936508e-05,-0.0002587816334193487,4.398474830301369e-05,0.0,0.0,0.0006893000165165794,-2.163750273092649e-05
2,2417315.480804062,0.0,-0.2174435968228683,0.03369153813297388,-0.1453481693765064,-0.8971126458400679,0.0,0.0,0.0,0.0,1.0,0.0,0.6891509268147359,-0.02041195846604027,0.0,0.0,-0.0004310578479429141,1.075980041104208e-05,5.820125613315338e-07,-3.263810678200923e-05,0.0001087217984114342,-1.684576906648694e-05,0.0007731828489951916,3.462000348935327e-05,-8.344990961912422e-05,-8.767006873740277e-05,0.0006644608331401606,5.146580624737832e-05,-0.0002586764851543596,4.228126958018275e-05,0.0,0.0,0.0006891509268147359,-2.041195846604027e-05
2,2511886.431509537,0.0,-0.2166943368349815,0.03629510136462799,-0.1504553780905013,-0.8603540985572568,0.0,0.0,0.0,0.0,1.0,0.0,0.6890166693661278,-0.01921503391388997,0.0,0.0,-0.0004309156642927714,1.24750685173633e-05,5.039466056011753e-07,-3.391142979937312e-05,0.0001083471684174907,-1.8147550682314e-05,0.0007734678207173918,3.098744275107362e-05,-8.394720474566292e-05,-8.411390646433668e-05,0.0006651204356055642,4.913502972848895e-05,-0.0002586063965786187,4.064276843322723e-05,0.0,0.0,0.0006890166693661278,-1.921503391388997e-05
2,2610157.215682491,0.0,-0.2158737372270275,0.03892401156499492,-0.1550782040972744,-0.824818495666831,0.0,0.0,0.0,0.0,1.0,0.0,0.6888964546741551,-0.01804528437408328,0.0,0.0,-0.0004307472581965566,1.42016831044256e-05,4.200076544139113e-07,-3.523259459447558e-05,0.0001079368686135137,-1.946200578249746e-05,0.0007737139282057116,2.739944216071592e-05,-8.439746587714295e-05,-8.067732112927477e-05,0.0006657768437184607,4.686148686722488e-05,-0.0002585706953519337,3.906792533221043e-05,0.0,0.0,0.000688896454674155,-1.804528437408328e-05
2,2712272.579331981,0.0,-0.2149784972411147,0.04157875596962668,-0.1592440557260293,-0.7904639406784428,0.0,0.0,0.0,0.0,1.0,0.0,0.6887895648304893,-0.01690128846999379,0.0,0.0,-0.0004305520542291757,1.594113310131318e-05,3.298105666933083e-07,-3.660331422218634e-05,0.0001074892486205573,-2.078937798481334e-05,0.0007739227374528341,2.385166252866479e-05,-8.480336205565187e-05,-7.73562652208449e-05,0.0006664332738537797,4.464108209223414e-05,-0.0002585688541246701,3.755554344611611e-05,0.0,0.0,0.0006887895648304892,-1.69012884699938e-05
2,2818382.931264404,0.0,-0.2140051100522289,0.04425955522191494,-0.1629780245299445,-0.7572497537164689,0.0,0.0,0.0,0.0,1.0,0.0,0.6886953492798926,-0.01578164939743995,0.0,0.0,-0.0004303293871805551,1.769485068058713e-05,2.329495399612317e-07,-3.802535166705998e-05,0.0001070025550261145,-2.212977761095747e-05,0.0007740956362008375,2.033980936740296e-05,-8.516733738098371e-05,-7.414681043190289e-05,0.0006670928671696129,4.246963123791567e-05,-0.0002586004820006368,3.610455719049721e-05,0.0,0.0,0.0006886953492798927,-1.578164939743995e-05
2,2928644.564625185,0.0,-0.2129498731317336,0.04696633610923573,-0.1663030370664151,-0.7251365196631864,0.0,0.0,0.0,0.0,1.0,0.0,0.68861322077891,-0.0146849959703406,0.0,0.0,-0.0004300785065725274,1.946420445943231e-05,1.289979332129005e-07,-3.950052053793341e-05,0.0001064749365658668,-2.348316805461787e-05,0.0007742338444966548,1.685963586101058e-05,-8.549162578453251e-05,-7.104515236928458e-05,0.0006677586949809153,4.034285088196448e-05,-0.0002586653158032602,3.471404076588885e-05,0.0,0.0,0.0006886132207789099,-1.46849959703406e-05
2,3043219.887107668,0.0,-0.2118089012652994,0.04969870316680225,-0.1692400005820755,-0.6940861301629903,0.0,0.0,0.0,0.0,1.0,0.0,0.688542651530779,-0.01360998348709561,0.0,0.0,-0.0004297985817901962,2.125049252010847e-05,1.75082307172056e-08,-4.10306857673853e-05,0.0001059044506326497,-2.484935158340112e-05,0.0007743384249727812,1.340694541310856e-05,-8.577826521128545e-05,-6.804761466758947e-05,0.0006684337625312305,3.825634669521278e-05,-0.0002587632110444566,3.338321670280989e-05,0.0,0.0,0.000688542651530779,-1.360998348709561e-05
2,3162277.660168324,0.0,-0.2105781426018777,0.0524559093189213,-0.1718079432763575,-0.6640618202200367,0.0,0.0,0.0,0.0,1.0,0.0,0.6884831694779261,-0.01255529443719499,0.0,0.0,-0.0004294887079364963,2.305493528744623e-05,-1.019878317006356e-07,-4.261776433196221e-05,0.0001052890713009389,-2.622795465946065e-05,0.0007744102929216535,9.977593809126974e-06,-8.602911127542836e-05,-6.515065257828417e-05,0.0006691210110425722,3.620560092449691e-05,-0.0002588941324901707,3.211146441091731e-05,0.0,0.0,0.0006884831694779261,-1.255529443719499e-05
2,3285993.247600596,0.0,-0.2092533981228542,0.05523682579196876,-0.1740241498415317,-0.6350281999752337,0.0,0.0,0.0,0.0,1.0,0.0,0.6884343547327941,-0.01151963906331446,0.0,0.0,-0.0004291479125225883,2.487866831982211e-05,-2.299789558154242e-07,-4.426372601350246e-05,0.0001046266990614271,-2.761841289598438e-05,0.0007744502262344118,6.567491014375013e-06,-8.624585045743258e-05,-6.235085609119194e-05,0.0006698233179195863,3.418595914718524e-05,-0.0002590581442130768,3.089832871086551e-05,0.0,0.0,0.0006884343547327942,-1.151963906331446e-05
2,3414548.873833541,0.0,-0.2078303449254559,0.05803991160619382,-0.1759042929887144,-0.6069512821023995,0.0,0.0,0.0,0.0,1.0,0.0,0.6883958361275218,-0.01050175578989988,0.0,0.0,-0.0004287751631077072,2.672273509295858e-05,-3.669737635477902e-07,-4.59705942268881e-05,0.000103915172462728,-2.901995580309691e-05,0.0007744588752755976,3.172602614461991e-06,-8.643001291162363e-05,-5.964495263124996e-05,0.0006705434949825244,3.219261645747054e-05,-0.000259255399021152,2.974352830677901e-05,0.0,0.0,0.0006883958361275218,-1.050175578989988e-05
2,3548133.892335691,0.0,-0.2063045637096376,0.0608631830342401,-0.177462561667297,-0.5797985051173684,0.0,0.0,0.0,0.0,1.0,0.0,0.6883672878631648,-0.009500411524967594,0.0,0.0,-0.0004283693760008794,2.858807987817305e-05,-5.135000515861299e-07,-4.774044694511048e-05,0.0001031522818548188,-3.043159151712005e-05,0.0007744367727646241,-2.110491108380103e-07,-8.658298495304619e-05,-5.702980935924008e-05,0.0006712842846052417,3.022060326946511e-05,-0.000259486127151873,2.864696413446e-05,0.0,0.0,0.0006883672878631648,-9.500411524967595e-06
2,3686945.06451951,0.0,-0.2046715708406194,0.06370418350239782,-0.1787117866684239,-0.5535387527479375,0.0,0.0,0.0,0.0,1.0,0.0,0.6883484262397975,-0.008514401837559226,0.0,0.0,-0.0004279294261316981,3.047554084386478e-05,-6.70103798387298e-07,-4.957541775859905e-05,0.0001023357854203097,-3.185209175119891e-05,0.0007743843437322318,-3.587384505120446e-06,-8.670602129082215e-05,-5.450243509103783e-05,0.0006720483536403514,2.826477095026184e-05,-0.0002597506241257567,2.760872749671059e-05,0.0,0.0,0.0006883484262397976,-8.514401837559226e-06
2,3831186.849557219,0.0,-0.2029268553274005,0.06655995450490648,-0.179663564269985,-0.5281423693674457,0.0,0.0,0.0,0.0,1.0,0.0,0.6883390064499669,-0.007542551009009499,0.0,0.0,-0.000427454158188352,3.238584353503979e-05,-8.37347906540166e-07,-5.14776971122494e-05,0.0001014634276637002,-3.327997725245324e-05,0.0007743019156154216,-6.960266285415269e-06,-8.68002570719952e-05,-5.205998183584363e-05,0.0006728382850248664,2.631977752699245e-05,-0.0002600492376607011,2.662910787172221e-05,0.0,0.0,0.0006883390064499669,-7.542551009009499e-06
2,3981071.705534901,0.0,-0.2010659210081837,0.06942700820034992,-0.1803283785293165,-0.5035811713514788,0.0,0.0,0.0,0.0,1.0,0.0,0.6883388194196864,-0.006583711951948266,0.0,0.0,-0.0004269423991066779,3.431959491543082e-05,-1.015810667417622e-06,-5.344953377037144e-05,0.0001005329605040918,-3.471350410017496e-05,0.0007741897285471684,-1.033349978236667e-05,-8.68667197949003e-05,-4.969974593995306e-05,0.0006736565669771559,2.438007374481643e-05,-0.000260382353560496,2.570860025492838e-05,0.0,0.0,0.0006883388194196864,-6.583711951948266e-06
2,4136820.402388433,0.0,-0.1990843341640334,0.07230130245973798,-0.1807157227586068,-0.4798284540776293,0.0,0.0,0.0,0.0,1.0,0.0,0.6883476886834926,-0.005636765986826466,0.0,0.0,-0.0004263929719741898,3.627727818488261e-05,-1.206083940435445e-06,-5.54932365666718e-05,9.954216708201671e-05,-3.615065122986899e-05,0.0007740479458872669,-1.371083374441798e-05,-8.690634114420995e-05,-4.741916880908028e-05,0.0006745055797209164,2.243988978675345e-05,-0.0002607503805078055,2.4847911867968e-05,0.0,0.0,0.0006883476886834926,-5.636765986826466e-06
2,4298662.3470822,0.0,-0.1969777766897026,0.07517821923493118,-0.1808342206250905,-0.4568589941548711,0.0,0.0,0.0,0.0,1.0,0.0,0.6883654672831083,-0.004700622461809197,0.0,0.0,-0.0004258047113865765,3.82592486137083e-05,-1.408771046262571e-06,-5.761117650315343e-05,9.848888834485129e-05,-3.758910961746559e-05,0.0007738766650276655,-1.709596179565644e-05,-8.691996879081988e-05,-4.52158371693062e-05,0.0006753875797050376,2.049322300002846e-05,-0.000261153733714329,2.404796804319001e-05,0.0,0.0,0.0006883654672831083,-4.700622461809197e-06
2,4466835.921509551,0.0,-0.1947421048332612,0.07805254720931343,-0.180691747201972,-0.434649046345424,0.0,0.0,0.0,0.0,1.0,0.0,0.6883920346830024,-0.00377421819822953,0.0,0.0,-0.0004251764802607506,4.026573066208752e-05,-1.62448438213936e-06,-5.98057892681497e-05,9.737105241663058e-05,-3.902627360465671e-05,0.0007736759284893606,-2.049252465165977e-05,-8.690837818849745e-05,-4.308748281471944e-05,0.0006763046813306252,1.853382700554421e-05,-0.0002615928174092216,2.330991706771604e-05,0.0,0.0,0.0006883920346830024,-3.77421819822953e-06
2,4641588.833612694,0.0,-0.1923734133723983,0.08091846977485645,-0.1802955501556309,-0.4131763345321268,0.0,0.0,0.0,0.0,1.0,0.0,0.6884272937006634,-0.00285651674057639,0.0,0.0,-0.0004245071880675105,4.229681667654653e-05,-1.8538427781689e-06,-6.20795782492387e-05,9.618670668619913e-05,-4.045923488742823e-05,0.0007734457353081241,-2.390411321066004e-05,-8.687228438562943e-05,-4.103198177915504e-05,0.0006772588362485115,1.655520259523796e-05,-0.0002620680061816314,2.263513374996598e-05,0.0,0.0,0.0006884272937006633,-2.856516740576391e-06
2,4823178.482239218,0.0,-0.1898681049244507,0.08376955944483655,-0.1796523710897541,-0.3924200359934754,0.0,0.0,0.0,0.0,1.0,0.0,0.6884711674546918,-0.001946507387362274,0.0,0.0,-0.000423795810398352,4.435246747395635e-05,-2.097468626096538e-06,-6.443511812107639e-05,9.493405246222536e-05,-4.188477972241828e-05,0.0007731860526830396,-2.733427264782735e-05,-8.68123538544446e-05,-3.904735286061132e-05,0.0006782518103527094,1.455059084415041e-05,-0.0002625796252344248,2.202522145449901e-05,0.0,0.0,0.0006884711674546919,-1.946507387362274e-06
2,5011872.336272631,0.0,-0.1872229638899532,0.0865987798525143,-0.1787685668783994,-0.3723607581823482,0.0,0.0,0.0,0.0,1.0,0.0,0.6885235963398687,-0.00104320397736526,0.0,0.0,-0.0004230414097248641,4.643251513569702e-05,-2.355984826642399e-06,-6.687505909074383e-05,9.361148194497663e-05,-4.329938992625715e-05,0.0007728968278350534,-3.078650764761078e-05,-8.672921632182683e-05,-3.713175542049829e-05,0.0006792851586671132,1.251296887742612e-05,-0.0002631279296537292,2.148201233971234e-05,0.0,0.0,0.0006885235963398687,-1.04320397736526e-06
2,5207948.328595368,0.0,-0.1844352343080031,0.08939849649557036,-0.1776502306097562,-0.3529805071694382,0.0,0.0,0.0,0.0,1.0,0.0,0.6885845350450946,-0.0001456434048661829,0.0,0.0,-0.0004222431571462293,4.853666833713743e-05,-2.630011617749148e-06,-6.940213188349829e-05,9.221761715400156e-05,-4.469924824778518e-05,0.0007725779999928302,-3.426428891190727e-05,-8.66234765654851e-05,-3.528348637645721e-05,0.0006803601984035944,1.04350487343744e-05,-0.0002637130828523349,2.100756552965433e-05,0.0,0.0,0.0006885845350450947,-1.456434048661829e-07
2,5411695.265464537,0.0,-0.1815027006600802,0.09216049735620474,-0.1763033115343167,-0.334262646915169,0.0,0.0,0.0,0.0,1.0,0.0,0.6886539496373927,0.000747116162182567,0.0,0.0,-0.000421400354851784,5.066452052965645e-05,-2.920163363867977e-06,-7.201915354928988e-05,9.075135033004011e-05,-4.608024867810237e-05,0.0007722295123906957,-3.777106107937215e-05,-8.649572611717094e-05,-3.350097630773516e-05,0.0006814779805579548,8.309279759227575e-06,-0.0002643351344031068,2.060416295701466e-05,0.0,0.0,0.0006886539496373927,7.47116162182567e-07
2,5623413.251903387,0.0,-0.1784237704033859,0.09487602444986581,-0.1747337331709453,-0.316191848580889,0.0,0.0,0.0,0.0,1.0,0.0,0.6887318147428829,0.001635997385409161,0.0,0.0,-0.0004205124589528545,5.281556127082962e-05,-3.227045405191964e-06,-7.472903416450813e-05,8.921188520169294e-05,-4.743801222493291e-05,0.0007718513241290739,-4.131025218246917e-05,-8.634655479138283e-05,-3.178278459662981e-05,0.0006826392605036102,6.127854918488223e-06,-0.0002649939975400018,2.027430263210062e-05,0.0,0.0,0.0006887318147428829,1.635997385409161e-06
2,5843414.133735067,0.0,-0.175197556753891,0.09753581722466348,-0.1729475084797057,-0.2987540291874229,0.0,0.0,0.0,0.0,1.0,0.0,0.6888181108634748,0.002521906201751265,0.0,0.0,-0.0004195791022643183,5.49891909612174e-05,-3.551251084956348e-06,-7.753478449366531e-05,8.759877837694552e-05,-4.876790861233174e-05,0.0007714434217128359,-4.488528475299661e-05,-8.617656193431806e-05,-3.012759353891741e-05,0.0006838444681383339,3.882721395152273e-06,-0.0002656894266671126,2.002068912246129e-05,0.0,0.0,0.0006888181108634748,2.521906201751265e-06
2,6072021.956909773,0.0,-0.1718239599840901,0.1001301685430236,-0.1709508507710677,-0.28193627908123,0.0,0.0,0.0,0.0,1.0,0.0,0.6889128218757351,0.00340573462768615,0.0,0.0,-0.0004186001165435386,5.718473919307486e-05,-3.893359091787542e-06,-8.043952466169555e-05,8.591197999204503e-05,-5.006508427151182e-05,0.0007710058300486276,-4.84995886631178e-05,-8.598636726468028e-05,-2.853420137089162e-05,0.0006850936782326227,1.565595738562543e-06,-0.000266420995277356,1.984622107309257e-05,0.0,0.0,0.0006889128218757351,3.40573462768615e-06
2,6309573.444801815,0.0,-0.1683037452642389,0.1026489937236243,-0.1687502787991508,-0.2657267778784423,0.0,0.0,0.0,0.0,1.0,0.0,0.6890159327655639,0.004288363931124098,0.0,0.0,-0.0004175755536273626,5.940148684414545e-05,-4.253931271665524e-06,-8.344649386900442e-05,8.415187263211942e-05,-5.132449686181218e-05,0.0007705386226503694,-5.215661575692364e-05,-8.577662115647149e-05,-2.700151418095664e-05,0.0006863865817145048,-8.320162461178169e-07,-0.0002671880747392181,1.975397565655984e-05,0.0,0.0,0.000689015932765564,4.288363931124098e-06
2,6556418.494179667,0.0,-0.1646386148738125,0.1050819128045589,-0.166352714295481,-0.2501146988251615,0.0,0.0,0.0,0.0,1.0,0.0,0.6891274276585317,0.005170668171423847,0.0,0.0,-0.0004165057048503285,6.163869196069462e-05,-4.633511079300237e-06,-8.655906115828774e-05,8.231930743690624e-05,-5.254095640227946e-05,0.0007700419307746325,-5.585985628720539e-05,-8.554801419540127e-05,-2.552853669965853e-05,0.0006877224586991112,-3.318794803013071e-06,-0.000267989814458529,1.974718991777646e-05,0.0,0.0,0.0006891274276585317,5.170668171423847e-06
2,6812920.690579485,0.0,-0.1608312724585538,0.1074183458111399,-0.1637655700540328,-0.2350901018356611,0.0,0.0,0.0,0.0,1.0,0.0,0.689247288210568,0.006053518097528927,0.0,0.0,-0.0004153911180838302,6.389561936702079e-05,-5.03262285045188e-06,-8.978073721466007e-05,8.04156362292769e-05,-5.370917290556994e-05,0.0007695159511865759,-5.961285712381216e-05,-8.530128582646009e-05,-2.4114361993319e-05,0.0006891001541260267,-5.903576799896472e-06,-0.0002688251239585122,1.982923906756161e-05,0.0,0.0,0.0006892472882105681,6.053518097528927e-06
2,7079457.843841247,0.0,-0.1568854769247436,0.1096476203812163,-0.160996826593149,-0.2206438158418128,0.0,0.0,0.0,0.0,1.0,0.0,0.6893754924266255,0.006937785382218012,0.0,0.0,-0.0004142326117119975,6.617157381713125e-05,-5.451772083757728e-06,-9.311518714929959e-05,7.844273846237178e-05,-5.482381019060815e-05,0.000768960952244845,-6.34192416446785e-05,-8.503723190197747e-05,-2.275816012240308e-05,0.0006905180568969961,-8.595321806449918e-06,-0.0002696926574415424,2.00036118815014e-05,0.0,0.0,0.0006893754924266255,6.937785382218011e-06
2,7356422.544596274,0.0,-0.1528060835623893,0.1117590906295309,-0.1580550954096566,-0.2067673114961572,0.0,0.0,0.0,0.0,1.0,0.0,0.689512013975571,0.007824347157244222,0.0,0.0,-0.0004130312848592155,6.846593637114227e-05,-5.891446921824598e-06,-9.65662441824672e-05,7.640304178119464e-05,-5.587954531476546e-05,0.0007683772779922698,-6.728273115988278e-05,-8.475671093852276e-05,-2.145916586534014e-05,0.0006919740834049915,-1.140307408602665e-05,-0.0002705908013960426,2.02738834727597e-05,0.0,0.0,0.0006895120139755711,7.824347157244222e-06
2,7644222.742525859,0.0,-0.1485990700870206,0.1137422656375184,-0.154949666917655,-0.1934525657023315,0.0,0.0,0.0,0.0,1.0,0.0,0.6896568220674509,0.008714090800183413,0.0,0.0,-0.0004117885232113976,7.077820353881131e-05,-6.352121015712147e-06,-0.0001001379241055722,7.429953504351028e-05,-5.687113281875918e-05,0.0007677653499502493,-7.12071676551373e-05,-8.44606488985106e-05,-2.021666565025149e-05,0.0006934656663076692,-1.433592109411255e-05,-0.000271517665788497,2.064368582506762e-05,0.0,0.0,0.000689656822067451,8.714090800183414e-06
2,7943282.347242665,0.0,-0.1442715454962258,0.1155869454576926,-0.1516905413383974,-0.1806919198807374,0.0,0.0,0.0,0.0,1.0,0.0,0.6898098819541603,0.009607918909714562,0.0,0.0,-0.0004105059998304929,7.310802859214482e-05,-6.834257943724952e-06,-0.0001038344403654362,7.213577274811288e-05,-5.77934727288463e-05,0.0007671256663396908,-7.519653757667643e-05,-8.415004232925577e-05,-1.90299838790452e-05,0.0006949897493200326,-1.74029492608848e-05,-0.0002724710793310849,2.11166765906011e-05,0.0,0.0,0.0006898098819541603,9.607918909714562e-06
2,8254041.852680027,0.0,-0.1398317399574009,0.1172833620477957,-0.1482884410832174,-0.1684779342916762,0.0,0.0,0.0,0.0,1.0,0.0,0.6899711561062752,0.01050675439252221,0.0,0.0,-0.0004091856704516042,7.545526431453238e-05,-7.338317334260339e-06,-0.0001076602195788114,6.991586997870045e-05,-5.864168102389788e-05,0.0007664587984909638,-7.925499631786938e-05,-8.382595971894927e-05,-1.789846886841985e-05,0.0006965427886805234,-2.061319801060941e-05,-0.000273448589238728,2.169650676983083e-05,0.0,0.0,0.0006899711561062752,1.050675439252221e-05
2,8576958.985908778,0.0,-0.1352889743764936,0.1188223221272008,-0.1447548035477661,-0.1568032411078076,0.0,0.0,0.0,0.0,1.0,0.0,0.6901406061073729,0.01141154557281165,0.0,0.0,-0.0004078297628733012,7.78200063343698e-05,-7.864762813383573e-06,-0.00011161991725349,6.76444871882468e-05,-5.94111610636004e-05,0.0007657653842595028,-8.338689301261648e-05,-8.348954096551391e-05,-1.682147866806192e-05,0.0006981207617822816,-2.397561312669397e-05,-0.0002744474657854126,2.238678799105966e-05,0.0,0.0,0.000690140606107373,1.141154557281165e-05
2,8912509.381337285,0.0,-0.1306536088354381,0.1201953486054578,-0.1411017537054533,-0.1456603992269999,0.0,0.0,0.0,0.0,1.0,0.0,0.6903181952928361,0.01232327122535955,0.0,0.0,-0.0004064407602029276,8.020263609338427e-05,-8.414071861397005e-06,-0.0001157184334659829,6.532680441771907e-05,-6.009767430272889e-05,0.0007650461183312679,-8.759679519538735e-05,-8.314199489982894e-05,-1.579836704523595e-05,0.0006997191832599403,-2.749900069730977e-05,-0.0002754647118408584,2.319106018812411e-05,0.0,0.0,0.0006903181952928361,1.232327122535955e-05
2,9261187.281287758,0.0,-0.1259369697122559,0.1213948169978964,-0.1373420564365251,-0.1350417540209522,0.0,0.0,0.0,0.0,1.0,0.0,0.6905038921433377,0.01324294542584282,0.0,0.0,-0.0004050213778944607,8.260386243299968e-05,-8.986747620063747e-06,-0.0001199609282266674,6.296848485612794e-05,-6.069740849894821e-05,0.0007643017393812597,-9.18895128561451e-05,-8.278459485798629e-05,-1.48284699446795e-05,0.0007013331285881622,-3.119198296237986e-05,-0.0002764970774184299,2.411276053029213e-05,0.0,0.0,0.0006905038921433378,1.324294542584282e-05
2,9623506.263980702,0.0,-0.1211512559884627,0.122414083139726,-0.1334890491353296,-0.1249393053031045,0.0,0.0,0.0,0.0,1.0,0.0,0.6906976744245918,0.01417162210855369,0.0,0.0,-0.0004035745347105929,8.502476075166864e-05,-9.583332645006365e-06,-0.0001243528362531454,6.057562799423133e-05,-6.1207041569863e-05,0.0007635330141355778,-9.627012140342593e-05,-8.241867235599214e-05,-1.391109274116582e-05,0.0007029572649900906,-3.506295741947988e-05,-0.0002775410790997225,2.515519448188178e-05,0.0,0.0,0.0006906976744245919,1.417162210855369e-05
2,10000000.0,0.0,-0.1163094259726018,0.1232475985560683,-0.1295565557746297,-0.1153445867552905,0.0,0.0,0.0,0.0,1.0,0.0,0.6908995340454109,0.01511039922201219,0.0,0.0,-0.0004021033179442335,8.746680869796668e-05,-1.020442454827404e-05,-0.0001288998808725444,5.815471298630088e-05,-6.162379927803416e-05,0.0007627407184791404,-0.000100743983052802,-8.204560898200406e-05,-1.304549859773027e-05,0.0007045858891834135,-3.912006052716922e-05,-0.000278593024027724,2.632150985707252e-05,0.0,0.0,0.000690899534045411,1.511039922201219e-05
3,10.0,0.0,-2.30361351922781e-05,-2.302886724523078e-05,22.95571158307369,-0.002474903732565974,0.0,0.0,0.0,0.0,1.0,0.0,0.9980854418359789,-3.169283077513917e-05,0.0,0.0,0.0007343831823147795,-1.262188376335258e-07,-9.93917411751947e-13,-5.724036065498984e-11,1.151806759613905e-08,1.151443362261539e-08,1.15253312565378e-08,7.930496985469835e-08,0.000998073915510805,-1.110550409904925e-07,7.240624540548323e-12,6.779051320321568e-08,-0.001732238309659406,1.579440859488678e-07,0.0,0.0,0.000998085441835979,-3.169283077513918e-08
3,10.39122303835169,0.0,-2.30363331958916e-05,-2.392980956460502e-05,22.95571156198815,-0.002571727666014424,0.0,0.0,0.0,0.0,1.0,0.0,0.9980854415658104,-3.293272730014103e-05,0.0,0.0,0.0007343831812385293,-1.311568092297476e-07,-9.93277600863408e-13,-5.94797355073124e-11,1.15181665979458e-08,1.196490478230251e-08,1.152600788010854e-08,8.240756290590993e-08,0.0009980739145646518,-1.153997699415583e-07,7.818246531512041e-12,7.044263419379784e-08,-0.001732238308313927,1.641232223190066e-07,0.0,0.0,0.0009980854415658103,-3.293272730014103e-08
3,10.7977516232771,0.0,-2.303654699509217e-05,-2.486599882045469e-05,22.95571153922052,-0.002672339574520264,0.0,0.0,0.0,0.0,1.0,0.0,0.9980854412740887,-3.422113143006014e-05,0.0,0.0,0.0007343831800763478,-1.362879656364438e-07,-9.925867489586865e-13,-6.180671987168932e-11,1.151827349754608e-08,1.243299941022734e-08,1.152673848231922e-08,8.563153653598652e-08,0.0009980739135430196,-1.199144746859184e-07,8.441948409388885e-12,7.319851225976034e-08,-0.001732238306861089,1.705441007214482e-07,0.0,0.0,0.0009980854412740888,-3.422113143006015e-08
3,11.22018454301963,0.0,-2.303677784953884e-05,-2.58388139538106e-05,22.95571151463662,-0.002776887652359773,0.0,0.0,0.0,0.0,1.0,0.0,0.9980854409590953,-3.5559940893708e-05,0.0,0.0,0.0007343831788217958,-1.416198646867579e-07,-9.918407842326475e-13,-6.422474123512891e-11,1.151838892476942e-08,1.29194069769053e-08,1.152752736737876e-08,8.898163943169617e-08,0.0009980739124398875,-1.246058050666393e-07,9.115406204441589e-12,7.606220661597692e-08,-0.001732238305292011,1.772161786591837e-07,0.0,0.0,0.0009980854409590953,-3.5559940893708e-08
3,11.65914401179831,0.0,-2.303702712125322e-05,-2.684968785301369e-05,22.95571148809151,-0.002885525891506479,0.0,0.0,0.0,0.0,1.0,0.0,0.998085440618973,-3.695112766336481e-05,0.0,0.0,0.0007343831774666576,-1.471603598934249e-07,-9.9103531005128e-13,-6.673736117595758e-11,1.151851356062661e-08,1.342484392650684e-08,1.15283791867796e-08,9.246280605923715e-08,0.0009980739112487517,-1.294806710837779e-07,9.842589202811337e-12,7.903793528304245e-08,-0.001732238303598144,1.841492836342928e-07,0.0,0.0,0.000998085440618973,-3.695112766336481e-08
3,12.11527658628588,0.0,-2.303729627839424e-05,-2.790010946425321e-05,22.95571145942876,-0.002998414308449927,0.0,0.0,0.0,0.0,1.0,0.0,0.9980854402517174,-3.839674085934844e-05,0.0,0.0,0.0007343831760033837,-1.529176120163814e-07,-9.901655790384184e-13,-6.934828060979556e-11,1.151864813919712e-08,1.39500547321266e-08,1.15292989598789e-08,9.608016393234074e-08,0.0009980739099625926,-1.34546253072299e-07,1.062778334104771e-11,8.213008130010463e-08,-0.001732238301769051,1.91353627623019e-07,0.0,0.0,0.0009980854402517174,-3.839674085934844e-08
3,12.58925411794167,0.0,-2.303758690724855e-05,-2.899162598467329e-05,22.95571142847942,-0.00311571917988802,0.0,0.0,0.0,0.0,1.0,0.0,0.9980854398551642,-3.989890976821578e-05,0.0,0.0,0.0007343831744237583,-1.589001010830716e-07,-9.892264650952442e-13,-7.206134524077138e-11,1.151879345362428e-08,1.449581299233665e-08,1.153029210753507e-08,9.983904116471637e-08,0.0009980739085738298,-1.398100122781729e-07,1.147561646694005e-11,8.53431991807537e-08,-0.001732238299793742,1.988398221172992e-07,0.0,0.0,0.0009980854398551641,-3.989890976821578e-08
3,13.08177474260194,0.0,-2.303790072155643e-05,-3.012584514127866e-05,22.95571139506112,-0.003237613287640172,0.0,0.0,0.0,0.0,1.0,0.0,0.9980854394269758,-4.145984697904255e-05,0.0,0.0,0.0007343831727180117,-1.651166388787542e-07,-9.882124331876315e-13,-7.488055122600163e-11,1.151895036077821e-08,1.506292257063933e-08,1.153136448380624e-08,1.037449743179646e-07,0.0009980739070742791,-1.452797018482331e-07,1.23910856155349e-11,8.86820216214801e-08,-0.001732238297661004,2.066188937547577e-07,0.0,0.0,0.0009980854394269758,-4.145984697904255e-08
3,13.59356390878525,0.0,-2.303823957006124e-05,-3.130443755899462e-05,22.95571135897686,-0.003364276173141873,0.0,0.0,0.0,0.0,1.0,0.0,0.9980854389646284,-4.308185164240004e-05,0.0,0.0,0.0007343831708759296,-1.71576381925812e-07,-9.871175067232738e-13,-7.781005106168052e-11,1.151911978503062e-08,1.565221877949731e-08,1.153252240960125e-08,1.078037165565143e-07,0.0009980739054551012,-1.50963378249976e-07,1.33795864611007e-11,9.215146647257945e-08,-0.001732238295358401,2.147023005600549e-07,0.0,0.0,0.0009980854389646284,-4.308185164240004e-08
3,14.12537544622754,0.0,-2.303860545027625e-05,-3.252913922137201e-05,22.95571132001398,-0.003495894401895667,0.0,0.0,0.0,0.0,1.0,0.0,0.9980854384653974,-4.476731285683009e-05,0.0,0.0,0.0007343831688868541,-1.78288844970495e-07,-9.859352323263205e-13,-8.085415969944972e-11,1.151930272513813e-08,1.626456961068601e-08,1.153377270853705e-08,1.120212461215994e-07,0.0009980739037067537,-1.568694131381289e-07,1.444694511862661e-11,9.575664398177412e-08,-0.001732238292871946,2.231019488215782e-07,0.0,0.0,0.0009980854384653974,-4.476731285683009e-08
3,14.67799267622069,0.0,-2.303900051892072e-05,-3.380175402755754e-05,22.95571127794282,-0.00363266183826787,0.0,0.0,0.0,0.0,1.0,0.0,0.99808543792634,-4.651871318780471e-05,0.0,0.0,0.0007343831667396827,-1.852639149972093e-07,-9.846586418019077e-13,-8.40173609020583e-11,1.151950025946036e-08,1.690087701377877e-08,1.153512275088025e-08,1.164037751367507e-07,0.0009980739018189309,-1.630065056854575e-07,1.55994524822891e-11,9.950286432121792e-08,-0.001732238290186872,2.318302106287917e-07,0.0,0.0,0.00099808543792634,-4.651871318780471e-08
3,15.25222956539018,0.0,-2.303942710413232e-05,-3.512415644929927e-05,22.95571123251544,-0.003774779931035947,0.0,0.0,0.0,0.0,1.0,0.0,0.9980854373442792,-4.833863232435494e-05,0.0,0.0,0.0007343831644204268,-1.925118657916832e-07,-9.83280211066398e-13,-8.730431384767295e-11,1.151971355206616e-08,1.756207822464964e-08,1.153658049274611e-08,1.209577587577788e-07,0.0009980738997805072,-1.693836953959815e-07,1.684390130327373e-11,1.033956454089728e-07,-0.001732238287288079,2.408999420950046e-07,0.0,0.0,0.0009980854373442792,-4.833863232435494e-08
3,15.84893192461113,0.0,-2.303988772034415e-05,-3.649829429189817e-05,22.95571118346405,-0.003922458010106944,0.0,0.0,0.0,0.0,1.0,0.0,0.9980854367157845,-5.022975087875281e-05,0.0,0.0,0.0007343831619168739,-2.000433730732856e-07,-9.817918158012853e-13,-9.071985999256902e-11,1.151994386017208e-08,1.824914714594908e-08,1.153815452615054e-08,1.256899046807179e-07,0.0009980738975794668,-1.760103754194632e-07,1.818762622548351e-11,1.074407210364745e-07,-0.001732238284157583,2.503245022937215e-07,0.0,0.0,0.0009980854367157845,-5.022975087875282e-08
3,16.46897865482867,0.0,-2.304038508227357e-05,-3.792619156317351e-05,22.95571113049959,-0.004075913594844168,0.0,0.0,0.0,0.0,1.0,0.0,0.9980854360371516,-5.21948543348448e-05,0.0,0.0,0.0007343831592132588,-2.07869530219481e-07,-9.80184683569379e-13,-9.426903020230938e-11,1.152019254113679e-08,1.896309578158675e-08,1.153985412822698e-08,1.306071830217403e-07,0.000998073895202838,-1.828963063867874e-07,1.963854701510019e-11,1.11644049313962e-07,-0.00173223828077762,2.601177729353395e-07,0.0,0.0,0.0009980854360371516,-5.21948543348448e-08
3,17.11328304161779,0.0,-2.304092212090936e-05,-3.94099514546672e-05,22.9557110733099,-0.004235372714456103,0.0,0.0,0.0,0.0,1.0,0.0,0.9980854353043807,-5.423683715085055e-05,0.0,0.0,0.0007343831562940384,-2.160018646052441e-07,-9.784493421110543e-13,-9.795705216191679e-11,1.152046106045468e-08,1.97049757273336e-08,1.154168931627506e-08,1.357168365835899e-07,0.0009980738926366147,-1.900516307866024e-07,2.120521523878749e-11,1.160118214463049e-07,-0.001732238277127984,2.70294178814144e-07,0.0,0.0,0.0009980854353043808,-5.423683715085055e-08
3,17.78279410038921,0.0,-2.304150200216348e-05,-4.095175943947808e-05,22.95571101155789,-0.004401070240919514,0.0,0.0,0.0,0.0,1.0,0.0,0.9980854345131527,-5.635870702267023e-05,0.0,0.0,0.0007343831531421152,-2.244523545827772e-07,-9.765755635158337e-13,-1.017893580759546e-10,1.152075100108174e-08,2.047587971973904e-08,1.154367090698343e-08,1.410263915236558e-07,0.0009980738898656696,-1.97486887904402e-07,2.289686466565201e-11,1.205504708521573e-07,-0.001732238273187026,2.808687090541178e-07,0.0,0.0,0.0009980854345131528,-5.635870702267023e-08
3,18.47849797422289,0.0,-2.304212814330242e-05,-4.255388649128851e-05,22.95571094487961,-0.004573250234927087,0.0,0.0,0.0,0.0,1.0,0.0,0.9980854336588044,-5.856358931398012e-05,0.0,0.0,0.0007343831497379494,-2.332334471236207e-07,-9.74552303940247e-13,-1.057715926698577e-10,1.152106407165121e-08,2.127694324564425e-08,1.154581057928219e-08,1.465436684394004e-07,0.000998073886873673,-2.052130293460503e-07,2.472346569002483e-11,1.252666826398696e-07,-0.001732238268931985,2.918569391878781e-07,0.0,0.0,0.0009980854336588045,-5.856358931398012e-08
3,19.201419386388,0.0,-2.304280423537364e-05,-4.421869242932508e-05,22.95571087288203,-0.004752166305369084,0.0,0.0,0.0,0.0,1.0,0.0,0.9980854327363003,-6.085473165964045e-05,0.0,0.0,0.0007343831460631112,-2.423580761528915e-07,-9.72367638516686e-13,-1.099096215043023e-10,1.152140211768682e-08,2.210934621466254e-08,1.154812094439163e-08,1.522767938874664e-07,0.000998073883642988,-2.13241435168611e-07,2.669578409582421e-11,1.301674034541113e-07,-0.001732238264337327,3.032750540970933e-07,0.0,0.0,0.0009980854327363005,-6.085473165964045e-08
3,19.95262314968878,0.0,-2.304353426252348e-05,-4.594862939417914e-05,22.95571079514087,-0.004938081982878545,0.0,0.0,0.0,0.0,1.0,0.0,0.9980854317402033,-6.323550874919647e-05,0.0,0.0,0.0007343831420951741,-2.518396815995012e-07,-9.700086910696e-13,-1.142095396148589e-10,1.152176713126174e-08,2.297431469708957e-08,1.155061561952511e-08,1.582342123534318e-07,0.0009980738801545757,-2.215839306422431e-07,2.882544450884962e-11,1.352598517077129e-07,-0.001732238259375851,3.151398718520017e-07,0.0,0.0,0.0009980854317402032,-6.323550874919647e-08
3,20.73321573485953,0.0,-2.304432252842048e-05,-4.774624545960682e-05,22.95571071119785,-0.005131271107990079,0.0,0.0,0.0,0.0,1.0,0.0,0.9980854306646426,-6.570942729751663e-05,0.0,0.0,0.0007343831378101573,-2.616922291920343e-07,-9.674615582248062e-13,-1.186776804896585e-10,1.152216126421024e-08,2.387312272980341e-08,1.155330930711716e-08,1.644246986898375e-07,0.0009980738763878732,-2.302528036678438e-07,3.112499891098562e-11,1.405515282137886e-07,-0.001732238254018803,3.27468868483073e-07,0.0,0.0,0.0009980854306646427,-6.570942729751663e-08
3,21.54434690031881,0.0,-2.30451736773496e-05,-4.961418838562787e-05,22.9557106205583,-0.0053320182344841,0.0,0.0,0.0,0.0,1.0,0.0,0.9980854295032788,-6.828013120989059e-05,0.0,0.0,0.0007343831331834139,-2.719302310294513e-07,-9.647112274646072e-13,-1.233206253982944e-10,1.15225868386748e-08,2.480709419281394e-08,1.155621788437262e-08,1.708573710408115e-07,0.0009980738723206828,-2.392608228761004e-07,3.360800062013066e-11,1.460502272338091e-07,-0.001732238248234541,3.402802037215673e-07,0.0,0.0,0.0009980854295032788,-6.828013120989058e-08
3,22.38721138568337,0.0,-2.304609272729685e-05,-5.155520951845163e-05,22.95571052268798,-0.005540619048510359,0.0,0.0,0.0,0.0,1.0,0.0,0.998085428249267,-7.09514069491921e-05,0.0,0.0,0.0007343831281880764,-2.825687669554574e-07,-9.617414886457626e-13,-1.281452130857038e-10,1.152304636364843e-08,2.577760475922582e-08,1.155935849388986e-08,1.775417042723207e-07,0.0009980738679290322,-2.486212564345985e-07,3.628908417187684e-11,1.517640479578853e-07,-0.001732238241988537,3.535927477474256e-07,0.0,0.0,0.0009980854282492671,-7.09514069491921e-08
3,23.26305067153623,0.0,-2.304708509415221e-05,-5.357216784297257e-05,22.95571041701001,-0.005757380804108234,0.0,0.0,0.0,0.0,1.0,0.0,0.9980854268952164,-7.372718911301317e-05,0.0,0.0,0.0007343831227935027,-2.936235067705251e-07,-9.58534838458793e-13,-1.331585498453073e-10,1.152354254707611e-08,2.678608392148629e-08,1.156274964572233e-08,1.844875439278334e-07,0.0009980738631870363,-2.583478915906918e-07,3.918405157375383e-11,1.577014064341792e-07,-0.001732238235244599,3.674261089833624e-07,0.0,0.0,0.0009980854268952163,-7.372718911301317e-08
3,24.17315480804101,0.0,-2.304815662745874e-05,-5.56680341938051e-05,22.95571030290156,-0.005982622775765115,0.0,0.0,0.0,0.0,1.0,0.0,0.998085425433146,-7.661156622898312e-05,0.0,0.0,0.0007343831169683845,-3.051107333119289e-07,-9.550723772655314e-13,-1.383680199862485e-10,1.152407831372937e-08,2.783401709690255e-08,1.15664113274776e-08,1.917051207299457e-07,0.0009980738580667458,-2.684550549789151e-07,4.230996544040697e-11,1.63871047965009e-07,-0.001732238227962646,3.818006629762219e-07,0.0,0.0,0.000998085425433146,-7.661156622898313e-08
3,25.11886431509577,0.0,-2.304931364283114e-05,-5.78458956310591e-05,22.95571017969012,-0.0062166767286794,0.0,0.0,0.0,0.0,1.0,0.0,0.9980854238544389,-7.960878677680694e-05,0.0,0.0,0.0007343831106796372,-3.170473664368401e-07,-9.513336977068848e-13,-1.437812967101487e-10,1.152465682141557e-08,2.892294781552955e-08,1.157036512026596e-08,1.99205065649328e-07,0.0009980738525379852,-2.789576337228451e-07,4.568524955863485e-11,1.702820599879029e-07,-0.001732238220099491,3.967375824084538e-07,0.0,0.0,0.0009980854238544389,-7.960878677680694e-08
3,26.10157215682533,0.0,-2.305056295881514e-05,-6.010895998729991e-05,22.95571004664944,-0.006459887407420657,0.0,0.0,0.0,0.0,1.0,0.0,0.9980854221497902,-8.272326544589197e-05,0.0,0.0,0.000734383103888403,-3.294509879437973e-07,-9.472967644242802e-13,-1.494063534134048e-10,1.152528147940757e-08,3.005447999364995e-08,1.157463432716575e-08,2.06998425563184e-07,0.000998073846568166,-2.898710973624893e-07,4.932979747500244e-11,1.76943885460574e-07,-0.001732238211609283,4.122588682837244e-07,0.0,0.0,0.0009980854221497903,-8.272326544589196e-08
3,27.12272579332025,0.0,-2.305191193952005e-05,-6.246056059239054e-05,22.95570990299544,-0.00671261304370676,0.0,0.0,0.0,0.0,1.0,0.0,0.9980854203091528,-8.595958963778048e-05,0.0,0.0,0.000734383096555824,-3.423398674690927e-07,-9.429377841858956e-13,-1.552514754316775e-10,1.152595596976003e-08,3.123028029619527e-08,1.157924411112025e-08,2.150966795262869e-07,0.0009980738401221038,-3.01211520639499e-07,5.326508974603e-11,1.838663367695311e-07,-0.001732238202441394,4.283873823320667e-07,0.0,0.0,0.0009980854203091528,-8.595958963778047e-08
3,28.1838293126445,0.0,-2.305336853525297e-05,-6.490416118317374e-05,22.95570974788139,-0.006975225884045632,0.0,0.0,0.0,0.0,1.0,0.0,0.998085418321678,-8.932252622296221e-05,0.0,0.0,0.0007343830886379354,-3.55732989396236e-07,-9.38231065652208e-13,-1.613252722438717e-10,1.152668426762649e-08,3.245208059158687e-08,1.158422164204871e-08,2.235117556785517e-07,0.0009980738331618049,-3.129956071737577e-07,5.751432054201172e-11,1.910596101828036e-07,-0.001732238192542535,4.45146880683465e-07,0.0,0.0,0.000998085418321678,-8.932252622296222e-08
3,29.28644564625232,0.0,-2.305494133114649e-05,-6.744336100522555e-05,22.95570958039315,-0.007248112738018858,0.0,0.0,0.0,0.0,1.0,0.0,0.9980854161756526,-9.281702856201986e-05,0.0,0.0,0.000734383080088552,-3.696500808176911e-07,-9.331488679543482e-13,-1.676366901535903e-10,1.152747066557325e-08,3.372168050261277e-08,1.158959625475191e-08,2.322560488140464e-07,0.0009980738256462496,-3.252407140662199e-07,6.210253435064925e-11,1.985343008680726e-07,-0.001732238181854084,4.625620488580401e-07,0.0,0.0,0.0009980854161756527,-9.281702856201986e-08
3,30.43219887107717,0.0,-2.30566395966747e-05,-7.008190011418975e-05,22.95570939954347,-0.007531675548014333,0.0,0.0,0.0,0.0,1.0,0.0,0.9980854138584275,-9.644824380144437e-05,0.0,0.0,0.0007343830708572696,-3.841116405920364e-07,-9.276612371928054e-13,-1.741950254667428e-10,1.152831979833735e-08,3.504095005709488e-08,1.159539962855854e-08,2.41342438637311e-07,0.000998073817531138,-3.379648774642222e-07,6.705677358620758e-11,2.063014184983161e-07,-0.001732238170312428,4.806585381254207e-07,0.0,0.0,0.0009980854138584275,-9.644824380144438e-08
3,31.62277660168374,0.0,-2.305847334249655e-05,-7.28236648845084e-05,22.95570920426648,-0.007826331981247443,0.0,0.0,0.0,0.0,1.0,0.0,0.9980854113563454,-0.0001002215204548699,0.0,0.0,0.0007343830608892432,-3.99138969535797e-07,-9.217358298928237e-13,-1.810099381847216e-10,1.152923667124828e-08,3.64118324422542e-08,1.16016659674781e-08,2.507843087338804e-07,0.0009980738087686425,-3.511868391269351e-07,7.240623797418209e-11,2.143724034679614e-07,-0.00173223815785073,4.994630032864773e-07,0.0,0.0,0.0009980854113563454,-1.002215204548699e-07
3,32.85993247600649,0.0,-2.306045337485685e-05,-7.567269373365034e-05,22.95570899341124,-0.008132516044942069,0.0,0.0,0.0,0.0,1.0,0.0,0.9980854086546594,-0.0001041424162808863,0.0,0.0,0.0007343830501262971,-4.147542017976535e-07,-9.153377223759712e-13,-1.880914662333214e-10,1.153022668742842e-08,3.783634686682517e-08,1.160843220431378e-08,2.605955662829343e-07,0.000998073799307117,-3.649260740300537e-07,7.818245665085946e-11,2.227591437434152e-07,-0.001732238144394382,5.190031419335852e-07,0.0,0.0,0.0009980854086546595,-1.041424162808863e-07
3,34.14548873833596,0.0,-2.30625913648641e-05,-7.863318307027802e-05,22.95570876573501,-0.008450678725577834,0.0,0.0,0.0,0.0,1.0,0.0,0.9980854057374461,-0.0001082167064690356,0.0,0.0,0.0007343830385044825,-4.309803374595339e-07,-9.084292049243557e-13,-1.954500402483672e-10,1.153129568243205e-08,3.931659153513901e-08,1.161573821862867e-08,2.707906625411159e-07,0.0009980737890907985,-3.792028190503999e-07,8.441947399210236e-11,2.314739923727936e-07,-0.001732238129864672,5.393077352456818e-07,0.0,0.0,0.0009980854057374461,-1.082167064690356e-07
3,35.48133892335748,0.0,-2.306489991332761e-05,-8.170949347510297e-05,22.95570851989586,-0.0087812886531446,0.0,0.0,0.0,0.0,1.0,0.0,0.9980854025875117,-0.0001124503921460448,0.0,0.0,0.0007343830259562978,-4.478412764138658e-07,-9.009695595243089e-13,-2.030964989398296e-10,1.15324499566638e-08,4.085474673755149e-08,1.162362707115952e-08,2.81384614127677e-07,0.00099807377805947,-3.940381027726616e-07,9.115405026659762e-11,2.40529785680632e-07,-0.001732238114175777,5.604066903800841e-07,0.0,0.0,0.0009980854025875116,-1.124503921460448e-07
3,36.86945064519569,0.0,-2.306739262647461e-05,-8.490615612353762e-05,22.95570825444486,-0.0091248327913827,0.0,0.0,0.0,0.0,1.0,0.0,0.9980853991862904,-0.0001168497092148218,0.0,0.0,0.0007343830124060258,-4.65361853564585e-07,-8.929148198796203e-13,-2.110421050570721e-10,1.153369631323731e-08,4.245307806176881e-08,1.16321452590617e-08,2.923930251422973e-07,0.0009980737661481169,-4.094537764621763e-07,9.842587829618568e-11,2.499398621743725e-07,-0.00173223809723555,5.823310845227015e-07,0.0,0.0,0.0009980853991862905,-1.168497092148218e-07
3,38.31186849557281,0.0,-2.307008419610845e-05,-8.822787945959983e-05,22.95570796781748,-0.009481817155025052,0.0,0.0,0.0,0.0,1.0,0.0,0.9980853955137365,-0.0001214211375392306,0.0,0.0,0.0007343829977752847,-4.83567875407358e-07,-8.842175122798632e-13,-2.192985619787451e-10,1.153504209805423e-08,4.411393972979991e-08,1.164134298560697e-08,3.038321101481461e-07,0.0009980737532865336,-4.254725462493555e-07,1.062778174002251e-10,2.597180821904667e-07,-0.001732238078943626,6.051132106601239e-07,0.0,0.0,0.0009980853955137365,-1.214211375392307e-07
3,39.81071705534965,0.0,-2.307299048598388e-05,-9.167955613089551e-05,22.95570765832435,-0.009852767555097447,0.0,0.0,0.0,0.0,1.0,0.0,0.9980853915482042,-0.0001261714104881694,0.0,0.0,0.0007343829819770331,-5.024861580375903e-07,-8.748263757965595e-13,-2.278780309517806e-10,1.153649524299194e-08,4.583977806544776e-08,1.165127446216605e-08,3.157187180540278e-07,0.0009980737393989155,-4.42118006573149e-07,1.147561460028174e-10,2.698788483090239e-07,-0.001732238059192759,6.287866251455227e-07,0.0,0.0,0.0009980853915482041,-1.261714104881694e-07
3,41.36820402388499,0.0,-2.307612862595398e-05,-9.526627019489407e-05,22.95570732414139,-0.01023823037337458,0.0,0.0,0.0,0.0,1.0,0.0,0.9980853872663212,-0.000131107524853008,0.0,0.0,0.0007343829649189004,-5.22144566649646e-07,-8.646860601580539e-13,-2.36793149004881e-10,1.153806431297699e-08,4.763313509744703e-08,1.166199822293889e-08,3.280703569307857e-07,0.000998073724403412,-4.594146749327987e-07,1.239108343917114e-10,2.804371265670684e-07,-0.001732238037866263,6.533861971205431e-07,0.0,0.0,0.0009980853872663213,-1.31107524853008e-07
3,42.98662347082268,0.0,-2.307951711100209e-05,-9.899330460710421e-05,22.95570696329891,-0.01063877336713183,0.0,0.0,0.0,0.0,1.0,0.0,0.99808538264285,-0.0001362367511529838,0.0,0.0,0.0007343829465000784,-5.425720565766651e-07,-8.537367995224478e-13,-2.460570475629033e-10,1.153975855550104e-08,4.94966523035521e-08,1.167357747448626e-08,3.409052197984915e-07,0.000998073708211639,-4.773880279990383e-07,1.33795839236469e-10,2.914084685016348e-07,-0.001732238014838128,6.789481598749912e-07,0.0,0.0,0.00099808538264285,-1.362367511529838e-07
3,44.66835921509622,0.0,-2.308317591337428e-05,-0.0001028661490021812,22.95570657367021,-0.01105498650537824,0.0,0.0,0.0,0.0,1.0,0.0,0.9980853776505412,-0.0001415666443437347,0.0,0.0,0.0007343829266115431,-5.637987159394986e-07,-8.419140602258722e-13,-2.556833717895646e-10,1.154158795668714e-08,5.143307450109062e-08,1.168608046106009e-08,3.542422114224078e-07,0.0009980736907281666,-4.960645391379321e-07,1.444694216017274e-10,3.028090340551681e-07,-0.001732237989972907,7.055101642131079e-07,0.0,0.0,0.0009980853776505412,-1.415666443437347e-07
3,46.41588833612769,0.0,-2.308712659671031e-05,-0.0001068905077794168,22.95570615295879,-0.01148748283780145,0.0,0.0,0.0,0.0,1.0,0.0,0.99808537225997,-0.0001471050549447317,0.0,0.0,0.0007343829051362771,-5.858558099615212e-07,-8.291481604300036e-13,-2.656863006869777e-10,1.154356329835515e-08,5.34452538897084e-08,1.169958087587017e-08,3.681009761571593e-07,0.0009980736718499463,-5.154717174025779e-07,1.559944903298519e-10,3.14655615376943e-07,-0.001732237963124494,7.331113339082329e-07,0.0,0.0,0.00099808537225997,-1.471050549447317e-07
3,48.23178482239296,0.0,-2.309139244660585e-05,-0.0001110723085045186,22.95570569868508,-0.01193689939770434,0.0,0.0,0.0,0.0,1.0,0.0,0.9980853664393654,-0.0001528601406019985,0.0,0.0,0.0007343828819483811,-6.087758270193052e-07,-8.153638594271145e-13,-2.760805679816348e-10,1.154569622330293e-08,5.553615425225931e-08,1.171415828758223e-08,3.825019268801262e-07,0.0009980736514657142,-5.356381480501063e-07,1.684389728168071e-10,3.269656615555585e-07,-0.001732237934133685,7.617923233264163e-07,0.0,0.0,0.0009980853664393655,-1.528601406019986e-07
3,50.11872336272711,0.0,-2.309599860472744e-05,-0.0001154177106400499,22.95570520817164,-0.01240389814026258,0.0,0.0,0.0,0.0,1.0,0.0,0.9980853601544216,-0.0001588403781031389,0.0,0.0,0.0007343828569101873,-6.32592526490631e-07,-8.00479914182117e-13,-2.868814838276173e-10,1.154799930236372e-08,5.770885532002494e-08,1.172989861357972e-08,3.974662750566447e-07,0.0009980736294553279,-5.565935346436111e-07,1.818762153665042e-10,3.397573043189091e-07,-0.001732237902830502,7.91595377304952e-07,0.0,0.0,0.0009980853601544216,-1.588403781031389e-07
3,52.07948328595451,0.0,-2.310097221958074e-05,-0.0001199331146173824,22.95570467852744,-0.01288916691748452,0.0,0.0,0.0,0.0,1.0,0.0,0.9980853533680956,-0.0001650545758623626,0.0,0.0,0.0007343828298747024,-6.573409884799014e-07,-7.844086004979654e-13,-2.98104957359027e-10,1.155048610979037e-08,5.996655730869118e-08,1.174689462628461e-08,4.130160619812855e-07,0.000998073605689061,-5.783687428010071e-07,1.963854154832233e-10,3.530493847394798e-07,-0.001732237869029984,8.225643933722476e-07,0.0,0.0,0.0009980853533680955,-1.650545758623626e-07
3,54.11695265464624,0.0,-2.310634260571653e-05,-0.0001246251712635168,22.95570410663081,-0.01339342049130869,0.0,0.0,0.0,0.0,1.0,0.0,0.9980853460403898,-0.0001715118868938903,0.0,0.0,0.0007343828006824982,-6.830576654840619e-07,-7.670551959822907e-13,-3.097675201248662e-10,1.155317130285827e-08,6.231258563175841e-08,1.17652464972964e-08,4.291741912412032e-07,0.0009980735800268373,-6.009958456552182e-07,2.120520886499265e-10,3.668614809842733e-07,-0.001732237832532957,8.547449864017807e-07,0.0,0.0,0.0009980853460403898,-1.715118868938903e-07
3,56.23413251903477,0.0,-2.311214141470508e-05,-0.0001295007915966493,22.95570348911104,-0.01391740158633041,0.0,0.0,0.0,0.0,1.0,0.0,0.9980853381281152,-0.0001782218222928345,0.0,0.0,0.000734382769160824,-7.097804360810993e-07,-7.483174217680094e-13,-3.218863504409232e-10,1.155607070735254e-08,6.475039579832466e-08,1.178506239159928e-08,4.459644624493415e-07,0.000998073552317406,-6.24508171092617e-07,2.289685723435302e-10,3.81213937150225e-07,-0.001732237793125035,8.8818455579588e-07,0.0,0.0,0.0009980853381281153,-1.782218222928345e-07
3,58.43414133735162,0.0,-2.311840282454014e-05,-0.0001345671570049045,22.95570282232859,-0.01446188198370719,0.0,0.0,0.0,0.0,1.0,0.0,0.9980853295846381,-0.0001851942652434048,0.0,0.0,0.0007343827351256049,-7.375486607190743e-07,-7.280848396975634e-13,-3.344792986945464e-10,1.155920141227007e-08,6.728357850245223e-08,1.180645910066337e-08,4.634116062971635e-07,0.0009980735223974523,-6.489403508392629e-07,2.472345702576656e-10,3.961278932275543e-07,-0.001732237750572407,9.229323552961471e-07,0.0,0.0,0.0009980853295846381,-1.851942652434048e-07
3,60.7202195690987,0.0,-2.312516373859097e-05,-0.0001398317298232164,22.95570210235351,-0.01502766365785308,0.0,0.0,0.0,0.0,1.0,0.0,0.9980853203596045,-0.0001924394855750531,0.0,0.0,0.0007343826983745583,-7.664032396864596e-07,-7.062382014179724e-13,-3.475649136396163e-10,1.156258186929549e-08,6.991586491160822e-08,1.182956273396752e-08,4.815413209784902e-07,0.000998073490090632,-6.743283714671828e-07,2.669577399404111e-10,4.11625316235152e-07,-0.001732237704625605,9.590395655264487e-07,0.0,0.0,0.0009980853203596046,-1.924394855750531e-07
3,63.09573444801917,0.0,-2.313246400542646e-05,-0.0001453022643239276,22.95570132494234,-0.0156155799575951,0.0,0.0,0.0,0.0,1.0,0.0,0.9980853103986428,-0.0001999681548879873,0.0,0.0,0.0007343826586916347,-7.963866733517143e-07,-6.826487455504664e-13,-3.611624697204852e-10,1.156623200271323e-08,7.265113216196383e-08,1.185450946221983e-08,5.0038031003807e-07,0.0009980734552065317,-7.007096273957781e-07,2.882543273103566e-10,4.277290325738419e-07,-0.001732237655013402,9.965593693704458e-07,0.0,0.0,0.0009980853103986429,-1.999681548879873e-07
3,65.56418494179772,0.0,-2.314034665107378e-05,-0.0001509868181372803,22.95570048551315,-0.01622649683353045,0.0,0.0,0.0,0.0,1.0,0.0,0.9980852996430447,-0.0002077913622703162,0.0,0.0,0.0007343826158434652,-8.27543124756443e-07,-6.571774387924375e-13,-3.752919954651533e-10,1.157017332553689e-08,7.549340906864016e-08,1.188144631731091e-08,5.199563217005885e-07,0.0009980734175395502,-7.281229759663698e-07,3.112498517906333e-10,4.444627616451303e-07,-0.001732237601443254,1.035547030301407e-06,0.0,0.0,0.0009980852996430447,-2.077913622703162e-07
3,68.12920690579594,0.0,-2.314885813592404e-05,-0.0001568937641186096,22.9556995791184,-0.01686131411339054,0.0,0.0,0.0,0.0,1.0,0.0,0.9980852880294176,-0.0002159206306299554,0.0,0.0,0.000734382569576697,-8.599184846587449e-07,-6.296741564790358e-13,-3.899743029895689e-10,1.157442906796202e-08,7.844688205930482e-08,1.191053206288323e-08,5.402981897379904e-07,0.0009980733768676809,-7.566087946709353e-07,3.360798460988534e-10,4.618511507849218e-07,-0.001732237543599413,1.076059973772613e-06,0.0,0.0,0.0009980852880294177,-2.159206306299554e-07
3,70.7945784384136,0.0,-2.31580486254046e-05,-0.0001630318026797057,22.95569860041594,-0.01752096682728914,0.0,0.0,0.0,0.0,1.0,0.0,0.9980852754893129,-0.0002243679336653334,0.0,0.0,0.0007343825196191034,-8.935604391205332e-07,-5.999767977749124e-13,-4.052310186565365e-10,1.15790243127023e-08,8.151590133985287e-08,1.194193812524073e-08,5.614358759352739e-07,0.0009980733329512104,-7.86209040619264e-07,3.628906550530209e-10,4.799198115636184e-07,-0.001732237481141485,1.118157871792609e-06,0.0,0.0,0.000998085275489313,-2.243679336653335e-07
3,73.56422544596393,0.0,-2.316797228640866e-05,-0.0001694099746024845,22.95569754363745,-0.0182064265848045,0.0,0.0,0.0,0.0,1.0,0.0,0.9980852619488203,-0.0002331457134998654,0.0,0.0,0.0007343824656762532,-9.28518539738141e-07,-5.679103302814133e-13,-4.210846149344629e-10,1.158398614320433e-08,8.470498730124223e-08,1.197584960880325e-08,5.834005142172291e-07,0.0009980732855313012,-8.169673123320291e-07,3.918402981012666e-10,4.986953575060123e-07,-0.001732237413700544,1.161902730808032e-06,0.0,0.0,0.0009980852619488204,-2.331457134998654e-07
3,76.44222742525982,0.0,-2.317868760792763e-05,-0.0001760376743538292,22.95569640255437,-0.01891870300592201,0.0,0.0,0.0,0.0,1.0,0.0,0.998085247328134,-0.0002422668990061493,0.0,0.0,0.0007343824074301786,-9.648442766189936e-07,-5.332857584284964e-13,-4.375584435029154e-10,1.158934380396381e-08,8.80188371769146e-08,1.201246638325632e-08,6.062244565010686e-07,0.000998073234328465,-8.48928913950721e-07,4.230994006588203e-10,5.182054432864798e-07,-0.001732237340879794,1.207358983024544e-06,0.0,0.0,0.000998085247328134,-2.422668990061493e-07
3,79.43282347242791,0.0,-2.319025774477623e-05,-0.0001829246639211872,22.95569517044132,-0.01965884520794273,0.0,0.0,0.0,0.0,1.0,0.0,0.9980852315410816,-0.0002517449248468428,0.0,0.0,0.0007343823445373765,-1.002591154213202e-06,-4.958990095715205e-13,-4.546767696538367e-10,1.159512887238812e-08,9.14623319605936e-08,1.205200426277357e-08,6.299413203424072e-07,0.0009980731790409196,-8.821409219589039e-07,4.568521997411246e-10,5.384788054571501e-07,-0.001732237262249581,1.254593581298058e-06,0.0,0.0,0.0009980852315410816,-2.517449248468428e-07
3,82.5404185268016,0.0,-2.320275089040535e-05,-0.0001900810871892804,22.95569384003642,-0.02042794335054541,0.0,0.0,0.0,0.0,1.0,0.0,0.9980852144946167,-0.0002615937512602342,0.0,0.0,0.0007343822766268104,-1.04181477011175e-06,-4.555297312280615e-13,-4.724648080391507e-10,1.160137544520268e-08,9.50405435946402e-08,1.209469627781462e-08,6.545860384446892e-07,0.0009980731193428092,-9.166522545129624e-07,4.932976298198395e-10,5.595453047689617e-07,-0.00173223717734694,1.303676097738475e-06,0.0,0.0,0.0009980852144946168,-2.615937512602341e-07
3,85.76958985908915,0.0,-2.321624067658234e-05,-0.000197517484879081,22.95569240349843,-0.02122713024127472,0.0,0.0,0.0,0.0,1.0,0.0,0.9980851960882695,-0.0002718278846196125,0.0,0.0,0.0007343822032996883,-1.082572896925552e-06,-4.119399923662362e-13,-4.909487598175064e-10,1.160812033829117e-08,9.875874243954048e-08,1.214079404981043e-08,6.801949101048929e-07,0.00099807305488228,-9.525137434843229e-07,5.32650495301258e-10,5.814359701478673e-07,-0.001732237085671051,1.354678826168522e-06,0.0,0.0,0.0009980851960882694,-2.718278846196125e-07
3,89.12509381337428,0.0,-2.323080661104093e-05,-0.0002052448100710167,22.95569085236056,-0.02205758300381756,0.0,0.0,0.0,0.0,1.0,0.0,0.9980851762135553,-0.0002824623987966823,0.0,0.0,0.0007343821241221349,-1.124925567364638e-06,-3.648728810905906e-13,-5.101558512549746e-10,1.161540330552047e-08,1.026224050355084e-07,1.219056927315421e-08,7.068056546711932e-07,0.0009980729852794095,-9.897782093191305e-07,5.751427365371331e-10,6.041830443908749e-07,-0.001732236986681679,1.407676888591004e-06,0.0,0.0,0.0009980851762135554,-2.824623987966824e-07
3,92.61187281287906,0.0,-2.324653454288672e-05,-0.0002132744443352506,22.95568917748067,-0.02292052481152115,0.0,0.0,0.0,0.0,1.0,0.0,0.9980851547533359,-0.0002935129573604426,0.0,0.0,0.0007343820386287447,-1.168935162650618e-06,-3.140509904610442e-13,-5.301143738366538e-10,1.162326727144336e-08,1.066372221676253e-07,1.224431531455288e-08,7.344574670912073e-07,0.0009980729101239697,-1.028500538825487e-06,6.210247968291109e-10,6.278200316491378e-07,-0.001732236879795068,1.46274834581829e-06,0.0,0.0,0.000998085154753336,-2.935129573604426e-07
3,96.23506263980856,0.0,-2.326351717085728e-05,-0.000221618214492745,22.95568736898724,-0.02381722668870169,0.0,0.0,0.0,0.0,1.0,0.0,0.9980851315811272,-0.0003049958366441698,0.0,0.0,0.0007343819463145884,-1.214666504377329e-06,-2.591747835212033e-13,-5.508537259483982e-10,1.163175858542864e-08,1.108091072463725e-07,1.230234894722288e-08,7.631910756324963e-07,0.000998072828973005,-1.068737766002615e-06,6.705670984830996e-10,6.523817467679095e-07,-0.001732236764382056,1.51997431242952e-06,0.0,0.0,0.0009980851315811272,-3.049958366441698e-07
3,99.99999999999969,0.0,-2.328185458688736e-05,-0.0002302884100317559,22.95568541622126,-0.02474900938239289,0.0,0.0,0.0,0.0,1.0,0.0,0.998085106560356,-0.0003169279497144325,0.0,0.0,0.0007343818466361007,-1.262186949974519e-06,-1.999208279004798e-13,-5.72404456190191e-10,1.164092729344368e-08,1.151442050158779e-07,1.236501221188085e-08,7.930488018602163e-07,0.0009980727413482228,-1.110549156030839e-06,7.240616366125623e-10,6.779043665559283e-07,-0.001732236639761853,1.57943907622127e-06,0.0,0.0,0.000998085106560356,-3.169279497144325e-07
3,103.9122303835166,0.0,-2.330165487074431e-05,-0.0002392978012053761,22.95568330767343,-0.02571724530728607,0.0,0.0,0.0,0.0,1.0,0.0,0.9980850795435533,-0.0003293268712773721,0.0,0.0,0.0007343817390059737,-1.311566491894126e-06,-1.359398895859211e-13,-5.947983083851254e-10,1.165082743537216e-08,1.196489006026881e-07,1.243267443703409e-08,8.240746229600927e-07,0.0009980726467331761,-1.15399629254585e-06,7.818237000835783e-10,7.044254830596032e-07,-0.001732236505200047,1.641230222331142e-06,0.0,0.0,0.0009980850795435533,-3.293268712773721e-07
3,107.9775162327706,0.0,-2.332303472107888e-05,-0.0002486596578367094,22.95568103091629,-0.02672336056672067,0.0,0.0,0.0,0.0,1.0,0.0,0.9980850503714864,-0.0003422108635588616,0.0,0.0,0.0007343816227896038,-1.362877860682779e-06,-6.68548746297454e-14,-6.180682683504433e-10,1.166151736053944e-08,1.243298289183547e-07,1.250573441308286e-08,8.563142364983247e-07,0.0009980725445702184,-1.199143168325536e-06,8.441937297437279e-10,7.31984158920312e-07,-0.001732236359903494,1.705438762214127e-06,0.0,0.0,0.0009980850503714864,-3.422108635588616e-07
3,112.201845430196,0.0,-2.334612014776027e-05,-0.000258387768859335,22.95567857253098,-0.02776883705269599,0.0,0.0,0.0,0.0,1.0,0.0,0.9980850188722196,-0.0003555989031965839,0.0,0.0,0.0007343814973022056,-1.416196632079937e-06,7.74139333747156e-15,-6.422486124997449e-10,1.167306007388014e-08,1.291938844296675e-07,1.258462274459872e-08,8.898151277136164e-07,0.0009980724342572161,-1.2460562795227e-06,9.11539324885858e-10,7.606209848961799e-07,-0.001732236203015991,1.772159267660403e-06,0.0,0.0,0.0009980850188722197,-3.555989031965839e-07
3,116.5914401179828,0.0,-2.337104721239491e-05,-0.0002684964626217641,22.95567591802817,-0.0288552146279898,0.0,0.0,0.0,0.0,1.0,0.0,0.9980849848601011,-0.0003695107091835445,0.0,0.0,0.0007343813618039263,-1.471601338306041e-06,8.828857288556038e-14,-6.673749583481343e-10,1.168552360619746e-08,1.34248231310882e-07,1.266980438669939e-08,9.246266394402095e-07,0.0009980723151440034,-1.294804723582102e-06,9.842574097712297e-10,7.903781396328646e-07,-0.001732236033612944,1.841490010055357e-06,0.0,0.0,0.0009980849848601012,-3.695107091835445e-07
3,121.1527658628584,0.0,-2.339796283123974e-05,-0.0002790006279857208,22.95567305176266,-0.02998409339359004,0.0,0.0,0.0,0.0,1.0,0.0,0.998084948134669,-0.0003839667719040759,0.0,0.0,0.0007343812154960716,-1.529173583697226e-06,1.752613959977399e-13,-6.934843169949803e-10,1.169898141561987e-08,1.395003139928604e-07,1.276178138662254e-08,9.608000447646545e-07,0.0009980721865285448,-1.345460300985726e-06,1.062776572979741e-09,8.21299451771166e-07,-0.001732235850695485,1.913533105083604e-06,0.0,0.0,0.000998084948134669,-3.83966771904076e-07
3,125.8925411794163,0.0,-2.342702564095411e-05,-0.0002899157362492498,22.9556699568411,-0.03115713604477056,0.0,0.0,0.0,0.0,1.0,0.0,0.99808490847947,-0.0003989883833049882,0.0,0.0,0.0007343810575168863,-1.588998164868969e-06,2.691724659881208e-13,-7.2061514766183e-10,1.171351282047706e-08,1.449578681246249e-07,1.286109584050351e-08,9.983886225230577e-07,0.0009980720476528012,-1.398097620975708e-06,1.147559593373247e-09,8.534304644826967e-07,-0.001732235653185921,1.988394663088745e-06,0.0,0.0,0.00099808490847947,-3.989883833049882e-07
3,130.8177474260189,0.0,-2.34584069318533e-05,-0.0003012578639268322,22.95566661502263,-0.03237607031927089,0.0,0.0,0.0,0.0,1.0,0.0,0.9980848656607828,-0.0004145976682461745,0.0,0.0,0.0007343808869348933,-1.651163195566518e-06,3.705752786119585e-13,-7.48807414366143e-10,1.172920346592665e-08,1.506289319634161e-07,1.296833309151421e-08,1.037447735749674e-06,0.0009980718976982659,-1.452794211410214e-06,1.239106167557597e-09,8.868185025283936e-07,-0.001732235439920182,2.066184945312107e-06,0.0,0.0,0.0009980848656607829,-4.145976682461745e-07
3,135.9356390878521,0.0,-2.349229166020983e-05,-0.000313043716419968,22.95566300661116,-0.03364269154117458,0.0,0.0,0.0,0.0,1.0,0.0,0.9980848194262417,-0.0004308176170767006,0.0,0.0,0.0007343807027448968,-1.715760236406169e-06,4.800674841719628e-13,-7.781026448146454e-10,1.174614583010492e-08,1.56521858209984e-07,1.308412517710595e-08,1.078034913192024e-06,0.0009980717357811323,-1.50963063291354e-06,1.337955854916223e-09,9.21512741938324e-07,-0.001732235209640942,2.147018526239006e-06,0.0,0.0,0.0009980848194262417,-4.308176170767006e-07
3,141.2537544622749,0.0,-2.352887953627203e-05,-0.0003252906526129654,22.9556591103393,-0.03495886526422075,0.0,0.0,0.0,0.0,1.0,0.0,0.9980847695033488,-0.0004476721194842046,0.0,0.0,0.0007343805038606543,-1.782884429678668e-06,5.982944098439529e-13,-8.085439916034537e-10,1.176443976813602e-08,1.626453263064827e-07,1.320915455461864e-08,1.120209934012216e-06,0.0009980715609470888,-1.568690597488025e-06,1.444691257570109e-09,9.575642824150815e-07,-0.001732234960991397,2.231014462290848e-06,0.0,0.0,0.0009980847695033488,-4.476721194842046e-07
3,146.7799267622064,0.0,-2.356838620309887e-05,-0.0003380167104300321,22.9556549032432,-0.03632653001842786,0.0,0.0,0.0,0.0,1.0,0.0,0.9980847155978678,-0.0004651859996672772,0.0,0.0,0.0007343802891106588,-1.852634639429654e-06,7.259528629782646e-13,-8.401762958155305e-10,1.178419310154943e-08,1.690083552150161e-07,1.334415812380131e-08,1.164034915798752e-06,0.0009980713721656966,-1.630061091761844e-06,1.559941454003055e-09,9.950262225670255e-07,-0.001732234692506052,2.318296467108093e-06,0.0,0.0,0.0009980847155978678,-4.651859996672772e-07
3,152.5222956539013,0.0,-2.361104450399054e-05,-0.0003512406333911636,22.95565036052704,-0.03774770016405896,0.0,0.0,0.0,0.0,1.0,0.0,0.9980846573920905,-0.0004833850528824228,0.0,0.0,0.0007343800572294779,-1.925113597006861e-06,8.637952377887675e-13,-8.730461531096462e-10,1.180552225199527e-08,1.756203166955818e-07,1.348993156915274e-08,1.209574406017946e-06,0.000998071168324316,-1.693832505053479e-06,1.684385706585684e-09,1.033953738081731e-06,-0.001732234402601951,2.408993093686897e-06,0.0,0.0,0.0009980846573920906,-4.833850528824228e-07
3,158.4893192461107,0.0,-2.365710585872094e-05,-0.0003649818982057698,22.95564545541698,-0.0392244688571144,0.0,0.0,0.0,0.0,1.0,0.0,0.9980845945429633,-0.0005022960834192055,0.0,0.0,0.0007343798068497609,-2.000428052299384e-06,1.012633949628722e-12,-9.072019823987334e-10,1.182855292936047e-08,1.824909491028849e-07,1.364733405114145e-08,1.256895477039087e-06,0.000998070948221546,-1.76009876244069e-06,1.818757464845314e-09,1.074404162954304e-06,-0.001732234089571238,2.503237923633106e-06,0.0,0.0,0.0009980845945429632,-5.022960834192055e-07
3,164.6897865482862,0.0,-2.370684174390902e-05,-0.0003792607434445023,22.95564015900328,-0.04075901113070005,0.0,0.0,0.0,0.0,1.0,0.0,0.9980845266800668,-0.0005219469440592556,0.0,0.0,0.0007343795364960215,-2.078688930888441e-06,1.173346222982664e-12,-9.426940972193925e-10,1.185342087195451e-08,1.896303717222511e-07,1.381729326645086e-08,1.306067824872652e-06,0.000998070710560146,-1.828957463029127e-06,1.963848688071162e-09,1.116437073889657e-06,-0.001732233751568391,2.601169763805089e-06,0.0,0.0,0.0009980845266800667,-5.219469440592556e-07
3,171.1328304161774,0.0,-2.376054529196203e-05,-0.0003940981993312928,22.95563444007005,-0.0423535870967864,0.0,0.0,0.0,0.0,1.0,0.0,0.9980844534034312,-0.0005423665770769648,0.0,0.0,0.0007343792445748676,-2.160011497331481e-06,1.346879261387207e-12,-9.795747798983934e-10,1.188027264598102e-08,1.970490996656464e-07,1.400081091916158e-08,1.357163871766293e-06,0.0009980704539393917,-1.900510023623156e-06,2.120514512725531e-09,1.160114378002447e-06,-0.001732233386601556,2.702932850650718e-06,0.0,0.0,0.0009980844534034313,-5.423665770769649e-07
3,177.8279410038916,0.0,-2.381853301924863e-05,-0.0004095161186992509,22.95562826491115,-0.04401054527304978,0.0,0.0,0.0,0.0,1.0,0.0,0.998084374281181,-0.0005635850568419402,0.0,0.0,0.0007343789293658975,-2.244515524831795e-06,1.53425582974363e-12,-1.017898358626134e-09,1.190926650962432e-08,2.047580593496254e-07,1.419896862013683e-08,1.410258872808881e-06,0.0009980701768468167,-1.974861828009447e-06,2.289678292162895e-09,1.205500403943137e-06,-0.001732232992519567,2.808677062515622e-06,0.0,0.0,0.0009980843742811811,-5.635850568419403e-07
3,184.7849797422283,0.0,-2.388114669238384e-05,-0.0004255372091557492,22.95562159713164,-0.04573232603966713,0.0,0.0,0.0,0.0,1.0,0.0,0.9980842888469876,-0.0005856336340855985,0.0,0.0,0.0007343785890114862,-2.332325471534561e-06,1.736580281914261e-12,-1.057721287551504e-09,1.194057334619192e-08,2.127686045778746e-07,1.441293426575652e-08,1.465431026698737e-06,0.0009980698776493023,-2.052122382071888e-06,2.47233703835188e-09,1.252661996583654e-06,-0.001732232566999836,2.918558140251873e-06,0.0,0.0,0.0009980842888469876,-5.856336340855985e-07
3,192.0141938638794,0.0,-2.39487553403972e-05,-0.0004421850665037723,22.95561439743325,-0.04752146523112393,0.0,0.0,0.0,0.0,1.0,0.0,0.9980841965973231,-0.0006085447818966964,0.0,0.0,0.0007343782215045724,-2.423570663700851e-06,1.95504506911766e-12,-1.09910223001705e-09,1.19743776701986e-08,2.210925332518862e-07,1.46439689165973e-08,1.522761590838161e-06,0.0009980695545834513,-2.132405474964874e-06,2.669567297663125e-09,1.301668615401208e-06,-0.001732232107534815,3.032737916441744e-06,0.0,0.0,0.000998084196597323,-6.085447818966964e-07
3,199.5262314968871,0.0,-2.402175743343449e-05,-0.0004594842094684187,22.95560662338278,-0.04938059786828991,0.0,0.0,0.0,0.0,1.0,0.0,0.9980840969884907,-0.0006323522435130796,0.0,0.0,0.0007343778246811095,-2.51838548604973e-06,2.190937767469419e-12,-1.142102145058164e-09,1.201087871671724e-08,2.297421047342093e-07,1.489343423358221e-08,1.582335000922627e-06,0.0009980692057451948,-2.215829346580765e-06,2.882531495342619e-09,1.352592436704208e-06,-0.001732231611415669,3.151384553570042e-06,0.0,0.0,0.0009980840969884906,-6.323522435130796e-07
3,207.3321573485946,0.0,-2.410058322421804e-05,-0.0004774601157793327,22.95559822916202,-0.05131246203621983,0.0,0.0,0.0,0.0,1.0,0.0,0.9980839894334225,-0.0006570910819795417,0.0,0.0,0.0007343773962003031,-2.616909579517164e-06,2.445648666073223e-12,-1.186784377294905e-09,1.205029161210902e-08,2.387300578896664e-07,1.516280049891175e-08,1.64423899519954e-06,0.0009980688290785725,-2.302516861556377e-06,3.112484786050701e-09,1.405508459849758e-06,-0.001732231075719404,3.274672791501489e-06,0.0,0.0,0.0009980839894334224,-6.570910819795417e-07
3,215.4434690031875,0.0,-2.418569729156772e-05,-0.0004961392596617757,22.95558916529776,-0.05331990291334533,0.0,0.0,0.0,0.0,1.0,0.0,0.9980838732982189,-0.0006827977317443411,0.0,0.0,0.0007343769335388384,-2.719288046748331e-06,2.720678960367905e-12,-1.233214750350247e-09,1.209284864578386e-08,2.480696298308879e-07,1.545365528228158e-08,1.708564743578082e-06,0.0009980684223636154,-2.392595690072772e-06,3.360782450827186e-09,1.460494617607934e-06,-0.001732230497287879,3.402784204614012e-06,0.0,0.0,0.000998083873298219,-6.827977317443411e-07
3,223.872113856833,0.0,-2.427760127265977e-05,-0.0005155491507911115,22.95557937837023,-0.05540587695794241,0.0,0.0,0.0,0.0,1.0,0.0,0.9980837478984126,-0.0007095100522697386,0.0,0.0,0.0007343764339677872,-2.825671665598276e-06,3.017649599000912e-12,-1.28146166393388e-09,1.213880063632988e-08,2.577745753955557e-07,1.576771279784289e-08,1.775406981778721e-06,0.0009980679832032645,-2.486198495712394e-06,3.628887884061199e-09,1.517631890834015e-06,-0.00173222987271282,3.535907468975655e-06,0.0,0.0,0.0009980837478984126,-7.095100522697386e-07
3,232.6305067153616,0.0,-2.437683682154912e-05,-0.0005357183747675102,22.95556881069824,-0.05757345625798362,0.0,0.0,0.0,0.0,1.0,0.0,0.9980836124949352,-0.0007372673837347844,0.0,0.0,0.0007343758945443923,-2.93621711098006e-06,3.338310836346785e-12,-1.331596194736293e-09,1.218841841077456e-08,2.678591873837551e-07,1.610682400518206e-08,1.844864150718153e-06,0.0009980675090092413,-2.583463130647674e-06,3.918381217518544e-09,1.577004427616024e-06,-0.001732229198312396,3.674238639938925e-06,0.0,0.0,0.0009980836124949353,-7.372673837347844e-07
3,241.7315480804093,0.0,-2.448398880083857e-05,-0.0005566766351699237,22.95555739999932,-0.05982583305071886,0.0,0.0,0.0,0.0,1.0,0.0,0.9980834662897622,-0.0007661106049115873,0.0,0.0,0.0007343753120889751,-3.05108718535313e-06,3.684552546944442e-12,-1.383692201283682e-09,1.224199440041929e-08,2.783383175849618e-07,1.647298751638106e-08,1.917038541332914e-06,0.0009980669969867982,-2.684532838445785e-06,4.230968632230733e-09,1.638699667071317e-06,-0.00173222847011234,3.817981440577389e-06,0.0,0.0,0.0009980834662897623,-7.661106049115872e-07
3,251.1886431509569,0.0,-2.459968872825513e-05,-0.0005784547972505785,22.95554507902267,-0.06216632441856968,0.0,0.0,0.0,0.0,1.0,0.0,0.9980833084212094,-0.0007960821932993956,0.0,0.0,0.0007343746831685039,-3.170451058214906e-06,4.058415362613078e-12,-1.437826432910318e-09,1.229984436412757e-08,2.892273986252893e-07,1.686836137643214e-08,1.992036445052708e-06,0.000998066444118248,-2.789556464785013e-06,4.568492413099758e-09,1.70280846797262e-06,-0.001732227683820975,3.967347561369561e-06,0.0,0.0,0.0009980833084212094,-7.960821932993956e-07
3,261.0157215682525,0.0,-2.472461849789553e-05,-0.0006010849333336175,22.9555317751528,-0.0645983771681741,0.0,0.0,0.0,0.0,1.0,0.0,0.9980831379588554,-0.0008272262876040397,0.0,0.0,0.0007343740040768321,-3.294484514930821e-06,4.462102697849917e-12,-1.494078643011302e-09,1.236230924894777e-08,3.005424666668088e-07,1.729527577901e-08,2.069968310142497e-06,0.0009980658471451793,-2.898688676389548e-06,4.932941805445355e-09,1.769425242390756e-06,-0.001732226834803785,4.122556971568325e-06,0.0,0.0,0.0009980831379588554,-8.272262876040397e-07
3,271.2272579332016,0.0,-2.485951439923362e-05,-0.0006246003699838791,22.95551740998171,-0.06712557289967817,0.0,0.0,0.0,0.0,1.0,0.0,0.9980829538980595,-0.0008595887526536064,0.0,0.0,0.0007343732708109396,-3.423370215264489e-06,4.897993734342213e-12,-1.552531706745262e-09,1.242975719961681e-08,3.123001849919396e-07,1.775624679628631e-08,2.150948904140765e-06,0.0009980652025492567,-3.012090188501117e-06,5.326464737442491e-09,1.838648094548456e-06,-0.00173222591805744,4.283838242713847e-06,0.0,0.0,0.0009980829538980595,-8.595887526536065e-07
3,281.8382931264441,0.0,-2.500517145520575e-05,-0.0006490357370143742,22.95550189884676,-0.06975163327363935,0.0,0.0,0.0,0.0,1.0,0.0,0.9980827551540397,-0.0008932172468446577,0.0,0.0,0.0007343724790502826,-3.557297961979695e-06,5.368657441071426e-12,-1.613271743363466e-09,1.250258572760288e-08,3.245178685071871e-07,1.825399121011835e-08,2.235097482629919e-06,0.0009980645065314872,-3.12992800121794e-06,5.751380477493539e-09,1.910578965086995e-06,-0.001732224928178927,4.451428884765744e-06,0.0,0.0,0.0009980827551540397,-8.932172468446577e-07
3,292.8644564625223,0.0,-2.516244810757406e-05,-0.0006744270184035671,22.9554851503318,-0.07248042548318766,0.0,0.0,0.0,0.0,1.0,0.0,0.9980825405554822,-0.0009281612922169123,0.0,0.0,0.0007343716241277054,-3.696464979931809e-06,5.876867712582989e-12,-1.676388243348917e-09,1.258122405378703e-08,3.372135092017835e-07,1.879144251713544e-08,2.322537964583864e-06,0.0009980637549898324,-3.252375645044125e-06,6.210193301082608e-09,1.985323780955061e-06,-0.001732223859333804,4.625575695313324e-06,0.0,0.0,0.0009980825405554823,-9.281612922169123e-07
3,304.3219887107707,0.0,-2.533227127510251e-05,-0.0007008116051962554,22.95546706572852,-0.07531596793937598,0.0,0.0,0.0,0.0,1.0,0.0,0.9980823088376382,-0.0009644723472579429,0.0,0.0,0.000734370701005016,-3.841076205999931e-06,6.425619714574976e-12,-1.741974200556607e-09,1.266613563755126e-08,3.504058025981277e-07,1.937176821732605e-08,2.413399114546867e-06,0.00099806294349504,-3.379613436005365e-06,6.705607247600031e-09,2.062992611137133e-06,-0.001732222705223219,4.806535122421195e-06,0.0,0.0,0.0009980823088376382,-9.64472347257943e-07
3,316.2277660168364,0.0,-2.551564181563215e-05,-0.000728228350464649,22.9554475384548,-0.07826243617795198,0.0,0.0,0.0,0.0,1.0,0.0,0.9980820586348718,-0.001002203882543323,0.0,0.0,0.0007343697042414554,-3.991344590342869e-06,7.018147533063818e-12,-1.810126249553913e-09,1.275782090781608e-08,3.641141752323245e-07,1.999838847701708e-08,2.507814731907517e-06,0.000998062067264542,-3.511828740700393e-06,7.24054205403903e-09,2.143699828446841e-06,-0.001732221459045391,4.994573641575566e-06,0.0,0.0,0.0009980820586348719,-1.002203882543323e-06
3,328.5993247600638,0.0,-2.571364042425195e-05,-0.0007567176264090703,22.95542645342656,-0.08132416899609063,0.0,0.0,0.0,0.0,1.0,0.0,0.9980817884726121,-0.001041411459321563,0.0,0.0,0.0007343686279628336,-4.14749140936364e-06,7.657943231054264e-12,-1.880944808368258e-09,1.285682021212597e-08,3.783588132045352e-07,2.067499628497577e-08,2.60592384754139e-06,0.0009980611211342703,-3.649216251671321e-06,7.818150359390537e-09,2.227564277619229e-06,-0.001732220113455973,5.189968147326258e-06,0.0,0.0,0.0009980817884726121,-1.041411459321563e-06
3,341.4548873833585,0.0,-2.592743399931763e-05,-0.0007863213836807387,22.95540368637986,-0.08450567482794907,0.0,0.0,0.0,0.0,1.0,0.0,0.9980814967586664,-0.001082152811157313,0.0,0.0,0.0007343674658262245,-4.309746590855194e-06,8.348777424921495e-12,-1.954534226857757e-09,1.296371699965881e-08,3.931606918403694e-07,2.140557920786647e-08,2.707870928106364e-06,0.000998060099528236,-3.791978273490534e-06,8.44183628103769e-09,2.314709449944611e-06,-0.001732218660524421,5.393006360164803e-06,0.0,0.0,0.0009980814967586664,-1.082152811157313e-06
3,354.8133892335737,0.0,-2.615828251961716e-05,-0.000817083213012063,22.95537910313853,-0.0878116383682297,0.0,0.0,0.0,0.0,1.0,0.0,0.9980811817738369,-0.001124487928750468,0.0,0.0,0.00073436621098244,-4.478349051800952e-06,9.09472150165101e-12,-2.031002940929569e-09,1.307914125980858e-08,4.085416065060315e-07,2.219444289045475e-08,2.813806088284931e-06,0.0009980589964256677,-3.940325019976328e-06,9.115275472520955e-09,2.405263664695686e-06,-0.00173221709168847,5.603987249224937e-06,0.0,0.0,0.000998081181773837,-1.124487928750468e-06
3,368.6945064519557,0.0,-2.640754646821009e-05,-0.0008490484092431539,22.95535255882371,-0.09124692745328447,0.0,0.0,0.0,0.0,1.0,0.0,0.9980808416617917,-0.001168479148053245,0.0,0.0,0.0007343648560367289,-4.653547049312395e-06,9.90017160773264e-12,-2.110463632839919e-09,1.320377323410504e-08,4.24524204621577e-07,2.304623642236794e-08,2.92388531127897e-06,0.0009980578053255414,-4.094474922965055e-06,9.842436780757144e-09,2.499360257608982e-06,-0.001732215397701853,5.823221471423952e-06,0.0,0.0,0.0009980808416617916,-1.168479148053245e-06
3,383.1186849557268,0.0,-2.667669484823776e-05,-0.0008822640378364467,22.95532389700011,-0.09481660020963982,0.0,0.0,0.0,0.0,1.0,0.0,0.9980804744181276,-0.001214191241811747,0.0,0.0,0.0007343633930028126,-4.835598545185546e-06,1.076987455092119e-11,-2.193033397819643e-09,1.333834742411888e-08,4.411320189182234e-07,2.396597973072478e-08,3.038270677873527e-06,0.0009980565192082718,-4.254654953083094e-06,1.062760563019965e-08,2.597137776691266e-06,-0.001732213568581664,6.05103182767415e-06,0.0,0.0,0.0009980804744181278,-1.214191241811747e-06
3,398.1071705534952,0.0,-2.69673138355575e-05,-0.0009167790039747438,22.95529294875447,-0.09852591248018906,0.0,0.0,0.0,0.0,1.0,0.0,0.9980800778785606,-0.001261691514663222,0.0,0.0,0.0007343618132595875,-5.024771584647043e-06,1.170895576732207e-11,-2.278833917279336e-09,1.348365691777875e-08,4.583895019873719e-07,2.495909315657947e-08,3.157130604397947e-06,0.0009980551304943593,-4.421100952978447e-06,1.147540927158e-08,2.69874018563157e-06,-0.001732211593548305,6.287753736797155e-06,0.0,0.0,0.0009980800778785605,-1.261691514663222e-06
3,413.6820402388486,0.0,-2.728111612859685e-05,-0.00095264412434145,22.95525953170034,-0.102380325538669,0.0,0.0,0.0,0.0,1.0,0.0,0.9980796497061742,-0.001311049901924978,0.0,0.0,0.0007343601074965012,-5.22134468977295e-06,1.272294951839857e-11,-2.367991638858951e-09,1.364055806429843e-08,4.76322062170725e-07,2.603142938919536e-08,3.280640089924527e-06,0.0009980536309997347,-4.594057983488364e-06,1.239084404382943e-08,2.804317075109677e-06,-0.001732209460962419,6.533735727867057e-06,0.0,0.0,0.0009980796497061743,-1.311049901924978e-06
3,429.8662347082254,0.0,-2.761995103517378e-05,-0.0009899122016853766,22.95522344890347,-0.106385514103426,0.0,0.0,0.0,0.0,1.0,0.0,0.9980791873776527,-0.001362339072215878,0.0,0.0,0.0007343582656613723,-5.42560726819654e-06,1.381783149560152e-11,-2.460637963597897e-09,1.380997551758689e-08,4.949561008426883e-07,2.718930794673783e-08,3.408980973057346e-06,0.000998052011887537,-4.773780683236822e-06,1.337930480960931e-08,2.914023882302456e-06,-0.00173220715825595,6.789339951617304e-06,0.0,0.0,0.0009980791873776527,-1.362339072215878e-06
3,446.6835921509607,0.0,-2.7985815365561e-05,-0.00102863810227614,22.95518448772179,-0.110547374661875,0.0,0.0,0.0,0.0,1.0,0.0,0.9980786881684146,-0.001415634534056433,0.0,0.0,0.0007343562769004386,-5.637860037647179e-06,1.500005402446598e-11,-2.556909440513585e-09,1.39929076827805e-08,5.143190511380701e-07,2.84395524060277e-08,3.542342198676622e-06,0.0009980502636160627,-4.960533642173569e-06,1.444661673764925e-08,3.028022118900451e-06,-0.001732204671858528,7.054942711704967e-06,0.0,0.0,0.0009980786881684147,-1.415634534056433e-06
3,464.1588833612755,0.0,-2.838086520129401e-05,-0.001068878836360025,22.95514241855261,-0.1148720341174587,0.0,0.0,0.0,0.0,1.0,0.0,0.9980781491365632,-0.001471014746598705,0.0,0.0,0.0007343541294932976,-5.85841546693177e-06,1.627658407528672e-11,-2.656947968888752e-09,1.419043260064701e-08,5.344394181800124e-07,2.978953059990435e-08,3.680920095016952e-06,0.0009980483758825474,-5.154591789584545e-06,1.55990696188742e-08,3.146479607958102e-06,-0.001732201987117765,7.330935016537123e-06,0.0,0.0,0.0009980781491365632,-1.471014746598705e-06
3,482.317848223928,0.0,-2.880742859190377e-05,-0.001110693641730094,22.95509699348007,-0.1193658587713399,0.0,0.0,0.0,0.0,1.0,0.0,0.9980775671055553,-0.001528561234642647,0.0,0.0,0.0007343518107849611,-6.087598234005842e-06,1.765494430396402e-11,-2.760901008580846e-09,1.440371429595189e-08,5.553468208650469e-07,3.124719802136399e-08,3.824918661471377e-06,0.000998046337562478,-5.356240797122604e-06,1.684345491818035e-08,3.269570729912687e-06,-0.001732199088212316,7.617723152474228e-06,0.0,0.0,0.0009980775671055552,-1.528561234642647e-06
3,501.1872336272695,0.0,-2.92680192683914e-05,-0.001154144070528223,22.95504794481495,-0.1240354636514875,0.0,0.0,0.0,0.0,1.0,0.0,0.9980769386454912,-0.001588358708101021,0.0,0.0,0.0007343493071114704,-6.32574570173447e-06,1.914325736439721e-11,-2.868921798680544e-09,1.46340096341957e-08,5.770720352641115e-07,3.282114468162559e-08,3.974549867526957e-06,0.0009980441366440665,-5.565777497426658e-06,1.818710577977721e-08,3.397476678118776e-06,-0.00173219595805929,7.915729279192422e-06,0.0,0.0,0.0009980769386454913,-1.588358708101021e-06
3,520.7948328595435,0.0,-2.976535145138293e-05,-0.001199294079401025,22.95499498351773,-0.1288877222022599,0.0,0.0,0.0,0.0,1.0,0.0,0.9980762600529101,-0.001650495186080684,0.0,0.0,0.0007343466037186275,-6.573208412073359e-06,2.075029375300082e-11,-2.981169584860867e-09,1.488267572569146e-08,5.996470397005123e-07,3.452064571239757e-08,4.130033963251692e-06,0.0009980417601574917,-5.783510318917238e-06,1.963794022134421e-08,3.530385724257099e-06,-0.001732192578212333,8.225392048051734e-06,0.0,0.0,0.00099807626005291,-1.650495186080684e-06
3,541.1695265464607,0.0,-3.030235583834084e-05,-0.00124621012313569,22.95493779749619,-0.1339297763480438,0.0,0.0,0.0,0.0,1.0,0.0,0.9980755273289781,-0.001715062125753847,0.0,0.0,0.0007343436846765083,-6.830350599285051e-06,2.248552346663705e-11,-3.097809855773427e-09,1.515117791917042e-08,6.231050615678449e-07,3.635571599209471e-08,4.291599801767194e-06,0.0009980391940985094,-6.009759737376816e-06,2.120450777095619e-08,3.668493493989225e-06,-0.00173218892875493,8.54716724435229e-06,0.0,0.0,0.0009980755273289782,-1.715062125753847e-06
3,562.341325190346,0.0,-3.088219686087079e-05,-0.001294961251906144,22.95487604976737,-0.1391690469449704,0.0,0.0,0.0,0.0,1.0,0.0,0.9980747361559356,-0.001782154556198877,0.0,0.0,0.0007343405327833175,-7.097550722987359e-06,2.435917177761855e-11,-3.21901458886442e-09,1.54410984304354e-08,6.474806259530718e-07,3.833716913300425e-08,4.459485174156419e-06,0.000998036423345974,-6.24485874494416e-06,2.28960398209189e-08,3.812003253242095e-06,-0.00173218498818184,8.88152845433289e-06,0.0,0.0,0.0009980747361559355,-1.782154556198877e-06
3,584.3414133735142,0.0,-3.150829132625432e-05,-0.001345619212264305,22.95480937647288,-0.1446132446352026,0.0,0.0,0.0,0.0,1.0,0.0,0.9980738818716685,-0.001851871217396217,0.0,0.0,0.0007343371294663559,-7.375202021699286e-06,2.638227945356621e-11,-3.344962505999795e-09,1.575414566312716e-08,6.728096061321523e-07,4.047668116550037e-08,4.633937157270798e-06,0.000998033431572782,-6.489153337173015e-06,2.472250399444109e-08,3.961126205519431e-06,-0.001732180733272304,9.228967757874719e-06,0.0,0.0,0.0009980738818716685,-1.851871217396217e-06
3,607.202195690985,0.0,-3.218432853402398e-05,-0.001398258552015768,22.95473738473624,-0.1502703811187723,0.0,0.0,0.0,0.0,1.0,0.0,0.9980729594422543,-0.001924314704571261,0.0,0.0,0.000734333454671221,-7.663713087697165e-06,2.856676777594736e-11,-3.47583933930675e-09,1.609216426701199e-08,6.991292760078841e-07,4.27868592956125e-08,4.815212474916751e-06,0.0009980302011497267,-6.743003018827319e-06,2.669466284458001e-08,4.116081800650314e-06,-0.001732176138953934,9.589996447860807e-06,0.0,0.0,0.0009980729594422544,-1.924314704571261e-06
3,630.9573444801896,0.0,-3.291429200347196e-05,-0.001452956729123648,22.95465965034929,-0.1561487808584382,0.0,0.0,0.0,0.0,1.0,0.0,0.9980719634323184,-0.001999591618082244,0.0,0.0,0.0007343294867443451,-7.963508463952954e-06,3.092550873921895e-11,-3.611838107657633e-09,1.645714600173598e-08,7.26478364561824e-07,4.528131614596559e-08,5.003577872917187e-06,0.0009980267130416806,-7.006781329107089e-06,2.882413723026569e-08,4.277098055398632e-06,-0.001732171178155384,9.965145777146231e-06,0.0,0.0,0.0009980719634323184,-1.999591618082244e-06
3,655.6418494179751,0.0,-3.370248292866584e-05,-0.001509794224789183,22.95457571527454,-0.1622570932335352,0.0,0.0,0.0,0.0,1.0,0.0,0.9980708879730302,-0.002077812719057697,0.0,0.0,0.0007343252023053193,-8.275029263970016e-06,3.347240084282198e-11,-3.753159404242027e-09,1.685124146433292e-08,7.548971123945914e-07,4.797474990808115e-08,5.199310508559764e-06,0.000998022946695523,-7.280876387021703e-06,3.112347474158376e-08,4.444411886370947e-06,-0.001732165821645704,1.035496773421022e-05,0.0,0.0,0.0009980708879730302,-2.077812719057697e-06
3,681.2920690579573,0.0,-3.455354550241374e-05,-0.001568854660862194,22.95448508494817,-0.1686043051592891,0.0,0.0,0.0,0.0,1.0,0.0,0.9980697267275492,-0.002159093090994391,0.0,0.0,0.0007343205761090044,-8.598733815357723e-06,3.622245092098654e-11,-3.900011695693966e-09,1.727677275120687e-08,7.844273304310971e-07,5.088303088065028e-08,5.402698354959676e-06,0.0009980188799191192,-7.565691457649761e-06,3.360622357603121e-08,4.618269455673918e-06,-0.001732160037863362,1.076003584848245e-05,0.0,0.0,0.0009980697267275493,-2.159093090994391e-06
3,707.9457843841337,0.0,-3.547249425661647e-05,-0.001630224921739359,22.95438722536872,-0.1751997541885904,0.0,0.0,0.0,0.0,1.0,0.0,0.9980684728537192,-0.002243552307533368,0.0,0.0,0.0007343155808974267,-8.935098327998367e-06,3.919186249060456e-11,-4.052611633263495e-09,1.773624712830824e-08,8.151124608696794e-07,5.4023294900096e-08,5.614040620881417e-06,0.0009980144887506816,-7.861645540048049e-06,3.628701229932684e-08,4.798926529786817e-06,-0.001732153792729507,1.11809460264841e-05,0.0,0.0,0.0009980684728537192,-2.243552307533368e-06
3,735.6422544596369,0.0,-3.646474358243168e-05,-0.001693995280912966,22.95428155995335,-0.182053142113725,0.0,0.0,0.0,0.0,1.0,0.0,0.9980671189637904,-0.002331314606638141,0.0,0.0,0.0007343101872403501,-9.284617587743127e-06,4.239813113550445e-11,-4.211184376545405e-09,1.823237179121584e-08,8.469976404564831e-07,5.741404421480352e-08,5.833648186580173e-06,0.000998009747317707,-8.169173977594859e-06,3.918163595873486e-08,4.986648852128407e-06,-0.001732147049448018,1.161831741987654e-05,0.0,0.0,0.0009980671189637905,-2.331314606638141e-06
3,764.4222742525956,0.0,-3.753613959944779e-05,-0.001760259532337731,22.95416746614416,-0.18917454908609,0.0,0.0,0.0,0.0,1.0,0.0,0.9980656570809348,-0.002422509071405881,0.0,0.0,0.0007343043633585289,-9.64780567646456e-06,4.586014748654067e-11,-4.375963930303229e-09,1.87680697997239e-08,8.801297661688655e-07,6.107525638971664e-08,6.061844056240366e-06,0.000998004627684692,-8.48872909157655e-06,4.230714905394749e-08,5.181712529811968e-06,-0.001732139768289342,1.207279332653913e-05,0.0,0.0,0.0009980656570809348,-2.422509071405881e-06
3,794.3282347242767,0.0,-3.869299456238373e-05,-0.001829115126787857,22.95404427174419,-0.1965744482724319,0.0,0.0,0.0,0.0,1.0,0.0,0.9980640785922985,-0.002517269817748979,0.0,0.0,0.0007342980749396322,-1.002519671953854e-05,4.95983084012195e-11,-4.547193494953142e-09,1.934649728119187e-08,9.145575633939288e-07,6.502850188441014e-08,6.298963827605288e-06,0.0009979990996887224,-8.820780838849222e-06,4.568196591057468e-08,5.384404435096233e-06,-0.001732131906355461,1.25450421259235e-05,0.0,0.0,0.0009980640785922986,-2.517269817748979e-06
3,825.4041852680133,0.0,-3.994212400693087e-05,-0.001900663313381499,22.95391125096155,-0.2042637210666607,0.0,0.0,0.0,0.0,1.0,0.0,0.9980623741983177,-0.002615736189190933,0.0,0.0,0.0007342912849361838,-1.041734566162647e-05,5.363463699437341e-11,-4.725125831301099e-09,1.997106200346543e-08,9.503316566907494e-07,6.929707098977079e-08,6.545356179408206e-06,0.000997993130761965,-9.165817494430444e-06,4.932596904443659e-08,5.595022622054146e-06,-0.001732123417328757,1.303575824982729e-05,0.0,0.0,0.0009980623741983176,-2.615736189190933e-06
3,857.6958985908889,0.0,-4.129088685367321e-05,-0.001975009286454372,22.95376762013893,-0.2122536728768108,0.0,0.0,0.0,0.0,1.0,0.0,0.998060533857999,-0.002718052959027181,0.0,0.0,0.0007342839533468482,-1.08248290717778e-05,5.799291222294098e-11,-4.910023640156787e-09,2.064544342683661e-08,9.875046432271862e-07,7.390611086899882e-08,6.801383377231916e-06,0.0009979866857400422,-9.524346359899255e-06,5.326062615139028e-08,5.813876758995445e-06,-0.00173211425119757,1.354566318990079e-05,0.0,0.0,0.000998060533857999,-2.718052959027181e-06
3,891.25093813374,0.0,-4.274722870323266e-05,-0.002052262337968886,22.95361253314312,-0.2205560495072076,0.0,0.0,0.0,0.0,1.0,0.0,0.9980585467298456,-0.002824370540107693,0.0,0.0,0.0007342760369801749,-1.12482459788954e-05,6.269880878348803e-11,-5.102159957480415e-09,2.137361435161633e-08,1.026131168984443e-06,7.888277350621175e-08,7.067421798439369e-06,0.0009979797266551488,-9.896894498504541e-06,5.750911640760072e-08,6.041288577192586e-06,-0.001732104353964647,1.407550654313958e-05,0.0,0.0,0.0009980585467298457,-2.824370540107693e-06
3,926.1187281287878,0.0,-4.431972857243949e-05,-0.002132536015649772,22.95344507638763,-0.2291830541564002,0.0,0.0,0.0,0.0,1.0,0.0,0.9980564011080834,-0.002934845202504606,0.0,0.0,0.0007342674892034662,-1.168821873862545e-05,6.778004814104321e-11,-5.30181856575307e-09,2.215986428621974e-08,1.066268007824886e-06,8.42563754249412e-08,7.343862476833984e-06,0.0009979722125127064,-1.028400949790434e-05,6.209646681927963e-08,6.27759233647308e-06,-0.001732093667327184,1.462606709663403e-05,0.0,0.0,0.0009980564011080834,-2.934845202504606e-06
3,962.3506263980825,0.0,-4.601764935641128e-05,-0.002215948287041411,22.95326426345951,-0.2381473650518851,0.0,0.0,0.0,0.0,1.0,0.0,0.9980540843538125,-0.003049639299334105,0.0,0.0,0.0007342582596652214,-1.214539393268495e-05,7.326656157243566e-11,-5.509294422298545e-09,2.300882467820564e-08,1.107974143520705e-06,9.00585701145566e-08,7.631111667723186e-06,0.000997964099050259,-1.068626026147959e-05,6.704969941925246e-08,6.523135308254193e-06,-0.001732082128334533,1.519815395302146e-05,0.0,0.0,0.0009980540843538125,-3.049639299334105e-06
3,999.9999999999936,0.0,-4.785099229498435e-05,-0.002302621709686338,22.95306902931868,-0.2474621537430979,0.0,0.0,0.0,0.0,1.0,0.0,0.9980515828206846,-0.003168921501007515,0.0,0.0,0.0007342482940002615,-1.262044330178035e-05,7.919066617698204e-11,-5.724894105324197e-09,2.392549614749218e-08,1.151310854843169e-06,9.632353416904349e-08,7.929591434073086e-06,0.0009979553384771816,-1.110423782918593e-05,7.239799017060521e-08,6.778278276608205e-06,-0.001732069669019509,1.579260769789086e-05,0.0,0.0,0.0009980515828206847,-3.168921501007515e-06
3,1039.122303835162,0.0,-4.983055577811868e-05,-0.00239268360762809,22.95285822403608,-0.2571411040745681,0.0,0.0,0.0,0.0,1.0,0.0,0.9980488817746703,-0.00329286703819198,0.0,0.0,0.0007342375335124274,-1.311406471320858e-05,8.558725488245255e-11,-5.948936278491325e-09,2.491527788905934e-08,1.196341803814045e-06,1.030881682249357e-07,8.239740254455714e-06,0.0009979458791937001,-1.153855622892619e-05,7.817284050545085e-08,7.043396057958059e-06,-0.001732056215995703,1.641030161061638e-05,0.0,0.0,0.0009980488817746703,-3.29286703819198e-06
3,1079.775162327703,0.0,-5.196799881912462e-05,-0.002486266254445343,22.952630606034,-0.2671984318615295,0.0,0.0,0.0,0.0,1.0,0.0,0.9980459653074469,-0.003421657953766131,0.0,0.0,0.0007342259148235275,-1.362698316427491e-05,9.249400155516789e-11,-6.181752174871434e-09,2.598399940956231e-08,1.243133127222672e-06,1.103923138771426e-07,8.56201365350279e-06,0.0009979356654875704,-1.198985335944379e-05,8.440826249991558e-08,7.318878040013859e-06,-0.00173204169002994,1.705214292004736e-05,0.0,0.0,0.000998045965307447,-3.421657953766131e-06
3,1122.018454301956,0.0,-5.427590957762796e-05,-0.002583507063027207,22.95238483478937,-0.2776489052906135,0.0,0.0,0.0,0.0,1.0,0.0,0.9980428162429047,-0.003555483364060448,0.0,0.0,0.0007342133695091846,-1.415995182270542e-05,9.995158241026988e-11,-6.423686101194245e-09,2.713795478881398e-08,1.291753531513604e-06,1.182789878296623e-07,8.896884855590766e-06,0.0009979246372066577,-1.245879190575241e-05,9.114097876516583e-08,7.605128740570096e-06,-0.001732026005573095,1.771907410640268e-05,0.0,0.0,0.0009980428162429046,-3.555483364060448e-06
3,1165.914401179824,0.0,-5.676787932173966e-05,-0.00268454878230239,22.95211946295706,-0.2885078660685527,0.0,0.0,0.0,0.0,1.0,0.0,0.9980394160362255,-0.00369453972967588,0.0,0.0,0.0007341998236887193,-1.471375310515936e-05,1.080039150121533e-10,-6.675095963346609e-09,2.838393966086983e-08,1.342274391151195e-06,1.267946346478438e-07,9.244845462491536e-06,0.0009979127294054927,-1.294606028813076e-05,9.841063821911517e-08,7.902568386791558e-06,-0.00173200907025961,1.841207425099314e-05,0.0,0.0,0.0009980394160362255,-3.69453972967588e-06
3,1211.52765862858,0.0,-5.94585822699667e-05,-0.002789539701137005,22.95183292786795,-0.2997912513420666,0.0,0.0,0.0,0.0,1.0,0.0,0.9980357446649448,-0.003839031136177355,0.0,0.0,0.00073418519759616,-1.528919979513002e-05,1.166984162562397e-10,-6.936353814139357e-09,2.972929113498335e-08,1.394769850568503e-06,1.359893995880385e-07,9.606406155730743e-06,0.000997899871963773,-1.345237364572224e-05,1.062600489948148e-07,8.211633515622538e-06,-0.00173199078436459,1.913216043507825e-05,0.0,0.0,0.000998035744664945,-3.839031136177355e-06
3,1258.925411794159,0.0,-6.23638617649469e-05,-0.002898633859617234,22.9515235423517,-0.3115156164122472,0.0,0.0,0.0,0.0,1.0,0.0,0.9980317805113659,-0.003989169584960731,0.0,0.0,0.0007341694051112846,-1.588713620130459e-05,1.260862808322494e-10,-7.207846424421047e-09,3.118193088247345e-08,1.449316929808617e-06,1.45917423085984e-07,9.982097424400595e-06,0.0009978859891745608,-1.397847485578575e-05,1.147354298399211e-07,8.532777595958119e-06,-0.00173197104021694,1.988038918946874e-05,0.0,0.0,0.000998031780511366,-3.989169584960731e-06
3,1308.177474260185,0.0,-6.550082329215279e-05,-0.003011991267933544,22.95118948483146,-0.3236981582668633,0.0,0.0,0.0,0.0,1.0,0.0,0.9980275002356424,-0.004145175294592997,0.0,0.0,0.0007341523532515826,-1.650843935767539e-05,1.36222781786479e-10,-7.489975878685488e-09,3.275041164607639e-08,1.505995633966772e-06,1.566371586141182e-07,1.037247031917696e-05,0.0009978709992998099,-1.452513558964865e-05,1.238866814675863e-07,8.866471673218923e-06,-0.00173194972156876,2.065785799631494e-05,0.0,0.0,0.0009980275002356425,-4.145175294592997e-06
3,1359.356390878516,0.0,-6.888793487536127e-05,-0.003129778133083383,22.9508287886326,-0.3363567399539756,0.0,0.0,0.0,0.0,1.0,0.0,0.9980228786387916,-0.004307277012925177,0.0,0.0,0.0007341339416289117,-1.715402026651255e-05,1.47167594926905e-10,-7.78316019639282e-09,3.444396743768063e-08,1.564889066541692e-06,1.682117157585779e-07,1.077809723328982e-05,0.0009978548140906274,-1.509315740641138e-05,1.33767679433165e-07,9.213205036969987e-06,-0.00173192670291189,2.146570684460197e-05,0.0,0.0,0.0009980228786387916,-4.307277012925177e-06
3,1412.537544622744,0.0,-7.254513543153429e-05,-0.003252167093607265,22.95043933044389,-0.3495099158201275,0.0,0.0,0.0,0.0,1.0,0.0,0.9980178885148475,-0.004475712340275741,0.0,0.0,0.0007341140618601916,-1.782482518545778e-05,1.589851489508812e-10,-8.087833980303421e-09,3.627256771576715e-08,1.626083546803632e-06,1.807092304944814e-07,1.119957271119176e-05,0.000997837338269502,-1.568337288544781e-05,1.444365902338741e-07,9.573485912221031e-06,-0.001731901848742501,2.230511984079898e-05,0.0,0.0,0.0009980178885148475,-4.475712340275741e-06
3,1467.799267622059,0.0,-7.649395171460682e-05,-0.003379337462571123,22.950018817864,-0.3631769576361152,0.0,0.0,0.0,0.0,1.0,0.0,0.9980125004912946,-0.00465072806397903,0.0,0.0,0.0007340925969296919,-1.852183695987344e-05,1.717450033214707e-10,-8.404449093210579e-09,3.824697585730341e-08,1.689668731285562e-06,1.942032648112998e-07,1.163751428566122e-05,0.0009978184689714866,-1.629664679873346e-05,1.559562124606088e-07,9.947842175038193e-06,-0.001731875012765727,2.317732687615558e-05,0.0,0.0,0.0009980125004912946,-4.65072806397903e-06
3,1525.222956539008,0.0,-8.07576245207553e-05,-0.003511475479003577,22.9495647759617,-0.3773778816329339,0.0,0.0,0.0,0.0,1.0,0.0,0.9980066828568633,-0.004832580504587868,0.0,0.0,0.0007340694205053566,-1.924607640155229e-05,1.855222560757701e-10,-8.733475364551645e-09,4.037881226037765e-08,1.755737739501789e-06,2.087732379905879e-07,1.209256334406331e-05,0.0009977980951411287,-1.693387732401573e-05,1.683943449731673e-07,1.033682209308604e-05,-0.001731846037038576,2.408360535211852e-05,0.0,0.0,0.0009980066828568634,-4.832580504587869e-06
3,1584.893192461102,0.0,-8.536124489078034e-05,-0.003648774567991109,22.9490745327719,-0.3921334764699012,0.0,0.0,0.0,0.0,1.0,0.0,0.9980004013756915,-0.005021535874012011,0.0,0.0,0.0007340443961980636,-1.999860371506776e-05,2.003979839177595e-10,-9.075401328480501e-09,4.268062244539017e-08,1.824387283995555e-06,2.245048920290377e-07,1.256538602447265e-05,0.0009977760968816458,-1.759599729981314e-05,1.818241842228754e-07,1.074099509170253e-05,-0.001731814751042782,2.502528196516446e-05,0.0,0.0,0.0009980004013756916,-5.021535874012011e-06
3,1646.897865482857,0.0,-9.033190108032052e-05,-0.003791435609626704,22.94854520364438,-0.4074653321561783,0.0,0.0,0.0,0.0,1.0,0.0,0.9979936190867835,-0.005217870645863976,0.0,0.0,0.0007340173767613756,-2.078051997259078e-05,2.164597171300385e-10,-9.430734995095332e-09,4.516595054016026e-08,1.895717804813352e-06,2.414907938828702e-07,1.305667414233703e-05,0.000997752344752618,-1.82839755231961e-05,1.963247530107867e-07,1.116095254608807e-05,-0.001731780970688379,2.600373455257515e-05,0.0,0.0,0.0009979936190867835,-5.217870645863977e-06
3,1711.328304161769,0.0,-9.569883715676575e-05,-0.003939667216997694,22.94797367435476,-0.4233958699458901,0.0,0.0,0.0,0.0,1.0,0.0,0.9979862960876139,-0.005421871938270771,0.0,0.0,0.0007339882032311174,-2.15929686385001e-05,2.338019520341824e-10,-9.800004656639315e-09,4.784941857838288e-08,1.969833608498847e-06,2.598308774227013e-07,1.356714614832802e-05,0.0009977266990121429,-1.899881809125542e-05,2.119813631460376e-07,1.159730860016195e-05,-0.001731744497233345,2.702039400023087e-05,0.0,0.0,0.000997986296087614,-5.421871938270771e-06
3,1778.27941003891,0.0,-0.0001014936241234832,-0.004093686023386445,22.94735658288128,-0.4399483732257659,0.0,0.0,0.0,0.0,1.0,0.0,0.9979783893006304,-0.005633837909393609,0.0,0.0,0.0007339567039938988,-2.243713714446607e-05,2.525267039392929e-10,-1.018375973062482e-08,5.074681206174159e-08,2.046843011693222e-06,2.796330282136605e-07,1.40975481179836e-05,0.0009976990087991204,-1.974156978710783e-05,2.288861146584097e-07,1.205070101260435e-05,-0.001731705116122861,2.807674621390158e-05,0.0,0.0,0.0009979783893006304,-5.633837909393609e-06
3,1847.849797422278,0.0,-0.0001077503445545691,-0.004253716978842652,22.94669029974295,-0.4571470194126495,0.0,0.0,0.0,0.0,1.0,0.0,0.9979698522213287,-0.005854078165877578,0.0,0.0,0.0007339226937834731,-2.331425851615984e-05,2.727441037435848e-10,-1.058257164197894e-08,5.387517227728456e-08,2.126858489421326e-06,3.010137144503663e-07,1.464865477369734e-05,0.0009976691112509827,-2.051331551121691e-05,2.47138434422557e-07,1.252179203055904e-05,-0.001731662595733208,2.917433415478357e-05,0.0,0.0,0.0009979698522213287,-5.854078165877578e-06
3,1920.141938638787,0.0,-0.0001145057917948389,-0.004419993656267565,22.94597090678646,-0.475016912876298,0.0,0.0,0.0,0.0,1.0,0.0,0.9979606346464497,-0.006082914184428395,0.0,0.0,0.0007338859725993796,-2.422561305205628e-05,2.945730415955557e-10,-1.099703474646945e-08,5.725289589741944e-08,2.209996828133782e-06,3.240986676728257e-07,1.522127053954648e-05,0.0009976368305518184,-2.131518175872135e-05,2.668456572696072e-07,1.301126929141904e-05,-0.001731616686018733,3.031475994066252e-05,0.0,0.0,0.0009979606346464498,-6.082914184428396e-06
3,1995.262314968865,0.0,-0.0001217996848588143,-0.004592758567128892,22.94519417430163,-0.4935841189005984,0.0,0.0,0.0,0.0,1.0,0.0,0.9979506823807579,-0.00632067974668414,0.0,0.0,0.0007338463245372129,-2.517253005540274e-05,3.181418612805209e-10,-1.142776729784659e-08,6.089984242940716e-08,2.296379283564446e-06,3.490236171250771e-07,1.581623062937775e-05,0.000997601976905494,-2.214833814335974e-05,2.881236528959281e-07,1.351984675305474e-05,-0.001731567117050359,3.149968701322142e-05,0.0,0.0,0.0009979506823807579,-6.32067974668414e-06
3,2073.32157348594,0.0,-0.0001296749002457354,-0.004772263486899164,22.94435553633492,-0.5128756986935771,0.0,0.0,0.0,0.0,1.0,0.0,0.9979399369207357,-0.006567721387514477,0.0,0.0,0.0007338035165296297,-2.615638961944722e-05,3.435891092761211e-10,-1.187541246133058e-08,6.483745012286768e-08,2.386131743449582e-06,3.759350819276372e-07,1.643440216848158e-05,0.0009975643454279177,-2.301399896845739e-05,3.110975021297244e-07,1.404826565276851e-05,-0.001731513597441503,3.273084237233326e-05,0.0,0.0,0.0009979399369207356,-6.567721387514476e-06
3,2154.434690031867,0.0,-0.0001381777219910951,-0.004958769790279445,22.94345006406143,-0.5329197454533371,0.0,0.0,0.0,0.0,1.0,0.0,0.9979283351133982,-0.006824398856838367,0.0,0.0,0.0007337572969867701,-2.717862446664429e-05,3.710643427180033e-10,-1.234063937628893e-08,6.908886099554756e-08,2.479384895139723e-06,4.049912255577993e-07,1.707668534908074e-05,0.0009975237149521831,-2.391342484529539e-05,3.359022263848605e-07,1.459729549517122e-05,-0.001731455812647331,3.401001887773369e-05,0.0,0.0,0.000997928335113398,-6.824398856838367e-06
3,2238.721138568323,0.0,-0.0001473581113589084,-0.005152548796234922,22.94247243706502,-0.553745421493266,0.0,0.0,0.0,0.0,1.0,0.0,0.9979158087883057,-0.007091085595002666,0.0,0.0,0.0007337073943283201,-2.824072184176227e-05,4.00729000835419e-10,-1.282414427118218e-08,7.367905567945421e-08,2.576274398117461e-06,4.363627774564709e-07,1.774401461973812e-05,0.0009974798467398507,-2.484792435901197e-05,3.626835744189546e-07,1.516773506907187e-05,-0.001731393423134331,3.533907761828561e-05,0.0,0.0,0.0009979158087883057,-7.091085595002666e-06
3,2326.305067153608,0.0,-0.000157269997694387,-0.005353882122826294,22.9414169123652,-0.5753829964254007,0.0,0.0,0.0,0.0,1.0,0.0,0.9979022843607062,-0.007368169221706895,0.0,0.0,0.0007336535154063295,-2.934422545902357e-05,4.327573447571521e-10,-1.332665163411684e-08,7.86349988471935e-08,2.676941061413147e-06,4.70234026937373e-07,1.843735990864507e-05,0.0009974324830911133,-2.581885578198608e-05,3.915988708204339e-07,1.57604134933498e-05,-0.001731326062400007,3.671995034878334e-05,0.0,0.0,0.0009979022843607062,-7.368169221706895e-06
3,2417.315480804085,0.0,-0.0001679715920663849,-0.005563062051773051,22.94027729101705,-0.5978638863956983,0.0,0.0,0.0,0.0,1.0,0.0,0.997887682403579,-0.007656052038393615,0.0,0.0,0.0007335953437983544,-3.049073750273704e-05,4.673374709522747e-10,-1.384891544263015e-08,8.398579603319245e-08,2.781531025886526e-06,5.068038949827267e-07,1.915772788058669e-05,0.000997381345846067,-2.682762883442294e-05,4.22817930978027e-07,1.637619129163812e-05,-0.00173125333484514,3.815464199389759e-05,0.0,0.0,0.000997887682403579,-7.656052038393615e-06
3,2511.886431509561,0.0,-0.0001795257254486593,-0.005780391902627631,22.93904688209793,-0.6212206943589795,0.0,0.0,0.0,0.0,1.0,0.0,0.9978719171861984,-0.007955151543947174,0.0,0.0,0.0007335325379675961,-3.168192068108561e-05,5.046724039589103e-10,-1.439172045664656e-08,8.976286272432965e-08,2.890195951313816e-06,5.462870898867811e-07,1.990616322718856e-05,0.0009973261347687148,-2.787570649159238e-05,4.565240476371968e-07,1.701596149548285e-05,-0.001731174813472736,3.964523321841468e-05,0.0,0.0,0.0009978719171861983,-7.955151543947175e-06
3,2610.157215682516,0.0,-0.0001920002133193321,-0.006006186416375452,22.93771846388096,-0.645487251374448,0.0,0.0,0.0,0.0,1.0,0.0,0.997854896176649,-0.008265900963455633,0.0,0.0,0.000733464729283595,-3.291950033176144e-05,5.449812744687681e-10,-1.495588357889548e-08,9.600010665966607e-08,3.003093208187726e-06,5.889153531818255e-07,2.068374998982876e-05,0.0009972665258047415,-2.896460683686329e-05,4.929150545224229e-07,1.768065077545461e-05,-0.001731090037411898,4.119388306269428e-05,0.0,0.0,0.000997854896176649,-8.265900963455634e-06
3,2712.272579332007,0.0,-0.0002054682486909432,-0.006240772148200926,22.93628424198079,-0.6706986588947764,0.0,0.0,0.0,0.0,1.0,0.0,0.9978365195055485,-0.008588749789689277,0.0,0.0,0.0007333915198841634,-3.420526657831741e-05,5.885005892768717e-10,-1.554225528746417e-08,1.027341243454716e-07,3.120386074100463e-06,6.34938802717018e-07,2.149161291434541e-05,0.0009972021692034201,-3.009590495932214e-05,5.322044729031346e-07,1.83712205994728e-05,-0.001730998509245629,4.28028316415037e-05,0.0,0.0,0.0009978365195055486,-8.588749789689278e-06
3,2818.382931264432,0.0,-0.0002200088257355848,-0.006484487869074289,22.93473580424163,-0.6968913320127157,0.0,0.0,0.0,0.0,1.0,0.0,0.9978166793880272,-0.008924164336833329,0.0,0.0,0.0007333124803741153,-3.554107653532673e-05,6.354856000758744e-10,-1.615172114558638e-08,1.100044128677924e-07,3.242243934537145e-06,6.846273802816825e-07,2.233091883637937e-05,0.0009971326874933456,-3.127123489435829e-05,5.746227474055655e-07,1.908866841735435e-05,-0.001730899692133581,4.447440290390389e-05,0.0,0.0,0.0009978166793880273,-8.924164336833329e-06
3,2928.644564625213,0.0,-0.000235707196313939,-0.006737684975716553,22.93306407212048,-0.7241030436187739,0.0,0.0,0.0,0.0,1.0,0.0,0.9977952595008037,-0.00927262830587913,0.0,0.0,0.0007332271473412533,-3.692885655982858e-05,6.862117785736735e-10,-1.678520339423877e-08,1.178535981569695e-07,3.368842487858276e-06,7.382724116878087e-07,2.32028780958582e-05,0.0009970576733008942,-3.249229160513158e-05,6.204185778237847e-07,1.983402887031496e-05,-0.001730793006706977,4.621100745135984e-05,0.0,0.0,0.0009977952595008038,-9.272628305879132e-06
3,3043.219887107698,0.0,-0.0002526553618960037,-0.007000727908389283,22.93125924830268,-0.7523729694118149,0.0,0.0,0.0,0.0,1.0,0.0,0.9977721343109818,-0.009634643360928037,0.0,0.0,0.0007331350206853937,-3.837060454646435e-05,7.409764059429306e-10,-1.744366263363813e-08,1.263276809480018e-07,3.500363954194642e-06,7.961882877649509e-07,2.410874597875135e-05,0.0009969766869996229,-3.376083300231304e-05,6.698603541618088e-07,2.06083750238288e-05,-0.001730677827728067,4.801514541021012e-05,0.0,0.0,0.000997772134310982,-9.634643360928037e-06
3,3162.277660168354,0.0,-0.0002709526035131749,-0.007273994575828891,22.92931076026609,-0.7817417336908681,0.0,0.0,0.0,0.0,1.0,0.0,0.9977471683529394,-0.01001072971548872,0.0,0.0,0.0007330355607355621,-3.986839226203381e-05,8.001002851721689e-10,-1.812809960031079e-08,1.354763017565874e-07,3.636997287914446e-06,8.587142753545554e-07,2.504982418379185e-05,0.0009968892541778703,-3.507868199888088e-05,7.23237702645485e-07,2.141281962188282e-05,-0.001730553480486896,4.988940935410358e-05,0.0,0.0,0.0009977471683529394,-1.001072971548872e-05
3,3285.993247600628,0.0,-0.0002907060525945138,-0.007557876786501772,22.92720719949255,-0.8122514558412872,0.0,0.0,0.0,0.0,1.0,0.0,0.9977202154494466,-0.01040142672765417,0.0,0.0,0.0007329281851475855,-4.142436771572416e-05,8.639295854814297e-10,-1.883955704704492e-08,1.453530262972569e-07,3.778938393250886e-06,9.262164679819859e-07,2.6027462311373e-05,0.0009967948629110502,-3.644772859607423e-05,7.80863150978841e-07,2.224851636024533e-05,-0.001730419236922631,5.18364872706123e-05,0.0,0.0,0.0009977202154494466,-1.040142672765417e-05
3,3414.548873833574,0.0,-0.000312031305703675,-0.007852780685193711,22.92493625600382,-0.84394579741103,0.0,0.0,0.0,0.0,1.0,0.0,0.9976911178728732,-0.01080729350282239,0.0,0.0,0.0007328122655616554,-4.304075755913461e-05,9.328378285912571e-10,-1.957912173374484e-08,1.560156528518375e-07,3.926390342596856e-06,9.99089886568112e-07,2.704305937127148e-05,0.000996692960824134,-3.786993199582762e-05,8.430739216849047e-07,2.311666117589394e-05,-0.001730274311446345,5.385916556559928e-05,0.0,0.0,0.0009976911178728733,-1.080729350282239e-05
3,3548.133892335725,0.0,-0.0003350530864167922,-0.008159127193763726,22.92248464787738,-0.8768700096533025,0.0,0.0,0.0,0.0,1.0,0.0,0.9976597054420778,-0.01122890950237422,0.0,0.0,0.0007326871240078692,-4.471986951017082e-05,1.007228027292478e-09,-2.034792653799175e-08,1.675265432083961e-07,4.079563596881863e-06,1.077760741227342e-06,2.809806530522089e-05,0.0009965829519288775,-3.93473227341331e-05,9.10233862966137e-07,2.401849354921183e-05,-0.001730117856440616,5.596033209729484e-05,0.0,0.0,0.000997659705442078,-1.122890950237422e-05
3,3686.945064519545,0.0,-0.0003599059577883423,-0.008477352454682676,22.9198380453751,-0.9110709813896342,0.0,0.0,0.0,0.0,1.0,0.0,0.9976257945502667,-0.01166687515643793,0.0,0.0,0.0007325520290286658,-4.646409479291957e-05,1.087534987455502e-09,-2.114715269498557e-08,1.799529788941712e-07,4.238676227341338e-06,1.162688865944217e-06,2.919398251964873e-05,0.0009964641932193104,-4.088200482878165e-05,9.82735527144205e-07,2.495529781495495e-05,-0.001729948957420957,5.814297923093653e-05,0.0,0.0,0.0009976257945502668,-1.166687515643793e-05
3,3831.186849557256,0.0,-0.0003867350890802701,-0.008807908275743698,22.91698098929342,-0.9465972870225244,0.0,0.0,0.0,0.0,1.0,0.0,0.9975891871188185,-0.01212181247855047,0.0,0.0,0.0007324061915130464,-4.827591058532282e-05,1.174227785341348e-09,-2.197803217750607e-08,1.93367544540135e-07,4.403954137871849e-06,1.254370338667442e-06,3.033236742308901e-05,0.0009963359910079364,-4.2476157933817e-05,1.061002407392576e-06,2.592840447730889e-05,-0.001729766627823093,6.041020690274873e-05,0.0,0.0,0.0009975891871188186,-1.212181247855047e-05
3,3981.071705534939,0.0,-0.0004156970806561411,-0.009151262574066548,22.9138968031195,-0.9834992344986431,0.0,0.0,0.0,0.0,1.0,0.0,0.9975496694717387,-0.01259436567966466,0.0,0.0,0.0007322487602148264,-5.015788246403446e-05,1.267812432830968e-09,-2.284185022760052e-08,2.078485403280705e-07,4.575631287033274e-06,1.353340300182268e-06,3.151483196187948e-05,0.000996197596983989,-4.413203949177174e-05,1.145491344157159e-06,2.693919152358363e-05,-0.001729569803396447,6.276522568100795e-05,0.0,0.0,0.0009975496694717388,-1.259436567966466e-05
3,4136.820402388472,0.0,-0.0004469608511910028,-0.009507899817219565,22.91056749855106,-1.02182891299192,0.0,0.0,0.0,0.0,1.0,0.0,0.9975070111250885,-0.013085201778546,0.0,0.0,0.0007320788169269399,-5.211266683487203e-05,1.36883474397301e-09,-2.373994805288834e-08,2.234804255955014e-07,4.753949908609782e-06,1.460175985924467e-06,3.274304514673629e-05,0.0009960482039739079,-4.585198687333517e-05,1.236695113368448e-06,2.798908573022669e-05,-0.001729357336176296,6.521135980906007e-05,0.0,0.0,0.0009975070111250886,-1.308520177854601e-05
3,4298.662347082241,0.0,-0.00048070859159699,-0.009878321458949454,22.90697367391156,-1.061640240040256,0.0,0.0,0.0,0.0,1.0,0.0,0.9974609634853785,-0.01359501120514654,0.0,0.0,0.000731895371296698,-5.414301333522137e-05,1.477883417060264e-09,-2.467372570168557e-08,2.40354295798495e-07,4.939160729474727e-06,1.575499985787874e-06,3.401873456165673e-05,0.0009958869413830083,-4.763841949250496e-05,1.335145209280914e-06,2.907956395386055e-05,-0.001729127988000179,6.775205021353897e-05,0.0,0.0,0.0009974609634853784,-1.359501120514654e-05
3,4466.835921509593,0.0,-0.0005171367903236135,-0.01026304636663322,22.90309440496473,-1.102989007829712,0.0,0.0,0.0,0.0,1.0,0.0,0.9974112584505773,-0.01412450839303245,0.0,0.0,0.0007316973552526918,-5.625176719292052e-05,1.595593347278185e-09,-2.564464513260424e-08,2.585683951618068e-07,5.131523183316609e-06,1.69998374782713e-06,3.534368784532039e-05,0.0009957128702960977,-4.949384088348544e-05,1.441414835528683e-06,3.02121543989574e-05,-0.001728880423540247,7.039085745817047e-05,0.0,0.0,0.0009974112584505773,-1.412450839303245e-05
3,4641.588833612739,0.0,-0.0005564573349519097,-0.01066261123714613,22.89890712760426,-1.145932928275235,0.0,0.0,0.0,0.0,1.0,0.0,0.9973576069070145,-0.01467443235636752,0.0,0.0,0.0007314836170186911,-5.844187152332508e-05,1.722649185820232e-09,-2.665423349589118e-08,2.782286674759549e-07,5.331305618573067e-06,1.834351342689617e-06,3.671975413372145e-05,0.000995524978213511,-5.142084072358487e-05,1.55612211875638e-06,3.138843785253714e-05,-0.00172861320281581,7.313146462079728e-05,0.0,0.0,0.0009973576069070146,-1.467443235636752e-05
3,4823.178482239265,0.0,-0.0005988986952776276,-0.01107757099736851,22.89438751186578,-1.190531676496918,0.0,0.0,0.0,0.0,1.0,0.0,0.9972996971150984,-0.01524554724631407,0.0,0.0,0.0007312529146787927,-6.071636954455006e-05,1.85978916222822e-09,-2.770408664555095e-08,2.994493476388138e-07,5.538785498684253e-06,1.979383506502485e-06,3.814884545115874e-05,0.0009953221733977583,-5.342209678411838e-05,1.679933559965076e-06,3.261004887490347e-05,-0.001728324773154322,7.597768006798594e-05,0.0,0.0,0.0009972996971150984,-1.524554724631408e-05
3,5011.87233627268,0.0,-0.0006447071933344262,-0.01150849918502865,22.88950932668015,-1.236846932234815,0.0,0.0,0.0,0.0,1.0,0.0,0.9972371929764007,-0.01583864288099438,0.0,0.0,0.0007310039092758291,-6.307840668708792e-05,2.007809187583757e-09,-2.879587290326862e-08,3.223535966672131e-07,5.754249592514325e-06,2.135921980872524e-06,3.963293803491236e-05,0.0009951032788047159,-5.550037678881001e-05,1.813567739498462e-06,3.387867693389884e-05,-0.001728013460560507,7.89334400981695e-05,0.0,0.0,0.0009972371929764007,-1.583864288099438e-05
3,5207.948328595417,0.0,-0.0006941483660891645,-0.01195598830499066,22.88424429475791,-1.2849424186828,0.0,0.0,0.0,0.0,1.0,0.0,0.997169732174293,-0.01645453524235583,0.0,0.0,0.0007307351574055154,-6.553123257189986e-05,2.167567257039298e-09,-2.993133709732667e-08,3.470741830445823e-07,5.977994152495332e-06,2.304874169567666e-06,4.11740735769307e-05,0.0009948670255719824,-5.765854015638385e-05,1.95779929237506e-06,3.519606746844705e-05,-0.001727677460453769,8.200281141981791e-05,0.0,0.0,0.000997169732174293,-1.645453524235583e-05
3,5411.695265464588,0.0,-0.000747508426797383,-0.01242065015544297,22.87856193696738,-1.334883938152367,0.0,0.0,0.0,0.0,1.0,0.0,0.9970969241799649,-0.01709406693238989,0.0,0.0,0.0007304451032708048,-6.807820282600519e-05,2.339988171022572e-09,-3.111230490211722e-08,3.737542133986915e-07,6.210325077721485e-06,2.48721813234461e-06,4.277436036361603e-05,0.0009946120460357915,-5.989953960090804e-05,2.113463171437633e-06,3.656402286524437e-05,-0.001727314827738136,8.518999342769368e-05,0.0,0.0,0.0009970969241799648,-1.709406693238989e-05
3,5623.413251903441,0.0,-0.0008050958312595391,-0.0129031161177127,22.87242940554155,-1.386739403899607,0.0,0.0,0.0,0.0,1.0,0.0,0.9970183481153051,-0.01775810758016124,0.0,0.0,0.0007301320701673664,-7.072278070249793e-05,2.526068595261264e-09,-3.234068750651107e-08,4.025479156297695e-07,6.451558058856349e-06,2.684007937253131e-06,4.443597429230705e-05,0.0009943368662466475,-6.22264225599748e-05,2.28145921652773e-06,3.798440333033457e-05,-0.001726923466158437,8.84993202339493e-05,0.0,0.0,0.0009970183481153052,-1.775810758016125e-05
3,5843.414133735124,0.0,-0.0008672429554532624,-0.01340403740262249,22.86581130542397,-1.440578867362564,0.0,0.0,0.0,0.0,1.0,0.0,0.9969335504638087,-0.01844755418999967,0.0,0.0,0.0007297942513659894,-7.346853846573742e-05,2.726882480538434e-09,-3.361848664227587e-08,4.336214777266312e-07,6.702018701311244e-06,2.896379393555116e-06,4.616115974029277e-05,0.0009940398979527345,-6.464233241693471e-05,2.462757048585883e-06,3.945912763494414e-05,-0.001726501116897872,9.193526240648675e-05,0.0,0.0,0.0009969335504638088,-1.844755418999967e-05
3,6072.021956909831,0.0,-0.00093430789124338,-0.01392408524540775,22.8586695030406,-1.4964745399604,0.0,0.0,0.0,0.0,1.0,0.0,0.9968420426203728,-0.01916333141998138,0.0,0.0,0.0007294297003510586,-7.631915849919124e-05,2.943586863781582e-09,-3.494780000697051e-08,4.6715394562169e-07,6.962042622703874e-06,3.1255561881362e-06,4.795223025912157e-05,0.0009937194300191012,-6.715050947910993e-05,2.658401308206566e-06,4.099017371233245e-05,-0.001726045346374883,9.55024283601294e-05,0.0,0.0,0.000996842042620373,-1.916333141998138e-05
3,6309.573444801876,0.0,-0.001006676367039994,-0.01446395104021528,22.85096292176519,-1.554500808499933,0.0,0.0,0.0,0.0,1.0,0.0,0.9967432982705968,-0.01990639177846889,0.0,0.0,0.0007290363203797945,-7.927843408617186e-05,3.17742807268398e-09,-3.633082711929951e-08,5.033381835199968e-07,7.231975520107641e-06,3.372856448915283e-06,4.981156906356926e-05,0.0009933736192497544,-6.975429166915744e-05,2.869517258719203e-06,4.257957907951057e-05,-0.001725553533190038,9.920556534007141e-05,0.0,0.0,0.0009967432982705968,-1.990639177846889e-05
3,6556.418494179729,0.0,-0.001084763800441424,-0.01502434640410617,22.84264732332957,-1.614734243117952,0.0,0.0,0.0,0.0,1.0,0.0,0.9966367505899937,-0.02067771572497825,0.0,0.0,0.0007286118533236241,-8.235026980984994e-05,3.429748356525935e-09,-3.776987564882618e-08,5.42381900220712e-07,7.512173202053088e-06,3.639699759278602e-06,5.174162928087173e-05,0.0009930004805790715,-7.24571148814988e-05,3.097316774294658e-06,4.422944105447223e-05,-0.001725022854177527,0.000103049559928764,0.0,0.0,0.0009966367505899938,-2.067771572497826e-05
3,6812.920690579551,0.0,-0.001169017489973889,-0.01560600315926788,22.83367507442045,-1.677253596558381,0.0,0.0,0.0,0.0,1.0,0.0,0.9965217892533988,-0.02147831165998447,0.0,0.0,0.0007281538677554877,-8.553868151067734e-05,3.701992966169316e-09,-3.926736826623719e-08,5.845087449869446e-07,7.80300157963394e-06,3.927614647862562e-06,5.37449339216764e-05,0.0009925978765985023,-7.526251294992712e-05,3.343104733858309e-06,4.594191673603933e-05,-0.00172445026950796,0.0001070394379998202,0.0,0.0,0.000996521789253399,-2.147831165998447e-05
3,7079.457843841315,0.0,-0.001259918953092853,-0.01620967322080509,22.82399489770073,-1.742139793440994,0.0,0.0,0.0,0.0,1.0,0.0,0.996397757244808,-0.02230921578645226,0.0,0.0,0.0007276597462413381,-8.884779573238577e-05,3.99571770629953e-09,-4.082585006506108e-08,6.299594765464267e-07,8.104836610402548e-06,4.23824657815354e-06,5.58240755295982e-05,0.0009921635063843601,-7.817411716611553e-05,3.608285841688316e-06,4.771922270952244e-05,-0.001723832506800305,0.0001111803640334308,0.0,0.0,0.0009963977572448079,-2.230921578645226e-05
3,7356.422544596346,0.0,-0.001357986417557244,-0.01683612837600682,22.81355160649755,-1.809475908021829,0.0,0.0,0.0,0.0,1.0,0.0,0.9962639474579373,-0.02317149182387312,0.0,0.0,0.0007271266717951974,-9.228184858063593e-05,4.312596982834771e-09,-4.244799661089593e-08,6.789932087786221e-07,8.418064188003411e-06,4.573366462210953e-06,5.798171546124125e-05,0.0009916948935927098,-8.119565528172528e-05,3.894371895445827e-06,4.956363443710946e-05,-0.00172316604419076,0.0001154776396970342,0.0,0.0,0.0009962639474579375,-2.317149182387312e-05
3,7644.222742525932,0.0,-0.001463777473134531,-0.01748615993937592,22.80228582241524,-1.879347128773956,0.0,0.0,0.0,0.0,1.0,0.0,0.9961195990780038,-0.02406623055339212,0.0,0.0,0.000726551613466242,-9.584518390852448e-05,4.65443236795575e-09,-4.413662267982396e-08,7.318887365672655e-07,8.74307996968796e-06,4.934879722315742e-06,6.022058274304456e-05,0.000991189373788056,-8.433094991911653e-05,4.202989521971289e-06,5.147748528719666e-05,-0.00172244709231073,0.0001199367015852493,0.0,0.0,0.000996119599078004,-2.406623055339213e-05
3,7943.282347242741,0.0,-0.001577891890364613,-0.01816057826594576,22.79013367515829,-1.951840707929621,0.0,0.0,0.0,0.0,1.0,0.0,0.9959638937355574,-0.02499454917020411,0.0,0.0,0.0007259313110159482,-9.954225073421918e-05,5.023161704362273e-09,-4.589469175382307e-08,7.889459451823067e-07,9.080289132972878e-06,5.32483592350048e-06,6.254347244528832e-05,0.0009906440809737608,-8.758391630724623e-05,4.535888400426463e-06,5.346316515173717e-05,-0.001721671575131034,0.0001245631179998125,0.0,0.0,0.0009959638937355574,-2.499454917020411e-05
3,8254.041852680108,0.0,-0.001700974612678374,-0.0188602121034863,22.77702648389224,-2.02704589392038,0.0,0.0,0.0,0.0,1.0,0.0,0.9957959514237622,-0.02595759041677912,0.0,0.0,0.0007252622586544355,-0.0001033775997853481,5.420868769058957e-09,-4.772532634763922e-08,8.504873063391871e-07,9.430106051743148e-06,5.745438998510003e-06,6.495324350703691e-05,0.0009900559332940214,-9.095855925016367e-05,4.894949991195982e-06,5.552311859508166e-05,-0.001720835109627505,0.0001293625846382068,0.0,0.0,0.0009957959514237623,-2.595759041677912e-05
3,8576.958985908861,0.0,-0.001833718927622519,-0.01958590776211678,22.76289041953051,-2.10505384442962,0.0,0.0,0.0,0.0,1.0,0.0,0.9956148261712842,-0.02695652146763053,0.0,0.0,0.0007245406877998128,-0.0001073558790535556,5.849793515121068e-09,-4.963181924879982e-08,9.168594638112593e-07,9.792953881058388e-06,6.199058084834108e-06,6.745281593866566e-05,0.0009894216178799647,-9.445896922554498e-05,5.282196787304137e-06,5.765984247169952e-05,-0.001719932984227013,0.0001343409190450451,0.0,0.0,0.000995614826171284,-2.695652146763052e-05
3,8912.509381337371,0.0,-0.001976869822158722,-0.02033852807758155,22.74764614741808,-2.185957517531517,0.0,0.0,0.0,0.0,1.0,0.0,0.9954195014639972,-0.02799253253325847,0.0,0.0,0.0007237625488414334,-0.0001114818282300506,6.312342907390768e-09,-5.161764576023604e-08,9.88434911079361e-07,1.016926403879077e-05,6.688238990809199e-06,7.004516732090217e-05,0.0009887375748160948,-9.808931749992085e-05,5.699802102860299e-06,5.987588294358329e-05,-0.00171896013600803,0.0001395040536649739,0.0,0.0,0.0009954195014639973,-2.799253253325847e-05
3,9261.187281287846,0.0,-0.002131227526007473,-0.02111895114201165,22.73120844998862,-2.269851538131103,0.0,0.0,0.0,0.0,1.0,0.0,0.995208885410096,-0.02906683514757906,0.0,0.0,0.0007229234918764149,-0.0001157602718801776,6.811102364786554e-09,-5.368647704335727e-08,1.065613763003737e-06,1.055947557100583e-05,7.2157163043451e-06,7.273332851099232e-05,0.0009879999802081146,-0.0001018538501356147,6.150100410113912e-06,6.217383182103538e-05,-0.00171791112661579,0.0001448580273194638,0.0,0.0,0.000995208885410096,-2.906683514757906e-05
3,9623.506263980795,0.0,-0.002297651245723564,-0.02192806877338011,22.71348582910936,-2.356832036642069,0.0,0.0,0.0,0.0,1.0,0.0,0.9949818056449444,-0.03018066009958605,0.0,0.0,0.0007220188464140964,-0.0001201961112007183,7.348847817741723e-09,-5.584219466839731e-08,1.148825622861782e-06,1.096403438669005e-05,7.784426153471119e-06,7.552037845767661e-05,0.0009872047283392914,-0.000105756880751931,6.635598232958323e-06,6.455632214291778e-05,-0.001716780116887806,0.0001504089749115034,0.0,0.0,0.0009949818056449445,-3.018066009958605e-05
3,9999.999999999904,0.0,-0.002477063090576603,-0.02276678469207129,22.69438008799823,-2.44699645654192,0.0,0.0,0.0,0.0,1.0,0.0,0.9947370039741869,-0.03133525496618664,0.0,0.0,0.0007210436000313347,-0.000124794314187826,7.928558384070878e-09,-5.808890648841073e-08,1.238531545288302e-06,1.138339234603565e-05,8.397519622386615e-06,7.840943801713104e-05,0.0009863474129101837,-0.0001098027818898061,7.15898560003594e-06,6.702602290431067e-05,-0.001715560840172436,0.0001561631151448389,0.0,0.0,0.000994737003974187,-3.133525496618664e-05
3,10391.22303835159,0.0,-0.002670452189334815,-0.02363601237002576,22.67378589281011,-2.540443327129331,0.0,0.0,0.0,0.0,1.0,0.0,0.9944731307563542,-0.03253188119911963,0.0,0.0,0.0007199923759986238,-0.0001295599040288947,8.553429660128758e-09,-6.04309639634315e-08,1.335226094667408e-06,1.181800618501288e-05,9.058376819934214e-06,8.140366265192651e-05,0.0009854233073660799,-0.0001139959748150096,7.723148054814465e-06,6.958563283090131e-05,-0.001714246574349154,0.0001621267360217143,0.0,0.0,0.0009944731307563542,-3.253188119911963e-05
3,10797.75162327699,0.0,-0.002878878994633682,-0.02453667251480396,22.65159031424463,-2.637271997476612,0.0,0.0,0.0,0.0,1.0,0.0,0.9941887390294945,-0.03377181071461114,0.0,0.0,0.0007188594098779255,-0.0001344979455127904,9.226887616283291e-09,-6.287298107196742e-08,1.439439497316841e-06,1.226833625740198e-05,9.770621589149677e-06,8.450623388440782e-05,0.0009844273443279609,-0.0001183409175800909,8.331179212954007e-06,7.223787309033334e-05,-0.001712830112576835,0.0001683061778647993,0.0,0.0,0.0009941887390294945,-3.377181071461114e-05
3,11220.18454301952,0.0,-0.003103479768682416,-0.02546969014766209,22.62767234983992,-2.737582327223908,0.0,0.0,0.0,0.0,1.0,0.0,0.9938822783903262,-0.0350563219299856,0.0,0.0,0.0007176385251395079,-0.0001396135292370815,9.952603076267876e-09,-6.541985495814191e-08,1.551739884341208e-06,1.273484507383105e-05,1.053813683660246e-05,8.772034936478e-05,0.0009833540941567994,-0.0001228420911497237,8.986393848781567e-06,7.498547882125882e-05,-0.001711303732807146,0.0001747078135845709,0.0,0.0,0.0009938822783903262,-3.50563219299856e-05
3,11659.1440117982,0.0,-0.003345471240600695,-0.02643599123136207,22.60190242798722,-2.841474329503459,0.0,0.0,0.0,0.0,1.0,0.0,0.9935520886391851,-0.03638669518685948,0.0,0.0,0.0007163231078448629,-0.0001449117533712518,1.073450674867507e-08,-6.807678847430696e-08,1.672735620300347e-06,1.321799561568103e-05,1.13650804482961e-05,9.104921140269345e-05,0.0009821977426976377,-0.0001275039833780272,9.692341482524674e-06,7.783118935102117e-05,-0.001709659166132305,0.0001813380258917918,0.0,0.0,0.0009935520886391852,-3.638669518685947e-05
3,12115.27658628577,0.0,-0.003606155421519208,-0.02743649880000467,22.57414189514083,-2.949047760916233,0.0,0.0,0.0,0.0,1.0,0.0,0.9931963932096525,-0.0377642074958548,0.0,0.0,0.0007149060804712004,-0.000150397702716687,1.157680476545497e-08,-7.084931479072829e-08,1.803077710759604e-06,1.371824940000233e-05,1.225590174481889e-05,9.449601379937162e-05,0.0009809520682695992,-0.0001323310706100172,1.045282042790386e-05,8.07777369628705e-05,-0.001707887564060373,0.0001882031811312052,0.0,0.0,0.0009931963932096526,-3.77642074958548e-05
3,12589.25411794155,0.0,-0.003886924558734739,-0.02847212853971467,22.54424248821643,-3.060401653115222,0.0,0.0,0.0,0.0,1.0,0.0,0.9928132924084008,-0.03919012653305418,0.0,0.0,0.0007133798749812126,-0.0001560764247859059,1.248399466651684e-08,-7.374332425580996e-08,1.943462279367369e-06,1.423606426985734e-05,1.321535841179384e-05,9.806392680551582e-05,0.0009796104179912739,-0.0001373277966628258,1.127189224550187e-05,8.382783406352995e-05,-0.001705979464844187,0.0001953095993883353,0.0,0.0,0.0009928132924084008,-3.919012653305419e-05
3,13081.77474260181,0.0,-0.004189266204519093,-0.02954378376559278,22.5120457947747,-3.175633780186234,0.0,0.0,0.0,0.0,1.0,0.0,0.9924007564985362,-0.04066570381376189,0.0,0.0,0.000711736405266894,-0.000161952902603707,1.346088175111153e-08,-7.676509370207226e-08,2.094633102259547e-06,1.477189188279639e-05,1.424853382228039e-05,0.0001017560800185575,0.000978165683558007,-0.0001424985489260215,1.215389653075443e-05,8.698415859197735e-05,-0.001703924759033915,0.0002026635204996352,0.0,0.0,0.0009924007564985362,-4.066570381376189e-05
3,13593.56390878512,0.0,-0.004514768368595545,-0.03065234973706917,22.47738270429061,-3.294840055667825,0.0,0.0,0.0,0.0,1.0,0.0,0.9919566186687189,-0.04219216696466171,0.0,0.0,0.0007099670391410573,-0.0001680320239167143,1.451259569529367e-08,-7.992131840444408e-08,2.257384184297773e-06,1.532617486853459e-05,1.536085464523721e-05,0.0001055755430216231,0.000976610276619177,-0.0001478476313046892,1.310346594617141e-05,9.024933750073876e-05,-0.001701712654456178,0.0002102710655717266,0.0,0.0,0.000991956618668719,-4.219216696466171e-05
3,14125.3754462274,0.0,-0.004865124715669245,-0.03179868725074905,22.44007285461744,-3.418113852727923,0.0,0.0,0.0,0.0,1.0,0.0,0.9914785679407155,-0.04377071101130876,0.0,0.0,0.0007080625700808252,-0.0001743185464801456,1.564460731011174e-08,-8.32191469080382e-08,2.432562357834622e-06,1.589934362537452e-05,1.655810860817392e-05,0.0001095253035561748,0.000974936103939851,-0.0001533792337143916,1.412554138521485e-05,9.362592813211301e-05,-0.001699331640890978,0.0002181381935972559,0.0,0.0,0.0009914785679407156,-4.377071101130876e-05
3,14677.99267622055,0.0,-0.005242139760724296,-0.0329836254471635,22.39992407868293,-3.545545240729962,0.0,0.0,0.0,0.0,1.0,0.0,0.9909641420799268,-0.04540248859424487,0.0,0.0,0.0007060131889882193,-0.0001808170590754665,1.686274528693511e-08,-8.66662189520212e-08,2.621069880362148e-06,1.649181272358175e-05,1.78464622523498e-05,0.0001136082430111539,0.0009731345425728637,-0.0001590973978243508,1.522538712984799e-05,9.71163973039467e-05,-0.001696769454759717,0.0002262706527345337,0.0,0.0,0.0009909641420799268,-4.540248859424487e-05
3,15252.22956539003,0.0,-0.005647734004842864,-0.03420795376569615,22.35673185751023,-3.677220131193027,0.0,0.0,0.0,0.0,1.0,0.0,0.9904107205869551,-0.04708859902410124,0.0,0.0,0.0007038084562644986,-0.0001875319379032736,1.817321274419218e-08,-9.027070672394516e-08,2.823867002421432e-06,1.710397688284808e-05,1.923247848500465e-05,0.000117827109004126,0.0009711964153146943,-0.0001650059787349512,1.640860583484912e-05,0.0001007230979133241,-0.001694013044220566,0.0002346739258054509,0.0,0.0,0.000990410720586955,-4.708859902410124e-05
3,15848.93192461097,0.0,-0.006083948943125472,-0.03547241298053065,22.31027878685025,-3.813219325999151,0.0,0.0,0.0,0.0,1.0,0.0,0.9898155178635741,-0.04883007608411253,0.0,0.0,0.0007014372745899333,-0.0001944672979857509,1.958260335347312e-08,-9.40413596843622e-08,3.041974471562736e-06,1.773620649026533e-05,2.072313369480612e-05,0.0001221844848250685,0.0009691119667721215,-0.0001711086022688654,1.768115313929476e-05,0.0001044482428623902,-0.001691048535128137,0.0002433531695544833,0.0,0.0,0.000989815517863574,-4.883007608411253e-05
3,16468.97865482852,0.0,-0.006552951863699752,-0.03677768524999447,22.26033406605015,-3.953617460650758,0.0,0.0,0.0,0.0,1.0,0.0,0.989175576663613,-0.05062787448782397,0.0,0.0,0.0006988878628291229,-0.0002016269392114967,2.109791678219249e-08,-9.798755320393976e-08,3.276475931849876e-06,1.838884262499724e-05,2.232583415373464e-05,0.0001266827555118327,0.0009668708404266607,-0.0001774086175528606,1.90493516689331e-05,0.0001082938761091502,-0.001687861198416907,0.0002523131472104145,0.0,0.0,0.000989175576663613,-5.062787448782397e-05
3,17113.28304161763,0.0,-0.007057040342804966,-0.0381243831124219,22.20665301927536,-4.09848183546139,0.0,0.0,0.0,0.0,1.0,0.0,0.9884877619583846,-0.05248285490080001,0.0,0.0,0.0006961477315960973,-0.0002090142866588707,2.272657314461831e-08,-1.0211934125378e-07,3.528520171402483e-06,1.906219155621095e-05,2.404843138075794e-05,0.0001313240703288821,0.0009644620571507714,-0.0001839090445709359,2.051990415231538e-05,0.000112261840648288,-0.001684435419545771,0.0002615581538963074,0.0,0.0,0.0009884877619583845,-5.248285490080002e-05
3,17782.79410038904,0.0,-0.007598646325471137,-0.03951303736394852,22.1489766608481,-4.247871127806292,0.0,0.0,0.0,0.0,1.0,0.0,0.9877487553673809,-0.05439576743826167,0.0,0.0,0.0006932036610640679,-0.0002166323248483093,2.447642610294583e-08,-1.064475133831886e-07,3.799323162735569e-06,1.975651868197426e-05,2.589923608981465e-05,0.0001361103014287202,0.000961873995703669,-0.000190612516380365,2.209990532843283e-05,0.0001163537432337085,-0.001680754670759232,0.0002710919344487139,0.0,0.0,0.000987748755367381,-5.439576743826167e-05
3,18478.49797422272,0.0,-0.008180339664376035,-0.04094408375782646,22.08703131826939,-4.401833979004869,0.0,0.0,0.0,0.0,1.0,0.0,0.9869550503280659,-0.05636723355628732,0.0,0.0,0.0006900416817268162,-0.0002244835255939548,2.635577420523581e-08,-1.109836562065848e-07,4.090169832188018e-06,2.047204187891323e-05,2.788703028675632e-05,0.0001410429984897144,0.0009590943758155146,-0.0001975212157022083,2.379685227422894e-05,0.0001205709156667173,-0.001676801487030088,0.0002809175932365626,0.0,0.0,0.0009869550503280658,-5.636723355628732e-05
3,19201.41938638781,0.0,-0.008804830971138156,-0.04241784847133598,22.02052832844273,-4.560407450097455,0.0,0.0,0.0,0.0,1.0,0.0,0.9861029482036034,-0.05839772626305808,0.0,0.0,0.0006866470588873241,-0.000232569769162666,2.83733699876117e-08,-1.157402196012737e-07,4.402415485569078e-06,2.120892423566799e-05,3.002107701726755e-05,0.0001461233391461769,0.0009561102445563239,-0.0002046368056288362,2.561865272686752e-05,0.0001249143724926603,-0.001672557446674716,0.0002910374956133222,0.0,0.0,0.0009861029482036035,-5.839772626305808e-05
3,19952.62314968858,0.0,-0.00947497361465821,-0.04393453229561088,21.94916382470938,-4.723615341763504,0.0,0.0,0.0,0.0,1.0,0.0,0.9851885555541547,-0.06048754858924465,0.0,0.0,0.0006830042817933535,-0.0002408922584977158,3.053842630449044e-08,-1.207305877889294e-07,4.737486807329105e-06,2.196726614780544e-05,3.231112720067606e-05,0.00015135207505816,0.0009529079667797829,-0.0002119603542351936,2.757363091837374e-05,0.0001293847649758222,-0.001668003157760278,0.0003014531606981286,0.0,0.0,0.0009851885555541547,-6.048754858924465e-05
3,20733.21573485933,0.0,-0.01019376468039934,-0.04549419351619874,21.87261863451183,-4.891466374959571,0.0,0.0,0.0,0.0,1.0,0.0,0.9842077828256529,-0.06263681027369081,0.0,0.0,0.000679097058410516,-0.0002494514263316761,3.28606192834249e-08,-1.259691554342664e-07,5.096882340199671e-06,2.274709675809937e-05,3.476742291374644e-05,0.0001567294735111422,0.0009494732205311897,-0.0002194922529402673,2.967053037978252e-05,0.0001339823312588493,-0.001663118251576057,0.0003121651452699103,0.0,0.0,0.000984207782825653,-6.263681027369081e-05
3,21544.3469003186,0.0,-0.01096434468293683,-0.04709672946848028,21.79055830979708,-5.063952230591968,0.0,0.0,0.0,0.0,1.0,0.0,0.9831563447393772,-0.06484540264279753,0.0,0.0,0.0006749083169770298,-0.0002582468351041423,3.535008723130933e-08,-1.314714088427205e-07,5.482172341468417e-06,2.354836473424014e-05,3.740069641489475e-05,0.0001622552544915038,0.0009457909984117137,-0.0002272321285431441,3.191851310908211e-05,0.0001387068426605342,-0.001657881384572901,0.0003231729186639332,0.0,0.0,0.0009831563447393772,-6.484540264279754e-05
3,22387.21138568315,0.0,-0.01178999580216655,-0.04874185677275029,21.70263331460826,-5.241045448740635,0.0,0.0,0.0,0.0,1.0,0.0,0.9820297626955787,-0.06711297169022229,0.0,0.0,0.0006704202155760619,-0.0002672770697078053,3.801742474756116e-08,-1.372540122732184e-07,5.894997901083276e-06,2.437092838637515e-05,4.022216412429529e-05,0.0001679285232543415,0.000941845615996031,-0.000235178748956837,3.432715443321644e-05,0.0001435575461261095,-0.001652270250336985,0.0003344747287067074,0.0,0.0,0.0009820297626955787,-6.71129716902223e-05
3,23263.05067153601,0.0,-0.01267413839176479,-0.05042909027938911,21.60847939663449,-5.422697190680315,0.0,0.0,0.0,0.0,1.0,0.0,0.9808233695341653,-0.06943888939848049,0.0,0.0,0.0006656141611067756,-0.0002765396232324302,4.087367122922209e-08,-1.433348993003575e-07,6.337069195882395e-06,2.521454513969456e-05,4.324351470083416e-05,0.0001737476984877571,0.0009376207285045601,-0.0002433299227855379,3.690643283081395e-05,0.0001485331029189722,-0.00164626160329906,0.0003460674588935952,0.0,0.0,0.0009808233695341652,-6.943888939848049e-05
3,24173.15480804078,0.0,-0.01362032548752801,-0.0521577207857218,21.50771817171926,-5.608834870263769,0.0,0.0,0.0,0.0,1.0,0.0,0.9795323170240234,-0.07182222338655914,0.0,0.0,0.0006604708391195757,-0.0002860307760378378,4.393029288502525e-08,-1.497333690606953e-07,6.810162743764003e-06,2.60788603928609e-05,4.647689028530673e-05,0.0001797104362842534,0.0009330993570316017,-0.0002516823930398732,3.966671392121756e-05,0.0001536315237336717,-0.001639831296038952,0.0003579464772307528,0.0,0.0,0.0009795323170240235,-7.182222338655913e-05
3,25118.86431509553,0.0,-0.01463223502405309,-0.05392679162340576,21.39995795237077,-5.79935966519786,0.0,0.0,0.0,0.0,1.0,0.0,0.978151586478739,-0.07426170501846843,0.0,0.0,0.0006549702561049475,-0.0002957454686962069,4.719915731326175e-08,-1.564701870986053e-07,7.316117512026544e-06,2.696339581170288e-05,4.99348599136868e-05,0.0001858135502571326,0.0009282639257223652,-0.0002602317254626996,4.261872776942546e-05,0.0001588501005186381,-0.001632954332158265,0.0003701054774110923,0.0,0.0,0.000978151586478739,-7.426170501846844e-05
3,26101.57215682508,0.0,-0.01571365945187519,-0.05573507425896727,21.28479485305581,-5.994143923405529,0.0,0.0,0.0,0.0,1.0,0.0,0.9766760029187443,-0.07675569616739514,0.0,0.0,0.0006490917959187659,-0.0003056771695782445,5.069249964531557e-08,-1.635676903867726e-07,7.856829725937597e-06,2.786753712948364e-05,5.363038404852246e-05,0.0001920529282894061,0.0009230963113698666,-0.0002689721921471879,4.57735386089254e-05,0.0001641853354248481,-0.001625604936818403,0.0003825363132955728,0.0,0.0,0.0009766760029187443,-7.675569616739514e-05
3,27122.72579331998,0.0,-0.01686849243505484,-0.05758104310078677,21.16181420635181,-6.193028485063343,0.0,0.0,0.0,0.0,1.0,0.0,0.9751002532164927,-0.07930215489926731,0.0,0.0,0.0006428142920666957,-0.0003158177381332727,5.442287921732161e-08,-1.710498959337696e-07,8.43424621752742e-06,2.879052155039339e-05,5.757676913501407e-05,0.0001984234465758932,0.0009175779069606964,-0.0002778966513710943,4.914250604899434e-05,0.0001696328674444567,-0.001617756647116719,0.0003952288280130722,0.0,0.0,0.0009751002532164927,-7.930215489926732e-05
3,28183.82931264423,0.0,-0.01810071230279076,-0.05946284976356479,21.03059232471281,-6.395819947051748,0.0,0.0,0.0,0.0,1.0,0.0,0.9734189086699852,-0.08189860041830845,0.0,0.0,0.000636116117636476,-0.0003261572852298888,5.840312571156723e-08,-1.789426122057245e-07,9.050356151395378e-06,2.97314248817824e-05,6.178761106647704e-05,0.0002049188818164603,0.0009116897007292195,-0.0002869964248469745,5.27372368143696e-05,0.0001751873974718282,-0.001609382424517136,0.0004081706793847006,0.0,0.0,0.0009734189086699852,-8.189860041830845e-05
3,29286.44564625204,0.0,-0.01941436192976687,-0.06137829710600554,20.89069864248551,-6.602287903445877,0.0,0.0,0.0,0.0,1.0,0.0,0.9716264524484383,-0.08454207770544772,0.0,0.0,0.00062897529463668,-0.0003366840322725495,6.264627371278765e-08,-1.872735523811446e-07,9.707180964883432e-06,3.068914855300277e-05,6.627672644773896e-05,0.0002115318226394633,0.0009054123722744125,-0.0002962611738972922,5.656952606849406e-05,0.0001808426127081634,-0.001600454791550687,0.0004213471638196409,0.0,0.0,0.0009716264524484383,-8.454207770544773e-05
3,30432.19887107688,0.0,-0.02081352473060138,-0.06332481342872304,20.74169827167584,-6.812162203263453,0.0,0.0,0.0,0.0,1.0,0.0,0.9697173123393437,-0.08722912237768915,0.0,0.0,0.0006213696244560252,-0.0003473841711973402,6.716548465885947e-08,-1.96072448228814e-07,1.040676236530069e-05,3.166240671436152e-05,7.105807058143445e-05,0.0002182535815779803,0.0008987264072425681,-0.0003056787764038983,6.065128740260925e-05,0.0001865911115388054,-0.001590945994917603,0.0004347410413124697,0.0,0.0,0.0009697173123393437,-8.722912237768915e-05
3,31622.77660168344,0.0,-0.02230229647610726,-0.06529942729639178,20.58315500258808,-7.02513027488757,0.0,0.0,0.0,0.0,1.0,0.0,0.9676858991956742,-0.08995572640162222,0.0,0.0,0.0006132768410338496,-0.000358241727870634,7.197395523762702e-08,-2.053711631510311e-07,1.115114823805363e-05,3.264971364819589e-05,7.614564117853017e-05,0.000225074109184588,0.0008916122319723819,-0.0003152352067493613,6.499447063818002e-05,0.0001924243302369648,-0.001580828196981465,0.0004483323646946036,0.0,0.0,0.0009676858991956742,-8.995572640162222e-05
3,32859.93247600617,0.0,-0.02388475267541801,-0.06729874352956744,20.41463477658709,-7.240834575250889,0.0,0.0,0.0,0.0,1.0,0.0,0.9655266514324087,-0.0927173054053308,0.0,0.0,0.0006046747881259806,-0.0003692384318552122,7.708481139909362e-08,-2.15203802672582e-07,1.1942376337709e-05,3.364937176478372e-05,8.15533669185953e-05,0.0002319819121486129,0.0008840503693252127,-0.0003249144213566163,6.96109666961335e-05,0.0001983324730850857,-0.001570073697392704,0.0004620983168487358,0.0,0.0,0.0009655266514324087,-9.27173054053308e-05
3,34145.48873833563,0.0,-0.02556491132067129,-0.06931892099550707,20.23570965262979,-7.458870230801999,0.0,0.0,0.0,0.0,1.0,0.0,0.9632340858497196,-0.09550866844743022,0.0,0.0,0.0005955416217788834,-0.0003803535959652216,8.251098732250408e-08,-2.25606820386033e-07,1.278245566033565e-05,3.465946049775354e-05,8.729498016522101e-05,0.0002389639775664823,0.0008760216166718215,-0.0003346982528342986,7.45124989399741e-05,0.0002043044477498077,-0.001558655186223556,0.0004760130601617063,0.0,0.0,0.0009632340858497196,-9.550866844743023e-05
3,35481.33892335714,0.0,-0.0273466908621276,-0.07135565291106827,20.04596228163209,-7.67878294619296,0.0,0.0,0.0,0.0,1.0,0.0,0.9608028549630591,-0.09832399121623167,0.0,0.0,0.0005858560387222989,-0.0003915640094843686,8.826508890809045e-08,-2.366191170946273e-07,1.36733454310638e-05,3.567782645553413e-05,9.338387338519339e-05,0.0002460057058019795,0.0008675072466667739,-0.0003445663161353058,7.971050060743884e-05,0.0002103278079907924,-0.00154654602951243,0.0004900476030627043,0.0,0.0,0.0009608028549630591,-9.832399121623167e-05
3,36869.45064519533,0.0,-0.02923386337323874,-0.07340415045102511,19.84499089297827,-7.900067265173961,0.0,0.0,0.0,0.0,1.0,0.0,0.9582278108953267,-0.1011567937415449,0.0,0.0,0.0005755975309096328,-0.0004028438493626774,9.43592416598315e-08,-2.482821306361571e-07,1.461693168661937e-05,3.670207522551255e-05,9.983293913321617e-05,0.0002530908546474742,0.0008584892310037701,-0.0003544959305196552,8.521597821273391e-05,0.0002163887060178111,-0.00153372058748924,0.0005041696890393799,0.0,0.0,0.0009582278108953268,-0.0001011567937415449
3,38311.86849557243,0.0,-0.03123000297884748,-0.07545913052775244,19.6324147853771,-8.12216527591267,0.0,0.0,0.0,0.0,1.0,0.0,0.9555040757312327,-0.1039999238006952,0.0,0.0,0.0005647466657965339,-0.0004141646140971011,1.008049231933361e-07,-2.606399136381257e-07,1.561500148942374e-05,3.772956526387622e-05,0.0001066543938523412,0.0002602014977453018,0.000848950486802085,-0.0003644620614596352,9.103936113291484e-05,0.0002224718570222951,-0.001520154564991771,0.0005183437140144909,0.0,0.0,0.0009555040757312327,-0.0001039999238006952
3,39810.71705534926,0.0,-0.0333384297561572,-0.07751480866826035,19.40788029973808,-8.344465859349167,0.0,0.0,0.0,0.0,1.0,0.0,0.9526271180477887,-0.1068455472822478,0.0,0.0,0.0005532853912302294,-0.0004254950853304629,1.076127810445674e-07,-2.737391962622336e-07,1.66692148780786e-05,3.875740433413018e-05,0.0001138595862065473,0.0002673180004336227,0.0008388751446222858,-0.0003744372869121327,9.719033799003915e-05,0.0002285605185846837,-0.001505825392638438,0.00053253067837844,0.0,0.0,0.0009526271180477887,-0.0001068455472822478
3,41368.20402388459,0.0,-0.0355621494772389,-0.07956489795637658,19.17106723479603,-8.566304583649893,0.0,0.0,0.0,0.0,1.0,0.0,0.9495928351177325,-0.109685146827983,0.0,0.0,0.0005411973629343425,-0.0004368013224279599,1.147924369701168e-07,-2.876294308630339e-07,1.778107473861945e-05,3.978244897818829e-05,0.0001214587912056893,0.000274419016323968,0.0008282488363490136,-0.0003843917925828141,0.0001036776809049203,0.0002346364877808817,-0.001490712636258884,0.000546688180255217,0.0,0.0,0.0009495928351177325,-0.000109685146827983
3,42986.62347082227,0.0,-0.03790378974229069,-0.08160261502524788,18.92169564699799,-8.786964349674491,0.0,0.0,0.0,0.0,1.0,0.0,0.9463976400365117,-0.1125095300973749,0.0,0.0,0.0005284682916113503,-0.0004480466953890039,1.22352279513692e-07,-3.023628154316157e-07,1.895189487114535e-05,4.080130751262394e-05,0.0001294609919995944,0.0002814815079770623,0.0008170590003164308,-0.0003942934008898689,0.0001105090592246593,0.0002406801188618234,-0.001474798430847191,0.0005607704566940597,0.0,0.0,0.0009463976400365117,-0.0001125095300973749
3,44668.35921509578,0.0,-0.0403655332517201,-0.0836206940717063,18.65953295499053,-9.005676890919025,0.0,0.0,0.0,0.0,1.0,0.0,0.9430385527521128,-0.1153088489802418,0.0,0.0,0.0005150863055926047,-0.0004591919613743389,1.302992472570799e-07,-3.179942927416517e-07,2.018276662586005e-05,4.181034703585315e-05,0.0001378736518976236,0.0002884807949969613,0.0008052952001017462,-0.0004041076382699447,0.0001176908449062307,0.000246670364340414,-0.001458067933953533,0.0005747284793932161,0.0,0.0,0.0009430385527521128,-0.0001153088489802418
3,46415.88833612725,0.0,-0.04294904917779241,-0.08561140981284132,18.3844012464007,-9.221625225946976,0.0,0.0,0.0,0.0,1.0,0.0,0.9395132936868859,-0.1180726310133795,0.0,0.0,0.0005010423238126505,-0.000470195389848882,1.386386058620613e-07,-3.34581522283371e-07,2.147452458889621e-05,4.280570490642066e-05,0.0001467024798966653,0.0002953906326885915,0.0007929494523960826,-0.0004137978452242543,0.0001252279123587197,0.000252584842170761,-0.0014405097919864,0.0005885101112090285,0.0,0.0,0.0009395132936868859,-0.0001180726310133795
3,48231.7848223925,0.0,-0.04565542381642795,-0.08756661021020153,18.0961846611923,-9.433947151212726,0.0,0.0,0.0,0.0,1.0,0.0,0.9358203783405318,-0.1207898241274908,0.0,0.0,0.0004863304326981899,-0.0004810129408339137,1.473737227213007e-07,-3.52184822380895e-07,2.282771190821398e-05,4.378330510510076e-05,0.0001559511937518091,0.0003021833240994572,0.0007800165583114439,-0.0004233253330493289,0.0001331234361881716,0.0002583999314277461,-0.001422116611400126,0.000602060329058629,0.0,0.0,0.0009358203783405318,-0.0001207898241274908
3,50118.72336272663,0.0,-0.04848509191821693,-0.0894777596432037,17.79483670261545,-9.64173984686545,0.0,0.0,0.0,0.0,1.0,0.0,0.9319592109653506,-0.1234488556544694,0.0,0.0,0.0004709482593536762,-0.0004915984999654399,1.565058437431807e-07,-3.708670803567444e-07,2.424254595910846e-05,4.473887982160185e-05,0.0001656212853704528,0.0003088298677747638,0.000766494431438641,-0.00043264959050959,0.0001413786909262527,0.0002640908984754023,-0.001402885425264011,0.0006153215178527072,0.0,0.0,0.0009319592109653507,-0.0001234488556544694
3,52079.48328595401,0.0,-0.05143777030414709,-0.09133599301695905,17.48038730478538,-9.844065647212684,0.0,0.0,0.0,0.0,1.0,0.0,0.9279301751231858,-0.1260377062571956,0.0,0.0,0.00045489733232984,-0.0005019041730032203,1.660338774636079e-07,-3.906936292458318e-07,2.571888515207355e-05,4.566799650847952e-05,0.0001757117940160047,0.0003153001428842626,0.0007523844149846453,-0.000441728542770704,0.0001499928574261607,0.0002696320550397898,-0.001382818144299636,0.0006282338387517683,0.0,0.0,0.0009279301751231858,-0.0001260377062571956
3,54116.95265464572,0.0,-0.05451239555365106,-0.09313218103946323,17.15294946653418,-10.03995900087276,0.0,0.0,0.0,0.0,1.0,0.0,0.9237347186850349,-0.1285439991025307,0.0,0.0,0.0004381834202514812,-0.000511880641065332,1.759541922669758e-07,-4.117320903744529e-07,2.725619777682553e-05,4.656609051973162e-05,0.000186219093429614,0.0003215631325239236,0.0007376915794476882,-0.0004505188637168288,0.0001589628411403934,0.000274996948872011,-0.001361921980237213,0.000640735673346382,0.0,0.0,0.0009237347186850349,-0.0001285439991025307
3,56234.13251903423,0.0,-0.05770706769663558,-0.09485700660040017,16.81272524583881,-10.22843461341687,0.0,0.0,0.0,0.0,1.0,0.0,0.9193754306377322,-0.130955104185257,0.0,0.0,0.000420816837804705,-0.0005214775762206192,1.86260432964485e-07,-4.340521821027025e-07,2.885353384831779e-05,4.742850330020009e-05,0.0001971366994706473,0.0003275871849613496,0.0007224249916000491,-0.0004589763413287094,0.0001682831079152622,0.0002801585868041432,-0.001340209828369021,0.000652764143300677,0.0,0.0,0.0009193754306377322,-0.000130955104185257
3,58434.14133735106,0.0,-0.06101900193292531,-0.0965010518337806,16.46001089935749,-10.40849672802618,0.0,0.0,0.0,0.0,1.0,0.0,0.9148561069369172,-0.133258257233099,0.0,0.0,0.0004028127080898392,-0.000530644115168899,1.969433632746291e-07,-4.577254961652128e-07,3.050950096646265e-05,4.825052591689031e-05,0.0002084551051901658,0.0003333403113976938,0.0007065979451100259,-0.000467056294126958,0.0001779455432047013,0.0002850896889797518,-0.001317700595541704,0.0006642557026209084,0.0,0.0,0.0009148561069369172,-0.000133258257233099
3,60720.21956909812,0.0,-0.06444449042794509,-0.09805489505804998,16.09520094890072,-10.57914945831566,0.0,0.0,0.0,0.0,1.0,0.0,0.9101818026108321,-0.1354406920928378,0.0,0.0,0.0003841911701955025,-0.000539329386627263,2.079907408323534e-07,-4.828252443063584e-07,3.222224521397254e-05,4.902744752902499e-05,0.0002201616503384875,0.0003387905174911658,0.0006902281430131767,-0.0004747140348283099,0.0001879393406800248,0.0002897629719072457,-0.001294419459673901,0.0006751467970714797,0.0,0.0,0.0009101818026108322,-0.0001354406920928379
3,63095.73444801856,0.0,-0.06797887617982235,-0.09950921637331647,15.71879096237477,-10.73940804339208,0.0,0.0,0.0,0.0,1.0,0.0,0.9053588673926666,-0.1374897849326848,0.0,0.0,0.0003649775211587158,-0.0005474830857896684,2.193872311791962e-07,-5.094259792498066e-07,3.398943808991117e-05,4.975460818665824e-05,0.0002322404321246596,0.0003439061644725831,0.0006733378224991863,-0.0004819053753845179,0.0001982509260558724,0.0002941514567767086,-0.001270398047229948,0.0006853745824444424,0.0,0.0,0.0009053588673926666,-0.0001374897849326848
3,65564.18494179708,0.0,-0.07161654081036417,-0.1008549102728781,15.33137885193342,-10.88831085023,0.0,0.0,0.0,0.0,1.0,0.0,0.9003949623539115,-0.1393932080196988,0.0,0.0,0.0003452022822312273,-0.0005550560869317378,2.311143667239321e-07,-5.376032954135318e-07,3.580827040518208e-05,5.042745513643906e-05,0.0002446722635579307,0.000348656354239901,0.0006559538131627048,-0.0004885871655550135,0.000208863921536208,0.0002982287982485517,-0.001245674516069384,0.0006948776905218446,0.0,0.0,0.0009003949623539115,-0.0001393932080196988
3,68129.20690579529,0.0,-0.07535090789427912,-0.1020832032158641,14.93366451742446,-11.02493190475201,0.0,0.0,0.0,0.0,1.0,0.0,0.8952990553359903,-0.1411390902711379,0.0,0.0,0.000324901180687065,-0.0005620010830000854,2.431505558917622e-07,-5.67433516113663e-07,3.767545394713956e-05,5.104160160793206e-05,0.0002574346848878606,0.0003530113314164245,0.0006381075210040216,-0.0004947178552036762,0.0002197591555898134,0.0003019696277252893,-0.001220293532695704,0.0007035970287775917,0.0,0.0,0.0008952990553359904,-0.0001411390902711379
3,70794.57843841292,0.0,-0.07917446310644771,-0.103185773732575,14.52644769884129,-11.14839369304561,0.0,0.0,0.0,0.0,1.0,0.0,0.8900813934338938,-0.1427161812667055,0.0,0.0,0.0003041150402046666,-0.0005682732389884482,2.554711465961642e-07,-5.989933752190968e-07,3.958723155322386e-05,5.15928868662875e-05,0.0002705020325165174,0.0003569428940752986,0.0006198348320639724,-0.0005002580687172232,0.0002309147217888306,0.0003053499040232375,-0.001194306135209766,0.0007114765973215142,0.0,0.0,0.0008900813934338938,-0.0001427161812667055
3,73564.22544596322,0.0,-0.08307879204085644,-0.1041548723183629,14.11062394687175,-11.25787994052769,0.0,0.0,0.0,0.0,1.0,0.0,0.8847534513670154,-0.1441140149778614,0.0,0.0,0.0002828895751926241,-0.0005738308441882722,2.680485467868305e-07,-6.323597022449435e-07,4.153939602042822e-05,5.207743615918145e-05,0.0002838455682999507,0.0003604248037539767,0.0006011759316138517,-0.000505171178434083,0.0002423060892007306,0.0003083472634399229,-0.001167769476164482,0.0007184643044317873,0.0,0.0,0.0008847534513670154,-0.0001441140149778614
3,76442.22742525907,0.0,-0.08705463604842456,-0.1049834381394913,13.6871786745565,-11.35264805212161,0.0,0.0,0.0,0.0,1.0,0.0,0.8793278552632648,-0.1453230691532945,0.0,0.0,0.0002612750871611169,-0.0005786359471284808,2.808524031867602e-07,-6.67609120629312e-07,4.352731802421228e-05,5.249171906974567e-05,0.0002974336704258505,0.0003634331845882723,0.0005821750372406013,-0.0005094238628621961,0.0002539062653470022,0.0003109413605350883,-0.001140746442961915,0.0007245127604587065,0.0,0.0,0.0008793278552632649,-0.0001453230691532945
3,79432.82347242715,0.0,-0.09109196587248647,-0.1056652094468386,13.25717931359916,-11.43204088292822,0.0,0.0,0.0,0.0,1.0,0.0,0.8738182821581085,-0.1463349161256071,0.0,0.0,0.0002393260643520634,-0.0005826549563436867,2.938498374901482e-07,-7.048177693550904e-07,4.554598293624323e-05,5.283260472341932e-05,0.0003112320851119146,0.0003659469009597019,0.0005628800468836843,-0.0005129866348546642,0.0002656860110837057,0.0003131141905710732,-0.001113305157294131,0.0007295800289984777,0.0,0.0,0.0008738182821581086,-0.0001463349161256071
3,82540.4185268008,0.0,-0.09518007225439917,-0.1061948245876885,12.82176566342997,-11.49549750827317,0.0,0.0,0.0,0.0,1.0,0.0,0.8682393363373837,-0.1471423607965882,0.0,0.0,0.00021710068911307,-0.0005858591900579357,3.070057373287181e-07,-7.44061058100886e-07,4.759003612719959e-05,5.309741229384425e-05,0.0003252042362977769,0.0003679479030306102,0.0005433421057769356,-0.0005158343248852994,0.0002776141049905053,0.0003148503845419413,-0.00108551835925097,0.0007336303142131961,0.0,0.0,0.0008682393363373838,-0.0001471423607965882
3,85769.58985908833,0.0,-0.09930767206679181,-0.106567910633037,12.38213858660495,-11.54256267555792,0.0,0.0,0.0,0.0,1.0,0.0,0.8626064044917362,-0.1477395617320004,0.0,0.0,0.0001946602608664527,-0.0005882253585821617,3.202830973220361e-07,-7.854134656978793e-07,4.965383603339591e-05,5.328395531651849e-05,0.0003393115884020938,0.0003694215299762072,0.0005236150991869644,-0.0005179465051739055,0.0002896576530610261,0.0003161374680917781,-0.001057462685894739,0.0007366345640243965,0.0,0.0,0.0008626064044917362,-0.0001477395617320004
3,89125.09381337342,0.0,-0.1034630279407043,-0.1067811569010035,11.93954726708035,-11.57289464836306,0.0,0.0,0.0,0.0,1.0,0.0,0.8569354924572019,-0.1481221316558447,0.0,0.0,0.0001720685457157201,-0.0005897359646396261,3.336434036118995e-07,-8.289483908219266e-07,5.173151397035214e-05,5.339057845050173e-05,0.0003535140551961242,0.0003703567616218431,0.0005037550806646886,-0.0005193078416685097,0.0003017824377627447,0.0003169660763901844,-0.001029217858123155,0.000738570970705843,0.0,0.0,0.0008569354924572019,-0.0001481221316558447
3,92611.87281287817,0.0,-0.1076340788185755,-0.1068323710504771,11.49527530479423,-11.58627119515958,0.0,0.0,0.0,0.0,1.0,0.0,0.851243047045418,-0.1482872141710167,0.0,0.0,0.0001493910666577891,-0.0005903796089815616,3.470470535497384e-07,-8.74738062580794e-07,5.381703940928773e-05,5.341618552523856e-05,0.0003677704460194763,0.0003707464105386096,0.0004838196480794914,-0.0005199083627722072,0.0003139532989761098,0.0003173301181810001,-0.001000865793267192,0.0007394253530689787,0.0,0.0,0.000851243047045418,-0.0001482872141710167
3,96235.06263980764,0.0,-0.1118085784192873,-0.1067205159286239,11.0506259674499,-11.58259352923577,0.0,0.0,0.0,0.0,1.0,0.0,0.8455457670750897,-0.148233534228403,0.0,0.0,0.0001266943507709506,-0.0005901511914179203,3.604538007614667e-07,-9.228535170117267e-07,5.590428920964363e-05,5.336025796431196e-05,0.0003820389390406322,0.0003705872483912839,0.0004638672818352188,-0.0005197436361366985,0.0003261345380224104,0.0003172268837064559,-0.0009724896639058955,0.0007391914079017958,0.0,0.0,0.0008455457670750897,-0.0001482335342284031
3,99999.9999999987,0.0,-0.1159742382716524,-0.106445725958518,10.60690695551355,-11.5618880706195,0.0,0.0,0.0,0.0,1.0,0.0,0.8398604081662914,-0.1479614206886977,0.0,0.0,0.0001040451515577079,-0.0005890520006709421,3.738232147449666e-07,-9.73364643558471e-07,5.798711913582622e-05,5.322286297925901e-05,0.0003962775701379789,0.0003698800623918714,0.0004439566612430573,-0.0005188148477241276,0.0003382903350279145,0.0003166570929668864,-0.0009441729256155496,0.0007378708224120012,0.0,0.0,0.0008398604081662913,-0.0001479614206886977
3,103912.2303835156,0.0,-0.1201188717796615,-0.1060093025192698,10.16541505699678,-11.52430597170417,0.0,0.0,0.0,0.0,1.0,0.0,0.8342035861226131,-0.1474728002300298,0.0,0.0,8.150966566261575e-05,-0.0005870896900733724,3.871151435287062e-07,-1.026340303445478e-06,6.005943588983076e-05,5.300465125963489e-05,0.000410444725317316,0.0003686296399880768,0.0004241459759488259,-0.000517128780521552,0.0003503851693086135,0.0003156248827191393,-0.0009159983376857417,0.0007354732439552869,0.0,0.0,0.0008342035861226132,-0.0001474728002300298
3,107977.5162327696,0.0,-0.1242305357387932,-0.1054136884660465,9.727421073277643,-11.47012042229658,0.0,0.0,0.0,0.0,1.0,0.0,0.8285915837861475,-0.146771162802777,0.0,0.0,5.91527634257738e-05,-0.0005842781399135744,4.002901677759132e-07,-1.081848519622134e-06,6.211526786939658e-05,5.270684423302327e-05,0.0004244996244315829,0.0003668446822909554,0.0004044922495223407,-0.0005146976936133546,0.0003623842323316507,0.0003141377326442438,-0.0008880470011333186,0.0007320161080536236,0.0,0.0,0.0008285915837861475,-0.000146771162802777
3,112201.8454301949,0.0,-0.1282976658306463,-0.1046624226246119,9.29415538571719,-11.39972182298184,0.0,0.0,0.0,0.0,1.0,0.0,0.8230401661030179,-0.1458614997705571,0.0,0.0,3.703725214670994e-05,-0.0005806372109667945,4.133100350664837e-07,-1.139956735730535e-06,6.414883291532313e-05,5.233121131230597e-05,0.0004384027843374399,0.0003645376490942252,0.0003850506918006441,-0.0005115391056005128,0.0003742538231244513,0.0003122063331194966,-0.0008603974376114598,0.0007275243303734857,0.0,0.0,0.0008230401661030179,-0.0001458614997705571
3,116591.4401179817,0.0,-0.1323092028760753,-0.1037600757382396,8.866794505894578,-11.31361098419541,0.0,0.0,0.0,0.0,1.0,0.0,0.8175644077920386,-0.1447502167540133,0.0,0.0,1.522318955887725e-05,-0.0005761923972434912,4.261380639057735e-07,-1.200732139473498e-06,6.615460143803764e-05,5.188003786911981e-05,0.000452116450487647,0.0003617245405356677,0.0003658740953682972,-0.0005076754894291544,0.0003859617167404068,0.0003098443989064722,-0.0008331247310900403,0.0007220298727111385,0.0,0.0,0.0008175644077920386,-0.0001447502167540133
3,121152.7658628573,0.0,-0.1362547070087818,-0.102712169911364,8.446448911627707,-11.2123905687154,0.0,0.0,0.0,0.0,1.0,0.0,0.8121785374881769,-0.1434450239669277,0.0,0.0,-6.232737063349703e-06,-0.0005709743890723873,4.387395082435175e-07,-1.264242043931367e-06,6.812735350439091e-05,5.1356084955682e-05,0.0004656049872628055,0.0003584246223867985,0.000347012289733615,-0.0005031338883976576,0.0003974774975037076,0.0003070684347189466,-0.0008062997515951853,0.0007155711968770961,0.0,0.0,0.0008121785374881769,-0.0001434450239669277
3,125892.5411794151,0.0,-0.1401244574181451,-0.1015250840571001,8.034152419106459,-11.09675504456503,0.0,0.0,0.0,0.0,1.0,0.0,0.8068958015682552,-0.1419548074655798,0.0,0.0,-2.727775338379201e-05,-0.0005650185601404623,4.510818748600889e-07,-1.330554318884193e-06,7.006222870907252e-05,5.076254202855004e-05,0.0004788352190095599,0.0003546601035382384,0.0003285116644335547,-0.0004979454653227023,0.0004087728501760306,0.0003038974599846045,-0.0007799884769772447,0.0007081926235193436,0.0,0.0,0.0008068958015682553,-0.0001419548074655798
3,130817.7474260177,0.0,-0.1439095358724285,-0.1002059481953891,7.630853281580188,-10.96747945148133,0.0,0.0,0.0,0.0,1.0,0.0,0.8017283500990268,-0.140289485195659,0.0,0.0,-4.786345235219258e-05,-0.0005583643939696126,4.631351877957264e-07,-1.399737863102601e-06,7.195476793621425e-05,5.010297409769454e-05,0.0004917767156740425,0.0003504557754087686,0.00031041476961278,-0.0004921449984675302,0.0004198218038282926,0.0003003527011051259,-0.0007542514248664589,0.0006999436152307359,0.0,0.0,0.0008017283500990267,-0.000140289485195659
3,135935.6390878508,0.0,-0.1476018928388085,-0.09876252965434221,7.237407140583804,-10.82540730602011,0.0,0.0,0.0,0.0,1.0,0.0,0.796687146521867,-0.1384598520018321,0.0,0.0,-6.794615398669768e-05,-0.0005510548664211523,4.74872195955624e-07,-1.471863107911093e-06,7.380094641940426e-05,4.93812648271711e-05,0.0005044020189877347,0.0003458386237092692,0.0002927599997300881,-0.0004857703388190124,0.0004306009249664377,0.0002964572601195684,-0.0007291432028532219,0.0006908780046877006,0.0,0.0,0.000796687146521867,-0.0001384598520018321
3,141253.7544622736,0.0,-0.1511943956317305,-0.09720311429748046,6.854571890190029,-10.67143797783752,0.0,0.0,0.0,0.0,1.0,0.0,0.791781901849106,-0.1364774178607686,0.0,0.0,-8.748716750456298e-05,-0.0005431358012000231,4.862685220123982e-07,-1.547002542107303e-06,7.559719781586527e-05,4.860155714874023e-05,0.0005166868072647123,0.0003408374232324309,0.0002755813631064056,-0.0004788618436353069,0.0004410894582544517,0.0002922357688805765,-0.0007047121807535195,0.0006810531890407145,0.0,0.0,0.000791781901849106,-0.0001364774178607686
3,146779.926762205,0.0,-0.1546808586146464,-0.09553638584065213,6.483004451568341,-10.5065138634122,0.0,0.0,0.0,0.0,1.0,0.0,0.7870210333371653,-0.1343542435180217,0.0,0.0,-0.000106452955940417,-0.0005346552150177208,4.973027526462826e-07,-1.6252312485187e-06,7.734042930732321e-05,4.776819292032607e-05,0.0005286099988974852,0.00033548232613774,0.0002589083371923262,-0.0004714618009042806,0.0004512694149093034,0.0002877140376810282,-0.000681000284787403,0.0006705293113775657,0.0,0.0,0.0007870210333371653,-0.0001343542435180217
3,152522.2956538998,0.0,-0.1580560560249749,-0.09377130614808557,6.123259397118065,-10.33160766491182,0.0,0.0,0.0,0.0,1.0,0.0,0.7824116468583371,-0.1321027774713393,0.0,0.0,-0.000124815206350104,-0.0005256626681159338,5.079564719239954e-07,-1.706627443049926e-06,7.902802801248743e-05,4.688565307404278e-05,0.0005401537965002738,0.0003298044536056324,0.0002427658068299876,-0.0004636138585200217,0.0004611256104317303,0.0002829187067602835,-0.0006580429097929885,0.0006593684488973017,0.0,0.0,0.0007824116468583371,-0.0001321027774713393
3,158489.3192461092,0.0,-0.161315718466349,-0.09191699912657839,5.775789312940496,-10.14771005310876,0.0,0.0,0.0,0.0,1.0,0.0,0.7779595415459529,-0.12973569787398,0.0,0.0,-0.0001425508112800622,-0.0005162086343895589,5.182142411492615e-07,-1.791273007957239e-06,8.065785923317448e-05,4.59584995632892e-05,0.0005513036752691685,0.0003238354998105528,0.0002271740805179338,-0.0004553624706924901,0.0004706456547202757,0.0002778769083302645,-0.0006358689423789643,0.0006476338255944625,0.0,0.0,0.000777959541545953,-0.00012973569787398
3,164689.7865482846,0.0,-0.1644565145006196,-0.08998264049294988,5.440946747053739,-9.955817956631469,0.0,0.0,0.0,0.0,1.0,0.0,0.773669234757732,-0.1272657624624209,0.0,0.0,-0.0001596417692905083,-0.0005063439034763695,5.280635297717322e-07,-1.879254012207763e-06,8.22282572503098e-05,4.499132024647494e-05,0.000562048320455867,0.0003176073559876007,0.0002121489778316367,-0.0004467523724622294,0.0004798198987490428,0.0002726159457584852,-0.0006145008852765643,0.0006353890649127281,0.0,0.0,0.000773669234757732,-0.0001272657624624209
3,171132.8304161757,0.0,-0.1674760190659816,-0.08797735529684841,5.118987559452378,-9.756923677988402,0.0,0.0,0.0,0.0,1.0,0.0,0.7695440050010321,-0.1247056690766205,0.0,0.0,-0.0001760750139177258,-0.0004961190250433734,5.374946028886448e-07,-1.970661213061737e-06,8.373800953299083e-05,4.398867764842421e-05,0.0005723795198561325,0.0003111517610244895,0.0001977019797477885,-0.0004378280913141719,0.0004886413428471228,0.00026716299539871,-0.0005939550711552,0.0006226974951642483,0.0,0.0,0.0007695440050010322,-0.0001247056690766205
3,177827.9410038899,0.0,-0.1703726706448236,-0.08591012466284564,4.81007546910732,-9.552004992273025,0.0,0.0,0.0,0.0,1.0,0.0,0.765585950194566,-0.122067928770456,0.0,0.0,-0.0001918421815386429,-0.0004855838032294391,5.46500371507822e-07,-2.065590534378194e-06,8.518633532241183e-05,4.295506233142282e-05,0.0005822920178882216,0.0003044999835816462,0.0001838404326778525,-0.0004286335028864804,0.0004971055121931392,0.0002615448353400986,-0.0005742419528261267,0.0006096215176583653,0.0,0.0,0.000765585950194566,-0.000122067928770456
3,184784.9797422266,0.0,-0.1731457192088812,-0.08378970279455178,4.514287581924049,-9.342016339608357,0.0,0.0,0.0,0.0,1.0,0.0,0.7617960584992138,-0.1193647529352939,0.0,0.0,-0.0002069393291568022,-0.0004747868469118788,5.550762120725983e-07,-2.164143518516682e-06,8.657285960444062e-05,4.189485139727589e-05,0.0005917833381919757,0.0002976825393040559,0.0001705677965193107,-0.0004192114357578665,0.0005052103054418162,0.0002557876041170772,-0.0005553664560496718,0.0005962220446334987,0.0,0.0,0.0007617960584992139,-0.0001193647529352939
3,192014.1938638775,0.0,-0.1757951669879856,-0.08162454487841103,4.231620681677453,-9.127881179254654,0.0,0.0,0.0,0.0,1.0,0.0,0.7581742889249409,-0.1166079553069603,0.0,0.0,-0.0002213666132409864,-0.0004637751792646028,5.632197618048735e-07,-2.266427750027884e-06,8.789758349399279e-05,4.081227243920551e-05,0.0006008535817434494,0.0002907289453042706,0.000157883926943296,-0.0004096033283612588,0.0005129558224542898,0.0002499165912405202,-0.0005373283810361784,0.0005825580113213435,0.0,0.0,0.0007581742889249409,-0.0001166079553069603
3,199526.2314968852,0.0,-0.1783217040535168,-0.07942274615122247,3.961998071811877,-8.910485533520296,0.0,0.0,0.0,0.0,1.0,0.0,0.7547196589960432,-0.1138088692166318,0.0,0.0,-0.0002351279404415874,-0.0004525939080430863,5.709306962384079e-07,-2.372557250544598e-06,8.916085202675838e-05,3.971137307561124e-05,0.0006095052072915618,0.0002836675128193538,0.0001457853824007197,-0.0003998489392865302,0.0005203441769430994,0.0002439560603209964,-0.0005201228391047141,0.0005686859639443265,0.0,0.0,0.0007547196589960432,-0.0001138088692166318
3,207332.1573485926,0.0,-0.1807266405919525,-0.07719199206458016,3.705276768309112,-8.69067271438461,0.0,0.0,0.0,0.0,1.0,0.0,0.7514303369147293,-0.110978279994747,0.0,0.0,-0.0002482306003823154,-0.0004412859562363258,5.782104949340241e-07,-2.482652845364849e-06,9.036332029597627e-05,3.859599603229008e-05,0.0006177428005281003,0.0002765251778139727,0.0001342657468815628,-0.0003899861106540846,0.0005273792995054837,0.0002379291045896905,-0.000503740711747358,0.0005546597231881889,0.0,0.0,0.0007514303369147293,-0.000110978279994747
3,215443.4690031854,0.0,-0.1830118375819487,-0.07493951919855144,3.461254861065436,-8.46923919583095,0.0,0.0,0.0,0.0,1.0,0.0,0.7483037358839167,-0.1081263720537957,0.0,0.0,-0.0002606848898473457,-0.0004298918511934646,5.850622008377709e-07,-2.59684250313773e-06,9.150591879097436e-05,3.746975959927572e-05,0.0006255728378492304,0.0002693273683420282,0.0001233159602355236,-0.0003800505828989615,0.0005340667360464187,0.0002318575338032333,-0.0004881691204507432,0.0005405301207953017,0.0,0.0,0.0007483037358839168,-0.0001081263720537957
3,223872.1138568308,0.0,-0.185179637394296,-0.0726720863494475,3.229678881877319,-8.246931570666783,0.0,0.0,0.0,0.0,1.0,0.0,0.7453366085148263,-0.1052626898654886,0.0,0.0,-0.0002725037366266836,-0.0004184495691029744,5.914901781079847e-07,-2.715261650808464e-06,9.2589818697148e-05,3.633604317472375e-05,0.0006330034499037295,0.0002620979067019437,0.0001129246487892042,-0.0003700758582182407,0.0005404134460269443,0.0002257617908551335,-0.0004733918969426765,0.0005263448053642317,0.0,0.0,0.0007453366085148263,-0.0001052626898654886
3,232630.5067153593,0.0,-0.1872327956210653,-0.07039595504274579,3.010251039810623,-8.024444512097697,0.0,0.0,0.0,0.0,1.0,0.0,0.7425251395354905,-0.102396111810646,0.0,0.0,-0.000283702330126312,-0.000406994430752039,5.974998725402622e-07,-2.838053466551711e-06,9.361639781053266e-05,3.51979775213729e-05,0.0006400441893955243,0.0002548589438267592,0.000103078450012506,-0.0003600931091039568,0.0005464276043521963,0.0002196608959094313,-0.0004593900449775395,0.0005121481122736804,0.0,0.0,0.0007425251395354905,-0.000102396111810646
3,241731.548080407,0.0,-0.1891744152199346,-0.06811687859963939,2.802636208179976,-7.802419647268268,0.0,0.0,0.0,0.0,1.0,0.0,0.7398650353167836,-0.09953483571287666,0.0,0.0,-0.000294297764653062,-0.0003955590438305401,6.030975779982225e-07,-2.9653691538288e-06,9.458720760996731e-05,3.405843929981969e-05,0.0006467058068555456,0.0002476309229312668,9.376232603923603e-05,-0.0003501311277979723,0.0005521184100711633,0.0002135724155145686,-0.0004461421862747977,0.0004979809918054801,0.0,0.0,0.0007398650353167836,-9.953483571287667e-05
3,251188.6431509545,0.0,-0.1910078838418277,-0.06584009881001057,2.606468570551815,-7.581445241919605,0.0,0.0,0.0,0.0,1.0,0.0,0.7373516090296734,-0.09668637476380877,0.0,0.0,-0.0003043087000984684,-0.0003841732866323722,6.082902115443197e-07,-3.097368199959716e-06,9.550394192091382e-05,3.292004940500528e-05,0.0006530000373538481,0.0002404325691796767,8.495986188737005e-05,-0.0003402163121434453,0.0005574959044250503,0.0002075124539345726,-0.0004336249846998153,0.0004838809890318485,0.0,0.0,0.0007373516090296735,-9.668637476380877e-05
3,261015.72156825,0.0,-0.1927368150023929,-0.06357034923013524,2.421357855281253,-7.362056591638182,0.0,0.0,0.0,0.0,1.0,0.0,0.7349798605305222,-0.09385756250053884,0.0,0.0,-0.0003137550436213138,-0.0003728643278161359,6.130850992838242e-07,-3.234218622722429e-06,9.636840750119647e-05,3.178517461506762e-05,0.0006589394004138638,0.0002332809020193589,7.665354521594233e-05,-0.0003303726831426202,0.0005625708001758525,0.000201495663833942,-0.0004218135441907273,0.0004698822687977944,0.0,0.0,0.0007349798605305222,-9.385756250053884e-05
3,271227.2579331989,0.0,-0.19436499356619,-0.06131186412376913,2.246895108487925,-7.144737015202834,0.0,0.0,0.0,0.0,1.0,0.0,0.7327445503325811,-0.09105456549637808,0.0,0.0,-0.0003226576548836096,-0.0003616566768941953,6.174897743050331e-07,-3.376097208501262e-06,9.718249678309499e-05,3.065593206188457e-05,0.0006645370147361883,0.0002261912668272323,6.882502537069744e-05,-0.0003206219295321116,0.0005673543235881,0.0001955352734534836,-0.0004106817772334681,0.0004560156791274528,0.0,0.0,0.0007327445503325812,-9.105456549637809e-05
3,281838.2931264414,0.0,-0.1958963258406701,-0.05906839209382503,2.082657973657709,-6.929919348572007,0.0,0.0,0.0,0.0,1.0,0.0,0.7306402672560752,-0.08828290246486369,0.0,0.0,-0.0003310380764649512,-0.0003505722602680228,6.215117875322729e-07,-3.523189745423873e-06,9.794816292033504e-05,2.953419604691251e-05,0.0006698064287526244,0.0002191773826127644,6.145535029098334e-05,-0.0003109834748230519,0.0005718580699359638,0.0001896431274974597,-0.0004002027418558984,0.0004423088465828062,0.0,0.0,0.0007306402672560752,-8.828290246486368e-05
3,292864.4564625195,0.0,-0.1973347944272483,-0.05684321350214783,1.928215461990842,-6.717987843404567,0.0,0.0,0.0,0.0,1.0,0.0,0.7286614895534284,-0.08554746854556504,0.0,0.0,-0.000338918290264098,-0.0003396305179066972,6.251585318123516e-07,-3.675691254773848e-06,9.866739721362417e-05,2.842160675107392e-05,0.0006747614675199042,0.000212251402693252,5.452518056533698e-05,-0.000301474562493591,0.0005760938729714852,0.0001838297390989646,-0.0003903489461271753,0.0004287862974400314,0.0,0.0,0.0007286614895534284,-8.554746854556504e-05
3,304321.9887107678,0.0,-0.1986844178498839,-0.05463916084097697,1.783132211115815,-6.509280381036478,0.0,0.0,0.0,0.0,1.0,0.0,0.7268026394791387,-0.08285256363027614,0.0,0.0,-0.000346320500009642,-0.0003288485161190846,6.284370791325083e-07,-3.83380622376229e-06,9.934220892494195e-05,2.731958042048849e-05,0.0006794160960293315,0.0002054239854826071,4.801498052893981e-05,-0.0002921103553366456,0.0005800736884199717,0.0001781043504229578,-0.0003810926200117359,0.0004154695989977975,0.0,0.0,0.0007268026394791387,-8.285256363027614e-05
3,316227.7660168334,0.0,-0.1999492148772257,-0.05245864129615552,1.646972240884365,-6.304090920971174,0.0,0.0,0.0,0.0,1.0,0.0,0.7250581314159957,-0.0802019236924235,0.0,0.0,-0.0003532669394341881,-0.0003182410722895601,6.313540305174237e-07,-3.997748842504414e-06,9.997460743861287e-05,2.622932064807776e-05,0.0006837842986524962,0.0001987043727959244,4.19051867940168e-05,-0.0002829040453308523,0.0005838094912646684,0.0001724749996892054,-0.0003724059551337144,0.0004023775158557841,0.0,0.0,0.0007250581314159957,-8.02019236924235e-05
3,328599.3247600607,0.0,-0.2011331733714499,-0.05030366082443671,1.519302223777536,-6.102672111695088,0.0,0.0,0.0,0.0,1.0,0.0,0.7234224137822663,-0.07759875419467725,0.0,0.0,-0.0003597797052157931,-0.0003078208878913857,6.339153778709376e-07,-4.167743247790793e-06,0.0001005665866857249,2.515183041221836e-05,0.0006878799741603529,0.0001921004733530051,3.6176354999785e-05,-0.0002738669707954732,0.0005873131863414549,0.000166948592637126,-0.0003642613135713541,0.0003895261765526348,0.0,0.0,0.0007234224137822664,-7.759875419467725e-05
3,341454.8873833552,0.0,-0.2022402234336744,-0.04817584915151396,1.399694294169345,-5.905238000593362,0.0,0.0,0.0,0.0,1.0,0.0,0.7218900050305432,-0.0750457647646007,0.0,0.0,-0.000365880613449554,-0.0002975986865505487,6.361263768089437e-07,-4.34402377598002e-06,0.0001011201117168372,2.408792457575698e-05,0.0006917168455374066,0.0001856189494516357,3.080928586994552e-05,-0.0002650087379922164,0.0005905965315803461,0.0001615309767000295,-0.0003566314072291979,0.0003769292465315155,0.0,0.0,0.0007218900050305432,-7.504576476460071e-05
3,354813.3892335703,0.0,-0.2032742145702107,-0.04607648518063601,1.287728425536532,-5.711966788592673,0.0,0.0,0.0,0.0,1.0,0.0,0.7204555241109823,-0.07254520444159111,0.0,0.0,-0.0003715910781628834,-0.000287583354385279,6.379914293668553e-07,-4.52683522707969e-06,0.0001016371072851053,2.3038242590318e-05,0.0006953083836573696,0.0001792653050654693,2.578513188297954e-05,-0.0002563373447341401,0.0005936710730980499,0.0001562270163986661,-0.0003494894496447465,0.0003645981039625268,0.0,0.0,0.0007204555241109823,-7.254520444159112e-05
3,368694.5064519521,0.0,-0.2042388965735495,-0.04400652238154756,1.182994407912331,-5.523003583650143,0.0,0.0,0.0,0.0,1.0,0.0,0.7191137158127947,-0.07009889690717057,0.0,0.0,-0.0003769320102256501,-0.0002777820802771225,6.395139753504644e-07,-4.716433141833221e-06,0.0001021194482867748,2.200326119077378e-05,0.0006986677437836207,0.0001730439738938587,2.108548600452437e-05,-0.0002478593039428624,0.0005965480912579491,0.0001510406686965625,-0.000342809282291523,0.0003525420154943115,0.0,0.0,0.0007191137158127947,-7.009889690717057e-05
3,383118.6849557231,0.0,-0.2051379037947076,-0.04196661380435146,1.085093459706301,-5.338463115163641,0.0,0.0,0.0,0.0,1.0,0.0,0.7178594714212156,-0.06770827521262811,0.0,0.0,-0.0003819237349120957,-0.0002682004941408911,6.406963910255495e-07,-4.913084093396589e-06,0.0001025689518973538,2.098330690217573e-05,0.0007018077137992824,0.000166958406146294,1.669245401295841e-05,-0.0002395797654523188,0.0005992385567640251,0.0001459750572775045,-0.0003365654775564567,0.0003407683095149883,0.0,0.0,0.0007178594714212157,-6.770827521262811e-05
3,398107.1705534914,0.0,-0.2059747424769334,-0.03995713643162346,0.9936395086905052,-5.158432378680168,0.0,0.0,0.0,0.0,1.0,0.0,0.7166878451358782,-0.06537441561156421,0.0,0.0,-0.0003865859263378138,-0.00025884280162633,6.415398938017635e-07,-5.117065994974777e-06,0.0001029873712384667,1.997856821581173e-05,0.0007047406730499241,0.0001610111530783975,1.258871197975577e-05,-0.0002315026346849365,0.000601753095836715,0.0001410325449054494,-0.00033073342061328,0.0003292825449691394,0.0,0.0,0.0007166878451358783,-6.537441561156421e-05
3,413682.0402388446,0.0,-0.2067527808228826,-0.03797821464407947,0.9082601767089268,-4.982973186858741,0.0,0.0,0.0,0.0,1.0,0.0,0.7155940666933975,-0.06309807018919229,0.0,0.0,-0.0003909375570063725,-0.0002497119140290049,6.420444515533994e-07,-5.328668424594716e-06,0.0001033763904114413,1.898910732203973e-05,0.0007074785606897001,0.0001552039485075561,8.75755045525133e-06,-0.0002236306871213431,0.0006041019635254783,0.0001362148032073018,-0.0003252893723977371,0.0003180886741951383,0.0,0.0,0.0007155940666933975,-6.309807018919229e-05
3,429866.2347082213,0.0,-0.2074752414761578,-0.03602974263004388,0.8285975017054004,-4.812124608473302,0.0,0.0,0.0,0.0,1.0,0.0,0.7145735506246517,-0.06087969805493827,0.0,0.0,-0.0003949968607502158,-0.0002408095724757975,6.422086952272596e-07,-5.548192968020344e-06,0.0001037376207380789,1.801487131502194e-05,0.0007100328524525725,0.0001495377867233306,5.182906867306758e-06,-0.0002159656777462892,0.0006062950242392523,0.0001315228793785661,-0.0003202105158295124,0.0003071891986233255,0.0,0.0,0.0007145735506246517,-6.087969805493827e-05
3,446683.5921509565,0.0,-0.2081451961119529,-0.0341114056169381,0.7543084291654448,-4.645905282324152,0.0,0.0,0.0,0.0,1.0,0.0,0.713621902558032,-0.05871949493000409,0.0,0.0,-0.0003987813074261548,-0.0002321364657187075,6.420298334106763e-07,-5.775953580666008e-06,0.0001040725980559765,1.705570280846905e-05,0.0007124145448183784,0.0001440129963708821,1.849387573064218e-06,-0.0002085084448815521,0.0006083417386172058,0.0001269572594510074,-0.0003154749873295198,0.0002965853164953736,0.0,0.0,0.000713621902558032,-5.87194949300041e-05
3,464158.8833612709,0.0,-0.2087655618489888,-0.03222269984423698,0.68506510318439,-4.484315597288822,0.0,0.0,0.0,0.0,1.0,0.0,0.7127349229558116,-0.05661742101745458,0.0,0.0,-0.0004023075878221982,-0.0002236923410874059,6.415035675658281e-07,-6.012276969235472e-06,0.0001043827809244944,1.611134992211849e-05,0.0007146341456038966,0.0001386293100256448,-1.257719080519168e-06,-0.0002012590080123349,0.0006102511559138406,0.0001225179278808266,-0.0003110618955618656,0.0002862770620470079,0.0,0.0,0.0007127349229558116,-5.661742101745458e-05
3,482317.8482239234,0.0,-0.2093390992147046,-0.0303629512322473,0.6205549852392306,-4.327339733429151,0.0,0.0,0.0,0.0,1.0,0.0,0.711908608643426,-0.05457322708961107,0.0,0.0,-0.0004055916073413164,-0.0002154761083427992,6.406240066760457e-07,-6.257502993704253e-06,0.0001046695496073523,1.518147561612365e-05,0.0007167016700775654,0.0001333859292957547,-4.152437427463427e-06,-0.00019421665937907,0.0006120319111311138,0.0001182044233166799,-0.0003069513291926451,0.0002762634358297322,0.0,0.0,0.0007119086086434259,-5.457322708961107e-05
3,501187.2336272647,0.0,-0.2098684114168172,-0.02853133273016573,0.5604808264625444,-4.174947562133739,0.0,0.0,0.0,0.0,1.0,0.0,0.7111391524622611,-0.05258647876677103,0.0,0.0,-0.0004086484871441004,-0.0002074859363268011,6.393835800924085e-07,-6.511985090170506e-06,0.0001049342057084086,1.426566636508286e-05,0.0007186266417696135,0.0001282815853870115,-6.848105727259851e-06,-0.0001873800492439531,0.0006136922261927937,0.0001140158904905959,-0.0003031243553134021,0.0002665425260442722,0.0,0.0,0.0007111391524622611,-5.258647876677103e-05
3,520794.8328595385,0.0,-0.2103559446960015,-0.02672688035070114,0.5045605168807357,-4.027096405773841,0.0,0.0,0.0,0.0,1.0,0.0,0.7104229413466188,-0.05065657899328897,0.0,0.0,-0.0004114925715510663,-0.0001997193424356225,6.377729474119605e-07,-6.776090715022404e-06,0.0001051779723480008,1.336344017535057e-05,0.0007204180972242987,0.0001233145951453501,-9.357382930267413e-06,-0.0001807472648536614,0.0006152399145203532,0.0001099511282431191,-0.0002995630100269438,0.00025711162091549,0.0,0.0,0.0007104229413466188,-5.065657899328897e-05
3,541169.5265464555,0.0,-0.2108039895560112,-0.02494850791773895,0.4525268327538838,-3.883732659348543,0.0,0.0,0.0,0.0,1.0,0.0,0.7097565530957373,-0.04878278874264789,0.0,0.0,-0.0004141374406245873,-0.000192173275041535,6.357809042603827e-07,-7.050201810805937e-06,0.0001054019947780056,1.247425395886948e-05,0.0007220845940155362,0.000118482912655905,-1.169226001553879e-05,-0.0001743159032093588,0.0006166823884335414,0.0001060086337485276,-0.0002962502825460261,0.0002479673122693926,0.0,0.0,0.0007097565530957373,-4.878278874264789e-05
3,562341.3251903405,0.0,-0.2112146826885009,-0.0231950205686165,0.4041271008925416,-3.744793278153139,0.0,0.0,0.0,0.0,1.0,0.0,0.709136752082769,-0.04696424600311258,0.0,0.0,-0.0004165959269650035,-0.0001848441890706098,6.333942828902786e-07,-7.334715294123544e-06,0.0001056073413442504,1.159751028430825e-05,0.0007236342214197608,0.0001137841765277651,-1.386407505410125e-05,-0.0001680831378250012,0.0006180266688608279,0.0001021866430484363,-0.0002931700940099376,0.0002391055905692219,0.0,0.0,0.0007091367520827691,-4.696424600311258e-05
3,584341.4133735087,0.0,-0.211590009429804,-0.02146512706418502,0.359122796665769,-3.610207136683122,0.0,0.0,0.0,0.0,1.0,0.0,0.7085604841149359,-0.04519998311065213,0.0,0.0,-0.0004188801358665367,-0.000177728115003245,6.305978465404533e-07,-7.630043565849453e-06,0.000105795004714902,1.073256353209251e-05,0.0007250746132091659,0.0001092157530313379,-1.58835312476894e-05,-0.0001620457797078395,0.0006192793969042546,9.848316803411833e-05,-0.0002903072720872642,0.0002305219317454699,0.0,0.0,0.0007085604841149359,-4.519998311065214e-05
3,607202.1956909792,0.0,-0.2119318066057305,-0.01975745096843096,0.3172890903809046,-3.479896264840535,0.0,0.0,0.0,0.0,1.0,0.0,0.7080248706330161,-0.04348894250676424,0.0,0.0,-0.0004210014680816731,-0.0001708207216074842,6.273741765308611e-07,-7.93661504390954e-06,0.0001059659033028653,9.878725484215479e-06,0.0007264129620937342,0.0001047747752826794,-1.776071728418689e-05,-0.0001562003328333532,0.0006204468468590622,9.4896030041013e-05,-0.0002876475223026233,0.0002222113762078426,0.0,0.0,0.0007080248706330161,-4.348894250676424e-05
3,630957.3444801836,0.0,-0.2122417656378996,-0.01807054076555803,0.2784143548256479,-3.353776968091203,0.0,0.0,0.0,0.0,1.0,0.0,0.7075272024141207,-0.04182999100628387,0.0,0.0,-0.0004229706445394912,-0.0001641173727468526,6.237035510920083e-07,-8.254874718840172e-06,0.0001061208828189498,9.035270382779015e-06,0.0007276560354010521,0.0001004581786878268,-1.950512943583967e-05,-0.0001505430444129509,0.0006215349403403368,9.142289023450705e-05,-0.0002851773969048451,0.0002141686004644427,0.0,0.0,0.0007075272024141207,-4.182999100628387e-05
3,655641.8494179688,0.0,-0.2125214358011382,-0.01640287898650183,0.2422996450262095,-3.231760838576997,0.0,0.0,0.0,0.0,1.0,0.0,0.7070649329194536,-0.04022193266481465,0.0,0.0,-0.0004247977324517722,-0.000157613178619509,6.195638149464518e-07,-8.585284732309941e-06,0.0001062607179005691,8.201439493250917e-06,0.0007288101916386385,9.626273287161097e-05,-2.112569490423837e-05,-0.0001450699502687356,0.0006225492612166337,8.806127697548105e-05,-0.0002828842619834373,0.0002063879817975622,0.0,0.0,0.0007070649329194536,-4.022193266481465e-05
3,681292.0690579507,0.0,-0.2127722275360504,-0.01475289041925987,0.208758159694534,-3.113755664357963,0.0,0.0,0.0,0.0,1.0,0.0,0.7066356714085137,-0.03866352033760411,0.0,0.0,-0.0004264921723214545,-0.0001513030417988337,6.149302386737142e-07,-8.928324978758605e-06,0.0001063861137680252,7.376445209629934e-06,0.0007298813976341865,9.218507032092631e-05,-2.263079598699907e-05,-0.000139776915637289,0.0006234950710939341,8.480861035840598e-05,-0.0002807562634391126,0.0001988636564550367,0.0,0.0,0.0007066356714085137,-3.866352033760411e-05
3,707945.7843841269,0.0,-0.2129954157339871,-0.0131189494785412,0.1776146924115193,-2.999666243981208,0.0,0.0,0.0,0.0,1.0,0.0,0.706237175922917,-0.03715346602196491,0.0,0.0,-0.0004280628054406238,-0.000145181698442326,6.097753668989641e-07,-9.2844937302778e-06,0.0001064977078669935,6.559474739270599e-06,0.0007308752459948796,8.822171197317743e-05,-2.402829470506353e-05,-0.0001346596717254201,0.0006243773251324705,8.166222411495735e-05,-0.0002787822923233053,0.0001915895718186816,0.0,0.0,0.000706237175922917,-3.715346602196492e-05
3,735642.2544596299,0.0,-0.2131921429234007,-0.01149938681033513,0.1487050793168408,-2.88939511347805,0.0,0.0,0.0,0.0,1.0,0.0,0.7058673462266813,-0.03569045007411922,0.0,0.0,-0.0004295179015303694,-0.0001392437550350178,6.040688543505395e-07,-9.654308284825656e-06,0.0001065960714617004,5.749693405167567e-06,0.0007317969726678424,8.436908997759744e-05,-2.532555758681093e-05,-0.0001297138483365423,0.0006252006880139994,7.86193850730431e-05,-0.0002769519499801866,0.0001845595330050576,0.0,0.0,0.0007058673462266813,-3.569045007411922e-05
3,764422.2742525883,0.0,-0.2133634222970147,-0.009892495206381025,0.1218756489421366,-2.782843192705333,0.0,0.0,0.0,0.0,1.0,0.0,0.7055242167752834,-0.03427312938896301,0.0,0.0,-0.0004308651862326247,-0.000133483721020955,5.977772888327974e-07,-1.003830563783226e-05,0.0001066817111485073,4.946247603190512e-06,0.0007326514744201685,8.062356785122152e-05,-2.652948035605213e-05,-0.0001249350028780168,0.000625969549908239,7.567731035553579e-05,-0.0002752555133523835,0.0001777672443424444,0.0,0.0,0.0007055242167752834,-3.427312938896301e-05
3,794328.234724269,0.0,-0.2135101405284681,-0.00829653490235882,0.09698267882413673,-2.679910357693334,0.0,0.0,0.0,0.0,1.0,0.0,0.705205949772999,-0.03290014462799686,0.0,0.0,-0.0004321118682151454,-0.0001278960376673022,5.908640001594574e-07,-1.043704317721247e-05,0.000106755070264234,4.14826745117941e-06,0.0007334433260890158,7.698145824321506e-05,-2.764651231585738e-05,-0.0001203186460484244,0.0006266880423146413,7.283318249550075e-05,-0.000273683900747731,0.0001712063461516145,0.0,0.0,0.000705205949772999,-3.290014462799685e-05
3,825404.1852680054,0.0,-0.2136330603352303,-0.006709738332142945,0.07389186265786553,-2.58049594536072,0.0,0.0,0.0,0.0,1.0,0.0,0.7049108283668024,-0.03157012657679852,0.0,0.0,-0.0004332646656954003,-0.0001224751034869659,5.832888540898082e-07,-1.085109940175652e-05,0.0001068165301676152,3.354869166071473e-06,0.000734176797480389,7.343903851162321e-05,-2.868268025949713e-05,-0.0001158602644901782,0.0006273600536797138,7.008416263581343e-05,-0.0002722286383085343,0.0001648704472392848,0.0,0.0,0.0007049108283668025,-3.157012657679852e-05
3,857695.8985908806,0.0,-0.2137328227517128,-0.005130314408816505,0.05247779098707783,-2.484499196621952,0.0,0.0,0.0,0.0,1.0,0.0,0.7046372500153436,-0.03028170170911788,0.0,0.0,-0.0004343298322282141,-0.0001172152965312062,5.750080303069501e-07,-1.12810746628154e-05,0.0001068664113758564,2.565157204408253e-06,0.0007348558698196629,6.999256430592281e-05,-2.964361177401208e-05,-0.0001115553406778561,0.0006279892447109834,6.742740197120024e-05,-0.0002708818273761248,0.0001587531534925773,0.0,0.0,0.0007046372500153436,-3.028170170911788e-05
3,891250.9381337314,0.0,-0.2138099490827645,-0.003556452401435983,0.03262344776922862,-2.391819643557616,0.0,0.0,0.0,0.0,1.0,0.0,0.7043837200630668,-0.02903349703012511,0.0,0.0,-0.0004353131816355266,-0.0001121109938459069,5.65973783474962e-07,-1.172759192913666e-05,0.0001069049745413823,1.778226200717992e-06,0.0007354842516780801,6.663828133744235e-05,-3.05345578315381e-05,-0.0001073993702967041,0.0006285790633267488,6.4860051580272e-05,-0.0002696361129012959,0.000152848092938862,0.0,0.0,0.0007043837200630668,-2.903349703012511e-05
3,926118.7281287787,0.0,-0.213864842513221,-0.001986325474925388,0.01421972458522369,-2.302357445953336,0.0,0.0,0.0,0.0,1.0,0.0,0.7041488455422761,-0.02782414426666693,0.0,0.0,-0.0004362201119857595,-0.0001071565883655479,5.561341864121529e-07,-1.21912975746358e-05,0.0001069324212566105,9.93162737462694e-07,0.0007360653943176447,6.337243550809132e-05,-3.136041458895693e-05,-0.000103387877349394,0.000629132759196192,6.237927078430311e-05,-0.0002684846530150645,0.0001471489376146801,0.0,0.0,0.0007041488455422761,-2.782414426666693e-05
3,962350.6263980733,0.0,-0.2138977893540329,-0.000418093958993393,-0.002835046219734335,-2.216013682146738,0.0,0.0,0.0,0.0,1.0,0.0,0.7039313292197652,-0.02665228346769274,0.0,0.0,-0.0004370556285549508,-0.0001023465035020904,5.454328544219575e-07,-1.267286218880741e-05,0.0001069488946770165,2.090469794966965e-07,0.0007366025064123468,6.019128155618372e-05,-3.212574433815906e-05,-9.951642721268389e-05,0.000629653397837541,5.998223415859314e-05,-0.0002674210898431765,0.0001416494225627563,0.0,0.0,0.0007039313292197653,-2.665228346769274e-05
3,999999.9999999839,0.0,-0.2139089599098004,0.00115009158928292,-0.01863553858805949,-2.13269059876048,0.0,0.0,0.0,0.0,1.0,0.0,0.7037299638993813,-0.02551656607338009,0.0,0.0,-0.0004378243657229061,-9.767520566825172e-05,5.338086498335684e-07,-1.31729814093892e-05,0.0001069544799549002,-5.750457946414601e-07,0.0007370985681168259,5.709109036664432e-05,-3.283479556761094e-05,-9.57806378494136e-05,0.0006301438742529658,5.76661373113773e-05,-0.0002664395216215374,0.0001363433622538907,0.0,0.0,0.0007037299638993813,-2.55165660733801e-05
3,1039122.303835152,0.0,-0.2138984089564318,0.00272008746553043,-0.03326985946332164,-2.05229182354783,0.0,0.0,0.0,0.0,1.0,0.0,0.7035436269874696,-0.02441565750698356,0.0,0.0,-0.0004385306077753874,-9.313721495524119e-05,5.211953658233257e-07,-1.369237677678905e-05,0.0001069492044782159,-1.360043732765215e-06,0.0007375563444646927,5.406815508172041e-05,-3.34915221113996e-05,-9.217618936549303e-05,0.0006306069260880677,5.542820153457301e-05,-0.0002655344761475771,0.0001312246647097864,0.0,0.0,0.0007035436269874697,-2.441565750698356e-05
3,1079775.162327692,0.0,-0.2138660758212168,0.004293753977802628,-0.04681995492214323,-1.974722545238917,0.0,0.0,0.0,0.0,1.0,0.0,0.7033712753244866,-0.02334823933909582,0.0,0.0,-0.0004391783085982549,-8.87271141719187e-05,5.075213886174269e-07,-1.423179660966966e-05,0.0001069330379106084,-2.146876988901314e-06,0.0007379783980879512,5.111879613759005e-05,-3.40996013748468e-05,-8.869883208635553e-05,0.000631045146311267,5.326567742024529e-05,-0.0002647008855839951,0.0001262873435792511,0.0,0.0,0.0007033712753244867,-2.334823933909582e-05
3,1122018.454301945,0.0,-0.2138117840609868,0.005872952623255823,-0.0593619957191641,-1.899889663953346,0.0,0.0,0.0,0.0,1.0,0.0,0.7032119402830075,-0.02231301106987804,0.0,0.0,-0.0004397711102619222,-8.4439556432378e-05,4.927093372196755e-07,-1.47920169009588e-05,0.0001069058920304934,-2.936476311627911e-06,0.0007383671012566893,4.823936534204805e-05,-3.466245163646234e-05,-8.53443933128849e-05,0.000631460995414412,5.117584752662842e-05,-0.0002639340626159037,0.000121525528403249,0.0,0.0,0.0007032119402830075,-2.231301106987804e-05
3,1165914.401179813,0.0,-0.2137352407373023,0.007459543219030196,-0.0709667424345374,-1.827701915440104,0.0,0.0,0.0,0.0,1.0,0.0,0.7030647231298827,-0.0213086915709118,0.0,0.0,-0.0004403123605048009,-8.02692714681752e-05,4.766756798677587e-07,-1.537384223341236e-05,0.0001068676203686512,-3.729771609515098e-06,0.0007387246472444966,4.542624909882096e-05,-3.518324843474637e-05,-8.210878290314511e-05,0.0006318568131406048,4.915602816787931e-05,-0.0002632296779496615,0.0001169334732831345,0.0,0.0,0.0007030647231298827,-2.13086915709118e-05
3,1211527.658628569,0.0,-0.2136360352909057,0.009055380924179679,-0.08169989057088253,-1.75806997211932,0.0,0.0,0.0,0.0,1.0,0.0,0.7029287906482843,-0.02033402022465626,0.0,0.0,-0.0004408051291329056,-7.621107082483869e-05,4.593303265012445e-07,-1.597810671370527e-05,0.0001068180176454529,-4.52769046208984e-06,0.0007390530610302022,4.267587087503225e-05,-3.566494005541667e-05,-7.89879978133938e-05,0.0006322348297487143,4.720357039250302e-05,-0.0002625837391312452,0.0001125055641492956,0.0,0.0,0.0007029287906482843,-2.033402022465626e-05
3,1258925.411794147,0.0,-0.2135136380210951,0.01066231308870758,-0.09162239607210272,-1.690906523633243,0.0,0.0,0.0,0.0,1.0,0.0,0.7028033710137851,-0.01938775779607203,0.0,0.0,-0.0004412522233597765,-7.225985209025065e-05,4.405761966282292e-07,-1.660567492386091e-05,0.0001067568190105476,-5.331156544353788e-06,0.0007393542093506813,3.998469299993844e-05,-3.611026214026763e-05,-7.597812571987139e-05,0.0006325971768264958,4.531586020660532e-05,-0.0002619925706535374,0.0001082363248124107,0.0,0.0,0.0007028033710137851,-1.938775779607203e-05
3,1308177.474260173,0.0,-0.2133673981793099,0.01228217586462987,-0.1007907818348041,-1.626126339365627,0.0,0.0,0.0,0.0,1.0,0.0,0.7026877499173628,-0.01846868706779359,0.0,0.0,-0.0004416562021165912,-6.841060229184626e-05,4.203087621094005e-07,-1.725744288865395e-05,0.000106683699089655,-6.141087932314937e-06,0.0007396298101227525,3.734921787527219e-05,-3.652175144328031e-05,-7.307534783171971e-05,0.0006329458976656995,4.349031808976307e-05,-0.0002614527953150678,0.0001041204219620062,0.0,0.0,0.0007026877499173628,-1.846868706779359e-05
3,1359356.390878503,0.0,-0.2131965416902177,0.01391679051253447,-0.1092574258583247,-1.56364631515922,0.0,0.0,0.0,0.0,1.0,0.0,0.7025812669272684,-0.01757561326729427,0.0,0.0,-0.0004420193893670699,-6.465840058678118e-05,3.984155645429677e-07,-1.793433905743664e-05,0.0001065982708451089,-6.958395256267236e-06,0.0007398814412547929,3.476598867035665e-05,-3.690175876298151e-05,-7.027594099508756e-05,0.0006332829572131424,4.172439784341431e-05,-0.0002609613167872662,0.0001001526692655796,0.0,0.0,0.0007025812669272685,-1.757561326729427e-05
3,1412537.544622731,0.0,-0.2130001685180277,0.01556795933534394,-0.1170708317354037,-1.503385506249816,0.0,0.0,0.0,0.0,1.0,0.0,0.7024833120809898,-0.01670736431178245,0.0,0.0,-0.0004423438864655958,-6.099842036139114e-05,3.747757071367241e-07,-1.863732529864588e-05,0.0001065000842590139,-7.78397966767197e-06,0.0007401105488706899,3.223158956857322e-05,-3.725246108256334e-05,-6.757627917900154e-05,0.0006336102516115075,4.001558480420459e-05,-0.0002605153033428849,9.632803070690199e-05,0.0,0.0,0.0007024833120809898,-1.670736431178245e-05
3,1467799.267622045,0.0,-0.2127772497007776,0.01723746116900804,-0.1242758822255104,-1.445265148241494,0.0,0.0,0.0,0.0,1.0,0.0,0.7023933226980348,-0.01586279089408599,0.0,0.0,-0.0004426315836002833,-5.742593084583081e-05,3.492593211998246e-07,-1.936739790505138e-05,0.0001063886248503888,-8.61873058450402e-06,0.0007403184549703044,2.974264562574483e-05,-3.757587295107023e-05,-6.497283442488218e-05,0.0006339296173426662,3.836139344771001e-05,-0.0002601121726947351,9.264162329172126e-05,0.0,0.0,0.0007023933226980348,-1.586279089408599e-05
3,1525222.956538993,0.0,-0.2125266240810563,0.01892704635768327,-0.1309140766796391,-1.38920866777036,0.0,0.0,0.0,0.0,1.0,0.0,0.7023107804039284,-0.01504076643051263,0.0,0.0,-0.000442884170365517,-5.393629834296587e-05,3.217270076829395e-07,-2.012558860760746e-05,0.0001062633120405281,-9.463523178841638e-06,0.0007405063645517733,2.729582229550932e-05,-3.787385714016215e-05,-6.246217733362942e-05,0.0006342428399846212,3.675936440139716e-05,-0.0002597495778910927,8.908871923808681e-05,0.0,0.0,0.0007023107804039284,-1.504076643051263e-05
3,1584893.192461087,0.0,-0.2122469947681459,0.02063843113870711,-0.1370237531015245,-1.335141684342385,0.0,0.0,0.0,0.0,1.0,0.0,0.7022352083556186,-0.01424018688960363,0.0,0.0,-0.0004431031455109317,-5.052498716202891e-05,2.920292545475162e-07,-2.091296559557787e-05,0.0001061234973840729,-1.031921556935356e-05,0.0007406753722218541,2.488782467176311e-05,-3.814813461168832e-05,-6.004097715694462e-05,0.0006345516625907866,3.520706087954781e-05,-0.0002594253942116934,8.56647477589928e-05,0.0,0.0,0.0007022352083556186,-1.424018688960363e-05
3,1646897.865482841,0.0,-0.2119369253740401,0.02237329136044508,-0.1426402956378187,-1.282992004683703,0.0,0.0,0.0,0.0,1.0,0.0,0.7021661686583945,-0.01345997051881356,0.0,0.0,-0.0004432898259162116,-4.718756034229055e-05,2.600058311596555e-07,-2.17306345404205e-05,0.00010596846268702,-1.118664568022254e-05,0.0007408264683212001,2.251539649371546e-05,-3.840029383164606e-05,-5.770600155294953e-05,0.0006348577936972546,3.370206454722935e-05,-0.0002591377070063541,8.236529653666419e-05,0.0,0.0,0.0007021661686583946,-1.345997051881356e-05
3,1711328.304161752,0.0,-0.2115948360743276,0.02413325545399847,-0.1477963282907352,-1.232689610807952,0.0,0.0,0.0,0.0,1.0,0.0,0.7021032599644196,-0.01269905748443657,0.0,0.0,-0.0004434453548432951,-4.391968024503035e-05,2.254851613885796e-07,-2.257973962075572e-05,0.0001057974180371638,-1.206662772699924e-05,0.0007409605445919516,2.017531895496749e-05,-3.86317994661434e-05,-5.545411606015978e-05,0.0006351629149599516,3.224197081522218e-05,-0.0002588848004163131,7.918611297944717e-05,0.0,0.0,0.0007021032599644196,-1.269905748443657e-05
3,1778279.410038893,0.0,-0.2112189995546547,0.0259198965779841,-0.1525218956426221,-1.18416664288378,0.0,0.0,0.0,0.0,1.0,0.0,0.702046115243037,-0.0119564094385438,0.0,0.0,-0.0004435707095200147,-4.071710908711001e-05,1.882836776505349e-07,-2.346146454560768e-05,0.0001056094997773274,-1.295994828899205e-05,0.0007410783994154902,1.786440935426833e-05,-3.884400049480268e-05,-5.328228333841981e-05,0.0006354686884191635,3.082438356315699e-05,-0.0002586651469167669,7.612310534587524e-05,0.0,0.0,0.000702046115243037,-1.19564094385438e-05
3,1847849.79742226,0.0,-0.2108075369145067,0.0277347238543274,-0.1568446313742085,-1.137357377875393,0.0,0.0,0.0,0.0,1.0,0.0,0.7019943997131126,-0.01123100902528393,0.0,0.0,-0.0004436667081116862,-3.757570948435818e-05,1.482051587828469e-07,-2.43770335730145e-05,0.0001054037684572534,-1.38673619271637e-05,0.0007411807426485917,1.55795196221611e-05,-3.903813777669641e-05,-5.118756222045952e-05,0.0006357767633838015,2.944690928404863e-05,-0.0002584773976171979,7.317234381307158e-05,0.0,0.0,0.0007019943997131126,-1.123100902528393e-05
3,1920141.938638769,0.0,-0.2103584136125015,0.02957917261244036,-0.1607899153481629,-1.092198204828863,0.0,0.0,0.0,0.0,1.0,0.0,0.7019478089278146,-0.01052185933761386,0.0,0.0,-0.0004437340161399196,-3.449144506822294e-05,1.050400553661508e-07,-2.532771252106563e-05,0.0001051792068062507,-1.478958630622018e-05,0.0007412682000866344,1.331753475455909e-05,-3.921535110345352e-05,-4.916710661323858e-05,0.0006360887829219701,2.810715063995189e-05,-0.0002583203732542273,7.03300615614369e-05,0.0,0.0,0.0007019478089278147,-1.052185933761386e-05
3,1995262.314968846,0.0,-0.2098694355513312,0.03145459355961333,-0.1643810200179997,-1.048627597585736,0.0,0.0,0.0,0.0,1.0,0.0,0.7019060670023802,-0.00982798333435478,0.0,0.0,-0.0004437731524111329,-3.146038123436751e-05,5.856480694010411e-08,-2.63148097684603e-05,0.0001049347177756656,-1.572729677980667e-05,0.0007413413175829741,1.107537118133859e-05,-3.937668577365363e-05,-4.721816428415367e-05,0.0006364063899378731,2.680269941573883e-05,-0.0002581930558095387,6.759265594108443e-05,0.0,0.0,0.0007019060670023803,-9.82798333435478e-06
3,2073321.57348592,0.0,-0.2093382454160423,0.03336224079718342,-0.1676392469102077,-1.006586085622241,0.0,0.0,0.0,0.0,1.0,0.0,0.7018689249755821,-0.009148423226395804,0.0,0.0,-0.0004437844945206996,-2.847868607758208e-05,8.541156483502083e-09,-2.733967724180908e-05,0.0001046691227080212,-1.668112039859171e-05,0.0007414005648541471,8.849975095242617e-06,-3.952309872208135e-05,-4.53380755634475e-05,0.0006367312328078803,2.553112885607516e-05,-0.0002580945806830758,6.495668978082764e-05,0.0,0.0,0.000701868924975582,-9.148423226395805e-06
3,2154434.690031847,0.0,-0.2087623193964908,0.0353032586054699,-0.1705840539153564,-0.966016223635827,0.0,0.0,0.0,0.0,1.0,0.0,0.7018361592957633,-0.008482239839877732,0.0,0.0,-0.0004437682840025868,-2.554263156307607e-05,-4.528453144536306e-08,-2.840371138714654e-05,0.0001043811596982454,-1.765162930273495e-05,0.0007414463390011869,6.638320763700688e-06,-3.965546423686907e-05,-4.352427199072496e-05,0.0006370649705406225,2.42899853696943e-05,-0.0002580242293488523,6.241889289401031e-05,0.0,0.0,0.0007018361592957633,-8.482239839877733e-06
3,2238721.138568301,0.0,-0.2081389644435954,0.03727866692596227,-0.17323317411243,-0.9268625604299673,0.0,0.0,0.0,0.0,1.0,0.0,0.7018075704224608,-0.007828511963268586,0.0,0.0,-0.0004437246311987629,-2.264859497804611e-05,-1.031819413888388e-07,-2.950835412351211e-05,0.0001040694822217977,-1.863933346298113e-05,0.0007414789677781125,4.437408843523782e-06,-3.977457929704049e-05,-4.177427493030448e-05,0.0006374092774173507,2.30767795851717e-05,-0.0002579814224176556,5.997616383138227e-05,0.0,0.0,0.0007018075704224608,-7.828511963268586e-06
3,2326305.067153586,0.0,-0.207465316229357,0.03928934547729179,-0.1756027268401384,-0.8890716075819304,0.0,0.0,0.0,0.0,1.0,0.0,0.7017829815347737,-0.00718633568437618,0.0,0.0,-0.000443653519927565,-1.979306070355041e-05,-1.654374577545999e-07,-3.065509377702054e-05,0.0001037326581146785,-1.96446727386459e-05,0.0007414987126395152,2.244264715764838e-06,-3.988116856249601e-05,-4.008569417716155e-05,0.0006377658470595207,2.188897674375622e-05,-0.0002579657130274103,5.762557192427048e-05,0.0,0.0,0.0007017829815347737,-7.18633568437618e-06
3,2417315.480804062,0.0,-0.2067383380023774,0.04133601645264862,-0.1777073217196633,-0.85259180831545,0.0,0.0,0.0,0.0,1.0,0.0,0.7017622373377546,-0.006554823722514858,0.0,0.0,-0.0004435548120354064,-1.697262233964908e-05,-2.3235478562915e-07,-3.184546599461575e-05,0.0001033691690011887,-2.066800822632431e-05,0.0007415057716001895,5.593685527552493e-08,-3.997588904806445e-05,-3.845622657240614e-05,0.0006381363958606629,2.072398641761632e-05,-0.0002579767804780954,5.53643596559808e-05,0.0,0.0,0.0007017622373377546,-6.554823722514859e-06
3,2511886.431509537,0.0,-0.2059548205536051,0.04341922576105095,-0.1795601563253525,-0.8173735069399245,0.0,0.0,0.0,0.0,1.0,0.0,0.7017452029582083,-0.005933104760240202,0.0,0.0,-0.0004434282519219963,-1.418398521023378e-05,-3.042555302370398e-07,-3.308105463772122e-05,0.0001029774102768025,-2.170961288052548e-05,0.0007415002819408601,-2.130504753430325e-06,-4.005933451288913e-05,-3.68836546445311e-05,0.0006385226657092374,1.957915154632088e-05,-0.0002580144240238369,5.318994539225269e-05,0.0,0.0,0.0007017452029582083,-5.933104760240202e-06
3,2610157.215682491,0.0,-0.2051113835308841,0.04553932279388684,-0.181173108193191,-0.7833689191587728,0.0,0.0,0.0,0.0,1.0,0.0,0.7017317629213774,-0.005320322778270811,0.0,0.0,-0.0004432734711351232,-1.142396926593486e-05,-3.814797222319499e-07,-3.436349265730456e-05,0.0001025556917654421,-2.276966139694342e-05,0.0007414823227952621,-4.317970145552557e-06,-4.013203959611674e-05,-3.536584529002282e-05,0.0006389264259184366,1.845173679071373e-05,-0.0002580785567304518,5.109992649450154e-05,0.0,0.0,0.0007017317629213774,-5.320322778270812e-06
3,2712272.579331981,0.0,-0.204204478365167,0.04769643872205798,-0.1825568218512215,-0.750532103490877,0.0,0.0,0.0,0.0,1.0,0.0,0.7017218202000706,-0.0047156363964163,0.0,0.0,-0.0004430899931372381,-8.689512394133292e-06,-4.64386274584192e-07,-3.56944629535093e-05,0.0001021022391825835,-2.384821936102899e-05,0.0007414519176550905,-6.509350845631939e-06,-4.019448372960418e-05,-3.390074850429367e-05,0.0006393494742680288,1.733891621183587e-05,-0.000258169199301975,4.909208283065958e-05,0.0,0.0,0.0007017218202000706,-4.715636396416299e-06
3,2818382.931264404,0.0,-0.2032303930952944,0.04989046335849479,-0.1837207915510524,-0.7188189339895728,0.0,0.0,0.0,0.0,1.0,0.0,0.7017152953278759,-0.004118218222510568,0.0,0.0,-0.0004428772383521292,-5.97767413458572e-06,-5.533533554399499e-07,-3.707569922501162e-05,0.0001016151965476472,-2.494523167924739e-05,0.0007414090368305691,-8.7075212762921e-06,-4.02470948581331e-05,-3.24863961712301e-05,0.0006397936370525289,1.623776029341862e-05,-0.0002582864737751536,4.716438068939205e-05,0.0,0.0,0.000701715295327876,-4.118218222510568e-06
3,2928644.564625185,0.0,-0.2021852594012774,0.05212102065648938,-0.184673440374565,-0.6881870743824708,0.0,0.0,0.0,0.0,1.0,0.0,0.7017121255681875,-0.003527254210495714,0.0,0.0,-0.000442634529605827,-3.285639786361483e-06,-6.487786600276704e-07,-3.850898681568135e-05,0.0001010926297006387,-2.606051032824469e-05,0.0007413535999055577,-1.09153401092691e-05,-4.029025299739784e-05,-3.112090091690796e-05,0.0006402607680196597,1.514522233999628e-05,-0.0002584305969764774,4.531497709199528e-05,0.0,0.0,0.0007017121255681875,-3.527254210495714e-06
3,3043219.887107668,0.0,-0.2010650621769912,0.05438744295673059,-0.1854221963840971,-0.6585959536915706,0.0,0.0,0.0,0.0,1.0,0.0,0.7017122641308792,-0.002941943027902144,0.0,0.0,-0.0004423610980810108,-6.107248774339658e-07,-7.510795635454729e-07,-3.999616356900017e-05,0.0001005325310884956,-2.71937214783653e-05,0.0007412854782271055,-1.313565156673557e-05,-4.032429365977165e-05,-2.980245503016675e-05,0.000640752746073548,1.405812429907268e-05,-0.0002586018736323078,4.354222448409856e-05,0.0,0.0,0.0007017122641308792,-2.941943027902144e-06
3,3162277.660168324,0.0,-0.1998656519908636,0.05668874414571878,-0.1859735664766637,-0.6300067433258767,0.0,0.0,0.0,0.0,1.0,0.0,0.7017156794286094,-0.002361495432013456,0.0,0.0,-0.0004420560899085334,2.049620048464457e-06,-8.60693136067466e-07,-4.153912070405162e-05,9.99328259954318e-05,-2.834437207285939e-05,0.0007412044974700543,-1.537128668634404e-05,-4.034951117751241e-05,-2.852932944972105e-05,0.0006412714716089705,1.297314207525954e-05,-0.0002588006890195064,4.184467577508788e-05,0.0,0.0,0.0007017156794286094,-2.361495432013456e-06
3,3285993.247600596,0.0,-0.1985827607960093,0.05902359194570672,-0.1863332085919181,-0.6023823355674193,0.0,0.0,0.0,0.0,1.0,0.0,0.7017223543649402,-0.001785133652981984,0.0,0.0,-0.0004417185735223154,4.697804391388255e-06,-9.780759999584261e-07,-4.313980373076886e-05,9.929138039800464e-05,-2.951179597285336e-05,0.0007411104403175662,-1.762506456945824e-05,-4.036616195258447e-05,-2.729987281429261e-05,0.000641818861336801,1.188679042698698e-05,-0.000259027501041959,4.022108967683541e-05,0.0,0.0,0.0007017223543649403,-1.785133652981984e-06
3,3414548.873833541,0.0,-0.197212021257564,0.06139027962164545,-0.1865060029079924,-0.5756873232957644,0.0,0.0,0.0,0.0,1.0,0.0,0.7017322856467436,-0.001212090781067195,0.0,0.0,-0.000441347547904803,7.336092287070495e-06,-1.103704010206073e-06,-4.480021342651866e-05,9.860601062878202e-05,-3.069513981082273e-05,0.0007410030492981166,-1.989979363873598e-05,-4.037446766157891e-05,-2.611251056884987e-05,0.0006423968414573136,1.079540756236642e-05,-0.0002592828316179026,3.867043627612393e-05,0.0,0.0,0.0007017322856467436,-1.212090781067195e-06
3,3548133.892335691,0.0,-0.1957489900626998,0.06378669746370325,-0.1864961226373437,-0.5498879807156605,0.0,0.0,0.0,0.0,1.0,0.0,0.7017454831137564,-0.0006416101540036259,0.0,0.0,-0.0004409419518482463,9.966597339223365e-06,-1.238071738605919e-06,-4.652240690100153e-05,9.78744950313499e-05,-3.189334873185162e-05,0.0007408820298183827,-2.21982729385662e-05,-4.037461844323182e-05,-2.496574411643894e-05,0.0006430073390380426,9.695139579982898e-06,-0.0002595672572647464,3.71919027546061e-05,0.0,0.0,0.0007017454831137564,-6.416101540036258e-07
3,3686945.06451951,0.0,-0.1941891755656893,0.06621030448425058,-0.1863071050042531,-0.524952244767568,0.0,0.0,0.0,0.0,1.0,0.0,0.7017619690786857,-7.29447392713466e-05,0.0,0.0,-0.0004405006743519093,1.259127742703203e-05,-1.38169174401846e-06,-4.830849878182475e-05,9.709458778284466e-05,-3.310515224212529e-05,0.0007407470534293462,-2.452329351980988e-05,-4.036677609467903e-05,-2.385815000128621e-05,0.0006436522714573261,8.58192493261997e-06,-0.0002598813987723988,3.578489914943597e-05,0.0,0.0,0.0007017619690786858,-7.29447392713466e-08
3,3831186.849557219,0.0,-0.1925280700940152,0.06865810085483043,-0.185941922944548,-0.5008496968121443,0.0,0.0,0.0,0.0,1.0,0.0,0.7017817776719713,0.000494643495247776,0.0,0.0,-0.0004400225662662145,1.521192974936886e-05,-1.53509361312928e-06,-5.016066255888806e-05,9.626403504700757e-05,-3.432905042741522e-05,0.0007405977613595927,-2.687763995875883e-05,-4.035107730075088e-05,-2.278837910488146e-05,0.000644333533784515,7.451479126757293e-06,-0.0002602259098638772,3.444906402430212e-05,0.0,0.0,0.0007017817776719713,4.94643495247776e-07
3,3981071.705534901,0.0,-0.1907611871992968,0.07112660170000301,-0.185403058014128,-0.4775515440884308,0.0,0.0,0.0,0.0,1.0,0.0,0.7018049541862328,0.001061884230072175,0.0,0.0,-0.0004395064532805269,1.783018629641919e-05,-1.698822759454144e-06,-5.208113213180512e-05,9.53805935996484e-05,-3.556330085000151e-05,0.0007404337683449768,-2.926409206907371e-05,-4.032763691819822e-05,-2.175515583265923e-05,0.0006450529839841414,6.299279907529535e-06,-0.0002606014647536653,3.318426989645448e-05,0.0,0.0,0.0007018049541862328,1.061884230072175e-06
3,4136820.402388433,0.0,-0.1888841040761752,0.07361181295885894,-0.1846925749237043,-0.4550306003533244,0.0,0.0,0.0,0.0,1.0,0.0,0.7018315544165898,0.001629499471561351,0.0,0.0,-0.0004389511503317262,2.044750996905986e-05,-1.873438972919676e-06,-5.407220361081445e-05,9.444205203808761e-05,-3.680590647942947e-05,0.0007402546667773199,-3.168542687448558e-05,-4.029655133364973e-05,-2.075727726476753e-05,0.0006458124258551282,5.12055321675679e-06,-0.0002610087445306533,3.199062824120816e-05,0.0,0.0,0.0007018315544165899,1.629499471561351e-06
3,4298662.3470822,0.0,-0.1868925092907689,0.07610921011843563,-0.1838121980305887,-0.4332612650193783,0.0,0.0,0.0,0.0,1.0,0.0,0.7018616439944866,0.002198204268480607,0.0,0.0,-0.0004383554774843191,2.306519159522846e-05,-2.059514718383447e-06,-5.613623742780651e-05,9.344625464538444e-05,-3.805460505921782e-05,0.0007400600311863337,-3.414442091896868e-05,-4.025790191023069e-05,-1.979361224035722e-05,0.0006466135896484401,3.910260249459286e-06,-0.000261448422314077,3.086849387007318e-05,0.0,0.0,0.0007018616439944866,2.198204268480607e-06
3,4466835.921509551,0.0,-0.1847822558557518,0.07861372071245021,-0.1827633900124707,-0.4122195000222676,0.0,0.0,0.0,0.0,1.0,0.0,0.7018952977144078,0.002768707479398917,0.0,0.0,-0.00043771827729964,2.568434812110637e-05,-2.257633189083504e-06,-5.827566081994497e-05,9.239112792787588e-05,-3.930686035622511e-05,0.000739849423058364,-3.664385299956123e-05,-4.021175853303993e-05,-1.886310034098484e-05,0.0006474581103482325,2.663085970384633e-06,-0.0002619211471583966,2.981846845609079e-05,0.0,0.0,0.0007018952977144078,2.768707479398917e-06
3,4641588.833612694,0.0,-0.1825494195598774,0.08111971155892495,-0.1815474328214297,-0.3918828035724386,0.0,0.0,0.0,0.0,1.0,0.0,0.701932598854953,0.003341712603707122,0.0,0.0,-0.0004370384336706418,2.830592227947085e-05,-2.468386130337044e-06,-6.049297075357139e-05,9.127470977993867e-05,-4.055985577946247e-05,0.0007396223959826334,-3.918650741458491e-05,-4.015818325801739e-05,-1.796475073527935e-05,0.0006483475036532755,1.373429484589181e-06,-0.0002624275267167006,2.884140295861606e-05,0.0,0.0,0.000701932598854953,3.341712603707122e-06
3,4823178.482239218,0.0,-0.1801903623050349,0.08362098177589311,-0.1801655108681749,-0.3722301798822759,0.0,0.0,0.0,0.0,1.0,0.0,0.701973638498169,0.00391791868990208,0.0,0.0,-0.0004363148920499792,3.093068405853744e-05,-2.692371459900198e-06,-6.279073736026696e-05,9.009518115251745e-05,-4.181049088794656e-05,0.0007393785011003749,-4.177517782617499e-05,-4.009723406210654e-05,-1.70976408441899e-05,0.0006492831397574954,3.539668275325773e-08,-0.0002629681087123956,2.79383986825886e-05,0.0,0.0,0.000701973638498169,3.91791868990208e-06
3,5011872.336272631,0.0,-0.1777018000239615,0.08611076265904749,-0.178618796216868,-0.3532421039161012,0.0,0.0,0.0,0.0,1.0,0.0,0.7020185148538098,0.004498021335333403,0.0,0.0,-0.0004355466809424901,3.355923430826621e-05,-2.930190724239427e-06,-6.517160795967296e-05,8.885090001198076e-05,-4.305538132952374e-05,0.0007391172928146007,-4.441267184018346e-05,-4.002896868503081e-05,-1.626091478415612e-05,0.0006502662151008201,-1.357204399897045e-06,-0.0002635433613155961,2.711080669560301e-05,0.0,0.0,0.0007020185148538099,4.498021335333403e-06
3,5207948.328595368,0.0,-0.1750808745481735,0.08858172552193583,-0.1769085353812856,-0.3349004801914769,0.0,0.0,0.0,0.0,1.0,0.0,0.7020673325982894,0.005082713791759805,0.0,0.0,-0.0004347329344691654,3.619201082665988e-05,-3.182446444439495e-06,-6.763831174446023e-05,8.754043727408675e-05,-4.429086276096792e-05,0.000738838334698376,-4.710181640800785e-05,-3.995344854452613e-05,-1.545378154469258e-05,0.0006512977223434149,-2.810865065314525e-06,-0.0002641536525730907,2.63602253214746e-05,0.0,0.0,0.0007020673325982894,5.082713791759806e-06
3,5411695.265464537,0.0,-0.1723252285719321,0.09102599858079524,-0.1750361371064474,-0.3171885946730436,0.0,0.0,0.0,0.0,1.0,0.0,0.7021202022414565,0.005672688190709806,0.0,0.0,-0.0004338729157395416,3.882929726268733e-05,-3.449739421357444e-06,-7.019366520118879e-05,8.616261428596603e-05,-4.551299929039762e-05,0.0007385412055177316,-4.984546415303564e-05,-3.987074269763199e-05,-1.467551285744333e-05,0.0006523784189065371,-4.332373836639461e-06,-0.0002647992290984013,2.568849543330143e-05,0.0,0.0,0.0007021202022414565,5.672688190709806e-06
3,5623413.251903387,0.0,-0.1694330826194501,0.09343519390501143,-0.1730032603008305,-0.3000910588507845,0.0,0.0,0.0,0.0,1.0,0.0,0.7021772395379005,0.006268636901688396,0.0,0.0,-0.0004329660406947686,4.147123515353332e-05,-3.732666086566245e-06,-7.284057833620767e-05,8.471654130972506e-05,-4.671759695250572e-05,0.0007382255052621855,-5.264650071849781e-05,-3.97809318108514e-05,-1.392544071602149e-05,0.000653508794519378,-5.928810330798229e-06,-0.0002654801942900201,2.509769328441942e-05,0.0,0.0,0.0007021772395379005,6.268636901688396e-06
3,5843414.133735067,0.0,-0.1664033126766428,0.09580044534368848,-0.170811901059498,-0.2835937451891333,0.0,0.0,0.0,0.0,1.0,0.0,0.7022385649631674,0.006871254034622338,0.0,0.0,-0.0004320119020064022,4.411783937966797e-05,-4.031816003107326e-06,-7.55820617677447e-05,8.320165633832138e-05,-4.790022267184424e-05,0.0007378908610519995,-5.550785322295164e-05,-3.968411209193934e-05,-1.320295451017071e-05,0.0006546890383103655,-7.607534750662062e-06,-0.0002661964864089181,2.459012064365967e-05,0.0,0.0,0.0007022385649631674,6.871254034622338e-06
3,6072021.956909773,0.0,-0.1632355269053296,0.09811245817326886,-0.168464477496484,-0.267683713276615,0.0,0.0,0.0,0.0,1.0,0.0,0.7023043032789278,0.007481237095514792,0.0,0.0,-0.0004310102925399262,4.676901726963223e-05,-4.347769637427041e-06,-7.842123473353453e-05,8.16177634526648e-05,-4.905622908663443e-05,0.0007375369327676554,-5.843249989383206e-05,-3.958039912615508e-05,-1.250749774418772e-05,0.000655919006079464,-9.376172694739392e-06,-0.0002669478569091218,2.416829204332331e-05,0.0,0.0,0.0007023043032789279,7.481237095514793e-06
3,6309573.444801815,0.0,-0.1599301396289461,0.1003615709866721,-0.1659639108961121,-0.2523491262011062,0.0,0.0,0.0,0.0,1.0,0.0,0.7023745832145816,0.008099288801029142,0.0,0.0,-0.0004299612278201564,4.942459151663012e-05,-4.681096540296493e-06,-8.136133404746313e-05,7.996506981447303e-05,-5.018078549333608e-05,0.0007371634182247712,-6.142348092815507e-05,-3.946993155048608e-05,-1.183856431827888e-05,0.0006571981884801588,-1.124259507324795e-05,-0.0002677338494738142,2.383491900539124e-05,0.0,0.0,0.0007023745832145816,8.099288801029142e-06
3,6556418.494179667,0.0,-0.1564884405784391,0.1025378300597618,-0.1633137015097894,-0.2375791569243604,0.0,0.0,0.0,0.0,1.0,0.0,0.7024495372958856,0.00872611905362398,0.0,0.0,-0.0004288649668728215,5.208432698077144e-05,-5.03235408906685e-06,-8.440572401866104e-05,7.824422028921954e-05,-5.12689150298809e-05,0.0007367700576979861,-6.448391060240138e-05,-3.935287449116704e-05,-1.119569436263565e-05,0.0006585256809203257,-1.321489303469043e-05,-0.0002685537802608754,2.359289118426464e-05,0.0,0.0,0.0007024495372958856,8.72611905362398e-06
3,6812920.690579485,0.0,-0.1529126572304813,0.1046310760880906,-0.1605179971806708,-0.2233638847294154,0.0,0.0,0.0,0.0,1.0,0.0,0.7025293018536751,0.009362447073937777,0.0,0.0,-0.0004277220307673949,5.474796134389594e-05,-5.40208695525556e-06,-8.755790732239205e-05,7.645632861524064e-05,-5.231553804404529e-05,0.0007363566375817991,-6.761699062102912e-05,-3.922942268337936e-05,-1.057846962742514e-05,0.0006599001560539014,-1.530134794590775e-05,-0.0002694067199018957,2.34452544514447e-05,0.0,0.0,0.0007025293018536751,9.362447073937778e-06
3,7079457.843841247,0.0,-0.1492060079734036,0.1066310427917687,-0.157581652887427,-0.2096941821605807,0.0,0.0,0.0,0.0,1.0,0.0,0.7026140172474606,0.01000900368145197,0.0,0.0,-0.0004265332181553833,5.741523946127536e-05,-5.790827469113303e-06,-9.082153678433052e-05,7.46030039867018e-05,-5.331552139588433e-05,0.0007359229929662963,-7.082602465551346e-05,-3.909980318794944e-05,-9.986508447365118e-06,0.0006613198397735868,-1.751039662858627e-05,-0.0002702914778234958,2.339518604859391e-05,0.0,0.0,0.0007026140172474607,1.000900368145197e-05
3,7356422.544596274,0.0,-0.1453727438149381,0.1085274664492815,-0.1545102792738535,-0.1965615932588345,0.0,0.0,0.0,0.0,1.0,0.0,0.7027038283393621,0.01066653370817761,0.0,0.0,-0.000425299617091048,6.008595111844581e-05,-6.199097055430823e-06,-9.420042800909427e-05,7.268637190746903e-05,-5.426373322464077e-05,0.0007354690089027136,-7.411443398423431e-05,-3.896427761878252e-05,-9.419460316682365e-06,0.0006627824916225012,-1.985059223212717e-05,-0.0002712065894652461,2.344596704678594e-05,0.0,0.0,0.0007027038283393621,1.066653370817761e-05
3,7644222.742525859,0.0,-0.1414181764139151,0.1103102049571097,-0.1513102782854437,-0.1839582043024264,0.0,0.0,0.0,0.0,1.0,0.0,0.7027988852533402,0.01133579852341339,0.0,0.0,-0.0004240226124417688,6.275997175708183e-05,-6.627408911464521e-06,-9.769857275118467e-05,7.070908820695756e-05,-5.515510247855487e-05,0.0007349946201390936,-7.748577409932398e-05,-3.882314379721745e-05,-8.87700012844726e-06,0.0006642853905139595,-2.233056131056415e-05,-0.0002721503069509348,2.360095246808133e-05,0.0,0.0,0.0007027988852533403,1.133579852341339e-05
3,7943282.347242665,0.0,-0.1373486903864423,0.1119693645404382,-0.1479888641769231,-0.1718765086763091,0.0,0.0,0.0,0.0,1.0,0.0,0.7028993444528175,0.01201757864076557,0.0,0.0,-0.0004227038882468588,6.54373055871179e-05,-7.076272087745322e-06,-0.0001013201528930739,6.867434519322116e-05,-5.598468227021911e-05,0.0007344998091209694,-8.094375210153226e-05,-3.86767367558973e-05,-8.358822150776122e-06,0.0006658253265790582,-2.495895786194869e-05,-0.0002731205937268159,2.386353954585314e-05,0.0,0.0,0.0007028993444528176,1.201757864076557e-05
3,8254041.852680027,0.0,-0.1331717381122811,0.1134954317842924,-0.1445540683917568,-0.1603092678942509,0.0,0.0,0.0,0.0,1.0,0.0,0.7030053701664902,0.01271267637191207,0.0,0.0,-0.0004213454244680606,6.811813036015739e-05,-7.546197115241832e-06,-0.000105069554862615,6.658586905614054e-05,-5.674771589214622e-05,0.0007339846020766233,-8.449224466042278e-05,-3.852542902537486e-05,-7.864633830280134e-06,0.0006673985998487447,-2.774441527284487e-05,-0.0002741151236097771,2.423713471644273e-05,0.0,0.0,0.0007030053701664903,1.271267637191207e-05
3,8576958.985908778,0.0,-0.1288958156499057,0.1148794082400808,-0.1410147271464733,-0.1492493711613387,0.0,0.0,0.0,0.0,1.0,0.0,0.7031171361873894,0.01342191848537726,0.0,0.0,-0.000419949487693071,7.080284295001363e-05,-8.037703297817392e-06,-0.0001089513842919621,6.444790782495285e-05,-5.74397041200404e-05,0.0007334490630411113,-8.813531627718861e-05,-3.83696301515392e-05,-7.394149529396179e-06,0.000669001026320343,-3.069549727774011e-05,-0.0002751312845903128,2.472512004013643e-05,0.0,0.0,0.0007031171361873893,1.342191848537726e-05
3,8912509.381337285,0.0,-0.1245304188530252,0.1161129445169297,-0.1373804509739339,-0.1386896961681326,0.0,0.0,0.0,0.0,1.0,0.0,0.7032348280641226,0.01414615882322091,0.0,0.0,-0.0004185186155027274,7.34921047782838e-05,-8.551327757546847e-06,-0.0001129704806945938,6.226520942651259e-05,-5.805647225846485e-05,0.0007328932857173963,-9.187723755358415e-05,-3.820978541082075e-05,-6.947084317788796e-06,0.0006706279517604652,-3.382064918217473e-05,-0.000276166187610942,2.533081983734694e-05,0.0,0.0,0.0007032348280641227,1.41461588232209e-05
3,9261187.281287758,0.0,-0.1200859793537423,0.1171884705169091,-0.133661575978628,-0.1286229740277005,0.0,0.0,0.0,0.0,1.0,0.0,0.7033586456959261,0.01488628082438462,0.0,0.0,-0.0004170555943893688,7.618688604417185e-05,-9.087636283137382e-06,-0.0001171319319175834,6.004298967687115e-05,-5.859423525845454e-05,0.0007323173831252687,-9.572250314537666e-05,-3.804637371247973e-05,-6.52314794782205e-06,0.0006722742733624181,-3.712815069845153e-05,-0.000277216680394014,2.60574683890874e-05,0.0,0.0,0.0007033586456959262,1.488628082438462e-05
3,9623506.263980702,0.0,-0.11557378071716,0.1180993183419026,-0.1298690971153304,-0.1190416613823386,0.0,0.0,0.0,0.0,1.0,0.0,0.7034888063349252,0.01564319990079328,0.0,0.0,-0.0004155634313114109,7.888850767594387e-05,-9.647235989817647e-06,-0.0001214410881145315,5.778689035858001e-05,-5.904965917095129e-05,0.0007317214750473918,-9.967584906450493e-05,-3.787990470228434e-05,-6.122039149233267e-06,0.0006739344691150312,-4.062607179423535e-05,-0.0002782793662288062,2.690817958358842e-05,0.0,0.0,0.0007034888063349252,1.564319990079328e-05
3,10000000.0,0.0,-0.1110058557515185,0.1188398344060823,-0.1260145843957858,-0.1099378227016396,0.0,0.0,0.0,0.0,1.0,0.0,0.7036255479902223,0.01641786561141922,0.0,0.0,-0.0004140453191792265,8.159867992220318e-05,-1.023078975446479e-05,-0.0001259035749818008,5.550292787575923e-05,-5.941991720304115e-05,0.0007311056733442122,-0.0001037422689925153,-3.771091510845491e-05,-5.743440377866307e-06,0.0006756026344625975,-4.432223294963973e-05,-0.0002793506274537637,2.788591938843437e-05,0.0,0.0,0.0007036255479902223,1.641786561141923e-05
